,bpr_unbiased_uncalibrated_large,round,bpr_unbiased_calibrated_linear_time_large,bpr_unbiased_calibrated_constant_large
0,0.5082843780517579,0,0.5374122470617294,0.5247989892959595
1,0.5082843780517579,1,0.5374122470617294,0.5247989892959595
2,0.5082843780517579,2,0.5374122470617294,0.5247989892959595
3,0.5082843780517579,3,0.5374122470617294,0.5247989892959595
4,0.5082843780517579,4,0.5374122470617294,0.5247989892959595
5,0.5082843780517579,5,0.5374122470617294,0.5247989892959595
6,0.5082843780517579,6,0.5374122470617294,0.5247989892959595
7,0.5082843780517579,7,0.5374122470617294,0.5247989892959595
8,0.5082843780517579,8,0.5374122470617294,0.5247989892959595
9,0.5082843780517579,9,0.5374122470617294,0.5247989892959595
10,0.5082843780517579,10,0.5374122470617294,0.5247989892959595
11,0.5082843780517579,11,0.5374122470617294,0.5247989892959595
12,0.5082843780517579,12,0.5374122470617294,0.5247989892959595
13,0.5082843780517579,13,0.5374122470617294,0.5247989892959595
14,0.5082843780517579,14,0.5374122470617294,0.5247989892959595
15,0.5082843780517579,15,0.5374122470617294,0.5247989892959595
16,0.5082843780517579,16,0.5374122470617294,0.5247989892959595
17,0.5082843780517579,17,0.5374122470617294,0.5247989892959595
18,0.5082843780517579,18,0.5374122470617294,0.5247989892959595
19,0.5082843780517579,19,0.5374122470617294,0.5247989892959595
20,0.5082843780517579,20,0.5374122470617294,0.5247989892959595
21,0.5082843780517579,21,0.5374122470617294,0.5247989892959595
22,0.5082843780517579,22,0.5374122470617294,0.5247989892959595
23,0.5082843780517579,23,0.5374122470617294,0.5247989892959595
24,0.5082843780517579,24,0.5374122470617294,0.5247989892959595
25,0.5082843780517579,25,0.5374122470617294,0.5247989892959595
26,0.5082843780517579,26,0.5374122470617294,0.5247989892959595
27,0.5082843780517579,27,0.5374122470617294,0.5247989892959595
28,0.5082843780517579,28,0.5374122470617294,0.5247989892959595
29,0.5082843780517579,29,0.5374122470617294,0.5247989892959595
30,0.5082843780517579,30,0.5374122470617294,0.5247989892959595
31,0.5082843780517579,31,0.5374122470617294,0.5247989892959595
32,0.5082843780517579,32,0.5374122470617294,0.5247989892959595
33,0.5082843780517579,33,0.5374122470617294,0.5247989892959595
34,0.5082843780517579,34,0.5374122470617294,0.5247989892959595
35,0.5082843780517579,35,0.5374122470617294,0.5247989892959595
36,0.5082843780517579,36,0.5374122470617294,0.5247989892959595
37,0.5082843780517579,37,0.5374122470617294,0.5247989892959595
38,0.5082843780517579,38,0.5374122470617294,0.5247989892959595
39,0.5082843780517579,39,0.5374122470617294,0.5247989892959595
40,0.5082843780517579,40,0.5374122470617294,0.5247989892959595
41,0.5082843780517579,41,0.5374122470617294,0.5247989892959595
42,0.5082843780517579,42,0.5374122470617294,0.5247989892959595
43,0.5082843780517579,43,0.5374122470617294,0.5247989892959595
44,0.5082843780517579,44,0.5374122470617294,0.5247989892959595
45,0.5082843780517579,45,0.5374122470617294,0.5247989892959595
46,0.5082843780517579,46,0.5374122470617294,0.5247989892959595
47,0.5082843780517579,47,0.5374122470617294,0.5247989892959595
48,0.5082843780517579,48,0.5374122470617294,0.5247989892959595
49,0.5082843780517579,49,0.5374122470617294,0.5247989892959595
50,0.5082843780517579,50,0.5374122470617294,0.5247989892959595
51,0.5082843780517579,51,0.5374122470617294,0.5247989892959595
52,0.5082843780517579,52,0.5374122470617294,0.5247989892959595
53,0.5082843780517579,53,0.5374122470617294,0.5247989892959595
54,0.5082843780517579,54,0.5374122470617294,0.5247989892959595
55,0.5082843780517579,55,0.5374122470617294,0.5247989892959595
56,0.5082843780517579,56,0.5374122470617294,0.5247989892959595
57,0.5082843780517579,57,0.5374122470617294,0.5247989892959595
58,0.5082843780517579,58,0.5374122470617294,0.5247989892959595
59,0.5082843780517579,59,0.5374122470617294,0.5247989892959595
60,0.5082843780517579,60,0.5374122470617294,0.5247989892959595
61,0.5082843780517579,61,0.5374122470617294,0.5247989892959595
62,0.5082843780517579,62,0.5374122470617294,0.5247989892959595
63,0.5082843780517579,63,0.5374122470617294,0.5247989892959595
64,0.5082843780517579,64,0.5374122470617294,0.5247989892959595
65,0.5082843780517579,65,0.5374122470617294,0.5247989892959595
66,0.5082843780517579,66,0.5374122470617294,0.5247989892959595
67,0.5082843780517579,67,0.5374122470617294,0.5247989892959595
68,0.5082843780517579,68,0.5374122470617294,0.5247989892959595
69,0.5082843780517579,69,0.5374122470617294,0.5247989892959595
70,0.5082843780517579,70,0.5374122470617294,0.5247989892959595
71,0.5082843780517579,71,0.5374122470617294,0.5247989892959595
72,0.5082843780517579,72,0.5374122470617294,0.5247989892959595
73,0.5082843780517579,73,0.5374122470617294,0.5247989892959595
74,0.5082843780517579,74,0.5374122470617294,0.5247989892959595
75,0.5082843780517579,75,0.5374122470617294,0.5247989892959595
76,0.5082843780517579,76,0.5374122470617294,0.5247989892959595
77,0.5082843780517579,77,0.5374122470617294,0.5247989892959595
78,0.5082843780517579,78,0.5374122470617294,0.5247989892959595
79,0.5082843780517579,79,0.5374122470617294,0.5247989892959595
80,0.5082843780517579,80,0.5374122470617294,0.5247989892959595
81,0.5082843780517579,81,0.5374122470617294,0.5247989892959595
82,0.5082843780517579,82,0.5374122470617294,0.5247989892959595
83,0.5082843780517579,83,0.5374122470617294,0.5247989892959595
84,0.5082843780517579,84,0.5374122470617294,0.5247989892959595
85,0.5082843780517579,85,0.5374122470617294,0.5247989892959595
86,0.5082843780517579,86,0.5374122470617294,0.5247989892959595
87,0.5082843780517579,87,0.5374122470617294,0.5247989892959595
88,0.5082843780517579,88,0.5374122470617294,0.5247989892959595
89,0.5082843780517579,89,0.5374122470617294,0.5247989892959595
90,0.5082843780517579,90,0.5374122470617294,0.5247989892959595
91,0.5082843780517579,91,0.5374122470617294,0.5247989892959595
92,0.5082843780517579,92,0.5374122470617294,0.5247989892959595
93,0.5082843780517579,93,0.5374122470617294,0.5247989892959595
94,0.5082843780517579,94,0.5374122470617294,0.5247989892959595
95,0.5082843780517579,95,0.5374122470617294,0.5247989892959595
96,0.5082843780517579,96,0.5374122470617294,0.5247989892959595
97,0.5082843780517579,97,0.5374122470617294,0.5247989892959595
98,0.5082843780517579,98,0.5374122470617294,0.5247989892959595
99,0.5082843780517579,99,0.5374122470617294,0.5247989892959595
100,0.5082843780517579,100,0.5374122470617294,0.5247989892959595
101,0.5082843780517579,101,0.5374122470617294,0.5247989892959595
102,0.5082843780517579,102,0.5374122470617294,0.5247989892959595
103,0.5082843780517579,103,0.5374122470617294,0.5247989892959595
104,0.5082843780517579,104,0.5374122470617294,0.5247989892959595
105,0.5082843780517579,105,0.5374122470617294,0.5247989892959595
106,0.5082843780517579,106,0.5374122470617294,0.5247989892959595
107,0.5082843780517579,107,0.5374122470617294,0.5247989892959595
108,0.5082843780517579,108,0.5374122470617294,0.5247989892959595
109,0.5082843780517579,109,0.5374122470617294,0.5247989892959595
110,0.5082843780517579,110,0.5374122470617294,0.5247989892959595
111,0.5082843780517579,111,0.5374122470617294,0.5247989892959595
112,0.5082843780517579,112,0.5374122470617294,0.5247989892959595
113,0.5082843780517579,113,0.5374122470617294,0.5247989892959595
114,0.5082843780517579,114,0.5374122470617294,0.5247989892959595
115,0.5082843780517579,115,0.5374122470617294,0.5247989892959595
116,0.5082843780517579,116,0.5374122470617294,0.5247989892959595
117,0.5082843780517579,117,0.5374122470617294,0.5247989892959595
118,0.5082843780517579,118,0.5374122470617294,0.5247989892959595
119,0.5082843780517579,119,0.5374122470617294,0.5247989892959595
120,0.5082843780517579,120,0.5374122470617294,0.5247989892959595
121,0.5082843780517579,121,0.5374122470617294,0.5247989892959595
122,0.5082843780517579,122,0.5374122470617294,0.5247989892959595
123,0.5082843780517579,123,0.5374122470617294,0.5247989892959595
124,0.5082843780517579,124,0.5374122470617294,0.5247989892959595
125,0.5082843780517579,125,0.5374122470617294,0.5247989892959595
126,0.5082843780517579,126,0.5374122470617294,0.5247989892959595
127,0.5082843780517579,127,0.5374122470617294,0.5247989892959595
128,0.5082843780517579,128,0.5374122470617294,0.5247989892959595
129,0.5082843780517579,129,0.5374122470617294,0.5247989892959595
130,0.5082843780517579,130,0.5374122470617294,0.5247989892959595
131,0.5082843780517579,131,0.5374122470617294,0.5247989892959595
132,0.5082843780517579,132,0.5374122470617294,0.5247989892959595
133,0.5082843780517579,133,0.5374122470617294,0.5247989892959595
134,0.5082843780517579,134,0.5374122470617294,0.5247989892959595
135,0.5082843780517579,135,0.5374122470617294,0.5247989892959595
136,0.5082843780517579,136,0.5374122470617294,0.5247989892959595
137,0.5082843780517579,137,0.5374122470617294,0.5247989892959595
138,0.5082843780517579,138,0.5374122470617294,0.5247989892959595
139,0.5082843780517579,139,0.5374122470617294,0.5247989892959595
140,0.5082843780517579,140,0.5374122470617294,0.5247989892959595
141,0.5082843780517579,141,0.5374122470617294,0.5247989892959595
142,0.5082843780517579,142,0.5374122470617294,0.5247989892959595
143,0.5082843780517579,143,0.5374122470617294,0.5247989892959595
144,0.5082843780517579,144,0.5374122470617294,0.5247989892959595
145,0.5082843780517579,145,0.5374122470617294,0.5247989892959595
146,0.5082843780517579,146,0.5374122470617294,0.5247989892959595
147,0.5082843780517579,147,0.5374122470617294,0.5247989892959595
148,0.5082843780517579,148,0.5374122470617294,0.5247989892959595
149,0.5082843780517579,149,0.5374122470617294,0.5247989892959595
150,0.5082843780517579,150,0.5374122470617294,0.5247989892959595
151,0.5082843780517579,151,0.5374122470617294,0.5247989892959595
152,0.5082843780517579,152,0.5374122470617294,0.5247989892959595
153,0.5082843780517579,153,0.5374122470617294,0.5247989892959595
154,0.5082843780517579,154,0.5374122470617294,0.5247989892959595
155,0.5082843780517579,155,0.5374122470617294,0.5247989892959595
156,0.5082843780517579,156,0.5374122470617294,0.5247989892959595
157,0.5082843780517579,157,0.5374122470617294,0.5247989892959595
158,0.5082843780517579,158,0.5374122470617294,0.5247989892959595
159,0.5082843780517579,159,0.5374122470617294,0.5247989892959595
160,0.5082843780517579,160,0.5374122470617294,0.5247989892959595
161,0.5082843780517579,161,0.5374122470617294,0.5247989892959595
162,0.5082843780517579,162,0.5374122470617294,0.5247989892959595
163,0.5082843780517579,163,0.5374122470617294,0.5247989892959595
164,0.5082843780517579,164,0.5374122470617294,0.5247989892959595
165,0.5082843780517579,165,0.5374122470617294,0.5247989892959595
166,0.5082843780517579,166,0.5374122470617294,0.5247989892959595
167,0.5082843780517579,167,0.5374122470617294,0.5247989892959595
168,0.5082843780517579,168,0.5374122470617294,0.5247989892959595
169,0.5082843780517579,169,0.5374122470617294,0.5247989892959595
170,0.5082843780517579,170,0.5374122470617294,0.5247989892959595
171,0.5082843780517579,171,0.5374122470617294,0.5247989892959595
172,0.5082843780517579,172,0.5374122470617294,0.5247989892959595
173,0.5082843780517579,173,0.5374122470617294,0.5247989892959595
174,0.5082843780517579,174,0.5374122470617294,0.5247989892959595
175,0.5082843780517579,175,0.5374122470617294,0.5247989892959595
176,0.5082843780517579,176,0.5374122470617294,0.5247989892959595
177,0.5082843780517579,177,0.5374122470617294,0.5247989892959595
178,0.5082843780517579,178,0.5374122470617294,0.5247989892959595
179,0.5082843780517579,179,0.5374122470617294,0.5247989892959595
180,0.5082843780517579,180,0.5374122470617294,0.5247989892959595
181,0.5082843780517579,181,0.5374122470617294,0.5247989892959595
182,0.5082843780517579,182,0.5374122470617294,0.5247989892959595
183,0.5082843780517579,183,0.5374122470617294,0.5247989892959595
184,0.5082843780517579,184,0.5374122470617294,0.5247989892959595
185,0.5082843780517579,185,0.5374122470617294,0.5247989892959595
186,0.5082843780517579,186,0.5374122470617294,0.5247989892959595
187,0.5082843780517579,187,0.5374122470617294,0.5247989892959595
188,0.5082843780517579,188,0.5374122470617294,0.5247989892959595
189,0.5082843780517579,189,0.5374122470617294,0.5247989892959595
190,0.5082843780517579,190,0.5374122470617294,0.5247989892959595
191,0.5082843780517579,191,0.5374122470617294,0.5247989892959595
192,0.5082843780517579,192,0.5374122470617294,0.5247989892959595
193,0.5082843780517579,193,0.5374122470617294,0.5247989892959595
194,0.5082843780517579,194,0.5374122470617294,0.5247989892959595
195,0.5082843780517579,195,0.5374122470617294,0.5247989892959595
196,0.5082843780517579,196,0.5374122470617294,0.5247989892959595
197,0.5082843780517579,197,0.5374122470617294,0.5247989892959595
198,0.5082843780517579,198,0.5374122470617294,0.5247989892959595
199,0.5082843780517579,199,0.5374122470617294,0.5247989892959595
200,0.5082843780517579,200,0.5374122470617294,0.5247989892959595
201,0.5082843780517579,201,0.5374122470617294,0.5247989892959595
202,0.5082843780517579,202,0.5374122470617294,0.5247989892959595
203,0.5082843780517579,203,0.5374122470617294,0.5247989892959595
204,0.5082843780517579,204,0.5374122470617294,0.5247989892959595
205,0.5082843780517579,205,0.5374122470617294,0.5247989892959595
206,0.5082843780517579,206,0.5374122470617294,0.5247989892959595
207,0.5082843780517579,207,0.5374122470617294,0.5247989892959595
208,0.5082843780517579,208,0.5374122470617294,0.5247989892959595
209,0.5082843780517579,209,0.5374122470617294,0.5247989892959595
210,0.5082843780517579,210,0.5374122470617294,0.5247989892959595
211,0.5082843780517579,211,0.5374122470617294,0.5247989892959595
212,0.5082843780517579,212,0.5374122470617294,0.5247989892959595
213,0.5082843780517579,213,0.5374122470617294,0.5247989892959595
214,0.5082843780517579,214,0.5374122470617294,0.5247989892959595
215,0.5082843780517579,215,0.5374122470617294,0.5247989892959595
216,0.5082843780517579,216,0.5374122470617294,0.5247989892959595
217,0.5082843780517579,217,0.5374122470617294,0.5247989892959595
218,0.5082843780517579,218,0.5374122470617294,0.5247989892959595
219,0.5082843780517579,219,0.5374122470617294,0.5247989892959595
220,0.5082843780517579,220,0.5374122470617294,0.5247989892959595
221,0.5082843780517579,221,0.5374122470617294,0.5247989892959595
222,0.5082843780517579,222,0.5374122470617294,0.5247989892959595
223,0.5082843780517579,223,0.5374122470617294,0.5247989892959595
224,0.5082843780517579,224,0.5374122470617294,0.5247989892959595
225,0.5082843780517579,225,0.5374122470617294,0.5247989892959595
226,0.5082843780517579,226,0.5374122470617294,0.5247989892959595
227,0.5082843780517579,227,0.5374122470617294,0.5247989892959595
228,0.5082843780517579,228,0.5374122470617294,0.5247989892959595
229,0.5082843780517579,229,0.5374122470617294,0.5247989892959595
230,0.5082843780517579,230,0.5374122470617294,0.5247989892959595
231,0.5082843780517579,231,0.5374122470617294,0.5247989892959595
232,0.5082843780517579,232,0.5374122470617294,0.5247989892959595
233,0.5082843780517579,233,0.5374122470617294,0.5247989892959595
234,0.5082843780517579,234,0.5374122470617294,0.5247989892959595
235,0.5082843780517579,235,0.5374122470617294,0.5247989892959595
236,0.5082843780517579,236,0.5374122470617294,0.5247989892959595
237,0.5082843780517579,237,0.5374122470617294,0.5247989892959595
238,0.5082843780517579,238,0.5374122470617294,0.5247989892959595
239,0.5082843780517579,239,0.5374122470617294,0.5247989892959595
240,0.5082843780517579,240,0.5374122470617294,0.5247989892959595
241,0.5082843780517579,241,0.5374122470617294,0.5247989892959595
242,0.5082843780517579,242,0.5374122470617294,0.5247989892959595
243,0.5082843780517579,243,0.5374122470617294,0.5247989892959595
244,0.5082843780517579,244,0.5374122470617294,0.5247989892959595
245,0.5082843780517579,245,0.5374122470617294,0.5247989892959595
246,0.5082843780517579,246,0.5374122470617294,0.5247989892959595
247,0.5082843780517579,247,0.5374122470617294,0.5247989892959595
248,0.5082843780517579,248,0.5374122470617294,0.5247989892959595
249,0.5082843780517579,249,0.5374122470617294,0.5247989892959595
250,0.4904937773942947,250,0.551323127746582,0.5010548382997513
251,0.4904937773942947,251,0.551323127746582,0.5010548382997513
252,0.4904937773942947,252,0.551323127746582,0.5010548382997513
253,0.4904937773942947,253,0.551323127746582,0.5010548382997513
254,0.4904937773942947,254,0.551323127746582,0.5010548382997513
255,0.4904937773942947,255,0.551323127746582,0.5010548382997513
256,0.4904937773942947,256,0.551323127746582,0.5010548382997513
257,0.4904937773942947,257,0.551323127746582,0.5010548382997513
258,0.4904937773942947,258,0.551323127746582,0.5010548382997513
259,0.4904937773942947,259,0.551323127746582,0.5010548382997513
260,0.4904937773942947,260,0.551323127746582,0.5010548382997513
261,0.4904937773942947,261,0.551323127746582,0.5010548382997513
262,0.4904937773942947,262,0.551323127746582,0.5010548382997513
263,0.4904937773942947,263,0.551323127746582,0.5010548382997513
264,0.4904937773942947,264,0.551323127746582,0.5010548382997513
265,0.4904937773942947,265,0.551323127746582,0.5010548382997513
266,0.4904937773942947,266,0.551323127746582,0.5010548382997513
267,0.4904937773942947,267,0.551323127746582,0.5010548382997513
268,0.4904937773942947,268,0.551323127746582,0.5010548382997513
269,0.4904937773942947,269,0.551323127746582,0.5010548382997513
270,0.4904937773942947,270,0.551323127746582,0.5010548382997513
271,0.4904937773942947,271,0.551323127746582,0.5010548382997513
272,0.4904937773942947,272,0.551323127746582,0.5010548382997513
273,0.4904937773942947,273,0.551323127746582,0.5010548382997513
274,0.4904937773942947,274,0.551323127746582,0.5010548382997513
275,0.4904937773942947,275,0.551323127746582,0.5010548382997513
276,0.4904937773942947,276,0.551323127746582,0.5010548382997513
277,0.4904937773942947,277,0.551323127746582,0.5010548382997513
278,0.4904937773942947,278,0.551323127746582,0.5010548382997513
279,0.4904937773942947,279,0.551323127746582,0.5010548382997513
280,0.4904937773942947,280,0.551323127746582,0.5010548382997513
281,0.4904937773942947,281,0.551323127746582,0.5010548382997513
282,0.4904937773942947,282,0.551323127746582,0.5010548382997513
283,0.4904937773942947,283,0.551323127746582,0.5010548382997513
284,0.4904937773942947,284,0.551323127746582,0.5010548382997513
285,0.4904937773942947,285,0.551323127746582,0.5010548382997513
286,0.4904937773942947,286,0.551323127746582,0.5010548382997513
287,0.4904937773942947,287,0.551323127746582,0.5010548382997513
288,0.4904937773942947,288,0.551323127746582,0.5010548382997513
289,0.4904937773942947,289,0.551323127746582,0.5010548382997513
290,0.4904937773942947,290,0.551323127746582,0.5010548382997513
291,0.4904937773942947,291,0.551323127746582,0.5010548382997513
292,0.4904937773942947,292,0.551323127746582,0.5010548382997513
293,0.4904937773942947,293,0.551323127746582,0.5010548382997513
294,0.4904937773942947,294,0.551323127746582,0.5010548382997513
295,0.4904937773942947,295,0.551323127746582,0.5010548382997513
296,0.4904937773942947,296,0.551323127746582,0.5010548382997513
297,0.4904937773942947,297,0.551323127746582,0.5010548382997513
298,0.4904937773942947,298,0.551323127746582,0.5010548382997513
299,0.4904937773942947,299,0.551323127746582,0.5010548382997513
300,0.4904937773942947,300,0.551323127746582,0.5010548382997513
301,0.4904937773942947,301,0.551323127746582,0.5010548382997513
302,0.4904937773942947,302,0.551323127746582,0.5010548382997513
303,0.4904937773942947,303,0.551323127746582,0.5010548382997513
304,0.4904937773942947,304,0.551323127746582,0.5010548382997513
305,0.4904937773942947,305,0.551323127746582,0.5010548382997513
306,0.4904937773942947,306,0.551323127746582,0.5010548382997513
307,0.4904937773942947,307,0.551323127746582,0.5010548382997513
308,0.4904937773942947,308,0.551323127746582,0.5010548382997513
309,0.4904937773942947,309,0.551323127746582,0.5010548382997513
310,0.4904937773942947,310,0.551323127746582,0.5010548382997513
311,0.4904937773942947,311,0.551323127746582,0.5010548382997513
312,0.4904937773942947,312,0.551323127746582,0.5010548382997513
313,0.4904937773942947,313,0.551323127746582,0.5010548382997513
314,0.4904937773942947,314,0.551323127746582,0.5010548382997513
315,0.4904937773942947,315,0.551323127746582,0.5010548382997513
316,0.4904937773942947,316,0.551323127746582,0.5010548382997513
317,0.4904937773942947,317,0.551323127746582,0.5010548382997513
318,0.4904937773942947,318,0.551323127746582,0.5010548382997513
319,0.4904937773942947,319,0.551323127746582,0.5010548382997513
320,0.4904937773942947,320,0.551323127746582,0.5010548382997513
321,0.4904937773942947,321,0.551323127746582,0.5010548382997513
322,0.4904937773942947,322,0.551323127746582,0.5010548382997513
323,0.4904937773942947,323,0.551323127746582,0.5010548382997513
324,0.4904937773942947,324,0.551323127746582,0.5010548382997513
325,0.4904937773942947,325,0.551323127746582,0.5010548382997513
326,0.4904937773942947,326,0.551323127746582,0.5010548382997513
327,0.4904937773942947,327,0.551323127746582,0.5010548382997513
328,0.4904937773942947,328,0.551323127746582,0.5010548382997513
329,0.4904937773942947,329,0.551323127746582,0.5010548382997513
330,0.4904937773942947,330,0.551323127746582,0.5010548382997513
331,0.4904937773942947,331,0.551323127746582,0.5010548382997513
332,0.4904937773942947,332,0.551323127746582,0.5010548382997513
333,0.4904937773942947,333,0.551323127746582,0.5010548382997513
334,0.4904937773942947,334,0.551323127746582,0.5010548382997513
335,0.4904937773942947,335,0.551323127746582,0.5010548382997513
336,0.4904937773942947,336,0.551323127746582,0.5010548382997513
337,0.4904937773942947,337,0.551323127746582,0.5010548382997513
338,0.4904937773942947,338,0.551323127746582,0.5010548382997513
339,0.4904937773942947,339,0.551323127746582,0.5010548382997513
340,0.4904937773942947,340,0.551323127746582,0.5010548382997513
341,0.4904937773942947,341,0.551323127746582,0.5010548382997513
342,0.4904937773942947,342,0.551323127746582,0.5010548382997513
343,0.4904937773942947,343,0.551323127746582,0.5010548382997513
344,0.4904937773942947,344,0.551323127746582,0.5010548382997513
345,0.4904937773942947,345,0.551323127746582,0.5010548382997513
346,0.4904937773942947,346,0.551323127746582,0.5010548382997513
347,0.4904937773942947,347,0.551323127746582,0.5010548382997513
348,0.4904937773942947,348,0.551323127746582,0.5010548382997513
349,0.4904937773942947,349,0.551323127746582,0.5010548382997513
350,0.4904937773942947,350,0.551323127746582,0.5010548382997513
351,0.4904937773942947,351,0.551323127746582,0.5010548382997513
352,0.4904937773942947,352,0.551323127746582,0.5010548382997513
353,0.4904937773942947,353,0.551323127746582,0.5010548382997513
354,0.4904937773942947,354,0.551323127746582,0.5010548382997513
355,0.4904937773942947,355,0.551323127746582,0.5010548382997513
356,0.4904937773942947,356,0.551323127746582,0.5010548382997513
357,0.4904937773942947,357,0.551323127746582,0.5010548382997513
358,0.4904937773942947,358,0.551323127746582,0.5010548382997513
359,0.4904937773942947,359,0.551323127746582,0.5010548382997513
360,0.4904937773942947,360,0.551323127746582,0.5010548382997513
361,0.4904937773942947,361,0.551323127746582,0.5010548382997513
362,0.4904937773942947,362,0.551323127746582,0.5010548382997513
363,0.4904937773942947,363,0.551323127746582,0.5010548382997513
364,0.4904937773942947,364,0.551323127746582,0.5010548382997513
365,0.4904937773942947,365,0.551323127746582,0.5010548382997513
366,0.4904937773942947,366,0.551323127746582,0.5010548382997513
367,0.4904937773942947,367,0.551323127746582,0.5010548382997513
368,0.4904937773942947,368,0.551323127746582,0.5010548382997513
369,0.4904937773942947,369,0.551323127746582,0.5010548382997513
370,0.4904937773942947,370,0.551323127746582,0.5010548382997513
371,0.4904937773942947,371,0.551323127746582,0.5010548382997513
372,0.4904937773942947,372,0.551323127746582,0.5010548382997513
373,0.4904937773942947,373,0.551323127746582,0.5010548382997513
374,0.4904937773942947,374,0.551323127746582,0.5010548382997513
375,0.4904937773942947,375,0.551323127746582,0.5010548382997513
376,0.4904937773942947,376,0.551323127746582,0.5010548382997513
377,0.4904937773942947,377,0.551323127746582,0.5010548382997513
378,0.4904937773942947,378,0.551323127746582,0.5010548382997513
379,0.4904937773942947,379,0.551323127746582,0.5010548382997513
380,0.4904937773942947,380,0.551323127746582,0.5010548382997513
381,0.4904937773942947,381,0.551323127746582,0.5010548382997513
382,0.4904937773942947,382,0.551323127746582,0.5010548382997513
383,0.4904937773942947,383,0.551323127746582,0.5010548382997513
384,0.4904937773942947,384,0.551323127746582,0.5010548382997513
385,0.4904937773942947,385,0.551323127746582,0.5010548382997513
386,0.4904937773942947,386,0.551323127746582,0.5010548382997513
387,0.4904937773942947,387,0.551323127746582,0.5010548382997513
388,0.4904937773942947,388,0.551323127746582,0.5010548382997513
389,0.4904937773942947,389,0.551323127746582,0.5010548382997513
390,0.4904937773942947,390,0.551323127746582,0.5010548382997513
391,0.4904937773942947,391,0.551323127746582,0.5010548382997513
392,0.4904937773942947,392,0.551323127746582,0.5010548382997513
393,0.4904937773942947,393,0.551323127746582,0.5010548382997513
394,0.4904937773942947,394,0.551323127746582,0.5010548382997513
395,0.4904937773942947,395,0.551323127746582,0.5010548382997513
396,0.4904937773942947,396,0.551323127746582,0.5010548382997513
397,0.4904937773942947,397,0.551323127746582,0.5010548382997513
398,0.4904937773942947,398,0.551323127746582,0.5010548382997513
399,0.4904937773942947,399,0.551323127746582,0.5010548382997513
400,0.4904937773942947,400,0.551323127746582,0.5010548382997513
401,0.4904937773942947,401,0.551323127746582,0.5010548382997513
402,0.4904937773942947,402,0.551323127746582,0.5010548382997513
403,0.4904937773942947,403,0.551323127746582,0.5010548382997513
404,0.4904937773942947,404,0.551323127746582,0.5010548382997513
405,0.4904937773942947,405,0.551323127746582,0.5010548382997513
406,0.4904937773942947,406,0.551323127746582,0.5010548382997513
407,0.4904937773942947,407,0.551323127746582,0.5010548382997513
408,0.4904937773942947,408,0.551323127746582,0.5010548382997513
409,0.4904937773942947,409,0.551323127746582,0.5010548382997513
410,0.4904937773942947,410,0.551323127746582,0.5010548382997513
411,0.4904937773942947,411,0.551323127746582,0.5010548382997513
412,0.4904937773942947,412,0.551323127746582,0.5010548382997513
413,0.4904937773942947,413,0.551323127746582,0.5010548382997513
414,0.4904937773942947,414,0.551323127746582,0.5010548382997513
415,0.4904937773942947,415,0.551323127746582,0.5010548382997513
416,0.4904937773942947,416,0.551323127746582,0.5010548382997513
417,0.4904937773942947,417,0.551323127746582,0.5010548382997513
418,0.4904937773942947,418,0.551323127746582,0.5010548382997513
419,0.4904937773942947,419,0.551323127746582,0.5010548382997513
420,0.4904937773942947,420,0.551323127746582,0.5010548382997513
421,0.4904937773942947,421,0.551323127746582,0.5010548382997513
422,0.4904937773942947,422,0.551323127746582,0.5010548382997513
423,0.4904937773942947,423,0.551323127746582,0.5010548382997513
424,0.4904937773942947,424,0.551323127746582,0.5010548382997513
425,0.4904937773942947,425,0.551323127746582,0.5010548382997513
426,0.4904937773942947,426,0.551323127746582,0.5010548382997513
427,0.4904937773942947,427,0.551323127746582,0.5010548382997513
428,0.4904937773942947,428,0.551323127746582,0.5010548382997513
429,0.4904937773942947,429,0.551323127746582,0.5010548382997513
430,0.4904937773942947,430,0.551323127746582,0.5010548382997513
431,0.4904937773942947,431,0.551323127746582,0.5010548382997513
432,0.4904937773942947,432,0.551323127746582,0.5010548382997513
433,0.4904937773942947,433,0.551323127746582,0.5010548382997513
434,0.4904937773942947,434,0.551323127746582,0.5010548382997513
435,0.4904937773942947,435,0.551323127746582,0.5010548382997513
436,0.4904937773942947,436,0.551323127746582,0.5010548382997513
437,0.4904937773942947,437,0.551323127746582,0.5010548382997513
438,0.4904937773942947,438,0.551323127746582,0.5010548382997513
439,0.4904937773942947,439,0.551323127746582,0.5010548382997513
440,0.4904937773942947,440,0.551323127746582,0.5010548382997513
441,0.4904937773942947,441,0.551323127746582,0.5010548382997513
442,0.4904937773942947,442,0.551323127746582,0.5010548382997513
443,0.4904937773942947,443,0.551323127746582,0.5010548382997513
444,0.4904937773942947,444,0.551323127746582,0.5010548382997513
445,0.4904937773942947,445,0.551323127746582,0.5010548382997513
446,0.4904937773942947,446,0.551323127746582,0.5010548382997513
447,0.4904937773942947,447,0.551323127746582,0.5010548382997513
448,0.4904937773942947,448,0.551323127746582,0.5010548382997513
449,0.4904937773942947,449,0.551323127746582,0.5010548382997513
450,0.4904937773942947,450,0.551323127746582,0.5010548382997513
451,0.4904937773942947,451,0.551323127746582,0.5010548382997513
452,0.4904937773942947,452,0.551323127746582,0.5010548382997513
453,0.4904937773942947,453,0.551323127746582,0.5010548382997513
454,0.4904937773942947,454,0.551323127746582,0.5010548382997513
455,0.4904937773942947,455,0.551323127746582,0.5010548382997513
456,0.4904937773942947,456,0.551323127746582,0.5010548382997513
457,0.4904937773942947,457,0.551323127746582,0.5010548382997513
458,0.4904937773942947,458,0.551323127746582,0.5010548382997513
459,0.4904937773942947,459,0.551323127746582,0.5010548382997513
460,0.4904937773942947,460,0.551323127746582,0.5010548382997513
461,0.4904937773942947,461,0.551323127746582,0.5010548382997513
462,0.4904937773942947,462,0.551323127746582,0.5010548382997513
463,0.4904937773942947,463,0.551323127746582,0.5010548382997513
464,0.4904937773942947,464,0.551323127746582,0.5010548382997513
465,0.4904937773942947,465,0.551323127746582,0.5010548382997513
466,0.4904937773942947,466,0.551323127746582,0.5010548382997513
467,0.4904937773942947,467,0.551323127746582,0.5010548382997513
468,0.4904937773942947,468,0.551323127746582,0.5010548382997513
469,0.4904937773942947,469,0.551323127746582,0.5010548382997513
470,0.4904937773942947,470,0.551323127746582,0.5010548382997513
471,0.4904937773942947,471,0.551323127746582,0.5010548382997513
472,0.4904937773942947,472,0.551323127746582,0.5010548382997513
473,0.4904937773942947,473,0.551323127746582,0.5010548382997513
474,0.4904937773942947,474,0.551323127746582,0.5010548382997513
475,0.4904937773942947,475,0.551323127746582,0.5010548382997513
476,0.4904937773942947,476,0.551323127746582,0.5010548382997513
477,0.4904937773942947,477,0.551323127746582,0.5010548382997513
478,0.4904937773942947,478,0.551323127746582,0.5010548382997513
479,0.4904937773942947,479,0.551323127746582,0.5010548382997513
480,0.4904937773942947,480,0.551323127746582,0.5010548382997513
481,0.4904937773942947,481,0.551323127746582,0.5010548382997513
482,0.4904937773942947,482,0.551323127746582,0.5010548382997513
483,0.4904937773942947,483,0.551323127746582,0.5010548382997513
484,0.4904937773942947,484,0.551323127746582,0.5010548382997513
485,0.4904937773942947,485,0.551323127746582,0.5010548382997513
486,0.4904937773942947,486,0.551323127746582,0.5010548382997513
487,0.4904937773942947,487,0.551323127746582,0.5010548382997513
488,0.4904937773942947,488,0.551323127746582,0.5010548382997513
489,0.4904937773942947,489,0.551323127746582,0.5010548382997513
490,0.4904937773942947,490,0.551323127746582,0.5010548382997513
491,0.4904937773942947,491,0.551323127746582,0.5010548382997513
492,0.4904937773942947,492,0.551323127746582,0.5010548382997513
493,0.4904937773942947,493,0.551323127746582,0.5010548382997513
494,0.4904937773942947,494,0.551323127746582,0.5010548382997513
495,0.4904937773942947,495,0.551323127746582,0.5010548382997513
496,0.4904937773942947,496,0.551323127746582,0.5010548382997513
497,0.4904937773942947,497,0.551323127746582,0.5010548382997513
498,0.4904937773942947,498,0.551323127746582,0.5010548382997513
499,0.4904937773942947,499,0.551323127746582,0.5010548382997513
500,0.5033116340637207,500,0.5365368366241455,0.5033673822879792
501,0.5033116340637207,501,0.5365368366241455,0.5033673822879792
502,0.5033116340637207,502,0.5365368366241455,0.5033673822879792
503,0.5033116340637207,503,0.5365368366241455,0.5033673822879792
504,0.5033116340637207,504,0.5365368366241455,0.5033673822879792
505,0.5033116340637207,505,0.5365368366241455,0.5033673822879792
506,0.5033116340637207,506,0.5365368366241455,0.5033673822879792
507,0.5033116340637207,507,0.5365368366241455,0.5033673822879792
508,0.5033116340637207,508,0.5365368366241455,0.5033673822879792
509,0.5033116340637207,509,0.5365368366241455,0.5033673822879792
510,0.5033116340637207,510,0.5365368366241455,0.5033673822879792
511,0.5033116340637207,511,0.5365368366241455,0.5033673822879792
512,0.5033116340637207,512,0.5365368366241455,0.5033673822879792
513,0.5033116340637207,513,0.5365368366241455,0.5033673822879792
514,0.5033116340637207,514,0.5365368366241455,0.5033673822879792
515,0.5033116340637207,515,0.5365368366241455,0.5033673822879792
516,0.5033116340637207,516,0.5365368366241455,0.5033673822879792
517,0.5033116340637207,517,0.5365368366241455,0.5033673822879792
518,0.5033116340637207,518,0.5365368366241455,0.5033673822879792
519,0.5033116340637207,519,0.5365368366241455,0.5033673822879792
520,0.5033116340637207,520,0.5365368366241455,0.5033673822879792
521,0.5033116340637207,521,0.5365368366241455,0.5033673822879792
522,0.5033116340637207,522,0.5365368366241455,0.5033673822879792
523,0.5033116340637207,523,0.5365368366241455,0.5033673822879792
524,0.5033116340637207,524,0.5365368366241455,0.5033673822879792
525,0.5033116340637207,525,0.5365368366241455,0.5033673822879792
526,0.5033116340637207,526,0.5365368366241455,0.5033673822879792
527,0.5033116340637207,527,0.5365368366241455,0.5033673822879792
528,0.5033116340637207,528,0.5365368366241455,0.5033673822879792
529,0.5033116340637207,529,0.5365368366241455,0.5033673822879792
530,0.5033116340637207,530,0.5365368366241455,0.5033673822879792
531,0.5033116340637207,531,0.5365368366241455,0.5033673822879792
532,0.5033116340637207,532,0.5365368366241455,0.5033673822879792
533,0.5033116340637207,533,0.5365368366241455,0.5033673822879792
534,0.5033116340637207,534,0.5365368366241455,0.5033673822879792
535,0.5033116340637207,535,0.5365368366241455,0.5033673822879792
536,0.5033116340637207,536,0.5365368366241455,0.5033673822879792
537,0.5033116340637207,537,0.5365368366241455,0.5033673822879792
538,0.5033116340637207,538,0.5365368366241455,0.5033673822879792
539,0.5033116340637207,539,0.5365368366241455,0.5033673822879792
540,0.5033116340637207,540,0.5365368366241455,0.5033673822879792
541,0.5033116340637207,541,0.5365368366241455,0.5033673822879792
542,0.5033116340637207,542,0.5365368366241455,0.5033673822879792
543,0.5033116340637207,543,0.5365368366241455,0.5033673822879792
544,0.5033116340637207,544,0.5365368366241455,0.5033673822879792
545,0.5033116340637207,545,0.5365368366241455,0.5033673822879792
546,0.5033116340637207,546,0.5365368366241455,0.5033673822879792
547,0.5033116340637207,547,0.5365368366241455,0.5033673822879792
548,0.5033116340637207,548,0.5365368366241455,0.5033673822879792
549,0.5033116340637207,549,0.5365368366241455,0.5033673822879792
550,0.5033116340637207,550,0.5365368366241455,0.5033673822879792
551,0.5033116340637207,551,0.5365368366241455,0.5033673822879792
552,0.5033116340637207,552,0.5365368366241455,0.5033673822879792
553,0.5033116340637207,553,0.5365368366241455,0.5033673822879792
554,0.5033116340637207,554,0.5365368366241455,0.5033673822879792
555,0.5033116340637207,555,0.5365368366241455,0.5033673822879792
556,0.5033116340637207,556,0.5365368366241455,0.5033673822879792
557,0.5033116340637207,557,0.5365368366241455,0.5033673822879792
558,0.5033116340637207,558,0.5365368366241455,0.5033673822879792
559,0.5033116340637207,559,0.5365368366241455,0.5033673822879792
560,0.5033116340637207,560,0.5365368366241455,0.5033673822879792
561,0.5033116340637207,561,0.5365368366241455,0.5033673822879792
562,0.5033116340637207,562,0.5365368366241455,0.5033673822879792
563,0.5033116340637207,563,0.5365368366241455,0.5033673822879792
564,0.5033116340637207,564,0.5365368366241455,0.5033673822879792
565,0.5033116340637207,565,0.5365368366241455,0.5033673822879792
566,0.5033116340637207,566,0.5365368366241455,0.5033673822879792
567,0.5033116340637207,567,0.5365368366241455,0.5033673822879792
568,0.5033116340637207,568,0.5365368366241455,0.5033673822879792
569,0.5033116340637207,569,0.5365368366241455,0.5033673822879792
570,0.5033116340637207,570,0.5365368366241455,0.5033673822879792
571,0.5033116340637207,571,0.5365368366241455,0.5033673822879792
572,0.5033116340637207,572,0.5365368366241455,0.5033673822879792
573,0.5033116340637207,573,0.5365368366241455,0.5033673822879792
574,0.5033116340637207,574,0.5365368366241455,0.5033673822879792
575,0.5033116340637207,575,0.5365368366241455,0.5033673822879792
576,0.5033116340637207,576,0.5365368366241455,0.5033673822879792
577,0.5033116340637207,577,0.5365368366241455,0.5033673822879792
578,0.5033116340637207,578,0.5365368366241455,0.5033673822879792
579,0.5033116340637207,579,0.5365368366241455,0.5033673822879792
580,0.5033116340637207,580,0.5365368366241455,0.5033673822879792
581,0.5033116340637207,581,0.5365368366241455,0.5033673822879792
582,0.5033116340637207,582,0.5365368366241455,0.5033673822879792
583,0.5033116340637207,583,0.5365368366241455,0.5033673822879792
584,0.5033116340637207,584,0.5365368366241455,0.5033673822879792
585,0.5033116340637207,585,0.5365368366241455,0.5033673822879792
586,0.5033116340637207,586,0.5365368366241455,0.5033673822879792
587,0.5033116340637207,587,0.5365368366241455,0.5033673822879792
588,0.5033116340637207,588,0.5365368366241455,0.5033673822879792
589,0.5033116340637207,589,0.5365368366241455,0.5033673822879792
590,0.5033116340637207,590,0.5365368366241455,0.5033673822879792
591,0.5033116340637207,591,0.5365368366241455,0.5033673822879792
592,0.5033116340637207,592,0.5365368366241455,0.5033673822879792
593,0.5033116340637207,593,0.5365368366241455,0.5033673822879792
594,0.5033116340637207,594,0.5365368366241455,0.5033673822879792
595,0.5033116340637207,595,0.5365368366241455,0.5033673822879792
596,0.5033116340637207,596,0.5365368366241455,0.5033673822879792
597,0.5033116340637207,597,0.5365368366241455,0.5033673822879792
598,0.5033116340637207,598,0.5365368366241455,0.5033673822879792
599,0.5033116340637207,599,0.5365368366241455,0.5033673822879792
600,0.5033116340637207,600,0.5365368366241455,0.5033673822879792
601,0.5033116340637207,601,0.5365368366241455,0.5033673822879792
602,0.5033116340637207,602,0.5365368366241455,0.5033673822879792
603,0.5033116340637207,603,0.5365368366241455,0.5033673822879792
604,0.5033116340637207,604,0.5365368366241455,0.5033673822879792
605,0.5033116340637207,605,0.5365368366241455,0.5033673822879792
606,0.5033116340637207,606,0.5365368366241455,0.5033673822879792
607,0.5033116340637207,607,0.5365368366241455,0.5033673822879792
608,0.5033116340637207,608,0.5365368366241455,0.5033673822879792
609,0.5033116340637207,609,0.5365368366241455,0.5033673822879792
610,0.5033116340637207,610,0.5365368366241455,0.5033673822879792
611,0.5033116340637207,611,0.5365368366241455,0.5033673822879792
612,0.5033116340637207,612,0.5365368366241455,0.5033673822879792
613,0.5033116340637207,613,0.5365368366241455,0.5033673822879792
614,0.5033116340637207,614,0.5365368366241455,0.5033673822879792
615,0.5033116340637207,615,0.5365368366241455,0.5033673822879792
616,0.5033116340637207,616,0.5365368366241455,0.5033673822879792
617,0.5033116340637207,617,0.5365368366241455,0.5033673822879792
618,0.5033116340637207,618,0.5365368366241455,0.5033673822879792
619,0.5033116340637207,619,0.5365368366241455,0.5033673822879792
620,0.5033116340637207,620,0.5365368366241455,0.5033673822879792
621,0.5033116340637207,621,0.5365368366241455,0.5033673822879792
622,0.5033116340637207,622,0.5365368366241455,0.5033673822879792
623,0.5033116340637207,623,0.5365368366241455,0.5033673822879792
624,0.5033116340637207,624,0.5365368366241455,0.5033673822879792
625,0.5033116340637207,625,0.5365368366241455,0.5033673822879792
626,0.5033116340637207,626,0.5365368366241455,0.5033673822879792
627,0.5033116340637207,627,0.5365368366241455,0.5033673822879792
628,0.5033116340637207,628,0.5365368366241455,0.5033673822879792
629,0.5033116340637207,629,0.5365368366241455,0.5033673822879792
630,0.5033116340637207,630,0.5365368366241455,0.5033673822879792
631,0.5033116340637207,631,0.5365368366241455,0.5033673822879792
632,0.5033116340637207,632,0.5365368366241455,0.5033673822879792
633,0.5033116340637207,633,0.5365368366241455,0.5033673822879792
634,0.5033116340637207,634,0.5365368366241455,0.5033673822879792
635,0.5033116340637207,635,0.5365368366241455,0.5033673822879792
636,0.5033116340637207,636,0.5365368366241455,0.5033673822879792
637,0.5033116340637207,637,0.5365368366241455,0.5033673822879792
638,0.5033116340637207,638,0.5365368366241455,0.5033673822879792
639,0.5033116340637207,639,0.5365368366241455,0.5033673822879792
640,0.5033116340637207,640,0.5365368366241455,0.5033673822879792
641,0.5033116340637207,641,0.5365368366241455,0.5033673822879792
642,0.5033116340637207,642,0.5365368366241455,0.5033673822879792
643,0.5033116340637207,643,0.5365368366241455,0.5033673822879792
644,0.5033116340637207,644,0.5361456751823426,0.5033673822879792
645,0.5033116340637207,645,0.5361456751823426,0.5033673822879792
646,0.5033116340637207,646,0.5361456751823426,0.5033673822879792
647,0.5033116340637207,647,0.5361456751823426,0.5033673822879792
648,0.5033116340637207,648,0.5361456751823426,0.5033673822879792
649,0.5033116340637207,649,0.5361456751823426,0.5033673822879792
650,0.5033116340637207,650,0.5361456751823426,0.5033673822879792
651,0.5033116340637207,651,0.5361456751823426,0.5033673822879792
652,0.5033116340637207,652,0.5361456751823426,0.5033673822879792
653,0.5033116340637207,653,0.5361456751823426,0.5033673822879792
654,0.5033116340637207,654,0.5361456751823426,0.5033673822879792
655,0.5033116340637207,655,0.5361456751823426,0.5033673822879792
656,0.5033116340637207,656,0.5361456751823426,0.5033673822879792
657,0.5033116340637207,657,0.5361456751823426,0.5033673822879792
658,0.5033116340637207,658,0.5361456751823426,0.5033673822879792
659,0.5033116340637207,659,0.5361456751823426,0.5033673822879792
660,0.5033116340637207,660,0.5361456751823426,0.5033673822879792
661,0.5033116340637207,661,0.5361456751823426,0.5033673822879792
662,0.5033116340637207,662,0.5361456751823426,0.5033673822879792
663,0.5033116340637207,663,0.5361456751823426,0.5033673822879792
664,0.5033116340637207,664,0.5361456751823426,0.5033673822879792
665,0.5033116340637207,665,0.5361456751823426,0.5033673822879792
666,0.5033116340637207,666,0.5361456751823426,0.5033673822879792
667,0.5033116340637207,667,0.5361456751823426,0.5033673822879792
668,0.5033116340637207,668,0.5361456751823426,0.5033673822879792
669,0.5033116340637207,669,0.5361456751823426,0.5033673822879792
670,0.5033116340637207,670,0.5361456751823426,0.5033673822879792
671,0.5033116340637207,671,0.5361456751823426,0.5033673822879792
672,0.5033116340637207,672,0.5361456751823426,0.5033673822879792
673,0.5033116340637207,673,0.5361456751823426,0.5033673822879792
674,0.5033116340637207,674,0.5361456751823426,0.5033673822879792
675,0.5033116340637207,675,0.5361456751823426,0.5033673822879792
676,0.5033116340637207,676,0.5361456751823426,0.5033673822879792
677,0.5033116340637207,677,0.5361456751823426,0.5033673822879792
678,0.5033116340637207,678,0.5361456751823426,0.5033673822879792
679,0.5033116340637207,679,0.5361456751823426,0.5033673822879792
680,0.5033116340637207,680,0.5361456751823426,0.5033673822879792
681,0.5033116340637207,681,0.5361456751823426,0.5033673822879792
682,0.5033116340637207,682,0.5361456751823426,0.5033673822879792
683,0.5033116340637207,683,0.5361456751823426,0.5033673822879792
684,0.5033116340637207,684,0.5361456751823426,0.5033673822879792
685,0.5033116340637207,685,0.5361456751823426,0.5033673822879792
686,0.5033116340637207,686,0.5361456751823426,0.5033673822879792
687,0.5033116340637207,687,0.5361456751823426,0.5033673822879792
688,0.5033116340637207,688,0.5361456751823426,0.5033673822879792
689,0.5033116340637207,689,0.5361456751823426,0.5033673822879792
690,0.5033116340637207,690,0.5361456751823426,0.5033673822879792
691,0.5033116340637207,691,0.5361456751823426,0.5033673822879792
692,0.5033116340637207,692,0.5361456751823426,0.5033673822879792
693,0.5033116340637207,693,0.5361456751823426,0.5033673822879792
694,0.5033116340637207,694,0.5361456751823426,0.5033673822879792
695,0.5033116340637207,695,0.5361456751823426,0.5033673822879792
696,0.5033116340637207,696,0.5361456751823426,0.5033673822879792
697,0.5033116340637207,697,0.5361456751823426,0.5033673822879792
698,0.5033116340637207,698,0.5361456751823426,0.5033673822879792
699,0.5033116340637207,699,0.5361456751823426,0.5033673822879792
700,0.5033116340637207,700,0.5361456751823426,0.5033673822879792
701,0.5033116340637207,701,0.5361456751823426,0.5033673822879792
702,0.5033116340637207,702,0.5361456751823426,0.5033673822879792
703,0.5033116340637207,703,0.5361456751823426,0.5033673822879792
704,0.5033116340637207,704,0.5361456751823426,0.5033673822879792
705,0.5033116340637207,705,0.5361456751823426,0.5033673822879792
706,0.5033116340637207,706,0.5361456751823426,0.5033673822879792
707,0.5033116340637207,707,0.5361456751823426,0.5033673822879792
708,0.5033116340637207,708,0.5361456751823426,0.5033673822879792
709,0.5033116340637207,709,0.5361456751823426,0.5033673822879792
710,0.5033116340637207,710,0.5361456751823426,0.5033673822879792
711,0.5033116340637207,711,0.5361456751823426,0.5033673822879792
712,0.5033116340637207,712,0.5361456751823426,0.5033673822879792
713,0.5033116340637207,713,0.5361456751823426,0.5033673822879792
714,0.5033116340637207,714,0.5361456751823426,0.5033673822879792
715,0.5033116340637207,715,0.5361456751823426,0.5033673822879792
716,0.5033116340637207,716,0.5361456751823426,0.5033673822879792
717,0.5033116340637207,717,0.5361456751823426,0.5033673822879792
718,0.5033116340637207,718,0.5361456751823426,0.5033673822879792
719,0.5033116340637207,719,0.5361456751823426,0.5033673822879792
720,0.5033116340637207,720,0.5361456751823426,0.5033673822879792
721,0.5033116340637207,721,0.5361456751823426,0.5033673822879792
722,0.5033116340637207,722,0.5361456751823426,0.5033673822879792
723,0.5033116340637207,723,0.5361456751823426,0.5033673822879792
724,0.5033116340637207,724,0.5361456751823426,0.5033673822879792
725,0.5033116340637207,725,0.5361456751823426,0.5033673822879792
726,0.5033116340637207,726,0.5361456751823426,0.5033673822879792
727,0.5033116340637207,727,0.5361456751823426,0.5033673822879792
728,0.5033116340637207,728,0.5361456751823426,0.5033673822879792
729,0.5033116340637207,729,0.5361456751823426,0.5033673822879792
730,0.5033116340637207,730,0.5361456751823426,0.5033673822879792
731,0.5033116340637207,731,0.5361456751823426,0.5033673822879792
732,0.5033116340637207,732,0.5361456751823426,0.5033673822879792
733,0.5033116340637207,733,0.5361456751823426,0.5033673822879792
734,0.5033116340637207,734,0.5361456751823426,0.5033673822879792
735,0.5033116340637207,735,0.5361456751823426,0.5033673822879792
736,0.5033116340637207,736,0.5361456751823426,0.5033673822879792
737,0.5033116340637207,737,0.5361456751823426,0.5033673822879792
738,0.5033116340637207,738,0.5361456751823426,0.5033673822879792
739,0.5033116340637207,739,0.5361456751823426,0.5033673822879792
740,0.5033116340637207,740,0.5361456751823426,0.5033673822879792
741,0.5033116340637207,741,0.5361456751823426,0.5033673822879792
742,0.5033116340637207,742,0.5361456751823426,0.5033673822879792
743,0.5033116340637207,743,0.5361456751823426,0.5033673822879792
744,0.5033116340637207,744,0.5361456751823426,0.5033673822879792
745,0.5033116340637207,745,0.5361456751823426,0.5033673822879792
746,0.5033116340637207,746,0.5361456751823426,0.5033673822879792
747,0.5033116340637207,747,0.5361456751823426,0.5033673822879792
748,0.5033116340637207,748,0.5361456751823426,0.5033673822879792
749,0.5033116340637207,749,0.5361456751823426,0.5033673822879792
750,0.5035796821117401,750,0.5289018392562866,0.5023802250623703
751,0.5035796821117401,751,0.5287830263376236,0.5023802250623703
752,0.5035796821117401,752,0.5287830263376236,0.5023802250623703
753,0.5035796821117401,753,0.5287830263376236,0.5023802250623703
754,0.5035796821117401,754,0.5287830263376236,0.5023802250623703
755,0.5035796821117401,755,0.5287830263376236,0.5023802250623703
756,0.5035796821117401,756,0.5287830263376236,0.5023802250623703
757,0.5035796821117401,757,0.5287830263376236,0.5023802250623703
758,0.5035796821117401,758,0.5287830263376236,0.5023802250623703
759,0.5035796821117401,759,0.5287830263376236,0.5023802250623703
760,0.5035796821117401,760,0.5287830263376236,0.5023802250623703
761,0.5035796821117401,761,0.5287830263376236,0.5023802250623703
762,0.5035796821117401,762,0.5287830263376236,0.5023802250623703
763,0.5035796821117401,763,0.5287830263376236,0.5023802250623703
764,0.5035796821117401,764,0.5287830263376236,0.5023802250623703
765,0.5035796821117401,765,0.5287830263376236,0.5023802250623703
766,0.5035796821117401,766,0.5287830263376236,0.5023802250623703
767,0.5035796821117401,767,0.5287830263376236,0.5023802250623703
768,0.5035796821117401,768,0.5287830263376236,0.5023802250623703
769,0.5035796821117401,769,0.5287830263376236,0.5023802250623703
770,0.5035796821117401,770,0.5287830263376236,0.5023802250623703
771,0.5035796821117401,771,0.5287830263376236,0.5023802250623703
772,0.5035796821117401,772,0.5287830263376236,0.5023802250623703
773,0.5035796821117401,773,0.5287830263376236,0.5023802250623703
774,0.5035796821117401,774,0.5287830263376236,0.5023802250623703
775,0.5035796821117401,775,0.5287830263376236,0.5023802250623703
776,0.5035796821117401,776,0.5287830263376236,0.5023802250623703
777,0.5035796821117401,777,0.5287830263376236,0.5023802250623703
778,0.5035796821117401,778,0.5287830263376236,0.5023802250623703
779,0.5035796821117401,779,0.5287830263376236,0.5023802250623703
780,0.5035796821117401,780,0.5287830263376236,0.5023802250623703
781,0.5035796821117401,781,0.5287830263376236,0.5023802250623703
782,0.5035796821117401,782,0.5287830263376236,0.5023802250623703
783,0.5035796821117401,783,0.5287830263376236,0.5023802250623703
784,0.5035796821117401,784,0.5287830263376236,0.5023802250623703
785,0.5035796821117401,785,0.5287830263376236,0.5023802250623703
786,0.5035796821117401,786,0.5287830263376236,0.5023802250623703
787,0.5035796821117401,787,0.5287830263376236,0.5023802250623703
788,0.5035796821117401,788,0.5287830263376236,0.5023802250623703
789,0.5035796821117401,789,0.5287830263376236,0.5023802250623703
790,0.5035796821117401,790,0.5287830263376236,0.5023802250623703
791,0.5035796821117401,791,0.5287830263376236,0.5023802250623703
792,0.5035796821117401,792,0.5287830263376236,0.5023802250623703
793,0.5035796821117401,793,0.5287830263376236,0.5023802250623703
794,0.5035796821117401,794,0.5287830263376236,0.5023802250623703
795,0.5035796821117401,795,0.5287830263376236,0.5023802250623703
796,0.5035796821117401,796,0.5287830263376236,0.5023802250623703
797,0.5035796821117401,797,0.5287830263376236,0.5023802250623703
798,0.5035796821117401,798,0.5287830263376236,0.5023802250623703
799,0.5035796821117401,799,0.5287830263376236,0.5023802250623703
800,0.5035796821117401,800,0.5287830263376236,0.5023802250623703
801,0.5035796821117401,801,0.5287830263376236,0.5023802250623703
802,0.5035796821117401,802,0.5287830263376236,0.5023802250623703
803,0.5035796821117401,803,0.5287830263376236,0.5023802250623703
804,0.5035796821117401,804,0.5287830263376236,0.5023802250623703
805,0.5035796821117401,805,0.5287830263376236,0.5023802250623703
806,0.5035796821117401,806,0.5287830263376236,0.5023802250623703
807,0.5035796821117401,807,0.5287830263376236,0.5023802250623703
808,0.5035796821117401,808,0.5287830263376236,0.5023802250623703
809,0.5035796821117401,809,0.5287830263376236,0.5023802250623703
810,0.5035796821117401,810,0.5287830263376236,0.5023802250623703
811,0.5035796821117401,811,0.5287830263376236,0.5023802250623703
812,0.5035796821117401,812,0.5287830263376236,0.5023802250623703
813,0.5035796821117401,813,0.5287830263376236,0.5023802250623703
814,0.5035796821117401,814,0.5287830263376236,0.5023802250623703
815,0.5035796821117401,815,0.5287830263376236,0.5023802250623703
816,0.5035796821117401,816,0.5287830263376236,0.5023802250623703
817,0.5035796821117401,817,0.5287830263376236,0.5023802250623703
818,0.5035796821117401,818,0.5287830263376236,0.5023802250623703
819,0.5035796821117401,819,0.5287830263376236,0.5023802250623703
820,0.5035796821117401,820,0.5287830263376236,0.5023802250623703
821,0.5035796821117401,821,0.5287830263376236,0.5023802250623703
822,0.5035796821117401,822,0.5287830263376236,0.5023802250623703
823,0.5035796821117401,823,0.5287830263376236,0.5023802250623703
824,0.5035796821117401,824,0.5287830263376236,0.5023802250623703
825,0.5035796821117401,825,0.5287830263376236,0.5023802250623703
826,0.5035796821117401,826,0.5287830263376236,0.5023802250623703
827,0.5035796821117401,827,0.5287830263376236,0.5023802250623703
828,0.5035796821117401,828,0.5287830263376236,0.5023802250623703
829,0.5035796821117401,829,0.5287830263376236,0.5023802250623703
830,0.5035796821117401,830,0.5287830263376236,0.5023802250623703
831,0.5035796821117401,831,0.5287830263376236,0.5023802250623703
832,0.5035796821117401,832,0.5287830263376236,0.5023802250623703
833,0.5035796821117401,833,0.5287830263376236,0.5023802250623703
834,0.5035796821117401,834,0.5287830263376236,0.5023802250623703
835,0.5035796821117401,835,0.5287830263376236,0.5023802250623703
836,0.5035796821117401,836,0.5287830263376236,0.5023802250623703
837,0.5035796821117401,837,0.5287830263376236,0.5023802250623703
838,0.5035796821117401,838,0.5287830263376236,0.5023802250623703
839,0.5035796821117401,839,0.5287830263376236,0.5023802250623703
840,0.5035796821117401,840,0.5287830263376236,0.5023802250623703
841,0.5035796821117401,841,0.5287830263376236,0.5023802250623703
842,0.5035796821117401,842,0.5287830263376236,0.5023802250623703
843,0.5035796821117401,843,0.5287830263376236,0.5023802250623703
844,0.5035796821117401,844,0.5287830263376236,0.5023802250623703
845,0.5035796821117401,845,0.5287830263376236,0.5023802250623703
846,0.5035796821117401,846,0.5287830263376236,0.5023802250623703
847,0.5035796821117401,847,0.5287830263376236,0.5023802250623703
848,0.5035796821117401,848,0.5287830263376236,0.5023802250623703
849,0.5035796821117401,849,0.5287830263376236,0.5023802250623703
850,0.5035796821117401,850,0.5287830263376236,0.5023802250623703
851,0.5035796821117401,851,0.5287830263376236,0.5023802250623703
852,0.5035796821117401,852,0.5287830263376236,0.5023802250623703
853,0.5035796821117401,853,0.5287830263376236,0.5023802250623703
854,0.5035796821117401,854,0.5287830263376236,0.5023802250623703
855,0.5035796821117401,855,0.5287830263376236,0.5023802250623703
856,0.5035796821117401,856,0.5287830263376236,0.5023802250623703
857,0.5035796821117401,857,0.5287830263376236,0.5023802250623703
858,0.5035796821117401,858,0.5287830263376236,0.5023802250623703
859,0.5035796821117401,859,0.5287830263376236,0.5023802250623703
860,0.5035796821117401,860,0.5287830263376236,0.5023802250623703
861,0.5035796821117401,861,0.5287830263376236,0.5023802250623703
862,0.5035796821117401,862,0.5287830263376236,0.5023802250623703
863,0.5035796821117401,863,0.5287830263376236,0.5023802250623703
864,0.5035796821117401,864,0.5287830263376236,0.5023802250623703
865,0.5035796821117401,865,0.5287830263376236,0.5023802250623703
866,0.5035796821117401,866,0.5287830263376236,0.5023802250623703
867,0.5035796821117401,867,0.5287830263376236,0.5023802250623703
868,0.5035796821117401,868,0.5287830263376236,0.5023802250623703
869,0.5035796821117401,869,0.5287830263376236,0.5023802250623703
870,0.5035796821117401,870,0.5287830263376236,0.5023802250623703
871,0.5035796821117401,871,0.5287830263376236,0.5023802250623703
872,0.5035796821117401,872,0.5287830263376236,0.5023802250623703
873,0.5035796821117401,873,0.5287830263376236,0.5023802250623703
874,0.5035796821117401,874,0.5287830263376236,0.5023802250623703
875,0.5035796821117401,875,0.5287830263376236,0.5023802250623703
876,0.5035796821117401,876,0.5287830263376236,0.5023802250623703
877,0.5035796821117401,877,0.5287830263376236,0.5023802250623703
878,0.5035796821117401,878,0.5287830263376236,0.5023802250623703
879,0.5035796821117401,879,0.5287830263376236,0.5023802250623703
880,0.5035796821117401,880,0.5287830263376236,0.5023802250623703
881,0.5035796821117401,881,0.5287830263376236,0.5023802250623703
882,0.5035796821117401,882,0.5287830263376236,0.5023802250623703
883,0.5035796821117401,883,0.5287830263376236,0.5023802250623703
884,0.5035796821117401,884,0.5287830263376236,0.5023802250623703
885,0.5035796821117401,885,0.5287830263376236,0.5023802250623703
886,0.5035796821117401,886,0.5287830263376236,0.5023802250623703
887,0.5035796821117401,887,0.5287830263376236,0.5023802250623703
888,0.5035796821117401,888,0.5287830263376236,0.5023802250623703
889,0.5035796821117401,889,0.5287830263376236,0.5023802250623703
890,0.5035796821117401,890,0.5287830263376236,0.5023802250623703
891,0.5035796821117401,891,0.5287830263376236,0.5023802250623703
892,0.5035796821117401,892,0.5287830263376236,0.5023802250623703
893,0.5035796821117401,893,0.5287830263376236,0.5023802250623703
894,0.5035796821117401,894,0.5287830263376236,0.5023802250623703
895,0.5035796821117401,895,0.5287830263376236,0.5023802250623703
896,0.5035796821117401,896,0.5287830263376236,0.5023802250623703
897,0.5035796821117401,897,0.5287830263376236,0.5023802250623703
898,0.5035796821117401,898,0.5287830263376236,0.5023802250623703
899,0.5035796821117401,899,0.5287830263376236,0.5023802250623703
900,0.5035796821117401,900,0.5287830263376236,0.5023802250623703
901,0.5035796821117401,901,0.5287830263376236,0.5023802250623703
902,0.5035796821117401,902,0.5287830263376236,0.5023802250623703
903,0.5035796821117401,903,0.5287830263376236,0.5023802250623703
904,0.5035796821117401,904,0.5287830263376236,0.5023802250623703
905,0.5035796821117401,905,0.5287830263376236,0.5023802250623703
906,0.5035796821117401,906,0.5287830263376236,0.5023802250623703
907,0.5035796821117401,907,0.5287830263376236,0.5023802250623703
908,0.5035796821117401,908,0.5287830263376236,0.5023802250623703
909,0.5035796821117401,909,0.5287830263376236,0.5023802250623703
910,0.5035796821117401,910,0.5287830263376236,0.5023802250623703
911,0.5035796821117401,911,0.5287830263376236,0.5023802250623703
912,0.5035796821117401,912,0.5287830263376236,0.5023802250623703
913,0.5035796821117401,913,0.5287830263376236,0.5023802250623703
914,0.5035796821117401,914,0.5287830263376236,0.5023802250623703
915,0.5035796821117401,915,0.5287830263376236,0.5023802250623703
916,0.5035796821117401,916,0.5287830263376236,0.5023802250623703
917,0.5035796821117401,917,0.5287830263376236,0.5023802250623703
918,0.5035796821117401,918,0.5287830263376236,0.5023802250623703
919,0.5035796821117401,919,0.5287830263376236,0.5023802250623703
920,0.5035796821117401,920,0.5287830263376236,0.5023802250623703
921,0.5035796821117401,921,0.5287830263376236,0.5023802250623703
922,0.5035796821117401,922,0.5287830263376236,0.5023802250623703
923,0.5035796821117401,923,0.5287830263376236,0.5023802250623703
924,0.5035796821117401,924,0.5287830263376236,0.5023802250623703
925,0.5035796821117401,925,0.5287830263376236,0.5023802250623703
926,0.5035796821117401,926,0.5287830263376236,0.5023802250623703
927,0.5035796821117401,927,0.5287830263376236,0.5023802250623703
928,0.5035796821117401,928,0.5287830263376236,0.5023802250623703
929,0.5035796821117401,929,0.5287830263376236,0.5023802250623703
930,0.5035796821117401,930,0.5287830263376236,0.5023802250623703
931,0.5035796821117401,931,0.5287830263376236,0.5023802250623703
932,0.5035796821117401,932,0.5287830263376236,0.5023802250623703
933,0.5035796821117401,933,0.5287830263376236,0.5023802250623703
934,0.5035796821117401,934,0.5287830263376236,0.5023802250623703
935,0.5035796821117401,935,0.5287830263376236,0.5023802250623703
936,0.5035796821117401,936,0.5287830263376236,0.5023802250623703
937,0.5035796821117401,937,0.5287830263376236,0.5023802250623703
938,0.5035796821117401,938,0.5287830263376236,0.5023802250623703
939,0.5035796821117401,939,0.5287830263376236,0.5023802250623703
940,0.5035796821117401,940,0.5287830263376236,0.5023802250623703
941,0.5035796821117401,941,0.5287830263376236,0.5023802250623703
942,0.5035796821117401,942,0.5287830263376236,0.5023802250623703
943,0.5035796821117401,943,0.5287830263376236,0.5023802250623703
944,0.5035796821117401,944,0.5287830263376236,0.5023802250623703
945,0.5035796821117401,945,0.5287830263376236,0.5023802250623703
946,0.5035796821117401,946,0.5287830263376236,0.5023802250623703
947,0.5035796821117401,947,0.5287830263376236,0.5023802250623703
948,0.5035796821117401,948,0.5287830263376236,0.5023802250623703
949,0.5035796821117401,949,0.5287830263376236,0.5023802250623703
950,0.5035796821117401,950,0.5287830263376236,0.5023802250623703
951,0.5035796821117401,951,0.5287830263376236,0.5023802250623703
952,0.5035796821117401,952,0.5287830263376236,0.5023802250623703
953,0.5035796821117401,953,0.5287830263376236,0.5023802250623703
954,0.5035796821117401,954,0.5287830263376236,0.5023802250623703
955,0.5035796821117401,955,0.5287830263376236,0.5023802250623703
956,0.5035796821117401,956,0.5287830263376236,0.5023802250623703
957,0.5035796821117401,957,0.5287830263376236,0.5023802250623703
958,0.5035796821117401,958,0.5287830263376236,0.5023802250623703
959,0.5035796821117401,959,0.5287830263376236,0.5023802250623703
960,0.5035796821117401,960,0.5287830263376236,0.5023802250623703
961,0.5035796821117401,961,0.5287830263376236,0.5023802250623703
962,0.5035796821117401,962,0.5287830263376236,0.5023802250623703
963,0.5035796821117401,963,0.5287830263376236,0.5023802250623703
964,0.5035796821117401,964,0.5287830263376236,0.5023802250623703
965,0.5035796821117401,965,0.5287830263376236,0.5023802250623703
966,0.5035796821117401,966,0.5287830263376236,0.5023802250623703
967,0.5035796821117401,967,0.5287830263376236,0.5023802250623703
968,0.5035796821117401,968,0.5287830263376236,0.5023802250623703
969,0.5035796821117401,969,0.5287830263376236,0.5023802250623703
970,0.5035796821117401,970,0.5287830263376236,0.5023802250623703
971,0.5035796821117401,971,0.5287830263376236,0.5023802250623703
972,0.5035796821117401,972,0.5287830263376236,0.5023802250623703
973,0.5035796821117401,973,0.5287830263376236,0.5023802250623703
974,0.5035796821117401,974,0.5287830263376236,0.5023802250623703
975,0.5035796821117401,975,0.5287830263376236,0.5023802250623703
976,0.5035796821117401,976,0.5287830263376236,0.5023802250623703
977,0.5035796821117401,977,0.5287830263376236,0.5023802250623703
978,0.5035796821117401,978,0.5287830263376236,0.5023802250623703
979,0.5035796821117401,979,0.5287830263376236,0.5023802250623703
980,0.5035796821117401,980,0.5287830263376236,0.5023802250623703
981,0.5035796821117401,981,0.5287830263376236,0.5023802250623703
982,0.5035796821117401,982,0.5287830263376236,0.5023802250623703
983,0.5035796821117401,983,0.5287830263376236,0.5023802250623703
984,0.5035796821117401,984,0.5287830263376236,0.5023802250623703
985,0.5035796821117401,985,0.5287830263376236,0.5023802250623703
986,0.5035796821117401,986,0.5287830263376236,0.5023802250623703
987,0.5035796821117401,987,0.5287830263376236,0.5023802250623703
988,0.5035796821117401,988,0.5287830263376236,0.5023802250623703
989,0.5035796821117401,989,0.5287830263376236,0.5023802250623703
990,0.5035796821117401,990,0.5287830263376236,0.5023802250623703
991,0.5035796821117401,991,0.5287830263376236,0.5023802250623703
992,0.5035796821117401,992,0.5287830263376236,0.5023802250623703
993,0.5035796821117401,993,0.5287830263376236,0.5023802250623703
994,0.5035796821117401,994,0.5287830263376236,0.5023802250623703
995,0.5035796821117401,995,0.5287830263376236,0.5023802250623703
996,0.5035796821117401,996,0.5287830263376236,0.5023802250623703
997,0.5035796821117401,997,0.5287830263376236,0.5023802250623703
998,0.5035796821117401,998,0.5287830263376236,0.5023802250623703
999,0.5035796821117401,999,0.5287830263376236,0.5023802250623703
1000,0.5018467426300048,1000,0.5305878520011902,0.502769610285759
1001,0.5018467426300048,1001,0.5305878520011902,0.502769610285759
1002,0.5018467426300048,1002,0.5305878520011902,0.502769610285759
1003,0.5018467426300048,1003,0.5305878520011902,0.502769610285759
1004,0.5018467426300048,1004,0.5305878520011902,0.502769610285759
1005,0.5018467426300048,1005,0.5305878520011902,0.502769610285759
1006,0.5018467426300048,1006,0.5305878520011902,0.502769610285759
1007,0.5018467426300048,1007,0.5305878520011902,0.502769610285759
1008,0.5018467426300048,1008,0.5305878520011902,0.502769610285759
1009,0.5018467426300048,1009,0.5305878520011902,0.502769610285759
1010,0.5018467426300048,1010,0.5305878520011902,0.502769610285759
1011,0.5018467426300048,1011,0.5305878520011902,0.502769610285759
1012,0.5018467426300048,1012,0.5305878520011902,0.502769610285759
1013,0.5018467426300048,1013,0.5305878520011902,0.502769610285759
1014,0.5018467426300048,1014,0.5305878520011902,0.502769610285759
1015,0.5018467426300048,1015,0.5305878520011902,0.502769610285759
1016,0.5018467426300048,1016,0.5305878520011902,0.502769610285759
1017,0.5018467426300048,1017,0.5305878520011902,0.502769610285759
1018,0.5018467426300048,1018,0.5305878520011902,0.502769610285759
1019,0.5018467426300048,1019,0.5305878520011902,0.502769610285759
1020,0.5018467426300048,1020,0.5305878520011902,0.502769610285759
1021,0.5018467426300048,1021,0.5305878520011902,0.502769610285759
1022,0.5018467426300048,1022,0.5305878520011902,0.502769610285759
1023,0.5018467426300048,1023,0.5305878520011902,0.502769610285759
1024,0.5018467426300048,1024,0.5305878520011902,0.502769610285759
1025,0.5018467426300048,1025,0.5305878520011902,0.502769610285759
1026,0.5018467426300048,1026,0.5305878520011902,0.502769610285759
1027,0.5018467426300048,1027,0.5305878520011902,0.502769610285759
1028,0.5018467426300048,1028,0.5305878520011902,0.502769610285759
1029,0.5018467426300048,1029,0.5305878520011902,0.502769610285759
1030,0.5018467426300048,1030,0.5305878520011902,0.502769610285759
1031,0.5018467426300048,1031,0.5305878520011902,0.502769610285759
1032,0.5018467426300048,1032,0.5305878520011902,0.502769610285759
1033,0.5018467426300048,1033,0.5305878520011902,0.502769610285759
1034,0.5018467426300048,1034,0.5305878520011902,0.502769610285759
1035,0.5018467426300048,1035,0.5305878520011902,0.502769610285759
1036,0.5018467426300048,1036,0.5305878520011902,0.502769610285759
1037,0.5018467426300048,1037,0.5305878520011902,0.502769610285759
1038,0.5018467426300048,1038,0.5305878520011902,0.502769610285759
1039,0.5018467426300048,1039,0.5305878520011902,0.502769610285759
1040,0.5018467426300048,1040,0.5305878520011902,0.502769610285759
1041,0.5018467426300048,1041,0.5305878520011902,0.502769610285759
1042,0.5018467426300048,1042,0.5305878520011902,0.502769610285759
1043,0.5018467426300048,1043,0.5305878520011902,0.502769610285759
1044,0.5018467426300048,1044,0.5305878520011902,0.502769610285759
1045,0.5018467426300048,1045,0.5305878520011902,0.502769610285759
1046,0.5018467426300048,1046,0.5305878520011902,0.502769610285759
1047,0.5018467426300048,1047,0.5305878520011902,0.502769610285759
1048,0.5018467426300048,1048,0.5305878520011902,0.502769610285759
1049,0.5018467426300048,1049,0.5305878520011902,0.502769610285759
1050,0.5018467426300048,1050,0.5305878520011902,0.502769610285759
1051,0.5018467426300048,1051,0.5305878520011902,0.502769610285759
1052,0.5018467426300048,1052,0.5305878520011902,0.502769610285759
1053,0.5018467426300048,1053,0.5305878520011902,0.502769610285759
1054,0.5018467426300048,1054,0.5305878520011902,0.502769610285759
1055,0.5018467426300048,1055,0.5305878520011902,0.502769610285759
1056,0.5018467426300048,1056,0.5305878520011902,0.502769610285759
1057,0.5018467426300048,1057,0.5305878520011902,0.502769610285759
1058,0.5018467426300048,1058,0.5305878520011902,0.502769610285759
1059,0.5018467426300048,1059,0.5305878520011902,0.502769610285759
1060,0.5018467426300048,1060,0.5305878520011902,0.502769610285759
1061,0.5018467426300048,1061,0.5305878520011902,0.502769610285759
1062,0.5018467426300048,1062,0.5305878520011902,0.502769610285759
1063,0.5018467426300048,1063,0.5305878520011902,0.502769610285759
1064,0.5018467426300048,1064,0.5305878520011902,0.502769610285759
1065,0.5018467426300048,1065,0.5305878520011902,0.502769610285759
1066,0.5018467426300048,1066,0.5305878520011902,0.502769610285759
1067,0.5018467426300048,1067,0.5305878520011902,0.502769610285759
1068,0.5018467426300048,1068,0.5305878520011902,0.502769610285759
1069,0.5018467426300048,1069,0.5305878520011902,0.502769610285759
1070,0.5018467426300048,1070,0.5305878520011902,0.502769610285759
1071,0.5018467426300048,1071,0.5305878520011902,0.502769610285759
1072,0.5018467426300048,1072,0.5305878520011902,0.502769610285759
1073,0.5018467426300048,1073,0.5305878520011902,0.502769610285759
1074,0.5018467426300048,1074,0.5305878520011902,0.502769610285759
1075,0.5018467426300048,1075,0.5305878520011902,0.502769610285759
1076,0.5018467426300048,1076,0.5305878520011902,0.502769610285759
1077,0.5018467426300048,1077,0.5305878520011902,0.502769610285759
1078,0.5018467426300048,1078,0.5305878520011902,0.502769610285759
1079,0.5018467426300048,1079,0.5305878520011902,0.502769610285759
1080,0.5018467426300048,1080,0.5305878520011902,0.502769610285759
1081,0.5018467426300048,1081,0.5305878520011902,0.502769610285759
1082,0.5018467426300048,1082,0.5305878520011902,0.502769610285759
1083,0.5018467426300048,1083,0.5305878520011902,0.502769610285759
1084,0.5018467426300048,1084,0.5305878520011902,0.502769610285759
1085,0.5018467426300048,1085,0.5305878520011902,0.502769610285759
1086,0.5018467426300048,1086,0.5305878520011902,0.502769610285759
1087,0.5018467426300048,1087,0.5305878520011902,0.502769610285759
1088,0.5018467426300048,1088,0.5305878520011902,0.502769610285759
1089,0.5018467426300048,1089,0.5305878520011902,0.502769610285759
1090,0.5018467426300048,1090,0.5305878520011902,0.502769610285759
1091,0.5018467426300048,1091,0.5305878520011902,0.502769610285759
1092,0.5018467426300048,1092,0.5305878520011902,0.502769610285759
1093,0.5018467426300048,1093,0.5305878520011902,0.502769610285759
1094,0.5018467426300048,1094,0.5305878520011902,0.502769610285759
1095,0.5018467426300048,1095,0.5305878520011902,0.502769610285759
1096,0.5018467426300048,1096,0.5305878520011902,0.502769610285759
1097,0.5018467426300048,1097,0.5305878520011902,0.502769610285759
1098,0.5018467426300048,1098,0.5305878520011902,0.502769610285759
1099,0.5018467426300048,1099,0.5305878520011902,0.502769610285759
1100,0.5018467426300048,1100,0.5305878520011902,0.502769610285759
1101,0.5018467426300048,1101,0.5305878520011902,0.502769610285759
1102,0.5018467426300048,1102,0.5305878520011902,0.502769610285759
1103,0.5018467426300048,1103,0.5305878520011902,0.502769610285759
1104,0.5018467426300048,1104,0.5305878520011902,0.502769610285759
1105,0.5018467426300048,1105,0.5305878520011902,0.502769610285759
1106,0.5018467426300048,1106,0.5305878520011902,0.502769610285759
1107,0.5018467426300048,1107,0.5305878520011902,0.502769610285759
1108,0.5018467426300048,1108,0.5305878520011902,0.502769610285759
1109,0.5018467426300048,1109,0.5305878520011902,0.502769610285759
1110,0.5018467426300048,1110,0.5305878520011902,0.502769610285759
1111,0.5018467426300048,1111,0.5305878520011902,0.502769610285759
1112,0.5018467426300048,1112,0.5305878520011902,0.502769610285759
1113,0.5018467426300048,1113,0.5305878520011902,0.502769610285759
1114,0.5018467426300048,1114,0.5305878520011902,0.502769610285759
1115,0.5018467426300048,1115,0.5305878520011902,0.502769610285759
1116,0.5018467426300048,1116,0.5305878520011902,0.502769610285759
1117,0.5018467426300048,1117,0.5305878520011902,0.502769610285759
1118,0.5018467426300048,1118,0.5305878520011902,0.502769610285759
1119,0.5018467426300048,1119,0.5305878520011902,0.502769610285759
1120,0.5018467426300048,1120,0.5305878520011902,0.502769610285759
1121,0.5018467426300048,1121,0.5305878520011902,0.502769610285759
1122,0.5018467426300048,1122,0.5305878520011902,0.502769610285759
1123,0.5018467426300048,1123,0.5305878520011902,0.502769610285759
1124,0.5018467426300048,1124,0.5305878520011902,0.502769610285759
1125,0.5018467426300048,1125,0.5305878520011902,0.502769610285759
1126,0.5018467426300048,1126,0.5305878520011902,0.502769610285759
1127,0.5018467426300048,1127,0.5305878520011902,0.502769610285759
1128,0.5018467426300048,1128,0.5305878520011902,0.502769610285759
1129,0.5018467426300048,1129,0.5305878520011902,0.502769610285759
1130,0.5018467426300048,1130,0.5305878520011902,0.502769610285759
1131,0.5018467426300048,1131,0.5305878520011902,0.502769610285759
1132,0.5018467426300048,1132,0.5305878520011902,0.502769610285759
1133,0.5018467426300048,1133,0.5305878520011902,0.502769610285759
1134,0.5018467426300048,1134,0.5305878520011902,0.502769610285759
1135,0.5018467426300048,1135,0.5305878520011902,0.502769610285759
1136,0.5018467426300048,1136,0.5305878520011902,0.502769610285759
1137,0.5018467426300048,1137,0.5305878520011902,0.502769610285759
1138,0.5018467426300048,1138,0.5305878520011902,0.502769610285759
1139,0.5018467426300048,1139,0.5305878520011902,0.502769610285759
1140,0.5018467426300048,1140,0.5305878520011902,0.502769610285759
1141,0.5018467426300048,1141,0.5305878520011902,0.502769610285759
1142,0.5018467426300048,1142,0.5305878520011902,0.502769610285759
1143,0.5018467426300048,1143,0.5305878520011902,0.502769610285759
1144,0.5018467426300048,1144,0.5305878520011902,0.502769610285759
1145,0.5018467426300048,1145,0.5305878520011902,0.502769610285759
1146,0.5018467426300048,1146,0.5305878520011902,0.502769610285759
1147,0.5018467426300048,1147,0.5305878520011902,0.502769610285759
1148,0.5018467426300048,1148,0.5305878520011902,0.502769610285759
1149,0.5018467426300048,1149,0.5305878520011902,0.502769610285759
1150,0.5018467426300048,1150,0.5305878520011902,0.502769610285759
1151,0.5018467426300048,1151,0.5305878520011902,0.502769610285759
1152,0.5018467426300048,1152,0.5305878520011902,0.502769610285759
1153,0.5018467426300048,1153,0.5305878520011902,0.502769610285759
1154,0.5018467426300048,1154,0.5305878520011902,0.502769610285759
1155,0.5018467426300048,1155,0.5305878520011902,0.502769610285759
1156,0.5018467426300048,1156,0.5305878520011902,0.502769610285759
1157,0.5018467426300048,1157,0.5305878520011902,0.502769610285759
1158,0.5018467426300048,1158,0.5305878520011902,0.502769610285759
1159,0.5018467426300048,1159,0.5305878520011902,0.502769610285759
1160,0.5018467426300048,1160,0.5305878520011902,0.502769610285759
1161,0.5018467426300048,1161,0.5305878520011902,0.502769610285759
1162,0.5018467426300048,1162,0.5305878520011902,0.502769610285759
1163,0.5018467426300048,1163,0.5305878520011902,0.502769610285759
1164,0.5018467426300048,1164,0.5305878520011902,0.502769610285759
1165,0.5018467426300048,1165,0.5305878520011902,0.502769610285759
1166,0.5018467426300048,1166,0.5305878520011902,0.502769610285759
1167,0.5018467426300048,1167,0.5305878520011902,0.502769610285759
1168,0.5018467426300048,1168,0.5305878520011902,0.502769610285759
1169,0.5018467426300048,1169,0.5305878520011902,0.502769610285759
1170,0.5018467426300048,1170,0.5305878520011902,0.502769610285759
1171,0.5018467426300048,1171,0.5305878520011902,0.502769610285759
1172,0.5018467426300048,1172,0.5305878520011902,0.502769610285759
1173,0.5018467426300048,1173,0.5305878520011902,0.502769610285759
1174,0.5018467426300048,1174,0.5305878520011902,0.502769610285759
1175,0.5018467426300048,1175,0.5305878520011902,0.502769610285759
1176,0.5018467426300048,1176,0.5305878520011902,0.502769610285759
1177,0.5018467426300048,1177,0.5305878520011902,0.502769610285759
1178,0.5018467426300048,1178,0.5305878520011902,0.502769610285759
1179,0.5018467426300048,1179,0.5305878520011902,0.502769610285759
1180,0.5018467426300048,1180,0.5305878520011902,0.502769610285759
1181,0.5018467426300048,1181,0.5305878520011902,0.502769610285759
1182,0.5018467426300048,1182,0.5305878520011902,0.502769610285759
1183,0.5018467426300048,1183,0.5305878520011902,0.502769610285759
1184,0.5018467426300048,1184,0.5305878520011902,0.502769610285759
1185,0.5018467426300048,1185,0.5305878520011902,0.502769610285759
1186,0.5018467426300048,1186,0.5305878520011902,0.502769610285759
1187,0.5018467426300048,1187,0.5305878520011902,0.502769610285759
1188,0.5018467426300048,1188,0.5305878520011902,0.502769610285759
1189,0.5018467426300048,1189,0.5305878520011902,0.502769610285759
1190,0.5018467426300048,1190,0.5305878520011902,0.502769610285759
1191,0.5018467426300048,1191,0.5305878520011902,0.502769610285759
1192,0.5018467426300048,1192,0.5305878520011902,0.502769610285759
1193,0.5018467426300048,1193,0.5305878520011902,0.502769610285759
1194,0.5018467426300048,1194,0.5305878520011902,0.502769610285759
1195,0.5018467426300048,1195,0.5305878520011902,0.502769610285759
1196,0.5018467426300048,1196,0.5305878520011902,0.502769610285759
1197,0.5018467426300048,1197,0.5305878520011902,0.502769610285759
1198,0.5018467426300048,1198,0.5305878520011902,0.502769610285759
1199,0.5018467426300048,1199,0.5305878520011902,0.502769610285759
1200,0.5018467426300048,1200,0.5305878520011902,0.502769610285759
1201,0.5018467426300048,1201,0.5305878520011902,0.502769610285759
1202,0.5018467426300048,1202,0.5305878520011902,0.502769610285759
1203,0.5018467426300048,1203,0.5305878520011902,0.502769610285759
1204,0.5018467426300048,1204,0.5305878520011902,0.502769610285759
1205,0.5018467426300048,1205,0.5305878520011902,0.502769610285759
1206,0.5018467426300048,1206,0.5305878520011902,0.502769610285759
1207,0.5018467426300048,1207,0.5305878520011902,0.502769610285759
1208,0.5018467426300048,1208,0.5305878520011902,0.502769610285759
1209,0.5018467426300048,1209,0.5305878520011902,0.502769610285759
1210,0.5018467426300048,1210,0.5305878520011902,0.502769610285759
1211,0.5018467426300048,1211,0.5305878520011902,0.502769610285759
1212,0.5018467426300048,1212,0.5305878520011902,0.502769610285759
1213,0.5018467426300048,1213,0.5305878520011902,0.502769610285759
1214,0.5018467426300048,1214,0.5305878520011902,0.502769610285759
1215,0.5018467426300048,1215,0.5305878520011902,0.502769610285759
1216,0.5018467426300048,1216,0.5305878520011902,0.502769610285759
1217,0.5018467426300048,1217,0.5305878520011902,0.502769610285759
1218,0.5018467426300048,1218,0.5305878520011902,0.502769610285759
1219,0.5018467426300048,1219,0.5305878520011902,0.502769610285759
1220,0.5018467426300048,1220,0.5305878520011902,0.502769610285759
1221,0.5018467426300048,1221,0.5305878520011902,0.502769610285759
1222,0.5018467426300048,1222,0.5305878520011902,0.502769610285759
1223,0.5018467426300048,1223,0.5305878520011902,0.502769610285759
1224,0.5018467426300048,1224,0.5305878520011902,0.502769610285759
1225,0.5018467426300048,1225,0.5305878520011902,0.502769610285759
1226,0.5018467426300048,1226,0.5305878520011902,0.502769610285759
1227,0.5018467426300048,1227,0.5305878520011902,0.502769610285759
1228,0.5018467426300048,1228,0.5305878520011902,0.502769610285759
1229,0.5018467426300048,1229,0.5305878520011902,0.502769610285759
1230,0.5018467426300048,1230,0.5305878520011902,0.502769610285759
1231,0.5018467426300048,1231,0.5305878520011902,0.502769610285759
1232,0.5018467426300048,1232,0.5305878520011902,0.502769610285759
1233,0.5018467426300048,1233,0.5305878520011902,0.502769610285759
1234,0.5018467426300048,1234,0.5305878520011902,0.502769610285759
1235,0.5018467426300048,1235,0.5305878520011902,0.502769610285759
1236,0.5018467426300048,1236,0.5305878520011902,0.502769610285759
1237,0.5018467426300048,1237,0.5305878520011902,0.502769610285759
1238,0.5018467426300048,1238,0.5305878520011902,0.502769610285759
1239,0.5018467426300048,1239,0.5305878520011902,0.502769610285759
1240,0.5018467426300048,1240,0.5305878520011902,0.502769610285759
1241,0.5018467426300048,1241,0.5305878520011902,0.502769610285759
1242,0.5018467426300048,1242,0.5305878520011902,0.502769610285759
1243,0.5018467426300048,1243,0.5305878520011902,0.502769610285759
1244,0.5018467426300048,1244,0.5305878520011902,0.502769610285759
1245,0.5018467426300048,1245,0.5305878520011902,0.502769610285759
1246,0.5018467426300048,1246,0.5305878520011902,0.502769610285759
1247,0.5018467426300048,1247,0.5305878520011902,0.502769610285759
1248,0.5018467426300048,1248,0.5305878520011902,0.502769610285759
1249,0.5018467426300048,1249,0.5305878520011902,0.502769610285759
1250,0.5023462265729904,1250,0.5379920989274979,0.5027639329433441
1251,0.5023462265729904,1251,0.5379920989274979,0.5027639329433441
1252,0.5023462265729904,1252,0.5379920989274979,0.5027639329433441
1253,0.5023462265729904,1253,0.5379920989274979,0.5027639329433441
1254,0.5023462265729904,1254,0.5379920989274979,0.5027639329433441
1255,0.5023462265729904,1255,0.5379920989274979,0.5027639329433441
1256,0.5023462265729904,1256,0.5379920989274979,0.5027639329433441
1257,0.5023462265729904,1257,0.5379920989274979,0.5027639329433441
1258,0.5023462265729904,1258,0.5379920989274979,0.5027639329433441
1259,0.5023462265729904,1259,0.5379920989274979,0.5027639329433441
1260,0.5023462265729904,1260,0.5379920989274979,0.5027639329433441
1261,0.5023462265729904,1261,0.5379920989274979,0.5027639329433441
1262,0.5023462265729904,1262,0.5379920989274979,0.5027639329433441
1263,0.5023462265729904,1263,0.5379920989274979,0.5027639329433441
1264,0.5023462265729904,1264,0.5379920989274979,0.5027639329433441
1265,0.5023462265729904,1265,0.5379920989274979,0.5027639329433441
1266,0.5023462265729904,1266,0.5379920989274979,0.5027639329433441
1267,0.5023462265729904,1267,0.5379920989274979,0.5027639329433441
1268,0.5023462265729904,1268,0.5379920989274979,0.5027639329433441
1269,0.5023462265729904,1269,0.5379920989274979,0.5027639329433441
1270,0.5023462265729904,1270,0.5379920989274979,0.5027639329433441
1271,0.5023462265729904,1271,0.5379920989274979,0.5027639329433441
1272,0.5023462265729904,1272,0.5379920989274979,0.5027639329433441
1273,0.5023462265729904,1273,0.5379920989274979,0.5027639329433441
1274,0.5023462265729904,1274,0.5379920989274979,0.5027639329433441
1275,0.5023462265729904,1275,0.5379920989274979,0.5027639329433441
1276,0.5023462265729904,1276,0.5379920989274979,0.5027639329433441
1277,0.5023462265729904,1277,0.5379920989274979,0.5027639329433441
1278,0.5023462265729904,1278,0.5379920989274979,0.5027639329433441
1279,0.5023462265729904,1279,0.5379920989274979,0.5027639329433441
1280,0.5023462265729904,1280,0.5379920989274979,0.5027639329433441
1281,0.5023462265729904,1281,0.5379920989274979,0.5027639329433441
1282,0.5023462265729904,1282,0.5379920989274979,0.5027639329433441
1283,0.5023462265729904,1283,0.5379920989274979,0.5027639329433441
1284,0.5023462265729904,1284,0.5379920989274979,0.5027639329433441
1285,0.5023462265729904,1285,0.5379920989274979,0.5027639329433441
1286,0.5023462265729904,1286,0.5379920989274979,0.5027639329433441
1287,0.5023462265729904,1287,0.5379920989274979,0.5027639329433441
1288,0.5023462265729904,1288,0.5379920989274979,0.5027639329433441
1289,0.5023462265729904,1289,0.5379920989274979,0.5027639329433441
1290,0.5023462265729904,1290,0.5379920989274979,0.5027639329433441
1291,0.5023462265729904,1291,0.5379920989274979,0.5027639329433441
1292,0.5023462265729904,1292,0.5379920989274979,0.5027639329433441
1293,0.5023462265729904,1293,0.5379920989274979,0.5027639329433441
1294,0.5023462265729904,1294,0.5379920989274979,0.5027639329433441
1295,0.5023462265729904,1295,0.5379920989274979,0.5027639329433441
1296,0.5023462265729904,1296,0.5379920989274979,0.5027639329433441
1297,0.5023462265729904,1297,0.5379920989274979,0.5027639329433441
1298,0.5023462265729904,1298,0.5379920989274979,0.5027639329433441
1299,0.5023462265729904,1299,0.5379920989274979,0.5027639329433441
1300,0.5023462265729904,1300,0.5379920989274979,0.5027639329433441
1301,0.5023462265729904,1301,0.5379920989274979,0.5027639329433441
1302,0.5023462265729904,1302,0.5379920989274979,0.5027639329433441
1303,0.5023462265729904,1303,0.5379920989274979,0.5027639329433441
1304,0.5023462265729904,1304,0.5379920989274979,0.5027639329433441
1305,0.5023462265729904,1305,0.5379920989274979,0.5027639329433441
1306,0.5023462265729904,1306,0.5379920989274979,0.5027639329433441
1307,0.5023462265729904,1307,0.5379920989274979,0.5027639329433441
1308,0.5023462265729904,1308,0.5379920989274979,0.5027639329433441
1309,0.5023462265729904,1309,0.5379920989274979,0.5027639329433441
1310,0.5023462265729904,1310,0.5379920989274979,0.5027639329433441
1311,0.5023462265729904,1311,0.5379920989274979,0.5027639329433441
1312,0.5023462265729904,1312,0.5379920989274979,0.5027639329433441
1313,0.5023462265729904,1313,0.5379920989274979,0.5027639329433441
1314,0.5023462265729904,1314,0.5379920989274979,0.5027639329433441
1315,0.5023462265729904,1315,0.5379920989274979,0.5027639329433441
1316,0.5023462265729904,1316,0.5379920989274979,0.5027639329433441
1317,0.5023462265729904,1317,0.5379920989274979,0.5027639329433441
1318,0.5023462265729904,1318,0.5379920989274979,0.5027639329433441
1319,0.5023462265729904,1319,0.5379920989274979,0.5027639329433441
1320,0.5023462265729904,1320,0.5379920989274979,0.5027639329433441
1321,0.5023462265729904,1321,0.5379920989274979,0.5027639329433441
1322,0.5023462265729904,1322,0.5379920989274979,0.5027639329433441
1323,0.5023462265729904,1323,0.5379920989274979,0.5027639329433441
1324,0.5023462265729904,1324,0.5379920989274979,0.5027639329433441
1325,0.5023462265729904,1325,0.5379920989274979,0.5027639329433441
1326,0.5023462265729904,1326,0.5379920989274979,0.5027639329433441
1327,0.5023462265729904,1327,0.5379920989274979,0.5027639329433441
1328,0.5023462265729904,1328,0.5379920989274979,0.5027639329433441
1329,0.5023462265729904,1329,0.5379920989274979,0.5027639329433441
1330,0.5023462265729904,1330,0.5379920989274979,0.5027639329433441
1331,0.5023462265729904,1331,0.5379920989274979,0.5027639329433441
1332,0.5023462265729904,1332,0.5379920989274979,0.5027639329433441
1333,0.5023462265729904,1333,0.5379920989274979,0.5027639329433441
1334,0.5023462265729904,1334,0.5379920989274979,0.5027639329433441
1335,0.5023462265729904,1335,0.5379920989274979,0.5027639329433441
1336,0.5023462265729904,1336,0.5379920989274979,0.5027639329433441
1337,0.5023462265729904,1337,0.5379920989274979,0.5027639329433441
1338,0.5023462265729904,1338,0.5379920989274979,0.5027639329433441
1339,0.5023462265729904,1339,0.5379920989274979,0.5027639329433441
1340,0.5023462265729904,1340,0.5379920989274979,0.5027639329433441
1341,0.5023462265729904,1341,0.5379920989274979,0.5027639329433441
1342,0.5023462265729904,1342,0.5379920989274979,0.5027639329433441
1343,0.5023462265729904,1343,0.5379920989274979,0.5027639329433441
1344,0.5023462265729904,1344,0.5379920989274979,0.5027639329433441
1345,0.5023462265729904,1345,0.5379920989274979,0.5027639329433441
1346,0.5023462265729904,1346,0.5379920989274979,0.5027639329433441
1347,0.5023462265729904,1347,0.5379920989274979,0.5027639329433441
1348,0.5023462265729904,1348,0.5379920989274979,0.5027639329433441
1349,0.5023462265729904,1349,0.5379920989274979,0.5027639329433441
1350,0.5023462265729904,1350,0.5379920989274979,0.5027639329433441
1351,0.5023462265729904,1351,0.5379920989274979,0.5027639329433441
1352,0.5023462265729904,1352,0.5379920989274979,0.5027639329433441
1353,0.5023462265729904,1353,0.5379920989274979,0.5027639329433441
1354,0.5023462265729904,1354,0.5379920989274979,0.5027639329433441
1355,0.5023462265729904,1355,0.5379920989274979,0.5027639329433441
1356,0.5023462265729904,1356,0.5379920989274979,0.5027639329433441
1357,0.5023462265729904,1357,0.5379920989274979,0.5027639329433441
1358,0.5023462265729904,1358,0.5379920989274979,0.5027639329433441
1359,0.5023462265729904,1359,0.5379920989274979,0.5027639329433441
1360,0.5023462265729904,1360,0.5379920989274979,0.5027639329433441
1361,0.5023462265729904,1361,0.5379920989274979,0.5027639329433441
1362,0.5023462265729904,1362,0.5379920989274979,0.5027639329433441
1363,0.5023462265729904,1363,0.5379920989274979,0.5027639329433441
1364,0.5023462265729904,1364,0.5379920989274979,0.5027639329433441
1365,0.5023462265729904,1365,0.5379920989274979,0.5027639329433441
1366,0.5023462265729904,1366,0.5379920989274979,0.5027639329433441
1367,0.5023462265729904,1367,0.5379920989274979,0.5027639329433441
1368,0.5023462265729904,1368,0.5379920989274979,0.5027639329433441
1369,0.5023462265729904,1369,0.5379920989274979,0.5027639329433441
1370,0.5023462265729904,1370,0.5379920989274979,0.5027639329433441
1371,0.5023462265729904,1371,0.5379920989274979,0.5027639329433441
1372,0.5023462265729904,1372,0.5379920989274979,0.5027639329433441
1373,0.5023462265729904,1373,0.5379920989274979,0.5027639329433441
1374,0.5023462265729904,1374,0.5379920989274979,0.5027639329433441
1375,0.5023462265729904,1375,0.5379920989274979,0.5027639329433441
1376,0.5023462265729904,1376,0.5379920989274979,0.5027639329433441
1377,0.5023462265729904,1377,0.5379920989274979,0.5027639329433441
1378,0.5023462265729904,1378,0.5379920989274979,0.5027639329433441
1379,0.5023462265729904,1379,0.5379920989274979,0.5027639329433441
1380,0.5023462265729904,1380,0.5379920989274979,0.5027639329433441
1381,0.5023462265729904,1381,0.5379920989274979,0.5027639329433441
1382,0.5023462265729904,1382,0.5379920989274979,0.5027639329433441
1383,0.5023462265729904,1383,0.5379920989274979,0.5027639329433441
1384,0.5023462265729904,1384,0.5379920989274979,0.5027639329433441
1385,0.5023462265729904,1385,0.5379920989274979,0.5027639329433441
1386,0.5023462265729904,1386,0.5379920989274979,0.5027639329433441
1387,0.5023462265729904,1387,0.5379920989274979,0.5027639329433441
1388,0.5023462265729904,1388,0.5379920989274979,0.5027639329433441
1389,0.5023462265729904,1389,0.5379920989274979,0.5027639329433441
1390,0.5023462265729904,1390,0.5379920989274979,0.5027639329433441
1391,0.5023462265729904,1391,0.5379920989274979,0.5027639329433441
1392,0.5023462265729904,1392,0.5379920989274979,0.5027639329433441
1393,0.5023462265729904,1393,0.5379920989274979,0.5027639329433441
1394,0.5023462265729904,1394,0.5379920989274979,0.5027639329433441
1395,0.5023462265729904,1395,0.5379920989274979,0.5027639329433441
1396,0.5023462265729904,1396,0.5379920989274979,0.5027639329433441
1397,0.5023462265729904,1397,0.5379920989274979,0.5027639329433441
1398,0.5023462265729904,1398,0.5379920989274979,0.5027639329433441
1399,0.5023462265729904,1399,0.5379920989274979,0.5027639329433441
1400,0.5023462265729904,1400,0.5379920989274979,0.5027639329433441
1401,0.5023462265729904,1401,0.5379920989274979,0.5027639329433441
1402,0.5023462265729904,1402,0.5379920989274979,0.5027639329433441
1403,0.5023462265729904,1403,0.5379920989274979,0.5027639329433441
1404,0.5023462265729904,1404,0.5379920989274979,0.5027639329433441
1405,0.5023462265729904,1405,0.5379920989274979,0.5027639329433441
1406,0.5023462265729904,1406,0.5379920989274979,0.5027639329433441
1407,0.5023462265729904,1407,0.5379920989274979,0.5027639329433441
1408,0.5023462265729904,1408,0.5379920989274979,0.5027639329433441
1409,0.5023462265729904,1409,0.5379920989274979,0.5027639329433441
1410,0.5023462265729904,1410,0.5379920989274979,0.5027639329433441
1411,0.5023462265729904,1411,0.5379920989274979,0.5027639329433441
1412,0.5023462265729904,1412,0.5379920989274979,0.5027639329433441
1413,0.5023462265729904,1413,0.5379920989274979,0.5027639329433441
1414,0.5023462265729904,1414,0.5379920989274979,0.5027639329433441
1415,0.5023462265729904,1415,0.5379920989274979,0.5027639329433441
1416,0.5023462265729904,1416,0.5379920989274979,0.5027639329433441
1417,0.5023462265729904,1417,0.5379920989274979,0.5027639329433441
1418,0.5023462265729904,1418,0.5379920989274979,0.5027639329433441
1419,0.5023462265729904,1419,0.5379920989274979,0.5027639329433441
1420,0.5023462265729904,1420,0.5379920989274979,0.5027639329433441
1421,0.5023462265729904,1421,0.5379920989274979,0.5027639329433441
1422,0.5023462265729904,1422,0.5379920989274979,0.5027639329433441
1423,0.5023462265729904,1423,0.5379920989274979,0.5027639329433441
1424,0.5023462265729904,1424,0.5379920989274979,0.5027639329433441
1425,0.5023462265729904,1425,0.5379920989274979,0.5027639329433441
1426,0.5023462265729904,1426,0.5379920989274979,0.5027639329433441
1427,0.5023462265729904,1427,0.5379920989274979,0.5027639329433441
1428,0.5023462265729904,1428,0.5379920989274979,0.5027639329433441
1429,0.5023462265729904,1429,0.5379920989274979,0.5027639329433441
1430,0.5023462265729904,1430,0.5379920989274979,0.5027639329433441
1431,0.5023462265729904,1431,0.5379920989274979,0.5027639329433441
1432,0.5023462265729904,1432,0.5379920989274979,0.5027639329433441
1433,0.5023462265729904,1433,0.5379920989274979,0.5027639329433441
1434,0.5023462265729904,1434,0.5379920989274979,0.5027639329433441
1435,0.5023462265729904,1435,0.5379920989274979,0.5027639329433441
1436,0.5023462265729904,1436,0.5379920989274979,0.5027639329433441
1437,0.5023462265729904,1437,0.5379920989274979,0.5027639329433441
1438,0.5023462265729904,1438,0.5379920989274979,0.5027639329433441
1439,0.5023462265729904,1439,0.5379920989274979,0.5027639329433441
1440,0.5023462265729904,1440,0.5379920989274979,0.5027639329433441
1441,0.5023462265729904,1441,0.5379920989274979,0.5027639329433441
1442,0.5023462265729904,1442,0.5379920989274979,0.5027639329433441
1443,0.5023462265729904,1443,0.5379920989274979,0.5027639329433441
1444,0.5023462265729904,1444,0.5379920989274979,0.5027639329433441
1445,0.5023462265729904,1445,0.5379920989274979,0.5027639329433441
1446,0.5023462265729904,1446,0.5379920989274979,0.5027639329433441
1447,0.5023462265729904,1447,0.5379920989274979,0.5027639329433441
1448,0.5023462265729904,1448,0.5379920989274979,0.5027639329433441
1449,0.5023462265729904,1449,0.5379920989274979,0.5027639329433441
1450,0.5023462265729904,1450,0.5379920989274979,0.5027639329433441
1451,0.5023462265729904,1451,0.5379920989274979,0.5027639329433441
1452,0.5023462265729904,1452,0.5379920989274979,0.5027639329433441
1453,0.5023462265729904,1453,0.5379920989274979,0.5027639329433441
1454,0.5023462265729904,1454,0.5379920989274979,0.5027639329433441
1455,0.5023462265729904,1455,0.5379920989274979,0.5027639329433441
1456,0.5023462265729904,1456,0.5379920989274979,0.5027639329433441
1457,0.5023462265729904,1457,0.5379920989274979,0.5027639329433441
1458,0.5023462265729904,1458,0.5379920989274979,0.5027639329433441
1459,0.5023462265729904,1459,0.5379920989274979,0.5027639329433441
1460,0.5023462265729904,1460,0.5379920989274979,0.5027639329433441
1461,0.5023462265729904,1461,0.5379920989274979,0.5027639329433441
1462,0.5023462265729904,1462,0.5379920989274979,0.5027639329433441
1463,0.5023462265729904,1463,0.5379920989274979,0.5027639329433441
1464,0.5023462265729904,1464,0.5379920989274979,0.5027639329433441
1465,0.5023462265729904,1465,0.5379920989274979,0.5027639329433441
1466,0.5023462265729904,1466,0.5379920989274979,0.5027639329433441
1467,0.5023462265729904,1467,0.5379920989274979,0.5027639329433441
1468,0.5023462265729904,1468,0.5379920989274979,0.5027639329433441
1469,0.5023462265729904,1469,0.5379920989274979,0.5027639329433441
1470,0.5023462265729904,1470,0.5379920989274979,0.5027639329433441
1471,0.5023462265729904,1471,0.5379920989274979,0.5027639329433441
1472,0.5023462265729904,1472,0.5379920989274979,0.5027639329433441
1473,0.5023462265729904,1473,0.5379920989274979,0.5027639329433441
1474,0.5023462265729904,1474,0.5379920989274979,0.5027639329433441
1475,0.5023462265729904,1475,0.5379920989274979,0.5027639329433441
1476,0.5023462265729904,1476,0.5379920989274979,0.5027639329433441
1477,0.5023462265729904,1477,0.5379920989274979,0.5027639329433441
1478,0.5023462265729904,1478,0.5379920989274979,0.5027639329433441
1479,0.5023462265729904,1479,0.5379920989274979,0.5027639329433441
1480,0.5023462265729904,1480,0.5379920989274979,0.5027639329433441
1481,0.5023462265729904,1481,0.5379920989274979,0.5027639329433441
1482,0.5023462265729904,1482,0.5379920989274979,0.5027639329433441
1483,0.5023462265729904,1483,0.5379920989274979,0.5027639329433441
1484,0.5023462265729904,1484,0.5379920989274979,0.5027639329433441
1485,0.5023462265729904,1485,0.5379920989274979,0.5027639329433441
1486,0.5023462265729904,1486,0.5379920989274979,0.5027639329433441
1487,0.5023462265729904,1487,0.5379920989274979,0.5027639329433441
1488,0.5023462265729904,1488,0.5379920989274979,0.5027639329433441
1489,0.5023462265729904,1489,0.5379920989274979,0.5027639329433441
1490,0.5023462265729904,1490,0.5379920989274979,0.5027639329433441
1491,0.5023462265729904,1491,0.5379920989274979,0.5027639329433441
1492,0.5023462265729904,1492,0.5379920989274979,0.5027639329433441
1493,0.5023462265729904,1493,0.5379920989274979,0.5027639329433441
1494,0.5023462265729904,1494,0.5379920989274979,0.5027639329433441
1495,0.5023462265729904,1495,0.5379920989274979,0.5027639329433441
1496,0.5023462265729904,1496,0.5379920989274979,0.5027639329433441
1497,0.5023462265729904,1497,0.5379920989274979,0.5027639329433441
1498,0.5023462265729904,1498,0.5379920989274979,0.5027639329433441
1499,0.5023462265729904,1499,0.5379920989274979,0.5027639329433441
1500,0.5023074984550476,1500,0.5366385757923127,0.5026705443859101
1501,0.5023074984550476,1501,0.5366385757923127,0.5026705443859101
1502,0.5023074984550476,1502,0.5366385757923127,0.5026705443859101
1503,0.5023074984550476,1503,0.5366385757923127,0.5026705443859101
1504,0.5023074984550476,1504,0.5366385757923127,0.5026705443859101
1505,0.5023074984550476,1505,0.5366385757923127,0.5026705443859101
1506,0.5023074984550476,1506,0.5366385757923127,0.5026705443859101
1507,0.5023074984550476,1507,0.5366385757923127,0.5026705443859101
1508,0.5023074984550476,1508,0.5366385757923127,0.5026705443859101
1509,0.5023074984550476,1509,0.5366385757923127,0.5026705443859101
1510,0.5023074984550476,1510,0.5366385757923127,0.5026705443859101
1511,0.5023074984550476,1511,0.5366385757923127,0.5026705443859101
1512,0.5023074984550476,1512,0.5366385757923127,0.5026705443859101
1513,0.5023074984550476,1513,0.5366385757923127,0.5026705443859101
1514,0.5023074984550476,1514,0.5366385757923127,0.5026705443859101
1515,0.5023074984550476,1515,0.5366385757923127,0.5026705443859101
1516,0.5023074984550476,1516,0.5366385757923127,0.5026705443859101
1517,0.5023074984550476,1517,0.5366385757923127,0.5026705443859101
1518,0.5023074984550476,1518,0.5366385757923127,0.5026705443859101
1519,0.5023074984550476,1519,0.5366385757923127,0.5026705443859101
1520,0.5023074984550476,1520,0.5366385757923127,0.5026705443859101
1521,0.5023074984550476,1521,0.5366385757923127,0.5026705443859101
1522,0.5023074984550476,1522,0.5366385757923127,0.5026705443859101
1523,0.5023074984550476,1523,0.5366385757923127,0.5026705443859101
1524,0.5023074984550476,1524,0.5366385757923127,0.5026705443859101
1525,0.5023074984550476,1525,0.5366385757923127,0.5026705443859101
1526,0.5023074984550476,1526,0.5366385757923127,0.5026705443859101
1527,0.5023074984550476,1527,0.5366385757923127,0.5026705443859101
1528,0.5023074984550476,1528,0.5366385757923127,0.5026705443859101
1529,0.5023074984550476,1529,0.5366385757923127,0.5026705443859101
1530,0.5023074984550476,1530,0.5366385757923127,0.5026705443859101
1531,0.5023074984550476,1531,0.5366385757923127,0.5026705443859101
1532,0.5023074984550476,1532,0.5366385757923127,0.5026705443859101
1533,0.5023074984550476,1533,0.5366385757923127,0.5026705443859101
1534,0.5023074984550476,1534,0.5366385757923127,0.5026705443859101
1535,0.5023074984550476,1535,0.5366385757923127,0.5026705443859101
1536,0.5023074984550476,1536,0.5366385757923127,0.5026705443859101
1537,0.5023074984550476,1537,0.5366385757923127,0.5026705443859101
1538,0.5023074984550476,1538,0.5366385757923127,0.5026705443859101
1539,0.5023074984550476,1539,0.5366385757923127,0.5026705443859101
1540,0.5023074984550476,1540,0.5366385757923127,0.5026705443859101
1541,0.5023074984550476,1541,0.5366385757923127,0.5026705443859101
1542,0.5023074984550476,1542,0.5366385757923127,0.5026705443859101
1543,0.5023074984550476,1543,0.5366385757923127,0.5026705443859101
1544,0.5023074984550476,1544,0.5366385757923127,0.5026705443859101
1545,0.5023074984550476,1545,0.5366385757923127,0.5026705443859101
1546,0.5023074984550476,1546,0.5366385757923127,0.5026705443859101
1547,0.5023074984550476,1547,0.5366385757923127,0.5026705443859101
1548,0.5023074984550476,1548,0.5366385757923127,0.5026705443859101
1549,0.5023074984550476,1549,0.5366385757923127,0.5026705443859101
1550,0.5023074984550476,1550,0.5366385757923127,0.5026705443859101
1551,0.5023074984550476,1551,0.5366385757923127,0.5026705443859101
1552,0.5023074984550476,1552,0.5366385757923127,0.5026705443859101
1553,0.5023074984550476,1553,0.5366385757923127,0.5026705443859101
1554,0.5023074984550476,1554,0.5366385757923127,0.5026705443859101
1555,0.5023074984550476,1555,0.5366385757923127,0.5026705443859101
1556,0.5023074984550476,1556,0.5366385757923127,0.5026705443859101
1557,0.5023074984550476,1557,0.5366385757923127,0.5026705443859101
1558,0.5023074984550476,1558,0.5366385757923127,0.5026705443859101
1559,0.5023074984550476,1559,0.5366385757923127,0.5026705443859101
1560,0.5023074984550476,1560,0.5366385757923127,0.5026705443859101
1561,0.5023074984550476,1561,0.5366385757923127,0.5026705443859101
1562,0.5023074984550476,1562,0.5366385757923127,0.5026705443859101
1563,0.5023074984550476,1563,0.5366385757923127,0.5026705443859101
1564,0.5023074984550476,1564,0.5366385757923127,0.5026705443859101
1565,0.5023074984550476,1565,0.5366385757923127,0.5026705443859101
1566,0.5023074984550476,1566,0.5366385757923127,0.5026705443859101
1567,0.5023074984550476,1567,0.5366385757923127,0.5026705443859101
1568,0.5023074984550476,1568,0.5366385757923127,0.5026705443859101
1569,0.5023074984550476,1569,0.5366385757923127,0.5026705443859101
1570,0.5023074984550476,1570,0.5366385757923127,0.5026705443859101
1571,0.5023074984550476,1571,0.5366385757923127,0.5026705443859101
1572,0.5023074984550476,1572,0.5366385757923127,0.5026705443859101
1573,0.5023074984550476,1573,0.5366385757923127,0.5026705443859101
1574,0.5023074984550476,1574,0.5366385757923127,0.5026705443859101
1575,0.5023074984550476,1575,0.5366385757923127,0.5026705443859101
1576,0.5023074984550476,1576,0.5366385757923127,0.5026705443859101
1577,0.5023074984550476,1577,0.5366385757923127,0.5026705443859101
1578,0.5023074984550476,1578,0.5366385757923127,0.5026705443859101
1579,0.5023074984550476,1579,0.5366385757923127,0.5026705443859101
1580,0.5023074984550476,1580,0.5366385757923127,0.5026705443859101
1581,0.5023074984550476,1581,0.5366385757923127,0.5026705443859101
1582,0.5023074984550476,1582,0.5366385757923127,0.5026705443859101
1583,0.5023074984550476,1583,0.5366385757923127,0.5026705443859101
1584,0.5023074984550476,1584,0.5366385757923127,0.5026705443859101
1585,0.5023074984550476,1585,0.5366385757923127,0.5026705443859101
1586,0.5023074984550476,1586,0.5366385757923127,0.5026705443859101
1587,0.5023074984550476,1587,0.5366385757923127,0.5026705443859101
1588,0.5023074984550476,1588,0.5366385757923127,0.5026705443859101
1589,0.5023074984550476,1589,0.5366385757923127,0.5026705443859101
1590,0.5023074984550476,1590,0.5366385757923127,0.5026705443859101
1591,0.5023074984550476,1591,0.5366385757923127,0.5026705443859101
1592,0.5023074984550476,1592,0.5366385757923127,0.5026705443859101
1593,0.5023074984550476,1593,0.5366385757923127,0.5026705443859101
1594,0.5023074984550476,1594,0.5366385757923127,0.5026705443859101
1595,0.5023074984550476,1595,0.5366385757923127,0.5026705443859101
1596,0.5023074984550476,1596,0.5366385757923127,0.5026705443859101
1597,0.5023074984550476,1597,0.5366385757923127,0.5026705443859101
1598,0.5023074984550476,1598,0.5366385757923127,0.5026705443859101
1599,0.5023074984550476,1599,0.5366385757923127,0.5026705443859101
1600,0.5023074984550476,1600,0.5366385757923127,0.5026705443859101
1601,0.5023074984550476,1601,0.5366385757923127,0.5026705443859101
1602,0.5023074984550476,1602,0.5366385757923127,0.5026705443859101
1603,0.5023074984550476,1603,0.5366385757923127,0.5026705443859101
1604,0.5023074984550476,1604,0.5366385757923127,0.5026705443859101
1605,0.5023074984550476,1605,0.5366385757923127,0.5026705443859101
1606,0.5023074984550476,1606,0.5366385757923127,0.5026705443859101
1607,0.5023074984550476,1607,0.5366385757923127,0.5026705443859101
1608,0.5023074984550476,1608,0.5366385757923127,0.5026705443859101
1609,0.5023074984550476,1609,0.5366385757923127,0.5026705443859101
1610,0.5023074984550476,1610,0.5366385757923127,0.5026705443859101
1611,0.5023074984550476,1611,0.5366385757923127,0.5026705443859101
1612,0.5023074984550476,1612,0.5366385757923127,0.5026705443859101
1613,0.5023074984550476,1613,0.5366385757923127,0.5026705443859101
1614,0.5023074984550476,1614,0.5366385757923127,0.5026705443859101
1615,0.5023074984550476,1615,0.5366385757923127,0.5026705443859101
1616,0.5023074984550476,1616,0.5366385757923127,0.5026705443859101
1617,0.5023074984550476,1617,0.5366385757923127,0.5026705443859101
1618,0.5023074984550476,1618,0.5366385757923127,0.5026705443859101
1619,0.5023074984550476,1619,0.5366385757923127,0.5026705443859101
1620,0.5023074984550476,1620,0.5366385757923127,0.5026705443859101
1621,0.5023074984550476,1621,0.5366385757923127,0.5026705443859101
1622,0.5023074984550476,1622,0.5366385757923127,0.5026705443859101
1623,0.5023074984550476,1623,0.5366385757923127,0.5026705443859101
1624,0.5023074984550476,1624,0.5366385757923127,0.5026705443859101
1625,0.5023074984550476,1625,0.5366385757923127,0.5026705443859101
1626,0.5023074984550476,1626,0.5366385757923127,0.5026705443859101
1627,0.5023074984550476,1627,0.5366385757923127,0.5026705443859101
1628,0.5023074984550476,1628,0.5366385757923127,0.5026705443859101
1629,0.5023074984550476,1629,0.5366385757923127,0.5026705443859101
1630,0.5023074984550476,1630,0.5366385757923127,0.5026705443859101
1631,0.5023074984550476,1631,0.5366385757923127,0.5026705443859101
1632,0.5023074984550476,1632,0.5366385757923127,0.5026705443859101
1633,0.5023074984550476,1633,0.5366385757923127,0.5026705443859101
1634,0.5023074984550476,1634,0.5366385757923127,0.5026705443859101
1635,0.5023074984550476,1635,0.5366385757923127,0.5026705443859101
1636,0.5023074984550476,1636,0.5366385757923127,0.5026705443859101
1637,0.5023074984550476,1637,0.5366385757923127,0.5026705443859101
1638,0.5023074984550476,1638,0.5366385757923127,0.5026705443859101
1639,0.5023074984550476,1639,0.5366385757923127,0.5026705443859101
1640,0.5023074984550476,1640,0.5366385757923127,0.5026705443859101
1641,0.5023074984550476,1641,0.5366385757923127,0.5026705443859101
1642,0.5023074984550476,1642,0.5366385757923127,0.5026705443859101
1643,0.5023074984550476,1643,0.5366385757923127,0.5026705443859101
1644,0.5023074984550476,1644,0.5366385757923127,0.5026705443859101
1645,0.5023074984550476,1645,0.5366385757923127,0.5026705443859101
1646,0.5023074984550476,1646,0.5366385757923127,0.5026705443859101
1647,0.5023074984550476,1647,0.5366385757923127,0.5026705443859101
1648,0.5023074984550476,1648,0.5366385757923127,0.5026705443859101
1649,0.5023074984550476,1649,0.5366385757923127,0.5026705443859101
1650,0.5023074984550476,1650,0.5366385757923127,0.5026705443859101
1651,0.5023074984550476,1651,0.5366385757923127,0.5026705443859101
1652,0.5023074984550476,1652,0.5366385757923127,0.5026705443859101
1653,0.5023074984550476,1653,0.5366385757923127,0.5026705443859101
1654,0.5023074984550476,1654,0.5366385757923127,0.5026705443859101
1655,0.5023074984550476,1655,0.5366385757923127,0.5026705443859101
1656,0.5023074984550476,1656,0.5366385757923127,0.5026705443859101
1657,0.5023074984550476,1657,0.5366385757923127,0.5026705443859101
1658,0.5023074984550476,1658,0.5366385757923127,0.5026705443859101
1659,0.5023074984550476,1659,0.5366385757923127,0.5026705443859101
1660,0.5023074984550476,1660,0.5366385757923127,0.5026705443859101
1661,0.5023074984550476,1661,0.5366385757923127,0.5026705443859101
1662,0.5023074984550476,1662,0.5366385757923127,0.5026705443859101
1663,0.5023074984550476,1663,0.5366385757923127,0.5026705443859101
1664,0.5023074984550476,1664,0.5366385757923127,0.5026705443859101
1665,0.5023074984550476,1665,0.5366385757923127,0.5026705443859101
1666,0.5023074984550476,1666,0.5366385757923127,0.5026705443859101
1667,0.5023074984550476,1667,0.5366385757923127,0.5026705443859101
1668,0.5023074984550476,1668,0.5366385757923127,0.5026705443859101
1669,0.5023074984550476,1669,0.5366385757923127,0.5026705443859101
1670,0.5023074984550476,1670,0.5366385757923127,0.5026705443859101
1671,0.5023074984550476,1671,0.5366385757923127,0.5026705443859101
1672,0.5023074984550476,1672,0.5366385757923127,0.5026705443859101
1673,0.5023074984550476,1673,0.5366385757923127,0.5026705443859101
1674,0.5023074984550476,1674,0.5366385757923127,0.5026705443859101
1675,0.5023074984550476,1675,0.5366385757923127,0.5026705443859101
1676,0.5023074984550476,1676,0.5366385757923127,0.5026705443859101
1677,0.5023074984550476,1677,0.5366385757923127,0.5026705443859101
1678,0.5023074984550476,1678,0.5366385757923127,0.5026705443859101
1679,0.5023074984550476,1679,0.5366385757923127,0.5026705443859101
1680,0.5023074984550476,1680,0.5366385757923127,0.5026705443859101
1681,0.5023074984550476,1681,0.5366385757923127,0.5026705443859101
1682,0.5023074984550476,1682,0.5366385757923127,0.5026705443859101
1683,0.5023074984550476,1683,0.5366385757923127,0.5026705443859101
1684,0.5023074984550476,1684,0.5366385757923127,0.5026705443859101
1685,0.5023074984550476,1685,0.5366385757923127,0.5026705443859101
1686,0.5023074984550476,1686,0.5366385757923127,0.5026705443859101
1687,0.5023074984550476,1687,0.5366385757923127,0.5026705443859101
1688,0.5023074984550476,1688,0.5366385757923127,0.5026705443859101
1689,0.5023074984550476,1689,0.5366385757923127,0.5026705443859101
1690,0.5023074984550476,1690,0.5366385757923127,0.5026705443859101
1691,0.5023074984550476,1691,0.5366385757923127,0.5026705443859101
1692,0.5023074984550476,1692,0.5366385757923127,0.5026705443859101
1693,0.5023074984550476,1693,0.5366385757923127,0.5026705443859101
1694,0.5023074984550476,1694,0.5366385757923127,0.5026705443859101
1695,0.5023074984550476,1695,0.5366385757923127,0.5026705443859101
1696,0.5023074984550476,1696,0.5366385757923127,0.5026705443859101
1697,0.5023074984550476,1697,0.5366385757923127,0.5026705443859101
1698,0.5023074984550476,1698,0.5366385757923127,0.5026705443859101
1699,0.5023074984550476,1699,0.5366385757923127,0.5026705443859101
1700,0.5023074984550476,1700,0.5366385757923127,0.5026705443859101
1701,0.5023074984550476,1701,0.5366385757923127,0.5026705443859101
1702,0.5023074984550476,1702,0.5366385757923127,0.5026705443859101
1703,0.5023074984550476,1703,0.5366385757923127,0.5026705443859101
1704,0.5023074984550476,1704,0.5366385757923127,0.5026705443859101
1705,0.5023074984550476,1705,0.5366385757923127,0.5026705443859101
1706,0.5023074984550476,1706,0.5366385757923127,0.5026705443859101
1707,0.5023074984550476,1707,0.5366385757923127,0.5026705443859101
1708,0.5023074984550476,1708,0.5366385757923127,0.5026705443859101
1709,0.5023074984550476,1709,0.5366385757923127,0.5026705443859101
1710,0.5023074984550476,1710,0.5366385757923127,0.5026705443859101
1711,0.5023074984550476,1711,0.5366385757923127,0.5026705443859101
1712,0.5023074984550476,1712,0.5366385757923127,0.5026705443859101
1713,0.5023074984550476,1713,0.5366385757923127,0.5026705443859101
1714,0.5023074984550476,1714,0.5366385757923127,0.5026705443859101
1715,0.5023074984550476,1715,0.5366385757923127,0.5026705443859101
1716,0.5023074984550476,1716,0.5366385757923127,0.5026705443859101
1717,0.5023074984550476,1717,0.5366385757923127,0.5026705443859101
1718,0.5023074984550476,1718,0.5366385757923127,0.5026705443859101
1719,0.5023074984550476,1719,0.5366385757923127,0.5026705443859101
1720,0.5023074984550476,1720,0.5366385757923127,0.5026705443859101
1721,0.5023074984550476,1721,0.5366385757923127,0.5026705443859101
1722,0.5023074984550476,1722,0.5366385757923127,0.5026705443859101
1723,0.5023074984550476,1723,0.5366385757923127,0.5026705443859101
1724,0.5023074984550476,1724,0.5366385757923127,0.5026705443859101
1725,0.5023074984550476,1725,0.5366385757923127,0.5026705443859101
1726,0.5023074984550476,1726,0.5366385757923127,0.5026705443859101
1727,0.5023074984550476,1727,0.5366385757923127,0.5026705443859101
1728,0.5023074984550476,1728,0.5366385757923127,0.5026705443859101
1729,0.5023074984550476,1729,0.5366385757923127,0.5026705443859101
1730,0.5023074984550476,1730,0.5366385757923127,0.5026705443859101
1731,0.5023074984550476,1731,0.5366385757923127,0.5026705443859101
1732,0.5023074984550476,1732,0.5366385757923127,0.5026705443859101
1733,0.5023074984550476,1733,0.5366385757923127,0.5026705443859101
1734,0.5023074984550476,1734,0.5366385757923127,0.5026705443859101
1735,0.5023074984550476,1735,0.5366385757923127,0.5026705443859101
1736,0.5023074984550476,1736,0.5366385757923127,0.5026705443859101
1737,0.5023074984550476,1737,0.5366385757923127,0.5026705443859101
1738,0.5023074984550476,1738,0.5366385757923127,0.5026705443859101
1739,0.5023074984550476,1739,0.5366385757923127,0.5026705443859101
1740,0.5023074984550476,1740,0.5366385757923127,0.5026705443859101
1741,0.5023074984550476,1741,0.5366385757923127,0.5026705443859101
1742,0.5023074984550476,1742,0.5366385757923127,0.5026705443859101
1743,0.5023074984550476,1743,0.5366385757923127,0.5026705443859101
1744,0.5023074984550476,1744,0.5366385757923127,0.5026705443859101
1745,0.5023074984550476,1745,0.5366385757923127,0.5026705443859101
1746,0.5023074984550476,1746,0.5366385757923127,0.5026705443859101
1747,0.5023074984550476,1747,0.5366385757923127,0.5026705443859101
1748,0.5023074984550476,1748,0.5366385757923127,0.5026705443859101
1749,0.5023074984550476,1749,0.5366385757923127,0.5026705443859101
1750,0.5040171623229981,1750,0.540395838022232,0.5026514977216721
1751,0.5040171623229981,1751,0.540395838022232,0.5026514977216721
1752,0.5040171623229981,1752,0.540395838022232,0.5026514977216721
1753,0.5040171623229981,1753,0.540395838022232,0.5026514977216721
1754,0.5040171623229981,1754,0.540395838022232,0.5026514977216721
1755,0.5040171623229981,1755,0.540395838022232,0.5026514977216721
1756,0.5040171623229981,1756,0.540395838022232,0.5026514977216721
1757,0.5040171623229981,1757,0.540395838022232,0.5026514977216721
1758,0.5040171623229981,1758,0.540395838022232,0.5026514977216721
1759,0.5040171623229981,1759,0.540395838022232,0.5026514977216721
1760,0.5040171623229981,1760,0.540395838022232,0.5026514977216721
1761,0.5040171623229981,1761,0.540395838022232,0.5026514977216721
1762,0.5040171623229981,1762,0.540395838022232,0.5026514977216721
1763,0.5040171623229981,1763,0.540395838022232,0.5026514977216721
1764,0.5040171623229981,1764,0.540395838022232,0.5026514977216721
1765,0.5040171623229981,1765,0.540395838022232,0.5026514977216721
1766,0.5040171623229981,1766,0.540395838022232,0.5026514977216721
1767,0.5040171623229981,1767,0.540395838022232,0.5026514977216721
1768,0.5040171623229981,1768,0.540395838022232,0.5026514977216721
1769,0.5040171623229981,1769,0.540395838022232,0.5026514977216721
1770,0.5040171623229981,1770,0.540395838022232,0.5026514977216721
1771,0.5040171623229981,1771,0.540395838022232,0.5026514977216721
1772,0.5040171623229981,1772,0.540395838022232,0.5026514977216721
1773,0.5040171623229981,1773,0.540395838022232,0.5026514977216721
1774,0.5040171623229981,1774,0.540395838022232,0.5026514977216721
1775,0.5040171623229981,1775,0.540395838022232,0.5026514977216721
1776,0.5040171623229981,1776,0.540395838022232,0.5026514977216721
1777,0.5040171623229981,1777,0.540395838022232,0.5026514977216721
1778,0.5040171623229981,1778,0.540395838022232,0.5026514977216721
1779,0.5040171623229981,1779,0.540395838022232,0.5026514977216721
1780,0.5040171623229981,1780,0.540395838022232,0.5026514977216721
1781,0.5040171623229981,1781,0.540395838022232,0.5026514977216721
1782,0.5040171623229981,1782,0.540395838022232,0.5026514977216721
1783,0.5040171623229981,1783,0.540395838022232,0.5026514977216721
1784,0.5040171623229981,1784,0.540395838022232,0.5026514977216721
1785,0.5040171623229981,1785,0.540395838022232,0.5026514977216721
1786,0.5040171623229981,1786,0.540395838022232,0.5026514977216721
1787,0.5040171623229981,1787,0.540395838022232,0.5026514977216721
1788,0.5040171623229981,1788,0.540395838022232,0.5026514977216721
1789,0.5040171623229981,1789,0.540395838022232,0.5026514977216721
1790,0.5040171623229981,1790,0.540395838022232,0.5026514977216721
1791,0.5040171623229981,1791,0.540395838022232,0.5026514977216721
1792,0.5040171623229981,1792,0.540395838022232,0.5026514977216721
1793,0.5040171623229981,1793,0.540395838022232,0.5026514977216721
1794,0.5040171623229981,1794,0.540395838022232,0.5026514977216721
1795,0.5040171623229981,1795,0.540395838022232,0.5026514977216721
1796,0.5040171623229981,1796,0.540395838022232,0.5026514977216721
1797,0.5040171623229981,1797,0.540395838022232,0.5026514977216721
1798,0.5040171623229981,1798,0.540395838022232,0.5026514977216721
1799,0.5040171623229981,1799,0.540395838022232,0.5026514977216721
1800,0.5040171623229981,1800,0.540395838022232,0.5026514977216721
1801,0.5040171623229981,1801,0.540395838022232,0.5026514977216721
1802,0.5040171623229981,1802,0.540395838022232,0.5026514977216721
1803,0.5040171623229981,1803,0.540395838022232,0.5026514977216721
1804,0.5040171623229981,1804,0.540395838022232,0.5026514977216721
1805,0.5040171623229981,1805,0.540395838022232,0.5026514977216721
1806,0.5040171623229981,1806,0.540395838022232,0.5026514977216721
1807,0.5040171623229981,1807,0.540395838022232,0.5026514977216721
1808,0.5040171623229981,1808,0.540395838022232,0.5026514977216721
1809,0.5040171623229981,1809,0.540395838022232,0.5026514977216721
1810,0.5040171623229981,1810,0.540395838022232,0.5026514977216721
1811,0.5040171623229981,1811,0.540395838022232,0.5026514977216721
1812,0.5040171623229981,1812,0.540395838022232,0.5026514977216721
1813,0.5040171623229981,1813,0.540395838022232,0.5026514977216721
1814,0.5040171623229981,1814,0.540395838022232,0.5026514977216721
1815,0.5040171623229981,1815,0.540395838022232,0.5026514977216721
1816,0.5040171623229981,1816,0.540395838022232,0.5026514977216721
1817,0.5040171623229981,1817,0.540395838022232,0.5026514977216721
1818,0.5040171623229981,1818,0.540395838022232,0.5026514977216721
1819,0.5040171623229981,1819,0.540395838022232,0.5026514977216721
1820,0.5040171623229981,1820,0.540395838022232,0.5026514977216721
1821,0.5040171623229981,1821,0.540395838022232,0.5026514977216721
1822,0.5040171623229981,1822,0.540395838022232,0.5026514977216721
1823,0.5040171623229981,1823,0.540395838022232,0.5026514977216721
1824,0.5040171623229981,1824,0.540395838022232,0.5026514977216721
1825,0.5040171623229981,1825,0.540395838022232,0.5026514977216721
1826,0.5040171623229981,1826,0.540395838022232,0.5026514977216721
1827,0.5040171623229981,1827,0.540395838022232,0.5026514977216721
1828,0.5040171623229981,1828,0.540395838022232,0.5026514977216721
1829,0.5040171623229981,1829,0.540395838022232,0.5026514977216721
1830,0.5040171623229981,1830,0.540395838022232,0.5026514977216721
1831,0.5040171623229981,1831,0.540395838022232,0.5026514977216721
1832,0.5040171623229981,1832,0.540395838022232,0.5026514977216721
1833,0.5040171623229981,1833,0.540395838022232,0.5026514977216721
1834,0.5040171623229981,1834,0.540395838022232,0.5026514977216721
1835,0.5040171623229981,1835,0.540395838022232,0.5026514977216721
1836,0.5040171623229981,1836,0.540395838022232,0.5026514977216721
1837,0.5040171623229981,1837,0.540395838022232,0.5026514977216721
1838,0.5040171623229981,1838,0.540395838022232,0.5026514977216721
1839,0.5040171623229981,1839,0.540395838022232,0.5026514977216721
1840,0.5040171623229981,1840,0.540395838022232,0.5026514977216721
1841,0.5040171623229981,1841,0.540395838022232,0.5026514977216721
1842,0.5040171623229981,1842,0.540395838022232,0.5026514977216721
1843,0.5040171623229981,1843,0.540395838022232,0.5026514977216721
1844,0.5040171623229981,1844,0.540395838022232,0.5026514977216721
1845,0.5040171623229981,1845,0.540395838022232,0.5026514977216721
1846,0.5040171623229981,1846,0.540395838022232,0.5026514977216721
1847,0.5040171623229981,1847,0.540395838022232,0.5026514977216721
1848,0.5040171623229981,1848,0.540395838022232,0.5026514977216721
1849,0.5040171623229981,1849,0.540395838022232,0.5026514977216721
1850,0.5040171623229981,1850,0.540395838022232,0.5026514977216721
1851,0.5040171623229981,1851,0.540395838022232,0.5026514977216721
1852,0.5040171623229981,1852,0.540395838022232,0.5026514977216721
1853,0.5040171623229981,1853,0.540395838022232,0.5026514977216721
1854,0.5040171623229981,1854,0.540395838022232,0.5026514977216721
1855,0.5040171623229981,1855,0.540395838022232,0.5026514977216721
1856,0.5040171623229981,1856,0.540395838022232,0.5026514977216721
1857,0.5040171623229981,1857,0.540395838022232,0.5026514977216721
1858,0.5040171623229981,1858,0.540395838022232,0.5026514977216721
1859,0.5040171623229981,1859,0.540395838022232,0.5026514977216721
1860,0.5040171623229981,1860,0.540395838022232,0.5026514977216721
1861,0.5040171623229981,1861,0.540395838022232,0.5026514977216721
1862,0.5040171623229981,1862,0.540395838022232,0.5026514977216721
1863,0.5040171623229981,1863,0.540395838022232,0.5026514977216721
1864,0.5040171623229981,1864,0.540395838022232,0.5026514977216721
1865,0.5040171623229981,1865,0.540395838022232,0.5026514977216721
1866,0.5040171623229981,1866,0.540395838022232,0.5026514977216721
1867,0.5040171623229981,1867,0.540395838022232,0.5026514977216721
1868,0.5040171623229981,1868,0.540395838022232,0.5026514977216721
1869,0.5040171623229981,1869,0.540395838022232,0.5026514977216721
1870,0.5040171623229981,1870,0.540395838022232,0.5026514977216721
1871,0.5040171623229981,1871,0.540395838022232,0.5026514977216721
1872,0.5040171623229981,1872,0.540395838022232,0.5026514977216721
1873,0.5040171623229981,1873,0.540395838022232,0.5026514977216721
1874,0.5040171623229981,1874,0.540395838022232,0.5026514977216721
1875,0.5040171623229981,1875,0.540395838022232,0.5026514977216721
1876,0.5040171623229981,1876,0.540395838022232,0.5026514977216721
1877,0.5040171623229981,1877,0.540395838022232,0.5026514977216721
1878,0.5040171623229981,1878,0.540395838022232,0.5026514977216721
1879,0.5040171623229981,1879,0.540395838022232,0.5026514977216721
1880,0.5040171623229981,1880,0.540395838022232,0.5026514977216721
1881,0.5040171623229981,1881,0.540395838022232,0.5026514977216721
1882,0.5040171623229981,1882,0.540395838022232,0.5026514977216721
1883,0.5040171623229981,1883,0.540395838022232,0.5026514977216721
1884,0.5040171623229981,1884,0.540395838022232,0.5026514977216721
1885,0.5040171623229981,1885,0.540395838022232,0.5026514977216721
1886,0.5040171623229981,1886,0.540395838022232,0.5026514977216721
1887,0.5040171623229981,1887,0.540395838022232,0.5026514977216721
1888,0.5040171623229981,1888,0.540395838022232,0.5026514977216721
1889,0.5040171623229981,1889,0.540395838022232,0.5026514977216721
1890,0.5040171623229981,1890,0.540395838022232,0.5026514977216721
1891,0.5040171623229981,1891,0.540395838022232,0.5026514977216721
1892,0.5040171623229981,1892,0.540395838022232,0.5026514977216721
1893,0.5040171623229981,1893,0.540395838022232,0.5026514977216721
1894,0.5040171623229981,1894,0.540395838022232,0.5026514977216721
1895,0.5040171623229981,1895,0.540395838022232,0.5026514977216721
1896,0.5040171623229981,1896,0.540395838022232,0.5026514977216721
1897,0.5040171623229981,1897,0.540395838022232,0.5026514977216721
1898,0.5040171623229981,1898,0.540395838022232,0.5026514977216721
1899,0.5040171623229981,1899,0.540395838022232,0.5026514977216721
1900,0.5040171623229981,1900,0.540395838022232,0.5026514977216721
1901,0.5040171623229981,1901,0.540395838022232,0.5026514977216721
1902,0.5040171623229981,1902,0.540395838022232,0.5026514977216721
1903,0.5040171623229981,1903,0.540395838022232,0.5026514977216721
1904,0.5040171623229981,1904,0.540395838022232,0.5026514977216721
1905,0.5040171623229981,1905,0.540395838022232,0.5026514977216721
1906,0.5040171623229981,1906,0.540395838022232,0.5026514977216721
1907,0.5040171623229981,1907,0.540395838022232,0.5026514977216721
1908,0.5040171623229981,1908,0.540395838022232,0.5026514977216721
1909,0.5040171623229981,1909,0.540395838022232,0.5026514977216721
1910,0.5040171623229981,1910,0.540395838022232,0.5026514977216721
1911,0.5040171623229981,1911,0.540395838022232,0.5026514977216721
1912,0.5040171623229981,1912,0.540395838022232,0.5026514977216721
1913,0.5040171623229981,1913,0.540395838022232,0.5026514977216721
1914,0.5040171623229981,1914,0.540395838022232,0.5026514977216721
1915,0.5040171623229981,1915,0.540395838022232,0.5026514977216721
1916,0.5040171623229981,1916,0.540395838022232,0.5026514977216721
1917,0.5040171623229981,1917,0.540395838022232,0.5026514977216721
1918,0.5040171623229981,1918,0.540395838022232,0.5026514977216721
1919,0.5040171623229981,1919,0.540395838022232,0.5026514977216721
1920,0.5040171623229981,1920,0.540395838022232,0.5026514977216721
1921,0.5040171623229981,1921,0.540395838022232,0.5026514977216721
1922,0.5040171623229981,1922,0.540395838022232,0.5026514977216721
1923,0.5040171623229981,1923,0.540395838022232,0.5026514977216721
1924,0.5040171623229981,1924,0.540395838022232,0.5026514977216721
1925,0.5040171623229981,1925,0.540395838022232,0.5026514977216721
1926,0.5040171623229981,1926,0.540395838022232,0.5026514977216721
1927,0.5040171623229981,1927,0.540395838022232,0.5026514977216721
1928,0.5040171623229981,1928,0.540395838022232,0.5026514977216721
1929,0.5040171623229981,1929,0.540395838022232,0.5026514977216721
1930,0.5040171623229981,1930,0.540395838022232,0.5026514977216721
1931,0.5040171623229981,1931,0.540395838022232,0.5026514977216721
1932,0.5040171623229981,1932,0.540395838022232,0.5026514977216721
1933,0.5040171623229981,1933,0.540395838022232,0.5026514977216721
1934,0.5040171623229981,1934,0.540395838022232,0.5026514977216721
1935,0.5040171623229981,1935,0.540395838022232,0.5026514977216721
1936,0.5040171623229981,1936,0.540395838022232,0.5026514977216721
1937,0.5040171623229981,1937,0.540395838022232,0.5026514977216721
1938,0.5040171623229981,1938,0.540395838022232,0.5026514977216721
1939,0.5040171623229981,1939,0.540395838022232,0.5026514977216721
1940,0.5040171623229981,1940,0.540395838022232,0.5026514977216721
1941,0.5040171623229981,1941,0.540395838022232,0.5026514977216721
1942,0.5040171623229981,1942,0.540395838022232,0.5026514977216721
1943,0.5040171623229981,1943,0.540395838022232,0.5026514977216721
1944,0.5040171623229981,1944,0.540395838022232,0.5026514977216721
1945,0.5040171623229981,1945,0.540395838022232,0.5026514977216721
1946,0.5040171623229981,1946,0.540395838022232,0.5026514977216721
1947,0.5040171623229981,1947,0.540395838022232,0.5026514977216721
1948,0.5040171623229981,1948,0.540395838022232,0.5026514977216721
1949,0.5040171623229981,1949,0.540395838022232,0.5026514977216721
1950,0.5040171623229981,1950,0.540395838022232,0.5026514977216721
1951,0.5040171623229981,1951,0.540395838022232,0.5026514977216721
1952,0.5040171623229981,1952,0.540395838022232,0.5026514977216721
1953,0.5040171623229981,1953,0.540395838022232,0.5026514977216721
1954,0.5040171623229981,1954,0.540395838022232,0.5026514977216721
1955,0.5040171623229981,1955,0.540395838022232,0.5026514977216721
1956,0.5040171623229981,1956,0.540395838022232,0.5026514977216721
1957,0.5040171623229981,1957,0.540395838022232,0.5026514977216721
1958,0.5040171623229981,1958,0.540395838022232,0.5026514977216721
1959,0.5040171623229981,1959,0.540395838022232,0.5026514977216721
1960,0.5040171623229981,1960,0.540395838022232,0.5026514977216721
1961,0.5040171623229981,1961,0.540395838022232,0.5026514977216721
1962,0.5040171623229981,1962,0.540395838022232,0.5026514977216721
1963,0.5040171623229981,1963,0.540395838022232,0.5026514977216721
1964,0.5040171623229981,1964,0.540395838022232,0.5026514977216721
1965,0.5040171623229981,1965,0.540395838022232,0.5026514977216721
1966,0.5040171623229981,1966,0.540395838022232,0.5026514977216721
1967,0.5040171623229981,1967,0.540395838022232,0.5026514977216721
1968,0.5040171623229981,1968,0.540395838022232,0.5026514977216721
1969,0.5040171623229981,1969,0.540395838022232,0.5026514977216721
1970,0.5040171623229981,1970,0.540395838022232,0.5026514977216721
1971,0.5040171623229981,1971,0.540395838022232,0.5026514977216721
1972,0.5040171623229981,1972,0.540395838022232,0.5026514977216721
1973,0.5040171623229981,1973,0.540395838022232,0.5026514977216721
1974,0.5040171623229981,1974,0.540395838022232,0.5026514977216721
1975,0.5040171623229981,1975,0.540395838022232,0.5026514977216721
1976,0.5040171623229981,1976,0.540395838022232,0.5026514977216721
1977,0.5040171623229981,1977,0.540395838022232,0.5026514977216721
1978,0.5040171623229981,1978,0.540395838022232,0.5026514977216721
1979,0.5040171623229981,1979,0.540395838022232,0.5026514977216721
1980,0.5040171623229981,1980,0.540395838022232,0.5026514977216721
1981,0.5040171623229981,1981,0.540395838022232,0.5026514977216721
1982,0.5040171623229981,1982,0.540395838022232,0.5026514977216721
1983,0.5040171623229981,1983,0.540395838022232,0.5026514977216721
1984,0.5040171623229981,1984,0.540395838022232,0.5026514977216721
1985,0.5040171623229981,1985,0.540395838022232,0.5026514977216721
1986,0.5040171623229981,1986,0.540395838022232,0.5026514977216721
1987,0.5040171623229981,1987,0.540395838022232,0.5026514977216721
1988,0.5040171623229981,1988,0.540395838022232,0.5026514977216721
1989,0.5040171623229981,1989,0.540395838022232,0.5026514977216721
1990,0.5040171623229981,1990,0.540395838022232,0.5026514977216721
1991,0.5040171623229981,1991,0.540395838022232,0.5026514977216721
1992,0.5040171623229981,1992,0.540395838022232,0.5026514977216721
1993,0.5040171623229981,1993,0.540395838022232,0.5026514977216721
1994,0.5040171623229981,1994,0.540395838022232,0.5026514977216721
1995,0.5040171623229981,1995,0.540395838022232,0.5026514977216721
1996,0.5040171623229981,1996,0.540395838022232,0.5026514977216721
1997,0.5040171623229981,1997,0.540395838022232,0.5026514977216721
1998,0.5040171623229981,1998,0.540395838022232,0.5026514977216721
1999,0.5040171623229981,1999,0.540395838022232,0.5026514977216721
2000,0.5032889693975449,2000,0.544154143333435,0.5036688297986984
2001,0.5032889693975449,2001,0.544154143333435,0.5036688297986984
2002,0.5032889693975449,2002,0.544154143333435,0.5036688297986984
2003,0.5032889693975449,2003,0.544154143333435,0.5036688297986984
2004,0.5032889693975449,2004,0.544154143333435,0.5036688297986984
2005,0.5032889693975449,2005,0.544154143333435,0.5036688297986984
2006,0.5032889693975449,2006,0.544154143333435,0.5036688297986984
2007,0.5032889693975449,2007,0.544154143333435,0.5036688297986984
2008,0.5032889693975449,2008,0.544154143333435,0.5036688297986984
2009,0.5032889693975449,2009,0.544154143333435,0.5036688297986984
2010,0.5032889693975449,2010,0.544154143333435,0.5036688297986984
2011,0.5032889693975449,2011,0.544154143333435,0.5036688297986984
2012,0.5032889693975449,2012,0.544154143333435,0.5036688297986984
2013,0.5032889693975449,2013,0.544154143333435,0.5036688297986984
2014,0.5032889693975449,2014,0.544154143333435,0.5036688297986984
2015,0.5032889693975449,2015,0.544154143333435,0.5036688297986984
2016,0.5032889693975449,2016,0.544154143333435,0.5036688297986984
2017,0.5032889693975449,2017,0.544154143333435,0.5036688297986984
2018,0.5032889693975449,2018,0.544154143333435,0.5036688297986984
2019,0.5032889693975449,2019,0.544154143333435,0.5036688297986984
2020,0.5032889693975449,2020,0.544154143333435,0.5036688297986984
2021,0.5032889693975449,2021,0.544154143333435,0.5036688297986984
2022,0.5032889693975449,2022,0.544154143333435,0.5036688297986984
2023,0.5032889693975449,2023,0.544154143333435,0.5036688297986984
2024,0.5032889693975449,2024,0.544154143333435,0.5036688297986984
2025,0.5032889693975449,2025,0.544154143333435,0.5036688297986984
2026,0.5032889693975449,2026,0.544154143333435,0.5036688297986984
2027,0.5032889693975449,2027,0.544154143333435,0.5036688297986984
2028,0.5032889693975449,2028,0.544154143333435,0.5036688297986984
2029,0.5032889693975449,2029,0.544154143333435,0.5036688297986984
2030,0.5032889693975449,2030,0.544154143333435,0.5036688297986984
2031,0.5032889693975449,2031,0.544154143333435,0.5036688297986984
2032,0.5032889693975449,2032,0.544154143333435,0.5036688297986984
2033,0.5032889693975449,2033,0.544154143333435,0.5036688297986984
2034,0.5032889693975449,2034,0.544154143333435,0.5036688297986984
2035,0.5032889693975449,2035,0.544154143333435,0.5036688297986984
2036,0.5032889693975449,2036,0.544154143333435,0.5036688297986984
2037,0.5032889693975449,2037,0.544154143333435,0.5036688297986984
2038,0.5032889693975449,2038,0.544154143333435,0.5036688297986984
2039,0.5032889693975449,2039,0.544154143333435,0.5036688297986984
2040,0.5032889693975449,2040,0.544154143333435,0.5036688297986984
2041,0.5032889693975449,2041,0.544154143333435,0.5036688297986984
2042,0.5032889693975449,2042,0.544154143333435,0.5036688297986984
2043,0.5032889693975449,2043,0.544154143333435,0.5036688297986984
2044,0.5032889693975449,2044,0.544154143333435,0.5036688297986984
2045,0.5032889693975449,2045,0.544154143333435,0.5036688297986984
2046,0.5032889693975449,2046,0.544154143333435,0.5036688297986984
2047,0.5032889693975449,2047,0.544154143333435,0.5036688297986984
2048,0.5032889693975449,2048,0.544154143333435,0.5036688297986984
2049,0.5032889693975449,2049,0.544154143333435,0.5036688297986984
2050,0.5032889693975449,2050,0.544154143333435,0.5036688297986984
2051,0.5032889693975449,2051,0.544154143333435,0.5036688297986984
2052,0.5032889693975449,2052,0.544154143333435,0.5036688297986984
2053,0.5032889693975449,2053,0.544154143333435,0.5036688297986984
2054,0.5032889693975449,2054,0.544154143333435,0.5036688297986984
2055,0.5032889693975449,2055,0.544154143333435,0.5036688297986984
2056,0.5032889693975449,2056,0.544154143333435,0.5036688297986984
2057,0.5032889693975449,2057,0.544154143333435,0.5036688297986984
2058,0.5032889693975449,2058,0.544154143333435,0.5036688297986984
2059,0.5032889693975449,2059,0.544154143333435,0.5036688297986984
2060,0.5032889693975449,2060,0.544154143333435,0.5036688297986984
2061,0.5032889693975449,2061,0.544154143333435,0.5036688297986984
2062,0.5032889693975449,2062,0.544154143333435,0.5036688297986984
2063,0.5032889693975449,2063,0.544154143333435,0.5036688297986984
2064,0.5032889693975449,2064,0.544154143333435,0.5036688297986984
2065,0.5032889693975449,2065,0.544154143333435,0.5036688297986984
2066,0.5032889693975449,2066,0.544154143333435,0.5036688297986984
2067,0.5032889693975449,2067,0.544154143333435,0.5036688297986984
2068,0.5032889693975449,2068,0.544154143333435,0.5036688297986984
2069,0.5032889693975449,2069,0.544154143333435,0.5036688297986984
2070,0.5032889693975449,2070,0.544154143333435,0.5036688297986984
2071,0.5032889693975449,2071,0.544154143333435,0.5036688297986984
2072,0.5032889693975449,2072,0.544154143333435,0.5036688297986984
2073,0.5032889693975449,2073,0.544154143333435,0.5036688297986984
2074,0.5032889693975449,2074,0.544154143333435,0.5036688297986984
2075,0.5032889693975449,2075,0.544154143333435,0.5036688297986984
2076,0.5032889693975449,2076,0.544154143333435,0.5036688297986984
2077,0.5032889693975449,2077,0.544154143333435,0.5036688297986984
2078,0.5032889693975449,2078,0.544154143333435,0.5036688297986984
2079,0.5032889693975449,2079,0.544154143333435,0.5036688297986984
2080,0.5032889693975449,2080,0.544154143333435,0.5036688297986984
2081,0.5032889693975449,2081,0.544154143333435,0.5036688297986984
2082,0.5032889693975449,2082,0.544154143333435,0.5036688297986984
2083,0.5032889693975449,2083,0.544154143333435,0.5036688297986984
2084,0.5032889693975449,2084,0.544154143333435,0.5036688297986984
2085,0.5032889693975449,2085,0.544154143333435,0.5036688297986984
2086,0.5032889693975449,2086,0.544154143333435,0.5036688297986984
2087,0.5032889693975449,2087,0.544154143333435,0.5036688297986984
2088,0.5032889693975449,2088,0.544154143333435,0.5036688297986984
2089,0.5032889693975449,2089,0.544154143333435,0.5036688297986984
2090,0.5032889693975449,2090,0.544154143333435,0.5036688297986984
2091,0.5032889693975449,2091,0.544154143333435,0.5036688297986984
2092,0.5032889693975449,2092,0.544154143333435,0.5036688297986984
2093,0.5032889693975449,2093,0.544154143333435,0.5036688297986984
2094,0.5032889693975449,2094,0.544154143333435,0.5036688297986984
2095,0.5032889693975449,2095,0.544154143333435,0.5036688297986984
2096,0.5032889693975449,2096,0.544154143333435,0.5036688297986984
2097,0.5032889693975449,2097,0.544154143333435,0.5036688297986984
2098,0.5032889693975449,2098,0.544154143333435,0.5036688297986984
2099,0.5032889693975449,2099,0.544154143333435,0.5036688297986984
2100,0.5032889693975449,2100,0.544154143333435,0.5036688297986984
2101,0.5032889693975449,2101,0.544154143333435,0.5036688297986984
2102,0.5032889693975449,2102,0.544154143333435,0.5036688297986984
2103,0.5032889693975449,2103,0.544154143333435,0.5036688297986984
2104,0.5032889693975449,2104,0.544154143333435,0.5036688297986984
2105,0.5032889693975449,2105,0.544154143333435,0.5036688297986984
2106,0.5032889693975449,2106,0.544154143333435,0.5036688297986984
2107,0.5032889693975449,2107,0.544154143333435,0.5036688297986984
2108,0.5032889693975449,2108,0.544154143333435,0.5036688297986984
2109,0.5032889693975449,2109,0.544154143333435,0.5036688297986984
2110,0.5032889693975449,2110,0.544154143333435,0.5036688297986984
2111,0.5032889693975449,2111,0.544154143333435,0.5036688297986984
2112,0.5032889693975449,2112,0.544154143333435,0.5036688297986984
2113,0.5032889693975449,2113,0.544154143333435,0.5036688297986984
2114,0.5032889693975449,2114,0.544154143333435,0.5036688297986984
2115,0.5032889693975449,2115,0.544154143333435,0.5036688297986984
2116,0.5032889693975449,2116,0.544154143333435,0.5036688297986984
2117,0.5032889693975449,2117,0.544154143333435,0.5036688297986984
2118,0.5032889693975449,2118,0.544154143333435,0.5036688297986984
2119,0.5032889693975449,2119,0.544154143333435,0.5036688297986984
2120,0.5032889693975449,2120,0.544154143333435,0.5036688297986984
2121,0.5032889693975449,2121,0.544154143333435,0.5036688297986984
2122,0.5032889693975449,2122,0.544154143333435,0.5036688297986984
2123,0.5032889693975449,2123,0.544154143333435,0.5036688297986984
2124,0.5032889693975449,2124,0.544154143333435,0.5036688297986984
2125,0.5032889693975449,2125,0.544154143333435,0.5036688297986984
2126,0.5032889693975449,2126,0.544154143333435,0.5036688297986984
2127,0.5032889693975449,2127,0.544154143333435,0.5036688297986984
2128,0.5032889693975449,2128,0.544154143333435,0.5036688297986984
2129,0.5032889693975449,2129,0.544154143333435,0.5036688297986984
2130,0.5032889693975449,2130,0.544154143333435,0.5036688297986984
2131,0.5032889693975449,2131,0.544154143333435,0.5036688297986984
2132,0.5032889693975449,2132,0.544154143333435,0.5036688297986984
2133,0.5032889693975449,2133,0.544154143333435,0.5036688297986984
2134,0.5032889693975449,2134,0.544154143333435,0.5036688297986984
2135,0.5032889693975449,2135,0.544154143333435,0.5036688297986984
2136,0.5032889693975449,2136,0.544154143333435,0.5036688297986984
2137,0.5032889693975449,2137,0.544154143333435,0.5036688297986984
2138,0.5032889693975449,2138,0.544154143333435,0.5036688297986984
2139,0.5032889693975449,2139,0.544154143333435,0.5036688297986984
2140,0.5032889693975449,2140,0.544154143333435,0.5036688297986984
2141,0.5032889693975449,2141,0.544154143333435,0.5036688297986984
2142,0.5032889693975449,2142,0.544154143333435,0.5036688297986984
2143,0.5032889693975449,2143,0.544154143333435,0.5036688297986984
2144,0.5032889693975449,2144,0.544154143333435,0.5036688297986984
2145,0.5032889693975449,2145,0.544154143333435,0.5036688297986984
2146,0.5032889693975449,2146,0.544154143333435,0.5036688297986984
2147,0.5032889693975449,2147,0.544154143333435,0.5036688297986984
2148,0.5032889693975449,2148,0.544154143333435,0.5036688297986984
2149,0.5032889693975449,2149,0.544154143333435,0.5036688297986984
2150,0.5032889693975449,2150,0.544154143333435,0.5036688297986984
2151,0.5032889693975449,2151,0.544154143333435,0.5036688297986984
2152,0.5032889693975449,2152,0.544154143333435,0.5036688297986984
2153,0.5032889693975449,2153,0.544154143333435,0.5036688297986984
2154,0.5032889693975449,2154,0.544154143333435,0.5036688297986984
2155,0.5032889693975449,2155,0.544154143333435,0.5036688297986984
2156,0.5032889693975449,2156,0.544154143333435,0.5036688297986984
2157,0.5032889693975449,2157,0.544154143333435,0.5036688297986984
2158,0.5032889693975449,2158,0.544154143333435,0.5036688297986984
2159,0.5032889693975449,2159,0.544154143333435,0.5036688297986984
2160,0.5032889693975449,2160,0.544154143333435,0.5036688297986984
2161,0.5032889693975449,2161,0.544154143333435,0.5036688297986984
2162,0.5032889693975449,2162,0.544154143333435,0.5036688297986984
2163,0.5032889693975449,2163,0.544154143333435,0.5036688297986984
2164,0.5032889693975449,2164,0.544154143333435,0.5036688297986984
2165,0.5032889693975449,2165,0.544154143333435,0.5036688297986984
2166,0.5032889693975449,2166,0.544154143333435,0.5036688297986984
2167,0.5032889693975449,2167,0.544154143333435,0.5036688297986984
2168,0.5032889693975449,2168,0.544154143333435,0.5036688297986984
2169,0.5032889693975449,2169,0.544154143333435,0.5036688297986984
2170,0.5032889693975449,2170,0.544154143333435,0.5036688297986984
2171,0.5032889693975449,2171,0.544154143333435,0.5036688297986984
2172,0.5032889693975449,2172,0.544154143333435,0.5036688297986984
2173,0.5032889693975449,2173,0.544154143333435,0.5036688297986984
2174,0.5032889693975449,2174,0.544154143333435,0.5036688297986984
2175,0.5032889693975449,2175,0.544154143333435,0.5036688297986984
2176,0.5032889693975449,2176,0.544154143333435,0.5036688297986984
2177,0.5032889693975449,2177,0.544154143333435,0.5036688297986984
2178,0.5032889693975449,2178,0.544154143333435,0.5036688297986984
2179,0.5032889693975449,2179,0.544154143333435,0.5036688297986984
2180,0.5032889693975449,2180,0.544154143333435,0.5036688297986984
2181,0.5032889693975449,2181,0.544154143333435,0.5036688297986984
2182,0.5032889693975449,2182,0.544154143333435,0.5036688297986984
2183,0.5032889693975449,2183,0.544154143333435,0.5036688297986984
2184,0.5032889693975449,2184,0.544154143333435,0.5036688297986984
2185,0.5032889693975449,2185,0.544154143333435,0.5036688297986984
2186,0.5032889693975449,2186,0.544154143333435,0.5036688297986984
2187,0.5032889693975449,2187,0.544154143333435,0.5036688297986984
2188,0.5032889693975449,2188,0.544154143333435,0.5036688297986984
2189,0.5032889693975449,2189,0.544154143333435,0.5036688297986984
2190,0.5032889693975449,2190,0.544154143333435,0.5036688297986984
2191,0.5032889693975449,2191,0.544154143333435,0.5036688297986984
2192,0.5032889693975449,2192,0.544154143333435,0.5036688297986984
2193,0.5032889693975449,2193,0.544154143333435,0.5036688297986984
2194,0.5032889693975449,2194,0.544154143333435,0.5036688297986984
2195,0.5032889693975449,2195,0.544154143333435,0.5036688297986984
2196,0.5032889693975449,2196,0.544154143333435,0.5036688297986984
2197,0.5032889693975449,2197,0.544154143333435,0.5036688297986984
2198,0.5032889693975449,2198,0.544154143333435,0.5036688297986984
2199,0.5032889693975449,2199,0.544154143333435,0.5036688297986984
2200,0.5032889693975449,2200,0.544154143333435,0.5036688297986984
2201,0.5032889693975449,2201,0.544154143333435,0.5036688297986984
2202,0.5032889693975449,2202,0.544154143333435,0.5036688297986984
2203,0.5032889693975449,2203,0.544154143333435,0.5036688297986984
2204,0.5032889693975449,2204,0.544154143333435,0.5036688297986984
2205,0.5032889693975449,2205,0.544154143333435,0.5036688297986984
2206,0.5032889693975449,2206,0.544154143333435,0.5036688297986984
2207,0.5032889693975449,2207,0.544154143333435,0.5036688297986984
2208,0.5032889693975449,2208,0.544154143333435,0.5036688297986984
2209,0.5032889693975449,2209,0.544154143333435,0.5036688297986984
2210,0.5032889693975449,2210,0.544154143333435,0.5036688297986984
2211,0.5032889693975449,2211,0.544154143333435,0.5036688297986984
2212,0.5032889693975449,2212,0.544154143333435,0.5036688297986984
2213,0.5032889693975449,2213,0.544154143333435,0.5036688297986984
2214,0.5032889693975449,2214,0.544154143333435,0.5036688297986984
2215,0.5032889693975449,2215,0.544154143333435,0.5036688297986984
2216,0.5032889693975449,2216,0.544154143333435,0.5036688297986984
2217,0.5032889693975449,2217,0.544154143333435,0.5036688297986984
2218,0.5032889693975449,2218,0.544154143333435,0.5036688297986984
2219,0.5032889693975449,2219,0.544154143333435,0.5036688297986984
2220,0.5032889693975449,2220,0.544154143333435,0.5036688297986984
2221,0.5032889693975449,2221,0.544154143333435,0.5036688297986984
2222,0.5032889693975449,2222,0.544154143333435,0.5036688297986984
2223,0.5032889693975449,2223,0.544154143333435,0.5036688297986984
2224,0.5032889693975449,2224,0.544154143333435,0.5036688297986984
2225,0.5032889693975449,2225,0.544154143333435,0.5036688297986984
2226,0.5032889693975449,2226,0.544154143333435,0.5036688297986984
2227,0.5032889693975449,2227,0.544154143333435,0.5036688297986984
2228,0.5032889693975449,2228,0.544154143333435,0.5036688297986984
2229,0.5032889693975449,2229,0.544154143333435,0.5036688297986984
2230,0.5032889693975449,2230,0.544154143333435,0.5036688297986984
2231,0.5032889693975449,2231,0.544154143333435,0.5036688297986984
2232,0.5032889693975449,2232,0.544154143333435,0.5036688297986984
2233,0.5032889693975449,2233,0.544154143333435,0.5036688297986984
2234,0.5032889693975449,2234,0.544154143333435,0.5036688297986984
2235,0.5032889693975449,2235,0.544154143333435,0.5036688297986984
2236,0.5032889693975449,2236,0.544154143333435,0.5036688297986984
2237,0.5032889693975449,2237,0.544154143333435,0.5036688297986984
2238,0.5032889693975449,2238,0.544154143333435,0.5036688297986984
2239,0.5032889693975449,2239,0.544154143333435,0.5036688297986984
2240,0.5032889693975449,2240,0.544154143333435,0.5036688297986984
2241,0.5032889693975449,2241,0.544154143333435,0.5036688297986984
2242,0.5032889693975449,2242,0.544154143333435,0.5036688297986984
2243,0.5032889693975449,2243,0.544154143333435,0.5036688297986984
2244,0.5032889693975449,2244,0.544154143333435,0.5036688297986984
2245,0.5032889693975449,2245,0.544154143333435,0.5036688297986984
2246,0.5032889693975449,2246,0.544154143333435,0.5036688297986984
2247,0.5032889693975449,2247,0.544154143333435,0.5036688297986984
2248,0.5032889693975449,2248,0.544154143333435,0.5036688297986984
2249,0.5032889693975449,2249,0.544154143333435,0.5036688297986984
2250,0.5040890842676162,2250,0.5446381747722626,0.5025399416685105
2251,0.5040890842676162,2251,0.5446381747722626,0.5025399416685105
2252,0.5040890842676162,2252,0.5446381747722626,0.5025399416685105
2253,0.5040890842676162,2253,0.5446381747722626,0.5025399416685105
2254,0.5040890842676162,2254,0.5446381747722626,0.5025399416685105
2255,0.5040890842676162,2255,0.5446381747722626,0.5025399416685105
2256,0.5040890842676162,2256,0.5446381747722626,0.5025399416685105
2257,0.5040890842676162,2257,0.5446381747722626,0.5025399416685105
2258,0.5040890842676162,2258,0.5446381747722626,0.5025399416685105
2259,0.5040890842676162,2259,0.5446381747722626,0.5025399416685105
2260,0.5040890842676162,2260,0.5446381747722626,0.5025399416685105
2261,0.5040890842676162,2261,0.5446381747722626,0.5025399416685105
2262,0.5040890842676162,2262,0.5446381747722626,0.5025399416685105
2263,0.5040890842676162,2263,0.5446381747722626,0.5025399416685105
2264,0.5040890842676162,2264,0.5446381747722626,0.5025399416685105
2265,0.5040890842676162,2265,0.5446381747722626,0.5025399416685105
2266,0.5040890842676162,2266,0.5446381747722626,0.5025399416685105
2267,0.5040890842676162,2267,0.5446381747722626,0.5025399416685105
2268,0.5040890842676162,2268,0.5446381747722626,0.5025399416685105
2269,0.5040890842676162,2269,0.5446381747722626,0.5025399416685105
2270,0.5040890842676162,2270,0.5446381747722626,0.5025399416685105
2271,0.5040890842676162,2271,0.5446381747722626,0.5025399416685105
2272,0.5040890842676162,2272,0.5446381747722626,0.5025399416685105
2273,0.5040890842676162,2273,0.5446381747722626,0.5025399416685105
2274,0.5040890842676162,2274,0.5446381747722626,0.5025399416685105
2275,0.5040890842676162,2275,0.5446381747722626,0.5025399416685105
2276,0.5040890842676162,2276,0.5446381747722626,0.5025399416685105
2277,0.5040890842676162,2277,0.5446381747722626,0.5025399416685105
2278,0.5040890842676162,2278,0.5446381747722626,0.5025399416685105
2279,0.5040890842676162,2279,0.5446381747722626,0.5025399416685105
2280,0.5040890842676162,2280,0.5446381747722626,0.5025399416685105
2281,0.5040890842676162,2281,0.5446381747722626,0.5025399416685105
2282,0.5040890842676162,2282,0.5446381747722626,0.5025399416685105
2283,0.5040890842676162,2283,0.5446381747722626,0.5025399416685105
2284,0.5040890842676162,2284,0.5446381747722626,0.5025399416685105
2285,0.5040890842676162,2285,0.5446381747722626,0.5025399416685105
2286,0.5040890842676162,2286,0.5446381747722626,0.5025399416685105
2287,0.5040890842676162,2287,0.5446381747722626,0.5025399416685105
2288,0.5040890842676162,2288,0.5446381747722626,0.5025399416685105
2289,0.5040890842676162,2289,0.5446381747722626,0.5025399416685105
2290,0.5040890842676162,2290,0.5446381747722626,0.5025399416685105
2291,0.5040890842676162,2291,0.5446381747722626,0.5025399416685105
2292,0.5040890842676162,2292,0.5446381747722626,0.5025399416685105
2293,0.5040890842676162,2293,0.5446381747722626,0.5025399416685105
2294,0.5040890842676162,2294,0.5446381747722626,0.5025399416685105
2295,0.5040890842676162,2295,0.5446381747722626,0.5025399416685105
2296,0.5040890842676162,2296,0.5446381747722626,0.5025399416685105
2297,0.5040890842676162,2297,0.5446381747722626,0.5025399416685105
2298,0.5040890842676162,2298,0.5446381747722626,0.5025399416685105
2299,0.5040890842676162,2299,0.5446381747722626,0.5025399416685105
2300,0.5040890842676162,2300,0.5446381747722626,0.5025399416685105
2301,0.5040890842676162,2301,0.5446381747722626,0.5025399416685105
2302,0.5040890842676162,2302,0.5446381747722626,0.5025399416685105
2303,0.5040890842676162,2303,0.5446381747722626,0.5025399416685105
2304,0.5040890842676162,2304,0.5446381747722626,0.5025399416685105
2305,0.5040890842676162,2305,0.5446381747722626,0.5025399416685105
2306,0.5040890842676162,2306,0.5446381747722626,0.5025399416685105
2307,0.5040890842676162,2307,0.5446381747722626,0.5025399416685105
2308,0.5040890842676162,2308,0.5446381747722626,0.5025399416685105
2309,0.5040890842676162,2309,0.5446381747722626,0.5025399416685105
2310,0.5040890842676162,2310,0.5446381747722626,0.5025399416685105
2311,0.5040890842676162,2311,0.5446381747722626,0.5025399416685105
2312,0.5040890842676162,2312,0.5446381747722626,0.5025399416685105
2313,0.5040890842676162,2313,0.5446381747722626,0.5025399416685105
2314,0.5040890842676162,2314,0.5446381747722626,0.5025399416685105
2315,0.5040890842676162,2315,0.5446381747722626,0.5025399416685105
2316,0.5040890842676162,2316,0.5446381747722626,0.5025399416685105
2317,0.5040890842676162,2317,0.5446381747722626,0.5025399416685105
2318,0.5040890842676162,2318,0.5446381747722626,0.5025399416685105
2319,0.5040890842676162,2319,0.5446381747722626,0.5025399416685105
2320,0.5040890842676162,2320,0.5446381747722626,0.5025399416685105
2321,0.5040890842676162,2321,0.5446381747722626,0.5025399416685105
2322,0.5040890842676162,2322,0.5446381747722626,0.5025399416685105
2323,0.5040890842676162,2323,0.5446381747722626,0.5025399416685105
2324,0.5040890842676162,2324,0.5446381747722626,0.5025399416685105
2325,0.5040890842676162,2325,0.5446381747722626,0.5025399416685105
2326,0.5040890842676162,2326,0.5446381747722626,0.5025399416685105
2327,0.5040890842676162,2327,0.5446381747722626,0.5025399416685105
2328,0.5040890842676162,2328,0.5446381747722626,0.5025399416685105
2329,0.5040890842676162,2329,0.5446381747722626,0.5025399416685105
2330,0.5040890842676162,2330,0.5446381747722626,0.5025399416685105
2331,0.5040890842676162,2331,0.5446381747722626,0.5025399416685105
2332,0.5040890842676162,2332,0.5446381747722626,0.5025399416685105
2333,0.5040890842676162,2333,0.5446381747722626,0.5025399416685105
2334,0.5040890842676162,2334,0.5446381747722626,0.5025399416685105
2335,0.5040890842676162,2335,0.5446381747722626,0.5025399416685105
2336,0.5040890842676162,2336,0.5446381747722626,0.5025399416685105
2337,0.5040890842676162,2337,0.5446381747722626,0.5025399416685105
2338,0.5040890842676162,2338,0.5446381747722626,0.5025399416685105
2339,0.5040890842676162,2339,0.5446381747722626,0.5025399416685105
2340,0.5040890842676162,2340,0.5446381747722626,0.5025399416685105
2341,0.5040890842676162,2341,0.5446381747722626,0.5025399416685105
2342,0.5040890842676162,2342,0.5446381747722626,0.5025399416685105
2343,0.5040890842676162,2343,0.5446381747722626,0.5025399416685105
2344,0.5040890842676162,2344,0.5446381747722626,0.5025399416685105
2345,0.5040890842676162,2345,0.5446381747722626,0.5025399416685105
2346,0.5040890842676162,2346,0.5446381747722626,0.5025399416685105
2347,0.5040890842676162,2347,0.5446381747722626,0.5025399416685105
2348,0.5040890842676162,2348,0.5446381747722626,0.5025399416685105
2349,0.5040890842676162,2349,0.5446381747722626,0.5025399416685105
2350,0.5040890842676162,2350,0.5446381747722626,0.5025399416685105
2351,0.5040890842676162,2351,0.5446381747722626,0.5025399416685105
2352,0.5040890842676162,2352,0.5446381747722626,0.5025399416685105
2353,0.5040890842676162,2353,0.5446381747722626,0.5025399416685105
2354,0.5040890842676162,2354,0.5446381747722626,0.5025399416685105
2355,0.5040890842676162,2355,0.5446381747722626,0.5025399416685105
2356,0.5040890842676162,2356,0.5446381747722626,0.5025399416685105
2357,0.5040890842676162,2357,0.5446381747722626,0.5025399416685105
2358,0.5040890842676162,2358,0.5446381747722626,0.5025399416685105
2359,0.5040890842676162,2359,0.5446381747722626,0.5025399416685105
2360,0.5040890842676162,2360,0.5446381747722626,0.5025399416685105
2361,0.5040890842676162,2361,0.5446381747722626,0.5025399416685105
2362,0.5040890842676162,2362,0.5446381747722626,0.5025399416685105
2363,0.5040890842676162,2363,0.5446381747722626,0.5025399416685105
2364,0.5040890842676162,2364,0.5446381747722626,0.5025399416685105
2365,0.5040890842676162,2365,0.5446381747722626,0.5025399416685105
2366,0.5040890842676162,2366,0.5446381747722626,0.5025399416685105
2367,0.5040890842676162,2367,0.5446381747722626,0.5025399416685105
2368,0.5040890842676162,2368,0.5446381747722626,0.5025399416685105
2369,0.5040890842676162,2369,0.5446381747722626,0.5025399416685105
2370,0.5040890842676162,2370,0.5446381747722626,0.5025399416685105
2371,0.5040890842676162,2371,0.5446381747722626,0.5025399416685105
2372,0.5040890842676162,2372,0.5446381747722626,0.5025399416685105
2373,0.5040890842676162,2373,0.5446381747722626,0.5025399416685105
2374,0.5040890842676162,2374,0.5446381747722626,0.5025399416685105
2375,0.5040890842676162,2375,0.5446381747722626,0.5025399416685105
2376,0.5040890842676162,2376,0.5446381747722626,0.5025399416685105
2377,0.5040890842676162,2377,0.5446381747722626,0.5025399416685105
2378,0.5040890842676162,2378,0.5446381747722626,0.5025399416685105
2379,0.5040890842676162,2379,0.5446381747722626,0.5025399416685105
2380,0.5040890842676162,2380,0.5446381747722626,0.5025399416685105
2381,0.5040890842676162,2381,0.5446381747722626,0.5025399416685105
2382,0.5040890842676162,2382,0.5446381747722626,0.5025399416685105
2383,0.5040890842676162,2383,0.5446381747722626,0.5025399416685105
2384,0.5040890842676162,2384,0.5446381747722626,0.5025399416685105
2385,0.5040890842676162,2385,0.5446381747722626,0.5025399416685105
2386,0.5040890842676162,2386,0.5446381747722626,0.5025399416685105
2387,0.5040890842676162,2387,0.5446381747722626,0.5025399416685105
2388,0.5040890842676162,2388,0.5446381747722626,0.5025399416685105
2389,0.5040890842676162,2389,0.5446381747722626,0.5025399416685105
2390,0.5040890842676162,2390,0.5446381747722626,0.5025399416685105
2391,0.5040890842676162,2391,0.5446381747722626,0.5025399416685105
2392,0.5040890842676162,2392,0.5446381747722626,0.5025399416685105
2393,0.5040890842676162,2393,0.5446381747722626,0.5025399416685105
2394,0.5040890842676162,2394,0.5446381747722626,0.5025399416685105
2395,0.5040890842676162,2395,0.5446381747722626,0.5025399416685105
2396,0.5040890842676162,2396,0.5446381747722626,0.5025399416685105
2397,0.5040890842676162,2397,0.5446381747722626,0.5025399416685105
2398,0.5040890842676162,2398,0.5446381747722626,0.5025399416685105
2399,0.5040890842676162,2399,0.5446381747722626,0.5025399416685105
2400,0.5040890842676162,2400,0.5446381747722626,0.5025399416685105
2401,0.5040890842676162,2401,0.5446381747722626,0.5025399416685105
2402,0.5040890842676162,2402,0.5446381747722626,0.5025399416685105
2403,0.5040890842676162,2403,0.5446381747722626,0.5025399416685105
2404,0.5040890842676162,2404,0.5446381747722626,0.5025399416685105
2405,0.5040890842676162,2405,0.5446381747722626,0.5025399416685105
2406,0.5040890842676162,2406,0.5446381747722626,0.5025399416685105
2407,0.5040890842676162,2407,0.5446381747722626,0.5025399416685105
2408,0.5040890842676162,2408,0.5446381747722626,0.5025399416685105
2409,0.5040890842676162,2409,0.5446381747722626,0.5025399416685105
2410,0.5040890842676162,2410,0.5446381747722626,0.5025399416685105
2411,0.5040890842676162,2411,0.5446381747722626,0.5025399416685105
2412,0.5040890842676162,2412,0.5446381747722626,0.5025399416685105
2413,0.5040890842676162,2413,0.5446381747722626,0.5025399416685105
2414,0.5040890842676162,2414,0.5446381747722626,0.5025399416685105
2415,0.5040890842676162,2415,0.5446381747722626,0.5025399416685105
2416,0.5040890842676162,2416,0.5446381747722626,0.5025399416685105
2417,0.5040890842676162,2417,0.5446381747722626,0.5025399416685105
2418,0.5040890842676162,2418,0.5446381747722626,0.5025399416685105
2419,0.5040890842676162,2419,0.5446381747722626,0.5025399416685105
2420,0.5040890842676162,2420,0.5446381747722626,0.5025399416685105
2421,0.5040890842676162,2421,0.5446381747722626,0.5025399416685105
2422,0.5040890842676162,2422,0.5446381747722626,0.5025399416685105
2423,0.5040890842676162,2423,0.5446381747722626,0.5025399416685105
2424,0.5040890842676162,2424,0.5446381747722626,0.5025399416685105
2425,0.5040890842676162,2425,0.5446381747722626,0.5025399416685105
2426,0.5040890842676162,2426,0.5446381747722626,0.5025399416685105
2427,0.5040890842676162,2427,0.5446381747722626,0.5025399416685105
2428,0.5040890842676162,2428,0.5446381747722626,0.5025399416685105
2429,0.5040890842676162,2429,0.5446381747722626,0.5025399416685105
2430,0.5040890842676162,2430,0.5446381747722626,0.5025399416685105
2431,0.5040890842676162,2431,0.5446381747722626,0.5025399416685105
2432,0.5040890842676162,2432,0.5446381747722626,0.5025399416685105
2433,0.5040890842676162,2433,0.5446381747722626,0.5025399416685105
2434,0.5040890842676162,2434,0.5446381747722626,0.5025399416685105
2435,0.5040890842676162,2435,0.5446381747722626,0.5025399416685105
2436,0.5040890842676162,2436,0.5446381747722626,0.5025399416685105
2437,0.5040890842676162,2437,0.5446381747722626,0.5025399416685105
2438,0.5040890842676162,2438,0.5446381747722626,0.5025399416685105
2439,0.5040890842676162,2439,0.5446381747722626,0.5025399416685105
2440,0.5040890842676162,2440,0.5446381747722626,0.5025399416685105
2441,0.5040890842676162,2441,0.5446381747722626,0.5025399416685105
2442,0.5040890842676162,2442,0.5446381747722626,0.5025399416685105
2443,0.5040890842676162,2443,0.5446381747722626,0.5025399416685105
2444,0.5040890842676162,2444,0.5446381747722626,0.5025399416685105
2445,0.5040890842676162,2445,0.5446381747722626,0.5025399416685105
2446,0.5040890842676162,2446,0.5446381747722626,0.5025399416685105
2447,0.5040890842676162,2447,0.5446381747722626,0.5025399416685105
2448,0.5040890842676162,2448,0.5446381747722626,0.5025399416685105
2449,0.5040890842676162,2449,0.5446381747722626,0.5025399416685105
2450,0.5040890842676162,2450,0.5446381747722626,0.5025399416685105
2451,0.5040890842676162,2451,0.5446381747722626,0.5025399416685105
2452,0.5040890842676162,2452,0.5446381747722626,0.5025399416685105
2453,0.5040890842676162,2453,0.5446381747722626,0.5025399416685105
2454,0.5040890842676162,2454,0.5446381747722626,0.5025399416685105
2455,0.5040890842676162,2455,0.5446381747722626,0.5025399416685105
2456,0.5040890842676162,2456,0.5446381747722626,0.5025399416685105
2457,0.5040890842676162,2457,0.5446381747722626,0.5025399416685105
2458,0.5040890842676162,2458,0.5446381747722626,0.5025399416685105
2459,0.5040890842676162,2459,0.5446381747722626,0.5025399416685105
2460,0.5040890842676162,2460,0.5446381747722626,0.5025399416685105
2461,0.5040890842676162,2461,0.5446381747722626,0.5025399416685105
2462,0.5040890842676162,2462,0.5446381747722626,0.5025399416685105
2463,0.5040890842676162,2463,0.5446381747722626,0.5025399416685105
2464,0.5040890842676162,2464,0.5446381747722626,0.5025399416685105
2465,0.5040890842676162,2465,0.5446381747722626,0.5025399416685105
2466,0.5040890842676162,2466,0.5446381747722626,0.5025399416685105
2467,0.5040890842676162,2467,0.5446381747722626,0.5025399416685105
2468,0.5040890842676162,2468,0.5446381747722626,0.5025399416685105
2469,0.5040890842676162,2469,0.5446381747722626,0.5025399416685105
2470,0.5040890842676162,2470,0.5446381747722626,0.5025399416685105
2471,0.5040890842676162,2471,0.5446381747722626,0.5025399416685105
2472,0.5040890842676162,2472,0.5446381747722626,0.5025399416685105
2473,0.5040890842676162,2473,0.5446381747722626,0.5025399416685105
2474,0.5040890842676162,2474,0.5446381747722626,0.5025399416685105
2475,0.5040890842676162,2475,0.5446381747722626,0.5025399416685105
2476,0.5040890842676162,2476,0.5446381747722626,0.5025399416685105
2477,0.5040890842676162,2477,0.5446381747722626,0.5025399416685105
2478,0.5040890842676162,2478,0.5446381747722626,0.5025399416685105
2479,0.5040890842676162,2479,0.5446381747722626,0.5025399416685105
2480,0.5040890842676162,2480,0.5446381747722626,0.5025399416685105
2481,0.5040890842676162,2481,0.5446381747722626,0.5025399416685105
2482,0.5040890842676162,2482,0.5446381747722626,0.5025399416685105
2483,0.5040890842676162,2483,0.5446381747722626,0.5025399416685105
2484,0.5040890842676162,2484,0.5446381747722626,0.5025399416685105
2485,0.5040890842676162,2485,0.5446381747722626,0.5025399416685105
2486,0.5040890842676162,2486,0.5446381747722626,0.5025399416685105
2487,0.5040890842676162,2487,0.5446381747722626,0.5025399416685105
2488,0.5040890842676162,2488,0.5446381747722626,0.5025399416685105
2489,0.5040890842676162,2489,0.5446381747722626,0.5025399416685105
2490,0.5040890842676162,2490,0.5446381747722626,0.5025399416685105
2491,0.5040890842676162,2491,0.5446381747722626,0.5025399416685105
2492,0.5040890842676162,2492,0.5446381747722626,0.5025399416685105
2493,0.5040890842676162,2493,0.5446381747722626,0.5025399416685105
2494,0.5040890842676162,2494,0.5446381747722626,0.5025399416685105
2495,0.5040890842676162,2495,0.5446381747722626,0.5025399416685105
2496,0.5040890842676162,2496,0.5446381747722626,0.5025399416685105
2497,0.5040890842676162,2497,0.5446381747722626,0.5025399416685105
2498,0.5040890842676162,2498,0.5446381747722626,0.5025399416685105
2499,0.5040890842676162,2499,0.5446381747722626,0.5025399416685105
2500,0.5044551223516465,2500,0.5445758700370789,0.5023855447769165
2501,0.5044551223516465,2501,0.5445758700370789,0.5023855447769165
2502,0.5044551223516465,2502,0.5445758700370789,0.5023855447769165
2503,0.5044551223516465,2503,0.5445758700370789,0.5023855447769165
2504,0.5044551223516465,2504,0.5445758700370789,0.5023855447769165
2505,0.5044551223516465,2505,0.5445758700370789,0.5023855447769165
2506,0.5044551223516465,2506,0.5445758700370789,0.5023855447769165
2507,0.5044551223516465,2507,0.5445758700370789,0.5023855447769165
2508,0.5044551223516465,2508,0.5445758700370789,0.5023855447769165
2509,0.5044551223516465,2509,0.5445758700370789,0.5023855447769165
2510,0.5044551223516465,2510,0.5445758700370789,0.5023855447769165
2511,0.5044551223516465,2511,0.5445758700370789,0.5023855447769165
2512,0.5044551223516465,2512,0.5445758700370789,0.5023855447769165
2513,0.5044551223516465,2513,0.5445758700370789,0.5023855447769165
2514,0.5044551223516465,2514,0.5445758700370789,0.5023855447769165
2515,0.5044551223516465,2515,0.5445758700370789,0.5023855447769165
2516,0.5044551223516465,2516,0.5445758700370789,0.5023855447769165
2517,0.5044551223516465,2517,0.5445758700370789,0.5023855447769165
2518,0.5044551223516465,2518,0.5445758700370789,0.5023855447769165
2519,0.5044551223516465,2519,0.5445758700370789,0.5023855447769165
2520,0.5044551223516465,2520,0.5445758700370789,0.5023855447769165
2521,0.5044551223516465,2521,0.5445758700370789,0.5023855447769165
2522,0.5044551223516465,2522,0.5445758700370789,0.5023855447769165
2523,0.5044551223516465,2523,0.5445758700370789,0.5023855447769165
2524,0.5044551223516465,2524,0.5445758700370789,0.5023855447769165
2525,0.5044551223516465,2525,0.5445758700370789,0.5023855447769165
2526,0.5044551223516465,2526,0.5445758700370789,0.5023855447769165
2527,0.5044551223516465,2527,0.5445758700370789,0.5023855447769165
2528,0.5044551223516465,2528,0.5445758700370789,0.5023855447769165
2529,0.5044551223516465,2529,0.5445758700370789,0.5023855447769165
2530,0.5044551223516465,2530,0.5445758700370789,0.5023855447769165
2531,0.5044551223516465,2531,0.5445758700370789,0.5023855447769165
2532,0.5044551223516465,2532,0.5445758700370789,0.5023855447769165
2533,0.5044551223516465,2533,0.5445758700370789,0.5023855447769165
2534,0.5044551223516465,2534,0.5445758700370789,0.5023855447769165
2535,0.5044551223516465,2535,0.5445758700370789,0.5023855447769165
2536,0.5044551223516465,2536,0.5445758700370789,0.5023855447769165
2537,0.5044551223516465,2537,0.5445758700370789,0.5023855447769165
2538,0.5044551223516465,2538,0.5445758700370789,0.5023855447769165
2539,0.5044551223516465,2539,0.5445758700370789,0.5023855447769165
2540,0.5044551223516465,2540,0.5445758700370789,0.5023855447769165
2541,0.5044551223516465,2541,0.5445758700370789,0.5023855447769165
2542,0.5044551223516465,2542,0.5445758700370789,0.5023855447769165
2543,0.5044551223516465,2543,0.5445758700370789,0.5023855447769165
2544,0.5044551223516465,2544,0.5445758700370789,0.5023855447769165
2545,0.5044551223516465,2545,0.5445758700370789,0.5023855447769165
2546,0.5044551223516465,2546,0.5445758700370789,0.5023855447769165
2547,0.5044551223516465,2547,0.5445758700370789,0.5023855447769165
2548,0.5044551223516465,2548,0.5445758700370789,0.5023855447769165
2549,0.5044551223516465,2549,0.5445758700370789,0.5023855447769165
2550,0.5044551223516465,2550,0.5445758700370789,0.5023855447769165
2551,0.5044551223516465,2551,0.5445758700370789,0.5023855447769165
2552,0.5044551223516465,2552,0.5445758700370789,0.5023855447769165
2553,0.5044551223516465,2553,0.5445758700370789,0.5023855447769165
2554,0.5044551223516465,2554,0.5445758700370789,0.5023855447769165
2555,0.5044551223516465,2555,0.5445758700370789,0.5023855447769165
2556,0.5044551223516465,2556,0.5445758700370789,0.5023855447769165
2557,0.5044551223516465,2557,0.5445758700370789,0.5023855447769165
2558,0.5044551223516465,2558,0.5445758700370789,0.5023855447769165
2559,0.5044551223516465,2559,0.5445758700370789,0.5023855447769165
2560,0.5044551223516465,2560,0.5445758700370789,0.5023855447769165
2561,0.5044551223516465,2561,0.5445758700370789,0.5023855447769165
2562,0.5044551223516465,2562,0.5445758700370789,0.5023855447769165
2563,0.5044551223516465,2563,0.5445758700370789,0.5023855447769165
2564,0.5044551223516465,2564,0.5445758700370789,0.5023855447769165
2565,0.5044551223516465,2565,0.5445758700370789,0.5023855447769165
2566,0.5044551223516465,2566,0.5445758700370789,0.5023855447769165
2567,0.5044551223516465,2567,0.5445758700370789,0.5023855447769165
2568,0.5044551223516465,2568,0.5445758700370789,0.5023855447769165
2569,0.5044551223516465,2569,0.5445758700370789,0.5023855447769165
2570,0.5044551223516465,2570,0.5445758700370789,0.5023855447769165
2571,0.5044551223516465,2571,0.5445758700370789,0.5023855447769165
2572,0.5044551223516465,2572,0.5445758700370789,0.5023855447769165
2573,0.5044551223516465,2573,0.5445758700370789,0.5023855447769165
2574,0.5044551223516465,2574,0.5445758700370789,0.5023855447769165
2575,0.5044551223516465,2575,0.5445758700370789,0.5023855447769165
2576,0.5044551223516465,2576,0.5445758700370789,0.5023855447769165
2577,0.5044551223516465,2577,0.5445758700370789,0.5023855447769165
2578,0.5044551223516465,2578,0.5445758700370789,0.5023855447769165
2579,0.5044551223516465,2579,0.5445758700370789,0.5023855447769165
2580,0.5044551223516465,2580,0.5445758700370789,0.5023855447769165
2581,0.5044551223516465,2581,0.5445758700370789,0.5023855447769165
2582,0.5044551223516465,2582,0.5445758700370789,0.5023855447769165
2583,0.5044551223516465,2583,0.5445758700370789,0.5023855447769165
2584,0.5044551223516465,2584,0.5445758700370789,0.5023855447769165
2585,0.5044551223516465,2585,0.5445758700370789,0.5023855447769165
2586,0.5044551223516465,2586,0.5445758700370789,0.5023855447769165
2587,0.5044551223516465,2587,0.5445758700370789,0.5023855447769165
2588,0.5044551223516465,2588,0.5445758700370789,0.5023855447769165
2589,0.5044551223516465,2589,0.5445758700370789,0.5023855447769165
2590,0.5044551223516465,2590,0.5445758700370789,0.5023855447769165
2591,0.5044551223516465,2591,0.5445758700370789,0.5023855447769165
2592,0.5044551223516465,2592,0.5445758700370789,0.5023855447769165
2593,0.5044551223516465,2593,0.5445758700370789,0.5023855447769165
2594,0.5044551223516465,2594,0.5445758700370789,0.5023855447769165
2595,0.5044551223516465,2595,0.5445758700370789,0.5023855447769165
2596,0.5044551223516465,2596,0.5445758700370789,0.5023855447769165
2597,0.5044551223516465,2597,0.5445758700370789,0.5023855447769165
2598,0.5044551223516465,2598,0.5445758700370789,0.5023855447769165
2599,0.5044551223516465,2599,0.5445758700370789,0.5023855447769165
2600,0.5044551223516465,2600,0.5445758700370789,0.5023855447769165
2601,0.5044551223516465,2601,0.5445758700370789,0.5023855447769165
2602,0.5044551223516465,2602,0.5445758700370789,0.5023855447769165
2603,0.5044551223516465,2603,0.5445758700370789,0.5023855447769165
2604,0.5044551223516465,2604,0.5445758700370789,0.5023855447769165
2605,0.5044551223516465,2605,0.5445758700370789,0.5023855447769165
2606,0.5044551223516465,2606,0.5445758700370789,0.5023855447769165
2607,0.5044551223516465,2607,0.5445758700370789,0.5023855447769165
2608,0.5044551223516465,2608,0.5445758700370789,0.5023855447769165
2609,0.5044551223516465,2609,0.5445758700370789,0.5023855447769165
2610,0.5044551223516465,2610,0.5445758700370789,0.5023855447769165
2611,0.5044551223516465,2611,0.5445758700370789,0.5023855447769165
2612,0.5044551223516465,2612,0.5445758700370789,0.5023855447769165
2613,0.5044551223516465,2613,0.5445758700370789,0.5023855447769165
2614,0.5044551223516465,2614,0.5445758700370789,0.5023855447769165
2615,0.5044551223516465,2615,0.5445758700370789,0.5023855447769165
2616,0.5044551223516465,2616,0.5445758700370789,0.5023855447769165
2617,0.5044551223516465,2617,0.5445758700370789,0.5023855447769165
2618,0.5044551223516465,2618,0.5445758700370789,0.5023855447769165
2619,0.5044551223516465,2619,0.5445758700370789,0.5023855447769165
2620,0.5044551223516465,2620,0.5445758700370789,0.5023855447769165
2621,0.5044551223516465,2621,0.5445758700370789,0.5023855447769165
2622,0.5044551223516465,2622,0.5445758700370789,0.5023855447769165
2623,0.5044551223516465,2623,0.5445758700370789,0.5023855447769165
2624,0.5044551223516465,2624,0.5445758700370789,0.5023855447769165
2625,0.5044551223516465,2625,0.5445758700370789,0.5023855447769165
2626,0.5044551223516465,2626,0.5445758700370789,0.5023855447769165
2627,0.5044551223516465,2627,0.5445758700370789,0.5023855447769165
2628,0.5044551223516465,2628,0.5445758700370789,0.5023855447769165
2629,0.5044551223516465,2629,0.5445758700370789,0.5023855447769165
2630,0.5044551223516465,2630,0.5445758700370789,0.5023855447769165
2631,0.5044551223516465,2631,0.5445758700370789,0.5023855447769165
2632,0.5044551223516465,2632,0.5445758700370789,0.5023855447769165
2633,0.5044551223516465,2633,0.5445758700370789,0.5023855447769165
2634,0.5044551223516465,2634,0.5445758700370789,0.5023855447769165
2635,0.5044551223516465,2635,0.5445758700370789,0.5023855447769165
2636,0.5044551223516465,2636,0.5445758700370789,0.5023855447769165
2637,0.5044551223516465,2637,0.5445758700370789,0.5023855447769165
2638,0.5044551223516465,2638,0.5445758700370789,0.5023855447769165
2639,0.5044551223516465,2639,0.5445758700370789,0.5023855447769165
2640,0.5044551223516465,2640,0.5445758700370789,0.5023855447769165
2641,0.5044551223516465,2641,0.5445758700370789,0.5023855447769165
2642,0.5044551223516465,2642,0.5445758700370789,0.5023855447769165
2643,0.5044551223516465,2643,0.5445758700370789,0.5023855447769165
2644,0.5044551223516465,2644,0.5445758700370789,0.5023855447769165
2645,0.5044551223516465,2645,0.5445758700370789,0.5023855447769165
2646,0.5044551223516465,2646,0.5445758700370789,0.5023855447769165
2647,0.5044551223516465,2647,0.5445758700370789,0.5023855447769165
2648,0.5044551223516465,2648,0.5445758700370789,0.5023855447769165
2649,0.5044551223516465,2649,0.5445758700370789,0.5023855447769165
2650,0.5044551223516465,2650,0.5445758700370789,0.5023855447769165
2651,0.5044551223516465,2651,0.5445758700370789,0.5023855447769165
2652,0.5044551223516465,2652,0.5445758700370789,0.5023855447769165
2653,0.5044551223516465,2653,0.5445758700370789,0.5023855447769165
2654,0.5044551223516465,2654,0.5445758700370789,0.5023855447769165
2655,0.5044551223516465,2655,0.5445758700370789,0.5023855447769165
2656,0.5044551223516465,2656,0.5445758700370789,0.5023855447769165
2657,0.5044551223516465,2657,0.5445758700370789,0.5023855447769165
2658,0.5044551223516465,2658,0.5445758700370789,0.5023855447769165
2659,0.5044551223516465,2659,0.5445758700370789,0.5023855447769165
2660,0.5044551223516465,2660,0.5445758700370789,0.5023855447769165
2661,0.5044551223516465,2661,0.5445758700370789,0.5023855447769165
2662,0.5044551223516465,2662,0.5445758700370789,0.5023855447769165
2663,0.5044551223516465,2663,0.5445758700370789,0.5023855447769165
2664,0.5044551223516465,2664,0.5445758700370789,0.5023855447769165
2665,0.5044551223516465,2665,0.5445758700370789,0.5023855447769165
2666,0.5044551223516465,2666,0.5445758700370789,0.5023855447769165
2667,0.5044551223516465,2667,0.5445758700370789,0.5023855447769165
2668,0.5044551223516465,2668,0.5445758700370789,0.5023855447769165
2669,0.5044551223516465,2669,0.5445758700370789,0.5023855447769165
2670,0.5044551223516465,2670,0.5445758700370789,0.5023855447769165
2671,0.5044551223516465,2671,0.5445758700370789,0.5023855447769165
2672,0.5044551223516465,2672,0.5445758700370789,0.5023855447769165
2673,0.5044551223516465,2673,0.5445758700370789,0.5023855447769165
2674,0.5044551223516465,2674,0.5445758700370789,0.5023855447769165
2675,0.5044551223516465,2675,0.5445758700370789,0.5023855447769165
2676,0.5044551223516465,2676,0.5445758700370789,0.5023855447769165
2677,0.5044551223516465,2677,0.5445758700370789,0.5023855447769165
2678,0.5044551223516465,2678,0.5445758700370789,0.5023855447769165
2679,0.5044551223516465,2679,0.5445758700370789,0.5023855447769165
2680,0.5044551223516465,2680,0.5445758700370789,0.5023855447769165
2681,0.5044551223516465,2681,0.5445758700370789,0.5023855447769165
2682,0.5044551223516465,2682,0.5445758700370789,0.5023855447769165
2683,0.5044551223516465,2683,0.5445758700370789,0.5023855447769165
2684,0.5044551223516465,2684,0.5445758700370789,0.5023855447769165
2685,0.5044551223516465,2685,0.5445758700370789,0.5023855447769165
2686,0.5044551223516465,2686,0.5445758700370789,0.5023855447769165
2687,0.5044551223516465,2687,0.5445758700370789,0.5023855447769165
2688,0.5044551223516465,2688,0.5445758700370789,0.5023855447769165
2689,0.5044551223516465,2689,0.5445758700370789,0.5023855447769165
2690,0.5044551223516465,2690,0.5445758700370789,0.5023855447769165
2691,0.5044551223516465,2691,0.5445758700370789,0.5023855447769165
2692,0.5044551223516465,2692,0.5445758700370789,0.5023855447769165
2693,0.5044551223516465,2693,0.5445758700370789,0.5023855447769165
2694,0.5044551223516465,2694,0.5445758700370789,0.5023855447769165
2695,0.5044551223516465,2695,0.5445758700370789,0.5023855447769165
2696,0.5044551223516465,2696,0.5445758700370789,0.5023855447769165
2697,0.5044551223516465,2697,0.5445758700370789,0.5023855447769165
2698,0.5044551223516465,2698,0.5445758700370789,0.5023855447769165
2699,0.5044551223516465,2699,0.5445758700370789,0.5023855447769165
2700,0.5044551223516465,2700,0.5445758700370789,0.5023855447769165
2701,0.5044551223516465,2701,0.5445758700370789,0.5023855447769165
2702,0.5044551223516465,2702,0.5445758700370789,0.5023855447769165
2703,0.5044551223516465,2703,0.5445758700370789,0.5023855447769165
2704,0.5044551223516465,2704,0.5445758700370789,0.5023855447769165
2705,0.5044551223516465,2705,0.5445758700370789,0.5023855447769165
2706,0.5044551223516465,2706,0.5445758700370789,0.5023855447769165
2707,0.5044551223516465,2707,0.5445758700370789,0.5023855447769165
2708,0.5044551223516465,2708,0.5445758700370789,0.5023855447769165
2709,0.5044551223516465,2709,0.5445758700370789,0.5023855447769165
2710,0.5044551223516465,2710,0.5445758700370789,0.5023855447769165
2711,0.5044551223516465,2711,0.5445758700370789,0.5023855447769165
2712,0.5044551223516465,2712,0.5445758700370789,0.5023855447769165
2713,0.5044551223516465,2713,0.5445758700370789,0.5023855447769165
2714,0.5044551223516465,2714,0.5445758700370789,0.5023855447769165
2715,0.5044551223516465,2715,0.5445758700370789,0.5023855447769165
2716,0.5044551223516465,2716,0.5445758700370789,0.5023855447769165
2717,0.5044551223516465,2717,0.5445758700370789,0.5023855447769165
2718,0.5044551223516465,2718,0.5445758700370789,0.5023855447769165
2719,0.5044551223516465,2719,0.5445758700370789,0.5023855447769165
2720,0.5044551223516465,2720,0.5445758700370789,0.5023855447769165
2721,0.5044551223516465,2721,0.5445758700370789,0.5023855447769165
2722,0.5044551223516465,2722,0.5445758700370789,0.5023855447769165
2723,0.5044551223516465,2723,0.5445758700370789,0.5023855447769165
2724,0.5044551223516465,2724,0.5445758700370789,0.5023855447769165
2725,0.5044551223516465,2725,0.5445758700370789,0.5023855447769165
2726,0.5044551223516465,2726,0.5445758700370789,0.5023855447769165
2727,0.5044551223516465,2727,0.5445758700370789,0.5023855447769165
2728,0.5044551223516465,2728,0.5445758700370789,0.5023855447769165
2729,0.5044551223516465,2729,0.5445758700370789,0.5023855447769165
2730,0.5044551223516465,2730,0.5445758700370789,0.5023855447769165
2731,0.5044551223516465,2731,0.5445758700370789,0.5023855447769165
2732,0.5044551223516465,2732,0.5445758700370789,0.5023855447769165
2733,0.5044551223516465,2733,0.5445758700370789,0.5023855447769165
2734,0.5044551223516465,2734,0.5445758700370789,0.5023855447769165
2735,0.5044551223516465,2735,0.5445758700370789,0.5023855447769165
2736,0.5044551223516465,2736,0.5445758700370789,0.5023855447769165
2737,0.5044551223516465,2737,0.5445758700370789,0.5023855447769165
2738,0.5044551223516465,2738,0.5445758700370789,0.5023855447769165
2739,0.5044551223516465,2739,0.5445758700370789,0.5023855447769165
2740,0.5044551223516465,2740,0.5445758700370789,0.5023855447769165
2741,0.5044551223516465,2741,0.5445758700370789,0.5023855447769165
2742,0.5044551223516465,2742,0.5445758700370789,0.5023855447769165
2743,0.5044551223516465,2743,0.5445758700370789,0.5023855447769165
2744,0.5044551223516465,2744,0.5445758700370789,0.5023855447769165
2745,0.5044551223516465,2745,0.5445758700370789,0.5023855447769165
2746,0.5044551223516465,2746,0.5445758700370789,0.5023855447769165
2747,0.5044551223516465,2747,0.5445758700370789,0.5023855447769165
2748,0.5044551223516465,2748,0.5445758700370789,0.5023855447769165
2749,0.5044551223516465,2749,0.5445758700370789,0.5023855447769165
2750,0.5045577555894851,2750,0.5445807814598084,0.5002015918493271
2751,0.5045577555894851,2751,0.5445807814598084,0.5002015918493271
2752,0.5045577555894851,2752,0.5445807814598084,0.5002015918493271
2753,0.5045577555894851,2753,0.5445807814598084,0.5002015918493271
2754,0.5045577555894851,2754,0.5445807814598084,0.5002015918493271
2755,0.5045577555894851,2755,0.5445807814598084,0.5002015918493271
2756,0.5045577555894851,2756,0.5445807814598084,0.5002015918493271
2757,0.5045577555894851,2757,0.5445807814598084,0.5002015918493271
2758,0.5045577555894851,2758,0.5445807814598084,0.5002015918493271
2759,0.5045577555894851,2759,0.5445807814598084,0.5002015918493271
2760,0.5045577555894851,2760,0.5445807814598084,0.5002015918493271
2761,0.5045577555894851,2761,0.5445807814598084,0.5002015918493271
2762,0.5045577555894851,2762,0.5445807814598084,0.5002015918493271
2763,0.5045577555894851,2763,0.5445807814598084,0.5002015918493271
2764,0.5045577555894851,2764,0.5445807814598084,0.5002015918493271
2765,0.5045577555894851,2765,0.5445807814598084,0.5002015918493271
2766,0.5045577555894851,2766,0.5445807814598084,0.5002015918493271
2767,0.5045577555894851,2767,0.5445807814598084,0.5002015918493271
2768,0.5045577555894851,2768,0.5445807814598084,0.5002015918493271
2769,0.5045577555894851,2769,0.5445807814598084,0.5002015918493271
2770,0.5045577555894851,2770,0.5445807814598084,0.5002015918493271
2771,0.5045577555894851,2771,0.5445807814598084,0.5002015918493271
2772,0.5045577555894851,2772,0.5445807814598084,0.5002015918493271
2773,0.5045577555894851,2773,0.5445807814598084,0.5002015918493271
2774,0.5045577555894851,2774,0.5445807814598084,0.5002015918493271
2775,0.5045577555894851,2775,0.5445807814598084,0.5002015918493271
2776,0.5045577555894851,2776,0.5445807814598084,0.5002015918493271
2777,0.5045577555894851,2777,0.5445807814598084,0.5002015918493271
2778,0.5045577555894851,2778,0.5445807814598084,0.5002015918493271
2779,0.5045577555894851,2779,0.5445807814598084,0.5002015918493271
2780,0.5045577555894851,2780,0.5445807814598084,0.5002015918493271
2781,0.5045577555894851,2781,0.5445807814598084,0.5002015918493271
2782,0.5045577555894851,2782,0.5445807814598084,0.5002015918493271
2783,0.5045577555894851,2783,0.5445807814598084,0.5002015918493271
2784,0.5045577555894851,2784,0.5445807814598084,0.5002015918493271
2785,0.5045577555894851,2785,0.5445807814598084,0.5002015918493271
2786,0.5045577555894851,2786,0.5445807814598084,0.5002015918493271
2787,0.5045577555894851,2787,0.5445807814598084,0.5002015918493271
2788,0.5045577555894851,2788,0.5445807814598084,0.5002015918493271
2789,0.5045577555894851,2789,0.5445807814598084,0.5002015918493271
2790,0.5045577555894851,2790,0.5445807814598084,0.5002015918493271
2791,0.5045577555894851,2791,0.5445807814598084,0.5002015918493271
2792,0.5045577555894851,2792,0.5445807814598084,0.5002015918493271
2793,0.5045577555894851,2793,0.5445807814598084,0.5002015918493271
2794,0.5045577555894851,2794,0.5445807814598084,0.5002015918493271
2795,0.5045577555894851,2795,0.5445807814598084,0.5002015918493271
2796,0.5045577555894851,2796,0.5445807814598084,0.5002015918493271
2797,0.5045577555894851,2797,0.5445807814598084,0.5002015918493271
2798,0.5045577555894851,2798,0.5445807814598084,0.5002015918493271
2799,0.5045577555894851,2799,0.5445807814598084,0.5002015918493271
2800,0.5045577555894851,2800,0.5445807814598084,0.5002015918493271
2801,0.5045577555894851,2801,0.5445807814598084,0.5002015918493271
2802,0.5045577555894851,2802,0.5445807814598084,0.5002015918493271
2803,0.5045577555894851,2803,0.5445807814598084,0.5002015918493271
2804,0.5045577555894851,2804,0.5445807814598084,0.5002015918493271
2805,0.5045577555894851,2805,0.5445807814598084,0.5002015918493271
2806,0.5045577555894851,2806,0.5445807814598084,0.5002015918493271
2807,0.5045577555894851,2807,0.5445807814598084,0.5002015918493271
2808,0.5045577555894851,2808,0.5445807814598084,0.5002015918493271
2809,0.5045577555894851,2809,0.5445807814598084,0.5002015918493271
2810,0.5045577555894851,2810,0.5445807814598084,0.5002015918493271
2811,0.5045577555894851,2811,0.5445807814598084,0.5002015918493271
2812,0.5045577555894851,2812,0.5445807814598084,0.5002015918493271
2813,0.5045577555894851,2813,0.5445807814598084,0.5002015918493271
2814,0.5045577555894851,2814,0.5445807814598084,0.5002015918493271
2815,0.5045577555894851,2815,0.5445807814598084,0.5002015918493271
2816,0.5045577555894851,2816,0.5445807814598084,0.5002015918493271
2817,0.5045577555894851,2817,0.5445807814598084,0.5002015918493271
2818,0.5045577555894851,2818,0.5445807814598084,0.5002015918493271
2819,0.5045577555894851,2819,0.5445807814598084,0.5002015918493271
2820,0.5045577555894851,2820,0.5445807814598084,0.5002015918493271
2821,0.5045577555894851,2821,0.5445807814598084,0.5002015918493271
2822,0.5045577555894851,2822,0.5445807814598084,0.5002015918493271
2823,0.5045577555894851,2823,0.5445807814598084,0.5002015918493271
2824,0.5045577555894851,2824,0.5445807814598084,0.5002015918493271
2825,0.5045577555894851,2825,0.5445807814598084,0.5002015918493271
2826,0.5045577555894851,2826,0.5445807814598084,0.5002015918493271
2827,0.5045577555894851,2827,0.5445807814598084,0.5002015918493271
2828,0.5045577555894851,2828,0.5445807814598084,0.5002015918493271
2829,0.5045577555894851,2829,0.5445807814598084,0.5002015918493271
2830,0.5045577555894851,2830,0.5445807814598084,0.5002015918493271
2831,0.5045577555894851,2831,0.5445807814598084,0.5002015918493271
2832,0.5045577555894851,2832,0.5445807814598084,0.5002015918493271
2833,0.5045577555894851,2833,0.5445807814598084,0.5002015918493271
2834,0.5045577555894851,2834,0.5445807814598084,0.5002015918493271
2835,0.5045577555894851,2835,0.5445807814598084,0.5002015918493271
2836,0.5045577555894851,2836,0.5445807814598084,0.5002015918493271
2837,0.5045577555894851,2837,0.5445807814598084,0.5002015918493271
2838,0.5045577555894851,2838,0.5445807814598084,0.5002015918493271
2839,0.5045577555894851,2839,0.5445807814598084,0.5002015918493271
2840,0.5045577555894851,2840,0.5445807814598084,0.5002015918493271
2841,0.5045577555894851,2841,0.5445807814598084,0.5002015918493271
2842,0.5045577555894851,2842,0.5445807814598084,0.5002015918493271
2843,0.5045577555894851,2843,0.5445807814598084,0.5002015918493271
2844,0.5045577555894851,2844,0.5445807814598084,0.5002015918493271
2845,0.5045577555894851,2845,0.5445807814598084,0.5002015918493271
2846,0.5045577555894851,2846,0.5445807814598084,0.5002015918493271
2847,0.5045577555894851,2847,0.5445807814598084,0.5002015918493271
2848,0.5045577555894851,2848,0.5445807814598084,0.5002015918493271
2849,0.5045577555894851,2849,0.5445807814598084,0.5002015918493271
2850,0.5045577555894851,2850,0.5445807814598084,0.5002015918493271
2851,0.5045577555894851,2851,0.5445807814598084,0.5002015918493271
2852,0.5045577555894851,2852,0.5445807814598084,0.5002015918493271
2853,0.5045577555894851,2853,0.5445807814598084,0.5002015918493271
2854,0.5045577555894851,2854,0.5445807814598084,0.5002015918493271
2855,0.5045577555894851,2855,0.5445807814598084,0.5002015918493271
2856,0.5045577555894851,2856,0.5445807814598084,0.5002015918493271
2857,0.5045577555894851,2857,0.5445807814598084,0.5002015918493271
2858,0.5045577555894851,2858,0.5445807814598084,0.5002015918493271
2859,0.5045577555894851,2859,0.5445807814598084,0.5002015918493271
2860,0.5045577555894851,2860,0.5445807814598084,0.5002015918493271
2861,0.5045577555894851,2861,0.5445807814598084,0.5002015918493271
2862,0.5045577555894851,2862,0.5445807814598084,0.5002015918493271
2863,0.5045577555894851,2863,0.5445807814598084,0.5002015918493271
2864,0.5045577555894851,2864,0.5445807814598084,0.5002015918493271
2865,0.5045577555894851,2865,0.5445807814598084,0.5002015918493271
2866,0.5045577555894851,2866,0.5445807814598084,0.5002015918493271
2867,0.5045577555894851,2867,0.5445807814598084,0.5002015918493271
2868,0.5045577555894851,2868,0.5445807814598084,0.5002015918493271
2869,0.5045577555894851,2869,0.5445807814598084,0.5002015918493271
2870,0.5045577555894851,2870,0.5445807814598084,0.5002015918493271
2871,0.5045577555894851,2871,0.5445807814598084,0.5002015918493271
2872,0.5045577555894851,2872,0.5445807814598084,0.5002015918493271
2873,0.5045577555894851,2873,0.5445807814598084,0.5002015918493271
2874,0.5045577555894851,2874,0.5445807814598084,0.5002015918493271
2875,0.5045577555894851,2875,0.5445807814598084,0.5002015918493271
2876,0.5045577555894851,2876,0.5445807814598084,0.5002015918493271
2877,0.5045577555894851,2877,0.5445807814598084,0.5002015918493271
2878,0.5045577555894851,2878,0.5445807814598084,0.5002015918493271
2879,0.5045577555894851,2879,0.5445807814598084,0.5002015918493271
2880,0.5045577555894851,2880,0.5445807814598084,0.5002015918493271
2881,0.5045577555894851,2881,0.5445807814598084,0.5002015918493271
2882,0.5045577555894851,2882,0.5445807814598084,0.5002015918493271
2883,0.5045577555894851,2883,0.5445807814598084,0.5002015918493271
2884,0.5045577555894851,2884,0.5445807814598084,0.5002015918493271
2885,0.5045577555894851,2885,0.5445807814598084,0.5002015918493271
2886,0.5045577555894851,2886,0.5445807814598084,0.5002015918493271
2887,0.5045577555894851,2887,0.5445807814598084,0.5002015918493271
2888,0.5045577555894851,2888,0.5445807814598084,0.5002015918493271
2889,0.5045577555894851,2889,0.5445807814598084,0.5002015918493271
2890,0.5045577555894851,2890,0.5445807814598084,0.5002015918493271
2891,0.5045577555894851,2891,0.5445807814598084,0.5002015918493271
2892,0.5045577555894851,2892,0.5445807814598084,0.5002015918493271
2893,0.5045577555894851,2893,0.5445807814598084,0.5002015918493271
2894,0.5045577555894851,2894,0.5445807814598084,0.5002015918493271
2895,0.5045577555894851,2895,0.5445807814598084,0.5002015918493271
2896,0.5045577555894851,2896,0.5445807814598084,0.5002015918493271
2897,0.5045577555894851,2897,0.5445807814598084,0.5002015918493271
2898,0.5045577555894851,2898,0.5445807814598084,0.5002015918493271
2899,0.5045577555894851,2899,0.5445807814598084,0.5002015918493271
2900,0.5045577555894851,2900,0.5445807814598084,0.5002015918493271
2901,0.5045577555894851,2901,0.5445807814598084,0.5002015918493271
2902,0.5045577555894851,2902,0.5445807814598084,0.5002015918493271
2903,0.5045577555894851,2903,0.5445807814598084,0.5002015918493271
2904,0.5045577555894851,2904,0.5445807814598084,0.5002015918493271
2905,0.5045577555894851,2905,0.5445807814598084,0.5002015918493271
2906,0.5045577555894851,2906,0.5445807814598084,0.5002015918493271
2907,0.5045577555894851,2907,0.5445807814598084,0.5002015918493271
2908,0.5045577555894851,2908,0.5445807814598084,0.5002015918493271
2909,0.5045577555894851,2909,0.5445807814598084,0.5002015918493271
2910,0.5045577555894851,2910,0.5445807814598084,0.5002015918493271
2911,0.5045577555894851,2911,0.5445807814598084,0.5002015918493271
2912,0.5045577555894851,2912,0.5445807814598084,0.5002015918493271
2913,0.5045577555894851,2913,0.5445807814598084,0.5002015918493271
2914,0.5045577555894851,2914,0.5445807814598084,0.5002015918493271
2915,0.5045577555894851,2915,0.5445807814598084,0.5002015918493271
2916,0.5045577555894851,2916,0.5445807814598084,0.5002015918493271
2917,0.5045577555894851,2917,0.5445807814598084,0.5002015918493271
2918,0.5045577555894851,2918,0.5445807814598084,0.5002015918493271
2919,0.5045577555894851,2919,0.5445807814598084,0.5002015918493271
2920,0.5045577555894851,2920,0.5445807814598084,0.5002015918493271
2921,0.5045577555894851,2921,0.5445807814598084,0.5002015918493271
2922,0.5045577555894851,2922,0.5445807814598084,0.5002015918493271
2923,0.5045577555894851,2923,0.5445807814598084,0.5002015918493271
2924,0.5045577555894851,2924,0.5445807814598084,0.5002015918493271
2925,0.5045577555894851,2925,0.5445807814598084,0.5002015918493271
2926,0.5045577555894851,2926,0.5445807814598084,0.5002015918493271
2927,0.5045577555894851,2927,0.5445807814598084,0.5002015918493271
2928,0.5045577555894851,2928,0.5445807814598084,0.5002015918493271
2929,0.5045577555894851,2929,0.5445807814598084,0.5002015918493271
2930,0.5045577555894851,2930,0.5445807814598084,0.5002015918493271
2931,0.5045577555894851,2931,0.5445807814598084,0.5002015918493271
2932,0.5045577555894851,2932,0.5445807814598084,0.5002015918493271
2933,0.5045577555894851,2933,0.5445807814598084,0.5002015918493271
2934,0.5045577555894851,2934,0.5445807814598084,0.5002015918493271
2935,0.5045577555894851,2935,0.5445807814598084,0.5002015918493271
2936,0.5045577555894851,2936,0.5445807814598084,0.5002015918493271
2937,0.5045577555894851,2937,0.5445807814598084,0.5002015918493271
2938,0.5045577555894851,2938,0.5445807814598084,0.5002015918493271
2939,0.5045577555894851,2939,0.5445807814598084,0.5002015918493271
2940,0.5045577555894851,2940,0.5445807814598084,0.5002015918493271
2941,0.5045577555894851,2941,0.5445807814598084,0.5002015918493271
2942,0.5045577555894851,2942,0.5445807814598084,0.5002015918493271
2943,0.5045577555894851,2943,0.5445807814598084,0.5002015918493271
2944,0.5045577555894851,2944,0.5445807814598084,0.5002015918493271
2945,0.5045577555894851,2945,0.5445807814598084,0.5002015918493271
2946,0.5045577555894851,2946,0.5445807814598084,0.5002015918493271
2947,0.5045577555894851,2947,0.5445807814598084,0.5002015918493271
2948,0.5045577555894851,2948,0.5445807814598084,0.5002015918493271
2949,0.5045577555894851,2949,0.5445807814598084,0.5002015918493271
2950,0.5045577555894851,2950,0.5445807814598084,0.5002015918493271
2951,0.5045577555894851,2951,0.5445807814598084,0.5002015918493271
2952,0.5045577555894851,2952,0.5445807814598084,0.5002015918493271
2953,0.5045577555894851,2953,0.5445807814598084,0.5002015918493271
2954,0.5045577555894851,2954,0.5445807814598084,0.5002015918493271
2955,0.5045577555894851,2955,0.5445807814598084,0.5002015918493271
2956,0.5045577555894851,2956,0.5445807814598084,0.5002015918493271
2957,0.5045577555894851,2957,0.5445807814598084,0.5002015918493271
2958,0.5045577555894851,2958,0.5445807814598084,0.5002015918493271
2959,0.5045577555894851,2959,0.5445807814598084,0.5002015918493271
2960,0.5045577555894851,2960,0.5445807814598084,0.5002015918493271
2961,0.5045577555894851,2961,0.5445807814598084,0.5002015918493271
2962,0.5045577555894851,2962,0.5445807814598084,0.5002015918493271
2963,0.5045577555894851,2963,0.5445807814598084,0.5002015918493271
2964,0.5045577555894851,2964,0.5445807814598084,0.5002015918493271
2965,0.5045577555894851,2965,0.5445807814598084,0.5002015918493271
2966,0.5045577555894851,2966,0.5445807814598084,0.5002015918493271
2967,0.5045577555894851,2967,0.5445807814598084,0.5002015918493271
2968,0.5045577555894851,2968,0.5445807814598084,0.5002015918493271
2969,0.5045577555894851,2969,0.5445807814598084,0.5002015918493271
2970,0.5045577555894851,2970,0.5445807814598084,0.5002015918493271
2971,0.5045577555894851,2971,0.5445807814598084,0.5002015918493271
2972,0.5045577555894851,2972,0.5445807814598084,0.5002015918493271
2973,0.5045577555894851,2973,0.5445807814598084,0.5002015918493271
2974,0.5045577555894851,2974,0.5445807814598084,0.5002015918493271
2975,0.5045577555894851,2975,0.5445807814598084,0.5002015918493271
2976,0.5045577555894851,2976,0.5445807814598084,0.5002015918493271
2977,0.5045577555894851,2977,0.5445807814598084,0.5002015918493271
2978,0.5045577555894851,2978,0.5445807814598084,0.5002015918493271
2979,0.5045577555894851,2979,0.5445807814598084,0.5002015918493271
2980,0.5045577555894851,2980,0.5445807814598084,0.5002015918493271
2981,0.5045577555894851,2981,0.5445807814598084,0.5002015918493271
2982,0.5045577555894851,2982,0.5445807814598084,0.5002015918493271
2983,0.5045577555894851,2983,0.5445807814598084,0.5002015918493271
2984,0.5045577555894851,2984,0.5445807814598084,0.5002015918493271
2985,0.5045577555894851,2985,0.5445807814598084,0.5002015918493271
2986,0.5045577555894851,2986,0.5445807814598084,0.5002015918493271
2987,0.5045577555894851,2987,0.5445807814598084,0.5002015918493271
2988,0.5045577555894851,2988,0.5445807814598084,0.5002015918493271
2989,0.5045577555894851,2989,0.5445807814598084,0.5002015918493271
2990,0.5045577555894851,2990,0.5445807814598084,0.5002015918493271
2991,0.5045577555894851,2991,0.5445807814598084,0.5002015918493271
2992,0.5045577555894851,2992,0.5445807814598084,0.5002015918493271
2993,0.5045577555894851,2993,0.5445807814598084,0.5002015918493271
2994,0.5045577555894851,2994,0.5445807814598084,0.5002015918493271
2995,0.5045577555894851,2995,0.5445807814598084,0.5002015918493271
2996,0.5045577555894851,2996,0.5445807814598084,0.5002015918493271
2997,0.5045577555894851,2997,0.5445807814598084,0.5002015918493271
2998,0.5045577555894851,2998,0.5445807814598084,0.5002015918493271
2999,0.5045577555894851,2999,0.5445807814598084,0.5002015918493271
3000,0.5039781183004379,3000,0.5444835662841797,0.5012138962745667
3001,0.5039781183004379,3001,0.5444835662841797,0.5012138962745667
3002,0.5039781183004379,3002,0.5444835662841797,0.5012138962745667
3003,0.5039781183004379,3003,0.5444835662841797,0.5012138962745667
3004,0.5039781183004379,3004,0.5444835662841797,0.5012138962745667
3005,0.5039781183004379,3005,0.5444835662841797,0.5012138962745667
3006,0.5039781183004379,3006,0.5444835662841797,0.5012138962745667
3007,0.5039781183004379,3007,0.5444835662841797,0.5012138962745667
3008,0.5039781183004379,3008,0.5444835662841797,0.5012138962745667
3009,0.5039781183004379,3009,0.5444835662841797,0.5012138962745667
3010,0.5039781183004379,3010,0.5444835662841797,0.5012138962745667
3011,0.5039781183004379,3011,0.5444835662841797,0.5012138962745667
3012,0.5039781183004379,3012,0.5444835662841797,0.5012138962745667
3013,0.5039781183004379,3013,0.5444835662841797,0.5012138962745667
3014,0.5039781183004379,3014,0.5444835662841797,0.5012138962745667
3015,0.5039781183004379,3015,0.5444835662841797,0.5012138962745667
3016,0.5039781183004379,3016,0.5444835662841797,0.5012138962745667
3017,0.5039781183004379,3017,0.5444835662841797,0.5012138962745667
3018,0.5039781183004379,3018,0.5444835662841797,0.5012138962745667
3019,0.5039781183004379,3019,0.5444835662841797,0.5012138962745667
3020,0.5039781183004379,3020,0.5444835662841797,0.5012138962745667
3021,0.5039781183004379,3021,0.5444835662841797,0.5012138962745667
3022,0.5039781183004379,3022,0.5444835662841797,0.5012138962745667
3023,0.5039781183004379,3023,0.5444835662841797,0.5012138962745667
3024,0.5039781183004379,3024,0.5444835662841797,0.5012138962745667
3025,0.5039781183004379,3025,0.5444835662841797,0.5012138962745667
3026,0.5039781183004379,3026,0.5444835662841797,0.5012138962745667
3027,0.5039781183004379,3027,0.5444835662841797,0.5012138962745667
3028,0.5039781183004379,3028,0.5444835662841797,0.5012138962745667
3029,0.5039781183004379,3029,0.5444835662841797,0.5012138962745667
3030,0.5039781183004379,3030,0.5444835662841797,0.5012138962745667
3031,0.5039781183004379,3031,0.5444835662841797,0.5012138962745667
3032,0.5039781183004379,3032,0.5444835662841797,0.5012138962745667
3033,0.5039781183004379,3033,0.5444835662841797,0.5012138962745667
3034,0.5039781183004379,3034,0.5444835662841797,0.5012138962745667
3035,0.5039781183004379,3035,0.5444835662841797,0.5012138962745667
3036,0.5039781183004379,3036,0.5444835662841797,0.5012138962745667
3037,0.5039781183004379,3037,0.5444835662841797,0.5012138962745667
3038,0.5039781183004379,3038,0.5444835662841797,0.5012138962745667
3039,0.5039781183004379,3039,0.5444835662841797,0.5012138962745667
3040,0.5039781183004379,3040,0.5444835662841797,0.5012138962745667
3041,0.5039781183004379,3041,0.5444835662841797,0.5012138962745667
3042,0.5039781183004379,3042,0.5444835662841797,0.5012138962745667
3043,0.5039781183004379,3043,0.5444835662841797,0.5012138962745667
3044,0.5039781183004379,3044,0.5444835662841797,0.5012138962745667
3045,0.5039781183004379,3045,0.5444835662841797,0.5012138962745667
3046,0.5039781183004379,3046,0.5444835662841797,0.5012138962745667
3047,0.5039781183004379,3047,0.5444835662841797,0.5012138962745667
3048,0.5039781183004379,3048,0.5444835662841797,0.5012138962745667
3049,0.5039781183004379,3049,0.5444835662841797,0.5012138962745667
3050,0.5039781183004379,3050,0.5444835662841797,0.5012138962745667
3051,0.5039781183004379,3051,0.5444835662841797,0.5012138962745667
3052,0.5039781183004379,3052,0.5444835662841797,0.5012138962745667
3053,0.5039781183004379,3053,0.5444835662841797,0.5012138962745667
3054,0.5039781183004379,3054,0.5444835662841797,0.5012138962745667
3055,0.5039781183004379,3055,0.5444835662841797,0.5012138962745667
3056,0.5039781183004379,3056,0.5444835662841797,0.5012138962745667
3057,0.5039781183004379,3057,0.5444835662841797,0.5012138962745667
3058,0.5039781183004379,3058,0.5444835662841797,0.5012138962745667
3059,0.5039781183004379,3059,0.5444835662841797,0.5012138962745667
3060,0.5039781183004379,3060,0.5444835662841797,0.5012138962745667
3061,0.5039781183004379,3061,0.5444835662841797,0.5012138962745667
3062,0.5039781183004379,3062,0.5444835662841797,0.5012138962745667
3063,0.5039781183004379,3063,0.5444835662841797,0.5012138962745667
3064,0.5039781183004379,3064,0.5444835662841797,0.5012138962745667
3065,0.5039781183004379,3065,0.5444835662841797,0.5012138962745667
3066,0.5039781183004379,3066,0.5444835662841797,0.5012138962745667
3067,0.5039781183004379,3067,0.5444835662841797,0.5012138962745667
3068,0.5039781183004379,3068,0.5444835662841797,0.5012138962745667
3069,0.5039781183004379,3069,0.5444835662841797,0.5012138962745667
3070,0.5039781183004379,3070,0.5444835662841797,0.5012138962745667
3071,0.5039781183004379,3071,0.5444835662841797,0.5012138962745667
3072,0.5039781183004379,3072,0.5444835662841797,0.5012138962745667
3073,0.5039781183004379,3073,0.5444835662841797,0.5012138962745667
3074,0.5039781183004379,3074,0.5444835662841797,0.5012138962745667
3075,0.5039781183004379,3075,0.5444835662841797,0.5012138962745667
3076,0.5039781183004379,3076,0.5444835662841797,0.5012138962745667
3077,0.5039781183004379,3077,0.5444835662841797,0.5012138962745667
3078,0.5039781183004379,3078,0.5444835662841797,0.5012138962745667
3079,0.5039781183004379,3079,0.5444835662841797,0.5012138962745667
3080,0.5039781183004379,3080,0.5444835662841797,0.5012138962745667
3081,0.5039781183004379,3081,0.5444835662841797,0.5012138962745667
3082,0.5039781183004379,3082,0.5444835662841797,0.5012138962745667
3083,0.5039781183004379,3083,0.5444835662841797,0.5012138962745667
3084,0.5039781183004379,3084,0.5444835662841797,0.5012138962745667
3085,0.5039781183004379,3085,0.5444835662841797,0.5012138962745667
3086,0.5039781183004379,3086,0.5444835662841797,0.5012138962745667
3087,0.5039781183004379,3087,0.5444835662841797,0.5012138962745667
3088,0.5039781183004379,3088,0.5444835662841797,0.5012138962745667
3089,0.5039781183004379,3089,0.5444835662841797,0.5012138962745667
3090,0.5039781183004379,3090,0.5444835662841797,0.5012138962745667
3091,0.5039781183004379,3091,0.5444835662841797,0.5012138962745667
3092,0.5039781183004379,3092,0.5444835662841797,0.5012138962745667
3093,0.5039781183004379,3093,0.5444835662841797,0.5012138962745667
3094,0.5039781183004379,3094,0.5444835662841797,0.5012138962745667
3095,0.5039781183004379,3095,0.5444835662841797,0.5012138962745667
3096,0.5039781183004379,3096,0.5444835662841797,0.5012138962745667
3097,0.5039781183004379,3097,0.5444835662841797,0.5012138962745667
3098,0.5039781183004379,3098,0.5444835662841797,0.5012138962745667
3099,0.5039781183004379,3099,0.5444835662841797,0.5012138962745667
3100,0.5039781183004379,3100,0.5444835662841797,0.5012138962745667
3101,0.5039781183004379,3101,0.5444835662841797,0.5012138962745667
3102,0.5039781183004379,3102,0.5444835662841797,0.5012138962745667
3103,0.5039781183004379,3103,0.5444835662841797,0.5012138962745667
3104,0.5039781183004379,3104,0.5444835662841797,0.5012138962745667
3105,0.5039781183004379,3105,0.5444835662841797,0.5012138962745667
3106,0.5039781183004379,3106,0.5444835662841797,0.5012138962745667
3107,0.5039781183004379,3107,0.5444835662841797,0.5012138962745667
3108,0.5039781183004379,3108,0.5444835662841797,0.5012138962745667
3109,0.5039781183004379,3109,0.5444835662841797,0.5012138962745667
3110,0.5039781183004379,3110,0.5444835662841797,0.5012138962745667
3111,0.5039781183004379,3111,0.5444835662841797,0.5012138962745667
3112,0.5039781183004379,3112,0.5444835662841797,0.5012138962745667
3113,0.5039781183004379,3113,0.5444835662841797,0.5012138962745667
3114,0.5039781183004379,3114,0.5444835662841797,0.5012138962745667
3115,0.5039781183004379,3115,0.5444835662841797,0.5012138962745667
3116,0.5039781183004379,3116,0.5444835662841797,0.5012138962745667
3117,0.5039781183004379,3117,0.5444835662841797,0.5012138962745667
3118,0.5039781183004379,3118,0.5444835662841797,0.5012138962745667
3119,0.5039781183004379,3119,0.5444835662841797,0.5012138962745667
3120,0.5039781183004379,3120,0.5444835662841797,0.5012138962745667
3121,0.5039781183004379,3121,0.5444835662841797,0.5012138962745667
3122,0.5039781183004379,3122,0.5444835662841797,0.5012138962745667
3123,0.5039781183004379,3123,0.5444835662841797,0.5012138962745667
3124,0.5039781183004379,3124,0.5444835662841797,0.5012138962745667
3125,0.5039781183004379,3125,0.5444835662841797,0.5012138962745667
3126,0.5039781183004379,3126,0.5444835662841797,0.5012138962745667
3127,0.5039781183004379,3127,0.5444835662841797,0.5012138962745667
3128,0.5039781183004379,3128,0.5444835662841797,0.5012138962745667
3129,0.5039781183004379,3129,0.5444835662841797,0.5012138962745667
3130,0.5039781183004379,3130,0.5444835662841797,0.5012138962745667
3131,0.5039781183004379,3131,0.5444835662841797,0.5012138962745667
3132,0.5039781183004379,3132,0.5444835662841797,0.5012138962745667
3133,0.5039781183004379,3133,0.5444835662841797,0.5012138962745667
3134,0.5039781183004379,3134,0.5444835662841797,0.5012138962745667
3135,0.5039781183004379,3135,0.5444835662841797,0.5012138962745667
3136,0.5039781183004379,3136,0.5444835662841797,0.5012138962745667
3137,0.5039781183004379,3137,0.5444835662841797,0.5012138962745667
3138,0.5039781183004379,3138,0.5444835662841797,0.5012138962745667
3139,0.5039781183004379,3139,0.5444835662841797,0.5012138962745667
3140,0.5039781183004379,3140,0.5444835662841797,0.5012138962745667
3141,0.5039781183004379,3141,0.5444835662841797,0.5012138962745667
3142,0.5039781183004379,3142,0.5444835662841797,0.5012138962745667
3143,0.5039781183004379,3143,0.5444835662841797,0.5012138962745667
3144,0.5039781183004379,3144,0.5444835662841797,0.5012138962745667
3145,0.5039781183004379,3145,0.5444835662841797,0.5012138962745667
3146,0.5039781183004379,3146,0.5444835662841797,0.5012138962745667
3147,0.5039781183004379,3147,0.5444835662841797,0.5012138962745667
3148,0.5039781183004379,3148,0.5444835662841797,0.5012138962745667
3149,0.5039781183004379,3149,0.5444835662841797,0.5012138962745667
3150,0.5039781183004379,3150,0.5444835662841797,0.5012138962745667
3151,0.5039781183004379,3151,0.5444835662841797,0.5012138962745667
3152,0.5039781183004379,3152,0.5444835662841797,0.5012138962745667
3153,0.5039781183004379,3153,0.5444835662841797,0.5012138962745667
3154,0.5039781183004379,3154,0.5444835662841797,0.5012138962745667
3155,0.5039781183004379,3155,0.5444835662841797,0.5012138962745667
3156,0.5039781183004379,3156,0.5444835662841797,0.5012138962745667
3157,0.5039781183004379,3157,0.5444835662841797,0.5012138962745667
3158,0.5039781183004379,3158,0.5444835662841797,0.5012138962745667
3159,0.5039781183004379,3159,0.5444835662841797,0.5012138962745667
3160,0.5039781183004379,3160,0.5444835662841797,0.5012138962745667
3161,0.5039781183004379,3161,0.5444835662841797,0.5012138962745667
3162,0.5039781183004379,3162,0.5444835662841797,0.5012138962745667
3163,0.5039781183004379,3163,0.5444835662841797,0.5012138962745667
3164,0.5039781183004379,3164,0.5444835662841797,0.5012138962745667
3165,0.5039781183004379,3165,0.5444835662841797,0.5012138962745667
3166,0.5039781183004379,3166,0.5444835662841797,0.5012138962745667
3167,0.5039781183004379,3167,0.5444835662841797,0.5012138962745667
3168,0.5039781183004379,3168,0.5444835662841797,0.5012138962745667
3169,0.5039781183004379,3169,0.5444835662841797,0.5012138962745667
3170,0.5039781183004379,3170,0.5444835662841797,0.5012138962745667
3171,0.5039781183004379,3171,0.5444835662841797,0.5012138962745667
3172,0.5039781183004379,3172,0.5444835662841797,0.5012138962745667
3173,0.5039781183004379,3173,0.5444835662841797,0.5012138962745667
3174,0.5039781183004379,3174,0.5444835662841797,0.5012138962745667
3175,0.5039781183004379,3175,0.5444835662841797,0.5012138962745667
3176,0.5039781183004379,3176,0.5444835662841797,0.5012138962745667
3177,0.5039781183004379,3177,0.5444835662841797,0.5012138962745667
3178,0.5039781183004379,3178,0.5444835662841797,0.5012138962745667
3179,0.5039781183004379,3179,0.5444835662841797,0.5012138962745667
3180,0.5039781183004379,3180,0.5444835662841797,0.5012138962745667
3181,0.5039781183004379,3181,0.5444835662841797,0.5012138962745667
3182,0.5039781183004379,3182,0.5444835662841797,0.5012138962745667
3183,0.5039781183004379,3183,0.5444835662841797,0.5012138962745667
3184,0.5039781183004379,3184,0.5444835662841797,0.5012138962745667
3185,0.5039781183004379,3185,0.5444835662841797,0.5012138962745667
3186,0.5039781183004379,3186,0.5444835662841797,0.5012138962745667
3187,0.5039781183004379,3187,0.5444835662841797,0.5012138962745667
3188,0.5039781183004379,3188,0.5444835662841797,0.5012138962745667
3189,0.5039781183004379,3189,0.5444835662841797,0.5012138962745667
3190,0.5039781183004379,3190,0.5444835662841797,0.5012138962745667
3191,0.5039781183004379,3191,0.5444835662841797,0.5012138962745667
3192,0.5039781183004379,3192,0.5444835662841797,0.5012138962745667
3193,0.5039781183004379,3193,0.5444835662841797,0.5012138962745667
3194,0.5039781183004379,3194,0.5444835662841797,0.5012138962745667
3195,0.5039781183004379,3195,0.5444835662841797,0.5012138962745667
3196,0.5039781183004379,3196,0.5444835662841797,0.5012138962745667
3197,0.5039781183004379,3197,0.5444835662841797,0.5012138962745667
3198,0.5039781183004379,3198,0.5444835662841797,0.5012138962745667
3199,0.5039781183004379,3199,0.5444835662841797,0.5012138962745667
3200,0.5039781183004379,3200,0.5444835662841797,0.5012138962745667
3201,0.5039781183004379,3201,0.5444835662841797,0.5012138962745667
3202,0.5039781183004379,3202,0.5444835662841797,0.5012138962745667
3203,0.5039781183004379,3203,0.5444835662841797,0.5012138962745667
3204,0.5039781183004379,3204,0.5444835662841797,0.5012138962745667
3205,0.5039781183004379,3205,0.5444835662841797,0.5012138962745667
3206,0.5039781183004379,3206,0.5444835662841797,0.5012138962745667
3207,0.5039781183004379,3207,0.5444835662841797,0.5012138962745667
3208,0.5039781183004379,3208,0.5444835662841797,0.5012138962745667
3209,0.5039781183004379,3209,0.5444835662841797,0.5012138962745667
3210,0.5039781183004379,3210,0.5444835662841797,0.5012138962745667
3211,0.5039781183004379,3211,0.5444835662841797,0.5012138962745667
3212,0.5039781183004379,3212,0.5444835662841797,0.5012138962745667
3213,0.5039781183004379,3213,0.5444835662841797,0.5012138962745667
3214,0.5039781183004379,3214,0.5444835662841797,0.5012138962745667
3215,0.5039781183004379,3215,0.5444835662841797,0.5012138962745667
3216,0.5039781183004379,3216,0.5444835662841797,0.5012138962745667
3217,0.5039781183004379,3217,0.5444835662841797,0.5012138962745667
3218,0.5039781183004379,3218,0.5444835662841797,0.5012138962745667
3219,0.5039781183004379,3219,0.5444835662841797,0.5012138962745667
3220,0.5039781183004379,3220,0.5444835662841797,0.5012138962745667
3221,0.5039781183004379,3221,0.5444835662841797,0.5012138962745667
3222,0.5039781183004379,3222,0.5444835662841797,0.5012138962745667
3223,0.5039781183004379,3223,0.5444835662841797,0.5012138962745667
3224,0.5039781183004379,3224,0.5444835662841797,0.5012138962745667
3225,0.5039781183004379,3225,0.5444835662841797,0.5012138962745667
3226,0.5039781183004379,3226,0.5444835662841797,0.5012138962745667
3227,0.5039781183004379,3227,0.5444835662841797,0.5012138962745667
3228,0.5039781183004379,3228,0.5444835662841797,0.5012138962745667
3229,0.5039781183004379,3229,0.5444835662841797,0.5012138962745667
3230,0.5039781183004379,3230,0.5444835662841797,0.5012138962745667
3231,0.5039781183004379,3231,0.5444835662841797,0.5012138962745667
3232,0.5039781183004379,3232,0.5444835662841797,0.5012138962745667
3233,0.5039781183004379,3233,0.5444835662841797,0.5012138962745667
3234,0.5039781183004379,3234,0.5444835662841797,0.5012138962745667
3235,0.5039781183004379,3235,0.5444835662841797,0.5012138962745667
3236,0.5039781183004379,3236,0.5444835662841797,0.5012138962745667
3237,0.5039781183004379,3237,0.5444835662841797,0.5012138962745667
3238,0.5039781183004379,3238,0.5444835662841797,0.5012138962745667
3239,0.5039781183004379,3239,0.5444835662841797,0.5012138962745667
3240,0.5039781183004379,3240,0.5444835662841797,0.5012138962745667
3241,0.5039781183004379,3241,0.5444835662841797,0.5012138962745667
3242,0.5039781183004379,3242,0.5444835662841797,0.5012138962745667
3243,0.5039781183004379,3243,0.5444835662841797,0.5012138962745667
3244,0.5039781183004379,3244,0.5444835662841797,0.5012138962745667
3245,0.5039781183004379,3245,0.5444835662841797,0.5012138962745667
3246,0.5039781183004379,3246,0.5444835662841797,0.5012138962745667
3247,0.5039781183004379,3247,0.5444835662841797,0.5012138962745667
3248,0.5039781183004379,3248,0.5444835662841797,0.5012138962745667
3249,0.5039781183004379,3249,0.5444835662841797,0.5012138962745667
3250,0.5039653539657593,3250,0.5444940745830535,0.4997907131910324
3251,0.5039653539657593,3251,0.5444940745830535,0.4997907131910324
3252,0.5039653539657593,3252,0.5444940745830535,0.4997907131910324
3253,0.5039653539657593,3253,0.5444940745830535,0.4997907131910324
3254,0.5039653539657593,3254,0.5444940745830535,0.4997907131910324
3255,0.5039653539657593,3255,0.5444940745830535,0.4997907131910324
3256,0.5039653539657593,3256,0.5444940745830535,0.4997907131910324
3257,0.5039653539657593,3257,0.5444940745830535,0.4997907131910324
3258,0.5039653539657593,3258,0.5444940745830535,0.4997907131910324
3259,0.5039653539657593,3259,0.5444940745830535,0.4997907131910324
3260,0.5039653539657593,3260,0.5444940745830535,0.4997907131910324
3261,0.5039653539657593,3261,0.5444940745830535,0.4997907131910324
3262,0.5039653539657593,3262,0.5444940745830535,0.4997907131910324
3263,0.5039653539657593,3263,0.5444940745830535,0.4997907131910324
3264,0.5039653539657593,3264,0.5444940745830535,0.4997907131910324
3265,0.5039653539657593,3265,0.5444940745830535,0.4997907131910324
3266,0.5039653539657593,3266,0.5444940745830535,0.4997907131910324
3267,0.5039653539657593,3267,0.5444940745830535,0.4997907131910324
3268,0.5039653539657593,3268,0.5444940745830535,0.4997907131910324
3269,0.5039653539657593,3269,0.5444940745830535,0.4997907131910324
3270,0.5039653539657593,3270,0.5444940745830535,0.4997907131910324
3271,0.5039653539657593,3271,0.5444940745830535,0.4997907131910324
3272,0.5039653539657593,3272,0.5444940745830535,0.4997907131910324
3273,0.5039653539657593,3273,0.5444940745830535,0.4997907131910324
3274,0.5039653539657593,3274,0.5444940745830535,0.4997907131910324
3275,0.5039653539657593,3275,0.5444940745830535,0.4997907131910324
3276,0.5039653539657593,3276,0.5444940745830535,0.4997907131910324
3277,0.5039653539657593,3277,0.5444940745830535,0.4997907131910324
3278,0.5039653539657593,3278,0.5444940745830535,0.4997907131910324
3279,0.5039653539657593,3279,0.5444940745830535,0.4997907131910324
3280,0.5039653539657593,3280,0.5444940745830535,0.4997907131910324
3281,0.5039653539657593,3281,0.5444940745830535,0.4997907131910324
3282,0.5039653539657593,3282,0.5444940745830535,0.4997907131910324
3283,0.5039653539657593,3283,0.5444940745830535,0.4997907131910324
3284,0.5039653539657593,3284,0.5444940745830535,0.4997907131910324
3285,0.5039653539657593,3285,0.5444940745830535,0.4997907131910324
3286,0.5039653539657593,3286,0.5444940745830535,0.4997907131910324
3287,0.5039653539657593,3287,0.5444940745830535,0.4997907131910324
3288,0.5039653539657593,3288,0.5444940745830535,0.4997907131910324
3289,0.5039653539657593,3289,0.5444940745830535,0.4997907131910324
3290,0.5039653539657593,3290,0.5444940745830535,0.4997907131910324
3291,0.5039653539657593,3291,0.5444940745830535,0.4997907131910324
3292,0.5039653539657593,3292,0.5444940745830535,0.4997907131910324
3293,0.5039653539657593,3293,0.5444940745830535,0.4997907131910324
3294,0.5039653539657593,3294,0.5444940745830535,0.4997907131910324
3295,0.5039653539657593,3295,0.5444940745830535,0.4997907131910324
3296,0.5039653539657593,3296,0.5444940745830535,0.4997907131910324
3297,0.5039653539657593,3297,0.5444940745830535,0.4997907131910324
3298,0.5039653539657593,3298,0.5444940745830535,0.4997907131910324
3299,0.5039653539657593,3299,0.5444940745830535,0.4997907131910324
3300,0.5039653539657593,3300,0.5444940745830535,0.4997907131910324
3301,0.5039653539657593,3301,0.5444940745830535,0.4997907131910324
3302,0.5039653539657593,3302,0.5444940745830535,0.4997907131910324
3303,0.5039653539657593,3303,0.5444940745830535,0.4997907131910324
3304,0.5039653539657593,3304,0.5444940745830535,0.4997907131910324
3305,0.5039653539657593,3305,0.5444940745830535,0.4997907131910324
3306,0.5039653539657593,3306,0.5444940745830535,0.4997907131910324
3307,0.5039653539657593,3307,0.5444940745830535,0.4997907131910324
3308,0.5039653539657593,3308,0.5444940745830535,0.4997907131910324
3309,0.5039653539657593,3309,0.5444940745830535,0.4997907131910324
3310,0.5039653539657593,3310,0.5444940745830535,0.4997907131910324
3311,0.5039653539657593,3311,0.5444940745830535,0.4997907131910324
3312,0.5039653539657593,3312,0.5444940745830535,0.4997907131910324
3313,0.5039653539657593,3313,0.5444940745830535,0.4997907131910324
3314,0.5039653539657593,3314,0.5444940745830535,0.4997907131910324
3315,0.5039653539657593,3315,0.5444940745830535,0.4997907131910324
3316,0.5039653539657593,3316,0.5444940745830535,0.4997907131910324
3317,0.5039653539657593,3317,0.5444940745830535,0.4997907131910324
3318,0.5039653539657593,3318,0.5444940745830535,0.4997907131910324
3319,0.5039653539657593,3319,0.5444940745830535,0.4997907131910324
3320,0.5039653539657593,3320,0.5444940745830535,0.4997907131910324
3321,0.5039653539657593,3321,0.5444940745830535,0.4997907131910324
3322,0.5039653539657593,3322,0.5444940745830535,0.4997907131910324
3323,0.5039653539657593,3323,0.5444940745830535,0.4997907131910324
3324,0.5039653539657593,3324,0.5444940745830535,0.4997907131910324
3325,0.5039653539657593,3325,0.5444940745830535,0.4997907131910324
3326,0.5039653539657593,3326,0.5444940745830535,0.4997907131910324
3327,0.5039653539657593,3327,0.5444940745830535,0.4997907131910324
3328,0.5039653539657593,3328,0.5444940745830535,0.4997907131910324
3329,0.5039653539657593,3329,0.5444940745830535,0.4997907131910324
3330,0.5039653539657593,3330,0.5444940745830535,0.4997907131910324
3331,0.5039653539657593,3331,0.5444940745830535,0.4997907131910324
3332,0.5039653539657593,3332,0.5444940745830535,0.4997907131910324
3333,0.5039653539657593,3333,0.5444940745830535,0.4997907131910324
3334,0.5039653539657593,3334,0.5444940745830535,0.4997907131910324
3335,0.5039653539657593,3335,0.5444940745830535,0.4997907131910324
3336,0.5039653539657593,3336,0.5444940745830535,0.4997907131910324
3337,0.5039653539657593,3337,0.5444940745830535,0.4997907131910324
3338,0.5039653539657593,3338,0.5444940745830535,0.4997907131910324
3339,0.5039653539657593,3339,0.5444940745830535,0.4997907131910324
3340,0.5039653539657593,3340,0.5444940745830535,0.4997907131910324
3341,0.5039653539657593,3341,0.5444940745830535,0.4997907131910324
3342,0.5039653539657593,3342,0.5444940745830535,0.4997907131910324
3343,0.5039653539657593,3343,0.5444940745830535,0.4997907131910324
3344,0.5039653539657593,3344,0.5444940745830535,0.4997907131910324
3345,0.5039653539657593,3345,0.5444940745830535,0.4997907131910324
3346,0.5039653539657593,3346,0.5444940745830535,0.4997907131910324
3347,0.5039653539657593,3347,0.5444940745830535,0.4997907131910324
3348,0.5039653539657593,3348,0.5444940745830535,0.4997907131910324
3349,0.5039653539657593,3349,0.5444940745830535,0.4997907131910324
3350,0.5039653539657593,3350,0.5444940745830535,0.4997907131910324
3351,0.5039653539657593,3351,0.5444940745830535,0.4997907131910324
3352,0.5039653539657593,3352,0.5444940745830535,0.4997907131910324
3353,0.5039653539657593,3353,0.5444940745830535,0.4997907131910324
3354,0.5039653539657593,3354,0.5444940745830535,0.4997907131910324
3355,0.5039653539657593,3355,0.5444940745830535,0.4997907131910324
3356,0.5039653539657593,3356,0.5444940745830535,0.4997907131910324
3357,0.5039653539657593,3357,0.5444940745830535,0.4997907131910324
3358,0.5039653539657593,3358,0.5444940745830535,0.4997907131910324
3359,0.5039653539657593,3359,0.5444940745830535,0.4997907131910324
3360,0.5039653539657593,3360,0.5444940745830535,0.4997907131910324
3361,0.5039653539657593,3361,0.5444940745830535,0.4997907131910324
3362,0.5039653539657593,3362,0.5444940745830535,0.4997907131910324
3363,0.5039653539657593,3363,0.5444940745830535,0.4997907131910324
3364,0.5039653539657593,3364,0.5444940745830535,0.4997907131910324
3365,0.5039653539657593,3365,0.5444940745830535,0.4997907131910324
3366,0.5039653539657593,3366,0.5444940745830535,0.4997907131910324
3367,0.5039653539657593,3367,0.5444940745830535,0.4997907131910324
3368,0.5039653539657593,3368,0.5444940745830535,0.4997907131910324
3369,0.5039653539657593,3369,0.5444940745830535,0.4997907131910324
3370,0.5039653539657593,3370,0.5444940745830535,0.4997907131910324
3371,0.5039653539657593,3371,0.5444940745830535,0.4997907131910324
3372,0.5039653539657593,3372,0.5444940745830535,0.4997907131910324
3373,0.5039653539657593,3373,0.5444940745830535,0.4997907131910324
3374,0.5039653539657593,3374,0.5444940745830535,0.4997907131910324
3375,0.5039653539657593,3375,0.5444940745830535,0.4997907131910324
3376,0.5039653539657593,3376,0.5444940745830535,0.4997907131910324
3377,0.5039653539657593,3377,0.5444940745830535,0.4997907131910324
3378,0.5039653539657593,3378,0.5444940745830535,0.4997907131910324
3379,0.5039653539657593,3379,0.5444940745830535,0.4997907131910324
3380,0.5039653539657593,3380,0.5444940745830535,0.4997907131910324
3381,0.5039653539657593,3381,0.5444940745830535,0.4997907131910324
3382,0.5039653539657593,3382,0.5444940745830535,0.4997907131910324
3383,0.5039653539657593,3383,0.5444940745830535,0.4997907131910324
3384,0.5039653539657593,3384,0.5444940745830535,0.4997907131910324
3385,0.5039653539657593,3385,0.5444940745830535,0.4997907131910324
3386,0.5039653539657593,3386,0.5444940745830535,0.4997907131910324
3387,0.5039653539657593,3387,0.5444940745830535,0.4997907131910324
3388,0.5039653539657593,3388,0.5444940745830535,0.4997907131910324
3389,0.5039653539657593,3389,0.5444940745830535,0.4997907131910324
3390,0.5039653539657593,3390,0.5444940745830535,0.4997907131910324
3391,0.5039653539657593,3391,0.5444940745830535,0.4997907131910324
3392,0.5039653539657593,3392,0.5444940745830535,0.4997907131910324
3393,0.5039653539657593,3393,0.5444940745830535,0.4997907131910324
3394,0.5039653539657593,3394,0.5444940745830535,0.4997907131910324
3395,0.5039653539657593,3395,0.5444940745830535,0.4997907131910324
3396,0.5039653539657593,3396,0.5444940745830535,0.4997907131910324
3397,0.5039653539657593,3397,0.5444940745830535,0.4997907131910324
3398,0.5039653539657593,3398,0.5444940745830535,0.4997907131910324
3399,0.5039653539657593,3399,0.5444940745830535,0.4997907131910324
3400,0.5039653539657593,3400,0.5444940745830535,0.4997907131910324
3401,0.5039653539657593,3401,0.5444940745830535,0.4997907131910324
3402,0.5039653539657593,3402,0.5444940745830535,0.4997907131910324
3403,0.5039653539657593,3403,0.5444940745830535,0.4997907131910324
3404,0.5039653539657593,3404,0.5444940745830535,0.4997907131910324
3405,0.5039653539657593,3405,0.5444940745830535,0.4997907131910324
3406,0.5039653539657593,3406,0.5444940745830535,0.4997907131910324
3407,0.5039653539657593,3407,0.5444940745830535,0.4997907131910324
3408,0.5039653539657593,3408,0.5444940745830535,0.4997907131910324
3409,0.5039653539657593,3409,0.5444940745830535,0.4997907131910324
3410,0.5039653539657593,3410,0.5444940745830535,0.4997907131910324
3411,0.5039653539657593,3411,0.5444940745830535,0.4997907131910324
3412,0.5039653539657593,3412,0.5444940745830535,0.4997907131910324
3413,0.5039653539657593,3413,0.5444940745830535,0.4997907131910324
3414,0.5039653539657593,3414,0.5444940745830535,0.4997907131910324
3415,0.5039653539657593,3415,0.5444940745830535,0.4997907131910324
3416,0.5039653539657593,3416,0.5444940745830535,0.4997907131910324
3417,0.5039653539657593,3417,0.5444940745830535,0.4997907131910324
3418,0.5039653539657593,3418,0.5444940745830535,0.4997907131910324
3419,0.5039653539657593,3419,0.5444940745830535,0.4997907131910324
3420,0.5039653539657593,3420,0.5444940745830535,0.4997907131910324
3421,0.5039653539657593,3421,0.5444940745830535,0.4997907131910324
3422,0.5039653539657593,3422,0.5444940745830535,0.4997907131910324
3423,0.5039653539657593,3423,0.5444940745830535,0.4997907131910324
3424,0.5039653539657593,3424,0.5444940745830535,0.4997907131910324
3425,0.5039653539657593,3425,0.5444940745830535,0.4997907131910324
3426,0.5039653539657593,3426,0.5444940745830535,0.4997907131910324
3427,0.5039653539657593,3427,0.5444940745830535,0.4997907131910324
3428,0.5039653539657593,3428,0.5444940745830535,0.4997907131910324
3429,0.5039653539657593,3429,0.5444940745830535,0.4997907131910324
3430,0.5039653539657593,3430,0.5444940745830535,0.4997907131910324
3431,0.5039653539657593,3431,0.5444940745830535,0.4997907131910324
3432,0.5039653539657593,3432,0.5444940745830535,0.4997907131910324
3433,0.5039653539657593,3433,0.5444940745830535,0.4997907131910324
3434,0.5039653539657593,3434,0.5444940745830535,0.4997907131910324
3435,0.5039653539657593,3435,0.5444940745830535,0.4997907131910324
3436,0.5039653539657593,3436,0.5444940745830535,0.4997907131910324
3437,0.5039653539657593,3437,0.5444940745830535,0.4997907131910324
3438,0.5039653539657593,3438,0.5444940745830535,0.4997907131910324
3439,0.5039653539657593,3439,0.5444940745830535,0.4997907131910324
3440,0.5039653539657593,3440,0.5444940745830535,0.4997907131910324
3441,0.5039653539657593,3441,0.5444940745830535,0.4997907131910324
3442,0.5039653539657593,3442,0.5444940745830535,0.4997907131910324
3443,0.5039653539657593,3443,0.5444940745830535,0.4997907131910324
3444,0.5039653539657593,3444,0.5444940745830535,0.4997907131910324
3445,0.5039653539657593,3445,0.5444940745830535,0.4997907131910324
3446,0.5039653539657593,3446,0.5444940745830535,0.4997907131910324
3447,0.5039653539657593,3447,0.5444940745830535,0.4997907131910324
3448,0.5039653539657593,3448,0.5444940745830535,0.4997907131910324
3449,0.5039653539657593,3449,0.5444940745830535,0.4997907131910324
3450,0.5039653539657593,3450,0.5444940745830535,0.4997907131910324
3451,0.5039653539657593,3451,0.5444940745830535,0.4997907131910324
3452,0.5039653539657593,3452,0.5444940745830535,0.4997907131910324
3453,0.5039653539657593,3453,0.5444940745830535,0.4997907131910324
3454,0.5039653539657593,3454,0.5444940745830535,0.4997907131910324
3455,0.5039653539657593,3455,0.5444940745830535,0.4997907131910324
3456,0.5039653539657593,3456,0.5444940745830535,0.4997907131910324
3457,0.5039653539657593,3457,0.5444940745830535,0.4997907131910324
3458,0.5039653539657593,3458,0.5444940745830535,0.4997907131910324
3459,0.5039653539657593,3459,0.5444940745830535,0.4997907131910324
3460,0.5039653539657593,3460,0.5444940745830535,0.4997907131910324
3461,0.5039653539657593,3461,0.5444940745830535,0.4997907131910324
3462,0.5039653539657593,3462,0.5444940745830535,0.4997907131910324
3463,0.5039653539657593,3463,0.5444940745830535,0.4997907131910324
3464,0.5039653539657593,3464,0.5444940745830535,0.4997907131910324
3465,0.5039653539657593,3465,0.5444940745830535,0.4997907131910324
3466,0.5039653539657593,3466,0.5444940745830535,0.4997907131910324
3467,0.5039653539657593,3467,0.5444940745830535,0.4997907131910324
3468,0.5039653539657593,3468,0.5444940745830535,0.4997907131910324
3469,0.5039653539657593,3469,0.5444940745830535,0.4997907131910324
3470,0.5039653539657593,3470,0.5444940745830535,0.4997907131910324
3471,0.5039653539657593,3471,0.5444940745830535,0.4997907131910324
3472,0.5039653539657593,3472,0.5444940745830535,0.4997907131910324
3473,0.5039653539657593,3473,0.5444940745830535,0.4997907131910324
3474,0.5039653539657593,3474,0.5444940745830535,0.4997907131910324
3475,0.5039653539657593,3475,0.5444940745830535,0.4997907131910324
3476,0.5039653539657593,3476,0.5444940745830535,0.4997907131910324
3477,0.5039653539657593,3477,0.5444940745830535,0.4997907131910324
3478,0.5039653539657593,3478,0.5444940745830535,0.4997907131910324
3479,0.5039653539657593,3479,0.5444940745830535,0.4997907131910324
3480,0.5039653539657593,3480,0.5444940745830535,0.4997907131910324
3481,0.5039653539657593,3481,0.5444940745830535,0.4997907131910324
3482,0.5039653539657593,3482,0.5444940745830535,0.4997907131910324
3483,0.5039653539657593,3483,0.5444940745830535,0.4997907131910324
3484,0.5039653539657593,3484,0.5444940745830535,0.4997907131910324
3485,0.5039653539657593,3485,0.5444940745830535,0.4997907131910324
3486,0.5039653539657593,3486,0.5444940745830535,0.4997907131910324
3487,0.5039653539657593,3487,0.5444940745830535,0.4997907131910324
3488,0.5039653539657593,3488,0.5444940745830535,0.4997907131910324
3489,0.5039653539657593,3489,0.5444940745830535,0.4997907131910324
3490,0.5039653539657593,3490,0.5444940745830535,0.4997907131910324
3491,0.5039653539657593,3491,0.5444940745830535,0.4997907131910324
3492,0.5039653539657593,3492,0.5444940745830535,0.4997907131910324
3493,0.5039653539657593,3493,0.5444940745830535,0.4997907131910324
3494,0.5039653539657593,3494,0.5444940745830535,0.4997907131910324
3495,0.5039653539657593,3495,0.5444940745830535,0.4997907131910324
3496,0.5039653539657593,3496,0.5444940745830535,0.4997907131910324
3497,0.5039653539657593,3497,0.5444940745830535,0.4997907131910324
3498,0.5039653539657593,3498,0.5444940745830535,0.4997907131910324
3499,0.5039653539657593,3499,0.5444940745830535,0.4997907131910324
3500,0.5025708347558975,3500,0.5444949567317963,0.4997752010822296
3501,0.5025708347558975,3501,0.5444949567317963,0.4997752010822296
3502,0.5025708347558975,3502,0.5444949567317963,0.4997752010822296
3503,0.5025708347558975,3503,0.5444949567317963,0.4997752010822296
3504,0.5025708347558975,3504,0.5444949567317963,0.4997752010822296
3505,0.5025708347558975,3505,0.5444949567317963,0.4997752010822296
3506,0.5025708347558975,3506,0.5444949567317963,0.4997752010822296
3507,0.5025708347558975,3507,0.5444949567317963,0.4997752010822296
3508,0.5025708347558975,3508,0.5444949567317963,0.4997752010822296
3509,0.5025708347558975,3509,0.5444949567317963,0.4997752010822296
3510,0.5025708347558975,3510,0.5444949567317963,0.4997752010822296
3511,0.5025708347558975,3511,0.5444949567317963,0.4997752010822296
3512,0.5025708347558975,3512,0.5444949567317963,0.4997752010822296
3513,0.5025708347558975,3513,0.5444949567317963,0.4997752010822296
3514,0.5025708347558975,3514,0.5444949567317963,0.4997752010822296
3515,0.5025708347558975,3515,0.5444949567317963,0.4997752010822296
3516,0.5025708347558975,3516,0.5444949567317963,0.4997752010822296
3517,0.5025708347558975,3517,0.5444949567317963,0.4997752010822296
3518,0.5025708347558975,3518,0.5444949567317963,0.4997752010822296
3519,0.5025708347558975,3519,0.5444949567317963,0.4997752010822296
3520,0.5025708347558975,3520,0.5444949567317963,0.4997752010822296
3521,0.5025708347558975,3521,0.5444949567317963,0.4997752010822296
3522,0.5025708347558975,3522,0.5444949567317963,0.4997752010822296
3523,0.5025708347558975,3523,0.5444949567317963,0.4997752010822296
3524,0.5025708347558975,3524,0.5444949567317963,0.4997752010822296
3525,0.5025708347558975,3525,0.5444949567317963,0.4997752010822296
3526,0.5025708347558975,3526,0.5444949567317963,0.4997752010822296
3527,0.5025708347558975,3527,0.5444949567317963,0.4997752010822296
3528,0.5025708347558975,3528,0.5444949567317963,0.4997752010822296
3529,0.5025708347558975,3529,0.5444949567317963,0.4997752010822296
3530,0.5025708347558975,3530,0.5444949567317963,0.4997752010822296
3531,0.5025708347558975,3531,0.5444949567317963,0.4997752010822296
3532,0.5025708347558975,3532,0.5444949567317963,0.4997752010822296
3533,0.5025708347558975,3533,0.5444949567317963,0.4997752010822296
3534,0.5025708347558975,3534,0.5444949567317963,0.4997752010822296
3535,0.5025708347558975,3535,0.5444949567317963,0.4997752010822296
3536,0.5025708347558975,3536,0.5444949567317963,0.4997752010822296
3537,0.5025708347558975,3537,0.5444949567317963,0.4997752010822296
3538,0.5025708347558975,3538,0.5444949567317963,0.4997752010822296
3539,0.5025708347558975,3539,0.5444949567317963,0.4997752010822296
3540,0.5025708347558975,3540,0.5444949567317963,0.4997752010822296
3541,0.5025708347558975,3541,0.5444949567317963,0.4997752010822296
3542,0.5025708347558975,3542,0.5444949567317963,0.4997752010822296
3543,0.5025708347558975,3543,0.5444949567317963,0.4997752010822296
3544,0.5025708347558975,3544,0.5444949567317963,0.4997752010822296
3545,0.5025708347558975,3545,0.5444949567317963,0.4997752010822296
3546,0.5025708347558975,3546,0.5444949567317963,0.4997752010822296
3547,0.5025708347558975,3547,0.5444949567317963,0.4997752010822296
3548,0.5025708347558975,3548,0.5444949567317963,0.4997752010822296
3549,0.5025708347558975,3549,0.5444949567317963,0.4997752010822296
3550,0.5025708347558975,3550,0.5444949567317963,0.4997752010822296
3551,0.5025708347558975,3551,0.5444949567317963,0.4997752010822296
3552,0.5025708347558975,3552,0.5444949567317963,0.4997752010822296
3553,0.5025708347558975,3553,0.5444949567317963,0.4997752010822296
3554,0.5025708347558975,3554,0.5444949567317963,0.4997752010822296
3555,0.5025708347558975,3555,0.5444949567317963,0.4997752010822296
3556,0.5025708347558975,3556,0.5444949567317963,0.4997752010822296
3557,0.5025708347558975,3557,0.5444949567317963,0.4997752010822296
3558,0.5025708347558975,3558,0.5444949567317963,0.4997752010822296
3559,0.5025708347558975,3559,0.5444949567317963,0.4997752010822296
3560,0.5025708347558975,3560,0.5444949567317963,0.4997752010822296
3561,0.5025708347558975,3561,0.5444949567317963,0.4997752010822296
3562,0.5025708347558975,3562,0.5444949567317963,0.4997752010822296
3563,0.5025708347558975,3563,0.5444949567317963,0.4997752010822296
3564,0.5025708347558975,3564,0.5444949567317963,0.4997752010822296
3565,0.5025708347558975,3565,0.5444949567317963,0.4997752010822296
3566,0.5025708347558975,3566,0.5444949567317963,0.4997752010822296
3567,0.5025708347558975,3567,0.5444949567317963,0.4997752010822296
3568,0.5025708347558975,3568,0.5444949567317963,0.4997752010822296
3569,0.5025708347558975,3569,0.5444949567317963,0.4997752010822296
3570,0.5025708347558975,3570,0.5444949567317963,0.4997752010822296
3571,0.5025708347558975,3571,0.5444949567317963,0.4997752010822296
3572,0.5025708347558975,3572,0.5444949567317963,0.4997752010822296
3573,0.5025708347558975,3573,0.5444949567317963,0.4997752010822296
3574,0.5025708347558975,3574,0.5444949567317963,0.4997752010822296
3575,0.5025708347558975,3575,0.5444949567317963,0.4997752010822296
3576,0.5025708347558975,3576,0.5444949567317963,0.4997752010822296
3577,0.5025708347558975,3577,0.5444949567317963,0.4997752010822296
3578,0.5025708347558975,3578,0.5444949567317963,0.4997752010822296
3579,0.5025708347558975,3579,0.5444949567317963,0.4997752010822296
3580,0.5025708347558975,3580,0.5444949567317963,0.4997752010822296
3581,0.5025708347558975,3581,0.5444949567317963,0.4997752010822296
3582,0.5025708347558975,3582,0.5444949567317963,0.4997752010822296
3583,0.5025708347558975,3583,0.5444949567317963,0.4997752010822296
3584,0.5025708347558975,3584,0.5444949567317963,0.4997752010822296
3585,0.5025708347558975,3585,0.5444949567317963,0.4997752010822296
3586,0.5025708347558975,3586,0.5444949567317963,0.4997752010822296
3587,0.5025708347558975,3587,0.5444949567317963,0.4997752010822296
3588,0.5025708347558975,3588,0.5444949567317963,0.4997752010822296
3589,0.5025708347558975,3589,0.5444949567317963,0.4997752010822296
3590,0.5025708347558975,3590,0.5444949567317963,0.4997752010822296
3591,0.5025708347558975,3591,0.5444949567317963,0.4997752010822296
3592,0.5025708347558975,3592,0.5444949567317963,0.4997752010822296
3593,0.5025708347558975,3593,0.5444949567317963,0.4997752010822296
3594,0.5025708347558975,3594,0.5444949567317963,0.4997752010822296
3595,0.5025708347558975,3595,0.5444949567317963,0.4997752010822296
3596,0.5025708347558975,3596,0.5444949567317963,0.4997752010822296
3597,0.5025708347558975,3597,0.5444949567317963,0.4997752010822296
3598,0.5025708347558975,3598,0.5444949567317963,0.4997752010822296
3599,0.5025708347558975,3599,0.5444949567317963,0.4997752010822296
3600,0.5025708347558975,3600,0.5444949567317963,0.4997752010822296
3601,0.5025708347558975,3601,0.5444949567317963,0.4997752010822296
3602,0.5025708347558975,3602,0.5444949567317963,0.4997752010822296
3603,0.5025708347558975,3603,0.5444949567317963,0.4997752010822296
3604,0.5025708347558975,3604,0.5444949567317963,0.4997752010822296
3605,0.5025708347558975,3605,0.5444949567317963,0.4997752010822296
3606,0.5025708347558975,3606,0.5444949567317963,0.4997752010822296
3607,0.5025708347558975,3607,0.5444949567317963,0.4997752010822296
3608,0.5025708347558975,3608,0.5444949567317963,0.4997752010822296
3609,0.5025708347558975,3609,0.5444949567317963,0.4997752010822296
3610,0.5025708347558975,3610,0.5444949567317963,0.4997752010822296
3611,0.5025708347558975,3611,0.5444949567317963,0.4997752010822296
3612,0.5025708347558975,3612,0.5444949567317963,0.4997752010822296
3613,0.5025708347558975,3613,0.5444949567317963,0.4997752010822296
3614,0.5025708347558975,3614,0.5444949567317963,0.4997752010822296
3615,0.5025708347558975,3615,0.5444949567317963,0.4997752010822296
3616,0.5025708347558975,3616,0.5444949567317963,0.4997752010822296
3617,0.5025708347558975,3617,0.5444949567317963,0.4997752010822296
3618,0.5025708347558975,3618,0.5444949567317963,0.4997752010822296
3619,0.5025708347558975,3619,0.5444949567317963,0.4997752010822296
3620,0.5025708347558975,3620,0.5444949567317963,0.4997752010822296
3621,0.5025708347558975,3621,0.5444949567317963,0.4997752010822296
3622,0.5025708347558975,3622,0.5444949567317963,0.4997752010822296
3623,0.5025708347558975,3623,0.5444949567317963,0.4997752010822296
3624,0.5025708347558975,3624,0.5444949567317963,0.4997752010822296
3625,0.5025708347558975,3625,0.5444949567317963,0.4997752010822296
3626,0.5025708347558975,3626,0.5444949567317963,0.4997752010822296
3627,0.5025708347558975,3627,0.5444949567317963,0.4997752010822296
3628,0.5025708347558975,3628,0.5444949567317963,0.4997752010822296
3629,0.5025708347558975,3629,0.5444949567317963,0.4997752010822296
3630,0.5025708347558975,3630,0.5444949567317963,0.4997752010822296
3631,0.5025708347558975,3631,0.5444949567317963,0.4997752010822296
3632,0.5025708347558975,3632,0.5444949567317963,0.4997752010822296
3633,0.5025708347558975,3633,0.5444949567317963,0.4997752010822296
3634,0.5025708347558975,3634,0.5444949567317963,0.4997752010822296
3635,0.5025708347558975,3635,0.5444949567317963,0.4997752010822296
3636,0.5025708347558975,3636,0.5444949567317963,0.4997752010822296
3637,0.5025708347558975,3637,0.5444949567317963,0.4997752010822296
3638,0.5025708347558975,3638,0.5444949567317963,0.4997752010822296
3639,0.5025708347558975,3639,0.5444949567317963,0.4997752010822296
3640,0.5025708347558975,3640,0.5444949567317963,0.4997752010822296
3641,0.5025708347558975,3641,0.5444949567317963,0.4997752010822296
3642,0.5025708347558975,3642,0.5444949567317963,0.4997752010822296
3643,0.5025708347558975,3643,0.5444949567317963,0.4997752010822296
3644,0.5025708347558975,3644,0.5444949567317963,0.4997752010822296
3645,0.5025708347558975,3645,0.5444949567317963,0.4997752010822296
3646,0.5025708347558975,3646,0.5444949567317963,0.4997752010822296
3647,0.5025708347558975,3647,0.5444949567317963,0.4997752010822296
3648,0.5025708347558975,3648,0.5444949567317963,0.4997752010822296
3649,0.5025708347558975,3649,0.5444949567317963,0.4997752010822296
3650,0.5025708347558975,3650,0.5444949567317963,0.4997752010822296
3651,0.5025708347558975,3651,0.5444949567317963,0.4997752010822296
3652,0.5025708347558975,3652,0.5444949567317963,0.4997752010822296
3653,0.5025708347558975,3653,0.5444949567317963,0.4997752010822296
3654,0.5025708347558975,3654,0.5444949567317963,0.4997752010822296
3655,0.5025708347558975,3655,0.5444949567317963,0.4997752010822296
3656,0.5025708347558975,3656,0.5444949567317963,0.4997752010822296
3657,0.5025708347558975,3657,0.5444949567317963,0.4997752010822296
3658,0.5025708347558975,3658,0.5444949567317963,0.4997752010822296
3659,0.5025708347558975,3659,0.5444949567317963,0.4997752010822296
3660,0.5025708347558975,3660,0.5444949567317963,0.4997752010822296
3661,0.5025708347558975,3661,0.5444949567317963,0.4997752010822296
3662,0.5025708347558975,3662,0.5444949567317963,0.4997752010822296
3663,0.5025708347558975,3663,0.5444949567317963,0.4997752010822296
3664,0.5025708347558975,3664,0.5444949567317963,0.4997752010822296
3665,0.5025708347558975,3665,0.5444949567317963,0.4997752010822296
3666,0.5025708347558975,3666,0.5444949567317963,0.4997752010822296
3667,0.5025708347558975,3667,0.5444949567317963,0.4997752010822296
3668,0.5025708347558975,3668,0.5444949567317963,0.4997752010822296
3669,0.5025708347558975,3669,0.5444949567317963,0.4997752010822296
3670,0.5025708347558975,3670,0.5444949567317963,0.4997752010822296
3671,0.5025708347558975,3671,0.5444949567317963,0.4997752010822296
3672,0.5025708347558975,3672,0.5444949567317963,0.4997752010822296
3673,0.5025708347558975,3673,0.5444949567317963,0.4997752010822296
3674,0.5025708347558975,3674,0.5444949567317963,0.4997752010822296
3675,0.5025708347558975,3675,0.5444949567317963,0.4997752010822296
3676,0.5025708347558975,3676,0.5444949567317963,0.4997752010822296
3677,0.5025708347558975,3677,0.5444949567317963,0.4997752010822296
3678,0.5025708347558975,3678,0.5444949567317963,0.4997752010822296
3679,0.5025708347558975,3679,0.5444949567317963,0.4997752010822296
3680,0.5025708347558975,3680,0.5444949567317963,0.4997752010822296
3681,0.5025708347558975,3681,0.5444949567317963,0.4997752010822296
3682,0.5025708347558975,3682,0.5444949567317963,0.4997752010822296
3683,0.5025708347558975,3683,0.5444949567317963,0.4997752010822296
3684,0.5025708347558975,3684,0.5444949567317963,0.4997752010822296
3685,0.5025708347558975,3685,0.5444949567317963,0.4997752010822296
3686,0.5025708347558975,3686,0.5444949567317963,0.4997752010822296
3687,0.5025708347558975,3687,0.5444949567317963,0.4997752010822296
3688,0.5025708347558975,3688,0.5444949567317963,0.4997752010822296
3689,0.5025708347558975,3689,0.5444949567317963,0.4997752010822296
3690,0.5025708347558975,3690,0.5444949567317963,0.4997752010822296
3691,0.5025708347558975,3691,0.5444949567317963,0.4997752010822296
3692,0.5025708347558975,3692,0.5444949567317963,0.4997752010822296
3693,0.5025708347558975,3693,0.5444949567317963,0.4997752010822296
3694,0.5025708347558975,3694,0.5444949567317963,0.4997752010822296
3695,0.5025708347558975,3695,0.5444949567317963,0.4997752010822296
3696,0.5025708347558975,3696,0.5444949567317963,0.4997752010822296
3697,0.5025708347558975,3697,0.5444949567317963,0.4997752010822296
3698,0.5025708347558975,3698,0.5444949567317963,0.4997752010822296
3699,0.5025708347558975,3699,0.5444949567317963,0.4997752010822296
3700,0.5025708347558975,3700,0.5444949567317963,0.4997752010822296
3701,0.5025708347558975,3701,0.5444949567317963,0.4997752010822296
3702,0.5025708347558975,3702,0.5444949567317963,0.4997752010822296
3703,0.5025708347558975,3703,0.5444949567317963,0.4997752010822296
3704,0.5025708347558975,3704,0.5444949567317963,0.4997752010822296
3705,0.5025708347558975,3705,0.5444949567317963,0.4997752010822296
3706,0.5025708347558975,3706,0.5444949567317963,0.4997752010822296
3707,0.5025708347558975,3707,0.5444949567317963,0.4997752010822296
3708,0.5025708347558975,3708,0.5444949567317963,0.4997752010822296
3709,0.5025708347558975,3709,0.5444949567317963,0.4997752010822296
3710,0.5025708347558975,3710,0.5444949567317963,0.4997752010822296
3711,0.5025708347558975,3711,0.5444949567317963,0.4997752010822296
3712,0.5025708347558975,3712,0.5444949567317963,0.4997752010822296
3713,0.5025708347558975,3713,0.5444949567317963,0.4997752010822296
3714,0.5025708347558975,3714,0.5444949567317963,0.4997752010822296
3715,0.5025708347558975,3715,0.5444949567317963,0.4997752010822296
3716,0.5025708347558975,3716,0.5444949567317963,0.4997752010822296
3717,0.5025708347558975,3717,0.5444949567317963,0.4997752010822296
3718,0.5025708347558975,3718,0.5444949567317963,0.4997752010822296
3719,0.5025708347558975,3719,0.5444949567317963,0.4997752010822296
3720,0.5025708347558975,3720,0.5444949567317963,0.4997752010822296
3721,0.5025708347558975,3721,0.5444949567317963,0.4997752010822296
3722,0.5025708347558975,3722,0.5444949567317963,0.4997752010822296
3723,0.5025708347558975,3723,0.5444949567317963,0.4997752010822296
3724,0.5025708347558975,3724,0.5444949567317963,0.4997752010822296
3725,0.5025708347558975,3725,0.5444949567317963,0.4997752010822296
3726,0.5025708347558975,3726,0.5444949567317963,0.4997752010822296
3727,0.5025708347558975,3727,0.5444949567317963,0.4997752010822296
3728,0.5025708347558975,3728,0.5444949567317963,0.4997752010822296
3729,0.5025708347558975,3729,0.5444949567317963,0.4997752010822296
3730,0.5025708347558975,3730,0.5444949567317963,0.4997752010822296
3731,0.5025708347558975,3731,0.5444949567317963,0.4997752010822296
3732,0.5025708347558975,3732,0.5444949567317963,0.4997752010822296
3733,0.5025708347558975,3733,0.5444949567317963,0.4997752010822296
3734,0.5025708347558975,3734,0.5444949567317963,0.4997752010822296
3735,0.5025708347558975,3735,0.5444949567317963,0.4997752010822296
3736,0.5025708347558975,3736,0.5444949567317963,0.4997752010822296
3737,0.5025708347558975,3737,0.5444949567317963,0.4997752010822296
3738,0.5025708347558975,3738,0.5444949567317963,0.4997752010822296
3739,0.5025708347558975,3739,0.5444949567317963,0.4997752010822296
3740,0.5025708347558975,3740,0.5444949567317963,0.4997752010822296
3741,0.5025708347558975,3741,0.5444949567317963,0.4997752010822296
3742,0.5025708347558975,3742,0.5444949567317963,0.4997752010822296
3743,0.5025708347558975,3743,0.5444949567317963,0.4997752010822296
3744,0.5025708347558975,3744,0.5444949567317963,0.4997752010822296
3745,0.5025708347558975,3745,0.5444949567317963,0.4997752010822296
3746,0.5025708347558975,3746,0.5444949567317963,0.4997752010822296
3747,0.5025708347558975,3747,0.5444949567317963,0.4997752010822296
3748,0.5025708347558975,3748,0.5444949567317963,0.4997752010822296
3749,0.5025708347558975,3749,0.5444949567317963,0.4997752010822296
3750,0.5025395095348358,3750,0.5443786025047302,0.49881010353565214
3751,0.5025395095348358,3751,0.5443786025047302,0.49881010353565214
3752,0.5025395095348358,3752,0.5443786025047302,0.49881010353565214
3753,0.5025395095348358,3753,0.5443786025047302,0.49881010353565214
3754,0.5025395095348358,3754,0.5443786025047302,0.49881010353565214
3755,0.5025395095348358,3755,0.5443786025047302,0.49881010353565214
3756,0.5025395095348358,3756,0.5443786025047302,0.49881010353565214
3757,0.5025395095348358,3757,0.5443786025047302,0.49881010353565214
3758,0.5025395095348358,3758,0.5443786025047302,0.49881010353565214
3759,0.5025395095348358,3759,0.5443786025047302,0.49881010353565214
3760,0.5025395095348358,3760,0.5443786025047302,0.49881010353565214
3761,0.5025395095348358,3761,0.5443786025047302,0.49881010353565214
3762,0.5025395095348358,3762,0.5443786025047302,0.49881010353565214
3763,0.5025395095348358,3763,0.5443786025047302,0.49881010353565214
3764,0.5025395095348358,3764,0.5443786025047302,0.49881010353565214
3765,0.5025395095348358,3765,0.5443786025047302,0.49881010353565214
3766,0.5025395095348358,3766,0.5443786025047302,0.49881010353565214
3767,0.5025395095348358,3767,0.5443786025047302,0.49881010353565214
3768,0.5025395095348358,3768,0.5443786025047302,0.49881010353565214
3769,0.5025395095348358,3769,0.5443786025047302,0.49881010353565214
3770,0.5025395095348358,3770,0.5443786025047302,0.49881010353565214
3771,0.5025395095348358,3771,0.5443786025047302,0.49881010353565214
3772,0.5025395095348358,3772,0.5443786025047302,0.49881010353565214
3773,0.5025395095348358,3773,0.5443786025047302,0.49881010353565214
3774,0.5025395095348358,3774,0.5443786025047302,0.49881010353565214
3775,0.5025395095348358,3775,0.5443786025047302,0.49881010353565214
3776,0.5025395095348358,3776,0.5443786025047302,0.49881010353565214
3777,0.5025395095348358,3777,0.5443786025047302,0.49881010353565214
3778,0.5025395095348358,3778,0.5443786025047302,0.49881010353565214
3779,0.5025395095348358,3779,0.5443786025047302,0.49881010353565214
3780,0.5025395095348358,3780,0.5443786025047302,0.49881010353565214
3781,0.5025395095348358,3781,0.5443786025047302,0.49881010353565214
3782,0.5025395095348358,3782,0.5443786025047302,0.49881010353565214
3783,0.5025395095348358,3783,0.5443786025047302,0.49881010353565214
3784,0.5025395095348358,3784,0.5443786025047302,0.49881010353565214
3785,0.5025395095348358,3785,0.5443786025047302,0.49881010353565214
3786,0.5025395095348358,3786,0.5443786025047302,0.49881010353565214
3787,0.5025395095348358,3787,0.5443786025047302,0.49881010353565214
3788,0.5025395095348358,3788,0.5443786025047302,0.49881010353565214
3789,0.5025395095348358,3789,0.5443786025047302,0.49881010353565214
3790,0.5025395095348358,3790,0.5443786025047302,0.49881010353565214
3791,0.5025395095348358,3791,0.5443786025047302,0.49881010353565214
3792,0.5025395095348358,3792,0.5443786025047302,0.49881010353565214
3793,0.5025395095348358,3793,0.5443786025047302,0.49881010353565214
3794,0.5025395095348358,3794,0.5443786025047302,0.49881010353565214
3795,0.5025395095348358,3795,0.5443786025047302,0.49881010353565214
3796,0.5025395095348358,3796,0.5443786025047302,0.49881010353565214
3797,0.5025395095348358,3797,0.5443786025047302,0.49881010353565214
3798,0.5025395095348358,3798,0.5443786025047302,0.49881010353565214
3799,0.5025395095348358,3799,0.5443786025047302,0.49881010353565214
3800,0.5025395095348358,3800,0.5443786025047302,0.49881010353565214
3801,0.5025395095348358,3801,0.5443786025047302,0.49881010353565214
3802,0.5025395095348358,3802,0.5443786025047302,0.49881010353565214
3803,0.5025395095348358,3803,0.5443786025047302,0.49881010353565214
3804,0.5025395095348358,3804,0.5443786025047302,0.49881010353565214
3805,0.5025395095348358,3805,0.5443786025047302,0.49881010353565214
3806,0.5025395095348358,3806,0.5443786025047302,0.49881010353565214
3807,0.5025395095348358,3807,0.5443786025047302,0.49881010353565214
3808,0.5025395095348358,3808,0.5443786025047302,0.49881010353565214
3809,0.5025395095348358,3809,0.5443786025047302,0.49881010353565214
3810,0.5025395095348358,3810,0.5443786025047302,0.49881010353565214
3811,0.5025395095348358,3811,0.5443786025047302,0.49881010353565214
3812,0.5025395095348358,3812,0.5443786025047302,0.49881010353565214
3813,0.5025395095348358,3813,0.5443786025047302,0.49881010353565214
3814,0.5025395095348358,3814,0.5443786025047302,0.49881010353565214
3815,0.5025395095348358,3815,0.5443786025047302,0.49881010353565214
3816,0.5025395095348358,3816,0.5443786025047302,0.49881010353565214
3817,0.5025395095348358,3817,0.5443786025047302,0.49881010353565214
3818,0.5025395095348358,3818,0.5443786025047302,0.49881010353565214
3819,0.5025395095348358,3819,0.5443786025047302,0.49881010353565214
3820,0.5025395095348358,3820,0.5443786025047302,0.49881010353565214
3821,0.5025395095348358,3821,0.5443786025047302,0.49881010353565214
3822,0.5025395095348358,3822,0.5443786025047302,0.49881010353565214
3823,0.5025395095348358,3823,0.5443786025047302,0.49881010353565214
3824,0.5025395095348358,3824,0.5443786025047302,0.49881010353565214
3825,0.5025395095348358,3825,0.5443786025047302,0.49881010353565214
3826,0.5025395095348358,3826,0.5443786025047302,0.49881010353565214
3827,0.5025395095348358,3827,0.5443786025047302,0.49881010353565214
3828,0.5025395095348358,3828,0.5443786025047302,0.49881010353565214
3829,0.5025395095348358,3829,0.5443786025047302,0.49881010353565214
3830,0.5025395095348358,3830,0.5443786025047302,0.49881010353565214
3831,0.5025395095348358,3831,0.5443786025047302,0.49881010353565214
3832,0.5025395095348358,3832,0.5443786025047302,0.49881010353565214
3833,0.5025395095348358,3833,0.5443786025047302,0.49881010353565214
3834,0.5025395095348358,3834,0.5443786025047302,0.49881010353565214
3835,0.5025395095348358,3835,0.5443786025047302,0.49881010353565214
3836,0.5025395095348358,3836,0.5443786025047302,0.49881010353565214
3837,0.5025395095348358,3837,0.5443786025047302,0.49881010353565214
3838,0.5025395095348358,3838,0.5443786025047302,0.49881010353565214
3839,0.5025395095348358,3839,0.5443786025047302,0.49881010353565214
3840,0.5025395095348358,3840,0.5443786025047302,0.49881010353565214
3841,0.5025395095348358,3841,0.5443786025047302,0.49881010353565214
3842,0.5025395095348358,3842,0.5443786025047302,0.49881010353565214
3843,0.5025395095348358,3843,0.5443786025047302,0.49881010353565214
3844,0.5025395095348358,3844,0.5443786025047302,0.49881010353565214
3845,0.5025395095348358,3845,0.5443786025047302,0.49881010353565214
3846,0.5025395095348358,3846,0.5443786025047302,0.49881010353565214
3847,0.5025395095348358,3847,0.5443786025047302,0.49881010353565214
3848,0.5025395095348358,3848,0.5443786025047302,0.49881010353565214
3849,0.5025395095348358,3849,0.5443786025047302,0.49881010353565214
3850,0.5025395095348358,3850,0.5443786025047302,0.49881010353565214
3851,0.5025395095348358,3851,0.5443786025047302,0.49881010353565214
3852,0.5025395095348358,3852,0.5443786025047302,0.49881010353565214
3853,0.5025395095348358,3853,0.5443786025047302,0.49881010353565214
3854,0.5025395095348358,3854,0.5443786025047302,0.49881010353565214
3855,0.5025395095348358,3855,0.5443786025047302,0.49881010353565214
3856,0.5025395095348358,3856,0.5443786025047302,0.49881010353565214
3857,0.5025395095348358,3857,0.5443786025047302,0.49881010353565214
3858,0.5025395095348358,3858,0.5443786025047302,0.49881010353565214
3859,0.5025395095348358,3859,0.5443786025047302,0.49881010353565214
3860,0.5025395095348358,3860,0.5443786025047302,0.49881010353565214
3861,0.5025395095348358,3861,0.5443786025047302,0.49881010353565214
3862,0.5025395095348358,3862,0.5443786025047302,0.49881010353565214
3863,0.5025395095348358,3863,0.5443786025047302,0.49881010353565214
3864,0.5025395095348358,3864,0.5443786025047302,0.49881010353565214
3865,0.5025395095348358,3865,0.5443786025047302,0.49881010353565214
3866,0.5025395095348358,3866,0.5443786025047302,0.49881010353565214
3867,0.5025395095348358,3867,0.5443786025047302,0.49881010353565214
3868,0.5025395095348358,3868,0.5443786025047302,0.49881010353565214
3869,0.5025395095348358,3869,0.5443786025047302,0.49881010353565214
3870,0.5025395095348358,3870,0.5443786025047302,0.49881010353565214
3871,0.5025395095348358,3871,0.5443786025047302,0.49881010353565214
3872,0.5025395095348358,3872,0.5443786025047302,0.49881010353565214
3873,0.5025395095348358,3873,0.5443786025047302,0.49881010353565214
3874,0.5025395095348358,3874,0.5443786025047302,0.49881010353565214
3875,0.5025395095348358,3875,0.5443786025047302,0.49881010353565214
3876,0.5025395095348358,3876,0.5443786025047302,0.49881010353565214
3877,0.5025395095348358,3877,0.5443786025047302,0.49881010353565214
3878,0.5025395095348358,3878,0.5443786025047302,0.49881010353565214
3879,0.5025395095348358,3879,0.5443786025047302,0.49881010353565214
3880,0.5025395095348358,3880,0.5443786025047302,0.49881010353565214
3881,0.5025395095348358,3881,0.5443786025047302,0.49881010353565214
3882,0.5025395095348358,3882,0.5443786025047302,0.49881010353565214
3883,0.5025395095348358,3883,0.5443786025047302,0.49881010353565214
3884,0.5025395095348358,3884,0.5443786025047302,0.49881010353565214
3885,0.5025395095348358,3885,0.5443786025047302,0.49881010353565214
3886,0.5025395095348358,3886,0.5443786025047302,0.49881010353565214
3887,0.5025395095348358,3887,0.5443786025047302,0.49881010353565214
3888,0.5025395095348358,3888,0.5443786025047302,0.49881010353565214
3889,0.5025395095348358,3889,0.5443786025047302,0.49881010353565214
3890,0.5025395095348358,3890,0.5443786025047302,0.49881010353565214
3891,0.5025395095348358,3891,0.5443786025047302,0.49881010353565214
3892,0.5025395095348358,3892,0.5443786025047302,0.49881010353565214
3893,0.5025395095348358,3893,0.5443786025047302,0.49881010353565214
3894,0.5025395095348358,3894,0.5443786025047302,0.49881010353565214
3895,0.5025395095348358,3895,0.5443786025047302,0.49881010353565214
3896,0.5025395095348358,3896,0.5443786025047302,0.49881010353565214
3897,0.5025395095348358,3897,0.5443786025047302,0.49881010353565214
3898,0.5025395095348358,3898,0.5443786025047302,0.49881010353565214
3899,0.5025395095348358,3899,0.5443786025047302,0.49881010353565214
3900,0.5025395095348358,3900,0.5443786025047302,0.49881010353565214
3901,0.5025395095348358,3901,0.5443786025047302,0.49881010353565214
3902,0.5025395095348358,3902,0.5443786025047302,0.49881010353565214
3903,0.5025395095348358,3903,0.5443786025047302,0.49881010353565214
3904,0.5025395095348358,3904,0.5443786025047302,0.49881010353565214
3905,0.5025395095348358,3905,0.5443786025047302,0.49881010353565214
3906,0.5025395095348358,3906,0.5443786025047302,0.49881010353565214
3907,0.5025395095348358,3907,0.5443786025047302,0.49881010353565214
3908,0.5025395095348358,3908,0.5443786025047302,0.49881010353565214
3909,0.5025395095348358,3909,0.5443786025047302,0.49881010353565214
3910,0.5025395095348358,3910,0.5443786025047302,0.49881010353565214
3911,0.5025395095348358,3911,0.5443786025047302,0.49881010353565214
3912,0.5025395095348358,3912,0.5443786025047302,0.49881010353565214
3913,0.5025395095348358,3913,0.5443786025047302,0.49881010353565214
3914,0.5025395095348358,3914,0.5443786025047302,0.49881010353565214
3915,0.5025395095348358,3915,0.5443786025047302,0.49881010353565214
3916,0.5025395095348358,3916,0.5443786025047302,0.49881010353565214
3917,0.5025395095348358,3917,0.5443786025047302,0.49881010353565214
3918,0.5025395095348358,3918,0.5443786025047302,0.49881010353565214
3919,0.5025395095348358,3919,0.5443786025047302,0.49881010353565214
3920,0.5025395095348358,3920,0.5443786025047302,0.49881010353565214
3921,0.5025395095348358,3921,0.5443786025047302,0.49881010353565214
3922,0.5025395095348358,3922,0.5443786025047302,0.49881010353565214
3923,0.5025395095348358,3923,0.5443786025047302,0.49881010353565214
3924,0.5025395095348358,3924,0.5443786025047302,0.49881010353565214
3925,0.5025395095348358,3925,0.5443786025047302,0.49881010353565214
3926,0.5025395095348358,3926,0.5443786025047302,0.49881010353565214
3927,0.5025395095348358,3927,0.5443786025047302,0.49881010353565214
3928,0.5025395095348358,3928,0.5443786025047302,0.49881010353565214
3929,0.5025395095348358,3929,0.5443786025047302,0.49881010353565214
3930,0.5025395095348358,3930,0.5443786025047302,0.49881010353565214
3931,0.5025395095348358,3931,0.5443786025047302,0.49881010353565214
3932,0.5025395095348358,3932,0.5443786025047302,0.49881010353565214
3933,0.5025395095348358,3933,0.5443786025047302,0.49881010353565214
3934,0.5025395095348358,3934,0.5443786025047302,0.49881010353565214
3935,0.5025395095348358,3935,0.5443786025047302,0.49881010353565214
3936,0.5025395095348358,3936,0.5443786025047302,0.49881010353565214
3937,0.5025395095348358,3937,0.5443786025047302,0.49881010353565214
3938,0.5025395095348358,3938,0.5443786025047302,0.49881010353565214
3939,0.5025395095348358,3939,0.5443786025047302,0.49881010353565214
3940,0.5025395095348358,3940,0.5443786025047302,0.49881010353565214
3941,0.5025395095348358,3941,0.5443786025047302,0.49881010353565214
3942,0.5025395095348358,3942,0.5443786025047302,0.49881010353565214
3943,0.5025395095348358,3943,0.5443786025047302,0.49881010353565214
3944,0.5025395095348358,3944,0.5443786025047302,0.49881010353565214
3945,0.5025395095348358,3945,0.5443786025047302,0.49881010353565214
3946,0.5025395095348358,3946,0.5443786025047302,0.49881010353565214
3947,0.5025395095348358,3947,0.5443786025047302,0.49881010353565214
3948,0.5025395095348358,3948,0.5443786025047302,0.49881010353565214
3949,0.5025395095348358,3949,0.5443786025047302,0.49881010353565214
3950,0.5025395095348358,3950,0.5443786025047302,0.49881010353565214
3951,0.5025395095348358,3951,0.5443786025047302,0.49881010353565214
3952,0.5025395095348358,3952,0.5443786025047302,0.49881010353565214
3953,0.5025395095348358,3953,0.5443786025047302,0.49881010353565214
3954,0.5025395095348358,3954,0.5443786025047302,0.49881010353565214
3955,0.5025395095348358,3955,0.5443786025047302,0.49881010353565214
3956,0.5025395095348358,3956,0.5443786025047302,0.49881010353565214
3957,0.5025395095348358,3957,0.5443786025047302,0.49881010353565214
3958,0.5025395095348358,3958,0.5443786025047302,0.49881010353565214
3959,0.5025395095348358,3959,0.5443786025047302,0.49881010353565214
3960,0.5025395095348358,3960,0.5443786025047302,0.49881010353565214
3961,0.5025395095348358,3961,0.5443786025047302,0.49881010353565214
3962,0.5025395095348358,3962,0.5443786025047302,0.49881010353565214
3963,0.5025395095348358,3963,0.5443786025047302,0.49881010353565214
3964,0.5025395095348358,3964,0.5443786025047302,0.49881010353565214
3965,0.5025395095348358,3965,0.5443786025047302,0.49881010353565214
3966,0.5025395095348358,3966,0.5443786025047302,0.49881010353565214
3967,0.5025395095348358,3967,0.5443786025047302,0.49881010353565214
3968,0.5025395095348358,3968,0.5443786025047302,0.49881010353565214
3969,0.5025395095348358,3969,0.5443786025047302,0.49881010353565214
3970,0.5025395095348358,3970,0.5443786025047302,0.49881010353565214
3971,0.5025395095348358,3971,0.5443786025047302,0.49881010353565214
3972,0.5025395095348358,3972,0.5443786025047302,0.49881010353565214
3973,0.5025395095348358,3973,0.5443786025047302,0.49881010353565214
3974,0.5025395095348358,3974,0.5443786025047302,0.49881010353565214
3975,0.5025395095348358,3975,0.5443786025047302,0.49881010353565214
3976,0.5025395095348358,3976,0.5443786025047302,0.49881010353565214
3977,0.5025395095348358,3977,0.5443786025047302,0.49881010353565214
3978,0.5025395095348358,3978,0.5443786025047302,0.49881010353565214
3979,0.5025395095348358,3979,0.5443786025047302,0.49881010353565214
3980,0.5025395095348358,3980,0.5443786025047302,0.49881010353565214
3981,0.5025395095348358,3981,0.5443786025047302,0.49881010353565214
3982,0.5025395095348358,3982,0.5443786025047302,0.49881010353565214
3983,0.5025395095348358,3983,0.5443786025047302,0.49881010353565214
3984,0.5025395095348358,3984,0.5443786025047302,0.49881010353565214
3985,0.5025395095348358,3985,0.5443786025047302,0.49881010353565214
3986,0.5025395095348358,3986,0.5443786025047302,0.49881010353565214
3987,0.5025395095348358,3987,0.5443786025047302,0.49881010353565214
3988,0.5025395095348358,3988,0.5443786025047302,0.49881010353565214
3989,0.5025395095348358,3989,0.5443786025047302,0.49881010353565214
3990,0.5025395095348358,3990,0.5443786025047302,0.49881010353565214
3991,0.5025395095348358,3991,0.5443786025047302,0.49881010353565214
3992,0.5025395095348358,3992,0.5443786025047302,0.49881010353565214
3993,0.5025395095348358,3993,0.5443786025047302,0.49881010353565214
3994,0.5025395095348358,3994,0.5443786025047302,0.49881010353565214
3995,0.5025395095348358,3995,0.5443786025047302,0.49881010353565214
3996,0.5025395095348358,3996,0.5443786025047302,0.49881010353565214
3997,0.5025395095348358,3997,0.5443786025047302,0.49881010353565214
3998,0.5025395095348358,3998,0.5443786025047302,0.49881010353565214
3999,0.5025395095348358,3999,0.5443786025047302,0.49881010353565214
4000,0.5023264408111572,4000,0.54441397190094,0.49809500873088836
4001,0.5023264408111572,4001,0.54441397190094,0.49809500873088836
4002,0.5023264408111572,4002,0.54441397190094,0.49809500873088836
4003,0.5023264408111572,4003,0.54441397190094,0.49809500873088836
4004,0.5023264408111572,4004,0.54441397190094,0.49809500873088836
4005,0.5023264408111572,4005,0.54441397190094,0.49809500873088836
4006,0.5023264408111572,4006,0.54441397190094,0.49809500873088836
4007,0.5023264408111572,4007,0.54441397190094,0.49809500873088836
4008,0.5023264408111572,4008,0.54441397190094,0.49809500873088836
4009,0.5023264408111572,4009,0.54441397190094,0.49809500873088836
4010,0.5023264408111572,4010,0.54441397190094,0.49809500873088836
4011,0.5023264408111572,4011,0.54441397190094,0.49809500873088836
4012,0.5023264408111572,4012,0.54441397190094,0.49809500873088836
4013,0.5023264408111572,4013,0.54441397190094,0.49809500873088836
4014,0.5023264408111572,4014,0.54441397190094,0.49809500873088836
4015,0.5023264408111572,4015,0.54441397190094,0.49809500873088836
4016,0.5023264408111572,4016,0.54441397190094,0.49809500873088836
4017,0.5023264408111572,4017,0.54441397190094,0.49809500873088836
4018,0.5023264408111572,4018,0.54441397190094,0.49809500873088836
4019,0.5023264408111572,4019,0.54441397190094,0.49809500873088836
4020,0.5023264408111572,4020,0.54441397190094,0.49809500873088836
4021,0.5023264408111572,4021,0.54441397190094,0.49809500873088836
4022,0.5023264408111572,4022,0.54441397190094,0.49809500873088836
4023,0.5023264408111572,4023,0.54441397190094,0.49809500873088836
4024,0.5023264408111572,4024,0.54441397190094,0.49809500873088836
4025,0.5023264408111572,4025,0.54441397190094,0.49809500873088836
4026,0.5023264408111572,4026,0.54441397190094,0.49809500873088836
4027,0.5023264408111572,4027,0.54441397190094,0.49809500873088836
4028,0.5023264408111572,4028,0.54441397190094,0.49809500873088836
4029,0.5023264408111572,4029,0.54441397190094,0.49809500873088836
4030,0.5023264408111572,4030,0.54441397190094,0.49809500873088836
4031,0.5023264408111572,4031,0.54441397190094,0.49809500873088836
4032,0.5023264408111572,4032,0.54441397190094,0.49809500873088836
4033,0.5023264408111572,4033,0.54441397190094,0.49809500873088836
4034,0.5023264408111572,4034,0.54441397190094,0.49809500873088836
4035,0.5023264408111572,4035,0.54441397190094,0.49809500873088836
4036,0.5023264408111572,4036,0.54441397190094,0.49809500873088836
4037,0.5023264408111572,4037,0.54441397190094,0.49809500873088836
4038,0.5023264408111572,4038,0.54441397190094,0.49809500873088836
4039,0.5023264408111572,4039,0.54441397190094,0.49809500873088836
4040,0.5023264408111572,4040,0.54441397190094,0.49809500873088836
4041,0.5023264408111572,4041,0.54441397190094,0.49809500873088836
4042,0.5023264408111572,4042,0.54441397190094,0.49809500873088836
4043,0.5023264408111572,4043,0.54441397190094,0.49809500873088836
4044,0.5023264408111572,4044,0.54441397190094,0.49809500873088836
4045,0.5023264408111572,4045,0.54441397190094,0.49809500873088836
4046,0.5023264408111572,4046,0.54441397190094,0.49809500873088836
4047,0.5023264408111572,4047,0.54441397190094,0.49809500873088836
4048,0.5023264408111572,4048,0.54441397190094,0.49809500873088836
4049,0.5023264408111572,4049,0.54441397190094,0.49809500873088836
4050,0.5023264408111572,4050,0.54441397190094,0.49809500873088836
4051,0.5023264408111572,4051,0.54441397190094,0.49809500873088836
4052,0.5023264408111572,4052,0.54441397190094,0.49809500873088836
4053,0.5023264408111572,4053,0.54441397190094,0.49809500873088836
4054,0.5023264408111572,4054,0.54441397190094,0.49809500873088836
4055,0.5023264408111572,4055,0.54441397190094,0.49809500873088836
4056,0.5023264408111572,4056,0.54441397190094,0.49809500873088836
4057,0.5023264408111572,4057,0.54441397190094,0.49809500873088836
4058,0.5023264408111572,4058,0.54441397190094,0.49809500873088836
4059,0.5023264408111572,4059,0.54441397190094,0.49809500873088836
4060,0.5023264408111572,4060,0.54441397190094,0.49809500873088836
4061,0.5023264408111572,4061,0.54441397190094,0.49809500873088836
4062,0.5023264408111572,4062,0.54441397190094,0.49809500873088836
4063,0.5023264408111572,4063,0.54441397190094,0.49809500873088836
4064,0.5023264408111572,4064,0.54441397190094,0.49809500873088836
4065,0.5023264408111572,4065,0.54441397190094,0.49809500873088836
4066,0.5023264408111572,4066,0.54441397190094,0.49809500873088836
4067,0.5023264408111572,4067,0.54441397190094,0.49809500873088836
4068,0.5023264408111572,4068,0.54441397190094,0.49809500873088836
4069,0.5023264408111572,4069,0.54441397190094,0.49809500873088836
4070,0.5023264408111572,4070,0.54441397190094,0.49809500873088836
4071,0.5023264408111572,4071,0.54441397190094,0.49809500873088836
4072,0.5023264408111572,4072,0.54441397190094,0.49809500873088836
4073,0.5023264408111572,4073,0.54441397190094,0.49809500873088836
4074,0.5023264408111572,4074,0.54441397190094,0.49809500873088836
4075,0.5023264408111572,4075,0.54441397190094,0.49809500873088836
4076,0.5023264408111572,4076,0.54441397190094,0.49809500873088836
4077,0.5023264408111572,4077,0.54441397190094,0.49809500873088836
4078,0.5023264408111572,4078,0.54441397190094,0.49809500873088836
4079,0.5023264408111572,4079,0.54441397190094,0.49809500873088836
4080,0.5023264408111572,4080,0.54441397190094,0.49809500873088836
4081,0.5023264408111572,4081,0.54441397190094,0.49809500873088836
4082,0.5023264408111572,4082,0.54441397190094,0.49809500873088836
4083,0.5023264408111572,4083,0.54441397190094,0.49809500873088836
4084,0.5023264408111572,4084,0.54441397190094,0.49809500873088836
4085,0.5023264408111572,4085,0.54441397190094,0.49809500873088836
4086,0.5023264408111572,4086,0.54441397190094,0.49809500873088836
4087,0.5023264408111572,4087,0.54441397190094,0.49809500873088836
4088,0.5023264408111572,4088,0.54441397190094,0.49809500873088836
4089,0.5023264408111572,4089,0.54441397190094,0.49809500873088836
4090,0.5023264408111572,4090,0.54441397190094,0.49809500873088836
4091,0.5023264408111572,4091,0.54441397190094,0.49809500873088836
4092,0.5023264408111572,4092,0.54441397190094,0.49809500873088836
4093,0.5023264408111572,4093,0.54441397190094,0.49809500873088836
4094,0.5023264408111572,4094,0.54441397190094,0.49809500873088836
4095,0.5023264408111572,4095,0.54441397190094,0.49809500873088836
4096,0.5023264408111572,4096,0.54441397190094,0.49809500873088836
4097,0.5023264408111572,4097,0.54441397190094,0.49809500873088836
4098,0.5023264408111572,4098,0.54441397190094,0.49809500873088836
4099,0.5023264408111572,4099,0.54441397190094,0.49809500873088836
4100,0.5023264408111572,4100,0.54441397190094,0.49809500873088836
4101,0.5023264408111572,4101,0.54441397190094,0.49809500873088836
4102,0.5023264408111572,4102,0.54441397190094,0.49809500873088836
4103,0.5023264408111572,4103,0.54441397190094,0.49809500873088836
4104,0.5023264408111572,4104,0.54441397190094,0.49809500873088836
4105,0.5023264408111572,4105,0.54441397190094,0.49809500873088836
4106,0.5023264408111572,4106,0.54441397190094,0.49809500873088836
4107,0.5023264408111572,4107,0.54441397190094,0.49809500873088836
4108,0.5023264408111572,4108,0.54441397190094,0.49809500873088836
4109,0.5023264408111572,4109,0.54441397190094,0.49809500873088836
4110,0.5023264408111572,4110,0.54441397190094,0.49809500873088836
4111,0.5023264408111572,4111,0.54441397190094,0.49809500873088836
4112,0.5023264408111572,4112,0.54441397190094,0.49809500873088836
4113,0.5023264408111572,4113,0.54441397190094,0.49809500873088836
4114,0.5023264408111572,4114,0.54441397190094,0.49809500873088836
4115,0.5023264408111572,4115,0.54441397190094,0.49809500873088836
4116,0.5023264408111572,4116,0.54441397190094,0.49809500873088836
4117,0.5023264408111572,4117,0.54441397190094,0.49809500873088836
4118,0.5023264408111572,4118,0.54441397190094,0.49809500873088836
4119,0.5023264408111572,4119,0.54441397190094,0.49809500873088836
4120,0.5023264408111572,4120,0.54441397190094,0.49809500873088836
4121,0.5023264408111572,4121,0.54441397190094,0.49809500873088836
4122,0.5023264408111572,4122,0.54441397190094,0.49809500873088836
4123,0.5023264408111572,4123,0.54441397190094,0.49809500873088836
4124,0.5023264408111572,4124,0.54441397190094,0.49809500873088836
4125,0.5023264408111572,4125,0.54441397190094,0.49809500873088836
4126,0.5023264408111572,4126,0.54441397190094,0.49809500873088836
4127,0.5023264408111572,4127,0.54441397190094,0.49809500873088836
4128,0.5023264408111572,4128,0.54441397190094,0.49809500873088836
4129,0.5023264408111572,4129,0.54441397190094,0.49809500873088836
4130,0.5023264408111572,4130,0.54441397190094,0.49809500873088836
4131,0.5023264408111572,4131,0.54441397190094,0.49809500873088836
4132,0.5023264408111572,4132,0.54441397190094,0.49809500873088836
4133,0.5023264408111572,4133,0.54441397190094,0.49809500873088836
4134,0.5023264408111572,4134,0.54441397190094,0.49809500873088836
4135,0.5023264408111572,4135,0.54441397190094,0.49809500873088836
4136,0.5023264408111572,4136,0.54441397190094,0.49809500873088836
4137,0.5023264408111572,4137,0.54441397190094,0.49809500873088836
4138,0.5023264408111572,4138,0.54441397190094,0.49809500873088836
4139,0.5023264408111572,4139,0.54441397190094,0.49809500873088836
4140,0.5023264408111572,4140,0.54441397190094,0.49809500873088836
4141,0.5023264408111572,4141,0.54441397190094,0.49809500873088836
4142,0.5023264408111572,4142,0.54441397190094,0.49809500873088836
4143,0.5023264408111572,4143,0.54441397190094,0.49809500873088836
4144,0.5023264408111572,4144,0.54441397190094,0.49809500873088836
4145,0.5023264408111572,4145,0.54441397190094,0.49809500873088836
4146,0.5023264408111572,4146,0.54441397190094,0.49809500873088836
4147,0.5023264408111572,4147,0.54441397190094,0.49809500873088836
4148,0.5023264408111572,4148,0.54441397190094,0.49809500873088836
4149,0.5023264408111572,4149,0.54441397190094,0.49809500873088836
4150,0.5023264408111572,4150,0.54441397190094,0.49809500873088836
4151,0.5023264408111572,4151,0.54441397190094,0.49809500873088836
4152,0.5023264408111572,4152,0.54441397190094,0.49809500873088836
4153,0.5023264408111572,4153,0.54441397190094,0.49809500873088836
4154,0.5023264408111572,4154,0.54441397190094,0.49809500873088836
4155,0.5023264408111572,4155,0.54441397190094,0.49809500873088836
4156,0.5023264408111572,4156,0.54441397190094,0.49809500873088836
4157,0.5023264408111572,4157,0.54441397190094,0.49809500873088836
4158,0.5023264408111572,4158,0.54441397190094,0.49809500873088836
4159,0.5023264408111572,4159,0.54441397190094,0.49809500873088836
4160,0.5023264408111572,4160,0.54441397190094,0.49809500873088836
4161,0.5023264408111572,4161,0.54441397190094,0.49809500873088836
4162,0.5023264408111572,4162,0.54441397190094,0.49809500873088836
4163,0.5023264408111572,4163,0.54441397190094,0.49809500873088836
4164,0.5023264408111572,4164,0.54441397190094,0.49809500873088836
4165,0.5023264408111572,4165,0.54441397190094,0.49809500873088836
4166,0.5023264408111572,4166,0.54441397190094,0.49809500873088836
4167,0.5023264408111572,4167,0.54441397190094,0.49809500873088836
4168,0.5023264408111572,4168,0.54441397190094,0.49809500873088836
4169,0.5023264408111572,4169,0.54441397190094,0.49809500873088836
4170,0.5023264408111572,4170,0.54441397190094,0.49809500873088836
4171,0.5023264408111572,4171,0.54441397190094,0.49809500873088836
4172,0.5023264408111572,4172,0.54441397190094,0.49809500873088836
4173,0.5023264408111572,4173,0.54441397190094,0.49809500873088836
4174,0.5023264408111572,4174,0.54441397190094,0.49809500873088836
4175,0.5023264408111572,4175,0.54441397190094,0.49809500873088836
4176,0.5023264408111572,4176,0.54441397190094,0.49809500873088836
4177,0.5023264408111572,4177,0.54441397190094,0.49809500873088836
4178,0.5023264408111572,4178,0.54441397190094,0.49809500873088836
4179,0.5023264408111572,4179,0.54441397190094,0.49809500873088836
4180,0.5023264408111572,4180,0.54441397190094,0.49809500873088836
4181,0.5023264408111572,4181,0.54441397190094,0.49809500873088836
4182,0.5023264408111572,4182,0.54441397190094,0.49809500873088836
4183,0.5023264408111572,4183,0.54441397190094,0.49809500873088836
4184,0.5023264408111572,4184,0.54441397190094,0.49809500873088836
4185,0.5023264408111572,4185,0.54441397190094,0.49809500873088836
4186,0.5023264408111572,4186,0.54441397190094,0.49809500873088836
4187,0.5023264408111572,4187,0.54441397190094,0.49809500873088836
4188,0.5023264408111572,4188,0.54441397190094,0.49809500873088836
4189,0.5023264408111572,4189,0.54441397190094,0.49809500873088836
4190,0.5023264408111572,4190,0.54441397190094,0.49809500873088836
4191,0.5023264408111572,4191,0.54441397190094,0.49809500873088836
4192,0.5023264408111572,4192,0.54441397190094,0.49809500873088836
4193,0.5023264408111572,4193,0.54441397190094,0.49809500873088836
4194,0.5023264408111572,4194,0.54441397190094,0.49809500873088836
4195,0.5023264408111572,4195,0.54441397190094,0.49809500873088836
4196,0.5023264408111572,4196,0.54441397190094,0.49809500873088836
4197,0.5023264408111572,4197,0.54441397190094,0.49809500873088836
4198,0.5023264408111572,4198,0.54441397190094,0.49809500873088836
4199,0.5023264408111572,4199,0.54441397190094,0.49809500873088836
4200,0.5023264408111572,4200,0.54441397190094,0.49809500873088836
4201,0.5023264408111572,4201,0.54441397190094,0.49809500873088836
4202,0.5023264408111572,4202,0.54441397190094,0.49809500873088836
4203,0.5023264408111572,4203,0.54441397190094,0.49809500873088836
4204,0.5023264408111572,4204,0.54441397190094,0.49809500873088836
4205,0.5023264408111572,4205,0.54441397190094,0.49809500873088836
4206,0.5023264408111572,4206,0.54441397190094,0.49809500873088836
4207,0.5023264408111572,4207,0.54441397190094,0.49809500873088836
4208,0.5023264408111572,4208,0.54441397190094,0.49809500873088836
4209,0.5023264408111572,4209,0.54441397190094,0.49809500873088836
4210,0.5023264408111572,4210,0.54441397190094,0.49809500873088836
4211,0.5023264408111572,4211,0.54441397190094,0.49809500873088836
4212,0.5023264408111572,4212,0.54441397190094,0.49809500873088836
4213,0.5023264408111572,4213,0.54441397190094,0.49809500873088836
4214,0.5023264408111572,4214,0.54441397190094,0.49809500873088836
4215,0.5023264408111572,4215,0.54441397190094,0.49809500873088836
4216,0.5023264408111572,4216,0.54441397190094,0.49809500873088836
4217,0.5023264408111572,4217,0.54441397190094,0.49809500873088836
4218,0.5023264408111572,4218,0.54441397190094,0.49809500873088836
4219,0.5023264408111572,4219,0.54441397190094,0.49809500873088836
4220,0.5023264408111572,4220,0.54441397190094,0.49809500873088836
4221,0.5023264408111572,4221,0.54441397190094,0.49809500873088836
4222,0.5023264408111572,4222,0.54441397190094,0.49809500873088836
4223,0.5023264408111572,4223,0.54441397190094,0.49809500873088836
4224,0.5023264408111572,4224,0.54441397190094,0.49809500873088836
4225,0.5023264408111572,4225,0.54441397190094,0.49809500873088836
4226,0.5023264408111572,4226,0.54441397190094,0.49809500873088836
4227,0.5023264408111572,4227,0.54441397190094,0.49809500873088836
4228,0.5023264408111572,4228,0.54441397190094,0.49809500873088836
4229,0.5023264408111572,4229,0.54441397190094,0.49809500873088836
4230,0.5023264408111572,4230,0.54441397190094,0.49809500873088836
4231,0.5023264408111572,4231,0.54441397190094,0.49809500873088836
4232,0.5023264408111572,4232,0.54441397190094,0.49809500873088836
4233,0.5023264408111572,4233,0.54441397190094,0.49809500873088836
4234,0.5023264408111572,4234,0.54441397190094,0.49809500873088836
4235,0.5023264408111572,4235,0.54441397190094,0.49809500873088836
4236,0.5023264408111572,4236,0.54441397190094,0.49809500873088836
4237,0.5023264408111572,4237,0.54441397190094,0.49809500873088836
4238,0.5023264408111572,4238,0.54441397190094,0.49809500873088836
4239,0.5023264408111572,4239,0.54441397190094,0.49809500873088836
4240,0.5023264408111572,4240,0.54441397190094,0.49809500873088836
4241,0.5023264408111572,4241,0.54441397190094,0.49809500873088836
4242,0.5023264408111572,4242,0.54441397190094,0.49809500873088836
4243,0.5023264408111572,4243,0.54441397190094,0.49809500873088836
4244,0.5023264408111572,4244,0.54441397190094,0.49809500873088836
4245,0.5023264408111572,4245,0.54441397190094,0.49809500873088836
4246,0.5023264408111572,4246,0.54441397190094,0.49809500873088836
4247,0.5023264408111572,4247,0.54441397190094,0.49809500873088836
4248,0.5023264408111572,4248,0.54441397190094,0.49809500873088836
4249,0.5023264408111572,4249,0.54441397190094,0.49809500873088836
4250,0.5027332305908203,4250,0.544360363483429,0.4981371760368347
4251,0.5027332305908203,4251,0.544360363483429,0.4981371760368347
4252,0.5027332305908203,4252,0.544360363483429,0.4981371760368347
4253,0.5027332305908203,4253,0.544360363483429,0.4981371760368347
4254,0.5027332305908203,4254,0.544360363483429,0.4981371760368347
4255,0.5027332305908203,4255,0.544360363483429,0.4981371760368347
4256,0.5027332305908203,4256,0.544360363483429,0.4981371760368347
4257,0.5027332305908203,4257,0.544360363483429,0.4981371760368347
4258,0.5027332305908203,4258,0.544360363483429,0.4981371760368347
4259,0.5027332305908203,4259,0.544360363483429,0.4981371760368347
4260,0.5027332305908203,4260,0.544360363483429,0.4981371760368347
4261,0.5027332305908203,4261,0.544360363483429,0.4981371760368347
4262,0.5027332305908203,4262,0.544360363483429,0.4981371760368347
4263,0.5027332305908203,4263,0.544360363483429,0.4981371760368347
4264,0.5027332305908203,4264,0.544360363483429,0.4981371760368347
4265,0.5027332305908203,4265,0.544360363483429,0.4981371760368347
4266,0.5027332305908203,4266,0.544360363483429,0.4981371760368347
4267,0.5027332305908203,4267,0.544360363483429,0.4981371760368347
4268,0.5027332305908203,4268,0.544360363483429,0.4981371760368347
4269,0.5027332305908203,4269,0.544360363483429,0.4981371760368347
4270,0.5027332305908203,4270,0.544360363483429,0.4981371760368347
4271,0.5027332305908203,4271,0.544360363483429,0.4981371760368347
4272,0.5027332305908203,4272,0.544360363483429,0.4981371760368347
4273,0.5027332305908203,4273,0.544360363483429,0.4981371760368347
4274,0.5027332305908203,4274,0.544360363483429,0.4981371760368347
4275,0.5027332305908203,4275,0.544360363483429,0.4981371760368347
4276,0.5027332305908203,4276,0.544360363483429,0.4981371760368347
4277,0.5027332305908203,4277,0.544360363483429,0.4981371760368347
4278,0.5027332305908203,4278,0.544360363483429,0.4981371760368347
4279,0.5027332305908203,4279,0.544360363483429,0.4981371760368347
4280,0.5027332305908203,4280,0.544360363483429,0.4981371760368347
4281,0.5027332305908203,4281,0.544360363483429,0.4981371760368347
4282,0.5027332305908203,4282,0.544360363483429,0.4981371760368347
4283,0.5027332305908203,4283,0.544360363483429,0.4981371760368347
4284,0.5027332305908203,4284,0.544360363483429,0.4981371760368347
4285,0.5027332305908203,4285,0.544360363483429,0.4981371760368347
4286,0.5027332305908203,4286,0.544360363483429,0.4981371760368347
4287,0.5027332305908203,4287,0.544360363483429,0.4981371760368347
4288,0.5027332305908203,4288,0.544360363483429,0.4981371760368347
4289,0.5027332305908203,4289,0.544360363483429,0.4981371760368347
4290,0.5027332305908203,4290,0.544360363483429,0.4981371760368347
4291,0.5027332305908203,4291,0.544360363483429,0.4981371760368347
4292,0.5027332305908203,4292,0.544360363483429,0.4981371760368347
4293,0.5027332305908203,4293,0.544360363483429,0.4981371760368347
4294,0.5027332305908203,4294,0.544360363483429,0.4981371760368347
4295,0.5027332305908203,4295,0.544360363483429,0.4981371760368347
4296,0.5027332305908203,4296,0.544360363483429,0.4981371760368347
4297,0.5027332305908203,4297,0.544360363483429,0.4981371760368347
4298,0.5027332305908203,4298,0.544360363483429,0.4981371760368347
4299,0.5027332305908203,4299,0.544360363483429,0.4981371760368347
4300,0.5027332305908203,4300,0.544360363483429,0.4981371760368347
4301,0.5027332305908203,4301,0.544360363483429,0.4981371760368347
4302,0.5027332305908203,4302,0.544360363483429,0.4981371760368347
4303,0.5027332305908203,4303,0.544360363483429,0.4981371760368347
4304,0.5027332305908203,4304,0.544360363483429,0.4981371760368347
4305,0.5027332305908203,4305,0.544360363483429,0.4981371760368347
4306,0.5027332305908203,4306,0.544360363483429,0.4981371760368347
4307,0.5027332305908203,4307,0.544360363483429,0.4981371760368347
4308,0.5027332305908203,4308,0.544360363483429,0.4981371760368347
4309,0.5027332305908203,4309,0.544360363483429,0.4981371760368347
4310,0.5027332305908203,4310,0.544360363483429,0.4981371760368347
4311,0.5027332305908203,4311,0.544360363483429,0.4981371760368347
4312,0.5027332305908203,4312,0.544360363483429,0.4981371760368347
4313,0.5027332305908203,4313,0.544360363483429,0.4981371760368347
4314,0.5027332305908203,4314,0.544360363483429,0.4981371760368347
4315,0.5027332305908203,4315,0.544360363483429,0.4981371760368347
4316,0.5027332305908203,4316,0.544360363483429,0.4981371760368347
4317,0.5027332305908203,4317,0.544360363483429,0.4981371760368347
4318,0.5027332305908203,4318,0.544360363483429,0.4981371760368347
4319,0.5027332305908203,4319,0.544360363483429,0.4981371760368347
4320,0.5027332305908203,4320,0.544360363483429,0.4981371760368347
4321,0.5027332305908203,4321,0.544360363483429,0.4981371760368347
4322,0.5027332305908203,4322,0.544360363483429,0.4981371760368347
4323,0.5027332305908203,4323,0.544360363483429,0.4981371760368347
4324,0.5027332305908203,4324,0.544360363483429,0.4981371760368347
4325,0.5027332305908203,4325,0.544360363483429,0.4981371760368347
4326,0.5027332305908203,4326,0.544360363483429,0.4981371760368347
4327,0.5027332305908203,4327,0.544360363483429,0.4981371760368347
4328,0.5027332305908203,4328,0.544360363483429,0.4981371760368347
4329,0.5027332305908203,4329,0.544360363483429,0.4981371760368347
4330,0.5027332305908203,4330,0.544360363483429,0.4981371760368347
4331,0.5027332305908203,4331,0.544360363483429,0.4981371760368347
4332,0.5027332305908203,4332,0.544360363483429,0.4981371760368347
4333,0.5027332305908203,4333,0.544360363483429,0.4981371760368347
4334,0.5027332305908203,4334,0.544360363483429,0.4981371760368347
4335,0.5027332305908203,4335,0.544360363483429,0.4981371760368347
4336,0.5027332305908203,4336,0.544360363483429,0.4981371760368347
4337,0.5027332305908203,4337,0.544360363483429,0.4981371760368347
4338,0.5027332305908203,4338,0.544360363483429,0.4981371760368347
4339,0.5027332305908203,4339,0.544360363483429,0.4981371760368347
4340,0.5027332305908203,4340,0.544360363483429,0.4981371760368347
4341,0.5027332305908203,4341,0.544360363483429,0.4981371760368347
4342,0.5027332305908203,4342,0.544360363483429,0.4981371760368347
4343,0.5027332305908203,4343,0.544360363483429,0.4981371760368347
4344,0.5027332305908203,4344,0.544360363483429,0.4981371760368347
4345,0.5027332305908203,4345,0.544360363483429,0.4981371760368347
4346,0.5027332305908203,4346,0.544360363483429,0.4981371760368347
4347,0.5027332305908203,4347,0.544360363483429,0.4981371760368347
4348,0.5027332305908203,4348,0.544360363483429,0.4981371760368347
4349,0.5027332305908203,4349,0.544360363483429,0.4981371760368347
4350,0.5027332305908203,4350,0.544360363483429,0.4981371760368347
4351,0.5027332305908203,4351,0.544360363483429,0.4981371760368347
4352,0.5027332305908203,4352,0.544360363483429,0.4981371760368347
4353,0.5027332305908203,4353,0.544360363483429,0.4981371760368347
4354,0.5027332305908203,4354,0.544360363483429,0.4981371760368347
4355,0.5027332305908203,4355,0.544360363483429,0.4981371760368347
4356,0.5027332305908203,4356,0.544360363483429,0.4981371760368347
4357,0.5027332305908203,4357,0.544360363483429,0.4981371760368347
4358,0.5027332305908203,4358,0.544360363483429,0.4981371760368347
4359,0.5027332305908203,4359,0.544360363483429,0.4981371760368347
4360,0.5027332305908203,4360,0.544360363483429,0.4981371760368347
4361,0.5027332305908203,4361,0.544360363483429,0.4981371760368347
4362,0.5027332305908203,4362,0.544360363483429,0.4981371760368347
4363,0.5027332305908203,4363,0.544360363483429,0.4981371760368347
4364,0.5027332305908203,4364,0.544360363483429,0.4981371760368347
4365,0.5027332305908203,4365,0.544360363483429,0.4981371760368347
4366,0.5027332305908203,4366,0.544360363483429,0.4981371760368347
4367,0.5027332305908203,4367,0.544360363483429,0.4981371760368347
4368,0.5027332305908203,4368,0.544360363483429,0.4981371760368347
4369,0.5027332305908203,4369,0.544360363483429,0.4981371760368347
4370,0.5027332305908203,4370,0.544360363483429,0.4981371760368347
4371,0.5027332305908203,4371,0.544360363483429,0.4981371760368347
4372,0.5027332305908203,4372,0.544360363483429,0.4981371760368347
4373,0.5027332305908203,4373,0.544360363483429,0.4981371760368347
4374,0.5027332305908203,4374,0.544360363483429,0.4981371760368347
4375,0.5027332305908203,4375,0.544360363483429,0.4981371760368347
4376,0.5027332305908203,4376,0.544360363483429,0.4981371760368347
4377,0.5027332305908203,4377,0.544360363483429,0.4981371760368347
4378,0.5027332305908203,4378,0.544360363483429,0.4981371760368347
4379,0.5027332305908203,4379,0.544360363483429,0.4981371760368347
4380,0.5027332305908203,4380,0.544360363483429,0.4981371760368347
4381,0.5027332305908203,4381,0.544360363483429,0.4981371760368347
4382,0.5027332305908203,4382,0.544360363483429,0.4981371760368347
4383,0.5027332305908203,4383,0.544360363483429,0.4981371760368347
4384,0.5027332305908203,4384,0.544360363483429,0.4981371760368347
4385,0.5027332305908203,4385,0.544360363483429,0.4981371760368347
4386,0.5027332305908203,4386,0.544360363483429,0.4981371760368347
4387,0.5027332305908203,4387,0.544360363483429,0.4981371760368347
4388,0.5027332305908203,4388,0.544360363483429,0.4981371760368347
4389,0.5027332305908203,4389,0.544360363483429,0.4981371760368347
4390,0.5027332305908203,4390,0.544360363483429,0.4981371760368347
4391,0.5027332305908203,4391,0.544360363483429,0.4981371760368347
4392,0.5027332305908203,4392,0.544360363483429,0.4981371760368347
4393,0.5027332305908203,4393,0.544360363483429,0.4981371760368347
4394,0.5027332305908203,4394,0.544360363483429,0.4981371760368347
4395,0.5027332305908203,4395,0.544360363483429,0.4981371760368347
4396,0.5027332305908203,4396,0.544360363483429,0.4981371760368347
4397,0.5027332305908203,4397,0.544360363483429,0.4981371760368347
4398,0.5027332305908203,4398,0.544360363483429,0.4981371760368347
4399,0.5027332305908203,4399,0.544360363483429,0.4981371760368347
4400,0.5027332305908203,4400,0.544360363483429,0.4981371760368347
4401,0.5027332305908203,4401,0.544360363483429,0.4981371760368347
4402,0.5027332305908203,4402,0.544360363483429,0.4981371760368347
4403,0.5027332305908203,4403,0.544360363483429,0.4981371760368347
4404,0.5027332305908203,4404,0.544360363483429,0.4981371760368347
4405,0.5027332305908203,4405,0.544360363483429,0.4981371760368347
4406,0.5027332305908203,4406,0.544360363483429,0.4981371760368347
4407,0.5027332305908203,4407,0.544360363483429,0.4981371760368347
4408,0.5027332305908203,4408,0.544360363483429,0.4981371760368347
4409,0.5027332305908203,4409,0.544360363483429,0.4981371760368347
4410,0.5027332305908203,4410,0.544360363483429,0.4981371760368347
4411,0.5027332305908203,4411,0.544360363483429,0.4981371760368347
4412,0.5027332305908203,4412,0.544360363483429,0.4981371760368347
4413,0.5027332305908203,4413,0.544360363483429,0.4981371760368347
4414,0.5027332305908203,4414,0.544360363483429,0.4981371760368347
4415,0.5027332305908203,4415,0.544360363483429,0.4981371760368347
4416,0.5027332305908203,4416,0.544360363483429,0.4981371760368347
4417,0.5027332305908203,4417,0.544360363483429,0.4981371760368347
4418,0.5027332305908203,4418,0.544360363483429,0.4981371760368347
4419,0.5027332305908203,4419,0.544360363483429,0.4981371760368347
4420,0.5027332305908203,4420,0.544360363483429,0.4981371760368347
4421,0.5027332305908203,4421,0.544360363483429,0.4981371760368347
4422,0.5027332305908203,4422,0.544360363483429,0.4981371760368347
4423,0.5027332305908203,4423,0.544360363483429,0.4981371760368347
4424,0.5027332305908203,4424,0.544360363483429,0.4981371760368347
4425,0.5027332305908203,4425,0.544360363483429,0.4981371760368347
4426,0.5027332305908203,4426,0.544360363483429,0.4981371760368347
4427,0.5027332305908203,4427,0.544360363483429,0.4981371760368347
4428,0.5027332305908203,4428,0.544360363483429,0.4981371760368347
4429,0.5027332305908203,4429,0.544360363483429,0.4981371760368347
4430,0.5027332305908203,4430,0.544360363483429,0.4981371760368347
4431,0.5027332305908203,4431,0.544360363483429,0.4981371760368347
4432,0.5027332305908203,4432,0.544360363483429,0.4981371760368347
4433,0.5027332305908203,4433,0.544360363483429,0.4981371760368347
4434,0.5027332305908203,4434,0.544360363483429,0.4981371760368347
4435,0.5027332305908203,4435,0.544360363483429,0.4981371760368347
4436,0.5027332305908203,4436,0.544360363483429,0.4981371760368347
4437,0.5027332305908203,4437,0.544360363483429,0.4981371760368347
4438,0.5027332305908203,4438,0.544360363483429,0.4981371760368347
4439,0.5027332305908203,4439,0.544360363483429,0.4981371760368347
4440,0.5027332305908203,4440,0.544360363483429,0.4981371760368347
4441,0.5027332305908203,4441,0.544360363483429,0.4981371760368347
4442,0.5027332305908203,4442,0.544360363483429,0.4981371760368347
4443,0.5027332305908203,4443,0.544360363483429,0.4981371760368347
4444,0.5027332305908203,4444,0.544360363483429,0.4981371760368347
4445,0.5027332305908203,4445,0.544360363483429,0.4981371760368347
4446,0.5027332305908203,4446,0.544360363483429,0.4981371760368347
4447,0.5027332305908203,4447,0.544360363483429,0.4981371760368347
4448,0.5027332305908203,4448,0.544360363483429,0.4981371760368347
4449,0.5027332305908203,4449,0.544360363483429,0.4981371760368347
4450,0.5027332305908203,4450,0.544360363483429,0.4981371760368347
4451,0.5027332305908203,4451,0.544360363483429,0.4981371760368347
4452,0.5027332305908203,4452,0.544360363483429,0.4981371760368347
4453,0.5027332305908203,4453,0.544360363483429,0.4981371760368347
4454,0.5027332305908203,4454,0.544360363483429,0.4981371760368347
4455,0.5027332305908203,4455,0.544360363483429,0.4981371760368347
4456,0.5027332305908203,4456,0.544360363483429,0.4981371760368347
4457,0.5027332305908203,4457,0.544360363483429,0.4981371760368347
4458,0.5027332305908203,4458,0.544360363483429,0.4981371760368347
4459,0.5027332305908203,4459,0.544360363483429,0.4981371760368347
4460,0.5027332305908203,4460,0.544360363483429,0.4981371760368347
4461,0.5027332305908203,4461,0.544360363483429,0.4981371760368347
4462,0.5027332305908203,4462,0.544360363483429,0.4981371760368347
4463,0.5027332305908203,4463,0.544360363483429,0.4981371760368347
4464,0.5027332305908203,4464,0.544360363483429,0.4981371760368347
4465,0.5027332305908203,4465,0.544360363483429,0.4981371760368347
4466,0.5027332305908203,4466,0.544360363483429,0.4981371760368347
4467,0.5027332305908203,4467,0.544360363483429,0.4981371760368347
4468,0.5027332305908203,4468,0.544360363483429,0.4981371760368347
4469,0.5027332305908203,4469,0.544360363483429,0.4981371760368347
4470,0.5027332305908203,4470,0.544360363483429,0.4981371760368347
4471,0.5027332305908203,4471,0.544360363483429,0.4981371760368347
4472,0.5027332305908203,4472,0.544360363483429,0.4981371760368347
4473,0.5027332305908203,4473,0.544360363483429,0.4981371760368347
4474,0.5027332305908203,4474,0.544360363483429,0.4981371760368347
4475,0.5027332305908203,4475,0.544360363483429,0.4981371760368347
4476,0.5027332305908203,4476,0.544360363483429,0.4981371760368347
4477,0.5027332305908203,4477,0.544360363483429,0.4981371760368347
4478,0.5027332305908203,4478,0.544360363483429,0.4981371760368347
4479,0.5027332305908203,4479,0.544360363483429,0.4981371760368347
4480,0.5027332305908203,4480,0.544360363483429,0.4981371760368347
4481,0.5027332305908203,4481,0.544360363483429,0.4981371760368347
4482,0.5027332305908203,4482,0.544360363483429,0.4981371760368347
4483,0.5027332305908203,4483,0.544360363483429,0.4981371760368347
4484,0.5027332305908203,4484,0.544360363483429,0.4981371760368347
4485,0.5027332305908203,4485,0.544360363483429,0.4981371760368347
4486,0.5027332305908203,4486,0.544360363483429,0.4981371760368347
4487,0.5027332305908203,4487,0.544360363483429,0.4981371760368347
4488,0.5027332305908203,4488,0.544360363483429,0.4981371760368347
4489,0.5027332305908203,4489,0.544360363483429,0.4981371760368347
4490,0.5027332305908203,4490,0.544360363483429,0.4981371760368347
4491,0.5027332305908203,4491,0.544360363483429,0.4981371760368347
4492,0.5027332305908203,4492,0.544360363483429,0.4981371760368347
4493,0.5027332305908203,4493,0.544360363483429,0.4981371760368347
4494,0.5027332305908203,4494,0.544360363483429,0.4981371760368347
4495,0.5027332305908203,4495,0.544360363483429,0.4981371760368347
4496,0.5027332305908203,4496,0.544360363483429,0.4981371760368347
4497,0.5027332305908203,4497,0.544360363483429,0.4981371760368347
4498,0.5027332305908203,4498,0.544360363483429,0.4981371760368347
4499,0.5027332305908203,4499,0.544360363483429,0.4981371760368347
4500,0.5021698743104934,4500,0.5444986581802368,0.49806965291500094
4501,0.5021698743104934,4501,0.5444986581802368,0.49806965291500094
4502,0.5021698743104934,4502,0.5444986581802368,0.49806965291500094
4503,0.5021698743104934,4503,0.5444986581802368,0.49806965291500094
4504,0.5021698743104934,4504,0.5444986581802368,0.49806965291500094
4505,0.5021698743104934,4505,0.5444986581802368,0.49806965291500094
4506,0.5021698743104934,4506,0.5444986581802368,0.49806965291500094
4507,0.5021698743104934,4507,0.5444986581802368,0.49806965291500094
4508,0.5021698743104934,4508,0.5444986581802368,0.49806965291500094
4509,0.5021698743104934,4509,0.5444986581802368,0.49806965291500094
4510,0.5021698743104934,4510,0.5444986581802368,0.49806965291500094
4511,0.5021698743104934,4511,0.5444986581802368,0.49806965291500094
4512,0.5021698743104934,4512,0.5444986581802368,0.49806965291500094
4513,0.5021698743104934,4513,0.5444986581802368,0.49806965291500094
4514,0.5021698743104934,4514,0.5444986581802368,0.49806965291500094
4515,0.5021698743104934,4515,0.5444986581802368,0.49806965291500094
4516,0.5021698743104934,4516,0.5444986581802368,0.49806965291500094
4517,0.5021698743104934,4517,0.5444986581802368,0.49806965291500094
4518,0.5021698743104934,4518,0.5444986581802368,0.49806965291500094
4519,0.5021698743104934,4519,0.5444986581802368,0.49806965291500094
4520,0.5021698743104934,4520,0.5444986581802368,0.49806965291500094
4521,0.5021698743104934,4521,0.5444986581802368,0.49806965291500094
4522,0.5021698743104934,4522,0.5444986581802368,0.49806965291500094
4523,0.5021698743104934,4523,0.5444986581802368,0.49806965291500094
4524,0.5021698743104934,4524,0.5444986581802368,0.49806965291500094
4525,0.5021698743104934,4525,0.5444986581802368,0.49806965291500094
4526,0.5021698743104934,4526,0.5444986581802368,0.49806965291500094
4527,0.5021698743104934,4527,0.5444986581802368,0.49806965291500094
4528,0.5021698743104934,4528,0.5444986581802368,0.49806965291500094
4529,0.5021698743104934,4529,0.5444986581802368,0.49806965291500094
4530,0.5021698743104934,4530,0.5444986581802368,0.49806965291500094
4531,0.5021698743104934,4531,0.5444986581802368,0.49806965291500094
4532,0.5021698743104934,4532,0.5444986581802368,0.49806965291500094
4533,0.5021698743104934,4533,0.5444986581802368,0.49806965291500094
4534,0.5021698743104934,4534,0.5444986581802368,0.49806965291500094
4535,0.5021698743104934,4535,0.5444986581802368,0.49806965291500094
4536,0.5021698743104934,4536,0.5444986581802368,0.49806965291500094
4537,0.5021698743104934,4537,0.5444986581802368,0.49806965291500094
4538,0.5021698743104934,4538,0.5444986581802368,0.49806965291500094
4539,0.5021698743104934,4539,0.5444986581802368,0.49806965291500094
4540,0.5021698743104934,4540,0.5444986581802368,0.49806965291500094
4541,0.5021698743104934,4541,0.5444986581802368,0.49806965291500094
4542,0.5021698743104934,4542,0.5444986581802368,0.49806965291500094
4543,0.5021698743104934,4543,0.5444986581802368,0.49806965291500094
4544,0.5021698743104934,4544,0.5444986581802368,0.49806965291500094
4545,0.5021698743104934,4545,0.5444986581802368,0.49806965291500094
4546,0.5021698743104934,4546,0.5444986581802368,0.49806965291500094
4547,0.5021698743104934,4547,0.5444986581802368,0.49806965291500094
4548,0.5021698743104934,4548,0.5444986581802368,0.49806965291500094
4549,0.5021698743104934,4549,0.5444986581802368,0.49806965291500094
4550,0.5021698743104934,4550,0.5444986581802368,0.49806965291500094
4551,0.5021698743104934,4551,0.5444986581802368,0.49806965291500094
4552,0.5021698743104934,4552,0.5444986581802368,0.49806965291500094
4553,0.5021698743104934,4553,0.5444986581802368,0.49806965291500094
4554,0.5021698743104934,4554,0.5444986581802368,0.49806965291500094
4555,0.5021698743104934,4555,0.5444986581802368,0.49806965291500094
4556,0.5021698743104934,4556,0.5444986581802368,0.49806965291500094
4557,0.5021698743104934,4557,0.5444986581802368,0.49806965291500094
4558,0.5021698743104934,4558,0.5444986581802368,0.49806965291500094
4559,0.5021698743104934,4559,0.5444986581802368,0.49806965291500094
4560,0.5021698743104934,4560,0.5444986581802368,0.49806965291500094
4561,0.5021698743104934,4561,0.5444986581802368,0.49806965291500094
4562,0.5021698743104934,4562,0.5444986581802368,0.49806965291500094
4563,0.5021698743104934,4563,0.5444986581802368,0.49806965291500094
4564,0.5021698743104934,4564,0.5444986581802368,0.49806965291500094
4565,0.5021698743104934,4565,0.5444986581802368,0.49806965291500094
4566,0.5021698743104934,4566,0.5444986581802368,0.49806965291500094
4567,0.5021698743104934,4567,0.5444986581802368,0.49806965291500094
4568,0.5021698743104934,4568,0.5444986581802368,0.49806965291500094
4569,0.5021698743104934,4569,0.5444986581802368,0.49806965291500094
4570,0.5021698743104934,4570,0.5444986581802368,0.49806965291500094
4571,0.5021698743104934,4571,0.5444986581802368,0.49806965291500094
4572,0.5021698743104934,4572,0.5444986581802368,0.49806965291500094
4573,0.5021698743104934,4573,0.5444986581802368,0.49806965291500094
4574,0.5021698743104934,4574,0.5444986581802368,0.49806965291500094
4575,0.5021698743104934,4575,0.5444986581802368,0.49806965291500094
4576,0.5021698743104934,4576,0.5444986581802368,0.49806965291500094
4577,0.5021698743104934,4577,0.5444986581802368,0.49806965291500094
4578,0.5021698743104934,4578,0.5444986581802368,0.49806965291500094
4579,0.5021698743104934,4579,0.5444986581802368,0.49806965291500094
4580,0.5021698743104934,4580,0.5444986581802368,0.49806965291500094
4581,0.5021698743104934,4581,0.5444986581802368,0.49806965291500094
4582,0.5021698743104934,4582,0.5444986581802368,0.49806965291500094
4583,0.5021698743104934,4583,0.5444986581802368,0.49806965291500094
4584,0.5021698743104934,4584,0.5444986581802368,0.49806965291500094
4585,0.5021698743104934,4585,0.5444986581802368,0.49806965291500094
4586,0.5021698743104934,4586,0.5444986581802368,0.49806965291500094
4587,0.5021698743104934,4587,0.5444986581802368,0.49806965291500094
4588,0.5021698743104934,4588,0.5444986581802368,0.49806965291500094
4589,0.5021698743104934,4589,0.5444986581802368,0.49806965291500094
4590,0.5021698743104934,4590,0.5444986581802368,0.49806965291500094
4591,0.5021698743104934,4591,0.5444986581802368,0.49806965291500094
4592,0.5021698743104934,4592,0.5444986581802368,0.49806965291500094
4593,0.5021698743104934,4593,0.5444986581802368,0.49806965291500094
4594,0.5021698743104934,4594,0.5444986581802368,0.49806965291500094
4595,0.5021698743104934,4595,0.5444986581802368,0.49806965291500094
4596,0.5021698743104934,4596,0.5444986581802368,0.49806965291500094
4597,0.5021698743104934,4597,0.5444986581802368,0.49806965291500094
4598,0.5021698743104934,4598,0.5444986581802368,0.49806965291500094
4599,0.5021698743104934,4599,0.5444986581802368,0.49806965291500094
4600,0.5021698743104934,4600,0.5444986581802368,0.49806965291500094
4601,0.5021698743104934,4601,0.5444986581802368,0.49806965291500094
4602,0.5021698743104934,4602,0.5444986581802368,0.49806965291500094
4603,0.5021698743104934,4603,0.5444986581802368,0.49806965291500094
4604,0.5021698743104934,4604,0.5444986581802368,0.49806965291500094
4605,0.5021698743104934,4605,0.5444986581802368,0.49806965291500094
4606,0.5021698743104934,4606,0.5444986581802368,0.49806965291500094
4607,0.5021698743104934,4607,0.5444986581802368,0.49806965291500094
4608,0.5021698743104934,4608,0.5444986581802368,0.49806965291500094
4609,0.5021698743104934,4609,0.5444986581802368,0.49806965291500094
4610,0.5021698743104934,4610,0.5444986581802368,0.49806965291500094
4611,0.5021698743104934,4611,0.5444986581802368,0.49806965291500094
4612,0.5021698743104934,4612,0.5444986581802368,0.49806965291500094
4613,0.5021698743104934,4613,0.5444986581802368,0.49806965291500094
4614,0.5021698743104934,4614,0.5444986581802368,0.49806965291500094
4615,0.5021698743104934,4615,0.5444986581802368,0.49806965291500094
4616,0.5021698743104934,4616,0.5444986581802368,0.49806965291500094
4617,0.5021698743104934,4617,0.5444986581802368,0.49806965291500094
4618,0.5021698743104934,4618,0.5444986581802368,0.49806965291500094
4619,0.5021698743104934,4619,0.5444986581802368,0.49806965291500094
4620,0.5021698743104934,4620,0.5444986581802368,0.49806965291500094
4621,0.5021698743104934,4621,0.5444986581802368,0.49806965291500094
4622,0.5021698743104934,4622,0.5444986581802368,0.49806965291500094
4623,0.5021698743104934,4623,0.5444986581802368,0.49806965291500094
4624,0.5021698743104934,4624,0.5444986581802368,0.49806965291500094
4625,0.5021698743104934,4625,0.5444986581802368,0.49806965291500094
4626,0.5021698743104934,4626,0.5444986581802368,0.49806965291500094
4627,0.5021698743104934,4627,0.5444986581802368,0.49806965291500094
4628,0.5021698743104934,4628,0.5444986581802368,0.49806965291500094
4629,0.5021698743104934,4629,0.5444986581802368,0.49806965291500094
4630,0.5021698743104934,4630,0.5444986581802368,0.49806965291500094
4631,0.5021698743104934,4631,0.5444986581802368,0.49806965291500094
4632,0.5021698743104934,4632,0.5444986581802368,0.49806965291500094
4633,0.5021698743104934,4633,0.5444986581802368,0.49806965291500094
4634,0.5021698743104934,4634,0.5444986581802368,0.49806965291500094
4635,0.5021698743104934,4635,0.5444986581802368,0.49806965291500094
4636,0.5021698743104934,4636,0.5444986581802368,0.49806965291500094
4637,0.5021698743104934,4637,0.5444986581802368,0.49806965291500094
4638,0.5021698743104934,4638,0.5444986581802368,0.49806965291500094
4639,0.5021698743104934,4639,0.5444986581802368,0.49806965291500094
4640,0.5021698743104934,4640,0.5444986581802368,0.49806965291500094
4641,0.5021698743104934,4641,0.5444986581802368,0.49806965291500094
4642,0.5021698743104934,4642,0.5444986581802368,0.49806965291500094
4643,0.5021698743104934,4643,0.5444986581802368,0.49806965291500094
4644,0.5021698743104934,4644,0.5444986581802368,0.49806965291500094
4645,0.5021698743104934,4645,0.5444986581802368,0.49806965291500094
4646,0.5021698743104934,4646,0.5444986581802368,0.49806965291500094
4647,0.5021698743104934,4647,0.5444986581802368,0.49806965291500094
4648,0.5021698743104934,4648,0.5444986581802368,0.49806965291500094
4649,0.5021698743104934,4649,0.5444986581802368,0.49806965291500094
4650,0.5021698743104934,4650,0.5444986581802368,0.49806965291500094
4651,0.5021698743104934,4651,0.5444986581802368,0.49806965291500094
4652,0.5021698743104934,4652,0.5444986581802368,0.49806965291500094
4653,0.5021698743104934,4653,0.5444986581802368,0.49806965291500094
4654,0.5021698743104934,4654,0.5444986581802368,0.49806965291500094
4655,0.5021698743104934,4655,0.5444986581802368,0.49806965291500094
4656,0.5021698743104934,4656,0.5444986581802368,0.49806965291500094
4657,0.5021698743104934,4657,0.5444986581802368,0.49806965291500094
4658,0.5021698743104934,4658,0.5444986581802368,0.49806965291500094
4659,0.5021698743104934,4659,0.5444986581802368,0.49806965291500094
4660,0.5021698743104934,4660,0.5444986581802368,0.49806965291500094
4661,0.5021698743104934,4661,0.5444986581802368,0.49806965291500094
4662,0.5021698743104934,4662,0.5444986581802368,0.49806965291500094
4663,0.5021698743104934,4663,0.5444986581802368,0.49806965291500094
4664,0.5021698743104934,4664,0.5444986581802368,0.49806965291500094
4665,0.5021698743104934,4665,0.5444986581802368,0.49806965291500094
4666,0.5021698743104934,4666,0.5444986581802368,0.49806965291500094
4667,0.5021698743104934,4667,0.5444986581802368,0.49806965291500094
4668,0.5021698743104934,4668,0.5444986581802368,0.49806965291500094
4669,0.5021698743104934,4669,0.5444986581802368,0.49806965291500094
4670,0.5021698743104934,4670,0.5444986581802368,0.49806965291500094
4671,0.5021698743104934,4671,0.5444986581802368,0.49806965291500094
4672,0.5021698743104934,4672,0.5444986581802368,0.49806965291500094
4673,0.5021698743104934,4673,0.5444986581802368,0.49806965291500094
4674,0.5021698743104934,4674,0.5444986581802368,0.49806965291500094
4675,0.5021698743104934,4675,0.5444986581802368,0.49806965291500094
4676,0.5021698743104934,4676,0.5444986581802368,0.49806965291500094
4677,0.5021698743104934,4677,0.5444986581802368,0.49806965291500094
4678,0.5021698743104934,4678,0.5444986581802368,0.49806965291500094
4679,0.5021698743104934,4679,0.5444986581802368,0.49806965291500094
4680,0.5021698743104934,4680,0.5444986581802368,0.49806965291500094
4681,0.5021698743104934,4681,0.5444986581802368,0.49806965291500094
4682,0.5021698743104934,4682,0.5444986581802368,0.49806965291500094
4683,0.5021698743104934,4683,0.5444986581802368,0.49806965291500094
4684,0.5021698743104934,4684,0.5444986581802368,0.49806965291500094
4685,0.5021698743104934,4685,0.5444986581802368,0.49806965291500094
4686,0.5021698743104934,4686,0.5444986581802368,0.49806965291500094
4687,0.5021698743104934,4687,0.5444986581802368,0.49806965291500094
4688,0.5021698743104934,4688,0.5444986581802368,0.49806965291500094
4689,0.5021698743104934,4689,0.5444986581802368,0.49806965291500094
4690,0.5021698743104934,4690,0.5444986581802368,0.49806965291500094
4691,0.5021698743104934,4691,0.5444986581802368,0.49806965291500094
4692,0.5021698743104934,4692,0.5444986581802368,0.49806965291500094
4693,0.5021698743104934,4693,0.5444986581802368,0.49806965291500094
4694,0.5021698743104934,4694,0.5444986581802368,0.49806965291500094
4695,0.5021698743104934,4695,0.5444986581802368,0.49806965291500094
4696,0.5021698743104934,4696,0.5444986581802368,0.49806965291500094
4697,0.5021698743104934,4697,0.5444986581802368,0.49806965291500094
4698,0.5021698743104934,4698,0.5444986581802368,0.49806965291500094
4699,0.5021698743104934,4699,0.5444986581802368,0.49806965291500094
4700,0.5021698743104934,4700,0.5444986581802368,0.49806965291500094
4701,0.5021698743104934,4701,0.5444986581802368,0.49806965291500094
4702,0.5021698743104934,4702,0.5444986581802368,0.49806965291500094
4703,0.5021698743104934,4703,0.5444986581802368,0.49806965291500094
4704,0.5021698743104934,4704,0.5444986581802368,0.49806965291500094
4705,0.5021698743104934,4705,0.5444986581802368,0.49806965291500094
4706,0.5021698743104934,4706,0.5444986581802368,0.49806965291500094
4707,0.5021698743104934,4707,0.5444986581802368,0.49806965291500094
4708,0.5021698743104934,4708,0.5444986581802368,0.49806965291500094
4709,0.5021698743104934,4709,0.5444986581802368,0.49806965291500094
4710,0.5021698743104934,4710,0.5444986581802368,0.49806965291500094
4711,0.5021698743104934,4711,0.5444986581802368,0.49806965291500094
4712,0.5021698743104934,4712,0.5444986581802368,0.49806965291500094
4713,0.5021698743104934,4713,0.5444986581802368,0.49806965291500094
4714,0.5021698743104934,4714,0.5444986581802368,0.49806965291500094
4715,0.5021698743104934,4715,0.5444986581802368,0.49806965291500094
4716,0.5021698743104934,4716,0.5444986581802368,0.49806965291500094
4717,0.5021698743104934,4717,0.5444986581802368,0.49806965291500094
4718,0.5021698743104934,4718,0.5444986581802368,0.49806965291500094
4719,0.5021698743104934,4719,0.5444986581802368,0.49806965291500094
4720,0.5021698743104934,4720,0.5444986581802368,0.49806965291500094
4721,0.5021698743104934,4721,0.5444986581802368,0.49806965291500094
4722,0.5021698743104934,4722,0.5444986581802368,0.49806965291500094
4723,0.5021698743104934,4723,0.5444986581802368,0.49806965291500094
4724,0.5021698743104934,4724,0.5444986581802368,0.49806965291500094
4725,0.5021698743104934,4725,0.5444986581802368,0.49806965291500094
4726,0.5021698743104934,4726,0.5444986581802368,0.49806965291500094
4727,0.5021698743104934,4727,0.5444986581802368,0.49806965291500094
4728,0.5021698743104934,4728,0.5444986581802368,0.49806965291500094
4729,0.5021698743104934,4729,0.5444986581802368,0.49806965291500094
4730,0.5021698743104934,4730,0.5444986581802368,0.49806965291500094
4731,0.5021698743104934,4731,0.5444986581802368,0.49806965291500094
4732,0.5021698743104934,4732,0.5444986581802368,0.49806965291500094
4733,0.5021698743104934,4733,0.5444986581802368,0.49806965291500094
4734,0.5021698743104934,4734,0.5444986581802368,0.49806965291500094
4735,0.5021698743104934,4735,0.5444986581802368,0.49806965291500094
4736,0.5021698743104934,4736,0.5444986581802368,0.49806965291500094
4737,0.5021698743104934,4737,0.5444986581802368,0.49806965291500094
4738,0.5021698743104934,4738,0.5444986581802368,0.49806965291500094
4739,0.5021698743104934,4739,0.5444986581802368,0.49806965291500094
4740,0.5021698743104934,4740,0.5444986581802368,0.49806965291500094
4741,0.5021698743104934,4741,0.5444986581802368,0.49806965291500094
4742,0.5021698743104934,4742,0.5444986581802368,0.49806965291500094
4743,0.5021698743104934,4743,0.5444986581802368,0.49806965291500094
4744,0.5021698743104934,4744,0.5444986581802368,0.49806965291500094
4745,0.5021698743104934,4745,0.5444986581802368,0.49806965291500094
4746,0.5021698743104934,4746,0.5444986581802368,0.49806965291500094
4747,0.5021698743104934,4747,0.5444986581802368,0.49806965291500094
4748,0.5021698743104934,4748,0.5444986581802368,0.49806965291500094
4749,0.5021698743104934,4749,0.5444986581802368,0.49806965291500094
4750,0.5021538406610488,4750,0.5444245100021362,0.4978042751550674
4751,0.5021538406610488,4751,0.5444245100021362,0.4978042751550674
4752,0.5021538406610488,4752,0.5444245100021362,0.4978042751550674
4753,0.5021538406610488,4753,0.5444245100021362,0.4978042751550674
4754,0.5021538406610488,4754,0.5444245100021362,0.4978042751550674
4755,0.5021538406610488,4755,0.5444245100021362,0.4978042751550674
4756,0.5021538406610488,4756,0.5444245100021362,0.4978042751550674
4757,0.5021538406610488,4757,0.5444245100021362,0.4978042751550674
4758,0.5021538406610488,4758,0.5444245100021362,0.4978042751550674
4759,0.5021538406610488,4759,0.5444245100021362,0.4978042751550674
4760,0.5021538406610488,4760,0.5444245100021362,0.4978042751550674
4761,0.5021538406610488,4761,0.5444245100021362,0.4978042751550674
4762,0.5021538406610488,4762,0.5444245100021362,0.4978042751550674
4763,0.5021538406610488,4763,0.5444245100021362,0.4978042751550674
4764,0.5021538406610488,4764,0.5444245100021362,0.4978042751550674
4765,0.5021538406610488,4765,0.5444245100021362,0.4978042751550674
4766,0.5021538406610488,4766,0.5444245100021362,0.4978042751550674
4767,0.5021538406610488,4767,0.5444245100021362,0.4978042751550674
4768,0.5021538406610488,4768,0.5444245100021362,0.4978042751550674
4769,0.5021538406610488,4769,0.5444245100021362,0.4978042751550674
4770,0.5021538406610488,4770,0.5444245100021362,0.4978042751550674
4771,0.5021538406610488,4771,0.5444245100021362,0.4978042751550674
4772,0.5021538406610488,4772,0.5444245100021362,0.4978042751550674
4773,0.5021538406610488,4773,0.5444245100021362,0.4978042751550674
4774,0.5021538406610488,4774,0.5444245100021362,0.4978042751550674
4775,0.5021538406610488,4775,0.5444245100021362,0.4978042751550674
4776,0.5021538406610488,4776,0.5444245100021362,0.4978042751550674
4777,0.5021538406610488,4777,0.5444245100021362,0.4978042751550674
4778,0.5021538406610488,4778,0.5444245100021362,0.4978042751550674
4779,0.5021538406610488,4779,0.5444245100021362,0.4978042751550674
4780,0.5021538406610488,4780,0.5444245100021362,0.4978042751550674
4781,0.5021538406610488,4781,0.5444245100021362,0.4978042751550674
4782,0.5021538406610488,4782,0.5444245100021362,0.4978042751550674
4783,0.5021538406610488,4783,0.5444245100021362,0.4978042751550674
4784,0.5021538406610488,4784,0.5444245100021362,0.4978042751550674
4785,0.5021538406610488,4785,0.5444245100021362,0.4978042751550674
4786,0.5021538406610488,4786,0.5444245100021362,0.4978042751550674
4787,0.5021538406610488,4787,0.5444245100021362,0.4978042751550674
4788,0.5021538406610488,4788,0.5444245100021362,0.4978042751550674
4789,0.5021538406610488,4789,0.5444245100021362,0.4978042751550674
4790,0.5021538406610488,4790,0.5444245100021362,0.4978042751550674
4791,0.5021538406610488,4791,0.5444245100021362,0.4978042751550674
4792,0.5021538406610488,4792,0.5444245100021362,0.4978042751550674
4793,0.5021538406610488,4793,0.5444245100021362,0.4978042751550674
4794,0.5021538406610488,4794,0.5444245100021362,0.4978042751550674
4795,0.5021538406610488,4795,0.5444245100021362,0.4978042751550674
4796,0.5021538406610488,4796,0.5444245100021362,0.4978042751550674
4797,0.5021538406610488,4797,0.5444245100021362,0.4978042751550674
4798,0.5021538406610488,4798,0.5444245100021362,0.4978042751550674
4799,0.5021538406610488,4799,0.5444245100021362,0.4978042751550674
4800,0.5021538406610488,4800,0.5444245100021362,0.4978042751550674
4801,0.5021538406610488,4801,0.5444245100021362,0.4978042751550674
4802,0.5021538406610488,4802,0.5444245100021362,0.4978042751550674
4803,0.5021538406610488,4803,0.5444245100021362,0.4978042751550674
4804,0.5021538406610488,4804,0.5444245100021362,0.4978042751550674
4805,0.5021538406610488,4805,0.5444245100021362,0.4978042751550674
4806,0.5021538406610488,4806,0.5444245100021362,0.4978042751550674
4807,0.5021538406610488,4807,0.5444245100021362,0.4978042751550674
4808,0.5021538406610488,4808,0.5444245100021362,0.4978042751550674
4809,0.5021538406610488,4809,0.5444245100021362,0.4978042751550674
4810,0.5021538406610488,4810,0.5444245100021362,0.4978042751550674
4811,0.5021538406610488,4811,0.5444245100021362,0.4978042751550674
4812,0.5021538406610488,4812,0.5444245100021362,0.4978042751550674
4813,0.5021538406610488,4813,0.5444245100021362,0.4978042751550674
4814,0.5021538406610488,4814,0.5444245100021362,0.4978042751550674
4815,0.5021538406610488,4815,0.5444245100021362,0.4978042751550674
4816,0.5021538406610488,4816,0.5444245100021362,0.4978042751550674
4817,0.5021538406610488,4817,0.5444245100021362,0.4978042751550674
4818,0.5021538406610488,4818,0.5444245100021362,0.4978042751550674
4819,0.5021538406610488,4819,0.5444245100021362,0.4978042751550674
4820,0.5021538406610488,4820,0.5444245100021362,0.4978042751550674
4821,0.5021538406610488,4821,0.5444245100021362,0.4978042751550674
4822,0.5021538406610488,4822,0.5444245100021362,0.4978042751550674
4823,0.5021538406610488,4823,0.5444245100021362,0.4978042751550674
4824,0.5021538406610488,4824,0.5444245100021362,0.4978042751550674
4825,0.5021538406610488,4825,0.5444245100021362,0.4978042751550674
4826,0.5021538406610488,4826,0.5444245100021362,0.4978042751550674
4827,0.5021538406610488,4827,0.5444245100021362,0.4978042751550674
4828,0.5021538406610488,4828,0.5444245100021362,0.4978042751550674
4829,0.5021538406610488,4829,0.5444245100021362,0.4978042751550674
4830,0.5021538406610488,4830,0.5444245100021362,0.4978042751550674
4831,0.5021538406610488,4831,0.5444245100021362,0.4978042751550674
4832,0.5021538406610488,4832,0.5444245100021362,0.4978042751550674
4833,0.5021538406610488,4833,0.5444245100021362,0.4978042751550674
4834,0.5021538406610488,4834,0.5444245100021362,0.4978042751550674
4835,0.5021538406610488,4835,0.5444245100021362,0.4978042751550674
4836,0.5021538406610488,4836,0.5444245100021362,0.4978042751550674
4837,0.5021538406610488,4837,0.5444245100021362,0.4978042751550674
4838,0.5021538406610488,4838,0.5444245100021362,0.4978042751550674
4839,0.5021538406610488,4839,0.5444245100021362,0.4978042751550674
4840,0.5021538406610488,4840,0.5444245100021362,0.4978042751550674
4841,0.5021538406610488,4841,0.5444245100021362,0.4978042751550674
4842,0.5021538406610488,4842,0.5444245100021362,0.4978042751550674
4843,0.5021538406610488,4843,0.5444245100021362,0.4978042751550674
4844,0.5021538406610488,4844,0.5444245100021362,0.4978042751550674
4845,0.5021538406610488,4845,0.5444245100021362,0.4978042751550674
4846,0.5021538406610488,4846,0.5444245100021362,0.4978042751550674
4847,0.5021538406610488,4847,0.5444245100021362,0.4978042751550674
4848,0.5021538406610488,4848,0.5444245100021362,0.4978042751550674
4849,0.5021538406610488,4849,0.5444245100021362,0.4978042751550674
4850,0.5021538406610488,4850,0.5444245100021362,0.4978042751550674
4851,0.5021538406610488,4851,0.5444245100021362,0.4978042751550674
4852,0.5021538406610488,4852,0.5444245100021362,0.4978042751550674
4853,0.5021538406610488,4853,0.5444245100021362,0.4978042751550674
4854,0.5021538406610488,4854,0.5444245100021362,0.4978042751550674
4855,0.5021538406610488,4855,0.5444245100021362,0.4978042751550674
4856,0.5021538406610488,4856,0.5444245100021362,0.4978042751550674
4857,0.5021538406610488,4857,0.5444245100021362,0.4978042751550674
4858,0.5021538406610488,4858,0.5444245100021362,0.4978042751550674
4859,0.5021538406610488,4859,0.5444245100021362,0.4978042751550674
4860,0.5021538406610488,4860,0.5444245100021362,0.4978042751550674
4861,0.5021538406610488,4861,0.5444245100021362,0.4978042751550674
4862,0.5021538406610488,4862,0.5444245100021362,0.4978042751550674
4863,0.5021538406610488,4863,0.5444245100021362,0.4978042751550674
4864,0.5021538406610488,4864,0.5444245100021362,0.4978042751550674
4865,0.5021538406610488,4865,0.5444245100021362,0.4978042751550674
4866,0.5021538406610488,4866,0.5444245100021362,0.4978042751550674
4867,0.5021538406610488,4867,0.5444245100021362,0.4978042751550674
4868,0.5021538406610488,4868,0.5444245100021362,0.4978042751550674
4869,0.5021538406610488,4869,0.5444245100021362,0.4978042751550674
4870,0.5021538406610488,4870,0.5444245100021362,0.4978042751550674
4871,0.5021538406610488,4871,0.5444245100021362,0.4978042751550674
4872,0.5021538406610488,4872,0.5444245100021362,0.4978042751550674
4873,0.5021538406610488,4873,0.5444245100021362,0.4978042751550674
4874,0.5021538406610488,4874,0.5444245100021362,0.4978042751550674
4875,0.5021538406610488,4875,0.5444245100021362,0.4978042751550674
4876,0.5021538406610488,4876,0.5444245100021362,0.4978042751550674
4877,0.5021538406610488,4877,0.5444245100021362,0.4978042751550674
4878,0.5021538406610488,4878,0.5444245100021362,0.4978042751550674
4879,0.5021538406610488,4879,0.5444245100021362,0.4978042751550674
4880,0.5021538406610488,4880,0.5444245100021362,0.4978042751550674
4881,0.5021538406610488,4881,0.5444245100021362,0.4978042751550674
4882,0.5021538406610488,4882,0.5444245100021362,0.4978042751550674
4883,0.5021538406610488,4883,0.5444245100021362,0.4978042751550674
4884,0.5021538406610488,4884,0.5444245100021362,0.4978042751550674
4885,0.5021538406610488,4885,0.5444245100021362,0.4978042751550674
4886,0.5021538406610488,4886,0.5444245100021362,0.4978042751550674
4887,0.5021538406610488,4887,0.5444245100021362,0.4978042751550674
4888,0.5021538406610488,4888,0.5444245100021362,0.4978042751550674
4889,0.5021538406610488,4889,0.5444245100021362,0.4978042751550674
4890,0.5021538406610488,4890,0.5444245100021362,0.4978042751550674
4891,0.5021538406610488,4891,0.5444245100021362,0.4978042751550674
4892,0.5021538406610488,4892,0.5444245100021362,0.4978042751550674
4893,0.5021538406610488,4893,0.5444245100021362,0.4978042751550674
4894,0.5021538406610488,4894,0.5444245100021362,0.4978042751550674
4895,0.5021538406610488,4895,0.5444245100021362,0.4978042751550674
4896,0.5021538406610488,4896,0.5444245100021362,0.4978042751550674
4897,0.5021538406610488,4897,0.5444245100021362,0.4978042751550674
4898,0.5021538406610488,4898,0.5444245100021362,0.4978042751550674
4899,0.5021538406610488,4899,0.5444245100021362,0.4978042751550674
4900,0.5021538406610488,4900,0.5444245100021362,0.4978042751550674
4901,0.5021538406610488,4901,0.5444245100021362,0.4978042751550674
4902,0.5021538406610488,4902,0.5444245100021362,0.4978042751550674
4903,0.5021538406610488,4903,0.5444245100021362,0.4978042751550674
4904,0.5021538406610488,4904,0.5444245100021362,0.4978042751550674
4905,0.5021538406610488,4905,0.5444245100021362,0.4978042751550674
4906,0.5021538406610488,4906,0.5444245100021362,0.4978042751550674
4907,0.5021538406610488,4907,0.5444245100021362,0.4978042751550674
4908,0.5021538406610488,4908,0.5444245100021362,0.4978042751550674
4909,0.5021538406610488,4909,0.5444245100021362,0.4978042751550674
4910,0.5021538406610488,4910,0.5444245100021362,0.4978042751550674
4911,0.5021538406610488,4911,0.5444245100021362,0.4978042751550674
4912,0.5021538406610488,4912,0.5444245100021362,0.4978042751550674
4913,0.5021538406610488,4913,0.5444245100021362,0.4978042751550674
4914,0.5021538406610488,4914,0.5444245100021362,0.4978042751550674
4915,0.5021538406610488,4915,0.5444245100021362,0.4978042751550674
4916,0.5021538406610488,4916,0.5444245100021362,0.4978042751550674
4917,0.5021538406610488,4917,0.5444245100021362,0.4978042751550674
4918,0.5021538406610488,4918,0.5444245100021362,0.4978042751550674
4919,0.5021538406610488,4919,0.5444245100021362,0.4978042751550674
4920,0.5021538406610488,4920,0.5444245100021362,0.4978042751550674
4921,0.5021538406610488,4921,0.5444245100021362,0.4978042751550674
4922,0.5021538406610488,4922,0.5444245100021362,0.4978042751550674
4923,0.5021538406610488,4923,0.5444245100021362,0.4978042751550674
4924,0.5021538406610488,4924,0.5444245100021362,0.4978042751550674
4925,0.5021538406610488,4925,0.5444245100021362,0.4978042751550674
4926,0.5021538406610488,4926,0.5444245100021362,0.4978042751550674
4927,0.5021538406610488,4927,0.5444245100021362,0.4978042751550674
4928,0.5021538406610488,4928,0.5444245100021362,0.4978042751550674
4929,0.5021538406610488,4929,0.5444245100021362,0.4978042751550674
4930,0.5021538406610488,4930,0.5444245100021362,0.4978042751550674
4931,0.5021538406610488,4931,0.5444245100021362,0.4978042751550674
4932,0.5021538406610488,4932,0.5444245100021362,0.4978042751550674
4933,0.5021538406610488,4933,0.5444245100021362,0.4978042751550674
4934,0.5021538406610488,4934,0.5444245100021362,0.4978042751550674
4935,0.5021538406610488,4935,0.5444245100021362,0.4978042751550674
4936,0.5021538406610488,4936,0.5444245100021362,0.4978042751550674
4937,0.5021538406610488,4937,0.5444245100021362,0.4978042751550674
4938,0.5021538406610488,4938,0.5444245100021362,0.4978042751550674
4939,0.5021538406610488,4939,0.5444245100021362,0.4978042751550674
4940,0.5021538406610488,4940,0.5444245100021362,0.4978042751550674
4941,0.5021538406610488,4941,0.5444245100021362,0.4978042751550674
4942,0.5021538406610488,4942,0.5444245100021362,0.4978042751550674
4943,0.5021538406610488,4943,0.5444245100021362,0.4978042751550674
4944,0.5021538406610488,4944,0.5444245100021362,0.4978042751550674
4945,0.5021538406610488,4945,0.5444245100021362,0.4978042751550674
4946,0.5021538406610488,4946,0.5444245100021362,0.4978042751550674
4947,0.5021538406610488,4947,0.5444245100021362,0.4978042751550674
4948,0.5021538406610488,4948,0.5444245100021362,0.4978042751550674
4949,0.5021538406610488,4949,0.5444245100021362,0.4978042751550674
4950,0.5021538406610488,4950,0.5444245100021362,0.4978042751550674
4951,0.5021538406610488,4951,0.5444245100021362,0.4978042751550674
4952,0.5021538406610488,4952,0.5444245100021362,0.4978042751550674
4953,0.5021538406610488,4953,0.5444245100021362,0.4978042751550674
4954,0.5021538406610488,4954,0.5444245100021362,0.4978042751550674
4955,0.5021538406610488,4955,0.5444245100021362,0.4978042751550674
4956,0.5021538406610488,4956,0.5444245100021362,0.4978042751550674
4957,0.5021538406610488,4957,0.5444245100021362,0.4978042751550674
4958,0.5021538406610488,4958,0.5444245100021362,0.4978042751550674
4959,0.5021538406610488,4959,0.5444245100021362,0.4978042751550674
4960,0.5021538406610488,4960,0.5444245100021362,0.4978042751550674
4961,0.5021538406610488,4961,0.5444245100021362,0.4978042751550674
4962,0.5021538406610488,4962,0.5444245100021362,0.4978042751550674
4963,0.5021538406610488,4963,0.5444245100021362,0.4978042751550674
4964,0.5021538406610488,4964,0.5444245100021362,0.4978042751550674
4965,0.5021538406610488,4965,0.5444245100021362,0.4978042751550674
4966,0.5021538406610488,4966,0.5444245100021362,0.4978042751550674
4967,0.5021538406610488,4967,0.5444245100021362,0.4978042751550674
4968,0.5021538406610488,4968,0.5444245100021362,0.4978042751550674
4969,0.5021538406610488,4969,0.5444245100021362,0.4978042751550674
4970,0.5021538406610488,4970,0.5444245100021362,0.4978042751550674
4971,0.5021538406610488,4971,0.5444245100021362,0.4978042751550674
4972,0.5021538406610488,4972,0.5444245100021362,0.4978042751550674
4973,0.5021538406610488,4973,0.5444245100021362,0.4978042751550674
4974,0.5021538406610488,4974,0.5444245100021362,0.4978042751550674
4975,0.5021538406610488,4975,0.5444245100021362,0.4978042751550674
4976,0.5021538406610488,4976,0.5444245100021362,0.4978042751550674
4977,0.5021538406610488,4977,0.5444245100021362,0.4978042751550674
4978,0.5021538406610488,4978,0.5444245100021362,0.4978042751550674
4979,0.5021538406610488,4979,0.5444245100021362,0.4978042751550674
4980,0.5021538406610488,4980,0.5444245100021362,0.4978042751550674
4981,0.5021538406610488,4981,0.5444245100021362,0.4978042751550674
4982,0.5021538406610488,4982,0.5444245100021362,0.4978042751550674
4983,0.5021538406610488,4983,0.5444245100021362,0.4978042751550674
4984,0.5021538406610488,4984,0.5444245100021362,0.4978042751550674
4985,0.5021538406610488,4985,0.5444245100021362,0.4978042751550674
4986,0.5021538406610488,4986,0.5444245100021362,0.4978042751550674
4987,0.5021538406610488,4987,0.5444245100021362,0.4978042751550674
4988,0.5021538406610488,4988,0.5444245100021362,0.4978042751550674
4989,0.5021538406610488,4989,0.5444245100021362,0.4978042751550674
4990,0.5021538406610488,4990,0.5444245100021362,0.4978042751550674
4991,0.5021538406610488,4991,0.5444245100021362,0.4978042751550674
4992,0.5021538406610488,4992,0.5444245100021362,0.4978042751550674
4993,0.5021538406610488,4993,0.5444245100021362,0.4978042751550674
4994,0.5021538406610488,4994,0.5444245100021362,0.4978042751550674
4995,0.5021538406610488,4995,0.5444245100021362,0.4978042751550674
4996,0.5021538406610488,4996,0.5444245100021362,0.4978042751550674
4997,0.5021538406610488,4997,0.5444245100021362,0.4978042751550674
4998,0.5021538406610488,4998,0.5444245100021362,0.4978042751550674
4999,0.5021538406610488,4999,0.5444245100021362,0.4978042751550674
5000,0.5021304756402969,5000,0.5444899439811707,0.4979038327932358
5001,0.5021304756402969,5001,0.5444899439811707,0.4979038327932358
5002,0.5021304756402969,5002,0.5444899439811707,0.4979038327932358
5003,0.5021304756402969,5003,0.5444899439811707,0.4979038327932358
5004,0.5021304756402969,5004,0.5444899439811707,0.4979038327932358
5005,0.5021304756402969,5005,0.5444899439811707,0.4979038327932358
5006,0.5021304756402969,5006,0.5444899439811707,0.4979038327932358
5007,0.5021304756402969,5007,0.5444899439811707,0.4979038327932358
5008,0.5021304756402969,5008,0.5444899439811707,0.4979038327932358
5009,0.5021304756402969,5009,0.5444899439811707,0.4979038327932358
5010,0.5021304756402969,5010,0.5444899439811707,0.4979038327932358
5011,0.5021304756402969,5011,0.5444899439811707,0.4979038327932358
5012,0.5021304756402969,5012,0.5444899439811707,0.4979038327932358
5013,0.5021304756402969,5013,0.5444899439811707,0.4979038327932358
5014,0.5021304756402969,5014,0.5444899439811707,0.4979038327932358
5015,0.5021304756402969,5015,0.5444899439811707,0.4979038327932358
5016,0.5021304756402969,5016,0.5444899439811707,0.4979038327932358
5017,0.5021304756402969,5017,0.5444899439811707,0.4979038327932358
5018,0.5021304756402969,5018,0.5444899439811707,0.4979038327932358
5019,0.5021304756402969,5019,0.5444899439811707,0.4979038327932358
5020,0.5021304756402969,5020,0.5444899439811707,0.4979038327932358
5021,0.5021304756402969,5021,0.5444899439811707,0.4979038327932358
5022,0.5021304756402969,5022,0.5444899439811707,0.4979038327932358
5023,0.5021304756402969,5023,0.5444899439811707,0.4979038327932358
5024,0.5021304756402969,5024,0.5444899439811707,0.4979038327932358
5025,0.5021304756402969,5025,0.5444899439811707,0.4979038327932358
5026,0.5021304756402969,5026,0.5444899439811707,0.4979038327932358
5027,0.5021304756402969,5027,0.5444899439811707,0.4979038327932358
5028,0.5021304756402969,5028,0.5444899439811707,0.4979038327932358
5029,0.5021304756402969,5029,0.5444899439811707,0.4979038327932358
5030,0.5021304756402969,5030,0.5444899439811707,0.4979038327932358
5031,0.5021304756402969,5031,0.5444899439811707,0.4979038327932358
5032,0.5021304756402969,5032,0.5444899439811707,0.4979038327932358
5033,0.5021304756402969,5033,0.5444899439811707,0.4979038327932358
5034,0.5021304756402969,5034,0.5444899439811707,0.4979038327932358
5035,0.5021304756402969,5035,0.5444899439811707,0.4979038327932358
5036,0.5021304756402969,5036,0.5444899439811707,0.4979038327932358
5037,0.5021304756402969,5037,0.5444899439811707,0.4979038327932358
5038,0.5021304756402969,5038,0.5444899439811707,0.4979038327932358
5039,0.5021304756402969,5039,0.5444899439811707,0.4979038327932358
5040,0.5021304756402969,5040,0.5444899439811707,0.4979038327932358
5041,0.5021304756402969,5041,0.5444899439811707,0.4979038327932358
5042,0.5021304756402969,5042,0.5444899439811707,0.4979038327932358
5043,0.5021304756402969,5043,0.5444899439811707,0.4979038327932358
5044,0.5021304756402969,5044,0.5444899439811707,0.4979038327932358
5045,0.5021304756402969,5045,0.5444899439811707,0.4979038327932358
5046,0.5021304756402969,5046,0.5444899439811707,0.4979038327932358
5047,0.5021304756402969,5047,0.5444899439811707,0.4979038327932358
5048,0.5021304756402969,5048,0.5444899439811707,0.4979038327932358
5049,0.5021304756402969,5049,0.5444899439811707,0.4979038327932358
5050,0.5021304756402969,5050,0.5444899439811707,0.4979038327932358
5051,0.5021304756402969,5051,0.5444899439811707,0.4979038327932358
5052,0.5021304756402969,5052,0.5444899439811707,0.4979038327932358
5053,0.5021304756402969,5053,0.5444899439811707,0.4979038327932358
5054,0.5021304756402969,5054,0.5444899439811707,0.4979038327932358
5055,0.5021304756402969,5055,0.5444899439811707,0.4979038327932358
5056,0.5021304756402969,5056,0.5444899439811707,0.4979038327932358
5057,0.5021304756402969,5057,0.5444899439811707,0.4979038327932358
5058,0.5021304756402969,5058,0.5444899439811707,0.4979038327932358
5059,0.5021304756402969,5059,0.5444899439811707,0.4979038327932358
5060,0.5021304756402969,5060,0.5444899439811707,0.4979038327932358
5061,0.5021304756402969,5061,0.5444899439811707,0.4979038327932358
5062,0.5021304756402969,5062,0.5444899439811707,0.4979038327932358
5063,0.5021304756402969,5063,0.5444899439811707,0.4979038327932358
5064,0.5021304756402969,5064,0.5444899439811707,0.4979038327932358
5065,0.5021304756402969,5065,0.5444899439811707,0.4979038327932358
5066,0.5021304756402969,5066,0.5444899439811707,0.4979038327932358
5067,0.5021304756402969,5067,0.5444899439811707,0.4979038327932358
5068,0.5021304756402969,5068,0.5444899439811707,0.4979038327932358
5069,0.5021304756402969,5069,0.5444899439811707,0.4979038327932358
5070,0.5021304756402969,5070,0.5444899439811707,0.4979038327932358
5071,0.5021304756402969,5071,0.5444899439811707,0.4979038327932358
5072,0.5021304756402969,5072,0.5444899439811707,0.4979038327932358
5073,0.5021304756402969,5073,0.5444899439811707,0.4979038327932358
5074,0.5021304756402969,5074,0.5444899439811707,0.4979038327932358
5075,0.5021304756402969,5075,0.5444899439811707,0.4979038327932358
5076,0.5021304756402969,5076,0.5444899439811707,0.4979038327932358
5077,0.5021304756402969,5077,0.5444899439811707,0.4979038327932358
5078,0.5021304756402969,5078,0.5444899439811707,0.4979038327932358
5079,0.5021304756402969,5079,0.5444899439811707,0.4979038327932358
5080,0.5021304756402969,5080,0.5444899439811707,0.4979038327932358
5081,0.5021304756402969,5081,0.5444899439811707,0.4979038327932358
5082,0.5021304756402969,5082,0.5444899439811707,0.4979038327932358
5083,0.5021304756402969,5083,0.5444899439811707,0.4979038327932358
5084,0.5021304756402969,5084,0.5444899439811707,0.4979038327932358
5085,0.5021304756402969,5085,0.5444899439811707,0.4979038327932358
5086,0.5021304756402969,5086,0.5444899439811707,0.4979038327932358
5087,0.5021304756402969,5087,0.5444899439811707,0.4979038327932358
5088,0.5021304756402969,5088,0.5444899439811707,0.4979038327932358
5089,0.5021304756402969,5089,0.5444899439811707,0.4979038327932358
5090,0.5021304756402969,5090,0.5444899439811707,0.4979038327932358
5091,0.5021304756402969,5091,0.5444899439811707,0.4979038327932358
5092,0.5021304756402969,5092,0.5444899439811707,0.4979038327932358
5093,0.5021304756402969,5093,0.5444899439811707,0.4979038327932358
5094,0.5021304756402969,5094,0.5444899439811707,0.4979038327932358
5095,0.5021304756402969,5095,0.5444899439811707,0.4979038327932358
5096,0.5021304756402969,5096,0.5444899439811707,0.4979038327932358
5097,0.5021304756402969,5097,0.5444899439811707,0.4979038327932358
5098,0.5021304756402969,5098,0.5444899439811707,0.4979038327932358
5099,0.5021304756402969,5099,0.5444899439811707,0.4979038327932358
5100,0.5021304756402969,5100,0.5444899439811707,0.4979038327932358
5101,0.5021304756402969,5101,0.5444899439811707,0.4979038327932358
5102,0.5021304756402969,5102,0.5444899439811707,0.4979038327932358
5103,0.5021304756402969,5103,0.5444899439811707,0.4979038327932358
5104,0.5021304756402969,5104,0.5444899439811707,0.4979038327932358
5105,0.5021304756402969,5105,0.5444899439811707,0.4979038327932358
5106,0.5021304756402969,5106,0.5444899439811707,0.4979038327932358
5107,0.5021304756402969,5107,0.5444899439811707,0.4979038327932358
5108,0.5021304756402969,5108,0.5444899439811707,0.4979038327932358
5109,0.5021304756402969,5109,0.5444899439811707,0.4979038327932358
5110,0.5021304756402969,5110,0.5444899439811707,0.4979038327932358
5111,0.5021304756402969,5111,0.5444899439811707,0.4979038327932358
5112,0.5021304756402969,5112,0.5444899439811707,0.4979038327932358
5113,0.5021304756402969,5113,0.5444899439811707,0.4979038327932358
5114,0.5021304756402969,5114,0.5444899439811707,0.4979038327932358
5115,0.5021304756402969,5115,0.5444899439811707,0.4979038327932358
5116,0.5021304756402969,5116,0.5444899439811707,0.4979038327932358
5117,0.5021304756402969,5117,0.5444899439811707,0.4979038327932358
5118,0.5021304756402969,5118,0.5444899439811707,0.4979038327932358
5119,0.5021304756402969,5119,0.5444899439811707,0.4979038327932358
5120,0.5021304756402969,5120,0.5444899439811707,0.4979038327932358
5121,0.5021304756402969,5121,0.5444899439811707,0.4979038327932358
5122,0.5021304756402969,5122,0.5444899439811707,0.4979038327932358
5123,0.5021304756402969,5123,0.5444899439811707,0.4979038327932358
5124,0.5021304756402969,5124,0.5444899439811707,0.4979038327932358
5125,0.5021304756402969,5125,0.5444899439811707,0.4979038327932358
5126,0.5021304756402969,5126,0.5444899439811707,0.4979038327932358
5127,0.5021304756402969,5127,0.5444899439811707,0.4979038327932358
5128,0.5021304756402969,5128,0.5444899439811707,0.4979038327932358
5129,0.5021304756402969,5129,0.5444899439811707,0.4979038327932358
5130,0.5021304756402969,5130,0.5444899439811707,0.4979038327932358
5131,0.5021304756402969,5131,0.5444899439811707,0.4979038327932358
5132,0.5021304756402969,5132,0.5444899439811707,0.4979038327932358
5133,0.5021304756402969,5133,0.5444899439811707,0.4979038327932358
5134,0.5021304756402969,5134,0.5444899439811707,0.4979038327932358
5135,0.5021304756402969,5135,0.5444899439811707,0.4979038327932358
5136,0.5021304756402969,5136,0.5444899439811707,0.4979038327932358
5137,0.5021304756402969,5137,0.5444899439811707,0.4979038327932358
5138,0.5021304756402969,5138,0.5444899439811707,0.4979038327932358
5139,0.5021304756402969,5139,0.5444899439811707,0.4979038327932358
5140,0.5021304756402969,5140,0.5444899439811707,0.4979038327932358
5141,0.5021304756402969,5141,0.5444899439811707,0.4979038327932358
5142,0.5021304756402969,5142,0.5444899439811707,0.4979038327932358
5143,0.5021304756402969,5143,0.5444899439811707,0.4979038327932358
5144,0.5021304756402969,5144,0.5444899439811707,0.4979038327932358
5145,0.5021304756402969,5145,0.5444899439811707,0.4979038327932358
5146,0.5021304756402969,5146,0.5444899439811707,0.4979038327932358
5147,0.5021304756402969,5147,0.5444899439811707,0.4979038327932358
5148,0.5021304756402969,5148,0.5444899439811707,0.4979038327932358
5149,0.5021304756402969,5149,0.5444899439811707,0.4979038327932358
5150,0.5021304756402969,5150,0.5444899439811707,0.4979038327932358
5151,0.5021304756402969,5151,0.5444899439811707,0.4979038327932358
5152,0.5021304756402969,5152,0.5444899439811707,0.4979038327932358
5153,0.5021304756402969,5153,0.5444899439811707,0.4979038327932358
5154,0.5021304756402969,5154,0.5444899439811707,0.4979038327932358
5155,0.5021304756402969,5155,0.5444899439811707,0.4979038327932358
5156,0.5021304756402969,5156,0.5444899439811707,0.4979038327932358
5157,0.5021304756402969,5157,0.5444899439811707,0.4979038327932358
5158,0.5021304756402969,5158,0.5444899439811707,0.4979038327932358
5159,0.5021304756402969,5159,0.5444899439811707,0.4979038327932358
5160,0.5021304756402969,5160,0.5444899439811707,0.4979038327932358
5161,0.5021304756402969,5161,0.5444899439811707,0.4979038327932358
5162,0.5021304756402969,5162,0.5444899439811707,0.4979038327932358
5163,0.5021304756402969,5163,0.5444899439811707,0.4979038327932358
5164,0.5021304756402969,5164,0.5444899439811707,0.4979038327932358
5165,0.5021304756402969,5165,0.5444899439811707,0.4979038327932358
5166,0.5021304756402969,5166,0.5444899439811707,0.4979038327932358
5167,0.5021304756402969,5167,0.5444899439811707,0.4979038327932358
5168,0.5021304756402969,5168,0.5444899439811707,0.4979038327932358
5169,0.5021304756402969,5169,0.5444899439811707,0.4979038327932358
5170,0.5021304756402969,5170,0.5444899439811707,0.4979038327932358
5171,0.5021304756402969,5171,0.5444899439811707,0.4979038327932358
5172,0.5021304756402969,5172,0.5444899439811707,0.4979038327932358
5173,0.5021304756402969,5173,0.5444899439811707,0.4979038327932358
5174,0.5021304756402969,5174,0.5444899439811707,0.4979038327932358
5175,0.5021304756402969,5175,0.5444899439811707,0.4979038327932358
5176,0.5021304756402969,5176,0.5444899439811707,0.4979038327932358
5177,0.5021304756402969,5177,0.5444899439811707,0.4979038327932358
5178,0.5021304756402969,5178,0.5444899439811707,0.4979038327932358
5179,0.5021304756402969,5179,0.5444899439811707,0.4979038327932358
5180,0.5021304756402969,5180,0.5444899439811707,0.4979038327932358
5181,0.5021304756402969,5181,0.5444899439811707,0.4979038327932358
5182,0.5021304756402969,5182,0.5444899439811707,0.4979038327932358
5183,0.5021304756402969,5183,0.5444899439811707,0.4979038327932358
5184,0.5021304756402969,5184,0.5444899439811707,0.4979038327932358
5185,0.5021304756402969,5185,0.5444899439811707,0.4979038327932358
5186,0.5021304756402969,5186,0.5444899439811707,0.4979038327932358
5187,0.5021304756402969,5187,0.5444899439811707,0.4979038327932358
5188,0.5021304756402969,5188,0.5444899439811707,0.4979038327932358
5189,0.5021304756402969,5189,0.5444899439811707,0.4979038327932358
5190,0.5021304756402969,5190,0.5444899439811707,0.4979038327932358
5191,0.5021304756402969,5191,0.5444899439811707,0.4979038327932358
5192,0.5021304756402969,5192,0.5444899439811707,0.4979038327932358
5193,0.5021304756402969,5193,0.5444899439811707,0.4979038327932358
5194,0.5021304756402969,5194,0.5444899439811707,0.4979038327932358
5195,0.5021304756402969,5195,0.5444899439811707,0.4979038327932358
5196,0.5021304756402969,5196,0.5444899439811707,0.4979038327932358
5197,0.5021304756402969,5197,0.5444899439811707,0.4979038327932358
5198,0.5021304756402969,5198,0.5444899439811707,0.4979038327932358
5199,0.5021304756402969,5199,0.5444899439811707,0.4979038327932358
5200,0.5021304756402969,5200,0.5444899439811707,0.4979038327932358
5201,0.5021304756402969,5201,0.5444899439811707,0.4979038327932358
5202,0.5021304756402969,5202,0.5444899439811707,0.4979038327932358
5203,0.5021304756402969,5203,0.5444899439811707,0.4979038327932358
5204,0.5021304756402969,5204,0.5444899439811707,0.4979038327932358
5205,0.5021304756402969,5205,0.5444899439811707,0.4979038327932358
5206,0.5021304756402969,5206,0.5444899439811707,0.4979038327932358
5207,0.5021304756402969,5207,0.5444899439811707,0.4979038327932358
5208,0.5021304756402969,5208,0.5444899439811707,0.4979038327932358
5209,0.5021304756402969,5209,0.5444899439811707,0.4979038327932358
5210,0.5021304756402969,5210,0.5444899439811707,0.4979038327932358
5211,0.5021304756402969,5211,0.5444899439811707,0.4979038327932358
5212,0.5021304756402969,5212,0.5444899439811707,0.4979038327932358
5213,0.5021304756402969,5213,0.5444899439811707,0.4979038327932358
5214,0.5021304756402969,5214,0.5444899439811707,0.4979038327932358
5215,0.5021304756402969,5215,0.5444899439811707,0.4979038327932358
5216,0.5021304756402969,5216,0.5444899439811707,0.4979038327932358
5217,0.5021304756402969,5217,0.5444899439811707,0.4979038327932358
5218,0.5021304756402969,5218,0.5444899439811707,0.4979038327932358
5219,0.5021304756402969,5219,0.5444899439811707,0.4979038327932358
5220,0.5021304756402969,5220,0.5444899439811707,0.4979038327932358
5221,0.5021304756402969,5221,0.5444899439811707,0.4979038327932358
5222,0.5021304756402969,5222,0.5444899439811707,0.4979038327932358
5223,0.5021304756402969,5223,0.5444899439811707,0.4979038327932358
5224,0.5021304756402969,5224,0.5444899439811707,0.4979038327932358
5225,0.5021304756402969,5225,0.5444899439811707,0.4979038327932358
5226,0.5021304756402969,5226,0.5444899439811707,0.4979038327932358
5227,0.5021304756402969,5227,0.5444899439811707,0.4979038327932358
5228,0.5021304756402969,5228,0.5444899439811707,0.4979038327932358
5229,0.5021304756402969,5229,0.5444899439811707,0.4979038327932358
5230,0.5021304756402969,5230,0.5444899439811707,0.4979038327932358
5231,0.5021304756402969,5231,0.5444899439811707,0.4979038327932358
5232,0.5021304756402969,5232,0.5444899439811707,0.4979038327932358
5233,0.5021304756402969,5233,0.5444899439811707,0.4979038327932358
5234,0.5021304756402969,5234,0.5444899439811707,0.4979038327932358
5235,0.5021304756402969,5235,0.5444899439811707,0.4979038327932358
5236,0.5021304756402969,5236,0.5444899439811707,0.4979038327932358
5237,0.5021304756402969,5237,0.5444899439811707,0.4979038327932358
5238,0.5021304756402969,5238,0.5444899439811707,0.4979038327932358
5239,0.5021304756402969,5239,0.5444899439811707,0.4979038327932358
5240,0.5021304756402969,5240,0.5444899439811707,0.4979038327932358
5241,0.5021304756402969,5241,0.5444899439811707,0.4979038327932358
5242,0.5021304756402969,5242,0.5444899439811707,0.4979038327932358
5243,0.5021304756402969,5243,0.5444899439811707,0.4979038327932358
5244,0.5021304756402969,5244,0.5444899439811707,0.4979038327932358
5245,0.5021304756402969,5245,0.5444899439811707,0.4979038327932358
5246,0.5021304756402969,5246,0.5444899439811707,0.4979038327932358
5247,0.5021304756402969,5247,0.5444899439811707,0.4979038327932358
5248,0.5021304756402969,5248,0.5444899439811707,0.4979038327932358
5249,0.5021304756402969,5249,0.5444899439811707,0.4979038327932358
5250,0.5021194964647293,5250,0.5443445205688476,0.4976289600133896
5251,0.5021194964647293,5251,0.5443445205688476,0.4976289600133896
5252,0.5021194964647293,5252,0.5443445205688476,0.4976289600133896
5253,0.5021194964647293,5253,0.5443445205688476,0.4976289600133896
5254,0.5021194964647293,5254,0.5443445205688476,0.4976289600133896
5255,0.5021194964647293,5255,0.5443445205688476,0.4976289600133896
5256,0.5021194964647293,5256,0.5443445205688476,0.4976289600133896
5257,0.5021194964647293,5257,0.5443445205688476,0.4976289600133896
5258,0.5021194964647293,5258,0.5443445205688476,0.4976289600133896
5259,0.5021194964647293,5259,0.5443445205688476,0.4976289600133896
5260,0.5021194964647293,5260,0.5443445205688476,0.4976289600133896
5261,0.5021194964647293,5261,0.5443445205688476,0.4976289600133896
5262,0.5021194964647293,5262,0.5443445205688476,0.4976289600133896
5263,0.5021194964647293,5263,0.5443445205688476,0.4976289600133896
5264,0.5021194964647293,5264,0.5443445205688476,0.4976289600133896
5265,0.5021194964647293,5265,0.5443445205688476,0.4976289600133896
5266,0.5021194964647293,5266,0.5443445205688476,0.4976289600133896
5267,0.5021194964647293,5267,0.5443445205688476,0.4976289600133896
5268,0.5021194964647293,5268,0.5443445205688476,0.4976289600133896
5269,0.5021194964647293,5269,0.5443445205688476,0.4976289600133896
5270,0.5021194964647293,5270,0.5443445205688476,0.4976289600133896
5271,0.5021194964647293,5271,0.5443445205688476,0.4976289600133896
5272,0.5021194964647293,5272,0.5443445205688476,0.4976289600133896
5273,0.5021194964647293,5273,0.5443445205688476,0.4976289600133896
5274,0.5021194964647293,5274,0.5443445205688476,0.4976289600133896
5275,0.5021194964647293,5275,0.5443445205688476,0.4976289600133896
5276,0.5021194964647293,5276,0.5443445205688476,0.4976289600133896
5277,0.5021194964647293,5277,0.5443445205688476,0.4976289600133896
5278,0.5021194964647293,5278,0.5443445205688476,0.4976289600133896
5279,0.5021194964647293,5279,0.5443445205688476,0.4976289600133896
5280,0.5021194964647293,5280,0.5443445205688476,0.4976289600133896
5281,0.5021194964647293,5281,0.5443445205688476,0.4976289600133896
5282,0.5021194964647293,5282,0.5443445205688476,0.4976289600133896
5283,0.5021194964647293,5283,0.5443445205688476,0.4976289600133896
5284,0.5021194964647293,5284,0.5443445205688476,0.4976289600133896
5285,0.5021194964647293,5285,0.5443445205688476,0.4976289600133896
5286,0.5021194964647293,5286,0.5443445205688476,0.4976289600133896
5287,0.5021194964647293,5287,0.5443445205688476,0.4976289600133896
5288,0.5021194964647293,5288,0.5443445205688476,0.4976289600133896
5289,0.5021194964647293,5289,0.5443445205688476,0.4976289600133896
5290,0.5021194964647293,5290,0.5443445205688476,0.4976289600133896
5291,0.5021194964647293,5291,0.5443445205688476,0.4976289600133896
5292,0.5021194964647293,5292,0.5443445205688476,0.4976289600133896
5293,0.5021194964647293,5293,0.5443445205688476,0.4976289600133896
5294,0.5021194964647293,5294,0.5443445205688476,0.4976289600133896
5295,0.5021194964647293,5295,0.5443445205688476,0.4976289600133896
5296,0.5021194964647293,5296,0.5443445205688476,0.4976289600133896
5297,0.5021194964647293,5297,0.5443445205688476,0.4976289600133896
5298,0.5021194964647293,5298,0.5443445205688476,0.4976289600133896
5299,0.5021194964647293,5299,0.5443445205688476,0.4976289600133896
5300,0.5021194964647293,5300,0.5443445205688476,0.4976289600133896
5301,0.5021194964647293,5301,0.5443445205688476,0.4976289600133896
5302,0.5021194964647293,5302,0.5443445205688476,0.4976289600133896
5303,0.5021194964647293,5303,0.5443445205688476,0.4976289600133896
5304,0.5021194964647293,5304,0.5443445205688476,0.4976289600133896
5305,0.5021194964647293,5305,0.5443445205688476,0.4976289600133896
5306,0.5021194964647293,5306,0.5443445205688476,0.4976289600133896
5307,0.5021194964647293,5307,0.5443445205688476,0.4976289600133896
5308,0.5021194964647293,5308,0.5443445205688476,0.4976289600133896
5309,0.5021194964647293,5309,0.5443445205688476,0.4976289600133896
5310,0.5021194964647293,5310,0.5443445205688476,0.4976289600133896
5311,0.5021194964647293,5311,0.5443445205688476,0.4976289600133896
5312,0.5021194964647293,5312,0.5443445205688476,0.4976289600133896
5313,0.5021194964647293,5313,0.5443445205688476,0.4976289600133896
5314,0.5021194964647293,5314,0.5443445205688476,0.4976289600133896
5315,0.5021194964647293,5315,0.5443445205688476,0.4976289600133896
5316,0.5021194964647293,5316,0.5443445205688476,0.4976289600133896
5317,0.5021194964647293,5317,0.5443445205688476,0.4976289600133896
5318,0.5021194964647293,5318,0.5443445205688476,0.4976289600133896
5319,0.5021194964647293,5319,0.5443445205688476,0.4976289600133896
5320,0.5021194964647293,5320,0.5443445205688476,0.4976289600133896
5321,0.5021194964647293,5321,0.5443445205688476,0.4976289600133896
5322,0.5021194964647293,5322,0.5443445205688476,0.4976289600133896
5323,0.5021194964647293,5323,0.5443445205688476,0.4976289600133896
5324,0.5021194964647293,5324,0.5443445205688476,0.4976289600133896
5325,0.5021194964647293,5325,0.5443445205688476,0.4976289600133896
5326,0.5021194964647293,5326,0.5443445205688476,0.4976289600133896
5327,0.5021194964647293,5327,0.5443445205688476,0.4976289600133896
5328,0.5021194964647293,5328,0.5443445205688476,0.4976289600133896
5329,0.5021194964647293,5329,0.5443445205688476,0.4976289600133896
5330,0.5021194964647293,5330,0.5443445205688476,0.4976289600133896
5331,0.5021194964647293,5331,0.5443445205688476,0.4976289600133896
5332,0.5021194964647293,5332,0.5443445205688476,0.4976289600133896
5333,0.5021194964647293,5333,0.5443445205688476,0.4976289600133896
5334,0.5021194964647293,5334,0.5443445205688476,0.4976289600133896
5335,0.5021194964647293,5335,0.5443445205688476,0.4976289600133896
5336,0.5021194964647293,5336,0.5443445205688476,0.4976289600133896
5337,0.5021194964647293,5337,0.5443445205688476,0.4976289600133896
5338,0.5021194964647293,5338,0.5443445205688476,0.4976289600133896
5339,0.5021194964647293,5339,0.5443445205688476,0.4976289600133896
5340,0.5021194964647293,5340,0.5443445205688476,0.4976289600133896
5341,0.5021194964647293,5341,0.5443445205688476,0.4976289600133896
5342,0.5021194964647293,5342,0.5443445205688476,0.4976289600133896
5343,0.5021194964647293,5343,0.5443445205688476,0.4976289600133896
5344,0.5021194964647293,5344,0.5443445205688476,0.4976289600133896
5345,0.5021194964647293,5345,0.5443445205688476,0.4976289600133896
5346,0.5021194964647293,5346,0.5443445205688476,0.4976289600133896
5347,0.5021194964647293,5347,0.5443445205688476,0.4976289600133896
5348,0.5021194964647293,5348,0.5443445205688476,0.4976289600133896
5349,0.5021194964647293,5349,0.5443445205688476,0.4976289600133896
5350,0.5021194964647293,5350,0.5443445205688476,0.4976289600133896
5351,0.5021194964647293,5351,0.5443445205688476,0.4976289600133896
5352,0.5021194964647293,5352,0.5443445205688476,0.4976289600133896
5353,0.5021194964647293,5353,0.5443445205688476,0.4976289600133896
5354,0.5021194964647293,5354,0.5443445205688476,0.4976289600133896
5355,0.5021194964647293,5355,0.5443445205688476,0.4976289600133896
5356,0.5021194964647293,5356,0.5443445205688476,0.4976289600133896
5357,0.5021194964647293,5357,0.5443445205688476,0.4976289600133896
5358,0.5021194964647293,5358,0.5443445205688476,0.4976289600133896
5359,0.5021194964647293,5359,0.5443445205688476,0.4976289600133896
5360,0.5021194964647293,5360,0.5443445205688476,0.4976289600133896
5361,0.5021194964647293,5361,0.5443445205688476,0.4976289600133896
5362,0.5021194964647293,5362,0.5443445205688476,0.4976289600133896
5363,0.5021194964647293,5363,0.5443445205688476,0.4976289600133896
5364,0.5021194964647293,5364,0.5443445205688476,0.4976289600133896
5365,0.5021194964647293,5365,0.5443445205688476,0.4976289600133896
5366,0.5021194964647293,5366,0.5443445205688476,0.4976289600133896
5367,0.5021194964647293,5367,0.5443445205688476,0.4976289600133896
5368,0.5021194964647293,5368,0.5443445205688476,0.4976289600133896
5369,0.5021194964647293,5369,0.5443445205688476,0.4976289600133896
5370,0.5021194964647293,5370,0.5443445205688476,0.4976289600133896
5371,0.5021194964647293,5371,0.5443445205688476,0.4976289600133896
5372,0.5021194964647293,5372,0.5443445205688476,0.4976289600133896
5373,0.5021194964647293,5373,0.5443445205688476,0.4976289600133896
5374,0.5021194964647293,5374,0.5443445205688476,0.4976289600133896
5375,0.5021194964647293,5375,0.5443445205688476,0.4976289600133896
5376,0.5021194964647293,5376,0.5443445205688476,0.4976289600133896
5377,0.5021194964647293,5377,0.5443445205688476,0.4976289600133896
5378,0.5021194964647293,5378,0.5443445205688476,0.4976289600133896
5379,0.5021194964647293,5379,0.5443445205688476,0.4976289600133896
5380,0.5021194964647293,5380,0.5443445205688476,0.4976289600133896
5381,0.5021194964647293,5381,0.5443445205688476,0.4976289600133896
5382,0.5021194964647293,5382,0.5443445205688476,0.4976289600133896
5383,0.5021194964647293,5383,0.5443445205688476,0.4976289600133896
5384,0.5021194964647293,5384,0.5443445205688476,0.4976289600133896
5385,0.5021194964647293,5385,0.5443445205688476,0.4976289600133896
5386,0.5021194964647293,5386,0.5443445205688476,0.4976289600133896
5387,0.5021194964647293,5387,0.5443445205688476,0.4976289600133896
5388,0.5021194964647293,5388,0.5443445205688476,0.4976289600133896
5389,0.5021194964647293,5389,0.5443445205688476,0.4976289600133896
5390,0.5021194964647293,5390,0.5443445205688476,0.4976289600133896
5391,0.5021194964647293,5391,0.5443445205688476,0.4976289600133896
5392,0.5021194964647293,5392,0.5443445205688476,0.4976289600133896
5393,0.5021194964647293,5393,0.5443445205688476,0.4976289600133896
5394,0.5021194964647293,5394,0.5443445205688476,0.4976289600133896
5395,0.5021194964647293,5395,0.5443445205688476,0.4976289600133896
5396,0.5021194964647293,5396,0.5443445205688476,0.4976289600133896
5397,0.5021194964647293,5397,0.5443445205688476,0.4976289600133896
5398,0.5021194964647293,5398,0.5443445205688476,0.4976289600133896
5399,0.5021194964647293,5399,0.5443445205688476,0.4976289600133896
5400,0.5021194964647293,5400,0.5443445205688476,0.4976289600133896
5401,0.5021194964647293,5401,0.5443445205688476,0.4976289600133896
5402,0.5021194964647293,5402,0.5443445205688476,0.4976289600133896
5403,0.5021194964647293,5403,0.5443445205688476,0.4976289600133896
5404,0.5021194964647293,5404,0.5443445205688476,0.4976289600133896
5405,0.5021194964647293,5405,0.5443445205688476,0.4976289600133896
5406,0.5021194964647293,5406,0.5443445205688476,0.4976289600133896
5407,0.5021194964647293,5407,0.5443445205688476,0.4976289600133896
5408,0.5021194964647293,5408,0.5443445205688476,0.4976289600133896
5409,0.5021194964647293,5409,0.5443445205688476,0.4976289600133896
5410,0.5021194964647293,5410,0.5443445205688476,0.4976289600133896
5411,0.5021194964647293,5411,0.5443445205688476,0.4976289600133896
5412,0.5021194964647293,5412,0.5443445205688476,0.4976289600133896
5413,0.5021194964647293,5413,0.5443445205688476,0.4976289600133896
5414,0.5021194964647293,5414,0.5443445205688476,0.4976289600133896
5415,0.5021194964647293,5415,0.5443445205688476,0.4976289600133896
5416,0.5021194964647293,5416,0.5443445205688476,0.4976289600133896
5417,0.5021194964647293,5417,0.5443445205688476,0.4976289600133896
5418,0.5021194964647293,5418,0.5443445205688476,0.4976289600133896
5419,0.5021194964647293,5419,0.5443445205688476,0.4976289600133896
5420,0.5021194964647293,5420,0.5443445205688476,0.4976289600133896
5421,0.5021194964647293,5421,0.5443445205688476,0.4976289600133896
5422,0.5021194964647293,5422,0.5443445205688476,0.4976289600133896
5423,0.5021194964647293,5423,0.5443445205688476,0.4976289600133896
5424,0.5021194964647293,5424,0.5443445205688476,0.4976289600133896
5425,0.5021194964647293,5425,0.5443445205688476,0.4976289600133896
5426,0.5021194964647293,5426,0.5443445205688476,0.4976289600133896
5427,0.5021194964647293,5427,0.5443445205688476,0.4976289600133896
5428,0.5021194964647293,5428,0.5443445205688476,0.4976289600133896
5429,0.5021194964647293,5429,0.5443445205688476,0.4976289600133896
5430,0.5021194964647293,5430,0.5443445205688476,0.4976289600133896
5431,0.5021194964647293,5431,0.5443445205688476,0.4976289600133896
5432,0.5021194964647293,5432,0.5443445205688476,0.4976289600133896
5433,0.5021194964647293,5433,0.5443445205688476,0.4976289600133896
5434,0.5021194964647293,5434,0.5443445205688476,0.4976289600133896
5435,0.5021194964647293,5435,0.5443445205688476,0.4976289600133896
5436,0.5021194964647293,5436,0.5443445205688476,0.4976289600133896
5437,0.5021194964647293,5437,0.5443445205688476,0.4976289600133896
5438,0.5021194964647293,5438,0.5443445205688476,0.4976289600133896
5439,0.5021194964647293,5439,0.5443445205688476,0.4976289600133896
5440,0.5021194964647293,5440,0.5443445205688476,0.4976289600133896
5441,0.5021194964647293,5441,0.5443445205688476,0.4976289600133896
5442,0.5021194964647293,5442,0.5443445205688476,0.4976289600133896
5443,0.5021194964647293,5443,0.5443445205688476,0.4976289600133896
5444,0.5021194964647293,5444,0.5443445205688476,0.4976289600133896
5445,0.5021194964647293,5445,0.5443445205688476,0.4976289600133896
5446,0.5021194964647293,5446,0.5443445205688476,0.4976289600133896
5447,0.5021194964647293,5447,0.5443445205688476,0.4976289600133896
5448,0.5021194964647293,5448,0.5443445205688476,0.4976289600133896
5449,0.5021194964647293,5449,0.5443445205688476,0.4976289600133896
5450,0.5021194964647293,5450,0.5443445205688476,0.4976289600133896
5451,0.5021194964647293,5451,0.5443445205688476,0.4976289600133896
5452,0.5021194964647293,5452,0.5443445205688476,0.4976289600133896
5453,0.5021194964647293,5453,0.5443445205688476,0.4976289600133896
5454,0.5021194964647293,5454,0.5443445205688476,0.4976289600133896
5455,0.5021194964647293,5455,0.5443445205688476,0.4976289600133896
5456,0.5021194964647293,5456,0.5443445205688476,0.4976289600133896
5457,0.5021194964647293,5457,0.5443445205688476,0.4976289600133896
5458,0.5021194964647293,5458,0.5443445205688476,0.4976289600133896
5459,0.5021194964647293,5459,0.5443445205688476,0.4976289600133896
5460,0.5021194964647293,5460,0.5443445205688476,0.4976289600133896
5461,0.5021194964647293,5461,0.5443445205688476,0.4976289600133896
5462,0.5021194964647293,5462,0.5443445205688476,0.4976289600133896
5463,0.5021194964647293,5463,0.5443445205688476,0.4976289600133896
5464,0.5021194964647293,5464,0.5443445205688476,0.4976289600133896
5465,0.5021194964647293,5465,0.5443445205688476,0.4976289600133896
5466,0.5021194964647293,5466,0.5443445205688476,0.4976289600133896
5467,0.5021194964647293,5467,0.5443445205688476,0.4976289600133896
5468,0.5021194964647293,5468,0.5443445205688476,0.4976289600133896
5469,0.5021194964647293,5469,0.5443445205688476,0.4976289600133896
5470,0.5021194964647293,5470,0.5443445205688476,0.4976289600133896
5471,0.5021194964647293,5471,0.5443445205688476,0.4976289600133896
5472,0.5021194964647293,5472,0.5443445205688476,0.4976289600133896
5473,0.5021194964647293,5473,0.5443445205688476,0.4976289600133896
5474,0.5021194964647293,5474,0.5443445205688476,0.4976289600133896
5475,0.5021194964647293,5475,0.5443445205688476,0.4976289600133896
5476,0.5021194964647293,5476,0.5443445205688476,0.4976289600133896
5477,0.5021194964647293,5477,0.5443445205688476,0.4976289600133896
5478,0.5021194964647293,5478,0.5443445205688476,0.4976289600133896
5479,0.5021194964647293,5479,0.5443445205688476,0.4976289600133896
5480,0.5021194964647293,5480,0.5443445205688476,0.4976289600133896
5481,0.5021194964647293,5481,0.5443445205688476,0.4976289600133896
5482,0.5021194964647293,5482,0.5443445205688476,0.4976289600133896
5483,0.5021194964647293,5483,0.5443445205688476,0.4976289600133896
5484,0.5021194964647293,5484,0.5443445205688476,0.4976289600133896
5485,0.5021194964647293,5485,0.5443445205688476,0.4976289600133896
5486,0.5021194964647293,5486,0.5443445205688476,0.4976289600133896
5487,0.5021194964647293,5487,0.5443445205688476,0.4976289600133896
5488,0.5021194964647293,5488,0.5443445205688476,0.4976289600133896
5489,0.5021194964647293,5489,0.5443445205688476,0.4976289600133896
5490,0.5021194964647293,5490,0.5443445205688476,0.4976289600133896
5491,0.5021194964647293,5491,0.5443445205688476,0.4976289600133896
5492,0.5021194964647293,5492,0.5443445205688476,0.4976289600133896
5493,0.5021194964647293,5493,0.5443445205688476,0.4976289600133896
5494,0.5021194964647293,5494,0.5443445205688476,0.4976289600133896
5495,0.5021194964647293,5495,0.5443445205688476,0.4976289600133896
5496,0.5021194964647293,5496,0.5443445205688476,0.4976289600133896
5497,0.5021194964647293,5497,0.5443445205688476,0.4976289600133896
5498,0.5021194964647293,5498,0.5443445205688476,0.4976289600133896
5499,0.5021194964647293,5499,0.5443445205688476,0.4976289600133896
5500,0.5021057486534118,5500,0.5442895531654358,0.4976235419511795
5501,0.5021057486534118,5501,0.5442895531654358,0.4976235419511795
5502,0.5021057486534118,5502,0.5442895531654358,0.4976235419511795
5503,0.5021057486534118,5503,0.5442895531654358,0.4976235419511795
5504,0.5021057486534118,5504,0.5442895531654358,0.4976235419511795
5505,0.5021057486534118,5505,0.5442895531654358,0.4976235419511795
5506,0.5021057486534118,5506,0.5442895531654358,0.4976235419511795
5507,0.5021057486534118,5507,0.5442895531654358,0.4976235419511795
5508,0.5021057486534118,5508,0.5442895531654358,0.4976235419511795
5509,0.5021057486534118,5509,0.5442895531654358,0.4976235419511795
5510,0.5021057486534118,5510,0.5442895531654358,0.4976235419511795
5511,0.5021057486534118,5511,0.5442895531654358,0.4976235419511795
5512,0.5021057486534118,5512,0.5442895531654358,0.4976235419511795
5513,0.5021057486534118,5513,0.5442895531654358,0.4976235419511795
5514,0.5021057486534118,5514,0.5442895531654358,0.4976235419511795
5515,0.5021057486534118,5515,0.5442895531654358,0.4976235419511795
5516,0.5021057486534118,5516,0.5442895531654358,0.4976235419511795
5517,0.5021057486534118,5517,0.5442895531654358,0.4976235419511795
5518,0.5021057486534118,5518,0.5442895531654358,0.4976235419511795
5519,0.5021057486534118,5519,0.5442895531654358,0.4976235419511795
5520,0.5021057486534118,5520,0.5442895531654358,0.4976235419511795
5521,0.5021057486534118,5521,0.5442895531654358,0.4976235419511795
5522,0.5021057486534118,5522,0.5442895531654358,0.4976235419511795
5523,0.5021057486534118,5523,0.5442895531654358,0.4976235419511795
5524,0.5021057486534118,5524,0.5442895531654358,0.4976235419511795
5525,0.5021057486534118,5525,0.5442895531654358,0.4976235419511795
5526,0.5021057486534118,5526,0.5442895531654358,0.4976235419511795
5527,0.5021057486534118,5527,0.5442895531654358,0.4976235419511795
5528,0.5021057486534118,5528,0.5442895531654358,0.4976235419511795
5529,0.5021057486534118,5529,0.5442895531654358,0.4976235419511795
5530,0.5021057486534118,5530,0.5442895531654358,0.4976235419511795
5531,0.5021057486534118,5531,0.5442895531654358,0.4976235419511795
5532,0.5021057486534118,5532,0.5442895531654358,0.4976235419511795
5533,0.5021057486534118,5533,0.5442895531654358,0.4976235419511795
5534,0.5021057486534118,5534,0.5442895531654358,0.4976235419511795
5535,0.5021057486534118,5535,0.5442895531654358,0.4976235419511795
5536,0.5021057486534118,5536,0.5442895531654358,0.4976235419511795
5537,0.5021057486534118,5537,0.5442895531654358,0.4976235419511795
5538,0.5021057486534118,5538,0.5442895531654358,0.4976235419511795
5539,0.5021057486534118,5539,0.5442895531654358,0.4976235419511795
5540,0.5021057486534118,5540,0.5442895531654358,0.4976235419511795
5541,0.5021057486534118,5541,0.5442895531654358,0.4976235419511795
5542,0.5021057486534118,5542,0.5442895531654358,0.4976235419511795
5543,0.5021057486534118,5543,0.5442895531654358,0.4976235419511795
5544,0.5021057486534118,5544,0.5442895531654358,0.4976235419511795
5545,0.5021057486534118,5545,0.5442895531654358,0.4976235419511795
5546,0.5021057486534118,5546,0.5442895531654358,0.4976235419511795
5547,0.5021057486534118,5547,0.5442895531654358,0.4976235419511795
5548,0.5021057486534118,5548,0.5442895531654358,0.4976235419511795
5549,0.5021057486534118,5549,0.5442895531654358,0.4976235419511795
5550,0.5021057486534118,5550,0.5442895531654358,0.4976235419511795
5551,0.5021057486534118,5551,0.5442895531654358,0.4976235419511795
5552,0.5021057486534118,5552,0.5442895531654358,0.4976235419511795
5553,0.5021057486534118,5553,0.5442895531654358,0.4976235419511795
5554,0.5021057486534118,5554,0.5442895531654358,0.4976235419511795
5555,0.5021057486534118,5555,0.5442895531654358,0.4976235419511795
5556,0.5021057486534118,5556,0.5442895531654358,0.4976235419511795
5557,0.5021057486534118,5557,0.5442895531654358,0.4976235419511795
5558,0.5021057486534118,5558,0.5442895531654358,0.4976235419511795
5559,0.5021057486534118,5559,0.5442895531654358,0.4976235419511795
5560,0.5021057486534118,5560,0.5442895531654358,0.4976235419511795
5561,0.5021057486534118,5561,0.5442895531654358,0.4976235419511795
5562,0.5021057486534118,5562,0.5442895531654358,0.4976235419511795
5563,0.5021057486534118,5563,0.5442895531654358,0.4976235419511795
5564,0.5021057486534118,5564,0.5442895531654358,0.4976235419511795
5565,0.5021057486534118,5565,0.5442895531654358,0.4976235419511795
5566,0.5021057486534118,5566,0.5442895531654358,0.4976235419511795
5567,0.5021057486534118,5567,0.5442895531654358,0.4976235419511795
5568,0.5021057486534118,5568,0.5442895531654358,0.4976235419511795
5569,0.5021057486534118,5569,0.5442895531654358,0.4976235419511795
5570,0.5021057486534118,5570,0.5442895531654358,0.4976235419511795
5571,0.5021057486534118,5571,0.5442895531654358,0.4976235419511795
5572,0.5021057486534118,5572,0.5442895531654358,0.4976235419511795
5573,0.5021057486534118,5573,0.5442895531654358,0.4976235419511795
5574,0.5021057486534118,5574,0.5442895531654358,0.4976235419511795
5575,0.5021057486534118,5575,0.5442895531654358,0.4976235419511795
5576,0.5021057486534118,5576,0.5442895531654358,0.4976235419511795
5577,0.5021057486534118,5577,0.5442895531654358,0.4976235419511795
5578,0.5021057486534118,5578,0.5442895531654358,0.4976235419511795
5579,0.5021057486534118,5579,0.5442895531654358,0.4976235419511795
5580,0.5021057486534118,5580,0.5442895531654358,0.4976235419511795
5581,0.5021057486534118,5581,0.5442895531654358,0.4976235419511795
5582,0.5021057486534118,5582,0.5442895531654358,0.4976235419511795
5583,0.5021057486534118,5583,0.5442895531654358,0.4976235419511795
5584,0.5021057486534118,5584,0.5442895531654358,0.4976235419511795
5585,0.5021057486534118,5585,0.5442895531654358,0.4976235419511795
5586,0.5021057486534118,5586,0.5442895531654358,0.4976235419511795
5587,0.5021057486534118,5587,0.5442895531654358,0.4976235419511795
5588,0.5021057486534118,5588,0.5442895531654358,0.4976235419511795
5589,0.5021057486534118,5589,0.5442895531654358,0.4976235419511795
5590,0.5021057486534118,5590,0.5442895531654358,0.4976235419511795
5591,0.5021057486534118,5591,0.5442895531654358,0.4976235419511795
5592,0.5021057486534118,5592,0.5442895531654358,0.4976235419511795
5593,0.5021057486534118,5593,0.5442895531654358,0.4976235419511795
5594,0.5021057486534118,5594,0.5442895531654358,0.4976235419511795
5595,0.5021057486534118,5595,0.5442895531654358,0.4976235419511795
5596,0.5021057486534118,5596,0.5442895531654358,0.4976235419511795
5597,0.5021057486534118,5597,0.5442895531654358,0.4976235419511795
5598,0.5021057486534118,5598,0.5442895531654358,0.4976235419511795
5599,0.5021057486534118,5599,0.5442895531654358,0.4976235419511795
5600,0.5021057486534118,5600,0.5442895531654358,0.4976235419511795
5601,0.5021057486534118,5601,0.5442895531654358,0.4976235419511795
5602,0.5021057486534118,5602,0.5442895531654358,0.4976235419511795
5603,0.5021057486534118,5603,0.5442895531654358,0.4976235419511795
5604,0.5021057486534118,5604,0.5442895531654358,0.4976235419511795
5605,0.5021057486534118,5605,0.5442895531654358,0.4976235419511795
5606,0.5021057486534118,5606,0.5442895531654358,0.4976235419511795
5607,0.5021057486534118,5607,0.5442895531654358,0.4976235419511795
5608,0.5021057486534118,5608,0.5442895531654358,0.4976235419511795
5609,0.5021057486534118,5609,0.5442895531654358,0.4976235419511795
5610,0.5021057486534118,5610,0.5442895531654358,0.4976235419511795
5611,0.5021057486534118,5611,0.5442895531654358,0.4976235419511795
5612,0.5021057486534118,5612,0.5442895531654358,0.4976235419511795
5613,0.5021057486534118,5613,0.5442895531654358,0.4976235419511795
5614,0.5021057486534118,5614,0.5442895531654358,0.4976235419511795
5615,0.5021057486534118,5615,0.5442895531654358,0.4976235419511795
5616,0.5021057486534118,5616,0.5442895531654358,0.4976235419511795
5617,0.5021057486534118,5617,0.5442895531654358,0.4976235419511795
5618,0.5021057486534118,5618,0.5442895531654358,0.4976235419511795
5619,0.5021057486534118,5619,0.5442895531654358,0.4976235419511795
5620,0.5021057486534118,5620,0.5442895531654358,0.4976235419511795
5621,0.5021057486534118,5621,0.5442895531654358,0.4976235419511795
5622,0.5021057486534118,5622,0.5442895531654358,0.4976235419511795
5623,0.5021057486534118,5623,0.5442895531654358,0.4976235419511795
5624,0.5021057486534118,5624,0.5442895531654358,0.4976235419511795
5625,0.5021057486534118,5625,0.5442895531654358,0.4976235419511795
5626,0.5021057486534118,5626,0.5442895531654358,0.4976235419511795
5627,0.5021057486534118,5627,0.5442895531654358,0.4976235419511795
5628,0.5021057486534118,5628,0.5442895531654358,0.4976235419511795
5629,0.5021057486534118,5629,0.5442895531654358,0.4976235419511795
5630,0.5021057486534118,5630,0.5442895531654358,0.4976235419511795
5631,0.5021057486534118,5631,0.5442895531654358,0.4976235419511795
5632,0.5021057486534118,5632,0.5442895531654358,0.4976235419511795
5633,0.5021057486534118,5633,0.5442895531654358,0.4976235419511795
5634,0.5021057486534118,5634,0.5442895531654358,0.4976235419511795
5635,0.5021057486534118,5635,0.5442895531654358,0.4976235419511795
5636,0.5021057486534118,5636,0.5442895531654358,0.4976235419511795
5637,0.5021057486534118,5637,0.5442895531654358,0.4976235419511795
5638,0.5021057486534118,5638,0.5442895531654358,0.4976235419511795
5639,0.5021057486534118,5639,0.5442895531654358,0.4976235419511795
5640,0.5021057486534118,5640,0.5442895531654358,0.4976235419511795
5641,0.5021057486534118,5641,0.5442895531654358,0.4976235419511795
5642,0.5021057486534118,5642,0.5442895531654358,0.4976235419511795
5643,0.5021057486534118,5643,0.5442895531654358,0.4976235419511795
5644,0.5021057486534118,5644,0.5442895531654358,0.4976235419511795
5645,0.5021057486534118,5645,0.5442895531654358,0.4976235419511795
5646,0.5021057486534118,5646,0.5442895531654358,0.4976235419511795
5647,0.5021057486534118,5647,0.5442895531654358,0.4976235419511795
5648,0.5021057486534118,5648,0.5442895531654358,0.4976235419511795
5649,0.5021057486534118,5649,0.5442895531654358,0.4976235419511795
5650,0.5021057486534118,5650,0.5442895531654358,0.4976235419511795
5651,0.5021057486534118,5651,0.5442895531654358,0.4976235419511795
5652,0.5021057486534118,5652,0.5442895531654358,0.4976235419511795
5653,0.5021057486534118,5653,0.5442895531654358,0.4976235419511795
5654,0.5021057486534118,5654,0.5442895531654358,0.4976235419511795
5655,0.5021057486534118,5655,0.5442895531654358,0.4976235419511795
5656,0.5021057486534118,5656,0.5442895531654358,0.4976235419511795
5657,0.5021057486534118,5657,0.5442895531654358,0.4976235419511795
5658,0.5021057486534118,5658,0.5442895531654358,0.4976235419511795
5659,0.5021057486534118,5659,0.5442895531654358,0.4976235419511795
5660,0.5021057486534118,5660,0.5442895531654358,0.4976235419511795
5661,0.5021057486534118,5661,0.5442895531654358,0.4976235419511795
5662,0.5021057486534118,5662,0.5442895531654358,0.4976235419511795
5663,0.5021057486534118,5663,0.5442895531654358,0.4976235419511795
5664,0.5021057486534118,5664,0.5442895531654358,0.4976235419511795
5665,0.5021057486534118,5665,0.5442895531654358,0.4976235419511795
5666,0.5021057486534118,5666,0.5442895531654358,0.4976235419511795
5667,0.5021057486534118,5667,0.5442895531654358,0.4976235419511795
5668,0.5021057486534118,5668,0.5442895531654358,0.4976235419511795
5669,0.5021057486534118,5669,0.5442895531654358,0.4976235419511795
5670,0.5021057486534118,5670,0.5442895531654358,0.4976235419511795
5671,0.5021057486534118,5671,0.5442895531654358,0.4976235419511795
5672,0.5021057486534118,5672,0.5442895531654358,0.4976235419511795
5673,0.5021057486534118,5673,0.5442895531654358,0.4976235419511795
5674,0.5021057486534118,5674,0.5442895531654358,0.4976235419511795
5675,0.5021057486534118,5675,0.5442895531654358,0.4976235419511795
5676,0.5021057486534118,5676,0.5442895531654358,0.4976235419511795
5677,0.5021057486534118,5677,0.5442895531654358,0.4976235419511795
5678,0.5021057486534118,5678,0.5442895531654358,0.4976235419511795
5679,0.5021057486534118,5679,0.5442895531654358,0.4976235419511795
5680,0.5021057486534118,5680,0.5442895531654358,0.4976235419511795
5681,0.5021057486534118,5681,0.5442895531654358,0.4976235419511795
5682,0.5021057486534118,5682,0.5442895531654358,0.4976235419511795
5683,0.5021057486534118,5683,0.5442895531654358,0.4976235419511795
5684,0.5021057486534118,5684,0.5442895531654358,0.4976235419511795
5685,0.5021057486534118,5685,0.5442895531654358,0.4976235419511795
5686,0.5021057486534118,5686,0.5442895531654358,0.4976235419511795
5687,0.5021057486534118,5687,0.5442895531654358,0.4976235419511795
5688,0.5021057486534118,5688,0.5442895531654358,0.4976235419511795
5689,0.5021057486534118,5689,0.5442895531654358,0.4976235419511795
5690,0.5021057486534118,5690,0.5442895531654358,0.4976235419511795
5691,0.5021057486534118,5691,0.5442895531654358,0.4976235419511795
5692,0.5021057486534118,5692,0.5442895531654358,0.4976235419511795
5693,0.5021057486534118,5693,0.5442895531654358,0.4976235419511795
5694,0.5021057486534118,5694,0.5442895531654358,0.4976235419511795
5695,0.5021057486534118,5695,0.5442895531654358,0.4976235419511795
5696,0.5021057486534118,5696,0.5442895531654358,0.4976235419511795
5697,0.5021057486534118,5697,0.5442895531654358,0.4976235419511795
5698,0.5021057486534118,5698,0.5442895531654358,0.4976235419511795
5699,0.5021057486534118,5699,0.5442895531654358,0.4976235419511795
5700,0.5021057486534118,5700,0.5442895531654358,0.4976235419511795
5701,0.5021057486534118,5701,0.5442895531654358,0.4976235419511795
5702,0.5021057486534118,5702,0.5442895531654358,0.4976235419511795
5703,0.5021057486534118,5703,0.5442895531654358,0.4976235419511795
5704,0.5021057486534118,5704,0.5442895531654358,0.4976235419511795
5705,0.5021057486534118,5705,0.5442895531654358,0.4976235419511795
5706,0.5021057486534118,5706,0.5442895531654358,0.4976235419511795
5707,0.5021057486534118,5707,0.5442895531654358,0.4976235419511795
5708,0.5021057486534118,5708,0.5442895531654358,0.4976235419511795
5709,0.5021057486534118,5709,0.5442895531654358,0.4976235419511795
5710,0.5021057486534118,5710,0.5442895531654358,0.4976235419511795
5711,0.5021057486534118,5711,0.5442895531654358,0.4976235419511795
5712,0.5021057486534118,5712,0.5442895531654358,0.4976235419511795
5713,0.5021057486534118,5713,0.5442895531654358,0.4976235419511795
5714,0.5021057486534118,5714,0.5442895531654358,0.4976235419511795
5715,0.5021057486534118,5715,0.5442895531654358,0.4976235419511795
5716,0.5021057486534118,5716,0.5442895531654358,0.4976235419511795
5717,0.5021057486534118,5717,0.5442895531654358,0.4976235419511795
5718,0.5021057486534118,5718,0.5442895531654358,0.4976235419511795
5719,0.5021057486534118,5719,0.5442895531654358,0.4976235419511795
5720,0.5021057486534118,5720,0.5442895531654358,0.4976235419511795
5721,0.5021057486534118,5721,0.5442895531654358,0.4976235419511795
5722,0.5021057486534118,5722,0.5442895531654358,0.4976235419511795
5723,0.5021057486534118,5723,0.5442895531654358,0.4976235419511795
5724,0.5021057486534118,5724,0.5442895531654358,0.4976235419511795
5725,0.5021057486534118,5725,0.5442895531654358,0.4976235419511795
5726,0.5021057486534118,5726,0.5442895531654358,0.4976235419511795
5727,0.5021057486534118,5727,0.5442895531654358,0.4976235419511795
5728,0.5021057486534118,5728,0.5442895531654358,0.4976235419511795
5729,0.5021057486534118,5729,0.5442895531654358,0.4976235419511795
5730,0.5021057486534118,5730,0.5442895531654358,0.4976235419511795
5731,0.5021057486534118,5731,0.5442895531654358,0.4976235419511795
5732,0.5021057486534118,5732,0.5442895531654358,0.4976235419511795
5733,0.5021057486534118,5733,0.5442895531654358,0.4976235419511795
5734,0.5021057486534118,5734,0.5442895531654358,0.4976235419511795
5735,0.5021057486534118,5735,0.5442895531654358,0.4976235419511795
5736,0.5021057486534118,5736,0.5442895531654358,0.4976235419511795
5737,0.5021057486534118,5737,0.5442895531654358,0.4976235419511795
5738,0.5021057486534118,5738,0.5442895531654358,0.4976235419511795
5739,0.5021057486534118,5739,0.5442895531654358,0.4976235419511795
5740,0.5021057486534118,5740,0.5442895531654358,0.4976235419511795
5741,0.5021057486534118,5741,0.5442895531654358,0.4976235419511795
5742,0.5021057486534118,5742,0.5442895531654358,0.4976235419511795
5743,0.5021057486534118,5743,0.5442895531654358,0.4976235419511795
5744,0.5021057486534118,5744,0.5442895531654358,0.4976235419511795
5745,0.5021057486534118,5745,0.5442895531654358,0.4976235419511795
5746,0.5021057486534118,5746,0.5442895531654358,0.4976235419511795
5747,0.5021057486534118,5747,0.5442895531654358,0.4976235419511795
5748,0.5021057486534118,5748,0.5442895531654358,0.4976235419511795
5749,0.5021057486534118,5749,0.5442895531654358,0.4976235419511795
5750,0.5000425934791565,5750,0.544315904378891,0.4976157009601593
5751,0.5000425934791565,5751,0.544315904378891,0.4976157009601593
5752,0.5000425934791565,5752,0.544315904378891,0.4976157009601593
5753,0.5000425934791565,5753,0.544315904378891,0.4976157009601593
5754,0.5000425934791565,5754,0.544315904378891,0.4976157009601593
5755,0.5000425934791565,5755,0.544315904378891,0.4976157009601593
5756,0.5000425934791565,5756,0.544315904378891,0.4976157009601593
5757,0.5000425934791565,5757,0.544315904378891,0.4976157009601593
5758,0.5000425934791565,5758,0.544315904378891,0.4976157009601593
5759,0.5000425934791565,5759,0.544315904378891,0.4976157009601593
5760,0.5000425934791565,5760,0.544315904378891,0.4976157009601593
5761,0.5000425934791565,5761,0.544315904378891,0.4976157009601593
5762,0.5000425934791565,5762,0.544315904378891,0.4976157009601593
5763,0.5000425934791565,5763,0.544315904378891,0.4976157009601593
5764,0.5000425934791565,5764,0.544315904378891,0.4976157009601593
5765,0.5000425934791565,5765,0.544315904378891,0.4976157009601593
5766,0.5000425934791565,5766,0.544315904378891,0.4976157009601593
5767,0.5000425934791565,5767,0.544315904378891,0.4976157009601593
5768,0.5000425934791565,5768,0.544315904378891,0.4976157009601593
5769,0.5000425934791565,5769,0.544315904378891,0.4976157009601593
5770,0.5000425934791565,5770,0.544315904378891,0.4976157009601593
5771,0.5000425934791565,5771,0.544315904378891,0.4976157009601593
5772,0.5000425934791565,5772,0.544315904378891,0.4976157009601593
5773,0.5000425934791565,5773,0.544315904378891,0.4976157009601593
5774,0.5000425934791565,5774,0.544315904378891,0.4976157009601593
5775,0.5000425934791565,5775,0.544315904378891,0.4976157009601593
5776,0.5000425934791565,5776,0.544315904378891,0.4976157009601593
5777,0.5000425934791565,5777,0.544315904378891,0.4976157009601593
5778,0.5000425934791565,5778,0.544315904378891,0.4976157009601593
5779,0.5000425934791565,5779,0.544315904378891,0.4976157009601593
5780,0.5000425934791565,5780,0.544315904378891,0.4976157009601593
5781,0.5000425934791565,5781,0.544315904378891,0.4976157009601593
5782,0.5000425934791565,5782,0.544315904378891,0.4976157009601593
5783,0.5000425934791565,5783,0.544315904378891,0.4976157009601593
5784,0.5000425934791565,5784,0.544315904378891,0.4976157009601593
5785,0.5000425934791565,5785,0.544315904378891,0.4976157009601593
5786,0.5000425934791565,5786,0.544315904378891,0.4976157009601593
5787,0.5000425934791565,5787,0.544315904378891,0.4976157009601593
5788,0.5000425934791565,5788,0.544315904378891,0.4976157009601593
5789,0.5000425934791565,5789,0.544315904378891,0.4976157009601593
5790,0.5000425934791565,5790,0.544315904378891,0.4976157009601593
5791,0.5000425934791565,5791,0.544315904378891,0.4976157009601593
5792,0.5000425934791565,5792,0.544315904378891,0.4976157009601593
5793,0.5000425934791565,5793,0.544315904378891,0.4976157009601593
5794,0.5000425934791565,5794,0.544315904378891,0.4976157009601593
5795,0.5000425934791565,5795,0.544315904378891,0.4976157009601593
5796,0.5000425934791565,5796,0.544315904378891,0.4976157009601593
5797,0.5000425934791565,5797,0.544315904378891,0.4976157009601593
5798,0.5000425934791565,5798,0.544315904378891,0.4976157009601593
5799,0.5000425934791565,5799,0.544315904378891,0.4976157009601593
5800,0.5000425934791565,5800,0.544315904378891,0.4976157009601593
5801,0.5000425934791565,5801,0.544315904378891,0.4976157009601593
5802,0.5000425934791565,5802,0.544315904378891,0.4976157009601593
5803,0.5000425934791565,5803,0.544315904378891,0.4976157009601593
5804,0.5000425934791565,5804,0.544315904378891,0.4976157009601593
5805,0.5000425934791565,5805,0.544315904378891,0.4976157009601593
5806,0.5000425934791565,5806,0.544315904378891,0.4976157009601593
5807,0.5000425934791565,5807,0.544315904378891,0.4976157009601593
5808,0.5000425934791565,5808,0.544315904378891,0.4976157009601593
5809,0.5000425934791565,5809,0.544315904378891,0.4976157009601593
5810,0.5000425934791565,5810,0.544315904378891,0.4976157009601593
5811,0.5000425934791565,5811,0.544315904378891,0.4976157009601593
5812,0.5000425934791565,5812,0.544315904378891,0.4976157009601593
5813,0.5000425934791565,5813,0.544315904378891,0.4976157009601593
5814,0.5000425934791565,5814,0.544315904378891,0.4976157009601593
5815,0.5000425934791565,5815,0.544315904378891,0.4976157009601593
5816,0.5000425934791565,5816,0.544315904378891,0.4976157009601593
5817,0.5000425934791565,5817,0.544315904378891,0.4976157009601593
5818,0.5000425934791565,5818,0.544315904378891,0.4976157009601593
5819,0.5000425934791565,5819,0.544315904378891,0.4976157009601593
5820,0.5000425934791565,5820,0.544315904378891,0.4976157009601593
5821,0.5000425934791565,5821,0.544315904378891,0.4976157009601593
5822,0.5000425934791565,5822,0.544315904378891,0.4976157009601593
5823,0.5000425934791565,5823,0.544315904378891,0.4976157009601593
5824,0.5000425934791565,5824,0.544315904378891,0.4976157009601593
5825,0.5000425934791565,5825,0.544315904378891,0.4976157009601593
5826,0.5000425934791565,5826,0.544315904378891,0.4976157009601593
5827,0.5000425934791565,5827,0.544315904378891,0.4976157009601593
5828,0.5000425934791565,5828,0.544315904378891,0.4976157009601593
5829,0.5000425934791565,5829,0.544315904378891,0.4976157009601593
5830,0.5000425934791565,5830,0.544315904378891,0.4976157009601593
5831,0.5000425934791565,5831,0.544315904378891,0.4976157009601593
5832,0.5000425934791565,5832,0.544315904378891,0.4976157009601593
5833,0.5000425934791565,5833,0.544315904378891,0.4976157009601593
5834,0.5000425934791565,5834,0.544315904378891,0.4976157009601593
5835,0.5000425934791565,5835,0.544315904378891,0.4976157009601593
5836,0.5000425934791565,5836,0.544315904378891,0.4976157009601593
5837,0.5000425934791565,5837,0.544315904378891,0.4976157009601593
5838,0.5000425934791565,5838,0.544315904378891,0.4976157009601593
5839,0.5000425934791565,5839,0.544315904378891,0.4976157009601593
5840,0.5000425934791565,5840,0.544315904378891,0.4976157009601593
5841,0.5000425934791565,5841,0.544315904378891,0.4976157009601593
5842,0.5000425934791565,5842,0.544315904378891,0.4976157009601593
5843,0.5000425934791565,5843,0.544315904378891,0.4976157009601593
5844,0.5000425934791565,5844,0.544315904378891,0.4976157009601593
5845,0.5000425934791565,5845,0.544315904378891,0.4976157009601593
5846,0.5000425934791565,5846,0.544315904378891,0.4976157009601593
5847,0.5000425934791565,5847,0.544315904378891,0.4976157009601593
5848,0.5000425934791565,5848,0.544315904378891,0.4976157009601593
5849,0.5000425934791565,5849,0.544315904378891,0.4976157009601593
5850,0.5000425934791565,5850,0.544315904378891,0.4976157009601593
5851,0.5000425934791565,5851,0.544315904378891,0.4976157009601593
5852,0.5000425934791565,5852,0.544315904378891,0.4976157009601593
5853,0.5000425934791565,5853,0.544315904378891,0.4976157009601593
5854,0.5000425934791565,5854,0.544315904378891,0.4976157009601593
5855,0.5000425934791565,5855,0.544315904378891,0.4976157009601593
5856,0.5000425934791565,5856,0.544315904378891,0.4976157009601593
5857,0.5000425934791565,5857,0.544315904378891,0.4976157009601593
5858,0.5000425934791565,5858,0.544315904378891,0.4976157009601593
5859,0.5000425934791565,5859,0.544315904378891,0.4976157009601593
5860,0.5000425934791565,5860,0.544315904378891,0.4976157009601593
5861,0.5000425934791565,5861,0.544315904378891,0.4976157009601593
5862,0.5000425934791565,5862,0.544315904378891,0.4976157009601593
5863,0.5000425934791565,5863,0.544315904378891,0.4976157009601593
5864,0.5000425934791565,5864,0.544315904378891,0.4976157009601593
5865,0.5000425934791565,5865,0.544315904378891,0.4976157009601593
5866,0.5000425934791565,5866,0.544315904378891,0.4976157009601593
5867,0.5000425934791565,5867,0.544315904378891,0.4976157009601593
5868,0.5000425934791565,5868,0.544315904378891,0.4976157009601593
5869,0.5000425934791565,5869,0.544315904378891,0.4976157009601593
5870,0.5000425934791565,5870,0.544315904378891,0.4976157009601593
5871,0.5000425934791565,5871,0.544315904378891,0.4976157009601593
5872,0.5000425934791565,5872,0.544315904378891,0.4976157009601593
5873,0.5000425934791565,5873,0.544315904378891,0.4976157009601593
5874,0.5000425934791565,5874,0.544315904378891,0.4976157009601593
5875,0.5000425934791565,5875,0.544315904378891,0.4976157009601593
5876,0.5000425934791565,5876,0.544315904378891,0.4976157009601593
5877,0.5000425934791565,5877,0.544315904378891,0.4976157009601593
5878,0.5000425934791565,5878,0.544315904378891,0.4976157009601593
5879,0.5000425934791565,5879,0.544315904378891,0.4976157009601593
5880,0.5000425934791565,5880,0.544315904378891,0.4976157009601593
5881,0.5000425934791565,5881,0.544315904378891,0.4976157009601593
5882,0.5000425934791565,5882,0.544315904378891,0.4976157009601593
5883,0.5000425934791565,5883,0.544315904378891,0.4976157009601593
5884,0.5000425934791565,5884,0.544315904378891,0.4976157009601593
5885,0.5000425934791565,5885,0.544315904378891,0.4976157009601593
5886,0.5000425934791565,5886,0.544315904378891,0.4976157009601593
5887,0.5000425934791565,5887,0.544315904378891,0.4976157009601593
5888,0.5000425934791565,5888,0.544315904378891,0.4976157009601593
5889,0.5000425934791565,5889,0.544315904378891,0.4976157009601593
5890,0.5000425934791565,5890,0.544315904378891,0.4976157009601593
5891,0.5000425934791565,5891,0.544315904378891,0.4976157009601593
5892,0.5000425934791565,5892,0.544315904378891,0.4976157009601593
5893,0.5000425934791565,5893,0.544315904378891,0.4976157009601593
5894,0.5000425934791565,5894,0.544315904378891,0.4976157009601593
5895,0.5000425934791565,5895,0.544315904378891,0.4976157009601593
5896,0.5000425934791565,5896,0.544315904378891,0.4976157009601593
5897,0.5000425934791565,5897,0.544315904378891,0.4976157009601593
5898,0.5000425934791565,5898,0.544315904378891,0.4976157009601593
5899,0.5000425934791565,5899,0.544315904378891,0.4976157009601593
5900,0.5000425934791565,5900,0.544315904378891,0.4976157009601593
5901,0.5000425934791565,5901,0.544315904378891,0.4976157009601593
5902,0.5000425934791565,5902,0.544315904378891,0.4976157009601593
5903,0.5000425934791565,5903,0.544315904378891,0.4976157009601593
5904,0.5000425934791565,5904,0.544315904378891,0.4976157009601593
5905,0.5000425934791565,5905,0.544315904378891,0.4976157009601593
5906,0.5000425934791565,5906,0.544315904378891,0.4976157009601593
5907,0.5000425934791565,5907,0.544315904378891,0.4976157009601593
5908,0.5000425934791565,5908,0.544315904378891,0.4976157009601593
5909,0.5000425934791565,5909,0.544315904378891,0.4976157009601593
5910,0.5000425934791565,5910,0.544315904378891,0.4976157009601593
5911,0.5000425934791565,5911,0.544315904378891,0.4976157009601593
5912,0.5000425934791565,5912,0.544315904378891,0.4976157009601593
5913,0.5000425934791565,5913,0.544315904378891,0.4976157009601593
5914,0.5000425934791565,5914,0.544315904378891,0.4976157009601593
5915,0.5000425934791565,5915,0.544315904378891,0.4976157009601593
5916,0.5000425934791565,5916,0.544315904378891,0.4976157009601593
5917,0.5000425934791565,5917,0.544315904378891,0.4976157009601593
5918,0.5000425934791565,5918,0.544315904378891,0.4976157009601593
5919,0.5000425934791565,5919,0.544315904378891,0.4976157009601593
5920,0.5000425934791565,5920,0.544315904378891,0.4976157009601593
5921,0.5000425934791565,5921,0.544315904378891,0.4976157009601593
5922,0.5000425934791565,5922,0.544315904378891,0.4976157009601593
5923,0.5000425934791565,5923,0.544315904378891,0.4976157009601593
5924,0.5000425934791565,5924,0.544315904378891,0.4976157009601593
5925,0.5000425934791565,5925,0.544315904378891,0.4976157009601593
5926,0.5000425934791565,5926,0.544315904378891,0.4976157009601593
5927,0.5000425934791565,5927,0.544315904378891,0.4976157009601593
5928,0.5000425934791565,5928,0.544315904378891,0.4976157009601593
5929,0.5000425934791565,5929,0.544315904378891,0.4976157009601593
5930,0.5000425934791565,5930,0.544315904378891,0.4976157009601593
5931,0.5000425934791565,5931,0.544315904378891,0.4976157009601593
5932,0.5000425934791565,5932,0.544315904378891,0.4976157009601593
5933,0.5000425934791565,5933,0.544315904378891,0.4976157009601593
5934,0.5000425934791565,5934,0.544315904378891,0.4976157009601593
5935,0.5000425934791565,5935,0.544315904378891,0.4976157009601593
5936,0.5000425934791565,5936,0.544315904378891,0.4976157009601593
5937,0.5000425934791565,5937,0.544315904378891,0.4976157009601593
5938,0.5000425934791565,5938,0.544315904378891,0.4976157009601593
5939,0.5000425934791565,5939,0.544315904378891,0.4976157009601593
5940,0.5000425934791565,5940,0.544315904378891,0.4976157009601593
5941,0.5000425934791565,5941,0.544315904378891,0.4976157009601593
5942,0.5000425934791565,5942,0.544315904378891,0.4976157009601593
5943,0.5000425934791565,5943,0.544315904378891,0.4976157009601593
5944,0.5000425934791565,5944,0.544315904378891,0.4976157009601593
5945,0.5000425934791565,5945,0.544315904378891,0.4976157009601593
5946,0.5000425934791565,5946,0.544315904378891,0.4976157009601593
5947,0.5000425934791565,5947,0.544315904378891,0.4976157009601593
5948,0.5000425934791565,5948,0.544315904378891,0.4976157009601593
5949,0.5000425934791565,5949,0.544315904378891,0.4976157009601593
5950,0.5000425934791565,5950,0.544315904378891,0.4976157009601593
5951,0.5000425934791565,5951,0.544315904378891,0.4976157009601593
5952,0.5000425934791565,5952,0.544315904378891,0.4976157009601593
5953,0.5000425934791565,5953,0.544315904378891,0.4976157009601593
5954,0.5000425934791565,5954,0.544315904378891,0.4976157009601593
5955,0.5000425934791565,5955,0.544315904378891,0.4976157009601593
5956,0.5000425934791565,5956,0.544315904378891,0.4976157009601593
5957,0.5000425934791565,5957,0.544315904378891,0.4976157009601593
5958,0.5000425934791565,5958,0.544315904378891,0.4976157009601593
5959,0.5000425934791565,5959,0.544315904378891,0.4976157009601593
5960,0.5000425934791565,5960,0.544315904378891,0.4976157009601593
5961,0.5000425934791565,5961,0.544315904378891,0.4976157009601593
5962,0.5000425934791565,5962,0.544315904378891,0.4976157009601593
5963,0.5000425934791565,5963,0.544315904378891,0.4976157009601593
5964,0.5000425934791565,5964,0.544315904378891,0.4976157009601593
5965,0.5000425934791565,5965,0.544315904378891,0.4976157009601593
5966,0.5000425934791565,5966,0.544315904378891,0.4976157009601593
5967,0.5000425934791565,5967,0.544315904378891,0.4976157009601593
5968,0.5000425934791565,5968,0.544315904378891,0.4976157009601593
5969,0.5000425934791565,5969,0.544315904378891,0.4976157009601593
5970,0.5000425934791565,5970,0.544315904378891,0.4976157009601593
5971,0.5000425934791565,5971,0.544315904378891,0.4976157009601593
5972,0.5000425934791565,5972,0.544315904378891,0.4976157009601593
5973,0.5000425934791565,5973,0.544315904378891,0.4976157009601593
5974,0.5000425934791565,5974,0.544315904378891,0.4976157009601593
5975,0.5000425934791565,5975,0.544315904378891,0.4976157009601593
5976,0.5000425934791565,5976,0.544315904378891,0.4976157009601593
5977,0.5000425934791565,5977,0.544315904378891,0.4976157009601593
5978,0.5000425934791565,5978,0.544315904378891,0.4976157009601593
5979,0.5000425934791565,5979,0.544315904378891,0.4976157009601593
5980,0.5000425934791565,5980,0.544315904378891,0.4976157009601593
5981,0.5000425934791565,5981,0.544315904378891,0.4976157009601593
5982,0.5000425934791565,5982,0.544315904378891,0.4976157009601593
5983,0.5000425934791565,5983,0.544315904378891,0.4976157009601593
5984,0.5000425934791565,5984,0.544315904378891,0.4976157009601593
5985,0.5000425934791565,5985,0.544315904378891,0.4976157009601593
5986,0.5000425934791565,5986,0.544315904378891,0.4976157009601593
5987,0.5000425934791565,5987,0.544315904378891,0.4976157009601593
5988,0.5000425934791565,5988,0.544315904378891,0.4976157009601593
5989,0.5000425934791565,5989,0.544315904378891,0.4976157009601593
5990,0.5000425934791565,5990,0.544315904378891,0.4976157009601593
5991,0.5000425934791565,5991,0.544315904378891,0.4976157009601593
5992,0.5000425934791565,5992,0.544315904378891,0.4976157009601593
5993,0.5000425934791565,5993,0.544315904378891,0.4976157009601593
5994,0.5000425934791565,5994,0.544315904378891,0.4976157009601593
5995,0.5000425934791565,5995,0.544315904378891,0.4976157009601593
5996,0.5000425934791565,5996,0.544315904378891,0.4976157009601593
5997,0.5000425934791565,5997,0.544315904378891,0.4976157009601593
5998,0.5000425934791565,5998,0.544315904378891,0.4976157009601593
5999,0.5000425934791565,5999,0.544315904378891,0.4976157009601593
6000,0.49987725019454954,6000,0.5443284332752227,0.4976034700870514
6001,0.49987725019454954,6001,0.5443284332752227,0.4976034700870514
6002,0.49987725019454954,6002,0.5443284332752227,0.4976034700870514
6003,0.49987725019454954,6003,0.5443284332752227,0.4976034700870514
6004,0.49987725019454954,6004,0.5443284332752227,0.4976034700870514
6005,0.49987725019454954,6005,0.5443284332752227,0.4976034700870514
6006,0.49987725019454954,6006,0.5443284332752227,0.4976034700870514
6007,0.49987725019454954,6007,0.5443284332752227,0.4976034700870514
6008,0.49987725019454954,6008,0.5443284332752227,0.4976034700870514
6009,0.49987725019454954,6009,0.5443284332752227,0.4976034700870514
6010,0.49987725019454954,6010,0.5443284332752227,0.4976034700870514
6011,0.49987725019454954,6011,0.5443284332752227,0.4976034700870514
6012,0.49987725019454954,6012,0.5443284332752227,0.4976034700870514
6013,0.49987725019454954,6013,0.5443284332752227,0.4976034700870514
6014,0.49987725019454954,6014,0.5443284332752227,0.4976034700870514
6015,0.49987725019454954,6015,0.5443284332752227,0.4976034700870514
6016,0.49987725019454954,6016,0.5443284332752227,0.4976034700870514
6017,0.49987725019454954,6017,0.5443284332752227,0.4976034700870514
6018,0.49987725019454954,6018,0.5443284332752227,0.4976034700870514
6019,0.49987725019454954,6019,0.5443284332752227,0.4976034700870514
6020,0.49987725019454954,6020,0.5443284332752227,0.4976034700870514
6021,0.49987725019454954,6021,0.5443284332752227,0.4976034700870514
6022,0.49987725019454954,6022,0.5443284332752227,0.4976034700870514
6023,0.49987725019454954,6023,0.5443284332752227,0.4976034700870514
6024,0.49987725019454954,6024,0.5443284332752227,0.4976034700870514
6025,0.49987725019454954,6025,0.5443284332752227,0.4976034700870514
6026,0.49987725019454954,6026,0.5443284332752227,0.4976034700870514
6027,0.49987725019454954,6027,0.5443284332752227,0.4976034700870514
6028,0.49987725019454954,6028,0.5443284332752227,0.4976034700870514
6029,0.49987725019454954,6029,0.5443284332752227,0.4976034700870514
6030,0.49987725019454954,6030,0.5443284332752227,0.4976034700870514
6031,0.49987725019454954,6031,0.5443284332752227,0.4976034700870514
6032,0.49987725019454954,6032,0.5443284332752227,0.4976034700870514
6033,0.49987725019454954,6033,0.5443284332752227,0.4976034700870514
6034,0.49987725019454954,6034,0.5443284332752227,0.4976034700870514
6035,0.49987725019454954,6035,0.5443284332752227,0.4976034700870514
6036,0.49987725019454954,6036,0.5443284332752227,0.4976034700870514
6037,0.49987725019454954,6037,0.5443284332752227,0.4976034700870514
6038,0.49987725019454954,6038,0.5443284332752227,0.4976034700870514
6039,0.49987725019454954,6039,0.5443284332752227,0.4976034700870514
6040,0.49987725019454954,6040,0.5443284332752227,0.4976034700870514
6041,0.49987725019454954,6041,0.5443284332752227,0.4976034700870514
6042,0.49987725019454954,6042,0.5443284332752227,0.4976034700870514
6043,0.49987725019454954,6043,0.5443284332752227,0.4976034700870514
6044,0.49987725019454954,6044,0.5443284332752227,0.4976034700870514
6045,0.49987725019454954,6045,0.5443284332752227,0.4976034700870514
6046,0.49987725019454954,6046,0.5443284332752227,0.4976034700870514
6047,0.49987725019454954,6047,0.5443284332752227,0.4976034700870514
6048,0.49987725019454954,6048,0.5443284332752227,0.4976034700870514
6049,0.49987725019454954,6049,0.5443284332752227,0.4976034700870514
6050,0.49987725019454954,6050,0.5443284332752227,0.4976034700870514
6051,0.49987725019454954,6051,0.5443284332752227,0.4976034700870514
6052,0.49987725019454954,6052,0.5443284332752227,0.4976034700870514
6053,0.49987725019454954,6053,0.5443284332752227,0.4976034700870514
6054,0.49987725019454954,6054,0.5443284332752227,0.4976034700870514
6055,0.49987725019454954,6055,0.5443284332752227,0.4976034700870514
6056,0.49987725019454954,6056,0.5443284332752227,0.4976034700870514
6057,0.49987725019454954,6057,0.5443284332752227,0.4976034700870514
6058,0.49987725019454954,6058,0.5443284332752227,0.4976034700870514
6059,0.49987725019454954,6059,0.5443284332752227,0.4976034700870514
6060,0.49987725019454954,6060,0.5443284332752227,0.4976034700870514
6061,0.49987725019454954,6061,0.5443284332752227,0.4976034700870514
6062,0.49987725019454954,6062,0.5443284332752227,0.4976034700870514
6063,0.49987725019454954,6063,0.5443284332752227,0.4976034700870514
6064,0.49987725019454954,6064,0.5443284332752227,0.4976034700870514
6065,0.49987725019454954,6065,0.5443284332752227,0.4976034700870514
6066,0.49987725019454954,6066,0.5443284332752227,0.4976034700870514
6067,0.49987725019454954,6067,0.5443284332752227,0.4976034700870514
6068,0.49987725019454954,6068,0.5443284332752227,0.4976034700870514
6069,0.49987725019454954,6069,0.5443284332752227,0.4976034700870514
6070,0.49987725019454954,6070,0.5443284332752227,0.4976034700870514
6071,0.49987725019454954,6071,0.5443284332752227,0.4976034700870514
6072,0.49987725019454954,6072,0.5443284332752227,0.4976034700870514
6073,0.49987725019454954,6073,0.5443284332752227,0.4976034700870514
6074,0.49987725019454954,6074,0.5443284332752227,0.4976034700870514
6075,0.49987725019454954,6075,0.5443284332752227,0.4976034700870514
6076,0.49987725019454954,6076,0.5443284332752227,0.4976034700870514
6077,0.49987725019454954,6077,0.5443284332752227,0.4976034700870514
6078,0.49987725019454954,6078,0.5443284332752227,0.4976034700870514
6079,0.49987725019454954,6079,0.5443284332752227,0.4976034700870514
6080,0.49987725019454954,6080,0.5443284332752227,0.4976034700870514
6081,0.49987725019454954,6081,0.5443284332752227,0.4976034700870514
6082,0.49987725019454954,6082,0.5443284332752227,0.4976034700870514
6083,0.49987725019454954,6083,0.5443284332752227,0.4976034700870514
6084,0.49987725019454954,6084,0.5443284332752227,0.4976034700870514
6085,0.49987725019454954,6085,0.5443284332752227,0.4976034700870514
6086,0.49987725019454954,6086,0.5443284332752227,0.4976034700870514
6087,0.49987725019454954,6087,0.5443284332752227,0.4976034700870514
6088,0.49987725019454954,6088,0.5443284332752227,0.4976034700870514
6089,0.49987725019454954,6089,0.5443284332752227,0.4976034700870514
6090,0.49987725019454954,6090,0.5443284332752227,0.4976034700870514
6091,0.49987725019454954,6091,0.5443284332752227,0.4976034700870514
6092,0.49987725019454954,6092,0.5443284332752227,0.4976034700870514
6093,0.49987725019454954,6093,0.5443284332752227,0.4976034700870514
6094,0.49987725019454954,6094,0.5443284332752227,0.4976034700870514
6095,0.49987725019454954,6095,0.5443284332752227,0.4976034700870514
6096,0.49987725019454954,6096,0.5443284332752227,0.4976034700870514
6097,0.49987725019454954,6097,0.5443284332752227,0.4976034700870514
6098,0.49987725019454954,6098,0.5443284332752227,0.4976034700870514
6099,0.49987725019454954,6099,0.5443284332752227,0.4976034700870514
6100,0.49987725019454954,6100,0.5443284332752227,0.4976034700870514
6101,0.49987725019454954,6101,0.5443284332752227,0.4976034700870514
6102,0.49987725019454954,6102,0.5443284332752227,0.4976034700870514
6103,0.49987725019454954,6103,0.5443284332752227,0.4976034700870514
6104,0.49987725019454954,6104,0.5443284332752227,0.4976034700870514
6105,0.49987725019454954,6105,0.5443284332752227,0.4976034700870514
6106,0.49987725019454954,6106,0.5443284332752227,0.4976034700870514
6107,0.49987725019454954,6107,0.5443284332752227,0.4976034700870514
6108,0.49987725019454954,6108,0.5443284332752227,0.4976034700870514
6109,0.49987725019454954,6109,0.5443284332752227,0.4976034700870514
6110,0.49987725019454954,6110,0.5443284332752227,0.4976034700870514
6111,0.49987725019454954,6111,0.5443284332752227,0.4976034700870514
6112,0.49987725019454954,6112,0.5443284332752227,0.4976034700870514
6113,0.49987725019454954,6113,0.5443284332752227,0.4976034700870514
6114,0.49987725019454954,6114,0.5443284332752227,0.4976034700870514
6115,0.49987725019454954,6115,0.5443284332752227,0.4976034700870514
6116,0.49987725019454954,6116,0.5443284332752227,0.4976034700870514
6117,0.49987725019454954,6117,0.5443284332752227,0.4976034700870514
6118,0.49987725019454954,6118,0.5443284332752227,0.4976034700870514
6119,0.49987725019454954,6119,0.5443284332752227,0.4976034700870514
6120,0.49987725019454954,6120,0.5443284332752227,0.4976034700870514
6121,0.49987725019454954,6121,0.5443284332752227,0.4976034700870514
6122,0.49987725019454954,6122,0.5443284332752227,0.4976034700870514
6123,0.49987725019454954,6123,0.5443284332752227,0.4976034700870514
6124,0.49987725019454954,6124,0.5443284332752227,0.4976034700870514
6125,0.49987725019454954,6125,0.5443284332752227,0.4976034700870514
6126,0.49987725019454954,6126,0.5443284332752227,0.4976034700870514
6127,0.49987725019454954,6127,0.5443284332752227,0.4976034700870514
6128,0.49987725019454954,6128,0.5443284332752227,0.4976034700870514
6129,0.49987725019454954,6129,0.5443284332752227,0.4976034700870514
6130,0.49987725019454954,6130,0.5443284332752227,0.4976034700870514
6131,0.49987725019454954,6131,0.5443284332752227,0.4976034700870514
6132,0.49987725019454954,6132,0.5443284332752227,0.4976034700870514
6133,0.49987725019454954,6133,0.5443284332752227,0.4976034700870514
6134,0.49987725019454954,6134,0.5443284332752227,0.4976034700870514
6135,0.49987725019454954,6135,0.5443284332752227,0.4976034700870514
6136,0.49987725019454954,6136,0.5443284332752227,0.4976034700870514
6137,0.49987725019454954,6137,0.5443284332752227,0.4976034700870514
6138,0.49987725019454954,6138,0.5443284332752227,0.4976034700870514
6139,0.49987725019454954,6139,0.5443284332752227,0.4976034700870514
6140,0.49987725019454954,6140,0.5443284332752227,0.4976034700870514
6141,0.49987725019454954,6141,0.5443284332752227,0.4976034700870514
6142,0.49987725019454954,6142,0.5443284332752227,0.4976034700870514
6143,0.49987725019454954,6143,0.5443284332752227,0.4976034700870514
6144,0.49987725019454954,6144,0.5443284332752227,0.4976034700870514
6145,0.49987725019454954,6145,0.5443284332752227,0.4976034700870514
6146,0.49987725019454954,6146,0.5443284332752227,0.4976034700870514
6147,0.49987725019454954,6147,0.5443284332752227,0.4976034700870514
6148,0.49987725019454954,6148,0.5443284332752227,0.4976034700870514
6149,0.49987725019454954,6149,0.5443284332752227,0.4976034700870514
6150,0.49987725019454954,6150,0.5443284332752227,0.4976034700870514
6151,0.49987725019454954,6151,0.5443284332752227,0.4976034700870514
6152,0.49987725019454954,6152,0.5443284332752227,0.4976034700870514
6153,0.49987725019454954,6153,0.5443284332752227,0.4976034700870514
6154,0.49987725019454954,6154,0.5443284332752227,0.4976034700870514
6155,0.49987725019454954,6155,0.5443284332752227,0.4976034700870514
6156,0.49987725019454954,6156,0.5443284332752227,0.4976034700870514
6157,0.49987725019454954,6157,0.5443284332752227,0.4976034700870514
6158,0.49987725019454954,6158,0.5443284332752227,0.4976034700870514
6159,0.49987725019454954,6159,0.5443284332752227,0.4976034700870514
6160,0.49987725019454954,6160,0.5443284332752227,0.4976034700870514
6161,0.49987725019454954,6161,0.5443284332752227,0.4976034700870514
6162,0.49987725019454954,6162,0.5443284332752227,0.4976034700870514
6163,0.49987725019454954,6163,0.5443284332752227,0.4976034700870514
6164,0.49987725019454954,6164,0.5443284332752227,0.4976034700870514
6165,0.49987725019454954,6165,0.5443284332752227,0.4976034700870514
6166,0.49987725019454954,6166,0.5443284332752227,0.4976034700870514
6167,0.49987725019454954,6167,0.5443284332752227,0.4976034700870514
6168,0.49987725019454954,6168,0.5443284332752227,0.4976034700870514
6169,0.49987725019454954,6169,0.5443284332752227,0.4976034700870514
6170,0.49987725019454954,6170,0.5443284332752227,0.4976034700870514
6171,0.49987725019454954,6171,0.5443284332752227,0.4976034700870514
6172,0.49987725019454954,6172,0.5443284332752227,0.4976034700870514
6173,0.49987725019454954,6173,0.5443284332752227,0.4976034700870514
6174,0.49987725019454954,6174,0.5443284332752227,0.4976034700870514
6175,0.49987725019454954,6175,0.5443284332752227,0.4976034700870514
6176,0.49987725019454954,6176,0.5443284332752227,0.4976034700870514
6177,0.49987725019454954,6177,0.5443284332752227,0.4976034700870514
6178,0.49987725019454954,6178,0.5443284332752227,0.4976034700870514
6179,0.49987725019454954,6179,0.5443284332752227,0.4976034700870514
6180,0.49987725019454954,6180,0.5443284332752227,0.4976034700870514
6181,0.49987725019454954,6181,0.5443284332752227,0.4976034700870514
6182,0.49987725019454954,6182,0.5443284332752227,0.4976034700870514
6183,0.49987725019454954,6183,0.5443284332752227,0.4976034700870514
6184,0.49987725019454954,6184,0.5443284332752227,0.4976034700870514
6185,0.49987725019454954,6185,0.5443284332752227,0.4976034700870514
6186,0.49987725019454954,6186,0.5443284332752227,0.4976034700870514
6187,0.49987725019454954,6187,0.5443284332752227,0.4976034700870514
6188,0.49987725019454954,6188,0.5443284332752227,0.4976034700870514
6189,0.49987725019454954,6189,0.5443284332752227,0.4976034700870514
6190,0.49987725019454954,6190,0.5443284332752227,0.4976034700870514
6191,0.49987725019454954,6191,0.5443284332752227,0.4976034700870514
6192,0.49987725019454954,6192,0.5443284332752227,0.4976034700870514
6193,0.49987725019454954,6193,0.5443284332752227,0.4976034700870514
6194,0.49987725019454954,6194,0.5443284332752227,0.4976034700870514
6195,0.49987725019454954,6195,0.5443284332752227,0.4976034700870514
6196,0.49987725019454954,6196,0.5443284332752227,0.4976034700870514
6197,0.49987725019454954,6197,0.5443284332752227,0.4976034700870514
6198,0.49987725019454954,6198,0.5443284332752227,0.4976034700870514
6199,0.49987725019454954,6199,0.5443284332752227,0.4976034700870514
6200,0.49987725019454954,6200,0.5443284332752227,0.4976034700870514
6201,0.49987725019454954,6201,0.5443284332752227,0.4976034700870514
6202,0.49987725019454954,6202,0.5443284332752227,0.4976034700870514
6203,0.49987725019454954,6203,0.5443284332752227,0.4976034700870514
6204,0.49987725019454954,6204,0.5443284332752227,0.4976034700870514
6205,0.49987725019454954,6205,0.5443284332752227,0.4976034700870514
6206,0.49987725019454954,6206,0.5443284332752227,0.4976034700870514
6207,0.49987725019454954,6207,0.5443284332752227,0.4976034700870514
6208,0.49987725019454954,6208,0.5443284332752227,0.4976034700870514
6209,0.49987725019454954,6209,0.5443284332752227,0.4976034700870514
6210,0.49987725019454954,6210,0.5443284332752227,0.4976034700870514
6211,0.49987725019454954,6211,0.5443284332752227,0.4976034700870514
6212,0.49987725019454954,6212,0.5443284332752227,0.4976034700870514
6213,0.49987725019454954,6213,0.5443284332752227,0.4976034700870514
6214,0.49987725019454954,6214,0.5443284332752227,0.4976034700870514
6215,0.49987725019454954,6215,0.5443284332752227,0.4976034700870514
6216,0.49987725019454954,6216,0.5443284332752227,0.4976034700870514
6217,0.49987725019454954,6217,0.5443284332752227,0.4976034700870514
6218,0.49987725019454954,6218,0.5443284332752227,0.4976034700870514
6219,0.49987725019454954,6219,0.5443284332752227,0.4976034700870514
6220,0.49987725019454954,6220,0.5443284332752227,0.4976034700870514
6221,0.49987725019454954,6221,0.5443284332752227,0.4976034700870514
6222,0.49987725019454954,6222,0.5443284332752227,0.4976034700870514
6223,0.49987725019454954,6223,0.5443284332752227,0.4976034700870514
6224,0.49987725019454954,6224,0.5443284332752227,0.4976034700870514
6225,0.49987725019454954,6225,0.5443284332752227,0.4976034700870514
6226,0.49987725019454954,6226,0.5443284332752227,0.4976034700870514
6227,0.49987725019454954,6227,0.5443284332752227,0.4976034700870514
6228,0.49987725019454954,6228,0.5443284332752227,0.4976034700870514
6229,0.49987725019454954,6229,0.5443284332752227,0.4976034700870514
6230,0.49987725019454954,6230,0.5443284332752227,0.4976034700870514
6231,0.49987725019454954,6231,0.5443284332752227,0.4976034700870514
6232,0.49987725019454954,6232,0.5443284332752227,0.4976034700870514
6233,0.49987725019454954,6233,0.5443284332752227,0.4976034700870514
6234,0.49987725019454954,6234,0.5443284332752227,0.4976034700870514
6235,0.49987725019454954,6235,0.5443284332752227,0.4976034700870514
6236,0.49987725019454954,6236,0.5443284332752227,0.4976034700870514
6237,0.49987725019454954,6237,0.5443284332752227,0.4976034700870514
6238,0.49987725019454954,6238,0.5443284332752227,0.4976034700870514
6239,0.49987725019454954,6239,0.5443284332752227,0.4976034700870514
6240,0.49987725019454954,6240,0.5443284332752227,0.4976034700870514
6241,0.49987725019454954,6241,0.5443284332752227,0.4976034700870514
6242,0.49987725019454954,6242,0.5443284332752227,0.4976034700870514
6243,0.49987725019454954,6243,0.5443284332752227,0.4976034700870514
6244,0.49987725019454954,6244,0.5443284332752227,0.4976034700870514
6245,0.49987725019454954,6245,0.5443284332752227,0.4976034700870514
6246,0.49987725019454954,6246,0.5443284332752227,0.4976034700870514
6247,0.49987725019454954,6247,0.5443284332752227,0.4976034700870514
6248,0.49987725019454954,6248,0.5443284332752227,0.4976034700870514
6249,0.49987725019454954,6249,0.5443284332752227,0.4976034700870514
6250,0.49986660182476045,6250,0.5443088471889496,0.49772209525108335
6251,0.49986660182476045,6251,0.5443088471889496,0.49772209525108335
6252,0.49986660182476045,6252,0.5443088471889496,0.49772209525108335
6253,0.49986660182476045,6253,0.5443088471889496,0.49772209525108335
6254,0.49986660182476045,6254,0.5443088471889496,0.49772209525108335
6255,0.49986660182476045,6255,0.5443088471889496,0.49772209525108335
6256,0.49986660182476045,6256,0.5443088471889496,0.49772209525108335
6257,0.49986660182476045,6257,0.5443088471889496,0.49772209525108335
6258,0.49986660182476045,6258,0.5443088471889496,0.49772209525108335
6259,0.49986660182476045,6259,0.5443088471889496,0.49772209525108335
6260,0.49986660182476045,6260,0.5443088471889496,0.49772209525108335
6261,0.49986660182476045,6261,0.5443088471889496,0.49772209525108335
6262,0.49986660182476045,6262,0.5443088471889496,0.49772209525108335
6263,0.49986660182476045,6263,0.5443088471889496,0.49772209525108335
6264,0.49986660182476045,6264,0.5443088471889496,0.49772209525108335
6265,0.49986660182476045,6265,0.5443088471889496,0.49772209525108335
6266,0.49986660182476045,6266,0.5443088471889496,0.49772209525108335
6267,0.49986660182476045,6267,0.5443088471889496,0.49772209525108335
6268,0.49986660182476045,6268,0.5443088471889496,0.49772209525108335
6269,0.49986660182476045,6269,0.5443088471889496,0.49772209525108335
6270,0.49986660182476045,6270,0.5443088471889496,0.49772209525108335
6271,0.49986660182476045,6271,0.5443088471889496,0.49772209525108335
6272,0.49986660182476045,6272,0.5443088471889496,0.49772209525108335
6273,0.49986660182476045,6273,0.5443088471889496,0.49772209525108335
6274,0.49986660182476045,6274,0.5443088471889496,0.49772209525108335
6275,0.49986660182476045,6275,0.5443088471889496,0.49772209525108335
6276,0.49986660182476045,6276,0.5443088471889496,0.49772209525108335
6277,0.49986660182476045,6277,0.5443088471889496,0.49772209525108335
6278,0.49986660182476045,6278,0.5443088471889496,0.49772209525108335
6279,0.49986660182476045,6279,0.5443088471889496,0.49772209525108335
6280,0.49986660182476045,6280,0.5443088471889496,0.49772209525108335
6281,0.49986660182476045,6281,0.5443088471889496,0.49772209525108335
6282,0.49986660182476045,6282,0.5443088471889496,0.49772209525108335
6283,0.49986660182476045,6283,0.5443088471889496,0.49772209525108335
6284,0.49986660182476045,6284,0.5443088471889496,0.49772209525108335
6285,0.49986660182476045,6285,0.5443088471889496,0.49772209525108335
6286,0.49986660182476045,6286,0.5443088471889496,0.49772209525108335
6287,0.49986660182476045,6287,0.5443088471889496,0.49772209525108335
6288,0.49986660182476045,6288,0.5443088471889496,0.49772209525108335
6289,0.49986660182476045,6289,0.5443088471889496,0.49772209525108335
6290,0.49986660182476045,6290,0.5443088471889496,0.49772209525108335
6291,0.49986660182476045,6291,0.5443088471889496,0.49772209525108335
6292,0.49986660182476045,6292,0.5443088471889496,0.49772209525108335
6293,0.49986660182476045,6293,0.5443088471889496,0.49772209525108335
6294,0.49986660182476045,6294,0.5443088471889496,0.49772209525108335
6295,0.49986660182476045,6295,0.5443088471889496,0.49772209525108335
6296,0.49986660182476045,6296,0.5443088471889496,0.49772209525108335
6297,0.49986660182476045,6297,0.5443088471889496,0.49772209525108335
6298,0.49986660182476045,6298,0.5443088471889496,0.49772209525108335
6299,0.49986660182476045,6299,0.5443088471889496,0.49772209525108335
6300,0.49986660182476045,6300,0.5443088471889496,0.49772209525108335
6301,0.49986660182476045,6301,0.5443088471889496,0.49772209525108335
6302,0.49986660182476045,6302,0.5443088471889496,0.49772209525108335
6303,0.49986660182476045,6303,0.5443088471889496,0.49772209525108335
6304,0.49986660182476045,6304,0.5443088471889496,0.49772209525108335
6305,0.49986660182476045,6305,0.5443088471889496,0.49772209525108335
6306,0.49986660182476045,6306,0.5443088471889496,0.49772209525108335
6307,0.49986660182476045,6307,0.5443088471889496,0.49772209525108335
6308,0.49986660182476045,6308,0.5443088471889496,0.49772209525108335
6309,0.49986660182476045,6309,0.5443088471889496,0.49772209525108335
6310,0.49986660182476045,6310,0.5443088471889496,0.49772209525108335
6311,0.49986660182476045,6311,0.5443088471889496,0.49772209525108335
6312,0.49986660182476045,6312,0.5443088471889496,0.49772209525108335
6313,0.49986660182476045,6313,0.5443088471889496,0.49772209525108335
6314,0.49986660182476045,6314,0.5443088471889496,0.49772209525108335
6315,0.49986660182476045,6315,0.5443088471889496,0.49772209525108335
6316,0.49986660182476045,6316,0.5443088471889496,0.49772209525108335
6317,0.49986660182476045,6317,0.5443088471889496,0.49772209525108335
6318,0.49986660182476045,6318,0.5443088471889496,0.49772209525108335
6319,0.49986660182476045,6319,0.5443088471889496,0.49772209525108335
6320,0.49986660182476045,6320,0.5443088471889496,0.49772209525108335
6321,0.49986660182476045,6321,0.5443088471889496,0.49772209525108335
6322,0.49986660182476045,6322,0.5443088471889496,0.49772209525108335
6323,0.49986660182476045,6323,0.5443088471889496,0.49772209525108335
6324,0.49986660182476045,6324,0.5443088471889496,0.49772209525108335
6325,0.49986660182476045,6325,0.5443088471889496,0.49772209525108335
6326,0.49986660182476045,6326,0.5443088471889496,0.49772209525108335
6327,0.49986660182476045,6327,0.5443088471889496,0.49772209525108335
6328,0.49986660182476045,6328,0.5443088471889496,0.49772209525108335
6329,0.49986660182476045,6329,0.5443088471889496,0.49772209525108335
6330,0.49986660182476045,6330,0.5443088471889496,0.49772209525108335
6331,0.49986660182476045,6331,0.5443088471889496,0.49772209525108335
6332,0.49986660182476045,6332,0.5443088471889496,0.49772209525108335
6333,0.49986660182476045,6333,0.5443088471889496,0.49772209525108335
6334,0.49986660182476045,6334,0.5443088471889496,0.49772209525108335
6335,0.49986660182476045,6335,0.5443088471889496,0.49772209525108335
6336,0.49986660182476045,6336,0.5443088471889496,0.49772209525108335
6337,0.49986660182476045,6337,0.5443088471889496,0.49772209525108335
6338,0.49986660182476045,6338,0.5443088471889496,0.49772209525108335
6339,0.49986660182476045,6339,0.5443088471889496,0.49772209525108335
6340,0.49986660182476045,6340,0.5443088471889496,0.49772209525108335
6341,0.49986660182476045,6341,0.5443088471889496,0.49772209525108335
6342,0.49986660182476045,6342,0.5443088471889496,0.49772209525108335
6343,0.49986660182476045,6343,0.5443088471889496,0.49772209525108335
6344,0.49986660182476045,6344,0.5443088471889496,0.49772209525108335
6345,0.49986660182476045,6345,0.5443088471889496,0.49772209525108335
6346,0.49986660182476045,6346,0.5443088471889496,0.49772209525108335
6347,0.49986660182476045,6347,0.5443088471889496,0.49772209525108335
6348,0.49986660182476045,6348,0.5443088471889496,0.49772209525108335
6349,0.49986660182476045,6349,0.5443088471889496,0.49772209525108335
6350,0.49986660182476045,6350,0.5443088471889496,0.49772209525108335
6351,0.49986660182476045,6351,0.5443088471889496,0.49772209525108335
6352,0.49986660182476045,6352,0.5443088471889496,0.49772209525108335
6353,0.49986660182476045,6353,0.5443088471889496,0.49772209525108335
6354,0.49986660182476045,6354,0.5443088471889496,0.49772209525108335
6355,0.49986660182476045,6355,0.5443088471889496,0.49772209525108335
6356,0.49986660182476045,6356,0.5443088471889496,0.49772209525108335
6357,0.49986660182476045,6357,0.5443088471889496,0.49772209525108335
6358,0.49986660182476045,6358,0.5443088471889496,0.49772209525108335
6359,0.49986660182476045,6359,0.5443088471889496,0.49772209525108335
6360,0.49986660182476045,6360,0.5443088471889496,0.49772209525108335
6361,0.49986660182476045,6361,0.5443088471889496,0.49772209525108335
6362,0.49986660182476045,6362,0.5443088471889496,0.49772209525108335
6363,0.49986660182476045,6363,0.5443088471889496,0.49772209525108335
6364,0.49986660182476045,6364,0.5443088471889496,0.49772209525108335
6365,0.49986660182476045,6365,0.5443088471889496,0.49772209525108335
6366,0.49986660182476045,6366,0.5443088471889496,0.49772209525108335
6367,0.49986660182476045,6367,0.5443088471889496,0.49772209525108335
6368,0.49986660182476045,6368,0.5443088471889496,0.49772209525108335
6369,0.49986660182476045,6369,0.5443088471889496,0.49772209525108335
6370,0.49986660182476045,6370,0.5443088471889496,0.49772209525108335
6371,0.49986660182476045,6371,0.5443088471889496,0.49772209525108335
6372,0.49986660182476045,6372,0.5443088471889496,0.49772209525108335
6373,0.49986660182476045,6373,0.5443088471889496,0.49772209525108335
6374,0.49986660182476045,6374,0.5443088471889496,0.49772209525108335
6375,0.49986660182476045,6375,0.5443088471889496,0.49772209525108335
6376,0.49986660182476045,6376,0.5443088471889496,0.49772209525108335
6377,0.49986660182476045,6377,0.5443088471889496,0.49772209525108335
6378,0.49986660182476045,6378,0.5443088471889496,0.49772209525108335
6379,0.49986660182476045,6379,0.5443088471889496,0.49772209525108335
6380,0.49986660182476045,6380,0.5443088471889496,0.49772209525108335
6381,0.49986660182476045,6381,0.5443088471889496,0.49772209525108335
6382,0.49986660182476045,6382,0.5443088471889496,0.49772209525108335
6383,0.49986660182476045,6383,0.5443088471889496,0.49772209525108335
6384,0.49986660182476045,6384,0.5443088471889496,0.49772209525108335
6385,0.49986660182476045,6385,0.5443088471889496,0.49772209525108335
6386,0.49986660182476045,6386,0.5443088471889496,0.49772209525108335
6387,0.49986660182476045,6387,0.5443088471889496,0.49772209525108335
6388,0.49986660182476045,6388,0.5443088471889496,0.49772209525108335
6389,0.49986660182476045,6389,0.5443088471889496,0.49772209525108335
6390,0.49986660182476045,6390,0.5443088471889496,0.49772209525108335
6391,0.49986660182476045,6391,0.5443088471889496,0.49772209525108335
6392,0.49986660182476045,6392,0.5443088471889496,0.49772209525108335
6393,0.49986660182476045,6393,0.5443088471889496,0.49772209525108335
6394,0.49986660182476045,6394,0.5443088471889496,0.49772209525108335
6395,0.49986660182476045,6395,0.5443088471889496,0.49772209525108335
6396,0.49986660182476045,6396,0.5443088471889496,0.49772209525108335
6397,0.49986660182476045,6397,0.5443088471889496,0.49772209525108335
6398,0.49986660182476045,6398,0.5443088471889496,0.49772209525108335
6399,0.49986660182476045,6399,0.5443088471889496,0.49772209525108335
6400,0.49986660182476045,6400,0.5443088471889496,0.49772209525108335
6401,0.49986660182476045,6401,0.5443088471889496,0.49772209525108335
6402,0.49986660182476045,6402,0.5443088471889496,0.49772209525108335
6403,0.49986660182476045,6403,0.5443088471889496,0.49772209525108335
6404,0.49986660182476045,6404,0.5443088471889496,0.49772209525108335
6405,0.49986660182476045,6405,0.5443088471889496,0.49772209525108335
6406,0.49986660182476045,6406,0.5443088471889496,0.49772209525108335
6407,0.49986660182476045,6407,0.5443088471889496,0.49772209525108335
6408,0.49986660182476045,6408,0.5443088471889496,0.49772209525108335
6409,0.49986660182476045,6409,0.5443088471889496,0.49772209525108335
6410,0.49986660182476045,6410,0.5443088471889496,0.49772209525108335
6411,0.49986660182476045,6411,0.5443088471889496,0.49772209525108335
6412,0.49986660182476045,6412,0.5443088471889496,0.49772209525108335
6413,0.49986660182476045,6413,0.5443088471889496,0.49772209525108335
6414,0.49986660182476045,6414,0.5443088471889496,0.49772209525108335
6415,0.49986660182476045,6415,0.5443088471889496,0.49772209525108335
6416,0.49986660182476045,6416,0.5443088471889496,0.49772209525108335
6417,0.49986660182476045,6417,0.5443088471889496,0.49772209525108335
6418,0.49986660182476045,6418,0.5443088471889496,0.49772209525108335
6419,0.49986660182476045,6419,0.5443088471889496,0.49772209525108335
6420,0.49986660182476045,6420,0.5443088471889496,0.49772209525108335
6421,0.49986660182476045,6421,0.5443088471889496,0.49772209525108335
6422,0.49986660182476045,6422,0.5443088471889496,0.49772209525108335
6423,0.49986660182476045,6423,0.5443088471889496,0.49772209525108335
6424,0.49986660182476045,6424,0.5443088471889496,0.49772209525108335
6425,0.49986660182476045,6425,0.5443088471889496,0.49772209525108335
6426,0.49986660182476045,6426,0.5443088471889496,0.49772209525108335
6427,0.49986660182476045,6427,0.5443088471889496,0.49772209525108335
6428,0.49986660182476045,6428,0.5443088471889496,0.49772209525108335
6429,0.49986660182476045,6429,0.5443088471889496,0.49772209525108335
6430,0.49986660182476045,6430,0.5443088471889496,0.49772209525108335
6431,0.49986660182476045,6431,0.5443088471889496,0.49772209525108335
6432,0.49986660182476045,6432,0.5443088471889496,0.49772209525108335
6433,0.49986660182476045,6433,0.5443088471889496,0.49772209525108335
6434,0.49986660182476045,6434,0.5443088471889496,0.49772209525108335
6435,0.49986660182476045,6435,0.5443088471889496,0.49772209525108335
6436,0.49986660182476045,6436,0.5443088471889496,0.49772209525108335
6437,0.49986660182476045,6437,0.5443088471889496,0.49772209525108335
6438,0.49986660182476045,6438,0.5443088471889496,0.49772209525108335
6439,0.49986660182476045,6439,0.5443088471889496,0.49772209525108335
6440,0.49986660182476045,6440,0.5443088471889496,0.49772209525108335
6441,0.49986660182476045,6441,0.5443088471889496,0.49772209525108335
6442,0.49986660182476045,6442,0.5443088471889496,0.49772209525108335
6443,0.49986660182476045,6443,0.5443088471889496,0.49772209525108335
6444,0.49986660182476045,6444,0.5443088471889496,0.49772209525108335
6445,0.49986660182476045,6445,0.5443088471889496,0.49772209525108335
6446,0.49986660182476045,6446,0.5443088471889496,0.49772209525108335
6447,0.49986660182476045,6447,0.5443088471889496,0.49772209525108335
6448,0.49986660182476045,6448,0.5443088471889496,0.49772209525108335
6449,0.49986660182476045,6449,0.5443088471889496,0.49772209525108335
6450,0.49986660182476045,6450,0.5443088471889496,0.49772209525108335
6451,0.49986660182476045,6451,0.5443088471889496,0.49772209525108335
6452,0.49986660182476045,6452,0.5443088471889496,0.49772209525108335
6453,0.49986660182476045,6453,0.5443088471889496,0.49772209525108335
6454,0.49986660182476045,6454,0.5443088471889496,0.49772209525108335
6455,0.49986660182476045,6455,0.5443088471889496,0.49772209525108335
6456,0.49986660182476045,6456,0.5443088471889496,0.49772209525108335
6457,0.49986660182476045,6457,0.5443088471889496,0.49772209525108335
6458,0.49986660182476045,6458,0.5443088471889496,0.49772209525108335
6459,0.49986660182476045,6459,0.5443088471889496,0.49772209525108335
6460,0.49986660182476045,6460,0.5443088471889496,0.49772209525108335
6461,0.49986660182476045,6461,0.5443088471889496,0.49772209525108335
6462,0.49986660182476045,6462,0.5443088471889496,0.49772209525108335
6463,0.49986660182476045,6463,0.5443088471889496,0.49772209525108335
6464,0.49986660182476045,6464,0.5443088471889496,0.49772209525108335
6465,0.49986660182476045,6465,0.5443088471889496,0.49772209525108335
6466,0.49986660182476045,6466,0.5443088471889496,0.49772209525108335
6467,0.49986660182476045,6467,0.5443088471889496,0.49772209525108335
6468,0.49986660182476045,6468,0.5443088471889496,0.49772209525108335
6469,0.49986660182476045,6469,0.5443088471889496,0.49772209525108335
6470,0.49986660182476045,6470,0.5443088471889496,0.49772209525108335
6471,0.49986660182476045,6471,0.5443088471889496,0.49772209525108335
6472,0.49986660182476045,6472,0.5443088471889496,0.49772209525108335
6473,0.49986660182476045,6473,0.5443088471889496,0.49772209525108335
6474,0.49986660182476045,6474,0.5443088471889496,0.49772209525108335
6475,0.49986660182476045,6475,0.5443088471889496,0.49772209525108335
6476,0.49986660182476045,6476,0.5443088471889496,0.49772209525108335
6477,0.49986660182476045,6477,0.5443088471889496,0.49772209525108335
6478,0.49986660182476045,6478,0.5443088471889496,0.49772209525108335
6479,0.49986660182476045,6479,0.5443088471889496,0.49772209525108335
6480,0.49986660182476045,6480,0.5443088471889496,0.49772209525108335
6481,0.49986660182476045,6481,0.5443088471889496,0.49772209525108335
6482,0.49986660182476045,6482,0.5443088471889496,0.49772209525108335
6483,0.49986660182476045,6483,0.5443088471889496,0.49772209525108335
6484,0.49986660182476045,6484,0.5443088471889496,0.49772209525108335
6485,0.49986660182476045,6485,0.5443088471889496,0.49772209525108335
6486,0.49986660182476045,6486,0.5443088471889496,0.49772209525108335
6487,0.49986660182476045,6487,0.5443088471889496,0.49772209525108335
6488,0.49986660182476045,6488,0.5443088471889496,0.49772209525108335
6489,0.49986660182476045,6489,0.5443088471889496,0.49772209525108335
6490,0.49986660182476045,6490,0.5443088471889496,0.49772209525108335
6491,0.49986660182476045,6491,0.5443088471889496,0.49772209525108335
6492,0.49986660182476045,6492,0.5443088471889496,0.49772209525108335
6493,0.49986660182476045,6493,0.5443088471889496,0.49772209525108335
6494,0.49986660182476045,6494,0.5443088471889496,0.49772209525108335
6495,0.49986660182476045,6495,0.5443088471889496,0.49772209525108335
6496,0.49986660182476045,6496,0.5443088471889496,0.49772209525108335
6497,0.49986660182476045,6497,0.5443088471889496,0.49772209525108335
6498,0.49986660182476045,6498,0.5443088471889496,0.49772209525108335
6499,0.49986660182476045,6499,0.5443088471889496,0.49772209525108335
6500,0.49998757243156433,6500,0.5444316089153289,0.49797984063625333
6501,0.49998757243156433,6501,0.5444316089153289,0.49797984063625333
6502,0.49998757243156433,6502,0.5444316089153289,0.49797984063625333
6503,0.49998757243156433,6503,0.5444316089153289,0.49797984063625333
6504,0.49998757243156433,6504,0.5444316089153289,0.49797984063625333
6505,0.49998757243156433,6505,0.5444316089153289,0.49797984063625333
6506,0.49998757243156433,6506,0.5444316089153289,0.49797984063625333
6507,0.49998757243156433,6507,0.5444316089153289,0.49797984063625333
6508,0.49998757243156433,6508,0.5444316089153289,0.49797984063625333
6509,0.49998757243156433,6509,0.5444316089153289,0.49797984063625333
6510,0.49998757243156433,6510,0.5444316089153289,0.49797984063625333
6511,0.49998757243156433,6511,0.5444316089153289,0.49797984063625333
6512,0.49998757243156433,6512,0.5444316089153289,0.49797984063625333
6513,0.49998757243156433,6513,0.5444316089153289,0.49797984063625333
6514,0.49998757243156433,6514,0.5444316089153289,0.49797984063625333
6515,0.49998757243156433,6515,0.5444316089153289,0.49797984063625333
6516,0.49998757243156433,6516,0.5444316089153289,0.49797984063625333
6517,0.49998757243156433,6517,0.5444316089153289,0.49797984063625333
6518,0.49998757243156433,6518,0.5444316089153289,0.49797984063625333
6519,0.49998757243156433,6519,0.5444316089153289,0.49797984063625333
6520,0.49998757243156433,6520,0.5444316089153289,0.49797984063625333
6521,0.49998757243156433,6521,0.5444316089153289,0.49797984063625333
6522,0.49998757243156433,6522,0.5444316089153289,0.49797984063625333
6523,0.49998757243156433,6523,0.5444316089153289,0.49797984063625333
6524,0.49998757243156433,6524,0.5444316089153289,0.49797984063625333
6525,0.49998757243156433,6525,0.5444316089153289,0.49797984063625333
6526,0.49998757243156433,6526,0.5444316089153289,0.49797984063625333
6527,0.49998757243156433,6527,0.5444316089153289,0.49797984063625333
6528,0.49998757243156433,6528,0.5444316089153289,0.49797984063625333
6529,0.49998757243156433,6529,0.5444316089153289,0.49797984063625333
6530,0.49998757243156433,6530,0.5444316089153289,0.49797984063625333
6531,0.49998757243156433,6531,0.5444316089153289,0.49797984063625333
6532,0.49998757243156433,6532,0.5444316089153289,0.49797984063625333
6533,0.49998757243156433,6533,0.5444316089153289,0.49797984063625333
6534,0.49998757243156433,6534,0.5444316089153289,0.49797984063625333
6535,0.49998757243156433,6535,0.5444316089153289,0.49797984063625333
6536,0.49998757243156433,6536,0.5444316089153289,0.49797984063625333
6537,0.49998757243156433,6537,0.5444316089153289,0.49797984063625333
6538,0.49998757243156433,6538,0.5444316089153289,0.49797984063625333
6539,0.49998757243156433,6539,0.5444316089153289,0.49797984063625333
6540,0.49998757243156433,6540,0.5444316089153289,0.49797984063625333
6541,0.49998757243156433,6541,0.5444316089153289,0.49797984063625333
6542,0.49998757243156433,6542,0.5444316089153289,0.49797984063625333
6543,0.49998757243156433,6543,0.5444316089153289,0.49797984063625333
6544,0.49998757243156433,6544,0.5444316089153289,0.49797984063625333
6545,0.49998757243156433,6545,0.5444316089153289,0.49797984063625333
6546,0.49998757243156433,6546,0.5444316089153289,0.49797984063625333
6547,0.49998757243156433,6547,0.5444316089153289,0.49797984063625333
6548,0.49998757243156433,6548,0.5444316089153289,0.49797984063625333
6549,0.49998757243156433,6549,0.5444316089153289,0.49797984063625333
6550,0.49998757243156433,6550,0.5444316089153289,0.49797984063625333
6551,0.49998757243156433,6551,0.5444316089153289,0.49797984063625333
6552,0.49998757243156433,6552,0.5444316089153289,0.49797984063625333
6553,0.49998757243156433,6553,0.5444316089153289,0.49797984063625333
6554,0.49998757243156433,6554,0.5444316089153289,0.49797984063625333
6555,0.49998757243156433,6555,0.5444316089153289,0.49797984063625333
6556,0.49998757243156433,6556,0.5444316089153289,0.49797984063625333
6557,0.49998757243156433,6557,0.5444316089153289,0.49797984063625333
6558,0.49998757243156433,6558,0.5444316089153289,0.49797984063625333
6559,0.49998757243156433,6559,0.5444316089153289,0.49797984063625333
6560,0.49998757243156433,6560,0.5444316089153289,0.49797984063625333
6561,0.49998757243156433,6561,0.5444316089153289,0.49797984063625333
6562,0.49998757243156433,6562,0.5444316089153289,0.49797984063625333
6563,0.49998757243156433,6563,0.5444316089153289,0.49797984063625333
6564,0.49998757243156433,6564,0.5444316089153289,0.49797984063625333
6565,0.49998757243156433,6565,0.5444316089153289,0.49797984063625333
6566,0.49998757243156433,6566,0.5444316089153289,0.49797984063625333
6567,0.49998757243156433,6567,0.5444316089153289,0.49797984063625333
6568,0.49998757243156433,6568,0.5444316089153289,0.49797984063625333
6569,0.49998757243156433,6569,0.5444316089153289,0.49797984063625333
6570,0.49998757243156433,6570,0.5444316089153289,0.49797984063625333
6571,0.49998757243156433,6571,0.5444316089153289,0.49797984063625333
6572,0.49998757243156433,6572,0.5444316089153289,0.49797984063625333
6573,0.49998757243156433,6573,0.5444316089153289,0.49797984063625333
6574,0.49998757243156433,6574,0.5444316089153289,0.49797984063625333
6575,0.49998757243156433,6575,0.5444316089153289,0.49797984063625333
6576,0.49998757243156433,6576,0.5444316089153289,0.49797984063625333
6577,0.49998757243156433,6577,0.5444316089153289,0.49797984063625333
6578,0.49998757243156433,6578,0.5444316089153289,0.49797984063625333
6579,0.49998757243156433,6579,0.5444316089153289,0.49797984063625333
6580,0.49998757243156433,6580,0.5444316089153289,0.49797984063625333
6581,0.49998757243156433,6581,0.5444316089153289,0.49797984063625333
6582,0.49998757243156433,6582,0.5444316089153289,0.49797984063625333
6583,0.49998757243156433,6583,0.5444316089153289,0.49797984063625333
6584,0.49998757243156433,6584,0.5444316089153289,0.49797984063625333
6585,0.49998757243156433,6585,0.5444316089153289,0.49797984063625333
6586,0.49998757243156433,6586,0.5444316089153289,0.49797984063625333
6587,0.49998757243156433,6587,0.5444316089153289,0.49797984063625333
6588,0.49998757243156433,6588,0.5444316089153289,0.49797984063625333
6589,0.49998757243156433,6589,0.5444316089153289,0.49797984063625333
6590,0.49998757243156433,6590,0.5444316089153289,0.49797984063625333
6591,0.49998757243156433,6591,0.5444316089153289,0.49797984063625333
6592,0.49998757243156433,6592,0.5444316089153289,0.49797984063625333
6593,0.49998757243156433,6593,0.5444316089153289,0.49797984063625333
6594,0.49998757243156433,6594,0.5444316089153289,0.49797984063625333
6595,0.49998757243156433,6595,0.5444316089153289,0.49797984063625333
6596,0.49998757243156433,6596,0.5444316089153289,0.49797984063625333
6597,0.49998757243156433,6597,0.5444316089153289,0.49797984063625333
6598,0.49998757243156433,6598,0.5444316089153289,0.49797984063625333
6599,0.49998757243156433,6599,0.5444316089153289,0.49797984063625333
6600,0.49998757243156433,6600,0.5444316089153289,0.49797984063625333
6601,0.49998757243156433,6601,0.5444316089153289,0.49797984063625333
6602,0.49998757243156433,6602,0.5444316089153289,0.49797984063625333
6603,0.49998757243156433,6603,0.5444316089153289,0.49797984063625333
6604,0.49998757243156433,6604,0.5444316089153289,0.49797984063625333
6605,0.49998757243156433,6605,0.5444316089153289,0.49797984063625333
6606,0.49998757243156433,6606,0.5444316089153289,0.49797984063625333
6607,0.49998757243156433,6607,0.5444316089153289,0.49797984063625333
6608,0.49998757243156433,6608,0.5444316089153289,0.49797984063625333
6609,0.49998757243156433,6609,0.5444316089153289,0.49797984063625333
6610,0.49998757243156433,6610,0.5444316089153289,0.49797984063625333
6611,0.49998757243156433,6611,0.5444316089153289,0.49797984063625333
6612,0.49998757243156433,6612,0.5444316089153289,0.49797984063625333
6613,0.49998757243156433,6613,0.5444316089153289,0.49797984063625333
6614,0.49998757243156433,6614,0.5444316089153289,0.49797984063625333
6615,0.49998757243156433,6615,0.5444316089153289,0.49797984063625333
6616,0.49998757243156433,6616,0.5444316089153289,0.49797984063625333
6617,0.49998757243156433,6617,0.5444316089153289,0.49797984063625333
6618,0.49998757243156433,6618,0.5444316089153289,0.49797984063625333
6619,0.49998757243156433,6619,0.5444316089153289,0.49797984063625333
6620,0.49998757243156433,6620,0.5444316089153289,0.49797984063625333
6621,0.49998757243156433,6621,0.5444316089153289,0.49797984063625333
6622,0.49998757243156433,6622,0.5444316089153289,0.49797984063625333
6623,0.49998757243156433,6623,0.5444316089153289,0.49797984063625333
6624,0.49998757243156433,6624,0.5444316089153289,0.49797984063625333
6625,0.49998757243156433,6625,0.5444316089153289,0.49797984063625333
6626,0.49998757243156433,6626,0.5444316089153289,0.49797984063625333
6627,0.49998757243156433,6627,0.5444316089153289,0.49797984063625333
6628,0.49998757243156433,6628,0.5444316089153289,0.49797984063625333
6629,0.49998757243156433,6629,0.5444316089153289,0.49797984063625333
6630,0.49998757243156433,6630,0.5444316089153289,0.49797984063625333
6631,0.49998757243156433,6631,0.5444316089153289,0.49797984063625333
6632,0.49998757243156433,6632,0.5444316089153289,0.49797984063625333
6633,0.49998757243156433,6633,0.5444316089153289,0.49797984063625333
6634,0.49998757243156433,6634,0.5444316089153289,0.49797984063625333
6635,0.49998757243156433,6635,0.5444316089153289,0.49797984063625333
6636,0.49998757243156433,6636,0.5444316089153289,0.49797984063625333
6637,0.49998757243156433,6637,0.5444316089153289,0.49797984063625333
6638,0.49998757243156433,6638,0.5444316089153289,0.49797984063625333
6639,0.49998757243156433,6639,0.5444316089153289,0.49797984063625333
6640,0.49998757243156433,6640,0.5444316089153289,0.49797984063625333
6641,0.49998757243156433,6641,0.5444316089153289,0.49797984063625333
6642,0.49998757243156433,6642,0.5444316089153289,0.49797984063625333
6643,0.49998757243156433,6643,0.5444316089153289,0.49797984063625333
6644,0.49998757243156433,6644,0.5444316089153289,0.49797984063625333
6645,0.49998757243156433,6645,0.5444316089153289,0.49797984063625333
6646,0.49998757243156433,6646,0.5444316089153289,0.49797984063625333
6647,0.49998757243156433,6647,0.5444316089153289,0.49797984063625333
6648,0.49998757243156433,6648,0.5444316089153289,0.49797984063625333
6649,0.49998757243156433,6649,0.5444316089153289,0.49797984063625333
6650,0.49998757243156433,6650,0.5444316089153289,0.49797984063625333
6651,0.49998757243156433,6651,0.5444316089153289,0.49797984063625333
6652,0.49998757243156433,6652,0.5444316089153289,0.49797984063625333
6653,0.49998757243156433,6653,0.5444316089153289,0.49797984063625333
6654,0.49998757243156433,6654,0.5444316089153289,0.49797984063625333
6655,0.49998757243156433,6655,0.5444316089153289,0.49797984063625333
6656,0.49998757243156433,6656,0.5444316089153289,0.49797984063625333
6657,0.49998757243156433,6657,0.5444316089153289,0.49797984063625333
6658,0.49998757243156433,6658,0.5444316089153289,0.49797984063625333
6659,0.49998757243156433,6659,0.5444316089153289,0.49797984063625333
6660,0.49998757243156433,6660,0.5444316089153289,0.49797984063625333
6661,0.49998757243156433,6661,0.5444316089153289,0.49797984063625333
6662,0.49998757243156433,6662,0.5444316089153289,0.49797984063625333
6663,0.49998757243156433,6663,0.5444316089153289,0.49797984063625333
6664,0.49998757243156433,6664,0.5444316089153289,0.49797984063625333
6665,0.49998757243156433,6665,0.5444316089153289,0.49797984063625333
6666,0.49998757243156433,6666,0.5444316089153289,0.49797984063625333
6667,0.49998757243156433,6667,0.5444316089153289,0.49797984063625333
6668,0.49998757243156433,6668,0.5444316089153289,0.49797984063625333
6669,0.49998757243156433,6669,0.5444316089153289,0.49797984063625333
6670,0.49998757243156433,6670,0.5444316089153289,0.49797984063625333
6671,0.49998757243156433,6671,0.5444316089153289,0.49797984063625333
6672,0.49998757243156433,6672,0.5444316089153289,0.49797984063625333
6673,0.49998757243156433,6673,0.5444316089153289,0.49797984063625333
6674,0.49998757243156433,6674,0.5444316089153289,0.49797984063625333
6675,0.49998757243156433,6675,0.5444316089153289,0.49797984063625333
6676,0.49998757243156433,6676,0.5444316089153289,0.49797984063625333
6677,0.49998757243156433,6677,0.5444316089153289,0.49797984063625333
6678,0.49998757243156433,6678,0.5444316089153289,0.49797984063625333
6679,0.49998757243156433,6679,0.5444316089153289,0.49797984063625333
6680,0.49998757243156433,6680,0.5444316089153289,0.49797984063625333
6681,0.49998757243156433,6681,0.5444316089153289,0.49797984063625333
6682,0.49998757243156433,6682,0.5444316089153289,0.49797984063625333
6683,0.49998757243156433,6683,0.5444316089153289,0.49797984063625333
6684,0.49998757243156433,6684,0.5444316089153289,0.49797984063625333
6685,0.49998757243156433,6685,0.5444316089153289,0.49797984063625333
6686,0.49998757243156433,6686,0.5444316089153289,0.49797984063625333
6687,0.49998757243156433,6687,0.5444316089153289,0.49797984063625333
6688,0.49998757243156433,6688,0.5444316089153289,0.49797984063625333
6689,0.49998757243156433,6689,0.5444316089153289,0.49797984063625333
6690,0.49998757243156433,6690,0.5444316089153289,0.49797984063625333
6691,0.49998757243156433,6691,0.5444316089153289,0.49797984063625333
6692,0.49998757243156433,6692,0.5444316089153289,0.49797984063625333
6693,0.49998757243156433,6693,0.5444316089153289,0.49797984063625333
6694,0.49998757243156433,6694,0.5444316089153289,0.49797984063625333
6695,0.49998757243156433,6695,0.5444316089153289,0.49797984063625333
6696,0.49998757243156433,6696,0.5444316089153289,0.49797984063625333
6697,0.49998757243156433,6697,0.5444316089153289,0.49797984063625333
6698,0.49998757243156433,6698,0.5444316089153289,0.49797984063625333
6699,0.49998757243156433,6699,0.5444316089153289,0.49797984063625333
6700,0.49998757243156433,6700,0.5444316089153289,0.49797984063625333
6701,0.49998757243156433,6701,0.5444316089153289,0.49797984063625333
6702,0.49998757243156433,6702,0.5444316089153289,0.49797984063625333
6703,0.49998757243156433,6703,0.5444316089153289,0.49797984063625333
6704,0.49998757243156433,6704,0.5444316089153289,0.49797984063625333
6705,0.49998757243156433,6705,0.5444316089153289,0.49797984063625333
6706,0.49998757243156433,6706,0.5444316089153289,0.49797984063625333
6707,0.49998757243156433,6707,0.5444316089153289,0.49797984063625333
6708,0.49998757243156433,6708,0.5444316089153289,0.49797984063625333
6709,0.49998757243156433,6709,0.5444316089153289,0.49797984063625333
6710,0.49998757243156433,6710,0.5444316089153289,0.49797984063625333
6711,0.49998757243156433,6711,0.5444316089153289,0.49797984063625333
6712,0.49998757243156433,6712,0.5444316089153289,0.49797984063625333
6713,0.49998757243156433,6713,0.5444316089153289,0.49797984063625333
6714,0.49998757243156433,6714,0.5444316089153289,0.49797984063625333
6715,0.49998757243156433,6715,0.5444316089153289,0.49797984063625333
6716,0.49998757243156433,6716,0.5444316089153289,0.49797984063625333
6717,0.49998757243156433,6717,0.5444316089153289,0.49797984063625333
6718,0.49998757243156433,6718,0.5444316089153289,0.49797984063625333
6719,0.49998757243156433,6719,0.5444316089153289,0.49797984063625333
6720,0.49998757243156433,6720,0.5444316089153289,0.49797984063625333
6721,0.49998757243156433,6721,0.5444316089153289,0.49797984063625333
6722,0.49998757243156433,6722,0.5444316089153289,0.49797984063625333
6723,0.49998757243156433,6723,0.5444316089153289,0.49797984063625333
6724,0.49998757243156433,6724,0.5444316089153289,0.49797984063625333
6725,0.49998757243156433,6725,0.5444316089153289,0.49797984063625333
6726,0.49998757243156433,6726,0.5444316089153289,0.49797984063625333
6727,0.49998757243156433,6727,0.5444316089153289,0.49797984063625333
6728,0.49998757243156433,6728,0.5444316089153289,0.49797984063625333
6729,0.49998757243156433,6729,0.5444316089153289,0.49797984063625333
6730,0.49998757243156433,6730,0.5444316089153289,0.49797984063625333
6731,0.49998757243156433,6731,0.5444316089153289,0.49797984063625333
6732,0.49998757243156433,6732,0.5444316089153289,0.49797984063625333
6733,0.49998757243156433,6733,0.5444316089153289,0.49797984063625333
6734,0.49998757243156433,6734,0.5444316089153289,0.49797984063625333
6735,0.49998757243156433,6735,0.5444316089153289,0.49797984063625333
6736,0.49998757243156433,6736,0.5444316089153289,0.49797984063625333
6737,0.49998757243156433,6737,0.5444316089153289,0.49797984063625333
6738,0.49998757243156433,6738,0.5444316089153289,0.49797984063625333
6739,0.49998757243156433,6739,0.5444316089153289,0.49797984063625333
6740,0.49998757243156433,6740,0.5444316089153289,0.49797984063625333
6741,0.49998757243156433,6741,0.5444316089153289,0.49797984063625333
6742,0.49998757243156433,6742,0.5444316089153289,0.49797984063625333
6743,0.49998757243156433,6743,0.5444316089153289,0.49797984063625333
6744,0.49998757243156433,6744,0.5444316089153289,0.49797984063625333
6745,0.49998757243156433,6745,0.5444316089153289,0.49797984063625333
6746,0.49998757243156433,6746,0.5444316089153289,0.49797984063625333
6747,0.49998757243156433,6747,0.5444316089153289,0.49797984063625333
6748,0.49998757243156433,6748,0.5444316089153289,0.49797984063625333
6749,0.49998757243156433,6749,0.5444316089153289,0.49797984063625333
6750,0.49996526837348937,6750,0.5443012177944183,0.4974973052740097
6751,0.49996526837348937,6751,0.5443012177944183,0.4974973052740097
6752,0.49996526837348937,6752,0.5443012177944183,0.4974973052740097
6753,0.49996526837348937,6753,0.5443012177944183,0.4974973052740097
6754,0.49996526837348937,6754,0.5443012177944183,0.4974973052740097
6755,0.49996526837348937,6755,0.5443012177944183,0.4974973052740097
6756,0.49996526837348937,6756,0.5443012177944183,0.4974973052740097
6757,0.49996526837348937,6757,0.5443012177944183,0.4974973052740097
6758,0.49996526837348937,6758,0.5443012177944183,0.4974973052740097
6759,0.49996526837348937,6759,0.5443012177944183,0.4974973052740097
6760,0.49996526837348937,6760,0.5443012177944183,0.4974973052740097
6761,0.49996526837348937,6761,0.5443012177944183,0.4974973052740097
6762,0.49996526837348937,6762,0.5443012177944183,0.4974973052740097
6763,0.49996526837348937,6763,0.5443012177944183,0.4974973052740097
6764,0.49996526837348937,6764,0.5443012177944183,0.4974973052740097
6765,0.49996526837348937,6765,0.5443012177944183,0.4974973052740097
6766,0.49996526837348937,6766,0.5443012177944183,0.4974973052740097
6767,0.49996526837348937,6767,0.5443012177944183,0.4974973052740097
6768,0.49996526837348937,6768,0.5443012177944183,0.4974973052740097
6769,0.49996526837348937,6769,0.5443012177944183,0.4974973052740097
6770,0.49996526837348937,6770,0.5443012177944183,0.4974973052740097
6771,0.49996526837348937,6771,0.5443012177944183,0.4974973052740097
6772,0.49996526837348937,6772,0.5443012177944183,0.4974973052740097
6773,0.49996526837348937,6773,0.5443012177944183,0.4974973052740097
6774,0.49996526837348937,6774,0.5443012177944183,0.4974973052740097
6775,0.49996526837348937,6775,0.5443012177944183,0.4974973052740097
6776,0.49996526837348937,6776,0.5443012177944183,0.4974973052740097
6777,0.49996526837348937,6777,0.5443012177944183,0.4974973052740097
6778,0.49996526837348937,6778,0.5443012177944183,0.4974973052740097
6779,0.49996526837348937,6779,0.5443012177944183,0.4974973052740097
6780,0.49996526837348937,6780,0.5443012177944183,0.4974973052740097
6781,0.49996526837348937,6781,0.5443012177944183,0.4974973052740097
6782,0.49996526837348937,6782,0.5443012177944183,0.4974973052740097
6783,0.49996526837348937,6783,0.5443012177944183,0.4974973052740097
6784,0.49996526837348937,6784,0.5443012177944183,0.4974973052740097
6785,0.49996526837348937,6785,0.5443012177944183,0.4974973052740097
6786,0.49996526837348937,6786,0.5443012177944183,0.4974973052740097
6787,0.49996526837348937,6787,0.5443012177944183,0.4974973052740097
6788,0.49996526837348937,6788,0.5443012177944183,0.4974973052740097
6789,0.49996526837348937,6789,0.5443012177944183,0.4974973052740097
6790,0.49996526837348937,6790,0.5443012177944183,0.4974973052740097
6791,0.49996526837348937,6791,0.5443012177944183,0.4974973052740097
6792,0.49996526837348937,6792,0.5443012177944183,0.4974973052740097
6793,0.49996526837348937,6793,0.5443012177944183,0.4974973052740097
6794,0.49996526837348937,6794,0.5443012177944183,0.4974973052740097
6795,0.49996526837348937,6795,0.5443012177944183,0.4974973052740097
6796,0.49996526837348937,6796,0.5443012177944183,0.4974973052740097
6797,0.49996526837348937,6797,0.5443012177944183,0.4974973052740097
6798,0.49996526837348937,6798,0.5443012177944183,0.4974973052740097
6799,0.49996526837348937,6799,0.5443012177944183,0.4974973052740097
6800,0.49996526837348937,6800,0.5443012177944183,0.4974973052740097
6801,0.49996526837348937,6801,0.5443012177944183,0.4974973052740097
6802,0.49996526837348937,6802,0.5443012177944183,0.4974973052740097
6803,0.49996526837348937,6803,0.5443012177944183,0.4974973052740097
6804,0.49996526837348937,6804,0.5443012177944183,0.4974973052740097
6805,0.49996526837348937,6805,0.5443012177944183,0.4974973052740097
6806,0.49996526837348937,6806,0.5443012177944183,0.4974973052740097
6807,0.49996526837348937,6807,0.5443012177944183,0.4974973052740097
6808,0.49996526837348937,6808,0.5443012177944183,0.4974973052740097
6809,0.49996526837348937,6809,0.5443012177944183,0.4974973052740097
6810,0.49996526837348937,6810,0.5443012177944183,0.4974973052740097
6811,0.49996526837348937,6811,0.5443012177944183,0.4974973052740097
6812,0.49996526837348937,6812,0.5443012177944183,0.4974973052740097
6813,0.49996526837348937,6813,0.5443012177944183,0.4974973052740097
6814,0.49996526837348937,6814,0.5443012177944183,0.4974973052740097
6815,0.49996526837348937,6815,0.5443012177944183,0.4974973052740097
6816,0.49996526837348937,6816,0.5443012177944183,0.4974973052740097
6817,0.49996526837348937,6817,0.5443012177944183,0.4974973052740097
6818,0.49996526837348937,6818,0.5443012177944183,0.4974973052740097
6819,0.49996526837348937,6819,0.5443012177944183,0.4974973052740097
6820,0.49996526837348937,6820,0.5443012177944183,0.4974973052740097
6821,0.49996526837348937,6821,0.5443012177944183,0.4974973052740097
6822,0.49996526837348937,6822,0.5443012177944183,0.4974973052740097
6823,0.49996526837348937,6823,0.5443012177944183,0.4974973052740097
6824,0.49996526837348937,6824,0.5443012177944183,0.4974973052740097
6825,0.49996526837348937,6825,0.5443012177944183,0.4974973052740097
6826,0.49996526837348937,6826,0.5443012177944183,0.4974973052740097
6827,0.49996526837348937,6827,0.5443012177944183,0.4974973052740097
6828,0.49996526837348937,6828,0.5443012177944183,0.4974973052740097
6829,0.49996526837348937,6829,0.5443012177944183,0.4974973052740097
6830,0.49996526837348937,6830,0.5443012177944183,0.4974973052740097
6831,0.49996526837348937,6831,0.5443012177944183,0.4974973052740097
6832,0.49996526837348937,6832,0.5443012177944183,0.4974973052740097
6833,0.49996526837348937,6833,0.5443012177944183,0.4974973052740097
6834,0.49996526837348937,6834,0.5443012177944183,0.4974973052740097
6835,0.49996526837348937,6835,0.5443012177944183,0.4974973052740097
6836,0.49996526837348937,6836,0.5443012177944183,0.4974973052740097
6837,0.49996526837348937,6837,0.5443012177944183,0.4974973052740097
6838,0.49996526837348937,6838,0.5443012177944183,0.4974973052740097
6839,0.49996526837348937,6839,0.5443012177944183,0.4974973052740097
6840,0.49996526837348937,6840,0.5443012177944183,0.4974973052740097
6841,0.49996526837348937,6841,0.5443012177944183,0.4974973052740097
6842,0.49996526837348937,6842,0.5443012177944183,0.4974973052740097
6843,0.49996526837348937,6843,0.5443012177944183,0.4974973052740097
6844,0.49996526837348937,6844,0.5443012177944183,0.4974973052740097
6845,0.49996526837348937,6845,0.5443012177944183,0.4974973052740097
6846,0.49996526837348937,6846,0.5443012177944183,0.4974973052740097
6847,0.49996526837348937,6847,0.5443012177944183,0.4974973052740097
6848,0.49996526837348937,6848,0.5443012177944183,0.4974973052740097
6849,0.49996526837348937,6849,0.5443012177944183,0.4974973052740097
6850,0.49996526837348937,6850,0.5443012177944183,0.4974973052740097
6851,0.49996526837348937,6851,0.5443012177944183,0.4974973052740097
6852,0.49996526837348937,6852,0.5443012177944183,0.4974973052740097
6853,0.49996526837348937,6853,0.5443012177944183,0.4974973052740097
6854,0.49996526837348937,6854,0.5443012177944183,0.4974973052740097
6855,0.49996526837348937,6855,0.5443012177944183,0.4974973052740097
6856,0.49996526837348937,6856,0.5443012177944183,0.4974973052740097
6857,0.49996526837348937,6857,0.5443012177944183,0.4974973052740097
6858,0.49996526837348937,6858,0.5443012177944183,0.4974973052740097
6859,0.49996526837348937,6859,0.5443012177944183,0.4974973052740097
6860,0.49996526837348937,6860,0.5443012177944183,0.4974973052740097
6861,0.49996526837348937,6861,0.5443012177944183,0.4974973052740097
6862,0.49996526837348937,6862,0.5443012177944183,0.4974973052740097
6863,0.49996526837348937,6863,0.5443012177944183,0.4974973052740097
6864,0.49996526837348937,6864,0.5443012177944183,0.4974973052740097
6865,0.49996526837348937,6865,0.5443012177944183,0.4974973052740097
6866,0.49996526837348937,6866,0.5443012177944183,0.4974973052740097
6867,0.49996526837348937,6867,0.5443012177944183,0.4974973052740097
6868,0.49996526837348937,6868,0.5443012177944183,0.4974973052740097
6869,0.49996526837348937,6869,0.5443012177944183,0.4974973052740097
6870,0.49996526837348937,6870,0.5443012177944183,0.4974973052740097
6871,0.49996526837348937,6871,0.5443012177944183,0.4974973052740097
6872,0.49996526837348937,6872,0.5443012177944183,0.4974973052740097
6873,0.49996526837348937,6873,0.5443012177944183,0.4974973052740097
6874,0.49996526837348937,6874,0.5443012177944183,0.4974973052740097
6875,0.49996526837348937,6875,0.5443012177944183,0.4974973052740097
6876,0.49996526837348937,6876,0.5443012177944183,0.4974973052740097
6877,0.49996526837348937,6877,0.5443012177944183,0.4974973052740097
6878,0.49996526837348937,6878,0.5443012177944183,0.4974973052740097
6879,0.49996526837348937,6879,0.5443012177944183,0.4974973052740097
6880,0.49996526837348937,6880,0.5443012177944183,0.4974973052740097
6881,0.49996526837348937,6881,0.5443012177944183,0.4974973052740097
6882,0.49996526837348937,6882,0.5443012177944183,0.4974973052740097
6883,0.49996526837348937,6883,0.5443012177944183,0.4974973052740097
6884,0.49996526837348937,6884,0.5443012177944183,0.4974973052740097
6885,0.49996526837348937,6885,0.5443012177944183,0.4974973052740097
6886,0.49996526837348937,6886,0.5443012177944183,0.4974973052740097
6887,0.49996526837348937,6887,0.5443012177944183,0.4974973052740097
6888,0.49996526837348937,6888,0.5443012177944183,0.4974973052740097
6889,0.49996526837348937,6889,0.5443012177944183,0.4974973052740097
6890,0.49996526837348937,6890,0.5443012177944183,0.4974973052740097
6891,0.49996526837348937,6891,0.5443012177944183,0.4974973052740097
6892,0.49996526837348937,6892,0.5443012177944183,0.4974973052740097
6893,0.49996526837348937,6893,0.5443012177944183,0.4974973052740097
6894,0.49996526837348937,6894,0.5443012177944183,0.4974973052740097
6895,0.49996526837348937,6895,0.5443012177944183,0.4974973052740097
6896,0.49996526837348937,6896,0.5443012177944183,0.4974973052740097
6897,0.49996526837348937,6897,0.5443012177944183,0.4974973052740097
6898,0.49996526837348937,6898,0.5443012177944183,0.4974973052740097
6899,0.49996526837348937,6899,0.5443012177944183,0.4974973052740097
6900,0.49996526837348937,6900,0.5443012177944183,0.4974973052740097
6901,0.49996526837348937,6901,0.5443012177944183,0.4974973052740097
6902,0.49996526837348937,6902,0.5443012177944183,0.4974973052740097
6903,0.49996526837348937,6903,0.5443012177944183,0.4974973052740097
6904,0.49996526837348937,6904,0.5443012177944183,0.4974973052740097
6905,0.49996526837348937,6905,0.5443012177944183,0.4974973052740097
6906,0.49996526837348937,6906,0.5443012177944183,0.4974973052740097
6907,0.49996526837348937,6907,0.5443012177944183,0.4974973052740097
6908,0.49996526837348937,6908,0.5443012177944183,0.4974973052740097
6909,0.49996526837348937,6909,0.5443012177944183,0.4974973052740097
6910,0.49996526837348937,6910,0.5443012177944183,0.4974973052740097
6911,0.49996526837348937,6911,0.5443012177944183,0.4974973052740097
6912,0.49996526837348937,6912,0.5443012177944183,0.4974973052740097
6913,0.49996526837348937,6913,0.5443012177944183,0.4974973052740097
6914,0.49996526837348937,6914,0.5443012177944183,0.4974973052740097
6915,0.49996526837348937,6915,0.5443012177944183,0.4974973052740097
6916,0.49996526837348937,6916,0.5443012177944183,0.4974973052740097
6917,0.49996526837348937,6917,0.5443012177944183,0.4974973052740097
6918,0.49996526837348937,6918,0.5443012177944183,0.4974973052740097
6919,0.49996526837348937,6919,0.5443012177944183,0.4974973052740097
6920,0.49996526837348937,6920,0.5443012177944183,0.4974973052740097
6921,0.49996526837348937,6921,0.5443012177944183,0.4974973052740097
6922,0.49996526837348937,6922,0.5443012177944183,0.4974973052740097
6923,0.49996526837348937,6923,0.5443012177944183,0.4974973052740097
6924,0.49996526837348937,6924,0.5443012177944183,0.4974973052740097
6925,0.49996526837348937,6925,0.5443012177944183,0.4974973052740097
6926,0.49996526837348937,6926,0.5443012177944183,0.4974973052740097
6927,0.49996526837348937,6927,0.5443012177944183,0.4974973052740097
6928,0.49996526837348937,6928,0.5443012177944183,0.4974973052740097
6929,0.49996526837348937,6929,0.5443012177944183,0.4974973052740097
6930,0.49996526837348937,6930,0.5443012177944183,0.4974973052740097
6931,0.49996526837348937,6931,0.5443012177944183,0.4974973052740097
6932,0.49996526837348937,6932,0.5443012177944183,0.4974973052740097
6933,0.49996526837348937,6933,0.5443012177944183,0.4974973052740097
6934,0.49996526837348937,6934,0.5443012177944183,0.4974973052740097
6935,0.49996526837348937,6935,0.5443012177944183,0.4974973052740097
6936,0.49996526837348937,6936,0.5443012177944183,0.4974973052740097
6937,0.49996526837348937,6937,0.5443012177944183,0.4974973052740097
6938,0.49996526837348937,6938,0.5443012177944183,0.4974973052740097
6939,0.49996526837348937,6939,0.5443012177944183,0.4974973052740097
6940,0.49996526837348937,6940,0.5443012177944183,0.4974973052740097
6941,0.49996526837348937,6941,0.5443012177944183,0.4974973052740097
6942,0.49996526837348937,6942,0.5443012177944183,0.4974973052740097
6943,0.49996526837348937,6943,0.5443012177944183,0.4974973052740097
6944,0.49996526837348937,6944,0.5443012177944183,0.4974973052740097
6945,0.49996526837348937,6945,0.5443012177944183,0.4974973052740097
6946,0.49996526837348937,6946,0.5443012177944183,0.4974973052740097
6947,0.49996526837348937,6947,0.5443012177944183,0.4974973052740097
6948,0.49996526837348937,6948,0.5443012177944183,0.4974973052740097
6949,0.49996526837348937,6949,0.5443012177944183,0.4974973052740097
6950,0.49996526837348937,6950,0.5443012177944183,0.4974973052740097
6951,0.49996526837348937,6951,0.5443012177944183,0.4974973052740097
6952,0.49996526837348937,6952,0.5443012177944183,0.4974973052740097
6953,0.49996526837348937,6953,0.5443012177944183,0.4974973052740097
6954,0.49996526837348937,6954,0.5443012177944183,0.4974973052740097
6955,0.49996526837348937,6955,0.5443012177944183,0.4974973052740097
6956,0.49996526837348937,6956,0.5443012177944183,0.4974973052740097
6957,0.49996526837348937,6957,0.5443012177944183,0.4974973052740097
6958,0.49996526837348937,6958,0.5443012177944183,0.4974973052740097
6959,0.49996526837348937,6959,0.5443012177944183,0.4974973052740097
6960,0.49996526837348937,6960,0.5443012177944183,0.4974973052740097
6961,0.49996526837348937,6961,0.5443012177944183,0.4974973052740097
6962,0.49996526837348937,6962,0.5443012177944183,0.4974973052740097
6963,0.49996526837348937,6963,0.5443012177944183,0.4974973052740097
6964,0.49996526837348937,6964,0.5443012177944183,0.4974973052740097
6965,0.49996526837348937,6965,0.5443012177944183,0.4974973052740097
6966,0.49996526837348937,6966,0.5443012177944183,0.4974973052740097
6967,0.49996526837348937,6967,0.5443012177944183,0.4974973052740097
6968,0.49996526837348937,6968,0.5443012177944183,0.4974973052740097
6969,0.49996526837348937,6969,0.5443012177944183,0.4974973052740097
6970,0.49996526837348937,6970,0.5443012177944183,0.4974973052740097
6971,0.49996526837348937,6971,0.5443012177944183,0.4974973052740097
6972,0.49996526837348937,6972,0.5443012177944183,0.4974973052740097
6973,0.49996526837348937,6973,0.5443012177944183,0.4974973052740097
6974,0.49996526837348937,6974,0.5443012177944183,0.4974973052740097
6975,0.49996526837348937,6975,0.5443012177944183,0.4974973052740097
6976,0.49996526837348937,6976,0.5443012177944183,0.4974973052740097
6977,0.49996526837348937,6977,0.5443012177944183,0.4974973052740097
6978,0.49996526837348937,6978,0.5443012177944183,0.4974973052740097
6979,0.49996526837348937,6979,0.5443012177944183,0.4974973052740097
6980,0.49996526837348937,6980,0.5443012177944183,0.4974973052740097
6981,0.49996526837348937,6981,0.5443012177944183,0.4974973052740097
6982,0.49996526837348937,6982,0.5443012177944183,0.4974973052740097
6983,0.49996526837348937,6983,0.5443012177944183,0.4974973052740097
6984,0.49996526837348937,6984,0.5443012177944183,0.4974973052740097
6985,0.49996526837348937,6985,0.5443012177944183,0.4974973052740097
6986,0.49996526837348937,6986,0.5443012177944183,0.4974973052740097
6987,0.49996526837348937,6987,0.5443012177944183,0.4974973052740097
6988,0.49996526837348937,6988,0.5443012177944183,0.4974973052740097
6989,0.49996526837348937,6989,0.5443012177944183,0.4974973052740097
6990,0.49996526837348937,6990,0.5443012177944183,0.4974973052740097
6991,0.49996526837348937,6991,0.5443012177944183,0.4974973052740097
6992,0.49996526837348937,6992,0.5443012177944183,0.4974973052740097
6993,0.49996526837348937,6993,0.5443012177944183,0.4974973052740097
6994,0.49996526837348937,6994,0.5443012177944183,0.4974973052740097
6995,0.49996526837348937,6995,0.5443012177944183,0.4974973052740097
6996,0.49996526837348937,6996,0.5443012177944183,0.4974973052740097
6997,0.49996526837348937,6997,0.5443012177944183,0.4974973052740097
6998,0.49996526837348937,6998,0.5443012177944183,0.4974973052740097
6999,0.49996526837348937,6999,0.5443012177944183,0.4974973052740097
7000,0.49899256229400635,7000,0.5444061994552613,0.4974876165390015
7001,0.49899256229400635,7001,0.5444061994552613,0.4974876165390015
7002,0.49899256229400635,7002,0.5444061994552613,0.4974876165390015
7003,0.49899256229400635,7003,0.5444061994552613,0.4974876165390015
7004,0.49899256229400635,7004,0.5444061994552613,0.4974876165390015
7005,0.49899256229400635,7005,0.5444061994552613,0.4974876165390015
7006,0.49899256229400635,7006,0.5444061994552613,0.4974876165390015
7007,0.49899256229400635,7007,0.5444061994552613,0.4974876165390015
7008,0.49899256229400635,7008,0.5444061994552613,0.4974876165390015
7009,0.49899256229400635,7009,0.5444061994552613,0.4974876165390015
7010,0.49899256229400635,7010,0.5444061994552613,0.4974876165390015
7011,0.49899256229400635,7011,0.5444061994552613,0.4974876165390015
7012,0.49899256229400635,7012,0.5444061994552613,0.4974876165390015
7013,0.49899256229400635,7013,0.5444061994552613,0.4974876165390015
7014,0.49899256229400635,7014,0.5444061994552613,0.4974876165390015
7015,0.49899256229400635,7015,0.5444061994552613,0.4974876165390015
7016,0.49899256229400635,7016,0.5444061994552613,0.4974876165390015
7017,0.49899256229400635,7017,0.5444061994552613,0.4974876165390015
7018,0.49899256229400635,7018,0.5444061994552613,0.4974876165390015
7019,0.49899256229400635,7019,0.5444061994552613,0.4974876165390015
7020,0.49899256229400635,7020,0.5444061994552613,0.4974876165390015
7021,0.49899256229400635,7021,0.5444061994552613,0.4974876165390015
7022,0.49899256229400635,7022,0.5444061994552613,0.4974876165390015
7023,0.49899256229400635,7023,0.5444061994552613,0.4974876165390015
7024,0.49899256229400635,7024,0.5444061994552613,0.4974876165390015
7025,0.49899256229400635,7025,0.5444061994552613,0.4974876165390015
7026,0.49899256229400635,7026,0.5444061994552613,0.4974876165390015
7027,0.49899256229400635,7027,0.5444061994552613,0.4974876165390015
7028,0.49899256229400635,7028,0.5444061994552613,0.4974876165390015
7029,0.49899256229400635,7029,0.5444061994552613,0.4974876165390015
7030,0.49899256229400635,7030,0.5444061994552613,0.4974876165390015
7031,0.49899256229400635,7031,0.5444061994552613,0.4974876165390015
7032,0.49899256229400635,7032,0.5444061994552613,0.4974876165390015
7033,0.49899256229400635,7033,0.5444061994552613,0.4974876165390015
7034,0.49899256229400635,7034,0.5444061994552613,0.4974876165390015
7035,0.49899256229400635,7035,0.5444061994552613,0.4974876165390015
7036,0.49899256229400635,7036,0.5444061994552613,0.4974876165390015
7037,0.49899256229400635,7037,0.5444061994552613,0.4974876165390015
7038,0.49899256229400635,7038,0.5444061994552613,0.4974876165390015
7039,0.49899256229400635,7039,0.5444061994552613,0.4974876165390015
7040,0.49899256229400635,7040,0.5444061994552613,0.4974876165390015
7041,0.49899256229400635,7041,0.5444061994552613,0.4974876165390015
7042,0.49899256229400635,7042,0.5444061994552613,0.4974876165390015
7043,0.49899256229400635,7043,0.5444061994552613,0.4974876165390015
7044,0.49899256229400635,7044,0.5444061994552613,0.4974876165390015
7045,0.49899256229400635,7045,0.5444061994552613,0.4974876165390015
7046,0.49899256229400635,7046,0.5444061994552613,0.4974876165390015
7047,0.49899256229400635,7047,0.5444061994552613,0.4974876165390015
7048,0.49899256229400635,7048,0.5444061994552613,0.4974876165390015
7049,0.49899256229400635,7049,0.5444061994552613,0.4974876165390015
7050,0.49899256229400635,7050,0.5444061994552613,0.4974876165390015
7051,0.49899256229400635,7051,0.5444061994552613,0.4974876165390015
7052,0.49899256229400635,7052,0.5444061994552613,0.4974876165390015
7053,0.49899256229400635,7053,0.5444061994552613,0.4974876165390015
7054,0.49899256229400635,7054,0.5444061994552613,0.4974876165390015
7055,0.49899256229400635,7055,0.5444061994552613,0.4974876165390015
7056,0.49899256229400635,7056,0.5444061994552613,0.4974876165390015
7057,0.49899256229400635,7057,0.5444061994552613,0.4974876165390015
7058,0.49899256229400635,7058,0.5444061994552613,0.4974876165390015
7059,0.49899256229400635,7059,0.5444061994552613,0.4974876165390015
7060,0.49899256229400635,7060,0.5444061994552613,0.4974876165390015
7061,0.49899256229400635,7061,0.5444061994552613,0.4974876165390015
7062,0.49899256229400635,7062,0.5444061994552613,0.4974876165390015
7063,0.49899256229400635,7063,0.5444061994552613,0.4974876165390015
7064,0.49899256229400635,7064,0.5444061994552613,0.4974876165390015
7065,0.49899256229400635,7065,0.5444061994552613,0.4974876165390015
7066,0.49899256229400635,7066,0.5444061994552613,0.4974876165390015
7067,0.49899256229400635,7067,0.5444061994552613,0.4974876165390015
7068,0.49899256229400635,7068,0.5444061994552613,0.4974876165390015
7069,0.49899256229400635,7069,0.5444061994552613,0.4974876165390015
7070,0.49899256229400635,7070,0.5444061994552613,0.4974876165390015
7071,0.49899256229400635,7071,0.5444061994552613,0.4974876165390015
7072,0.49899256229400635,7072,0.5444061994552613,0.4974876165390015
7073,0.49899256229400635,7073,0.5444061994552613,0.4974876165390015
7074,0.49899256229400635,7074,0.5444061994552613,0.4974876165390015
7075,0.49899256229400635,7075,0.5444061994552613,0.4974876165390015
7076,0.49899256229400635,7076,0.5444061994552613,0.4974876165390015
7077,0.49899256229400635,7077,0.5444061994552613,0.4974876165390015
7078,0.49899256229400635,7078,0.5444061994552613,0.4974876165390015
7079,0.49899256229400635,7079,0.5444061994552613,0.4974876165390015
7080,0.49899256229400635,7080,0.5444061994552613,0.4974876165390015
7081,0.49899256229400635,7081,0.5444061994552613,0.4974876165390015
7082,0.49899256229400635,7082,0.5444061994552613,0.4974876165390015
7083,0.49899256229400635,7083,0.5444061994552613,0.4974876165390015
7084,0.49899256229400635,7084,0.5444061994552613,0.4974876165390015
7085,0.49899256229400635,7085,0.5444061994552613,0.4974876165390015
7086,0.49899256229400635,7086,0.5444061994552613,0.4974876165390015
7087,0.49899256229400635,7087,0.5444061994552613,0.4974876165390015
7088,0.49899256229400635,7088,0.5444061994552613,0.4974876165390015
7089,0.49899256229400635,7089,0.5444061994552613,0.4974876165390015
7090,0.49899256229400635,7090,0.5444061994552613,0.4974876165390015
7091,0.49899256229400635,7091,0.5444061994552613,0.4974876165390015
7092,0.49899256229400635,7092,0.5444061994552613,0.4974876165390015
7093,0.49899256229400635,7093,0.5444061994552613,0.4974876165390015
7094,0.49899256229400635,7094,0.5444061994552613,0.4974876165390015
7095,0.49899256229400635,7095,0.5444061994552613,0.4974876165390015
7096,0.49899256229400635,7096,0.5444061994552613,0.4974876165390015
7097,0.49899256229400635,7097,0.5444061994552613,0.4974876165390015
7098,0.49899256229400635,7098,0.5444061994552613,0.4974876165390015
7099,0.49899256229400635,7099,0.5444061994552613,0.4974876165390015
7100,0.49899256229400635,7100,0.5444061994552613,0.4974876165390015
7101,0.49899256229400635,7101,0.5444061994552613,0.4974876165390015
7102,0.49899256229400635,7102,0.5444061994552613,0.4974876165390015
7103,0.49899256229400635,7103,0.5444061994552613,0.4974876165390015
7104,0.49899256229400635,7104,0.5444061994552613,0.4974876165390015
7105,0.49899256229400635,7105,0.5444061994552613,0.4974876165390015
7106,0.49899256229400635,7106,0.5444061994552613,0.4974876165390015
7107,0.49899256229400635,7107,0.5444061994552613,0.4974876165390015
7108,0.49899256229400635,7108,0.5444061994552613,0.4974876165390015
7109,0.49899256229400635,7109,0.5444061994552613,0.4974876165390015
7110,0.49899256229400635,7110,0.5444061994552613,0.4974876165390015
7111,0.49899256229400635,7111,0.5444061994552613,0.4974876165390015
7112,0.49899256229400635,7112,0.5444061994552613,0.4974876165390015
7113,0.49899256229400635,7113,0.5444061994552613,0.4974876165390015
7114,0.49899256229400635,7114,0.5444061994552613,0.4974876165390015
7115,0.49899256229400635,7115,0.5444061994552613,0.4974876165390015
7116,0.49899256229400635,7116,0.5444061994552613,0.4974876165390015
7117,0.49899256229400635,7117,0.5444061994552613,0.4974876165390015
7118,0.49899256229400635,7118,0.5444061994552613,0.4974876165390015
7119,0.49899256229400635,7119,0.5444061994552613,0.4974876165390015
7120,0.49899256229400635,7120,0.5444061994552613,0.4974876165390015
7121,0.49899256229400635,7121,0.5444061994552613,0.4974876165390015
7122,0.49899256229400635,7122,0.5444061994552613,0.4974876165390015
7123,0.49899256229400635,7123,0.5444061994552613,0.4974876165390015
7124,0.49899256229400635,7124,0.5444061994552613,0.4974876165390015
7125,0.49899256229400635,7125,0.5444061994552613,0.4974876165390015
7126,0.49899256229400635,7126,0.5444061994552613,0.4974876165390015
7127,0.49899256229400635,7127,0.5444061994552613,0.4974876165390015
7128,0.49899256229400635,7128,0.5444061994552613,0.4974876165390015
7129,0.49899256229400635,7129,0.5444061994552613,0.4974876165390015
7130,0.49899256229400635,7130,0.5444061994552613,0.4974876165390015
7131,0.49899256229400635,7131,0.5444061994552613,0.4974876165390015
7132,0.49899256229400635,7132,0.5444061994552613,0.4974876165390015
7133,0.49899256229400635,7133,0.5444061994552613,0.4974876165390015
7134,0.49899256229400635,7134,0.5444061994552613,0.4974876165390015
7135,0.49899256229400635,7135,0.5444061994552613,0.4974876165390015
7136,0.49899256229400635,7136,0.5444061994552613,0.4974876165390015
7137,0.49899256229400635,7137,0.5444061994552613,0.4974876165390015
7138,0.49899256229400635,7138,0.5444061994552613,0.4974876165390015
7139,0.49899256229400635,7139,0.5444061994552613,0.4974876165390015
7140,0.49899256229400635,7140,0.5444061994552613,0.4974876165390015
7141,0.49899256229400635,7141,0.5444061994552613,0.4974876165390015
7142,0.49899256229400635,7142,0.5444061994552613,0.4974876165390015
7143,0.49899256229400635,7143,0.5444061994552613,0.4974876165390015
7144,0.49899256229400635,7144,0.5444061994552613,0.4974876165390015
7145,0.49899256229400635,7145,0.5444061994552613,0.4974876165390015
7146,0.49899256229400635,7146,0.5444061994552613,0.4974876165390015
7147,0.49899256229400635,7147,0.5444061994552613,0.4974876165390015
7148,0.49899256229400635,7148,0.5444061994552613,0.4974876165390015
7149,0.49899256229400635,7149,0.5444061994552613,0.4974876165390015
7150,0.49899256229400635,7150,0.5444061994552613,0.4974876165390015
7151,0.49899256229400635,7151,0.5444061994552613,0.4974876165390015
7152,0.49899256229400635,7152,0.5444061994552613,0.4974876165390015
7153,0.49899256229400635,7153,0.5444061994552613,0.4974876165390015
7154,0.49899256229400635,7154,0.5444061994552613,0.4974876165390015
7155,0.49899256229400635,7155,0.5444061994552613,0.4974876165390015
7156,0.49899256229400635,7156,0.5444061994552613,0.4974876165390015
7157,0.49899256229400635,7157,0.5444061994552613,0.4974876165390015
7158,0.49899256229400635,7158,0.5444061994552613,0.4974876165390015
7159,0.49899256229400635,7159,0.5444061994552613,0.4974876165390015
7160,0.49899256229400635,7160,0.5444061994552613,0.4974876165390015
7161,0.49899256229400635,7161,0.5444061994552613,0.4974876165390015
7162,0.49899256229400635,7162,0.5444061994552613,0.4974876165390015
7163,0.49899256229400635,7163,0.5444061994552613,0.4974876165390015
7164,0.49899256229400635,7164,0.5444061994552613,0.4974876165390015
7165,0.49899256229400635,7165,0.5444061994552613,0.4974876165390015
7166,0.49899256229400635,7166,0.5444061994552613,0.4974876165390015
7167,0.49899256229400635,7167,0.5444061994552613,0.4974876165390015
7168,0.49899256229400635,7168,0.5444061994552613,0.4974876165390015
7169,0.49899256229400635,7169,0.5444061994552613,0.4974876165390015
7170,0.49899256229400635,7170,0.5444061994552613,0.4974876165390015
7171,0.49899256229400635,7171,0.5444061994552613,0.4974876165390015
7172,0.49899256229400635,7172,0.5444061994552613,0.4974876165390015
7173,0.49899256229400635,7173,0.5444061994552613,0.4974876165390015
7174,0.49899256229400635,7174,0.5444061994552613,0.4974876165390015
7175,0.49899256229400635,7175,0.5444061994552613,0.4974876165390015
7176,0.49899256229400635,7176,0.5444061994552613,0.4974876165390015
7177,0.49899256229400635,7177,0.5444061994552613,0.4974876165390015
7178,0.49899256229400635,7178,0.5444061994552613,0.4974876165390015
7179,0.49899256229400635,7179,0.5444061994552613,0.4974876165390015
7180,0.49899256229400635,7180,0.5444061994552613,0.4974876165390015
7181,0.49899256229400635,7181,0.5444061994552613,0.4974876165390015
7182,0.49899256229400635,7182,0.5444061994552613,0.4974876165390015
7183,0.49899256229400635,7183,0.5444061994552613,0.4974876165390015
7184,0.49899256229400635,7184,0.5444061994552613,0.4974876165390015
7185,0.49899256229400635,7185,0.5444061994552613,0.4974876165390015
7186,0.49899256229400635,7186,0.5444061994552613,0.4974876165390015
7187,0.49899256229400635,7187,0.5444061994552613,0.4974876165390015
7188,0.49899256229400635,7188,0.5444061994552613,0.4974876165390015
7189,0.49899256229400635,7189,0.5444061994552613,0.4974876165390015
7190,0.49899256229400635,7190,0.5444061994552613,0.4974876165390015
7191,0.49899256229400635,7191,0.5444061994552613,0.4974876165390015
7192,0.49899256229400635,7192,0.5444061994552613,0.4974876165390015
7193,0.49899256229400635,7193,0.5444061994552613,0.4974876165390015
7194,0.49899256229400635,7194,0.5444061994552613,0.4974876165390015
7195,0.49899256229400635,7195,0.5444061994552613,0.4974876165390015
7196,0.49899256229400635,7196,0.5444061994552613,0.4974876165390015
7197,0.49899256229400635,7197,0.5444061994552613,0.4974876165390015
7198,0.49899256229400635,7198,0.5444061994552613,0.4974876165390015
7199,0.49899256229400635,7199,0.5444061994552613,0.4974876165390015
7200,0.49899256229400635,7200,0.5444061994552613,0.4974876165390015
7201,0.49899256229400635,7201,0.5444061994552613,0.4974876165390015
7202,0.49899256229400635,7202,0.5444061994552613,0.4974876165390015
7203,0.49899256229400635,7203,0.5444061994552613,0.4974876165390015
7204,0.49899256229400635,7204,0.5444061994552613,0.4974876165390015
7205,0.49899256229400635,7205,0.5444061994552613,0.4974876165390015
7206,0.49899256229400635,7206,0.5444061994552613,0.4974876165390015
7207,0.49899256229400635,7207,0.5444061994552613,0.4974876165390015
7208,0.49899256229400635,7208,0.5444061994552613,0.4974876165390015
7209,0.49899256229400635,7209,0.5444061994552613,0.4974876165390015
7210,0.49899256229400635,7210,0.5444061994552613,0.4974876165390015
7211,0.49899256229400635,7211,0.5444061994552613,0.4974876165390015
7212,0.49899256229400635,7212,0.5444061994552613,0.4974876165390015
7213,0.49899256229400635,7213,0.5444061994552613,0.4974876165390015
7214,0.49899256229400635,7214,0.5444061994552613,0.4974876165390015
7215,0.49899256229400635,7215,0.5444061994552613,0.4974876165390015
7216,0.49899256229400635,7216,0.5444061994552613,0.4974876165390015
7217,0.49899256229400635,7217,0.5444061994552613,0.4974876165390015
7218,0.49899256229400635,7218,0.5444061994552613,0.4974876165390015
7219,0.49899256229400635,7219,0.5444061994552613,0.4974876165390015
7220,0.49899256229400635,7220,0.5444061994552613,0.4974876165390015
7221,0.49899256229400635,7221,0.5444061994552613,0.4974876165390015
7222,0.49899256229400635,7222,0.5444061994552613,0.4974876165390015
7223,0.49899256229400635,7223,0.5444061994552613,0.4974876165390015
7224,0.49899256229400635,7224,0.5444061994552613,0.4974876165390015
7225,0.49899256229400635,7225,0.5444061994552613,0.4974876165390015
7226,0.49899256229400635,7226,0.5444061994552613,0.4974876165390015
7227,0.49899256229400635,7227,0.5444061994552613,0.4974876165390015
7228,0.49899256229400635,7228,0.5444061994552613,0.4974876165390015
7229,0.49899256229400635,7229,0.5444061994552613,0.4974876165390015
7230,0.49899256229400635,7230,0.5444061994552613,0.4974876165390015
7231,0.49899256229400635,7231,0.5444061994552613,0.4974876165390015
7232,0.49899256229400635,7232,0.5444061994552613,0.4974876165390015
7233,0.49899256229400635,7233,0.5444061994552613,0.4974876165390015
7234,0.49899256229400635,7234,0.5444061994552613,0.4974876165390015
7235,0.49899256229400635,7235,0.5444061994552613,0.4974876165390015
7236,0.49899256229400635,7236,0.5444061994552613,0.4974876165390015
7237,0.49899256229400635,7237,0.5444061994552613,0.4974876165390015
7238,0.49899256229400635,7238,0.5444061994552613,0.4974876165390015
7239,0.49899256229400635,7239,0.5444061994552613,0.4974876165390015
7240,0.49899256229400635,7240,0.5444061994552613,0.4974876165390015
7241,0.49899256229400635,7241,0.5444061994552613,0.4974876165390015
7242,0.49899256229400635,7242,0.5444061994552613,0.4974876165390015
7243,0.49899256229400635,7243,0.5444061994552613,0.4974876165390015
7244,0.49899256229400635,7244,0.5444061994552613,0.4974876165390015
7245,0.49899256229400635,7245,0.5444061994552613,0.4974876165390015
7246,0.49899256229400635,7246,0.5444061994552613,0.4974876165390015
7247,0.49899256229400635,7247,0.5444061994552613,0.4974876165390015
7248,0.49899256229400635,7248,0.5444061994552613,0.4974876165390015
7249,0.49899256229400635,7249,0.5444061994552613,0.4974876165390015
7250,0.49896168410778047,7250,0.5442996442317962,0.49537689685821534
7251,0.49896168410778047,7251,0.5442996442317962,0.49537689685821534
7252,0.49896168410778047,7252,0.5442996442317962,0.49537689685821534
7253,0.49896168410778047,7253,0.5442996442317962,0.49537689685821534
7254,0.49896168410778047,7254,0.5442996442317962,0.49537689685821534
7255,0.49896168410778047,7255,0.5442996442317962,0.49537689685821534
7256,0.49896168410778047,7256,0.5442996442317962,0.49537689685821534
7257,0.49896168410778047,7257,0.5442996442317962,0.49537689685821534
7258,0.49896168410778047,7258,0.5442996442317962,0.49537689685821534
7259,0.49896168410778047,7259,0.5442996442317962,0.49537689685821534
7260,0.49896168410778047,7260,0.5442996442317962,0.49537689685821534
7261,0.49896168410778047,7261,0.5442996442317962,0.49537689685821534
7262,0.49896168410778047,7262,0.5442996442317962,0.49537689685821534
7263,0.49896168410778047,7263,0.5442996442317962,0.49537689685821534
7264,0.49896168410778047,7264,0.5442996442317962,0.49537689685821534
7265,0.49896168410778047,7265,0.5442996442317962,0.49537689685821534
7266,0.49896168410778047,7266,0.5442996442317962,0.49537689685821534
7267,0.49896168410778047,7267,0.5442996442317962,0.49537689685821534
7268,0.49896168410778047,7268,0.5442996442317962,0.49537689685821534
7269,0.49896168410778047,7269,0.5442996442317962,0.49537689685821534
7270,0.49896168410778047,7270,0.5442996442317962,0.49537689685821534
7271,0.49896168410778047,7271,0.5442996442317962,0.49537689685821534
7272,0.49896168410778047,7272,0.5442996442317962,0.49537689685821534
7273,0.49896168410778047,7273,0.5442996442317962,0.49537689685821534
7274,0.49896168410778047,7274,0.5442996442317962,0.49537689685821534
7275,0.49896168410778047,7275,0.5442996442317962,0.49537689685821534
7276,0.49896168410778047,7276,0.5442996442317962,0.49537689685821534
7277,0.49896168410778047,7277,0.5442996442317962,0.49537689685821534
7278,0.49896168410778047,7278,0.5442996442317962,0.49537689685821534
7279,0.49896168410778047,7279,0.5442996442317962,0.49537689685821534
7280,0.49896168410778047,7280,0.5442996442317962,0.49537689685821534
7281,0.49896168410778047,7281,0.5442996442317962,0.49537689685821534
7282,0.49896168410778047,7282,0.5442996442317962,0.49537689685821534
7283,0.49896168410778047,7283,0.5442996442317962,0.49537689685821534
7284,0.49896168410778047,7284,0.5442996442317962,0.49537689685821534
7285,0.49896168410778047,7285,0.5442996442317962,0.49537689685821534
7286,0.49896168410778047,7286,0.5442996442317962,0.49537689685821534
7287,0.49896168410778047,7287,0.5442996442317962,0.49537689685821534
7288,0.49896168410778047,7288,0.5442996442317962,0.49537689685821534
7289,0.49896168410778047,7289,0.5442996442317962,0.49537689685821534
7290,0.49896168410778047,7290,0.5442996442317962,0.49537689685821534
7291,0.49896168410778047,7291,0.5442996442317962,0.49537689685821534
7292,0.49896168410778047,7292,0.5442996442317962,0.49537689685821534
7293,0.49896168410778047,7293,0.5442996442317962,0.49537689685821534
7294,0.49896168410778047,7294,0.5442996442317962,0.49537689685821534
7295,0.49896168410778047,7295,0.5442996442317962,0.49537689685821534
7296,0.49896168410778047,7296,0.5442996442317962,0.49537689685821534
7297,0.49896168410778047,7297,0.5442996442317962,0.49537689685821534
7298,0.49896168410778047,7298,0.5442996442317962,0.49537689685821534
7299,0.49896168410778047,7299,0.5442996442317962,0.49537689685821534
7300,0.49896168410778047,7300,0.5442996442317962,0.49537689685821534
7301,0.49896168410778047,7301,0.5442996442317962,0.49537689685821534
7302,0.49896168410778047,7302,0.5442996442317962,0.49537689685821534
7303,0.49896168410778047,7303,0.5442996442317962,0.49537689685821534
7304,0.49896168410778047,7304,0.5442996442317962,0.49537689685821534
7305,0.49896168410778047,7305,0.5442996442317962,0.49537689685821534
7306,0.49896168410778047,7306,0.5442996442317962,0.49537689685821534
7307,0.49896168410778047,7307,0.5442996442317962,0.49537689685821534
7308,0.49896168410778047,7308,0.5442996442317962,0.49537689685821534
7309,0.49896168410778047,7309,0.5442996442317962,0.49537689685821534
7310,0.49896168410778047,7310,0.5442996442317962,0.49537689685821534
7311,0.49896168410778047,7311,0.5442996442317962,0.49537689685821534
7312,0.49896168410778047,7312,0.5442996442317962,0.49537689685821534
7313,0.49896168410778047,7313,0.5442996442317962,0.49537689685821534
7314,0.49896168410778047,7314,0.5442996442317962,0.49537689685821534
7315,0.49896168410778047,7315,0.5442996442317962,0.49537689685821534
7316,0.49896168410778047,7316,0.5442996442317962,0.49537689685821534
7317,0.49896168410778047,7317,0.5442996442317962,0.49537689685821534
7318,0.49896168410778047,7318,0.5442996442317962,0.49537689685821534
7319,0.49896168410778047,7319,0.5442996442317962,0.49537689685821534
7320,0.49896168410778047,7320,0.5442996442317962,0.49537689685821534
7321,0.49896168410778047,7321,0.5442996442317962,0.49537689685821534
7322,0.49896168410778047,7322,0.5442996442317962,0.49537689685821534
7323,0.49896168410778047,7323,0.5442996442317962,0.49537689685821534
7324,0.49896168410778047,7324,0.5442996442317962,0.49537689685821534
7325,0.49896168410778047,7325,0.5442996442317962,0.49537689685821534
7326,0.49896168410778047,7326,0.5442996442317962,0.49537689685821534
7327,0.49896168410778047,7327,0.5442996442317962,0.49537689685821534
7328,0.49896168410778047,7328,0.5442996442317962,0.49537689685821534
7329,0.49896168410778047,7329,0.5442996442317962,0.49537689685821534
7330,0.49896168410778047,7330,0.5442996442317962,0.49537689685821534
7331,0.49896168410778047,7331,0.5442996442317962,0.49537689685821534
7332,0.49896168410778047,7332,0.5442996442317962,0.49537689685821534
7333,0.49896168410778047,7333,0.5442996442317962,0.49537689685821534
7334,0.49896168410778047,7334,0.5442996442317962,0.49537689685821534
7335,0.49896168410778047,7335,0.5442996442317962,0.49537689685821534
7336,0.49896168410778047,7336,0.5442996442317962,0.49537689685821534
7337,0.49896168410778047,7337,0.5442996442317962,0.49537689685821534
7338,0.49896168410778047,7338,0.5442996442317962,0.49537689685821534
7339,0.49896168410778047,7339,0.5442996442317962,0.49537689685821534
7340,0.49896168410778047,7340,0.5442996442317962,0.49537689685821534
7341,0.49896168410778047,7341,0.5442996442317962,0.49537689685821534
7342,0.49896168410778047,7342,0.5442996442317962,0.49537689685821534
7343,0.49896168410778047,7343,0.5442996442317962,0.49537689685821534
7344,0.49896168410778047,7344,0.5442996442317962,0.49537689685821534
7345,0.49896168410778047,7345,0.5442996442317962,0.49537689685821534
7346,0.49896168410778047,7346,0.5442996442317962,0.49537689685821534
7347,0.49896168410778047,7347,0.5442996442317962,0.49537689685821534
7348,0.49896168410778047,7348,0.5442996442317962,0.49537689685821534
7349,0.49896168410778047,7349,0.5442996442317962,0.49537689685821534
7350,0.49896168410778047,7350,0.5442996442317962,0.49537689685821534
7351,0.49896168410778047,7351,0.5442996442317962,0.49537689685821534
7352,0.49896168410778047,7352,0.5442996442317962,0.49537689685821534
7353,0.49896168410778047,7353,0.5442996442317962,0.49537689685821534
7354,0.49896168410778047,7354,0.5442996442317962,0.49537689685821534
7355,0.49896168410778047,7355,0.5442996442317962,0.49537689685821534
7356,0.49896168410778047,7356,0.5442996442317962,0.49537689685821534
7357,0.49896168410778047,7357,0.5442996442317962,0.49537689685821534
7358,0.49896168410778047,7358,0.5442996442317962,0.49537689685821534
7359,0.49896168410778047,7359,0.5442996442317962,0.49537689685821534
7360,0.49896168410778047,7360,0.5442996442317962,0.49537689685821534
7361,0.49896168410778047,7361,0.5442996442317962,0.49537689685821534
7362,0.49896168410778047,7362,0.5442996442317962,0.49537689685821534
7363,0.49896168410778047,7363,0.5442996442317962,0.49537689685821534
7364,0.49896168410778047,7364,0.5442996442317962,0.49537689685821534
7365,0.49896168410778047,7365,0.5442996442317962,0.49537689685821534
7366,0.49896168410778047,7366,0.5442996442317962,0.49537689685821534
7367,0.49896168410778047,7367,0.5442996442317962,0.49537689685821534
7368,0.49896168410778047,7368,0.5442996442317962,0.49537689685821534
7369,0.49896168410778047,7369,0.5442996442317962,0.49537689685821534
7370,0.49896168410778047,7370,0.5442996442317962,0.49537689685821534
7371,0.49896168410778047,7371,0.5442996442317962,0.49537689685821534
7372,0.49896168410778047,7372,0.5442996442317962,0.49537689685821534
7373,0.49896168410778047,7373,0.5442996442317962,0.49537689685821534
7374,0.49896168410778047,7374,0.5442996442317962,0.49537689685821534
7375,0.49896168410778047,7375,0.5442996442317962,0.49537689685821534
7376,0.49896168410778047,7376,0.5442996442317962,0.49537689685821534
7377,0.49896168410778047,7377,0.5442996442317962,0.49537689685821534
7378,0.49896168410778047,7378,0.5442996442317962,0.49537689685821534
7379,0.49896168410778047,7379,0.5442996442317962,0.49537689685821534
7380,0.49896168410778047,7380,0.5442996442317962,0.49537689685821534
7381,0.49896168410778047,7381,0.5442996442317962,0.49537689685821534
7382,0.49896168410778047,7382,0.5442996442317962,0.49537689685821534
7383,0.49896168410778047,7383,0.5442996442317962,0.49537689685821534
7384,0.49896168410778047,7384,0.5442996442317962,0.49537689685821534
7385,0.49896168410778047,7385,0.5442996442317962,0.49537689685821534
7386,0.49896168410778047,7386,0.5442996442317962,0.49537689685821534
7387,0.49896168410778047,7387,0.5442996442317962,0.49537689685821534
7388,0.49896168410778047,7388,0.5442996442317962,0.49537689685821534
7389,0.49896168410778047,7389,0.5442996442317962,0.49537689685821534
7390,0.49896168410778047,7390,0.5442996442317962,0.49537689685821534
7391,0.49896168410778047,7391,0.5442996442317962,0.49537689685821534
7392,0.49896168410778047,7392,0.5442996442317962,0.49537689685821534
7393,0.49896168410778047,7393,0.5442996442317962,0.49537689685821534
7394,0.49896168410778047,7394,0.5442996442317962,0.49537689685821534
7395,0.49896168410778047,7395,0.5442996442317962,0.49537689685821534
7396,0.49896168410778047,7396,0.5442996442317962,0.49537689685821534
7397,0.49896168410778047,7397,0.5442996442317962,0.49537689685821534
7398,0.49896168410778047,7398,0.5442996442317962,0.49537689685821534
7399,0.49896168410778047,7399,0.5442996442317962,0.49537689685821534
7400,0.49896168410778047,7400,0.5442996442317962,0.49537689685821534
7401,0.49896168410778047,7401,0.5442996442317962,0.49537689685821534
7402,0.49896168410778047,7402,0.5442996442317962,0.49537689685821534
7403,0.49896168410778047,7403,0.5442996442317962,0.49537689685821534
7404,0.49896168410778047,7404,0.5442996442317962,0.49537689685821534
7405,0.49896168410778047,7405,0.5442996442317962,0.49537689685821534
7406,0.49896168410778047,7406,0.5442996442317962,0.49537689685821534
7407,0.49896168410778047,7407,0.5442996442317962,0.49537689685821534
7408,0.49896168410778047,7408,0.5442996442317962,0.49537689685821534
7409,0.49896168410778047,7409,0.5442996442317962,0.49537689685821534
7410,0.49896168410778047,7410,0.5442996442317962,0.49537689685821534
7411,0.49896168410778047,7411,0.5442996442317962,0.49537689685821534
7412,0.49896168410778047,7412,0.5442996442317962,0.49537689685821534
7413,0.49896168410778047,7413,0.5442996442317962,0.49537689685821534
7414,0.49896168410778047,7414,0.5442996442317962,0.49537689685821534
7415,0.49896168410778047,7415,0.5442996442317962,0.49537689685821534
7416,0.49896168410778047,7416,0.5442996442317962,0.49537689685821534
7417,0.49896168410778047,7417,0.5442996442317962,0.49537689685821534
7418,0.49896168410778047,7418,0.5442996442317962,0.49537689685821534
7419,0.49896168410778047,7419,0.5442996442317962,0.49537689685821534
7420,0.49896168410778047,7420,0.5442996442317962,0.49537689685821534
7421,0.49896168410778047,7421,0.5442996442317962,0.49537689685821534
7422,0.49896168410778047,7422,0.5442996442317962,0.49537689685821534
7423,0.49896168410778047,7423,0.5442996442317962,0.49537689685821534
7424,0.49896168410778047,7424,0.5442996442317962,0.49537689685821534
7425,0.49896168410778047,7425,0.5442996442317962,0.49537689685821534
7426,0.49896168410778047,7426,0.5442996442317962,0.49537689685821534
7427,0.49896168410778047,7427,0.5442996442317962,0.49537689685821534
7428,0.49896168410778047,7428,0.5442996442317962,0.49537689685821534
7429,0.49896168410778047,7429,0.5442996442317962,0.49537689685821534
7430,0.49896168410778047,7430,0.5442996442317962,0.49537689685821534
7431,0.49896168410778047,7431,0.5442996442317962,0.49537689685821534
7432,0.49896168410778047,7432,0.5442996442317962,0.49537689685821534
7433,0.49896168410778047,7433,0.5442996442317962,0.49537689685821534
7434,0.49896168410778047,7434,0.5442996442317962,0.49537689685821534
7435,0.49896168410778047,7435,0.5442996442317962,0.49537689685821534
7436,0.49896168410778047,7436,0.5442996442317962,0.49537689685821534
7437,0.49896168410778047,7437,0.5442996442317962,0.49537689685821534
7438,0.49896168410778047,7438,0.5442996442317962,0.49537689685821534
7439,0.49896168410778047,7439,0.5442996442317962,0.49537689685821534
7440,0.49896168410778047,7440,0.5442996442317962,0.49537689685821534
7441,0.49896168410778047,7441,0.5442996442317962,0.49537689685821534
7442,0.49896168410778047,7442,0.5442996442317962,0.49537689685821534
7443,0.49896168410778047,7443,0.5442996442317962,0.49537689685821534
7444,0.49896168410778047,7444,0.5442996442317962,0.49537689685821534
7445,0.49896168410778047,7445,0.5442996442317962,0.49537689685821534
7446,0.49896168410778047,7446,0.5442996442317962,0.49537689685821534
7447,0.49896168410778047,7447,0.5442996442317962,0.49537689685821534
7448,0.49896168410778047,7448,0.5442996442317962,0.49537689685821534
7449,0.49896168410778047,7449,0.5442996442317962,0.49537689685821534
7450,0.49896168410778047,7450,0.5442996442317962,0.49537689685821534
7451,0.49896168410778047,7451,0.5442996442317962,0.49537689685821534
7452,0.49896168410778047,7452,0.5442996442317962,0.49537689685821534
7453,0.49896168410778047,7453,0.5442996442317962,0.49537689685821534
7454,0.49896168410778047,7454,0.5442996442317962,0.49537689685821534
7455,0.49896168410778047,7455,0.5442996442317962,0.49537689685821534
7456,0.49896168410778047,7456,0.5442996442317962,0.49537689685821534
7457,0.49896168410778047,7457,0.5442996442317962,0.49537689685821534
7458,0.49896168410778047,7458,0.5442996442317962,0.49537689685821534
7459,0.49896168410778047,7459,0.5442996442317962,0.49537689685821534
7460,0.49896168410778047,7460,0.5442996442317962,0.49537689685821534
7461,0.49896168410778047,7461,0.5442996442317962,0.49537689685821534
7462,0.49896168410778047,7462,0.5442996442317962,0.49537689685821534
7463,0.49896168410778047,7463,0.5442996442317962,0.49537689685821534
7464,0.49896168410778047,7464,0.5442996442317962,0.49537689685821534
7465,0.49896168410778047,7465,0.5442996442317962,0.49537689685821534
7466,0.49896168410778047,7466,0.5442996442317962,0.49537689685821534
7467,0.49896168410778047,7467,0.5442996442317962,0.49537689685821534
7468,0.49896168410778047,7468,0.5442996442317962,0.49537689685821534
7469,0.49896168410778047,7469,0.5442996442317962,0.49537689685821534
7470,0.49896168410778047,7470,0.5442996442317962,0.49537689685821534
7471,0.49896168410778047,7471,0.5442996442317962,0.49537689685821534
7472,0.49896168410778047,7472,0.5442996442317962,0.49537689685821534
7473,0.49896168410778047,7473,0.5442996442317962,0.49537689685821534
7474,0.49896168410778047,7474,0.5442996442317962,0.49537689685821534
7475,0.49896168410778047,7475,0.5442996442317962,0.49537689685821534
7476,0.49896168410778047,7476,0.5442996442317962,0.49537689685821534
7477,0.49896168410778047,7477,0.5442996442317962,0.49537689685821534
7478,0.49896168410778047,7478,0.5442996442317962,0.49537689685821534
7479,0.49896168410778047,7479,0.5442996442317962,0.49537689685821534
7480,0.49896168410778047,7480,0.5442996442317962,0.49537689685821534
7481,0.49896168410778047,7481,0.5442996442317962,0.49537689685821534
7482,0.49896168410778047,7482,0.5442996442317962,0.49537689685821534
7483,0.49896168410778047,7483,0.5442996442317962,0.49537689685821534
7484,0.49896168410778047,7484,0.5442996442317962,0.49537689685821534
7485,0.49896168410778047,7485,0.5442996442317962,0.49537689685821534
7486,0.49896168410778047,7486,0.5442996442317962,0.49537689685821534
7487,0.49896168410778047,7487,0.5442996442317962,0.49537689685821534
7488,0.49896168410778047,7488,0.5442996442317962,0.49537689685821534
7489,0.49896168410778047,7489,0.5442996442317962,0.49537689685821534
7490,0.49896168410778047,7490,0.5442996442317962,0.49537689685821534
7491,0.49896168410778047,7491,0.5442996442317962,0.49537689685821534
7492,0.49896168410778047,7492,0.5442996442317962,0.49537689685821534
7493,0.49896168410778047,7493,0.5442996442317962,0.49537689685821534
7494,0.49896168410778047,7494,0.5442996442317962,0.49537689685821534
7495,0.49896168410778047,7495,0.5442996442317962,0.49537689685821534
7496,0.49896168410778047,7496,0.5442996442317962,0.49537689685821534
7497,0.49896168410778047,7497,0.5442996442317962,0.49537689685821534
7498,0.49896168410778047,7498,0.5442996442317962,0.49537689685821534
7499,0.49896168410778047,7499,0.5442996442317962,0.49537689685821534
7500,0.4989269018173218,7500,0.5443713665008545,0.4950065016746521
7501,0.4989269018173218,7501,0.5443713665008545,0.4950065016746521
7502,0.4989269018173218,7502,0.5443713665008545,0.4950065016746521
7503,0.4989269018173218,7503,0.5443713665008545,0.4950065016746521
7504,0.4989269018173218,7504,0.5443713665008545,0.4950065016746521
7505,0.4989269018173218,7505,0.5443713665008545,0.4950065016746521
7506,0.4989269018173218,7506,0.5443713665008545,0.4950065016746521
7507,0.4989269018173218,7507,0.5443713665008545,0.4950065016746521
7508,0.4989269018173218,7508,0.5443713665008545,0.4950065016746521
7509,0.4989269018173218,7509,0.5443713665008545,0.4950065016746521
7510,0.4989269018173218,7510,0.5443713665008545,0.4950065016746521
7511,0.4989269018173218,7511,0.5443713665008545,0.4950065016746521
7512,0.4989269018173218,7512,0.5443713665008545,0.4950065016746521
7513,0.4989269018173218,7513,0.5443713665008545,0.4950065016746521
7514,0.4989269018173218,7514,0.5443713665008545,0.4950065016746521
7515,0.4989269018173218,7515,0.5443713665008545,0.4950065016746521
7516,0.4989269018173218,7516,0.5443713665008545,0.4950065016746521
7517,0.4989269018173218,7517,0.5443713665008545,0.4950065016746521
7518,0.4989269018173218,7518,0.5443713665008545,0.4950065016746521
7519,0.4989269018173218,7519,0.5443713665008545,0.4950065016746521
7520,0.4989269018173218,7520,0.5443713665008545,0.4950065016746521
7521,0.4989269018173218,7521,0.5443713665008545,0.4950065016746521
7522,0.4989269018173218,7522,0.5443713665008545,0.4950065016746521
7523,0.4989269018173218,7523,0.5443713665008545,0.4950065016746521
7524,0.4989269018173218,7524,0.5443713665008545,0.4950065016746521
7525,0.4989269018173218,7525,0.5443713665008545,0.4950065016746521
7526,0.4989269018173218,7526,0.5443713665008545,0.4950065016746521
7527,0.4989269018173218,7527,0.5443713665008545,0.4950065016746521
7528,0.4989269018173218,7528,0.5443713665008545,0.4950065016746521
7529,0.4989269018173218,7529,0.5443713665008545,0.4950065016746521
7530,0.4989269018173218,7530,0.5443713665008545,0.4950065016746521
7531,0.4989269018173218,7531,0.5443713665008545,0.4950065016746521
7532,0.4989269018173218,7532,0.5443713665008545,0.4950065016746521
7533,0.4989269018173218,7533,0.5443713665008545,0.4950065016746521
7534,0.4989269018173218,7534,0.5443713665008545,0.4950065016746521
7535,0.4989269018173218,7535,0.5443713665008545,0.4950065016746521
7536,0.4989269018173218,7536,0.5443713665008545,0.4950065016746521
7537,0.4989269018173218,7537,0.5443713665008545,0.4950065016746521
7538,0.4989269018173218,7538,0.5443713665008545,0.4950065016746521
7539,0.4989269018173218,7539,0.5443713665008545,0.4950065016746521
7540,0.4989269018173218,7540,0.5443713665008545,0.4950065016746521
7541,0.4989269018173218,7541,0.5443713665008545,0.4950065016746521
7542,0.4989269018173218,7542,0.5443713665008545,0.4950065016746521
7543,0.4989269018173218,7543,0.5443713665008545,0.4950065016746521
7544,0.4989269018173218,7544,0.5443713665008545,0.4950065016746521
7545,0.4989269018173218,7545,0.5443713665008545,0.4950065016746521
7546,0.4989269018173218,7546,0.5443713665008545,0.4950065016746521
7547,0.4989269018173218,7547,0.5443713665008545,0.4950065016746521
7548,0.4989269018173218,7548,0.5443713665008545,0.4950065016746521
7549,0.4989269018173218,7549,0.5443713665008545,0.4950065016746521
7550,0.4989269018173218,7550,0.5443713665008545,0.4950065016746521
7551,0.4989269018173218,7551,0.5443713665008545,0.4950065016746521
7552,0.4989269018173218,7552,0.5443713665008545,0.4950065016746521
7553,0.4989269018173218,7553,0.5443713665008545,0.4950065016746521
7554,0.4989269018173218,7554,0.5443713665008545,0.4950065016746521
7555,0.4989269018173218,7555,0.5443713665008545,0.4950065016746521
7556,0.4989269018173218,7556,0.5443713665008545,0.4950065016746521
7557,0.4989269018173218,7557,0.5443713665008545,0.4950065016746521
7558,0.4989269018173218,7558,0.5443713665008545,0.4950065016746521
7559,0.4989269018173218,7559,0.5443713665008545,0.4950065016746521
7560,0.4989269018173218,7560,0.5443713665008545,0.4950065016746521
7561,0.4989269018173218,7561,0.5443713665008545,0.4950065016746521
7562,0.4989269018173218,7562,0.5443713665008545,0.4950065016746521
7563,0.4989269018173218,7563,0.5443713665008545,0.4950065016746521
7564,0.4989269018173218,7564,0.5443713665008545,0.4950065016746521
7565,0.4989269018173218,7565,0.5443713665008545,0.4950065016746521
7566,0.4989269018173218,7566,0.5443713665008545,0.4950065016746521
7567,0.4989269018173218,7567,0.5443713665008545,0.4950065016746521
7568,0.4989269018173218,7568,0.5443713665008545,0.4950065016746521
7569,0.4989269018173218,7569,0.5443713665008545,0.4950065016746521
7570,0.4989269018173218,7570,0.5443713665008545,0.4950065016746521
7571,0.4989269018173218,7571,0.5443713665008545,0.4950065016746521
7572,0.4989269018173218,7572,0.5443713665008545,0.4950065016746521
7573,0.4989269018173218,7573,0.5443713665008545,0.4950065016746521
7574,0.4989269018173218,7574,0.5443713665008545,0.4950065016746521
7575,0.4989269018173218,7575,0.5443713665008545,0.4950065016746521
7576,0.4989269018173218,7576,0.5443713665008545,0.4950065016746521
7577,0.4989269018173218,7577,0.5443713665008545,0.4950065016746521
7578,0.4989269018173218,7578,0.5443713665008545,0.4950065016746521
7579,0.4989269018173218,7579,0.5443713665008545,0.4950065016746521
7580,0.4989269018173218,7580,0.5443713665008545,0.4950065016746521
7581,0.4989269018173218,7581,0.5443713665008545,0.4950065016746521
7582,0.4989269018173218,7582,0.5443713665008545,0.4950065016746521
7583,0.4989269018173218,7583,0.5443713665008545,0.4950065016746521
7584,0.4989269018173218,7584,0.5443713665008545,0.4950065016746521
7585,0.4989269018173218,7585,0.5443713665008545,0.4950065016746521
7586,0.4989269018173218,7586,0.5443713665008545,0.4950065016746521
7587,0.4989269018173218,7587,0.5443713665008545,0.4950065016746521
7588,0.4989269018173218,7588,0.5443713665008545,0.4950065016746521
7589,0.4989269018173218,7589,0.5443713665008545,0.4950065016746521
7590,0.4989269018173218,7590,0.5443713665008545,0.4950065016746521
7591,0.4989269018173218,7591,0.5443713665008545,0.4950065016746521
7592,0.4989269018173218,7592,0.5443713665008545,0.4950065016746521
7593,0.4989269018173218,7593,0.5443713665008545,0.4950065016746521
7594,0.4989269018173218,7594,0.5443713665008545,0.4950065016746521
7595,0.4989269018173218,7595,0.5443713665008545,0.4950065016746521
7596,0.4989269018173218,7596,0.5443713665008545,0.4950065016746521
7597,0.4989269018173218,7597,0.5443713665008545,0.4950065016746521
7598,0.4989269018173218,7598,0.5443713665008545,0.4950065016746521
7599,0.4989269018173218,7599,0.5443713665008545,0.4950065016746521
7600,0.4989269018173218,7600,0.5443713665008545,0.4950065016746521
7601,0.4989269018173218,7601,0.5443713665008545,0.4950065016746521
7602,0.4989269018173218,7602,0.5443713665008545,0.4950065016746521
7603,0.4989269018173218,7603,0.5443713665008545,0.4950065016746521
7604,0.4989269018173218,7604,0.5443713665008545,0.4950065016746521
7605,0.4989269018173218,7605,0.5443713665008545,0.4950065016746521
7606,0.4989269018173218,7606,0.5443713665008545,0.4950065016746521
7607,0.4989269018173218,7607,0.5443713665008545,0.4950065016746521
7608,0.4989269018173218,7608,0.5443713665008545,0.4950065016746521
7609,0.4989269018173218,7609,0.5443713665008545,0.4950065016746521
7610,0.4989269018173218,7610,0.5443713665008545,0.4950065016746521
7611,0.4989269018173218,7611,0.5443713665008545,0.4950065016746521
7612,0.4989269018173218,7612,0.5443713665008545,0.4950065016746521
7613,0.4989269018173218,7613,0.5443713665008545,0.4950065016746521
7614,0.4989269018173218,7614,0.5443713665008545,0.4950065016746521
7615,0.4989269018173218,7615,0.5443713665008545,0.4950065016746521
7616,0.4989269018173218,7616,0.5443713665008545,0.4950065016746521
7617,0.4989269018173218,7617,0.5443713665008545,0.4950065016746521
7618,0.4989269018173218,7618,0.5443713665008545,0.4950065016746521
7619,0.4989269018173218,7619,0.5443713665008545,0.4950065016746521
7620,0.4989269018173218,7620,0.5443713665008545,0.4950065016746521
7621,0.4989269018173218,7621,0.5443713665008545,0.4950065016746521
7622,0.4989269018173218,7622,0.5443713665008545,0.4950065016746521
7623,0.4989269018173218,7623,0.5443713665008545,0.4950065016746521
7624,0.4989269018173218,7624,0.5443713665008545,0.4950065016746521
7625,0.4989269018173218,7625,0.5443713665008545,0.4950065016746521
7626,0.4989269018173218,7626,0.5443713665008545,0.4950065016746521
7627,0.4989269018173218,7627,0.5443713665008545,0.4950065016746521
7628,0.4989269018173218,7628,0.5443713665008545,0.4950065016746521
7629,0.4989269018173218,7629,0.5443713665008545,0.4950065016746521
7630,0.4989269018173218,7630,0.5443713665008545,0.4950065016746521
7631,0.4989269018173218,7631,0.5443713665008545,0.4950065016746521
7632,0.4989269018173218,7632,0.5443713665008545,0.4950065016746521
7633,0.4989269018173218,7633,0.5443713665008545,0.4950065016746521
7634,0.4989269018173218,7634,0.5443713665008545,0.4950065016746521
7635,0.4989269018173218,7635,0.5443713665008545,0.4950065016746521
7636,0.4989269018173218,7636,0.5443713665008545,0.4950065016746521
7637,0.4989269018173218,7637,0.5443713665008545,0.4950065016746521
7638,0.4989269018173218,7638,0.5443713665008545,0.4950065016746521
7639,0.4989269018173218,7639,0.5443713665008545,0.4950065016746521
7640,0.4989269018173218,7640,0.5443713665008545,0.4950065016746521
7641,0.4989269018173218,7641,0.5443713665008545,0.4950065016746521
7642,0.4989269018173218,7642,0.5443713665008545,0.4950065016746521
7643,0.4989269018173218,7643,0.5443713665008545,0.4950065016746521
7644,0.4989269018173218,7644,0.5443713665008545,0.4950065016746521
7645,0.4989269018173218,7645,0.5443713665008545,0.4950065016746521
7646,0.4989269018173218,7646,0.5443713665008545,0.4950065016746521
7647,0.4989269018173218,7647,0.5443713665008545,0.4950065016746521
7648,0.4989269018173218,7648,0.5443713665008545,0.4950065016746521
7649,0.4989269018173218,7649,0.5443713665008545,0.4950065016746521
7650,0.4989269018173218,7650,0.5443713665008545,0.4950065016746521
7651,0.4989269018173218,7651,0.5443713665008545,0.4950065016746521
7652,0.4989269018173218,7652,0.5443713665008545,0.4950065016746521
7653,0.4989269018173218,7653,0.5443713665008545,0.4950065016746521
7654,0.4989269018173218,7654,0.5443713665008545,0.4950065016746521
7655,0.4989269018173218,7655,0.5443713665008545,0.4950065016746521
7656,0.4989269018173218,7656,0.5443713665008545,0.4950065016746521
7657,0.4989269018173218,7657,0.5443713665008545,0.4950065016746521
7658,0.4989269018173218,7658,0.5443713665008545,0.4950065016746521
7659,0.4989269018173218,7659,0.5443713665008545,0.4950065016746521
7660,0.4989269018173218,7660,0.5443713665008545,0.4950065016746521
7661,0.4989269018173218,7661,0.5443713665008545,0.4950065016746521
7662,0.4989269018173218,7662,0.5443713665008545,0.4950065016746521
7663,0.4989269018173218,7663,0.5443713665008545,0.4950065016746521
7664,0.4989269018173218,7664,0.5443713665008545,0.4950065016746521
7665,0.4989269018173218,7665,0.5443713665008545,0.4950065016746521
7666,0.4989269018173218,7666,0.5443713665008545,0.4950065016746521
7667,0.4989269018173218,7667,0.5443713665008545,0.4950065016746521
7668,0.4989269018173218,7668,0.5443713665008545,0.4950065016746521
7669,0.4989269018173218,7669,0.5443713665008545,0.4950065016746521
7670,0.4989269018173218,7670,0.5443713665008545,0.4950065016746521
7671,0.4989269018173218,7671,0.5443713665008545,0.4950065016746521
7672,0.4989269018173218,7672,0.5443713665008545,0.4950065016746521
7673,0.4989269018173218,7673,0.5443713665008545,0.4950065016746521
7674,0.4989269018173218,7674,0.5443713665008545,0.4950065016746521
7675,0.4989269018173218,7675,0.5443713665008545,0.4950065016746521
7676,0.4989269018173218,7676,0.5443713665008545,0.4950065016746521
7677,0.4989269018173218,7677,0.5443713665008545,0.4950065016746521
7678,0.4989269018173218,7678,0.5443713665008545,0.4950065016746521
7679,0.4989269018173218,7679,0.5443713665008545,0.4950065016746521
7680,0.4989269018173218,7680,0.5443713665008545,0.4950065016746521
7681,0.4989269018173218,7681,0.5443713665008545,0.4950065016746521
7682,0.4989269018173218,7682,0.5443713665008545,0.4950065016746521
7683,0.4989269018173218,7683,0.5443713665008545,0.4950065016746521
7684,0.4989269018173218,7684,0.5443713665008545,0.4950065016746521
7685,0.4989269018173218,7685,0.5443713665008545,0.4950065016746521
7686,0.4989269018173218,7686,0.5443713665008545,0.4950065016746521
7687,0.4989269018173218,7687,0.5443713665008545,0.4950065016746521
7688,0.4989269018173218,7688,0.5443713665008545,0.4950065016746521
7689,0.4989269018173218,7689,0.5443713665008545,0.4950065016746521
7690,0.4989269018173218,7690,0.5443713665008545,0.4950065016746521
7691,0.4989269018173218,7691,0.5443713665008545,0.4950065016746521
7692,0.4989269018173218,7692,0.5443713665008545,0.4950065016746521
7693,0.4989269018173218,7693,0.5443713665008545,0.4950065016746521
7694,0.4989269018173218,7694,0.5443713665008545,0.4950065016746521
7695,0.4989269018173218,7695,0.5443713665008545,0.4950065016746521
7696,0.4989269018173218,7696,0.5443713665008545,0.4950065016746521
7697,0.4989269018173218,7697,0.5443713665008545,0.4950065016746521
7698,0.4989269018173218,7698,0.5443713665008545,0.4950065016746521
7699,0.4989269018173218,7699,0.5443713665008545,0.4950065016746521
7700,0.4989269018173218,7700,0.5443713665008545,0.4950065016746521
7701,0.4989269018173218,7701,0.5443713665008545,0.4950065016746521
7702,0.4989269018173218,7702,0.5443713665008545,0.4950065016746521
7703,0.4989269018173218,7703,0.5443713665008545,0.4950065016746521
7704,0.4989269018173218,7704,0.5443713665008545,0.4950065016746521
7705,0.4989269018173218,7705,0.5443713665008545,0.4950065016746521
7706,0.4989269018173218,7706,0.5443713665008545,0.4950065016746521
7707,0.4989269018173218,7707,0.5443713665008545,0.4950065016746521
7708,0.4989269018173218,7708,0.5443713665008545,0.4950065016746521
7709,0.4989269018173218,7709,0.5443713665008545,0.4950065016746521
7710,0.4989269018173218,7710,0.5443713665008545,0.4950065016746521
7711,0.4989269018173218,7711,0.5443713665008545,0.4950065016746521
7712,0.4989269018173218,7712,0.5443713665008545,0.4950065016746521
7713,0.4989269018173218,7713,0.5443713665008545,0.4950065016746521
7714,0.4989269018173218,7714,0.5443713665008545,0.4950065016746521
7715,0.4989269018173218,7715,0.5443713665008545,0.4950065016746521
7716,0.4989269018173218,7716,0.5443713665008545,0.4950065016746521
7717,0.4989269018173218,7717,0.5443713665008545,0.4950065016746521
7718,0.4989269018173218,7718,0.5443713665008545,0.4950065016746521
7719,0.4989269018173218,7719,0.5443713665008545,0.4950065016746521
7720,0.4989269018173218,7720,0.5443713665008545,0.4950065016746521
7721,0.4989269018173218,7721,0.5443713665008545,0.4950065016746521
7722,0.4989269018173218,7722,0.5443713665008545,0.4950065016746521
7723,0.4989269018173218,7723,0.5443713665008545,0.4950065016746521
7724,0.4989269018173218,7724,0.5443713665008545,0.4950065016746521
7725,0.4989269018173218,7725,0.5443713665008545,0.4950065016746521
7726,0.4989269018173218,7726,0.5443713665008545,0.4950065016746521
7727,0.4989269018173218,7727,0.5443713665008545,0.4950065016746521
7728,0.4989269018173218,7728,0.5443713665008545,0.4950065016746521
7729,0.4989269018173218,7729,0.5443713665008545,0.4950065016746521
7730,0.4989269018173218,7730,0.5443713665008545,0.4950065016746521
7731,0.4989269018173218,7731,0.5443713665008545,0.4950065016746521
7732,0.4989269018173218,7732,0.5443713665008545,0.4950065016746521
7733,0.4989269018173218,7733,0.5443713665008545,0.4950065016746521
7734,0.4989269018173218,7734,0.5443713665008545,0.4950065016746521
7735,0.4989269018173218,7735,0.5443713665008545,0.4950065016746521
7736,0.4989269018173218,7736,0.5443713665008545,0.4950065016746521
7737,0.4989269018173218,7737,0.5443713665008545,0.4950065016746521
7738,0.4989269018173218,7738,0.5443713665008545,0.4950065016746521
7739,0.4989269018173218,7739,0.5443713665008545,0.4950065016746521
7740,0.4989269018173218,7740,0.5443713665008545,0.4950065016746521
7741,0.4989269018173218,7741,0.5443713665008545,0.4950065016746521
7742,0.4989269018173218,7742,0.5443713665008545,0.4950065016746521
7743,0.4989269018173218,7743,0.5443713665008545,0.4950065016746521
7744,0.4989269018173218,7744,0.5443713665008545,0.4950065016746521
7745,0.4989269018173218,7745,0.5443713665008545,0.4950065016746521
7746,0.4989269018173218,7746,0.5443713665008545,0.4950065016746521
7747,0.4989269018173218,7747,0.5443713665008545,0.4950065016746521
7748,0.4989269018173218,7748,0.5443713665008545,0.4950065016746521
7749,0.4989269018173218,7749,0.5443713665008545,0.4950065016746521
7750,0.49891263246536255,7750,0.5443473875522613,0.49500108063220977
7751,0.49891263246536255,7751,0.5443473875522613,0.49500108063220977
7752,0.49891263246536255,7752,0.5443473875522613,0.49500108063220977
7753,0.49891263246536255,7753,0.5443473875522613,0.49500108063220977
7754,0.49891263246536255,7754,0.5443473875522613,0.49500108063220977
7755,0.49891263246536255,7755,0.5443473875522613,0.49500108063220977
7756,0.49891263246536255,7756,0.5443473875522613,0.49500108063220977
7757,0.49891263246536255,7757,0.5443473875522613,0.49500108063220977
7758,0.49891263246536255,7758,0.5443473875522613,0.49500108063220977
7759,0.49891263246536255,7759,0.5443473875522613,0.49500108063220977
7760,0.49891263246536255,7760,0.5443473875522613,0.49500108063220977
7761,0.49891263246536255,7761,0.5443473875522613,0.49500108063220977
7762,0.49891263246536255,7762,0.5443473875522613,0.49500108063220977
7763,0.49891263246536255,7763,0.5443473875522613,0.49500108063220977
7764,0.49891263246536255,7764,0.5443473875522613,0.49500108063220977
7765,0.49891263246536255,7765,0.5443473875522613,0.49500108063220977
7766,0.49891263246536255,7766,0.5443473875522613,0.49500108063220977
7767,0.49891263246536255,7767,0.5443473875522613,0.49500108063220977
7768,0.49891263246536255,7768,0.5443473875522613,0.49500108063220977
7769,0.49891263246536255,7769,0.5443473875522613,0.49500108063220977
7770,0.49891263246536255,7770,0.5443473875522613,0.49500108063220977
7771,0.49891263246536255,7771,0.5443473875522613,0.49500108063220977
7772,0.49891263246536255,7772,0.5443473875522613,0.49500108063220977
7773,0.49891263246536255,7773,0.5443473875522613,0.49500108063220977
7774,0.49891263246536255,7774,0.5443473875522613,0.49500108063220977
7775,0.49891263246536255,7775,0.5443473875522613,0.49500108063220977
7776,0.49891263246536255,7776,0.5443473875522613,0.49500108063220977
7777,0.49891263246536255,7777,0.5443473875522613,0.49500108063220977
7778,0.49891263246536255,7778,0.5443473875522613,0.49500108063220977
7779,0.49891263246536255,7779,0.5443473875522613,0.49500108063220977
7780,0.49891263246536255,7780,0.5443473875522613,0.49500108063220977
7781,0.49891263246536255,7781,0.5443473875522613,0.49500108063220977
7782,0.49891263246536255,7782,0.5443473875522613,0.49500108063220977
7783,0.49891263246536255,7783,0.5443473875522613,0.49500108063220977
7784,0.49891263246536255,7784,0.5443473875522613,0.49500108063220977
7785,0.49891263246536255,7785,0.5443473875522613,0.49500108063220977
7786,0.49891263246536255,7786,0.5443473875522613,0.49500108063220977
7787,0.49891263246536255,7787,0.5443473875522613,0.49500108063220977
7788,0.49891263246536255,7788,0.5443473875522613,0.49500108063220977
7789,0.49891263246536255,7789,0.5443473875522613,0.49500108063220977
7790,0.49891263246536255,7790,0.5443473875522613,0.49500108063220977
7791,0.49891263246536255,7791,0.5443473875522613,0.49500108063220977
7792,0.49891263246536255,7792,0.5443473875522613,0.49500108063220977
7793,0.49891263246536255,7793,0.5443473875522613,0.49500108063220977
7794,0.49891263246536255,7794,0.5443473875522613,0.49500108063220977
7795,0.49891263246536255,7795,0.5443473875522613,0.49500108063220977
7796,0.49891263246536255,7796,0.5443473875522613,0.49500108063220977
7797,0.49891263246536255,7797,0.5443473875522613,0.49500108063220977
7798,0.49891263246536255,7798,0.5443473875522613,0.49500108063220977
7799,0.49891263246536255,7799,0.5443473875522613,0.49500108063220977
7800,0.49891263246536255,7800,0.5443473875522613,0.49500108063220977
7801,0.49891263246536255,7801,0.5443473875522613,0.49500108063220977
7802,0.49891263246536255,7802,0.5443473875522613,0.49500108063220977
7803,0.49891263246536255,7803,0.5443473875522613,0.49500108063220977
7804,0.49891263246536255,7804,0.5443473875522613,0.49500108063220977
7805,0.49891263246536255,7805,0.5443473875522613,0.49500108063220977
7806,0.49891263246536255,7806,0.5443473875522613,0.49500108063220977
7807,0.49891263246536255,7807,0.5443473875522613,0.49500108063220977
7808,0.49891263246536255,7808,0.5443473875522613,0.49500108063220977
7809,0.49891263246536255,7809,0.5443473875522613,0.49500108063220977
7810,0.49891263246536255,7810,0.5443473875522613,0.49500108063220977
7811,0.49891263246536255,7811,0.5443473875522613,0.49500108063220977
7812,0.49891263246536255,7812,0.5443473875522613,0.49500108063220977
7813,0.49891263246536255,7813,0.5443473875522613,0.49500108063220977
7814,0.49891263246536255,7814,0.5443473875522613,0.49500108063220977
7815,0.49891263246536255,7815,0.5443473875522613,0.49500108063220977
7816,0.49891263246536255,7816,0.5443473875522613,0.49500108063220977
7817,0.49891263246536255,7817,0.5443473875522613,0.49500108063220977
7818,0.49891263246536255,7818,0.5443473875522613,0.49500108063220977
7819,0.49891263246536255,7819,0.5443473875522613,0.49500108063220977
7820,0.49891263246536255,7820,0.5443473875522613,0.49500108063220977
7821,0.49891263246536255,7821,0.5443473875522613,0.49500108063220977
7822,0.49891263246536255,7822,0.5443473875522613,0.49500108063220977
7823,0.49891263246536255,7823,0.5443473875522613,0.49500108063220977
7824,0.49891263246536255,7824,0.5443473875522613,0.49500108063220977
7825,0.49891263246536255,7825,0.5443473875522613,0.49500108063220977
7826,0.49891263246536255,7826,0.5443473875522613,0.49500108063220977
7827,0.49891263246536255,7827,0.5443473875522613,0.49500108063220977
7828,0.49891263246536255,7828,0.5443473875522613,0.49500108063220977
7829,0.49891263246536255,7829,0.5443473875522613,0.49500108063220977
7830,0.49891263246536255,7830,0.5443473875522613,0.49500108063220977
7831,0.49891263246536255,7831,0.5443473875522613,0.49500108063220977
7832,0.49891263246536255,7832,0.5443473875522613,0.49500108063220977
7833,0.49891263246536255,7833,0.5443473875522613,0.49500108063220977
7834,0.49891263246536255,7834,0.5443473875522613,0.49500108063220977
7835,0.49891263246536255,7835,0.5443473875522613,0.49500108063220977
7836,0.49891263246536255,7836,0.5443473875522613,0.49500108063220977
7837,0.49891263246536255,7837,0.5443473875522613,0.49500108063220977
7838,0.49891263246536255,7838,0.5443473875522613,0.49500108063220977
7839,0.49891263246536255,7839,0.5443473875522613,0.49500108063220977
7840,0.49891263246536255,7840,0.5443473875522613,0.49500108063220977
7841,0.49891263246536255,7841,0.5443473875522613,0.49500108063220977
7842,0.49891263246536255,7842,0.5443473875522613,0.49500108063220977
7843,0.49891263246536255,7843,0.5443473875522613,0.49500108063220977
7844,0.49891263246536255,7844,0.5443473875522613,0.49500108063220977
7845,0.49891263246536255,7845,0.5443473875522613,0.49500108063220977
7846,0.49891263246536255,7846,0.5443473875522613,0.49500108063220977
7847,0.49891263246536255,7847,0.5443473875522613,0.49500108063220977
7848,0.49891263246536255,7848,0.5443473875522613,0.49500108063220977
7849,0.49891263246536255,7849,0.5443473875522613,0.49500108063220977
7850,0.49891263246536255,7850,0.5443473875522613,0.49500108063220977
7851,0.49891263246536255,7851,0.5443473875522613,0.49500108063220977
7852,0.49891263246536255,7852,0.5443473875522613,0.49500108063220977
7853,0.49891263246536255,7853,0.5443473875522613,0.49500108063220977
7854,0.49891263246536255,7854,0.5443473875522613,0.49500108063220977
7855,0.49891263246536255,7855,0.5443473875522613,0.49500108063220977
7856,0.49891263246536255,7856,0.5443473875522613,0.49500108063220977
7857,0.49891263246536255,7857,0.5443473875522613,0.49500108063220977
7858,0.49891263246536255,7858,0.5443473875522613,0.49500108063220977
7859,0.49891263246536255,7859,0.5443473875522613,0.49500108063220977
7860,0.49891263246536255,7860,0.5443473875522613,0.49500108063220977
7861,0.49891263246536255,7861,0.5443473875522613,0.49500108063220977
7862,0.49891263246536255,7862,0.5443473875522613,0.49500108063220977
7863,0.49891263246536255,7863,0.5443473875522613,0.49500108063220977
7864,0.49891263246536255,7864,0.5443473875522613,0.49500108063220977
7865,0.49891263246536255,7865,0.5443473875522613,0.49500108063220977
7866,0.49891263246536255,7866,0.5443473875522613,0.49500108063220977
7867,0.49891263246536255,7867,0.5443473875522613,0.49500108063220977
7868,0.49891263246536255,7868,0.5443473875522613,0.49500108063220977
7869,0.49891263246536255,7869,0.5443473875522613,0.49500108063220977
7870,0.49891263246536255,7870,0.5443473875522613,0.49500108063220977
7871,0.49891263246536255,7871,0.5443473875522613,0.49500108063220977
7872,0.49891263246536255,7872,0.5443473875522613,0.49500108063220977
7873,0.49891263246536255,7873,0.5443473875522613,0.49500108063220977
7874,0.49891263246536255,7874,0.5443473875522613,0.49500108063220977
7875,0.49891263246536255,7875,0.5443473875522613,0.49500108063220977
7876,0.49891263246536255,7876,0.5443473875522613,0.49500108063220977
7877,0.49891263246536255,7877,0.5443473875522613,0.49500108063220977
7878,0.49891263246536255,7878,0.5443473875522613,0.49500108063220977
7879,0.49891263246536255,7879,0.5443473875522613,0.49500108063220977
7880,0.49891263246536255,7880,0.5443473875522613,0.49500108063220977
7881,0.49891263246536255,7881,0.5443473875522613,0.49500108063220977
7882,0.49891263246536255,7882,0.5443473875522613,0.49500108063220977
7883,0.49891263246536255,7883,0.5443473875522613,0.49500108063220977
7884,0.49891263246536255,7884,0.5443473875522613,0.49500108063220977
7885,0.49891263246536255,7885,0.5443473875522613,0.49500108063220977
7886,0.49891263246536255,7886,0.5443473875522613,0.49500108063220977
7887,0.49891263246536255,7887,0.5443473875522613,0.49500108063220977
7888,0.49891263246536255,7888,0.5443473875522613,0.49500108063220977
7889,0.49891263246536255,7889,0.5443473875522613,0.49500108063220977
7890,0.49891263246536255,7890,0.5443473875522613,0.49500108063220977
7891,0.49891263246536255,7891,0.5443473875522613,0.49500108063220977
7892,0.49891263246536255,7892,0.5443473875522613,0.49500108063220977
7893,0.49891263246536255,7893,0.5443473875522613,0.49500108063220977
7894,0.49891263246536255,7894,0.5443473875522613,0.49500108063220977
7895,0.49891263246536255,7895,0.5443473875522613,0.49500108063220977
7896,0.49891263246536255,7896,0.5443473875522613,0.49500108063220977
7897,0.49891263246536255,7897,0.5443473875522613,0.49500108063220977
7898,0.49891263246536255,7898,0.5443473875522613,0.49500108063220977
7899,0.49891263246536255,7899,0.5443473875522613,0.49500108063220977
7900,0.49891263246536255,7900,0.5443473875522613,0.49500108063220977
7901,0.49891263246536255,7901,0.5443473875522613,0.49500108063220977
7902,0.49891263246536255,7902,0.5443473875522613,0.49500108063220977
7903,0.49891263246536255,7903,0.5443473875522613,0.49500108063220977
7904,0.49891263246536255,7904,0.5443473875522613,0.49500108063220977
7905,0.49891263246536255,7905,0.5443473875522613,0.49500108063220977
7906,0.49891263246536255,7906,0.5443473875522613,0.49500108063220977
7907,0.49891263246536255,7907,0.5443473875522613,0.49500108063220977
7908,0.49891263246536255,7908,0.5443473875522613,0.49500108063220977
7909,0.49891263246536255,7909,0.5443473875522613,0.49500108063220977
7910,0.49891263246536255,7910,0.5443473875522613,0.49500108063220977
7911,0.49891263246536255,7911,0.5443473875522613,0.49500108063220977
7912,0.49891263246536255,7912,0.5443473875522613,0.49500108063220977
7913,0.49891263246536255,7913,0.5443473875522613,0.49500108063220977
7914,0.49891263246536255,7914,0.5443473875522613,0.49500108063220977
7915,0.49891263246536255,7915,0.5443473875522613,0.49500108063220977
7916,0.49891263246536255,7916,0.5443473875522613,0.49500108063220977
7917,0.49891263246536255,7917,0.5443473875522613,0.49500108063220977
7918,0.49891263246536255,7918,0.5443473875522613,0.49500108063220977
7919,0.49891263246536255,7919,0.5443473875522613,0.49500108063220977
7920,0.49891263246536255,7920,0.5443473875522613,0.49500108063220977
7921,0.49891263246536255,7921,0.5443473875522613,0.49500108063220977
7922,0.49891263246536255,7922,0.5443473875522613,0.49500108063220977
7923,0.49891263246536255,7923,0.5443473875522613,0.49500108063220977
7924,0.49891263246536255,7924,0.5443473875522613,0.49500108063220977
7925,0.49891263246536255,7925,0.5443473875522613,0.49500108063220977
7926,0.49891263246536255,7926,0.5443473875522613,0.49500108063220977
7927,0.49891263246536255,7927,0.5443473875522613,0.49500108063220977
7928,0.49891263246536255,7928,0.5443473875522613,0.49500108063220977
7929,0.49891263246536255,7929,0.5443473875522613,0.49500108063220977
7930,0.49891263246536255,7930,0.5443473875522613,0.49500108063220977
7931,0.49891263246536255,7931,0.5443473875522613,0.49500108063220977
7932,0.49891263246536255,7932,0.5443473875522613,0.49500108063220977
7933,0.49891263246536255,7933,0.5443473875522613,0.49500108063220977
7934,0.49891263246536255,7934,0.5443473875522613,0.49500108063220977
7935,0.49891263246536255,7935,0.5443473875522613,0.49500108063220977
7936,0.49891263246536255,7936,0.5443473875522613,0.49500108063220977
7937,0.49891263246536255,7937,0.5443473875522613,0.49500108063220977
7938,0.49891263246536255,7938,0.5443473875522613,0.49500108063220977
7939,0.49891263246536255,7939,0.5443473875522613,0.49500108063220977
7940,0.49891263246536255,7940,0.5443473875522613,0.49500108063220977
7941,0.49891263246536255,7941,0.5443473875522613,0.49500108063220977
7942,0.49891263246536255,7942,0.5443473875522613,0.49500108063220977
7943,0.49891263246536255,7943,0.5443473875522613,0.49500108063220977
7944,0.49891263246536255,7944,0.5443473875522613,0.49500108063220977
7945,0.49891263246536255,7945,0.5443473875522613,0.49500108063220977
7946,0.49891263246536255,7946,0.5443473875522613,0.49500108063220977
7947,0.49891263246536255,7947,0.5443473875522613,0.49500108063220977
7948,0.49891263246536255,7948,0.5443473875522613,0.49500108063220977
7949,0.49891263246536255,7949,0.5443473875522613,0.49500108063220977
7950,0.49891263246536255,7950,0.5443473875522613,0.49500108063220977
7951,0.49891263246536255,7951,0.5443473875522613,0.49500108063220977
7952,0.49891263246536255,7952,0.5443473875522613,0.49500108063220977
7953,0.49891263246536255,7953,0.5443473875522613,0.49500108063220977
7954,0.49891263246536255,7954,0.5443473875522613,0.49500108063220977
7955,0.49891263246536255,7955,0.5443473875522613,0.49500108063220977
7956,0.49891263246536255,7956,0.5443473875522613,0.49500108063220977
7957,0.49891263246536255,7957,0.5443473875522613,0.49500108063220977
7958,0.49891263246536255,7958,0.5443473875522613,0.49500108063220977
7959,0.49891263246536255,7959,0.5443473875522613,0.49500108063220977
7960,0.49891263246536255,7960,0.5443473875522613,0.49500108063220977
7961,0.49891263246536255,7961,0.5443473875522613,0.49500108063220977
7962,0.49891263246536255,7962,0.5443473875522613,0.49500108063220977
7963,0.49891263246536255,7963,0.5443473875522613,0.49500108063220977
7964,0.49891263246536255,7964,0.5443473875522613,0.49500108063220977
7965,0.49891263246536255,7965,0.5443473875522613,0.49500108063220977
7966,0.49891263246536255,7966,0.5443473875522613,0.49500108063220977
7967,0.49891263246536255,7967,0.5443473875522613,0.49500108063220977
7968,0.49891263246536255,7968,0.5443473875522613,0.49500108063220977
7969,0.49891263246536255,7969,0.5443473875522613,0.49500108063220977
7970,0.49891263246536255,7970,0.5443473875522613,0.49500108063220977
7971,0.49891263246536255,7971,0.5443473875522613,0.49500108063220977
7972,0.49891263246536255,7972,0.5443473875522613,0.49500108063220977
7973,0.49891263246536255,7973,0.5443473875522613,0.49500108063220977
7974,0.49891263246536255,7974,0.5443473875522613,0.49500108063220977
7975,0.49891263246536255,7975,0.5443473875522613,0.49500108063220977
7976,0.49891263246536255,7976,0.5443473875522613,0.49500108063220977
7977,0.49891263246536255,7977,0.5443473875522613,0.49500108063220977
7978,0.49891263246536255,7978,0.5443473875522613,0.49500108063220977
7979,0.49891263246536255,7979,0.5443473875522613,0.49500108063220977
7980,0.49891263246536255,7980,0.5443473875522613,0.49500108063220977
7981,0.49891263246536255,7981,0.5443473875522613,0.49500108063220977
7982,0.49891263246536255,7982,0.5443473875522613,0.49500108063220977
7983,0.49891263246536255,7983,0.5443473875522613,0.49500108063220977
7984,0.49891263246536255,7984,0.5443473875522613,0.49500108063220977
7985,0.49891263246536255,7985,0.5443473875522613,0.49500108063220977
7986,0.49891263246536255,7986,0.5443473875522613,0.49500108063220977
7987,0.49891263246536255,7987,0.5443473875522613,0.49500108063220977
7988,0.49891263246536255,7988,0.5443473875522613,0.49500108063220977
7989,0.49891263246536255,7989,0.5443473875522613,0.49500108063220977
7990,0.49891263246536255,7990,0.5443473875522613,0.49500108063220977
7991,0.49891263246536255,7991,0.5443473875522613,0.49500108063220977
7992,0.49891263246536255,7992,0.5443473875522613,0.49500108063220977
7993,0.49891263246536255,7993,0.5443473875522613,0.49500108063220977
7994,0.49891263246536255,7994,0.5443473875522613,0.49500108063220977
7995,0.49891263246536255,7995,0.5443473875522613,0.49500108063220977
7996,0.49891263246536255,7996,0.5443473875522613,0.49500108063220977
7997,0.49891263246536255,7997,0.5443473875522613,0.49500108063220977
7998,0.49891263246536255,7998,0.5443473875522613,0.49500108063220977
7999,0.49891263246536255,7999,0.5443473875522613,0.49500108063220977
8000,0.4989410012960434,8000,0.544367790222168,0.4949947535991669
8001,0.4989410012960434,8001,0.544367790222168,0.4949947535991669
8002,0.4989410012960434,8002,0.544367790222168,0.4949947535991669
8003,0.4989410012960434,8003,0.544367790222168,0.4949947535991669
8004,0.4989410012960434,8004,0.544367790222168,0.4949947535991669
8005,0.4989410012960434,8005,0.544367790222168,0.4949947535991669
8006,0.4989410012960434,8006,0.544367790222168,0.4949947535991669
8007,0.4989410012960434,8007,0.544367790222168,0.4949947535991669
8008,0.4989410012960434,8008,0.544367790222168,0.4949947535991669
8009,0.4989410012960434,8009,0.544367790222168,0.4949947535991669
8010,0.4989410012960434,8010,0.544367790222168,0.4949947535991669
8011,0.4989410012960434,8011,0.544367790222168,0.4949947535991669
8012,0.4989410012960434,8012,0.544367790222168,0.4949947535991669
8013,0.4989410012960434,8013,0.544367790222168,0.4949947535991669
8014,0.4989410012960434,8014,0.544367790222168,0.4949947535991669
8015,0.4989410012960434,8015,0.544367790222168,0.4949947535991669
8016,0.4989410012960434,8016,0.544367790222168,0.4949947535991669
8017,0.4989410012960434,8017,0.544367790222168,0.4949947535991669
8018,0.4989410012960434,8018,0.544367790222168,0.4949947535991669
8019,0.4989410012960434,8019,0.544367790222168,0.4949947535991669
8020,0.4989410012960434,8020,0.544367790222168,0.4949947535991669
8021,0.4989410012960434,8021,0.544367790222168,0.4949947535991669
8022,0.4989410012960434,8022,0.544367790222168,0.4949947535991669
8023,0.4989410012960434,8023,0.544367790222168,0.4949947535991669
8024,0.4989410012960434,8024,0.544367790222168,0.4949947535991669
8025,0.4989410012960434,8025,0.544367790222168,0.4949947535991669
8026,0.4989410012960434,8026,0.544367790222168,0.4949947535991669
8027,0.4989410012960434,8027,0.544367790222168,0.4949947535991669
8028,0.4989410012960434,8028,0.544367790222168,0.4949947535991669
8029,0.4989410012960434,8029,0.544367790222168,0.4949947535991669
8030,0.4989410012960434,8030,0.544367790222168,0.4949947535991669
8031,0.4989410012960434,8031,0.544367790222168,0.4949947535991669
8032,0.4989410012960434,8032,0.544367790222168,0.4949947535991669
8033,0.4989410012960434,8033,0.544367790222168,0.4949947535991669
8034,0.4989410012960434,8034,0.544367790222168,0.4949947535991669
8035,0.4989410012960434,8035,0.544367790222168,0.4949947535991669
8036,0.4989410012960434,8036,0.544367790222168,0.4949947535991669
8037,0.4989410012960434,8037,0.544367790222168,0.4949947535991669
8038,0.4989410012960434,8038,0.544367790222168,0.4949947535991669
8039,0.4989410012960434,8039,0.544367790222168,0.4949947535991669
8040,0.4989410012960434,8040,0.544367790222168,0.4949947535991669
8041,0.4989410012960434,8041,0.544367790222168,0.4949947535991669
8042,0.4989410012960434,8042,0.544367790222168,0.4949947535991669
8043,0.4989410012960434,8043,0.544367790222168,0.4949947535991669
8044,0.4989410012960434,8044,0.544367790222168,0.4949947535991669
8045,0.4989410012960434,8045,0.544367790222168,0.4949947535991669
8046,0.4989410012960434,8046,0.544367790222168,0.4949947535991669
8047,0.4989410012960434,8047,0.544367790222168,0.4949947535991669
8048,0.4989410012960434,8048,0.544367790222168,0.4949947535991669
8049,0.4989410012960434,8049,0.544367790222168,0.4949947535991669
8050,0.4989410012960434,8050,0.544367790222168,0.4949947535991669
8051,0.4989410012960434,8051,0.544367790222168,0.4949947535991669
8052,0.4989410012960434,8052,0.544367790222168,0.4949947535991669
8053,0.4989410012960434,8053,0.544367790222168,0.4949947535991669
8054,0.4989410012960434,8054,0.544367790222168,0.4949947535991669
8055,0.4989410012960434,8055,0.544367790222168,0.4949947535991669
8056,0.4989410012960434,8056,0.544367790222168,0.4949947535991669
8057,0.4989410012960434,8057,0.544367790222168,0.4949947535991669
8058,0.4989410012960434,8058,0.544367790222168,0.4949947535991669
8059,0.4989410012960434,8059,0.544367790222168,0.4949947535991669
8060,0.4989410012960434,8060,0.544367790222168,0.4949947535991669
8061,0.4989410012960434,8061,0.544367790222168,0.4949947535991669
8062,0.4989410012960434,8062,0.544367790222168,0.4949947535991669
8063,0.4989410012960434,8063,0.544367790222168,0.4949947535991669
8064,0.4989410012960434,8064,0.544367790222168,0.4949947535991669
8065,0.4989410012960434,8065,0.544367790222168,0.4949947535991669
8066,0.4989410012960434,8066,0.544367790222168,0.4949947535991669
8067,0.4989410012960434,8067,0.544367790222168,0.4949947535991669
8068,0.4989410012960434,8068,0.544367790222168,0.4949947535991669
8069,0.4989410012960434,8069,0.544367790222168,0.4949947535991669
8070,0.4989410012960434,8070,0.544367790222168,0.4949947535991669
8071,0.4989410012960434,8071,0.544367790222168,0.4949947535991669
8072,0.4989410012960434,8072,0.544367790222168,0.4949947535991669
8073,0.4989410012960434,8073,0.544367790222168,0.4949947535991669
8074,0.4989410012960434,8074,0.544367790222168,0.4949947535991669
8075,0.4989410012960434,8075,0.544367790222168,0.4949947535991669
8076,0.4989410012960434,8076,0.544367790222168,0.4949947535991669
8077,0.4989410012960434,8077,0.544367790222168,0.4949947535991669
8078,0.4989410012960434,8078,0.544367790222168,0.4949947535991669
8079,0.4989410012960434,8079,0.544367790222168,0.4949947535991669
8080,0.4989410012960434,8080,0.544367790222168,0.4949947535991669
8081,0.4989410012960434,8081,0.544367790222168,0.4949947535991669
8082,0.4989410012960434,8082,0.544367790222168,0.4949947535991669
8083,0.4989410012960434,8083,0.544367790222168,0.4949947535991669
8084,0.4989410012960434,8084,0.544367790222168,0.4949947535991669
8085,0.4989410012960434,8085,0.544367790222168,0.4949947535991669
8086,0.4989410012960434,8086,0.544367790222168,0.4949947535991669
8087,0.4989410012960434,8087,0.544367790222168,0.4949947535991669
8088,0.4989410012960434,8088,0.544367790222168,0.4949947535991669
8089,0.4989410012960434,8089,0.544367790222168,0.4949947535991669
8090,0.4989410012960434,8090,0.544367790222168,0.4949947535991669
8091,0.4989410012960434,8091,0.544367790222168,0.4949947535991669
8092,0.4989410012960434,8092,0.544367790222168,0.4949947535991669
8093,0.4989410012960434,8093,0.544367790222168,0.4949947535991669
8094,0.4989410012960434,8094,0.544367790222168,0.4949947535991669
8095,0.4989410012960434,8095,0.544367790222168,0.4949947535991669
8096,0.4989410012960434,8096,0.544367790222168,0.4949947535991669
8097,0.4989410012960434,8097,0.544367790222168,0.4949947535991669
8098,0.4989410012960434,8098,0.544367790222168,0.4949947535991669
8099,0.4989410012960434,8099,0.544367790222168,0.4949947535991669
8100,0.4989410012960434,8100,0.544367790222168,0.4949947535991669
8101,0.4989410012960434,8101,0.544367790222168,0.4949947535991669
8102,0.4989410012960434,8102,0.544367790222168,0.4949947535991669
8103,0.4989410012960434,8103,0.544367790222168,0.4949947535991669
8104,0.4989410012960434,8104,0.544367790222168,0.4949947535991669
8105,0.4989410012960434,8105,0.544367790222168,0.4949947535991669
8106,0.4989410012960434,8106,0.544367790222168,0.4949947535991669
8107,0.4989410012960434,8107,0.544367790222168,0.4949947535991669
8108,0.4989410012960434,8108,0.544367790222168,0.4949947535991669
8109,0.4989410012960434,8109,0.544367790222168,0.4949947535991669
8110,0.4989410012960434,8110,0.544367790222168,0.4949947535991669
8111,0.4989410012960434,8111,0.544367790222168,0.4949947535991669
8112,0.4989410012960434,8112,0.544367790222168,0.4949947535991669
8113,0.4989410012960434,8113,0.544367790222168,0.4949947535991669
8114,0.4989410012960434,8114,0.544367790222168,0.4949947535991669
8115,0.4989410012960434,8115,0.544367790222168,0.4949947535991669
8116,0.4989410012960434,8116,0.544367790222168,0.4949947535991669
8117,0.4989410012960434,8117,0.544367790222168,0.4949947535991669
8118,0.4989410012960434,8118,0.544367790222168,0.4949947535991669
8119,0.4989410012960434,8119,0.544367790222168,0.4949947535991669
8120,0.4989410012960434,8120,0.544367790222168,0.4949947535991669
8121,0.4989410012960434,8121,0.544367790222168,0.4949947535991669
8122,0.4989410012960434,8122,0.544367790222168,0.4949947535991669
8123,0.4989410012960434,8123,0.544367790222168,0.4949947535991669
8124,0.4989410012960434,8124,0.544367790222168,0.4949947535991669
8125,0.4989410012960434,8125,0.544367790222168,0.4949947535991669
8126,0.4989410012960434,8126,0.544367790222168,0.4949947535991669
8127,0.4989410012960434,8127,0.544367790222168,0.4949947535991669
8128,0.4989410012960434,8128,0.544367790222168,0.4949947535991669
8129,0.4989410012960434,8129,0.544367790222168,0.4949947535991669
8130,0.4989410012960434,8130,0.544367790222168,0.4949947535991669
8131,0.4989410012960434,8131,0.544367790222168,0.4949947535991669
8132,0.4989410012960434,8132,0.544367790222168,0.4949947535991669
8133,0.4989410012960434,8133,0.544367790222168,0.4949947535991669
8134,0.4989410012960434,8134,0.544367790222168,0.4949947535991669
8135,0.4989410012960434,8135,0.544367790222168,0.4949947535991669
8136,0.4989410012960434,8136,0.544367790222168,0.4949947535991669
8137,0.4989410012960434,8137,0.544367790222168,0.4949947535991669
8138,0.4989410012960434,8138,0.544367790222168,0.4949947535991669
8139,0.4989410012960434,8139,0.544367790222168,0.4949947535991669
8140,0.4989410012960434,8140,0.544367790222168,0.4949947535991669
8141,0.4989410012960434,8141,0.544367790222168,0.4949947535991669
8142,0.4989410012960434,8142,0.544367790222168,0.4949947535991669
8143,0.4989410012960434,8143,0.544367790222168,0.4949947535991669
8144,0.4989410012960434,8144,0.544367790222168,0.4949947535991669
8145,0.4989410012960434,8145,0.544367790222168,0.4949947535991669
8146,0.4989410012960434,8146,0.544367790222168,0.4949947535991669
8147,0.4989410012960434,8147,0.544367790222168,0.4949947535991669
8148,0.4989410012960434,8148,0.544367790222168,0.4949947535991669
8149,0.4989410012960434,8149,0.544367790222168,0.4949947535991669
8150,0.4989410012960434,8150,0.544367790222168,0.4949947535991669
8151,0.4989410012960434,8151,0.544367790222168,0.4949947535991669
8152,0.4989410012960434,8152,0.544367790222168,0.4949947535991669
8153,0.4989410012960434,8153,0.544367790222168,0.4949947535991669
8154,0.4989410012960434,8154,0.544367790222168,0.4949947535991669
8155,0.4989410012960434,8155,0.544367790222168,0.4949947535991669
8156,0.4989410012960434,8156,0.544367790222168,0.4949947535991669
8157,0.4989410012960434,8157,0.544367790222168,0.4949947535991669
8158,0.4989410012960434,8158,0.544367790222168,0.4949947535991669
8159,0.4989410012960434,8159,0.544367790222168,0.4949947535991669
8160,0.4989410012960434,8160,0.544367790222168,0.4949947535991669
8161,0.4989410012960434,8161,0.544367790222168,0.4949947535991669
8162,0.4989410012960434,8162,0.544367790222168,0.4949947535991669
8163,0.4989410012960434,8163,0.544367790222168,0.4949947535991669
8164,0.4989410012960434,8164,0.544367790222168,0.4949947535991669
8165,0.4989410012960434,8165,0.544367790222168,0.4949947535991669
8166,0.4989410012960434,8166,0.544367790222168,0.4949947535991669
8167,0.4989410012960434,8167,0.544367790222168,0.4949947535991669
8168,0.4989410012960434,8168,0.544367790222168,0.4949947535991669
8169,0.4989410012960434,8169,0.544367790222168,0.4949947535991669
8170,0.4989410012960434,8170,0.544367790222168,0.4949947535991669
8171,0.4989410012960434,8171,0.544367790222168,0.4949947535991669
8172,0.4989410012960434,8172,0.544367790222168,0.4949947535991669
8173,0.4989410012960434,8173,0.544367790222168,0.4949947535991669
8174,0.4989410012960434,8174,0.544367790222168,0.4949947535991669
8175,0.4989410012960434,8175,0.544367790222168,0.4949947535991669
8176,0.4989410012960434,8176,0.544367790222168,0.4949947535991669
8177,0.4989410012960434,8177,0.544367790222168,0.4949947535991669
8178,0.4989410012960434,8178,0.544367790222168,0.4949947535991669
8179,0.4989410012960434,8179,0.544367790222168,0.4949947535991669
8180,0.4989410012960434,8180,0.544367790222168,0.4949947535991669
8181,0.4989410012960434,8181,0.544367790222168,0.4949947535991669
8182,0.4989410012960434,8182,0.544367790222168,0.4949947535991669
8183,0.4989410012960434,8183,0.544367790222168,0.4949947535991669
8184,0.4989410012960434,8184,0.544367790222168,0.4949947535991669
8185,0.4989410012960434,8185,0.544367790222168,0.4949947535991669
8186,0.4989410012960434,8186,0.544367790222168,0.4949947535991669
8187,0.4989410012960434,8187,0.544367790222168,0.4949947535991669
8188,0.4989410012960434,8188,0.544367790222168,0.4949947535991669
8189,0.4989410012960434,8189,0.544367790222168,0.4949947535991669
8190,0.4989410012960434,8190,0.544367790222168,0.4949947535991669
8191,0.4989410012960434,8191,0.544367790222168,0.4949947535991669
8192,0.4989410012960434,8192,0.544367790222168,0.4949947535991669
8193,0.4989410012960434,8193,0.544367790222168,0.4949947535991669
8194,0.4989410012960434,8194,0.544367790222168,0.4949947535991669
8195,0.4989410012960434,8195,0.544367790222168,0.4949947535991669
8196,0.4989410012960434,8196,0.544367790222168,0.4949947535991669
8197,0.4989410012960434,8197,0.544367790222168,0.4949947535991669
8198,0.4989410012960434,8198,0.544367790222168,0.4949947535991669
8199,0.4989410012960434,8199,0.544367790222168,0.4949947535991669
8200,0.4989410012960434,8200,0.544367790222168,0.4949947535991669
8201,0.4989410012960434,8201,0.544367790222168,0.4949947535991669
8202,0.4989410012960434,8202,0.544367790222168,0.4949947535991669
8203,0.4989410012960434,8203,0.544367790222168,0.4949947535991669
8204,0.4989410012960434,8204,0.544367790222168,0.4949947535991669
8205,0.4989410012960434,8205,0.544367790222168,0.4949947535991669
8206,0.4989410012960434,8206,0.544367790222168,0.4949947535991669
8207,0.4989410012960434,8207,0.544367790222168,0.4949947535991669
8208,0.4989410012960434,8208,0.544367790222168,0.4949947535991669
8209,0.4989410012960434,8209,0.544367790222168,0.4949947535991669
8210,0.4989410012960434,8210,0.544367790222168,0.4949947535991669
8211,0.4989410012960434,8211,0.544367790222168,0.4949947535991669
8212,0.4989410012960434,8212,0.544367790222168,0.4949947535991669
8213,0.4989410012960434,8213,0.544367790222168,0.4949947535991669
8214,0.4989410012960434,8214,0.544367790222168,0.4949947535991669
8215,0.4989410012960434,8215,0.544367790222168,0.4949947535991669
8216,0.4989410012960434,8216,0.544367790222168,0.4949947535991669
8217,0.4989410012960434,8217,0.544367790222168,0.4949947535991669
8218,0.4989410012960434,8218,0.544367790222168,0.4949947535991669
8219,0.4989410012960434,8219,0.544367790222168,0.4949947535991669
8220,0.4989410012960434,8220,0.544367790222168,0.4949947535991669
8221,0.4989410012960434,8221,0.544367790222168,0.4949947535991669
8222,0.4989410012960434,8222,0.544367790222168,0.4949947535991669
8223,0.4989410012960434,8223,0.544367790222168,0.4949947535991669
8224,0.4989410012960434,8224,0.544367790222168,0.4949947535991669
8225,0.4989410012960434,8225,0.544367790222168,0.4949947535991669
8226,0.4989410012960434,8226,0.544367790222168,0.4949947535991669
8227,0.4989410012960434,8227,0.544367790222168,0.4949947535991669
8228,0.4989410012960434,8228,0.544367790222168,0.4949947535991669
8229,0.4989410012960434,8229,0.544367790222168,0.4949947535991669
8230,0.4989410012960434,8230,0.544367790222168,0.4949947535991669
8231,0.4989410012960434,8231,0.544367790222168,0.4949947535991669
8232,0.4989410012960434,8232,0.544367790222168,0.4949947535991669
8233,0.4989410012960434,8233,0.544367790222168,0.4949947535991669
8234,0.4989410012960434,8234,0.544367790222168,0.4949947535991669
8235,0.4989410012960434,8235,0.544367790222168,0.4949947535991669
8236,0.4989410012960434,8236,0.544367790222168,0.4949947535991669
8237,0.4989410012960434,8237,0.544367790222168,0.4949947535991669
8238,0.4989410012960434,8238,0.544367790222168,0.4949947535991669
8239,0.4989410012960434,8239,0.544367790222168,0.4949947535991669
8240,0.4989410012960434,8240,0.544367790222168,0.4949947535991669
8241,0.4989410012960434,8241,0.544367790222168,0.4949947535991669
8242,0.4989410012960434,8242,0.544367790222168,0.4949947535991669
8243,0.4989410012960434,8243,0.544367790222168,0.4949947535991669
8244,0.4989410012960434,8244,0.544367790222168,0.4949947535991669
8245,0.4989410012960434,8245,0.544367790222168,0.4949947535991669
8246,0.4989410012960434,8246,0.544367790222168,0.4949947535991669
8247,0.4989410012960434,8247,0.544367790222168,0.4949947535991669
8248,0.4989410012960434,8248,0.544367790222168,0.4949947535991669
8249,0.4989410012960434,8249,0.544367790222168,0.4949947535991669
8250,0.49892758429050443,8250,0.5443223536014556,0.49501462280750275
8251,0.49892758429050443,8251,0.5443223536014556,0.49501462280750275
8252,0.49892758429050443,8252,0.5443223536014556,0.49501462280750275
8253,0.49892758429050443,8253,0.5443223536014556,0.49501462280750275
8254,0.49892758429050443,8254,0.5443223536014556,0.49501462280750275
8255,0.49892758429050443,8255,0.5443223536014556,0.49501462280750275
8256,0.49892758429050443,8256,0.5443223536014556,0.49501462280750275
8257,0.49892758429050443,8257,0.5443223536014556,0.49501462280750275
8258,0.49892758429050443,8258,0.5443223536014556,0.49501462280750275
8259,0.49892758429050443,8259,0.5443223536014556,0.49501462280750275
8260,0.49892758429050443,8260,0.5443223536014556,0.49501462280750275
8261,0.49892758429050443,8261,0.5443223536014556,0.49501462280750275
8262,0.49892758429050443,8262,0.5443223536014556,0.49501462280750275
8263,0.49892758429050443,8263,0.5443223536014556,0.49501462280750275
8264,0.49892758429050443,8264,0.5443223536014556,0.49501462280750275
8265,0.49892758429050443,8265,0.5443223536014556,0.49501462280750275
8266,0.49892758429050443,8266,0.5443223536014556,0.49501462280750275
8267,0.49892758429050443,8267,0.5443223536014556,0.49501462280750275
8268,0.49892758429050443,8268,0.5443223536014556,0.49501462280750275
8269,0.49892758429050443,8269,0.5443223536014556,0.49501462280750275
8270,0.49892758429050443,8270,0.5443223536014556,0.49501462280750275
8271,0.49892758429050443,8271,0.5443223536014556,0.49501462280750275
8272,0.49892758429050443,8272,0.5443223536014556,0.49501462280750275
8273,0.49892758429050443,8273,0.5443223536014556,0.49501462280750275
8274,0.49892758429050443,8274,0.5443223536014556,0.49501462280750275
8275,0.49892758429050443,8275,0.5443223536014556,0.49501462280750275
8276,0.49892758429050443,8276,0.5443223536014556,0.49501462280750275
8277,0.49892758429050443,8277,0.5443223536014556,0.49501462280750275
8278,0.49892758429050443,8278,0.5443223536014556,0.49501462280750275
8279,0.49892758429050443,8279,0.5443223536014556,0.49501462280750275
8280,0.49892758429050443,8280,0.5443223536014556,0.49501462280750275
8281,0.49892758429050443,8281,0.5443223536014556,0.49501462280750275
8282,0.49892758429050443,8282,0.5443223536014556,0.49501462280750275
8283,0.49892758429050443,8283,0.5443223536014556,0.49501462280750275
8284,0.49892758429050443,8284,0.5443223536014556,0.49501462280750275
8285,0.49892758429050443,8285,0.5443223536014556,0.49501462280750275
8286,0.49892758429050443,8286,0.5443223536014556,0.49501462280750275
8287,0.49892758429050443,8287,0.5443223536014556,0.49501462280750275
8288,0.49892758429050443,8288,0.5443223536014556,0.49501462280750275
8289,0.49892758429050443,8289,0.5443223536014556,0.49501462280750275
8290,0.49892758429050443,8290,0.5443223536014556,0.49501462280750275
8291,0.49892758429050443,8291,0.5443223536014556,0.49501462280750275
8292,0.49892758429050443,8292,0.5443223536014556,0.49501462280750275
8293,0.49892758429050443,8293,0.5443223536014556,0.49501462280750275
8294,0.49892758429050443,8294,0.5443223536014556,0.49501462280750275
8295,0.49892758429050443,8295,0.5443223536014556,0.49501462280750275
8296,0.49892758429050443,8296,0.5443223536014556,0.49501462280750275
8297,0.49892758429050443,8297,0.5443223536014556,0.49501462280750275
8298,0.49892758429050443,8298,0.5443223536014556,0.49501462280750275
8299,0.49892758429050443,8299,0.5443223536014556,0.49501462280750275
8300,0.49892758429050443,8300,0.5443223536014556,0.49501462280750275
8301,0.49892758429050443,8301,0.5443223536014556,0.49501462280750275
8302,0.49892758429050443,8302,0.5443223536014556,0.49501462280750275
8303,0.49892758429050443,8303,0.5443223536014556,0.49501462280750275
8304,0.49892758429050443,8304,0.5443223536014556,0.49501462280750275
8305,0.49892758429050443,8305,0.5443223536014556,0.49501462280750275
8306,0.49892758429050443,8306,0.5443223536014556,0.49501462280750275
8307,0.49892758429050443,8307,0.5443223536014556,0.49501462280750275
8308,0.49892758429050443,8308,0.5443223536014556,0.49501462280750275
8309,0.49892758429050443,8309,0.5443223536014556,0.49501462280750275
8310,0.49892758429050443,8310,0.5443223536014556,0.49501462280750275
8311,0.49892758429050443,8311,0.5443223536014556,0.49501462280750275
8312,0.49892758429050443,8312,0.5443223536014556,0.49501462280750275
8313,0.49892758429050443,8313,0.5443223536014556,0.49501462280750275
8314,0.49892758429050443,8314,0.5443223536014556,0.49501462280750275
8315,0.49892758429050443,8315,0.5443223536014556,0.49501462280750275
8316,0.49892758429050443,8316,0.5443223536014556,0.49501462280750275
8317,0.49892758429050443,8317,0.5443223536014556,0.49501462280750275
8318,0.49892758429050443,8318,0.5443223536014556,0.49501462280750275
8319,0.49892758429050443,8319,0.5443223536014556,0.49501462280750275
8320,0.49892758429050443,8320,0.5443223536014556,0.49501462280750275
8321,0.49892758429050443,8321,0.5443223536014556,0.49501462280750275
8322,0.49892758429050443,8322,0.5443223536014556,0.49501462280750275
8323,0.49892758429050443,8323,0.5443223536014556,0.49501462280750275
8324,0.49892758429050443,8324,0.5443223536014556,0.49501462280750275
8325,0.49892758429050443,8325,0.5443223536014556,0.49501462280750275
8326,0.49892758429050443,8326,0.5443223536014556,0.49501462280750275
8327,0.49892758429050443,8327,0.5443223536014556,0.49501462280750275
8328,0.49892758429050443,8328,0.5443223536014556,0.49501462280750275
8329,0.49892758429050443,8329,0.5443223536014556,0.49501462280750275
8330,0.49892758429050443,8330,0.5443223536014556,0.49501462280750275
8331,0.49892758429050443,8331,0.5443223536014556,0.49501462280750275
8332,0.49892758429050443,8332,0.5443223536014556,0.49501462280750275
8333,0.49892758429050443,8333,0.5443223536014556,0.49501462280750275
8334,0.49892758429050443,8334,0.5443223536014556,0.49501462280750275
8335,0.49892758429050443,8335,0.5443223536014556,0.49501462280750275
8336,0.49892758429050443,8336,0.5443223536014556,0.49501462280750275
8337,0.49892758429050443,8337,0.5443223536014556,0.49501462280750275
8338,0.49892758429050443,8338,0.5443223536014556,0.49501462280750275
8339,0.49892758429050443,8339,0.5443223536014556,0.49501462280750275
8340,0.49892758429050443,8340,0.5443223536014556,0.49501462280750275
8341,0.49892758429050443,8341,0.5443223536014556,0.49501462280750275
8342,0.49892758429050443,8342,0.5443223536014556,0.49501462280750275
8343,0.49892758429050443,8343,0.5443223536014556,0.49501462280750275
8344,0.49892758429050443,8344,0.5443223536014556,0.49501462280750275
8345,0.49892758429050443,8345,0.5443223536014556,0.49501462280750275
8346,0.49892758429050443,8346,0.5443223536014556,0.49501462280750275
8347,0.49892758429050443,8347,0.5443223536014556,0.49501462280750275
8348,0.49892758429050443,8348,0.5443223536014556,0.49501462280750275
8349,0.49892758429050443,8349,0.5443223536014556,0.49501462280750275
8350,0.49892758429050443,8350,0.5443223536014556,0.49501462280750275
8351,0.49892758429050443,8351,0.5443223536014556,0.49501462280750275
8352,0.49892758429050443,8352,0.5443223536014556,0.49501462280750275
8353,0.49892758429050443,8353,0.5443223536014556,0.49501462280750275
8354,0.49892758429050443,8354,0.5443223536014556,0.49501462280750275
8355,0.49892758429050443,8355,0.5443223536014556,0.49501462280750275
8356,0.49892758429050443,8356,0.5443223536014556,0.49501462280750275
8357,0.49892758429050443,8357,0.5443223536014556,0.49501462280750275
8358,0.49892758429050443,8358,0.5443223536014556,0.49501462280750275
8359,0.49892758429050443,8359,0.5443223536014556,0.49501462280750275
8360,0.49892758429050443,8360,0.5443223536014556,0.49501462280750275
8361,0.49892758429050443,8361,0.5443223536014556,0.49501462280750275
8362,0.49892758429050443,8362,0.5443223536014556,0.49501462280750275
8363,0.49892758429050443,8363,0.5443223536014556,0.49501462280750275
8364,0.49892758429050443,8364,0.5443223536014556,0.49501462280750275
8365,0.49892758429050443,8365,0.5443223536014556,0.49501462280750275
8366,0.49892758429050443,8366,0.5443223536014556,0.49501462280750275
8367,0.49892758429050443,8367,0.5443223536014556,0.49501462280750275
8368,0.49892758429050443,8368,0.5443223536014556,0.49501462280750275
8369,0.49892758429050443,8369,0.5443223536014556,0.49501462280750275
8370,0.49892758429050443,8370,0.5443223536014556,0.49501462280750275
8371,0.49892758429050443,8371,0.5443223536014556,0.49501462280750275
8372,0.49892758429050443,8372,0.5443223536014556,0.49501462280750275
8373,0.49892758429050443,8373,0.5443223536014556,0.49501462280750275
8374,0.49892758429050443,8374,0.5443223536014556,0.49501462280750275
8375,0.49892758429050443,8375,0.5443223536014556,0.49501462280750275
8376,0.49892758429050443,8376,0.5443223536014556,0.49501462280750275
8377,0.49892758429050443,8377,0.5443223536014556,0.49501462280750275
8378,0.49892758429050443,8378,0.5443223536014556,0.49501462280750275
8379,0.49892758429050443,8379,0.5443223536014556,0.49501462280750275
8380,0.49892758429050443,8380,0.5443223536014556,0.49501462280750275
8381,0.49892758429050443,8381,0.5443223536014556,0.49501462280750275
8382,0.49892758429050443,8382,0.5443223536014556,0.49501462280750275
8383,0.49892758429050443,8383,0.5443223536014556,0.49501462280750275
8384,0.49892758429050443,8384,0.5443223536014556,0.49501462280750275
8385,0.49892758429050443,8385,0.5443223536014556,0.49501462280750275
8386,0.49892758429050443,8386,0.5443223536014556,0.49501462280750275
8387,0.49892758429050443,8387,0.5443223536014556,0.49501462280750275
8388,0.49892758429050443,8388,0.5443223536014556,0.49501462280750275
8389,0.49892758429050443,8389,0.5443223536014556,0.49501462280750275
8390,0.49892758429050443,8390,0.5443223536014556,0.49501462280750275
8391,0.49892758429050443,8391,0.5443223536014556,0.49501462280750275
8392,0.49892758429050443,8392,0.5443223536014556,0.49501462280750275
8393,0.49892758429050443,8393,0.5443223536014556,0.49501462280750275
8394,0.49892758429050443,8394,0.5443223536014556,0.49501462280750275
8395,0.49892758429050443,8395,0.5443223536014556,0.49501462280750275
8396,0.49892758429050443,8396,0.5443223536014556,0.49501462280750275
8397,0.49892758429050443,8397,0.5443223536014556,0.49501462280750275
8398,0.49892758429050443,8398,0.5443223536014556,0.49501462280750275
8399,0.49892758429050443,8399,0.5443223536014556,0.49501462280750275
8400,0.49892758429050443,8400,0.5443223536014556,0.49501462280750275
8401,0.49892758429050443,8401,0.5443223536014556,0.49501462280750275
8402,0.49892758429050443,8402,0.5443223536014556,0.49501462280750275
8403,0.49892758429050443,8403,0.5443223536014556,0.49501462280750275
8404,0.49892758429050443,8404,0.5443223536014556,0.49501462280750275
8405,0.49892758429050443,8405,0.5443223536014556,0.49501462280750275
8406,0.49892758429050443,8406,0.5443223536014556,0.49501462280750275
8407,0.49892758429050443,8407,0.5443223536014556,0.49501462280750275
8408,0.49892758429050443,8408,0.5443223536014556,0.49501462280750275
8409,0.49892758429050443,8409,0.5443223536014556,0.49501462280750275
8410,0.49892758429050443,8410,0.5443223536014556,0.49501462280750275
8411,0.49892758429050443,8411,0.5443223536014556,0.49501462280750275
8412,0.49892758429050443,8412,0.5443223536014556,0.49501462280750275
8413,0.49892758429050443,8413,0.5443223536014556,0.49501462280750275
8414,0.49892758429050443,8414,0.5443223536014556,0.49501462280750275
8415,0.49892758429050443,8415,0.5443223536014556,0.49501462280750275
8416,0.49892758429050443,8416,0.5443223536014556,0.49501462280750275
8417,0.49892758429050443,8417,0.5443223536014556,0.49501462280750275
8418,0.49892758429050443,8418,0.5443223536014556,0.49501462280750275
8419,0.49892758429050443,8419,0.5443223536014556,0.49501462280750275
8420,0.49892758429050443,8420,0.5443223536014556,0.49501462280750275
8421,0.49892758429050443,8421,0.5443223536014556,0.49501462280750275
8422,0.49892758429050443,8422,0.5443223536014556,0.49501462280750275
8423,0.49892758429050443,8423,0.5443223536014556,0.49501462280750275
8424,0.49892758429050443,8424,0.5443223536014556,0.49501462280750275
8425,0.49892758429050443,8425,0.5443223536014556,0.49501462280750275
8426,0.49892758429050443,8426,0.5443223536014556,0.49501462280750275
8427,0.49892758429050443,8427,0.5443223536014556,0.49501462280750275
8428,0.49892758429050443,8428,0.5443223536014556,0.49501462280750275
8429,0.49892758429050443,8429,0.5443223536014556,0.49501462280750275
8430,0.49892758429050443,8430,0.5443223536014556,0.49501462280750275
8431,0.49892758429050443,8431,0.5443223536014556,0.49501462280750275
8432,0.49892758429050443,8432,0.5443223536014556,0.49501462280750275
8433,0.49892758429050443,8433,0.5443223536014556,0.49501462280750275
8434,0.49892758429050443,8434,0.5443223536014556,0.49501462280750275
8435,0.49892758429050443,8435,0.5443223536014556,0.49501462280750275
8436,0.49892758429050443,8436,0.5443223536014556,0.49501462280750275
8437,0.49892758429050443,8437,0.5443223536014556,0.49501462280750275
8438,0.49892758429050443,8438,0.5443223536014556,0.49501462280750275
8439,0.49892758429050443,8439,0.5443223536014556,0.49501462280750275
8440,0.49892758429050443,8440,0.5443223536014556,0.49501462280750275
8441,0.49892758429050443,8441,0.5443223536014556,0.49501462280750275
8442,0.49892758429050443,8442,0.5443223536014556,0.49501462280750275
8443,0.49892758429050443,8443,0.5443223536014556,0.49501462280750275
8444,0.49892758429050443,8444,0.5443223536014556,0.49501462280750275
8445,0.49892758429050443,8445,0.5443223536014556,0.49501462280750275
8446,0.49892758429050443,8446,0.5443223536014556,0.49501462280750275
8447,0.49892758429050443,8447,0.5443223536014556,0.49501462280750275
8448,0.49892758429050443,8448,0.5443223536014556,0.49501462280750275
8449,0.49892758429050443,8449,0.5443223536014556,0.49501462280750275
8450,0.49892758429050443,8450,0.5443223536014556,0.49501462280750275
8451,0.49892758429050443,8451,0.5443223536014556,0.49501462280750275
8452,0.49892758429050443,8452,0.5443223536014556,0.49501462280750275
8453,0.49892758429050443,8453,0.5443223536014556,0.49501462280750275
8454,0.49892758429050443,8454,0.5443223536014556,0.49501462280750275
8455,0.49892758429050443,8455,0.5443223536014556,0.49501462280750275
8456,0.49892758429050443,8456,0.5443223536014556,0.49501462280750275
8457,0.49892758429050443,8457,0.5443223536014556,0.49501462280750275
8458,0.49892758429050443,8458,0.5443223536014556,0.49501462280750275
8459,0.49892758429050443,8459,0.5443223536014556,0.49501462280750275
8460,0.49892758429050443,8460,0.5443223536014556,0.49501462280750275
8461,0.49892758429050443,8461,0.5443223536014556,0.49501462280750275
8462,0.49892758429050443,8462,0.5443223536014556,0.49501462280750275
8463,0.49892758429050443,8463,0.5443223536014556,0.49501462280750275
8464,0.49892758429050443,8464,0.5443223536014556,0.49501462280750275
8465,0.49892758429050443,8465,0.5443223536014556,0.49501462280750275
8466,0.49892758429050443,8466,0.5443223536014556,0.49501462280750275
8467,0.49892758429050443,8467,0.5443223536014556,0.49501462280750275
8468,0.49892758429050443,8468,0.5443223536014556,0.49501462280750275
8469,0.49892758429050443,8469,0.5443223536014556,0.49501462280750275
8470,0.49892758429050443,8470,0.5443223536014556,0.49501462280750275
8471,0.49892758429050443,8471,0.5443223536014556,0.49501462280750275
8472,0.49892758429050443,8472,0.5443223536014556,0.49501462280750275
8473,0.49892758429050443,8473,0.5443223536014556,0.49501462280750275
8474,0.49892758429050443,8474,0.5443223536014556,0.49501462280750275
8475,0.49892758429050443,8475,0.5443223536014556,0.49501462280750275
8476,0.49892758429050443,8476,0.5443223536014556,0.49501462280750275
8477,0.49892758429050443,8477,0.5443223536014556,0.49501462280750275
8478,0.49892758429050443,8478,0.5443223536014556,0.49501462280750275
8479,0.49892758429050443,8479,0.5443223536014556,0.49501462280750275
8480,0.49892758429050443,8480,0.5443223536014556,0.49501462280750275
8481,0.49892758429050443,8481,0.5443223536014556,0.49501462280750275
8482,0.49892758429050443,8482,0.5443223536014556,0.49501462280750275
8483,0.49892758429050443,8483,0.5443223536014556,0.49501462280750275
8484,0.49892758429050443,8484,0.5443223536014556,0.49501462280750275
8485,0.49892758429050443,8485,0.5443223536014556,0.49501462280750275
8486,0.49892758429050443,8486,0.5443223536014556,0.49501462280750275
8487,0.49892758429050443,8487,0.5443223536014556,0.49501462280750275
8488,0.49892758429050443,8488,0.5443223536014556,0.49501462280750275
8489,0.49892758429050443,8489,0.5443223536014556,0.49501462280750275
8490,0.49892758429050443,8490,0.5443223536014556,0.49501462280750275
8491,0.49892758429050443,8491,0.5443223536014556,0.49501462280750275
8492,0.49892758429050443,8492,0.5443223536014556,0.49501462280750275
8493,0.49892758429050443,8493,0.5443223536014556,0.49501462280750275
8494,0.49892758429050443,8494,0.5443223536014556,0.49501462280750275
8495,0.49892758429050443,8495,0.5443223536014556,0.49501462280750275
8496,0.49892758429050443,8496,0.5443223536014556,0.49501462280750275
8497,0.49892758429050443,8497,0.5443223536014556,0.49501462280750275
8498,0.49892758429050443,8498,0.5443223536014556,0.49501462280750275
8499,0.49892758429050443,8499,0.5443223536014556,0.49501462280750275
8500,0.4988906443119049,8500,0.5439871788024903,0.4950119197368622
8501,0.4988906443119049,8501,0.5439871788024903,0.4950119197368622
8502,0.4988906443119049,8502,0.5439871788024903,0.4950119197368622
8503,0.4988906443119049,8503,0.5439871788024903,0.4950119197368622
8504,0.4988906443119049,8504,0.5439871788024903,0.4950119197368622
8505,0.4988906443119049,8505,0.5439871788024903,0.4950119197368622
8506,0.4988906443119049,8506,0.5439871788024903,0.4950119197368622
8507,0.4988906443119049,8507,0.5439871788024903,0.4950119197368622
8508,0.4988906443119049,8508,0.5439871788024903,0.4950119197368622
8509,0.4988906443119049,8509,0.5439871788024903,0.4950119197368622
8510,0.4988906443119049,8510,0.5439871788024903,0.4950119197368622
8511,0.4988906443119049,8511,0.5439871788024903,0.4950119197368622
8512,0.4988906443119049,8512,0.5439871788024903,0.4950119197368622
8513,0.4988906443119049,8513,0.5439871788024903,0.4950119197368622
8514,0.4988906443119049,8514,0.5439871788024903,0.4950119197368622
8515,0.4988906443119049,8515,0.5439871788024903,0.4950119197368622
8516,0.4988906443119049,8516,0.5439871788024903,0.4950119197368622
8517,0.4988906443119049,8517,0.5439871788024903,0.4950119197368622
8518,0.4988906443119049,8518,0.5439871788024903,0.4950119197368622
8519,0.4988906443119049,8519,0.5439871788024903,0.4950119197368622
8520,0.4988906443119049,8520,0.5439871788024903,0.4950119197368622
8521,0.4988906443119049,8521,0.5439871788024903,0.4950119197368622
8522,0.4988906443119049,8522,0.5439871788024903,0.4950119197368622
8523,0.4988906443119049,8523,0.5439871788024903,0.4950119197368622
8524,0.4988906443119049,8524,0.5439871788024903,0.4950119197368622
8525,0.4988906443119049,8525,0.5439871788024903,0.4950119197368622
8526,0.4988906443119049,8526,0.5439871788024903,0.4950119197368622
8527,0.4988906443119049,8527,0.5439871788024903,0.4950119197368622
8528,0.4988906443119049,8528,0.5439871788024903,0.4950119197368622
8529,0.4988906443119049,8529,0.5439871788024903,0.4950119197368622
8530,0.4988906443119049,8530,0.5439871788024903,0.4950119197368622
8531,0.4988906443119049,8531,0.5439871788024903,0.4950119197368622
8532,0.4988906443119049,8532,0.5439871788024903,0.4950119197368622
8533,0.4988906443119049,8533,0.5439871788024903,0.4950119197368622
8534,0.4988906443119049,8534,0.5439871788024903,0.4950119197368622
8535,0.4988906443119049,8535,0.5439871788024903,0.4950119197368622
8536,0.4988906443119049,8536,0.5439871788024903,0.4950119197368622
8537,0.4988906443119049,8537,0.5439871788024903,0.4950119197368622
8538,0.4988906443119049,8538,0.5439871788024903,0.4950119197368622
8539,0.4988906443119049,8539,0.5439871788024903,0.4950119197368622
8540,0.4988906443119049,8540,0.5439871788024903,0.4950119197368622
8541,0.4988906443119049,8541,0.5439871788024903,0.4950119197368622
8542,0.4988906443119049,8542,0.5439871788024903,0.4950119197368622
8543,0.4988906443119049,8543,0.5439871788024903,0.4950119197368622
8544,0.4988906443119049,8544,0.5439871788024903,0.4950119197368622
8545,0.4988906443119049,8545,0.5439871788024903,0.4950119197368622
8546,0.4988906443119049,8546,0.5439871788024903,0.4950119197368622
8547,0.4988906443119049,8547,0.5439871788024903,0.4950119197368622
8548,0.4988906443119049,8548,0.5439871788024903,0.4950119197368622
8549,0.4988906443119049,8549,0.5439871788024903,0.4950119197368622
8550,0.4988906443119049,8550,0.5439871788024903,0.4950119197368622
8551,0.4988906443119049,8551,0.5439871788024903,0.4950119197368622
8552,0.4988906443119049,8552,0.5439871788024903,0.4950119197368622
8553,0.4988906443119049,8553,0.5439871788024903,0.4950119197368622
8554,0.4988906443119049,8554,0.5439871788024903,0.4950119197368622
8555,0.4988906443119049,8555,0.5439871788024903,0.4950119197368622
8556,0.4988906443119049,8556,0.5439871788024903,0.4950119197368622
8557,0.4988906443119049,8557,0.5439871788024903,0.4950119197368622
8558,0.4988906443119049,8558,0.5439871788024903,0.4950119197368622
8559,0.4988906443119049,8559,0.5439871788024903,0.4950119197368622
8560,0.4988906443119049,8560,0.5439871788024903,0.4950119197368622
8561,0.4988906443119049,8561,0.5439871788024903,0.4950119197368622
8562,0.4988906443119049,8562,0.5439871788024903,0.4950119197368622
8563,0.4988906443119049,8563,0.5439871788024903,0.4950119197368622
8564,0.4988906443119049,8564,0.5439871788024903,0.4950119197368622
8565,0.4988906443119049,8565,0.5439871788024903,0.4950119197368622
8566,0.4988906443119049,8566,0.5439871788024903,0.4950119197368622
8567,0.4988906443119049,8567,0.5439871788024903,0.4950119197368622
8568,0.4988906443119049,8568,0.5439871788024903,0.4950119197368622
8569,0.4988906443119049,8569,0.5439871788024903,0.4950119197368622
8570,0.4988906443119049,8570,0.5439871788024903,0.4950119197368622
8571,0.4988906443119049,8571,0.5439871788024903,0.4950119197368622
8572,0.4988906443119049,8572,0.5439871788024903,0.4950119197368622
8573,0.4988906443119049,8573,0.5439871788024903,0.4950119197368622
8574,0.4988906443119049,8574,0.5439871788024903,0.4950119197368622
8575,0.4988906443119049,8575,0.5439871788024903,0.4950119197368622
8576,0.4988906443119049,8576,0.5439871788024903,0.4950119197368622
8577,0.4988906443119049,8577,0.5439871788024903,0.4950119197368622
8578,0.4988906443119049,8578,0.5439871788024903,0.4950119197368622
8579,0.4988906443119049,8579,0.5439871788024903,0.4950119197368622
8580,0.4988906443119049,8580,0.5439871788024903,0.4950119197368622
8581,0.4988906443119049,8581,0.5439871788024903,0.4950119197368622
8582,0.4988906443119049,8582,0.5439871788024903,0.4950119197368622
8583,0.4988906443119049,8583,0.5439871788024903,0.4950119197368622
8584,0.4988906443119049,8584,0.5439871788024903,0.4950119197368622
8585,0.4988906443119049,8585,0.5439871788024903,0.4950119197368622
8586,0.4988906443119049,8586,0.5439871788024903,0.4950119197368622
8587,0.4988906443119049,8587,0.5439871788024903,0.4950119197368622
8588,0.4988906443119049,8588,0.5439871788024903,0.4950119197368622
8589,0.4988906443119049,8589,0.5439871788024903,0.4950119197368622
8590,0.4988906443119049,8590,0.5439871788024903,0.4950119197368622
8591,0.4988906443119049,8591,0.5439871788024903,0.4950119197368622
8592,0.4988906443119049,8592,0.5439871788024903,0.4950119197368622
8593,0.4988906443119049,8593,0.5439871788024903,0.4950119197368622
8594,0.4988906443119049,8594,0.5439871788024903,0.4950119197368622
8595,0.4988906443119049,8595,0.5439871788024903,0.4950119197368622
8596,0.4988906443119049,8596,0.5439871788024903,0.4950119197368622
8597,0.4988906443119049,8597,0.5439871788024903,0.4950119197368622
8598,0.4988906443119049,8598,0.5439871788024903,0.4950119197368622
8599,0.4988906443119049,8599,0.5439871788024903,0.4950119197368622
8600,0.4988906443119049,8600,0.5439871788024903,0.4950119197368622
8601,0.4988906443119049,8601,0.5439871788024903,0.4950119197368622
8602,0.4988906443119049,8602,0.5439871788024903,0.4950119197368622
8603,0.4988906443119049,8603,0.5439871788024903,0.4950119197368622
8604,0.4988906443119049,8604,0.5439871788024903,0.4950119197368622
8605,0.4988906443119049,8605,0.5439871788024903,0.4950119197368622
8606,0.4988906443119049,8606,0.5439871788024903,0.4950119197368622
8607,0.4988906443119049,8607,0.5439871788024903,0.4950119197368622
8608,0.4988906443119049,8608,0.5439871788024903,0.4950119197368622
8609,0.4988906443119049,8609,0.5439871788024903,0.4950119197368622
8610,0.4988906443119049,8610,0.5439871788024903,0.4950119197368622
8611,0.4988906443119049,8611,0.5439871788024903,0.4950119197368622
8612,0.4988906443119049,8612,0.5439871788024903,0.4950119197368622
8613,0.4988906443119049,8613,0.5439871788024903,0.4950119197368622
8614,0.4988906443119049,8614,0.5439871788024903,0.4950119197368622
8615,0.4988906443119049,8615,0.5439871788024903,0.4950119197368622
8616,0.4988906443119049,8616,0.5439871788024903,0.4950119197368622
8617,0.4988906443119049,8617,0.5439871788024903,0.4950119197368622
8618,0.4988906443119049,8618,0.5439871788024903,0.4950119197368622
8619,0.4988906443119049,8619,0.5439871788024903,0.4950119197368622
8620,0.4988906443119049,8620,0.5439871788024903,0.4950119197368622
8621,0.4988906443119049,8621,0.5439871788024903,0.4950119197368622
8622,0.4988906443119049,8622,0.5439871788024903,0.4950119197368622
8623,0.4988906443119049,8623,0.5439871788024903,0.4950119197368622
8624,0.4988906443119049,8624,0.5439871788024903,0.4950119197368622
8625,0.4988906443119049,8625,0.5439871788024903,0.4950119197368622
8626,0.4988906443119049,8626,0.5439871788024903,0.4950119197368622
8627,0.4988906443119049,8627,0.5439871788024903,0.4950119197368622
8628,0.4988906443119049,8628,0.5439871788024903,0.4950119197368622
8629,0.4988906443119049,8629,0.5439871788024903,0.4950119197368622
8630,0.4988906443119049,8630,0.5439871788024903,0.4950119197368622
8631,0.4988906443119049,8631,0.5439871788024903,0.4950119197368622
8632,0.4988906443119049,8632,0.5439871788024903,0.4950119197368622
8633,0.4988906443119049,8633,0.5439871788024903,0.4950119197368622
8634,0.4988906443119049,8634,0.5439871788024903,0.4950119197368622
8635,0.4988906443119049,8635,0.5439871788024903,0.4950119197368622
8636,0.4988906443119049,8636,0.5439871788024903,0.4950119197368622
8637,0.4988906443119049,8637,0.5439871788024903,0.4950119197368622
8638,0.4988906443119049,8638,0.5439871788024903,0.4950119197368622
8639,0.4988906443119049,8639,0.5439871788024903,0.4950119197368622
8640,0.4988906443119049,8640,0.5439871788024903,0.4950119197368622
8641,0.4988906443119049,8641,0.5439871788024903,0.4950119197368622
8642,0.4988906443119049,8642,0.5439871788024903,0.4950119197368622
8643,0.4988906443119049,8643,0.5439871788024903,0.4950119197368622
8644,0.4988906443119049,8644,0.5439871788024903,0.4950119197368622
8645,0.4988906443119049,8645,0.5439871788024903,0.4950119197368622
8646,0.4988906443119049,8646,0.5439871788024903,0.4950119197368622
8647,0.4988906443119049,8647,0.5439871788024903,0.4950119197368622
8648,0.4988906443119049,8648,0.5439871788024903,0.4950119197368622
8649,0.4988906443119049,8649,0.5439871788024903,0.4950119197368622
8650,0.4988906443119049,8650,0.5439871788024903,0.4950119197368622
8651,0.4988906443119049,8651,0.5439871788024903,0.4950119197368622
8652,0.4988906443119049,8652,0.5439871788024903,0.4950119197368622
8653,0.4988906443119049,8653,0.5439871788024903,0.4950119197368622
8654,0.4988906443119049,8654,0.5439871788024903,0.4950119197368622
8655,0.4988906443119049,8655,0.5439871788024903,0.4950119197368622
8656,0.4988906443119049,8656,0.5439871788024903,0.4950119197368622
8657,0.4988906443119049,8657,0.5439871788024903,0.4950119197368622
8658,0.4988906443119049,8658,0.5439871788024903,0.4950119197368622
8659,0.4988906443119049,8659,0.5439871788024903,0.4950119197368622
8660,0.4988906443119049,8660,0.5439871788024903,0.4950119197368622
8661,0.4988906443119049,8661,0.5439871788024903,0.4950119197368622
8662,0.4988906443119049,8662,0.5439871788024903,0.4950119197368622
8663,0.4988906443119049,8663,0.5439871788024903,0.4950119197368622
8664,0.4988906443119049,8664,0.5439871788024903,0.4950119197368622
8665,0.4988906443119049,8665,0.5439871788024903,0.4950119197368622
8666,0.4988906443119049,8666,0.5439871788024903,0.4950119197368622
8667,0.4988906443119049,8667,0.5439871788024903,0.4950119197368622
8668,0.4988906443119049,8668,0.5439871788024903,0.4950119197368622
8669,0.4988906443119049,8669,0.5439871788024903,0.4950119197368622
8670,0.4988906443119049,8670,0.5439871788024903,0.4950119197368622
8671,0.4988906443119049,8671,0.5439871788024903,0.4950119197368622
8672,0.4988906443119049,8672,0.5439871788024903,0.4950119197368622
8673,0.4988906443119049,8673,0.5439871788024903,0.4950119197368622
8674,0.4988906443119049,8674,0.5439871788024903,0.4950119197368622
8675,0.4988906443119049,8675,0.5439871788024903,0.4950119197368622
8676,0.4988906443119049,8676,0.5439871788024903,0.4950119197368622
8677,0.4988906443119049,8677,0.5439871788024903,0.4950119197368622
8678,0.4988906443119049,8678,0.5439871788024903,0.4950119197368622
8679,0.4988906443119049,8679,0.5439871788024903,0.4950119197368622
8680,0.4988906443119049,8680,0.5439871788024903,0.4950119197368622
8681,0.4988906443119049,8681,0.5439871788024903,0.4950119197368622
8682,0.4988906443119049,8682,0.5439871788024903,0.4950119197368622
8683,0.4988906443119049,8683,0.5439871788024903,0.4950119197368622
8684,0.4988906443119049,8684,0.5439871788024903,0.4950119197368622
8685,0.4988906443119049,8685,0.5439871788024903,0.4950119197368622
8686,0.4988906443119049,8686,0.5439871788024903,0.4950119197368622
8687,0.4988906443119049,8687,0.5439871788024903,0.4950119197368622
8688,0.4988906443119049,8688,0.5439871788024903,0.4950119197368622
8689,0.4988906443119049,8689,0.5439871788024903,0.4950119197368622
8690,0.4988906443119049,8690,0.5439871788024903,0.4950119197368622
8691,0.4988906443119049,8691,0.5439871788024903,0.4950119197368622
8692,0.4988906443119049,8692,0.5439871788024903,0.4950119197368622
8693,0.4988906443119049,8693,0.5439871788024903,0.4950119197368622
8694,0.4988906443119049,8694,0.5439871788024903,0.4950119197368622
8695,0.4988906443119049,8695,0.5439871788024903,0.4950119197368622
8696,0.4988906443119049,8696,0.5439871788024903,0.4950119197368622
8697,0.4988906443119049,8697,0.5439871788024903,0.4950119197368622
8698,0.4988906443119049,8698,0.5439871788024903,0.4950119197368622
8699,0.4988906443119049,8699,0.5439871788024903,0.4950119197368622
8700,0.4988906443119049,8700,0.5439871788024903,0.4950119197368622
8701,0.4988906443119049,8701,0.5439871788024903,0.4950119197368622
8702,0.4988906443119049,8702,0.5439871788024903,0.4950119197368622
8703,0.4988906443119049,8703,0.5439871788024903,0.4950119197368622
8704,0.4988906443119049,8704,0.5439871788024903,0.4950119197368622
8705,0.4988906443119049,8705,0.5439871788024903,0.4950119197368622
8706,0.4988906443119049,8706,0.5439871788024903,0.4950119197368622
8707,0.4988906443119049,8707,0.5439871788024903,0.4950119197368622
8708,0.4988906443119049,8708,0.5439871788024903,0.4950119197368622
8709,0.4988906443119049,8709,0.5439871788024903,0.4950119197368622
8710,0.4988906443119049,8710,0.5439871788024903,0.4950119197368622
8711,0.4988906443119049,8711,0.5439871788024903,0.4950119197368622
8712,0.4988906443119049,8712,0.5439871788024903,0.4950119197368622
8713,0.4988906443119049,8713,0.5439871788024903,0.4950119197368622
8714,0.4988906443119049,8714,0.5439871788024903,0.4950119197368622
8715,0.4988906443119049,8715,0.5439871788024903,0.4950119197368622
8716,0.4988906443119049,8716,0.5439871788024903,0.4950119197368622
8717,0.4988906443119049,8717,0.5439871788024903,0.4950119197368622
8718,0.4988906443119049,8718,0.5439871788024903,0.4950119197368622
8719,0.4988906443119049,8719,0.5439871788024903,0.4950119197368622
8720,0.4988906443119049,8720,0.5439871788024903,0.4950119197368622
8721,0.4988906443119049,8721,0.5439871788024903,0.4950119197368622
8722,0.4988906443119049,8722,0.5439871788024903,0.4950119197368622
8723,0.4988906443119049,8723,0.5439871788024903,0.4950119197368622
8724,0.4988906443119049,8724,0.5439871788024903,0.4950119197368622
8725,0.4988906443119049,8725,0.5439871788024903,0.4950119197368622
8726,0.4988906443119049,8726,0.5439871788024903,0.4950119197368622
8727,0.4988906443119049,8727,0.5439871788024903,0.4950119197368622
8728,0.4988906443119049,8728,0.5439871788024903,0.4950119197368622
8729,0.4988906443119049,8729,0.5439871788024903,0.4950119197368622
8730,0.4988906443119049,8730,0.5439871788024903,0.4950119197368622
8731,0.4988906443119049,8731,0.5439871788024903,0.4950119197368622
8732,0.4988906443119049,8732,0.5439871788024903,0.4950119197368622
8733,0.4988906443119049,8733,0.5439871788024903,0.4950119197368622
8734,0.4988906443119049,8734,0.5439871788024903,0.4950119197368622
8735,0.4988906443119049,8735,0.5439871788024903,0.4950119197368622
8736,0.4988906443119049,8736,0.5439871788024903,0.4950119197368622
8737,0.4988906443119049,8737,0.5439871788024903,0.4950119197368622
8738,0.4988906443119049,8738,0.5439871788024903,0.4950119197368622
8739,0.4988906443119049,8739,0.5439871788024903,0.4950119197368622
8740,0.4988906443119049,8740,0.5439871788024903,0.4950119197368622
8741,0.4988906443119049,8741,0.5439871788024903,0.4950119197368622
8742,0.4988906443119049,8742,0.5439871788024903,0.4950119197368622
8743,0.4988906443119049,8743,0.5439871788024903,0.4950119197368622
8744,0.4988906443119049,8744,0.5439871788024903,0.4950119197368622
8745,0.4988906443119049,8745,0.5439871788024903,0.4950119197368622
8746,0.4988906443119049,8746,0.5439871788024903,0.4950119197368622
8747,0.4988906443119049,8747,0.5439871788024903,0.4950119197368622
8748,0.4988906443119049,8748,0.5439871788024903,0.4950119197368622
8749,0.4988906443119049,8749,0.5439871788024903,0.4950119197368622
8750,0.49889836013317107,8750,0.54431853890419,0.4950096845626831
8751,0.49889836013317107,8751,0.54431853890419,0.4950096845626831
8752,0.49889836013317107,8752,0.54431853890419,0.4950096845626831
8753,0.49889836013317107,8753,0.54431853890419,0.4950096845626831
8754,0.49889836013317107,8754,0.54431853890419,0.4950096845626831
8755,0.49889836013317107,8755,0.54431853890419,0.4950096845626831
8756,0.49889836013317107,8756,0.54431853890419,0.4950096845626831
8757,0.49889836013317107,8757,0.54431853890419,0.4950096845626831
8758,0.49889836013317107,8758,0.54431853890419,0.4950096845626831
8759,0.49889836013317107,8759,0.54431853890419,0.4950096845626831
8760,0.49889836013317107,8760,0.54431853890419,0.4950096845626831
8761,0.49889836013317107,8761,0.54431853890419,0.4950096845626831
8762,0.49889836013317107,8762,0.54431853890419,0.4950096845626831
8763,0.49889836013317107,8763,0.54431853890419,0.4950096845626831
8764,0.49889836013317107,8764,0.54431853890419,0.4950096845626831
8765,0.49889836013317107,8765,0.54431853890419,0.4950096845626831
8766,0.49889836013317107,8766,0.54431853890419,0.4950096845626831
8767,0.49889836013317107,8767,0.54431853890419,0.4950096845626831
8768,0.49889836013317107,8768,0.54431853890419,0.4950096845626831
8769,0.49889836013317107,8769,0.54431853890419,0.4950096845626831
8770,0.49889836013317107,8770,0.54431853890419,0.4950096845626831
8771,0.49889836013317107,8771,0.54431853890419,0.4950096845626831
8772,0.49889836013317107,8772,0.54431853890419,0.4950096845626831
8773,0.49889836013317107,8773,0.54431853890419,0.4950096845626831
8774,0.49889836013317107,8774,0.54431853890419,0.4950096845626831
8775,0.49889836013317107,8775,0.54431853890419,0.4950096845626831
8776,0.49889836013317107,8776,0.54431853890419,0.4950096845626831
8777,0.49889836013317107,8777,0.54431853890419,0.4950096845626831
8778,0.49889836013317107,8778,0.54431853890419,0.4950096845626831
8779,0.49889836013317107,8779,0.54431853890419,0.4950096845626831
8780,0.49889836013317107,8780,0.54431853890419,0.4950096845626831
8781,0.49889836013317107,8781,0.54431853890419,0.4950096845626831
8782,0.49889836013317107,8782,0.54431853890419,0.4950096845626831
8783,0.49889836013317107,8783,0.54431853890419,0.4950096845626831
8784,0.49889836013317107,8784,0.54431853890419,0.4950096845626831
8785,0.49889836013317107,8785,0.54431853890419,0.4950096845626831
8786,0.49889836013317107,8786,0.54431853890419,0.4950096845626831
8787,0.49889836013317107,8787,0.54431853890419,0.4950096845626831
8788,0.49889836013317107,8788,0.54431853890419,0.4950096845626831
8789,0.49889836013317107,8789,0.54431853890419,0.4950096845626831
8790,0.49889836013317107,8790,0.54431853890419,0.4950096845626831
8791,0.49889836013317107,8791,0.54431853890419,0.4950096845626831
8792,0.49889836013317107,8792,0.54431853890419,0.4950096845626831
8793,0.49889836013317107,8793,0.54431853890419,0.4950096845626831
8794,0.49889836013317107,8794,0.54431853890419,0.4950096845626831
8795,0.49889836013317107,8795,0.54431853890419,0.4950096845626831
8796,0.49889836013317107,8796,0.54431853890419,0.4950096845626831
8797,0.49889836013317107,8797,0.54431853890419,0.4950096845626831
8798,0.49889836013317107,8798,0.54431853890419,0.4950096845626831
8799,0.49889836013317107,8799,0.54431853890419,0.4950096845626831
8800,0.49889836013317107,8800,0.54431853890419,0.4950096845626831
8801,0.49889836013317107,8801,0.54431853890419,0.4950096845626831
8802,0.49889836013317107,8802,0.54431853890419,0.4950096845626831
8803,0.49889836013317107,8803,0.54431853890419,0.4950096845626831
8804,0.49889836013317107,8804,0.54431853890419,0.4950096845626831
8805,0.49889836013317107,8805,0.54431853890419,0.4950096845626831
8806,0.49889836013317107,8806,0.54431853890419,0.4950096845626831
8807,0.49889836013317107,8807,0.54431853890419,0.4950096845626831
8808,0.49889836013317107,8808,0.54431853890419,0.4950096845626831
8809,0.49889836013317107,8809,0.54431853890419,0.4950096845626831
8810,0.49889836013317107,8810,0.54431853890419,0.4950096845626831
8811,0.49889836013317107,8811,0.54431853890419,0.4950096845626831
8812,0.49889836013317107,8812,0.54431853890419,0.4950096845626831
8813,0.49889836013317107,8813,0.54431853890419,0.4950096845626831
8814,0.49889836013317107,8814,0.54431853890419,0.4950096845626831
8815,0.49889836013317107,8815,0.54431853890419,0.4950096845626831
8816,0.49889836013317107,8816,0.54431853890419,0.4950096845626831
8817,0.49889836013317107,8817,0.54431853890419,0.4950096845626831
8818,0.49889836013317107,8818,0.54431853890419,0.4950096845626831
8819,0.49889836013317107,8819,0.54431853890419,0.4950096845626831
8820,0.49889836013317107,8820,0.54431853890419,0.4950096845626831
8821,0.49889836013317107,8821,0.54431853890419,0.4950096845626831
8822,0.49889836013317107,8822,0.54431853890419,0.4950096845626831
8823,0.49889836013317107,8823,0.54431853890419,0.4950096845626831
8824,0.49889836013317107,8824,0.54431853890419,0.4950096845626831
8825,0.49889836013317107,8825,0.54431853890419,0.4950096845626831
8826,0.49889836013317107,8826,0.54431853890419,0.4950096845626831
8827,0.49889836013317107,8827,0.54431853890419,0.4950096845626831
8828,0.49889836013317107,8828,0.54431853890419,0.4950096845626831
8829,0.49889836013317107,8829,0.54431853890419,0.4950096845626831
8830,0.49889836013317107,8830,0.54431853890419,0.4950096845626831
8831,0.49889836013317107,8831,0.54431853890419,0.4950096845626831
8832,0.49889836013317107,8832,0.54431853890419,0.4950096845626831
8833,0.49889836013317107,8833,0.54431853890419,0.4950096845626831
8834,0.49889836013317107,8834,0.54431853890419,0.4950096845626831
8835,0.49889836013317107,8835,0.54431853890419,0.4950096845626831
8836,0.49889836013317107,8836,0.54431853890419,0.4950096845626831
8837,0.49889836013317107,8837,0.54431853890419,0.4950096845626831
8838,0.49889836013317107,8838,0.54431853890419,0.4950096845626831
8839,0.49889836013317107,8839,0.54431853890419,0.4950096845626831
8840,0.49889836013317107,8840,0.54431853890419,0.4950096845626831
8841,0.49889836013317107,8841,0.54431853890419,0.4950096845626831
8842,0.49889836013317107,8842,0.54431853890419,0.4950096845626831
8843,0.49889836013317107,8843,0.54431853890419,0.4950096845626831
8844,0.49889836013317107,8844,0.54431853890419,0.4950096845626831
8845,0.49889836013317107,8845,0.54431853890419,0.4950096845626831
8846,0.49889836013317107,8846,0.54431853890419,0.4950096845626831
8847,0.49889836013317107,8847,0.54431853890419,0.4950096845626831
8848,0.49889836013317107,8848,0.54431853890419,0.4950096845626831
8849,0.49889836013317107,8849,0.54431853890419,0.4950096845626831
8850,0.49889836013317107,8850,0.54431853890419,0.4950096845626831
8851,0.49889836013317107,8851,0.54431853890419,0.4950096845626831
8852,0.49889836013317107,8852,0.54431853890419,0.4950096845626831
8853,0.49889836013317107,8853,0.54431853890419,0.4950096845626831
8854,0.49889836013317107,8854,0.54431853890419,0.4950096845626831
8855,0.49889836013317107,8855,0.54431853890419,0.4950096845626831
8856,0.49889836013317107,8856,0.54431853890419,0.4950096845626831
8857,0.49889836013317107,8857,0.54431853890419,0.4950096845626831
8858,0.49889836013317107,8858,0.54431853890419,0.4950096845626831
8859,0.49889836013317107,8859,0.54431853890419,0.4950096845626831
8860,0.49889836013317107,8860,0.54431853890419,0.4950096845626831
8861,0.49889836013317107,8861,0.54431853890419,0.4950096845626831
8862,0.49889836013317107,8862,0.54431853890419,0.4950096845626831
8863,0.49889836013317107,8863,0.54431853890419,0.4950096845626831
8864,0.49889836013317107,8864,0.54431853890419,0.4950096845626831
8865,0.49889836013317107,8865,0.54431853890419,0.4950096845626831
8866,0.49889836013317107,8866,0.54431853890419,0.4950096845626831
8867,0.49889836013317107,8867,0.54431853890419,0.4950096845626831
8868,0.49889836013317107,8868,0.54431853890419,0.4950096845626831
8869,0.49889836013317107,8869,0.54431853890419,0.4950096845626831
8870,0.49889836013317107,8870,0.54431853890419,0.4950096845626831
8871,0.49889836013317107,8871,0.54431853890419,0.4950096845626831
8872,0.49889836013317107,8872,0.54431853890419,0.4950096845626831
8873,0.49889836013317107,8873,0.54431853890419,0.4950096845626831
8874,0.49889836013317107,8874,0.54431853890419,0.4950096845626831
8875,0.49889836013317107,8875,0.54431853890419,0.4950096845626831
8876,0.49889836013317107,8876,0.54431853890419,0.4950096845626831
8877,0.49889836013317107,8877,0.54431853890419,0.4950096845626831
8878,0.49889836013317107,8878,0.54431853890419,0.4950096845626831
8879,0.49889836013317107,8879,0.54431853890419,0.4950096845626831
8880,0.49889836013317107,8880,0.54431853890419,0.4950096845626831
8881,0.49889836013317107,8881,0.54431853890419,0.4950096845626831
8882,0.49889836013317107,8882,0.54431853890419,0.4950096845626831
8883,0.49889836013317107,8883,0.54431853890419,0.4950096845626831
8884,0.49889836013317107,8884,0.54431853890419,0.4950096845626831
8885,0.49889836013317107,8885,0.54431853890419,0.4950096845626831
8886,0.49889836013317107,8886,0.54431853890419,0.4950096845626831
8887,0.49889836013317107,8887,0.54431853890419,0.4950096845626831
8888,0.49889836013317107,8888,0.54431853890419,0.4950096845626831
8889,0.49889836013317107,8889,0.54431853890419,0.4950096845626831
8890,0.49889836013317107,8890,0.54431853890419,0.4950096845626831
8891,0.49889836013317107,8891,0.54431853890419,0.4950096845626831
8892,0.49889836013317107,8892,0.54431853890419,0.4950096845626831
8893,0.49889836013317107,8893,0.54431853890419,0.4950096845626831
8894,0.49889836013317107,8894,0.54431853890419,0.4950096845626831
8895,0.49889836013317107,8895,0.54431853890419,0.4950096845626831
8896,0.49889836013317107,8896,0.54431853890419,0.4950096845626831
8897,0.49889836013317107,8897,0.54431853890419,0.4950096845626831
8898,0.49889836013317107,8898,0.54431853890419,0.4950096845626831
8899,0.49889836013317107,8899,0.54431853890419,0.4950096845626831
8900,0.49889836013317107,8900,0.54431853890419,0.4950096845626831
8901,0.49889836013317107,8901,0.54431853890419,0.4950096845626831
8902,0.49889836013317107,8902,0.54431853890419,0.4950096845626831
8903,0.49889836013317107,8903,0.54431853890419,0.4950096845626831
8904,0.49889836013317107,8904,0.54431853890419,0.4950096845626831
8905,0.49889836013317107,8905,0.54431853890419,0.4950096845626831
8906,0.49889836013317107,8906,0.54431853890419,0.4950096845626831
8907,0.49889836013317107,8907,0.54431853890419,0.4950096845626831
8908,0.49889836013317107,8908,0.54431853890419,0.4950096845626831
8909,0.49889836013317107,8909,0.54431853890419,0.4950096845626831
8910,0.49889836013317107,8910,0.54431853890419,0.4950096845626831
8911,0.49889836013317107,8911,0.54431853890419,0.4950096845626831
8912,0.49889836013317107,8912,0.54431853890419,0.4950096845626831
8913,0.49889836013317107,8913,0.54431853890419,0.4950096845626831
8914,0.49889836013317107,8914,0.54431853890419,0.4950096845626831
8915,0.49889836013317107,8915,0.54431853890419,0.4950096845626831
8916,0.49889836013317107,8916,0.54431853890419,0.4950096845626831
8917,0.49889836013317107,8917,0.54431853890419,0.4950096845626831
8918,0.49889836013317107,8918,0.54431853890419,0.4950096845626831
8919,0.49889836013317107,8919,0.54431853890419,0.4950096845626831
8920,0.49889836013317107,8920,0.54431853890419,0.4950096845626831
8921,0.49889836013317107,8921,0.54431853890419,0.4950096845626831
8922,0.49889836013317107,8922,0.54431853890419,0.4950096845626831
8923,0.49889836013317107,8923,0.54431853890419,0.4950096845626831
8924,0.49889836013317107,8924,0.54431853890419,0.4950096845626831
8925,0.49889836013317107,8925,0.54431853890419,0.4950096845626831
8926,0.49889836013317107,8926,0.54431853890419,0.4950096845626831
8927,0.49889836013317107,8927,0.54431853890419,0.4950096845626831
8928,0.49889836013317107,8928,0.54431853890419,0.4950096845626831
8929,0.49889836013317107,8929,0.54431853890419,0.4950096845626831
8930,0.49889836013317107,8930,0.54431853890419,0.4950096845626831
8931,0.49889836013317107,8931,0.54431853890419,0.4950096845626831
8932,0.49889836013317107,8932,0.54431853890419,0.4950096845626831
8933,0.49889836013317107,8933,0.54431853890419,0.4950096845626831
8934,0.49889836013317107,8934,0.54431853890419,0.4950096845626831
8935,0.49889836013317107,8935,0.54431853890419,0.4950096845626831
8936,0.49889836013317107,8936,0.54431853890419,0.4950096845626831
8937,0.49889836013317107,8937,0.54431853890419,0.4950096845626831
8938,0.49889836013317107,8938,0.54431853890419,0.4950096845626831
8939,0.49889836013317107,8939,0.54431853890419,0.4950096845626831
8940,0.49889836013317107,8940,0.54431853890419,0.4950096845626831
8941,0.49889836013317107,8941,0.54431853890419,0.4950096845626831
8942,0.49889836013317107,8942,0.54431853890419,0.4950096845626831
8943,0.49889836013317107,8943,0.54431853890419,0.4950096845626831
8944,0.49889836013317107,8944,0.54431853890419,0.4950096845626831
8945,0.49889836013317107,8945,0.54431853890419,0.4950096845626831
8946,0.49889836013317107,8946,0.54431853890419,0.4950096845626831
8947,0.49889836013317107,8947,0.54431853890419,0.4950096845626831
8948,0.49889836013317107,8948,0.54431853890419,0.4950096845626831
8949,0.49889836013317107,8949,0.54431853890419,0.4950096845626831
8950,0.49889836013317107,8950,0.54431853890419,0.4950096845626831
8951,0.49889836013317107,8951,0.54431853890419,0.4950096845626831
8952,0.49889836013317107,8952,0.54431853890419,0.4950096845626831
8953,0.49889836013317107,8953,0.54431853890419,0.4950096845626831
8954,0.49889836013317107,8954,0.54431853890419,0.4950096845626831
8955,0.49889836013317107,8955,0.54431853890419,0.4950096845626831
8956,0.49889836013317107,8956,0.54431853890419,0.4950096845626831
8957,0.49889836013317107,8957,0.54431853890419,0.4950096845626831
8958,0.49889836013317107,8958,0.54431853890419,0.4950096845626831
8959,0.49889836013317107,8959,0.54431853890419,0.4950096845626831
8960,0.49889836013317107,8960,0.54431853890419,0.4950096845626831
8961,0.49889836013317107,8961,0.54431853890419,0.4950096845626831
8962,0.49889836013317107,8962,0.54431853890419,0.4950096845626831
8963,0.49889836013317107,8963,0.54431853890419,0.4950096845626831
8964,0.49889836013317107,8964,0.54431853890419,0.4950096845626831
8965,0.49889836013317107,8965,0.54431853890419,0.4950096845626831
8966,0.49889836013317107,8966,0.54431853890419,0.4950096845626831
8967,0.49889836013317107,8967,0.54431853890419,0.4950096845626831
8968,0.49889836013317107,8968,0.54431853890419,0.4950096845626831
8969,0.49889836013317107,8969,0.54431853890419,0.4950096845626831
8970,0.49889836013317107,8970,0.54431853890419,0.4950096845626831
8971,0.49889836013317107,8971,0.54431853890419,0.4950096845626831
8972,0.49889836013317107,8972,0.54431853890419,0.4950096845626831
8973,0.49889836013317107,8973,0.54431853890419,0.4950096845626831
8974,0.49889836013317107,8974,0.54431853890419,0.4950096845626831
8975,0.49889836013317107,8975,0.54431853890419,0.4950096845626831
8976,0.49889836013317107,8976,0.54431853890419,0.4950096845626831
8977,0.49889836013317107,8977,0.54431853890419,0.4950096845626831
8978,0.49889836013317107,8978,0.54431853890419,0.4950096845626831
8979,0.49889836013317107,8979,0.54431853890419,0.4950096845626831
8980,0.49889836013317107,8980,0.54431853890419,0.4950096845626831
8981,0.49889836013317107,8981,0.54431853890419,0.4950096845626831
8982,0.49889836013317107,8982,0.54431853890419,0.4950096845626831
8983,0.49889836013317107,8983,0.54431853890419,0.4950096845626831
8984,0.49889836013317107,8984,0.54431853890419,0.4950096845626831
8985,0.49889836013317107,8985,0.54431853890419,0.4950096845626831
8986,0.49889836013317107,8986,0.54431853890419,0.4950096845626831
8987,0.49889836013317107,8987,0.54431853890419,0.4950096845626831
8988,0.49889836013317107,8988,0.54431853890419,0.4950096845626831
8989,0.49889836013317107,8989,0.54431853890419,0.4950096845626831
8990,0.49889836013317107,8990,0.54431853890419,0.4950096845626831
8991,0.49889836013317107,8991,0.54431853890419,0.4950096845626831
8992,0.49889836013317107,8992,0.54431853890419,0.4950096845626831
8993,0.49889836013317107,8993,0.54431853890419,0.4950096845626831
8994,0.49889836013317107,8994,0.54431853890419,0.4950096845626831
8995,0.49889836013317107,8995,0.54431853890419,0.4950096845626831
8996,0.49889836013317107,8996,0.54431853890419,0.4950096845626831
8997,0.49889836013317107,8997,0.54431853890419,0.4950096845626831
8998,0.49889836013317107,8998,0.54431853890419,0.4950096845626831
8999,0.49889836013317107,8999,0.54431853890419,0.4950096845626831
9000,0.4989023208618164,9000,0.5443549811840057,0.49500119388103486
9001,0.4989023208618164,9001,0.5443549811840057,0.49500119388103486
9002,0.4989023208618164,9002,0.5443549811840057,0.49500119388103486
9003,0.4989023208618164,9003,0.5443549811840057,0.49500119388103486
9004,0.4989023208618164,9004,0.5443549811840057,0.49500119388103486
9005,0.4989023208618164,9005,0.5443549811840057,0.49500119388103486
9006,0.4989023208618164,9006,0.5443549811840057,0.49500119388103486
9007,0.4989023208618164,9007,0.5443549811840057,0.49500119388103486
9008,0.4989023208618164,9008,0.5443549811840057,0.49500119388103486
9009,0.4989023208618164,9009,0.5443549811840057,0.49500119388103486
9010,0.4989023208618164,9010,0.5443549811840057,0.49500119388103486
9011,0.4989023208618164,9011,0.5443549811840057,0.49500119388103486
9012,0.4989023208618164,9012,0.5443549811840057,0.49500119388103486
9013,0.4989023208618164,9013,0.5443549811840057,0.49500119388103486
9014,0.4989023208618164,9014,0.5443549811840057,0.49500119388103486
9015,0.4989023208618164,9015,0.5443549811840057,0.49500119388103486
9016,0.4989023208618164,9016,0.5443549811840057,0.49500119388103486
9017,0.4989023208618164,9017,0.5443549811840057,0.49500119388103486
9018,0.4989023208618164,9018,0.5443549811840057,0.49500119388103486
9019,0.4989023208618164,9019,0.5443549811840057,0.49500119388103486
9020,0.4989023208618164,9020,0.5443549811840057,0.49500119388103486
9021,0.4989023208618164,9021,0.5443549811840057,0.49500119388103486
9022,0.4989023208618164,9022,0.5443549811840057,0.49500119388103486
9023,0.4989023208618164,9023,0.5443549811840057,0.49500119388103486
9024,0.4989023208618164,9024,0.5443549811840057,0.49500119388103486
9025,0.4989023208618164,9025,0.5443549811840057,0.49500119388103486
9026,0.4989023208618164,9026,0.5443549811840057,0.49500119388103486
9027,0.4989023208618164,9027,0.5443549811840057,0.49500119388103486
9028,0.4989023208618164,9028,0.5443549811840057,0.49500119388103486
9029,0.4989023208618164,9029,0.5443549811840057,0.49500119388103486
9030,0.4989023208618164,9030,0.5443549811840057,0.49500119388103486
9031,0.4989023208618164,9031,0.5443549811840057,0.49500119388103486
9032,0.4989023208618164,9032,0.5443549811840057,0.49500119388103486
9033,0.4989023208618164,9033,0.5443549811840057,0.49500119388103486
9034,0.4989023208618164,9034,0.5443549811840057,0.49500119388103486
9035,0.4989023208618164,9035,0.5443549811840057,0.49500119388103486
9036,0.4989023208618164,9036,0.5443549811840057,0.49500119388103486
9037,0.4989023208618164,9037,0.5443549811840057,0.49500119388103486
9038,0.4989023208618164,9038,0.5443549811840057,0.49500119388103486
9039,0.4989023208618164,9039,0.5443549811840057,0.49500119388103486
9040,0.4989023208618164,9040,0.5443549811840057,0.49500119388103486
9041,0.4989023208618164,9041,0.5443549811840057,0.49500119388103486
9042,0.4989023208618164,9042,0.5443549811840057,0.49500119388103486
9043,0.4989023208618164,9043,0.5443549811840057,0.49500119388103486
9044,0.4989023208618164,9044,0.5443549811840057,0.49500119388103486
9045,0.4989023208618164,9045,0.5443549811840057,0.49500119388103486
9046,0.4989023208618164,9046,0.5443549811840057,0.49500119388103486
9047,0.4989023208618164,9047,0.5443549811840057,0.49500119388103486
9048,0.4989023208618164,9048,0.5443549811840057,0.49500119388103486
9049,0.4989023208618164,9049,0.5443549811840057,0.49500119388103486
9050,0.4989023208618164,9050,0.5443549811840057,0.49500119388103486
9051,0.4989023208618164,9051,0.5443549811840057,0.49500119388103486
9052,0.4989023208618164,9052,0.5443549811840057,0.49500119388103486
9053,0.4989023208618164,9053,0.5443549811840057,0.49500119388103486
9054,0.4989023208618164,9054,0.5443549811840057,0.49500119388103486
9055,0.4989023208618164,9055,0.5443549811840057,0.49500119388103486
9056,0.4989023208618164,9056,0.5443549811840057,0.49500119388103486
9057,0.4989023208618164,9057,0.5443549811840057,0.49500119388103486
9058,0.4989023208618164,9058,0.5443549811840057,0.49500119388103486
9059,0.4989023208618164,9059,0.5443549811840057,0.49500119388103486
9060,0.4989023208618164,9060,0.5443549811840057,0.49500119388103486
9061,0.4989023208618164,9061,0.5443549811840057,0.49500119388103486
9062,0.4989023208618164,9062,0.5443549811840057,0.49500119388103486
9063,0.4989023208618164,9063,0.5443549811840057,0.49500119388103486
9064,0.4989023208618164,9064,0.5443549811840057,0.49500119388103486
9065,0.4989023208618164,9065,0.5443549811840057,0.49500119388103486
9066,0.4989023208618164,9066,0.5443549811840057,0.49500119388103486
9067,0.4989023208618164,9067,0.5443549811840057,0.49500119388103486
9068,0.4989023208618164,9068,0.5443549811840057,0.49500119388103486
9069,0.4989023208618164,9069,0.5443549811840057,0.49500119388103486
9070,0.4989023208618164,9070,0.5443549811840057,0.49500119388103486
9071,0.4989023208618164,9071,0.5443549811840057,0.49500119388103486
9072,0.4989023208618164,9072,0.5443549811840057,0.49500119388103486
9073,0.4989023208618164,9073,0.5443549811840057,0.49500119388103486
9074,0.4989023208618164,9074,0.5443549811840057,0.49500119388103486
9075,0.4989023208618164,9075,0.5443549811840057,0.49500119388103486
9076,0.4989023208618164,9076,0.5443549811840057,0.49500119388103486
9077,0.4989023208618164,9077,0.5443549811840057,0.49500119388103486
9078,0.4989023208618164,9078,0.5443549811840057,0.49500119388103486
9079,0.4989023208618164,9079,0.5443549811840057,0.49500119388103486
9080,0.4989023208618164,9080,0.5443549811840057,0.49500119388103486
9081,0.4989023208618164,9081,0.5443549811840057,0.49500119388103486
9082,0.4989023208618164,9082,0.5443549811840057,0.49500119388103486
9083,0.4989023208618164,9083,0.5443549811840057,0.49500119388103486
9084,0.4989023208618164,9084,0.5443549811840057,0.49500119388103486
9085,0.4989023208618164,9085,0.5443549811840057,0.49500119388103486
9086,0.4989023208618164,9086,0.5443549811840057,0.49500119388103486
9087,0.4989023208618164,9087,0.5443549811840057,0.49500119388103486
9088,0.4989023208618164,9088,0.5443549811840057,0.49500119388103486
9089,0.4989023208618164,9089,0.5443549811840057,0.49500119388103486
9090,0.4989023208618164,9090,0.5443549811840057,0.49500119388103486
9091,0.4989023208618164,9091,0.5443549811840057,0.49500119388103486
9092,0.4989023208618164,9092,0.5443549811840057,0.49500119388103486
9093,0.4989023208618164,9093,0.5443549811840057,0.49500119388103486
9094,0.4989023208618164,9094,0.5443549811840057,0.49500119388103486
9095,0.4989023208618164,9095,0.5443549811840057,0.49500119388103486
9096,0.4989023208618164,9096,0.5443549811840057,0.49500119388103486
9097,0.4989023208618164,9097,0.5443549811840057,0.49500119388103486
9098,0.4989023208618164,9098,0.5443549811840057,0.49500119388103486
9099,0.4989023208618164,9099,0.5443549811840057,0.49500119388103486
9100,0.4989023208618164,9100,0.5443549811840057,0.49500119388103486
9101,0.4989023208618164,9101,0.5443549811840057,0.49500119388103486
9102,0.4989023208618164,9102,0.5443549811840057,0.49500119388103486
9103,0.4989023208618164,9103,0.5443549811840057,0.49500119388103486
9104,0.4989023208618164,9104,0.5443549811840057,0.49500119388103486
9105,0.4989023208618164,9105,0.5443549811840057,0.49500119388103486
9106,0.4989023208618164,9106,0.5443549811840057,0.49500119388103486
9107,0.4989023208618164,9107,0.5443549811840057,0.49500119388103486
9108,0.4989023208618164,9108,0.5443549811840057,0.49500119388103486
9109,0.4989023208618164,9109,0.5443549811840057,0.49500119388103486
9110,0.4989023208618164,9110,0.5443549811840057,0.49500119388103486
9111,0.4989023208618164,9111,0.5443549811840057,0.49500119388103486
9112,0.4989023208618164,9112,0.5443549811840057,0.49500119388103486
9113,0.4989023208618164,9113,0.5443549811840057,0.49500119388103486
9114,0.4989023208618164,9114,0.5443549811840057,0.49500119388103486
9115,0.4989023208618164,9115,0.5443549811840057,0.49500119388103486
9116,0.4989023208618164,9116,0.5443549811840057,0.49500119388103486
9117,0.4989023208618164,9117,0.5443549811840057,0.49500119388103486
9118,0.4989023208618164,9118,0.5443549811840057,0.49500119388103486
9119,0.4989023208618164,9119,0.5443549811840057,0.49500119388103486
9120,0.4989023208618164,9120,0.5443549811840057,0.49500119388103486
9121,0.4989023208618164,9121,0.5443549811840057,0.49500119388103486
9122,0.4989023208618164,9122,0.5443549811840057,0.49500119388103486
9123,0.4989023208618164,9123,0.5443549811840057,0.49500119388103486
9124,0.4989023208618164,9124,0.5443549811840057,0.49500119388103486
9125,0.4989023208618164,9125,0.5443549811840057,0.49500119388103486
9126,0.4989023208618164,9126,0.5443549811840057,0.49500119388103486
9127,0.4989023208618164,9127,0.5443549811840057,0.49500119388103486
9128,0.4989023208618164,9128,0.5443549811840057,0.49500119388103486
9129,0.4989023208618164,9129,0.5443549811840057,0.49500119388103486
9130,0.4989023208618164,9130,0.5443549811840057,0.49500119388103486
9131,0.4989023208618164,9131,0.5443549811840057,0.49500119388103486
9132,0.4989023208618164,9132,0.5443549811840057,0.49500119388103486
9133,0.4989023208618164,9133,0.5443549811840057,0.49500119388103486
9134,0.4989023208618164,9134,0.5443549811840057,0.49500119388103486
9135,0.4989023208618164,9135,0.5443549811840057,0.49500119388103486
9136,0.4989023208618164,9136,0.5443549811840057,0.49500119388103486
9137,0.4989023208618164,9137,0.5443549811840057,0.49500119388103486
9138,0.4989023208618164,9138,0.5443549811840057,0.49500119388103486
9139,0.4989023208618164,9139,0.5443549811840057,0.49500119388103486
9140,0.4989023208618164,9140,0.5443549811840057,0.49500119388103486
9141,0.4989023208618164,9141,0.5443549811840057,0.49500119388103486
9142,0.4989023208618164,9142,0.5443549811840057,0.49500119388103486
9143,0.4989023208618164,9143,0.5443549811840057,0.49500119388103486
9144,0.4989023208618164,9144,0.5443549811840057,0.49500119388103486
9145,0.4989023208618164,9145,0.5443549811840057,0.49500119388103486
9146,0.4989023208618164,9146,0.5443549811840057,0.49500119388103486
9147,0.4989023208618164,9147,0.5443549811840057,0.49500119388103486
9148,0.4989023208618164,9148,0.5443549811840057,0.49500119388103486
9149,0.4989023208618164,9149,0.5443549811840057,0.49500119388103486
9150,0.4989023208618164,9150,0.5443549811840057,0.49500119388103486
9151,0.4989023208618164,9151,0.5443549811840057,0.49500119388103486
9152,0.4989023208618164,9152,0.5443549811840057,0.49500119388103486
9153,0.4989023208618164,9153,0.5443549811840057,0.49500119388103486
9154,0.4989023208618164,9154,0.5443549811840057,0.49500119388103486
9155,0.4989023208618164,9155,0.5443549811840057,0.49500119388103486
9156,0.4989023208618164,9156,0.5443549811840057,0.49500119388103486
9157,0.4989023208618164,9157,0.5443549811840057,0.49500119388103486
9158,0.4989023208618164,9158,0.5443549811840057,0.49500119388103486
9159,0.4989023208618164,9159,0.5443549811840057,0.49500119388103486
9160,0.4989023208618164,9160,0.5443549811840057,0.49500119388103486
9161,0.4989023208618164,9161,0.5443549811840057,0.49500119388103486
9162,0.4989023208618164,9162,0.5443549811840057,0.49500119388103486
9163,0.4989023208618164,9163,0.5443549811840057,0.49500119388103486
9164,0.4989023208618164,9164,0.5443549811840057,0.49500119388103486
9165,0.4989023208618164,9165,0.5443549811840057,0.49500119388103486
9166,0.4989023208618164,9166,0.5443549811840057,0.49500119388103486
9167,0.4989023208618164,9167,0.5443549811840057,0.49500119388103486
9168,0.4989023208618164,9168,0.5443549811840057,0.49500119388103486
9169,0.4989023208618164,9169,0.5443549811840057,0.49500119388103486
9170,0.4989023208618164,9170,0.5443549811840057,0.49500119388103486
9171,0.4989023208618164,9171,0.5443549811840057,0.49500119388103486
9172,0.4989023208618164,9172,0.5443549811840057,0.49500119388103486
9173,0.4989023208618164,9173,0.5443549811840057,0.49500119388103486
9174,0.4989023208618164,9174,0.5443549811840057,0.49500119388103486
9175,0.4989023208618164,9175,0.5443549811840057,0.49500119388103486
9176,0.4989023208618164,9176,0.5443549811840057,0.49500119388103486
9177,0.4989023208618164,9177,0.5443549811840057,0.49500119388103486
9178,0.4989023208618164,9178,0.5443549811840057,0.49500119388103486
9179,0.4989023208618164,9179,0.5443549811840057,0.49500119388103486
9180,0.4989023208618164,9180,0.5443549811840057,0.49500119388103486
9181,0.4989023208618164,9181,0.5443549811840057,0.49500119388103486
9182,0.4989023208618164,9182,0.5443549811840057,0.49500119388103486
9183,0.4989023208618164,9183,0.5443549811840057,0.49500119388103486
9184,0.4989023208618164,9184,0.5443549811840057,0.49500119388103486
9185,0.4989023208618164,9185,0.5443549811840057,0.49500119388103486
9186,0.4989023208618164,9186,0.5443549811840057,0.49500119388103486
9187,0.4989023208618164,9187,0.5443549811840057,0.49500119388103486
9188,0.4989023208618164,9188,0.5443549811840057,0.49500119388103486
9189,0.4989023208618164,9189,0.5443549811840057,0.49500119388103486
9190,0.4989023208618164,9190,0.5443549811840057,0.49500119388103486
9191,0.4989023208618164,9191,0.5443549811840057,0.49500119388103486
9192,0.4989023208618164,9192,0.5443549811840057,0.49500119388103486
9193,0.4989023208618164,9193,0.5443549811840057,0.49500119388103486
9194,0.4989023208618164,9194,0.5443549811840057,0.49500119388103486
9195,0.4989023208618164,9195,0.5443549811840057,0.49500119388103486
9196,0.4989023208618164,9196,0.5443549811840057,0.49500119388103486
9197,0.4989023208618164,9197,0.5443549811840057,0.49500119388103486
9198,0.4989023208618164,9198,0.5443549811840057,0.49500119388103486
9199,0.4989023208618164,9199,0.5443549811840057,0.49500119388103486
9200,0.4989023208618164,9200,0.5443549811840057,0.49500119388103486
9201,0.4989023208618164,9201,0.5443549811840057,0.49500119388103486
9202,0.4989023208618164,9202,0.5443549811840057,0.49500119388103486
9203,0.4989023208618164,9203,0.5443549811840057,0.49500119388103486
9204,0.4989023208618164,9204,0.5443549811840057,0.49500119388103486
9205,0.4989023208618164,9205,0.5443549811840057,0.49500119388103486
9206,0.4989023208618164,9206,0.5443549811840057,0.49500119388103486
9207,0.4989023208618164,9207,0.5443549811840057,0.49500119388103486
9208,0.4989023208618164,9208,0.5443549811840057,0.49500119388103486
9209,0.4989023208618164,9209,0.5443549811840057,0.49500119388103486
9210,0.4989023208618164,9210,0.5443549811840057,0.49500119388103486
9211,0.4989023208618164,9211,0.5443549811840057,0.49500119388103486
9212,0.4989023208618164,9212,0.5443549811840057,0.49500119388103486
9213,0.4989023208618164,9213,0.5443549811840057,0.49500119388103486
9214,0.4989023208618164,9214,0.5443549811840057,0.49500119388103486
9215,0.4989023208618164,9215,0.5443549811840057,0.49500119388103486
9216,0.4989023208618164,9216,0.5443549811840057,0.49500119388103486
9217,0.4989023208618164,9217,0.5443549811840057,0.49500119388103486
9218,0.4989023208618164,9218,0.5443549811840057,0.49500119388103486
9219,0.4989023208618164,9219,0.5443549811840057,0.49500119388103486
9220,0.4989023208618164,9220,0.5443549811840057,0.49500119388103486
9221,0.4989023208618164,9221,0.5443549811840057,0.49500119388103486
9222,0.4989023208618164,9222,0.5443549811840057,0.49500119388103486
9223,0.4989023208618164,9223,0.5443549811840057,0.49500119388103486
9224,0.4989023208618164,9224,0.5443549811840057,0.49500119388103486
9225,0.4989023208618164,9225,0.5443549811840057,0.49500119388103486
9226,0.4989023208618164,9226,0.5443549811840057,0.49500119388103486
9227,0.4989023208618164,9227,0.5443549811840057,0.49500119388103486
9228,0.4989023208618164,9228,0.5443549811840057,0.49500119388103486
9229,0.4989023208618164,9229,0.5443549811840057,0.49500119388103486
9230,0.4989023208618164,9230,0.5443549811840057,0.49500119388103486
9231,0.4989023208618164,9231,0.5443549811840057,0.49500119388103486
9232,0.4989023208618164,9232,0.5443549811840057,0.49500119388103486
9233,0.4989023208618164,9233,0.5443549811840057,0.49500119388103486
9234,0.4989023208618164,9234,0.5443549811840057,0.49500119388103486
9235,0.4989023208618164,9235,0.5443549811840057,0.49500119388103486
9236,0.4989023208618164,9236,0.5443549811840057,0.49500119388103486
9237,0.4989023208618164,9237,0.5443549811840057,0.49500119388103486
9238,0.4989023208618164,9238,0.5443549811840057,0.49500119388103486
9239,0.4989023208618164,9239,0.5443549811840057,0.49500119388103486
9240,0.4989023208618164,9240,0.5443549811840057,0.49500119388103486
9241,0.4989023208618164,9241,0.5443549811840057,0.49500119388103486
9242,0.4989023208618164,9242,0.5443549811840057,0.49500119388103486
9243,0.4989023208618164,9243,0.5443549811840057,0.49500119388103486
9244,0.4989023208618164,9244,0.5443549811840057,0.49500119388103486
9245,0.4989023208618164,9245,0.5443549811840057,0.49500119388103486
9246,0.4989023208618164,9246,0.5443549811840057,0.49500119388103486
9247,0.4989023208618164,9247,0.5443549811840057,0.49500119388103486
9248,0.4989023208618164,9248,0.5443549811840057,0.49500119388103486
9249,0.4989023208618164,9249,0.5443549811840057,0.49500119388103486
9250,0.49888193905353545,9250,0.5442888259887695,0.49512425661087034
9251,0.49888193905353545,9251,0.5442888259887695,0.49512425661087034
9252,0.49888193905353545,9252,0.5442888259887695,0.49512425661087034
9253,0.49888193905353545,9253,0.5442888259887695,0.49512425661087034
9254,0.49888193905353545,9254,0.5442888259887695,0.49512425661087034
9255,0.49888193905353545,9255,0.5442888259887695,0.49512425661087034
9256,0.49888193905353545,9256,0.5442888259887695,0.49512425661087034
9257,0.49888193905353545,9257,0.5442888259887695,0.49512425661087034
9258,0.49888193905353545,9258,0.5442888259887695,0.49512425661087034
9259,0.49888193905353545,9259,0.5442888259887695,0.49512425661087034
9260,0.49888193905353545,9260,0.5442888259887695,0.49512425661087034
9261,0.49888193905353545,9261,0.5442888259887695,0.49512425661087034
9262,0.49888193905353545,9262,0.5442888259887695,0.49512425661087034
9263,0.49888193905353545,9263,0.5442888259887695,0.49512425661087034
9264,0.49888193905353545,9264,0.5442888259887695,0.49512425661087034
9265,0.49888193905353545,9265,0.5442888259887695,0.49512425661087034
9266,0.49888193905353545,9266,0.5442888259887695,0.49512425661087034
9267,0.49888193905353545,9267,0.5442888259887695,0.49512425661087034
9268,0.49888193905353545,9268,0.5442888259887695,0.49512425661087034
9269,0.49888193905353545,9269,0.5442888259887695,0.49512425661087034
9270,0.49888193905353545,9270,0.5442888259887695,0.49512425661087034
9271,0.49888193905353545,9271,0.5442888259887695,0.49512425661087034
9272,0.49888193905353545,9272,0.5442888259887695,0.49512425661087034
9273,0.49888193905353545,9273,0.5442888259887695,0.49512425661087034
9274,0.49888193905353545,9274,0.5442888259887695,0.49512425661087034
9275,0.49888193905353545,9275,0.5442888259887695,0.49512425661087034
9276,0.49888193905353545,9276,0.5442888259887695,0.49512425661087034
9277,0.49888193905353545,9277,0.5442888259887695,0.49512425661087034
9278,0.49888193905353545,9278,0.5442888259887695,0.49512425661087034
9279,0.49888193905353545,9279,0.5442888259887695,0.49512425661087034
9280,0.49888193905353545,9280,0.5442888259887695,0.49512425661087034
9281,0.49888193905353545,9281,0.5442888259887695,0.49512425661087034
9282,0.49888193905353545,9282,0.5442888259887695,0.49512425661087034
9283,0.49888193905353545,9283,0.5442888259887695,0.49512425661087034
9284,0.49888193905353545,9284,0.5442888259887695,0.49512425661087034
9285,0.49888193905353545,9285,0.5442888259887695,0.49512425661087034
9286,0.49888193905353545,9286,0.5442888259887695,0.49512425661087034
9287,0.49888193905353545,9287,0.5442888259887695,0.49512425661087034
9288,0.49888193905353545,9288,0.5442888259887695,0.49512425661087034
9289,0.49888193905353545,9289,0.5442888259887695,0.49512425661087034
9290,0.49888193905353545,9290,0.5442888259887695,0.49512425661087034
9291,0.49888193905353545,9291,0.5442888259887695,0.49512425661087034
9292,0.49888193905353545,9292,0.5442888259887695,0.49512425661087034
9293,0.49888193905353545,9293,0.5442888259887695,0.49512425661087034
9294,0.49888193905353545,9294,0.5442888259887695,0.49512425661087034
9295,0.49888193905353545,9295,0.5442888259887695,0.49512425661087034
9296,0.49888193905353545,9296,0.5442888259887695,0.49512425661087034
9297,0.49888193905353545,9297,0.5442888259887695,0.49512425661087034
9298,0.49888193905353545,9298,0.5442888259887695,0.49512425661087034
9299,0.49888193905353545,9299,0.5442888259887695,0.49512425661087034
9300,0.49888193905353545,9300,0.5442888259887695,0.49512425661087034
9301,0.49888193905353545,9301,0.5442888259887695,0.49512425661087034
9302,0.49888193905353545,9302,0.5442888259887695,0.49512425661087034
9303,0.49888193905353545,9303,0.5442888259887695,0.49512425661087034
9304,0.49888193905353545,9304,0.5442888259887695,0.49512425661087034
9305,0.49888193905353545,9305,0.5442888259887695,0.49512425661087034
9306,0.49888193905353545,9306,0.5442888259887695,0.49512425661087034
9307,0.49888193905353545,9307,0.5442888259887695,0.49512425661087034
9308,0.49888193905353545,9308,0.5442888259887695,0.49512425661087034
9309,0.49888193905353545,9309,0.5442888259887695,0.49512425661087034
9310,0.49888193905353545,9310,0.5442888259887695,0.49512425661087034
9311,0.49888193905353545,9311,0.5442888259887695,0.49512425661087034
9312,0.49888193905353545,9312,0.5442888259887695,0.49512425661087034
9313,0.49888193905353545,9313,0.5442888259887695,0.49512425661087034
9314,0.49888193905353545,9314,0.5442888259887695,0.49512425661087034
9315,0.49888193905353545,9315,0.5442888259887695,0.49512425661087034
9316,0.49888193905353545,9316,0.5442888259887695,0.49512425661087034
9317,0.49888193905353545,9317,0.5442888259887695,0.49512425661087034
9318,0.49888193905353545,9318,0.5442888259887695,0.49512425661087034
9319,0.49888193905353545,9319,0.5442888259887695,0.49512425661087034
9320,0.49888193905353545,9320,0.5442888259887695,0.49512425661087034
9321,0.49888193905353545,9321,0.5442888259887695,0.49512425661087034
9322,0.49888193905353545,9322,0.5442888259887695,0.49512425661087034
9323,0.49888193905353545,9323,0.5442888259887695,0.49512425661087034
9324,0.49888193905353545,9324,0.5442888259887695,0.49512425661087034
9325,0.49888193905353545,9325,0.5442888259887695,0.49512425661087034
9326,0.49888193905353545,9326,0.5442888259887695,0.49512425661087034
9327,0.49888193905353545,9327,0.5442888259887695,0.49512425661087034
9328,0.49888193905353545,9328,0.5442888259887695,0.49512425661087034
9329,0.49888193905353545,9329,0.5442888259887695,0.49512425661087034
9330,0.49888193905353545,9330,0.5442888259887695,0.49512425661087034
9331,0.49888193905353545,9331,0.5442888259887695,0.49512425661087034
9332,0.49888193905353545,9332,0.5442888259887695,0.49512425661087034
9333,0.49888193905353545,9333,0.5442888259887695,0.49512425661087034
9334,0.49888193905353545,9334,0.5442888259887695,0.49512425661087034
9335,0.49888193905353545,9335,0.5442888259887695,0.49512425661087034
9336,0.49888193905353545,9336,0.5442888259887695,0.49512425661087034
9337,0.49888193905353545,9337,0.5442888259887695,0.49512425661087034
9338,0.49888193905353545,9338,0.5442888259887695,0.49512425661087034
9339,0.49888193905353545,9339,0.5442888259887695,0.49512425661087034
9340,0.49888193905353545,9340,0.5442888259887695,0.49512425661087034
9341,0.49888193905353545,9341,0.5442888259887695,0.49512425661087034
9342,0.49888193905353545,9342,0.5442888259887695,0.49512425661087034
9343,0.49888193905353545,9343,0.5442888259887695,0.49512425661087034
9344,0.49888193905353545,9344,0.5442888259887695,0.49512425661087034
9345,0.49888193905353545,9345,0.5442888259887695,0.49512425661087034
9346,0.49888193905353545,9346,0.5442888259887695,0.49512425661087034
9347,0.49888193905353545,9347,0.5442888259887695,0.49512425661087034
9348,0.49888193905353545,9348,0.5442888259887695,0.49512425661087034
9349,0.49888193905353545,9349,0.5442888259887695,0.49512425661087034
9350,0.49888193905353545,9350,0.5442888259887695,0.49512425661087034
9351,0.49888193905353545,9351,0.5442888259887695,0.49512425661087034
9352,0.49888193905353545,9352,0.5442888259887695,0.49512425661087034
9353,0.49888193905353545,9353,0.5442888259887695,0.49512425661087034
9354,0.49888193905353545,9354,0.5442888259887695,0.49512425661087034
9355,0.49888193905353545,9355,0.5442888259887695,0.49512425661087034
9356,0.49888193905353545,9356,0.5442888259887695,0.49512425661087034
9357,0.49888193905353545,9357,0.5442888259887695,0.49512425661087034
9358,0.49888193905353545,9358,0.5442888259887695,0.49512425661087034
9359,0.49888193905353545,9359,0.5442888259887695,0.49512425661087034
9360,0.49888193905353545,9360,0.5442888259887695,0.49512425661087034
9361,0.49888193905353545,9361,0.5442888259887695,0.49512425661087034
9362,0.49888193905353545,9362,0.5442888259887695,0.49512425661087034
9363,0.49888193905353545,9363,0.5442888259887695,0.49512425661087034
9364,0.49888193905353545,9364,0.5442888259887695,0.49512425661087034
9365,0.49888193905353545,9365,0.5442888259887695,0.49512425661087034
9366,0.49888193905353545,9366,0.5442888259887695,0.49512425661087034
9367,0.49888193905353545,9367,0.5442888259887695,0.49512425661087034
9368,0.49888193905353545,9368,0.5442888259887695,0.49512425661087034
9369,0.49888193905353545,9369,0.5442888259887695,0.49512425661087034
9370,0.49888193905353545,9370,0.5442888259887695,0.49512425661087034
9371,0.49888193905353545,9371,0.5442888259887695,0.49512425661087034
9372,0.49888193905353545,9372,0.5442888259887695,0.49512425661087034
9373,0.49888193905353545,9373,0.5442888259887695,0.49512425661087034
9374,0.49888193905353545,9374,0.5442888259887695,0.49512425661087034
9375,0.49888193905353545,9375,0.5442888259887695,0.49512425661087034
9376,0.49888193905353545,9376,0.5442888259887695,0.49512425661087034
9377,0.49888193905353545,9377,0.5442888259887695,0.49512425661087034
9378,0.49888193905353545,9378,0.5442888259887695,0.49512425661087034
9379,0.49888193905353545,9379,0.5442888259887695,0.49512425661087034
9380,0.49888193905353545,9380,0.5442888259887695,0.49512425661087034
9381,0.49888193905353545,9381,0.5442888259887695,0.49512425661087034
9382,0.49888193905353545,9382,0.5442888259887695,0.49512425661087034
9383,0.49888193905353545,9383,0.5442888259887695,0.49512425661087034
9384,0.49888193905353545,9384,0.5442888259887695,0.49512425661087034
9385,0.49888193905353545,9385,0.5442888259887695,0.49512425661087034
9386,0.49888193905353545,9386,0.5442888259887695,0.49512425661087034
9387,0.49888193905353545,9387,0.5442888259887695,0.49512425661087034
9388,0.49888193905353545,9388,0.5442888259887695,0.49512425661087034
9389,0.49888193905353545,9389,0.5442888259887695,0.49512425661087034
9390,0.49888193905353545,9390,0.5442888259887695,0.49512425661087034
9391,0.49888193905353545,9391,0.5442888259887695,0.49512425661087034
9392,0.49888193905353545,9392,0.5442888259887695,0.49512425661087034
9393,0.49888193905353545,9393,0.5442888259887695,0.49512425661087034
9394,0.49888193905353545,9394,0.5442888259887695,0.49512425661087034
9395,0.49888193905353545,9395,0.5442888259887695,0.49512425661087034
9396,0.49888193905353545,9396,0.5442888259887695,0.49512425661087034
9397,0.49888193905353545,9397,0.5442888259887695,0.49512425661087034
9398,0.49888193905353545,9398,0.5442888259887695,0.49512425661087034
9399,0.49888193905353545,9399,0.5442888259887695,0.49512425661087034
9400,0.49888193905353545,9400,0.5442888259887695,0.49512425661087034
9401,0.49888193905353545,9401,0.5442888259887695,0.49512425661087034
9402,0.49888193905353545,9402,0.5442888259887695,0.49512425661087034
9403,0.49888193905353545,9403,0.5442888259887695,0.49512425661087034
9404,0.49888193905353545,9404,0.5442888259887695,0.49512425661087034
9405,0.49888193905353545,9405,0.5442888259887695,0.49512425661087034
9406,0.49888193905353545,9406,0.5442888259887695,0.49512425661087034
9407,0.49888193905353545,9407,0.5442888259887695,0.49512425661087034
9408,0.49888193905353545,9408,0.5442888259887695,0.49512425661087034
9409,0.49888193905353545,9409,0.5442888259887695,0.49512425661087034
9410,0.49888193905353545,9410,0.5442888259887695,0.49512425661087034
9411,0.49888193905353545,9411,0.5442888259887695,0.49512425661087034
9412,0.49888193905353545,9412,0.5442888259887695,0.49512425661087034
9413,0.49888193905353545,9413,0.5442888259887695,0.49512425661087034
9414,0.49888193905353545,9414,0.5442888259887695,0.49512425661087034
9415,0.49888193905353545,9415,0.5442888259887695,0.49512425661087034
9416,0.49888193905353545,9416,0.5442888259887695,0.49512425661087034
9417,0.49888193905353545,9417,0.5442888259887695,0.49512425661087034
9418,0.49888193905353545,9418,0.5442888259887695,0.49512425661087034
9419,0.49888193905353545,9419,0.5442888259887695,0.49512425661087034
9420,0.49888193905353545,9420,0.5442888259887695,0.49512425661087034
9421,0.49888193905353545,9421,0.5442888259887695,0.49512425661087034
9422,0.49888193905353545,9422,0.5442888259887695,0.49512425661087034
9423,0.49888193905353545,9423,0.5442888259887695,0.49512425661087034
9424,0.49888193905353545,9424,0.5442888259887695,0.49512425661087034
9425,0.49888193905353545,9425,0.5442888259887695,0.49512425661087034
9426,0.49888193905353545,9426,0.5442888259887695,0.49512425661087034
9427,0.49888193905353545,9427,0.5442888259887695,0.49512425661087034
9428,0.49888193905353545,9428,0.5442888259887695,0.49512425661087034
9429,0.49888193905353545,9429,0.5442888259887695,0.49512425661087034
9430,0.49888193905353545,9430,0.5442888259887695,0.49512425661087034
9431,0.49888193905353545,9431,0.5442888259887695,0.49512425661087034
9432,0.49888193905353545,9432,0.5442888259887695,0.49512425661087034
9433,0.49888193905353545,9433,0.5442888259887695,0.49512425661087034
9434,0.49888193905353545,9434,0.5442888259887695,0.49512425661087034
9435,0.49888193905353545,9435,0.5442888259887695,0.49512425661087034
9436,0.49888193905353545,9436,0.5442888259887695,0.49512425661087034
9437,0.49888193905353545,9437,0.5442888259887695,0.49512425661087034
9438,0.49888193905353545,9438,0.5442888259887695,0.49512425661087034
9439,0.49888193905353545,9439,0.5442888259887695,0.49512425661087034
9440,0.49888193905353545,9440,0.5442888259887695,0.49512425661087034
9441,0.49888193905353545,9441,0.5442888259887695,0.49512425661087034
9442,0.49888193905353545,9442,0.5442888259887695,0.49512425661087034
9443,0.49888193905353545,9443,0.5442888259887695,0.49512425661087034
9444,0.49888193905353545,9444,0.5442888259887695,0.49512425661087034
9445,0.49888193905353545,9445,0.5442888259887695,0.49512425661087034
9446,0.49888193905353545,9446,0.5442888259887695,0.49512425661087034
9447,0.49888193905353545,9447,0.5442888259887695,0.49512425661087034
9448,0.49888193905353545,9448,0.5442888259887695,0.49512425661087034
9449,0.49888193905353545,9449,0.5442888259887695,0.49512425661087034
9450,0.49888193905353545,9450,0.5442888259887695,0.49512425661087034
9451,0.49888193905353545,9451,0.5442888259887695,0.49512425661087034
9452,0.49888193905353545,9452,0.5442888259887695,0.49512425661087034
9453,0.49888193905353545,9453,0.5442888259887695,0.49512425661087034
9454,0.49888193905353545,9454,0.5442888259887695,0.49512425661087034
9455,0.49888193905353545,9455,0.5442888259887695,0.49512425661087034
9456,0.49888193905353545,9456,0.5442888259887695,0.49512425661087034
9457,0.49888193905353545,9457,0.5442888259887695,0.49512425661087034
9458,0.49888193905353545,9458,0.5442888259887695,0.49512425661087034
9459,0.49888193905353545,9459,0.5442888259887695,0.49512425661087034
9460,0.49888193905353545,9460,0.5442888259887695,0.49512425661087034
9461,0.49888193905353545,9461,0.5442888259887695,0.49512425661087034
9462,0.49888193905353545,9462,0.5442888259887695,0.49512425661087034
9463,0.49888193905353545,9463,0.5442888259887695,0.49512425661087034
9464,0.49888193905353545,9464,0.5442888259887695,0.49512425661087034
9465,0.49888193905353545,9465,0.5442888259887695,0.49512425661087034
9466,0.49888193905353545,9466,0.5442888259887695,0.49512425661087034
9467,0.49888193905353545,9467,0.5442888259887695,0.49512425661087034
9468,0.49888193905353545,9468,0.5442888259887695,0.49512425661087034
9469,0.49888193905353545,9469,0.5442888259887695,0.49512425661087034
9470,0.49888193905353545,9470,0.5442888259887695,0.49512425661087034
9471,0.49888193905353545,9471,0.5442888259887695,0.49512425661087034
9472,0.49888193905353545,9472,0.5442888259887695,0.49512425661087034
9473,0.49888193905353545,9473,0.5442888259887695,0.49512425661087034
9474,0.49888193905353545,9474,0.5442888259887695,0.49512425661087034
9475,0.49888193905353545,9475,0.5442888259887695,0.49512425661087034
9476,0.49888193905353545,9476,0.5442888259887695,0.49512425661087034
9477,0.49888193905353545,9477,0.5442888259887695,0.49512425661087034
9478,0.49888193905353545,9478,0.5442888259887695,0.49512425661087034
9479,0.49888193905353545,9479,0.5442888259887695,0.49512425661087034
9480,0.49888193905353545,9480,0.5442888259887695,0.49512425661087034
9481,0.49888193905353545,9481,0.5442888259887695,0.49512425661087034
9482,0.49888193905353545,9482,0.5442888259887695,0.49512425661087034
9483,0.49888193905353545,9483,0.5442888259887695,0.49512425661087034
9484,0.49888193905353545,9484,0.5442888259887695,0.49512425661087034
9485,0.49888193905353545,9485,0.5442888259887695,0.49512425661087034
9486,0.49888193905353545,9486,0.5442888259887695,0.49512425661087034
9487,0.49888193905353545,9487,0.5442888259887695,0.49512425661087034
9488,0.49888193905353545,9488,0.5442888259887695,0.49512425661087034
9489,0.49888193905353545,9489,0.5442888259887695,0.49512425661087034
9490,0.49888193905353545,9490,0.5442888259887695,0.49512425661087034
9491,0.49888193905353545,9491,0.5442888259887695,0.49512425661087034
9492,0.49888193905353545,9492,0.5442888259887695,0.49512425661087034
9493,0.49888193905353545,9493,0.5442888259887695,0.49512425661087034
9494,0.49888193905353545,9494,0.5442888259887695,0.49512425661087034
9495,0.49888193905353545,9495,0.5442888259887695,0.49512425661087034
9496,0.49888193905353545,9496,0.5442888259887695,0.49512425661087034
9497,0.49888193905353545,9497,0.5442888259887695,0.49512425661087034
9498,0.49888193905353545,9498,0.5442888259887695,0.49512425661087034
9499,0.49888193905353545,9499,0.5442888259887695,0.49512425661087034
9500,0.4988775193691254,9500,0.544002103805542,0.494745272397995
9501,0.4988775193691254,9501,0.544002103805542,0.494745272397995
9502,0.4988775193691254,9502,0.544002103805542,0.494745272397995
9503,0.4988775193691254,9503,0.544002103805542,0.494745272397995
9504,0.4988775193691254,9504,0.544002103805542,0.494745272397995
9505,0.4988775193691254,9505,0.544002103805542,0.494745272397995
9506,0.4988775193691254,9506,0.544002103805542,0.494745272397995
9507,0.4988775193691254,9507,0.544002103805542,0.494745272397995
9508,0.4988775193691254,9508,0.544002103805542,0.494745272397995
9509,0.4988775193691254,9509,0.544002103805542,0.494745272397995
9510,0.4988775193691254,9510,0.544002103805542,0.494745272397995
9511,0.4988775193691254,9511,0.544002103805542,0.494745272397995
9512,0.4988775193691254,9512,0.544002103805542,0.494745272397995
9513,0.4988775193691254,9513,0.544002103805542,0.494745272397995
9514,0.4988775193691254,9514,0.544002103805542,0.494745272397995
9515,0.4988775193691254,9515,0.544002103805542,0.494745272397995
9516,0.4988775193691254,9516,0.544002103805542,0.494745272397995
9517,0.4988775193691254,9517,0.544002103805542,0.494745272397995
9518,0.4988775193691254,9518,0.544002103805542,0.494745272397995
9519,0.4988775193691254,9519,0.544002103805542,0.494745272397995
9520,0.4988775193691254,9520,0.544002103805542,0.494745272397995
9521,0.4988775193691254,9521,0.544002103805542,0.494745272397995
9522,0.4988775193691254,9522,0.544002103805542,0.494745272397995
9523,0.4988775193691254,9523,0.544002103805542,0.494745272397995
9524,0.4988775193691254,9524,0.544002103805542,0.494745272397995
9525,0.4988775193691254,9525,0.544002103805542,0.494745272397995
9526,0.4988775193691254,9526,0.544002103805542,0.494745272397995
9527,0.4988775193691254,9527,0.544002103805542,0.494745272397995
9528,0.4988775193691254,9528,0.544002103805542,0.494745272397995
9529,0.4988775193691254,9529,0.544002103805542,0.494745272397995
9530,0.4988775193691254,9530,0.544002103805542,0.494745272397995
9531,0.4988775193691254,9531,0.544002103805542,0.494745272397995
9532,0.4988775193691254,9532,0.544002103805542,0.494745272397995
9533,0.4988775193691254,9533,0.544002103805542,0.494745272397995
9534,0.4988775193691254,9534,0.544002103805542,0.494745272397995
9535,0.4988775193691254,9535,0.544002103805542,0.494745272397995
9536,0.4988775193691254,9536,0.544002103805542,0.494745272397995
9537,0.4988775193691254,9537,0.544002103805542,0.494745272397995
9538,0.4988775193691254,9538,0.544002103805542,0.494745272397995
9539,0.4988775193691254,9539,0.544002103805542,0.494745272397995
9540,0.4988775193691254,9540,0.544002103805542,0.494745272397995
9541,0.4988775193691254,9541,0.544002103805542,0.494745272397995
9542,0.4988775193691254,9542,0.544002103805542,0.494745272397995
9543,0.4988775193691254,9543,0.544002103805542,0.494745272397995
9544,0.4988775193691254,9544,0.544002103805542,0.494745272397995
9545,0.4988775193691254,9545,0.544002103805542,0.494745272397995
9546,0.4988775193691254,9546,0.544002103805542,0.494745272397995
9547,0.4988775193691254,9547,0.544002103805542,0.494745272397995
9548,0.4988775193691254,9548,0.544002103805542,0.494745272397995
9549,0.4988775193691254,9549,0.544002103805542,0.494745272397995
9550,0.4988775193691254,9550,0.544002103805542,0.494745272397995
9551,0.4988775193691254,9551,0.544002103805542,0.494745272397995
9552,0.4988775193691254,9552,0.544002103805542,0.494745272397995
9553,0.4988775193691254,9553,0.544002103805542,0.494745272397995
9554,0.4988775193691254,9554,0.544002103805542,0.494745272397995
9555,0.4988775193691254,9555,0.544002103805542,0.494745272397995
9556,0.4988775193691254,9556,0.544002103805542,0.494745272397995
9557,0.4988775193691254,9557,0.544002103805542,0.494745272397995
9558,0.4988775193691254,9558,0.544002103805542,0.494745272397995
9559,0.4988775193691254,9559,0.544002103805542,0.494745272397995
9560,0.4988775193691254,9560,0.544002103805542,0.494745272397995
9561,0.4988775193691254,9561,0.544002103805542,0.494745272397995
9562,0.4988775193691254,9562,0.544002103805542,0.494745272397995
9563,0.4988775193691254,9563,0.544002103805542,0.494745272397995
9564,0.4988775193691254,9564,0.544002103805542,0.494745272397995
9565,0.4988775193691254,9565,0.544002103805542,0.494745272397995
9566,0.4988775193691254,9566,0.544002103805542,0.494745272397995
9567,0.4988775193691254,9567,0.544002103805542,0.494745272397995
9568,0.4988775193691254,9568,0.544002103805542,0.494745272397995
9569,0.4988775193691254,9569,0.544002103805542,0.494745272397995
9570,0.4988775193691254,9570,0.544002103805542,0.494745272397995
9571,0.4988775193691254,9571,0.544002103805542,0.494745272397995
9572,0.4988775193691254,9572,0.544002103805542,0.494745272397995
9573,0.4988775193691254,9573,0.544002103805542,0.494745272397995
9574,0.4988775193691254,9574,0.544002103805542,0.494745272397995
9575,0.4988775193691254,9575,0.544002103805542,0.494745272397995
9576,0.4988775193691254,9576,0.544002103805542,0.494745272397995
9577,0.4988775193691254,9577,0.544002103805542,0.494745272397995
9578,0.4988775193691254,9578,0.544002103805542,0.494745272397995
9579,0.4988775193691254,9579,0.544002103805542,0.494745272397995
9580,0.4988775193691254,9580,0.544002103805542,0.494745272397995
9581,0.4988775193691254,9581,0.544002103805542,0.494745272397995
9582,0.4988775193691254,9582,0.544002103805542,0.494745272397995
9583,0.4988775193691254,9583,0.544002103805542,0.494745272397995
9584,0.4988775193691254,9584,0.544002103805542,0.494745272397995
9585,0.4988775193691254,9585,0.544002103805542,0.494745272397995
9586,0.4988775193691254,9586,0.544002103805542,0.494745272397995
9587,0.4988775193691254,9587,0.544002103805542,0.494745272397995
9588,0.4988775193691254,9588,0.544002103805542,0.494745272397995
9589,0.4988775193691254,9589,0.544002103805542,0.494745272397995
9590,0.4988775193691254,9590,0.544002103805542,0.494745272397995
9591,0.4988775193691254,9591,0.544002103805542,0.494745272397995
9592,0.4988775193691254,9592,0.544002103805542,0.494745272397995
9593,0.4988775193691254,9593,0.544002103805542,0.494745272397995
9594,0.4988775193691254,9594,0.544002103805542,0.494745272397995
9595,0.4988775193691254,9595,0.544002103805542,0.494745272397995
9596,0.4988775193691254,9596,0.544002103805542,0.494745272397995
9597,0.4988775193691254,9597,0.544002103805542,0.494745272397995
9598,0.4988775193691254,9598,0.544002103805542,0.494745272397995
9599,0.4988775193691254,9599,0.544002103805542,0.494745272397995
9600,0.4988775193691254,9600,0.544002103805542,0.494745272397995
9601,0.4988775193691254,9601,0.544002103805542,0.494745272397995
9602,0.4988775193691254,9602,0.544002103805542,0.494745272397995
9603,0.4988775193691254,9603,0.544002103805542,0.494745272397995
9604,0.4988775193691254,9604,0.544002103805542,0.494745272397995
9605,0.4988775193691254,9605,0.544002103805542,0.494745272397995
9606,0.4988775193691254,9606,0.544002103805542,0.494745272397995
9607,0.4988775193691254,9607,0.544002103805542,0.494745272397995
9608,0.4988775193691254,9608,0.544002103805542,0.494745272397995
9609,0.4988775193691254,9609,0.544002103805542,0.494745272397995
9610,0.4988775193691254,9610,0.544002103805542,0.494745272397995
9611,0.4988775193691254,9611,0.544002103805542,0.494745272397995
9612,0.4988775193691254,9612,0.544002103805542,0.494745272397995
9613,0.4988775193691254,9613,0.544002103805542,0.494745272397995
9614,0.4988775193691254,9614,0.544002103805542,0.494745272397995
9615,0.4988775193691254,9615,0.544002103805542,0.494745272397995
9616,0.4988775193691254,9616,0.544002103805542,0.494745272397995
9617,0.4988775193691254,9617,0.544002103805542,0.494745272397995
9618,0.4988775193691254,9618,0.544002103805542,0.494745272397995
9619,0.4988775193691254,9619,0.544002103805542,0.494745272397995
9620,0.4988775193691254,9620,0.544002103805542,0.494745272397995
9621,0.4988775193691254,9621,0.544002103805542,0.494745272397995
9622,0.4988775193691254,9622,0.544002103805542,0.494745272397995
9623,0.4988775193691254,9623,0.544002103805542,0.494745272397995
9624,0.4988775193691254,9624,0.544002103805542,0.494745272397995
9625,0.4988775193691254,9625,0.544002103805542,0.494745272397995
9626,0.4988775193691254,9626,0.544002103805542,0.494745272397995
9627,0.4988775193691254,9627,0.544002103805542,0.494745272397995
9628,0.4988775193691254,9628,0.544002103805542,0.494745272397995
9629,0.4988775193691254,9629,0.544002103805542,0.494745272397995
9630,0.4988775193691254,9630,0.544002103805542,0.494745272397995
9631,0.4988775193691254,9631,0.544002103805542,0.494745272397995
9632,0.4988775193691254,9632,0.544002103805542,0.494745272397995
9633,0.4988775193691254,9633,0.544002103805542,0.494745272397995
9634,0.4988775193691254,9634,0.544002103805542,0.494745272397995
9635,0.4988775193691254,9635,0.544002103805542,0.494745272397995
9636,0.4988775193691254,9636,0.544002103805542,0.494745272397995
9637,0.4988775193691254,9637,0.544002103805542,0.494745272397995
9638,0.4988775193691254,9638,0.544002103805542,0.494745272397995
9639,0.4988775193691254,9639,0.544002103805542,0.494745272397995
9640,0.4988775193691254,9640,0.544002103805542,0.494745272397995
9641,0.4988775193691254,9641,0.544002103805542,0.494745272397995
9642,0.4988775193691254,9642,0.544002103805542,0.494745272397995
9643,0.4988775193691254,9643,0.544002103805542,0.494745272397995
9644,0.4988775193691254,9644,0.544002103805542,0.494745272397995
9645,0.4988775193691254,9645,0.544002103805542,0.494745272397995
9646,0.4988775193691254,9646,0.544002103805542,0.494745272397995
9647,0.4988775193691254,9647,0.544002103805542,0.494745272397995
9648,0.4988775193691254,9648,0.544002103805542,0.494745272397995
9649,0.4988775193691254,9649,0.544002103805542,0.494745272397995
9650,0.4988775193691254,9650,0.544002103805542,0.494745272397995
9651,0.4988775193691254,9651,0.544002103805542,0.494745272397995
9652,0.4988775193691254,9652,0.544002103805542,0.494745272397995
9653,0.4988775193691254,9653,0.544002103805542,0.494745272397995
9654,0.4988775193691254,9654,0.544002103805542,0.494745272397995
9655,0.4988775193691254,9655,0.544002103805542,0.494745272397995
9656,0.4988775193691254,9656,0.544002103805542,0.494745272397995
9657,0.4988775193691254,9657,0.544002103805542,0.494745272397995
9658,0.4988775193691254,9658,0.544002103805542,0.494745272397995
9659,0.4988775193691254,9659,0.544002103805542,0.494745272397995
9660,0.4988775193691254,9660,0.544002103805542,0.494745272397995
9661,0.4988775193691254,9661,0.544002103805542,0.494745272397995
9662,0.4988775193691254,9662,0.544002103805542,0.494745272397995
9663,0.4988775193691254,9663,0.544002103805542,0.494745272397995
9664,0.4988775193691254,9664,0.544002103805542,0.494745272397995
9665,0.4988775193691254,9665,0.544002103805542,0.494745272397995
9666,0.4988775193691254,9666,0.544002103805542,0.494745272397995
9667,0.4988775193691254,9667,0.544002103805542,0.494745272397995
9668,0.4988775193691254,9668,0.544002103805542,0.494745272397995
9669,0.4988775193691254,9669,0.544002103805542,0.494745272397995
9670,0.4988775193691254,9670,0.544002103805542,0.494745272397995
9671,0.4988775193691254,9671,0.544002103805542,0.494745272397995
9672,0.4988775193691254,9672,0.544002103805542,0.494745272397995
9673,0.4988775193691254,9673,0.544002103805542,0.494745272397995
9674,0.4988775193691254,9674,0.544002103805542,0.494745272397995
9675,0.4988775193691254,9675,0.544002103805542,0.494745272397995
9676,0.4988775193691254,9676,0.544002103805542,0.494745272397995
9677,0.4988775193691254,9677,0.544002103805542,0.494745272397995
9678,0.4988775193691254,9678,0.544002103805542,0.494745272397995
9679,0.4988775193691254,9679,0.544002103805542,0.494745272397995
9680,0.4988775193691254,9680,0.544002103805542,0.494745272397995
9681,0.4988775193691254,9681,0.544002103805542,0.494745272397995
9682,0.4988775193691254,9682,0.544002103805542,0.494745272397995
9683,0.4988775193691254,9683,0.544002103805542,0.494745272397995
9684,0.4988775193691254,9684,0.544002103805542,0.494745272397995
9685,0.4988775193691254,9685,0.544002103805542,0.494745272397995
9686,0.4988775193691254,9686,0.544002103805542,0.494745272397995
9687,0.4988775193691254,9687,0.544002103805542,0.494745272397995
9688,0.4988775193691254,9688,0.544002103805542,0.494745272397995
9689,0.4988775193691254,9689,0.544002103805542,0.494745272397995
9690,0.4988775193691254,9690,0.544002103805542,0.494745272397995
9691,0.4988775193691254,9691,0.544002103805542,0.494745272397995
9692,0.4988775193691254,9692,0.544002103805542,0.494745272397995
9693,0.4988775193691254,9693,0.544002103805542,0.494745272397995
9694,0.4988775193691254,9694,0.544002103805542,0.494745272397995
9695,0.4988775193691254,9695,0.544002103805542,0.494745272397995
9696,0.4988775193691254,9696,0.544002103805542,0.494745272397995
9697,0.4988775193691254,9697,0.544002103805542,0.494745272397995
9698,0.4988775193691254,9698,0.544002103805542,0.494745272397995
9699,0.4988775193691254,9699,0.544002103805542,0.494745272397995
9700,0.4988775193691254,9700,0.544002103805542,0.494745272397995
9701,0.4988775193691254,9701,0.544002103805542,0.494745272397995
9702,0.4988775193691254,9702,0.544002103805542,0.494745272397995
9703,0.4988775193691254,9703,0.544002103805542,0.494745272397995
9704,0.4988775193691254,9704,0.544002103805542,0.494745272397995
9705,0.4988775193691254,9705,0.544002103805542,0.494745272397995
9706,0.4988775193691254,9706,0.544002103805542,0.494745272397995
9707,0.4988775193691254,9707,0.544002103805542,0.494745272397995
9708,0.4988775193691254,9708,0.544002103805542,0.494745272397995
9709,0.4988775193691254,9709,0.544002103805542,0.494745272397995
9710,0.4988775193691254,9710,0.544002103805542,0.494745272397995
9711,0.4988775193691254,9711,0.544002103805542,0.494745272397995
9712,0.4988775193691254,9712,0.544002103805542,0.494745272397995
9713,0.4988775193691254,9713,0.544002103805542,0.494745272397995
9714,0.4988775193691254,9714,0.544002103805542,0.494745272397995
9715,0.4988775193691254,9715,0.544002103805542,0.494745272397995
9716,0.4988775193691254,9716,0.544002103805542,0.494745272397995
9717,0.4988775193691254,9717,0.544002103805542,0.494745272397995
9718,0.4988775193691254,9718,0.544002103805542,0.494745272397995
9719,0.4988775193691254,9719,0.544002103805542,0.494745272397995
9720,0.4988775193691254,9720,0.544002103805542,0.494745272397995
9721,0.4988775193691254,9721,0.544002103805542,0.494745272397995
9722,0.4988775193691254,9722,0.544002103805542,0.494745272397995
9723,0.4988775193691254,9723,0.544002103805542,0.494745272397995
9724,0.4988775193691254,9724,0.544002103805542,0.494745272397995
9725,0.4988775193691254,9725,0.544002103805542,0.494745272397995
9726,0.4988775193691254,9726,0.544002103805542,0.494745272397995
9727,0.4988775193691254,9727,0.544002103805542,0.494745272397995
9728,0.4988775193691254,9728,0.544002103805542,0.494745272397995
9729,0.4988775193691254,9729,0.544002103805542,0.494745272397995
9730,0.4988775193691254,9730,0.544002103805542,0.494745272397995
9731,0.4988775193691254,9731,0.544002103805542,0.494745272397995
9732,0.4988775193691254,9732,0.544002103805542,0.494745272397995
9733,0.4988775193691254,9733,0.544002103805542,0.494745272397995
9734,0.4988775193691254,9734,0.544002103805542,0.494745272397995
9735,0.4988775193691254,9735,0.544002103805542,0.494745272397995
9736,0.4988775193691254,9736,0.544002103805542,0.494745272397995
9737,0.4988775193691254,9737,0.544002103805542,0.494745272397995
9738,0.4988775193691254,9738,0.544002103805542,0.494745272397995
9739,0.4988775193691254,9739,0.544002103805542,0.494745272397995
9740,0.4988775193691254,9740,0.544002103805542,0.494745272397995
9741,0.4988775193691254,9741,0.544002103805542,0.494745272397995
9742,0.4988775193691254,9742,0.544002103805542,0.494745272397995
9743,0.4988775193691254,9743,0.544002103805542,0.494745272397995
9744,0.4988775193691254,9744,0.544002103805542,0.494745272397995
9745,0.4988775193691254,9745,0.544002103805542,0.494745272397995
9746,0.4988775193691254,9746,0.544002103805542,0.494745272397995
9747,0.4988775193691254,9747,0.544002103805542,0.494745272397995
9748,0.4988775193691254,9748,0.544002103805542,0.494745272397995
9749,0.4988775193691254,9749,0.544002103805542,0.494745272397995
9750,0.4988775193691254,9750,0.5439654409885406,0.49473823606967926
9751,0.4988775193691254,9751,0.5439654409885406,0.49473823606967926
9752,0.4988775193691254,9752,0.5439654409885406,0.49473823606967926
9753,0.4988775193691254,9753,0.5439654409885406,0.49473823606967926
9754,0.4988775193691254,9754,0.5439654409885406,0.49473823606967926
9755,0.4988775193691254,9755,0.5439654409885406,0.49473823606967926
9756,0.4988775193691254,9756,0.5439654409885406,0.49473823606967926
9757,0.4988775193691254,9757,0.5439654409885406,0.49473823606967926
9758,0.4988775193691254,9758,0.5439654409885406,0.49473823606967926
9759,0.4988775193691254,9759,0.5439654409885406,0.49473823606967926
9760,0.4988775193691254,9760,0.5439654409885406,0.49473823606967926
9761,0.4988775193691254,9761,0.5439654409885406,0.49473823606967926
9762,0.4988775193691254,9762,0.5439654409885406,0.49473823606967926
9763,0.4988775193691254,9763,0.5439654409885406,0.49473823606967926
9764,0.4988775193691254,9764,0.5439654409885406,0.49473823606967926
9765,0.4988775193691254,9765,0.5439654409885406,0.49473823606967926
9766,0.4988775193691254,9766,0.5439654409885406,0.49473823606967926
9767,0.4988775193691254,9767,0.5439654409885406,0.49473823606967926
9768,0.4988775193691254,9768,0.5439654409885406,0.49473823606967926
9769,0.4988775193691254,9769,0.5439654409885406,0.49473823606967926
9770,0.4988775193691254,9770,0.5439654409885406,0.49473823606967926
9771,0.4988775193691254,9771,0.5439654409885406,0.49473823606967926
9772,0.4988775193691254,9772,0.5439654409885406,0.49473823606967926
9773,0.4988775193691254,9773,0.5439654409885406,0.49473823606967926
9774,0.4988775193691254,9774,0.5439654409885406,0.49473823606967926
9775,0.4988775193691254,9775,0.5439654409885406,0.49473823606967926
9776,0.4988775193691254,9776,0.5439654409885406,0.49473823606967926
9777,0.4988775193691254,9777,0.5439654409885406,0.49473823606967926
9778,0.4988775193691254,9778,0.5439654409885406,0.49473823606967926
9779,0.4988775193691254,9779,0.5439654409885406,0.49473823606967926
9780,0.4988775193691254,9780,0.5439654409885406,0.49473823606967926
9781,0.4988775193691254,9781,0.5439654409885406,0.49473823606967926
9782,0.4988775193691254,9782,0.5439654409885406,0.49473823606967926
9783,0.4988775193691254,9783,0.5439654409885406,0.49473823606967926
9784,0.4988775193691254,9784,0.5439654409885406,0.49473823606967926
9785,0.4988775193691254,9785,0.5439654409885406,0.49473823606967926
9786,0.4988775193691254,9786,0.5439654409885406,0.49473823606967926
9787,0.4988775193691254,9787,0.5439654409885406,0.49473823606967926
9788,0.4988775193691254,9788,0.5439654409885406,0.49473823606967926
9789,0.4988775193691254,9789,0.5439654409885406,0.49473823606967926
9790,0.4988775193691254,9790,0.5439654409885406,0.49473823606967926
9791,0.4988775193691254,9791,0.5439654409885406,0.49473823606967926
9792,0.4988775193691254,9792,0.5439654409885406,0.49473823606967926
9793,0.4988775193691254,9793,0.5439654409885406,0.49473823606967926
9794,0.4988775193691254,9794,0.5439654409885406,0.49473823606967926
9795,0.4988775193691254,9795,0.5439654409885406,0.49473823606967926
9796,0.4988775193691254,9796,0.5439654409885406,0.49473823606967926
9797,0.4988775193691254,9797,0.5439654409885406,0.49473823606967926
9798,0.4988775193691254,9798,0.5439654409885406,0.49473823606967926
9799,0.4988775193691254,9799,0.5439654409885406,0.49473823606967926
9800,0.4988775193691254,9800,0.5439654409885406,0.49473823606967926
9801,0.4988775193691254,9801,0.5439654409885406,0.49473823606967926
9802,0.4988775193691254,9802,0.5439654409885406,0.49473823606967926
9803,0.4988775193691254,9803,0.5439654409885406,0.49473823606967926
9804,0.4988775193691254,9804,0.5439654409885406,0.49473823606967926
9805,0.4988775193691254,9805,0.5439654409885406,0.49473823606967926
9806,0.4988775193691254,9806,0.5439654409885406,0.49473823606967926
9807,0.4988775193691254,9807,0.5439654409885406,0.49473823606967926
9808,0.4988775193691254,9808,0.5439654409885406,0.49473823606967926
9809,0.4988775193691254,9809,0.5439654409885406,0.49473823606967926
9810,0.4988775193691254,9810,0.5439654409885406,0.49473823606967926
9811,0.4988775193691254,9811,0.5439654409885406,0.49473823606967926
9812,0.4988775193691254,9812,0.5439654409885406,0.49473823606967926
9813,0.4988775193691254,9813,0.5439654409885406,0.49473823606967926
9814,0.4988775193691254,9814,0.5439654409885406,0.49473823606967926
9815,0.4988775193691254,9815,0.5439654409885406,0.49473823606967926
9816,0.4988775193691254,9816,0.5439654409885406,0.49473823606967926
9817,0.4988775193691254,9817,0.5439654409885406,0.49473823606967926
9818,0.4988775193691254,9818,0.5439654409885406,0.49473823606967926
9819,0.4988775193691254,9819,0.5439654409885406,0.49473823606967926
9820,0.4988775193691254,9820,0.5439654409885406,0.49473823606967926
9821,0.4988775193691254,9821,0.5439654409885406,0.49473823606967926
9822,0.4988775193691254,9822,0.5439654409885406,0.49473823606967926
9823,0.4988775193691254,9823,0.5439654409885406,0.49473823606967926
9824,0.4988775193691254,9824,0.5439654409885406,0.49473823606967926
9825,0.4988775193691254,9825,0.5439654409885406,0.49473823606967926
9826,0.4988775193691254,9826,0.5439654409885406,0.49473823606967926
9827,0.4988775193691254,9827,0.5439654409885406,0.49473823606967926
9828,0.4988775193691254,9828,0.5439654409885406,0.49473823606967926
9829,0.4988775193691254,9829,0.5439654409885406,0.49473823606967926
9830,0.4988775193691254,9830,0.5439654409885406,0.49473823606967926
9831,0.4988775193691254,9831,0.5439654409885406,0.49473823606967926
9832,0.4988775193691254,9832,0.5439654409885406,0.49473823606967926
9833,0.4988775193691254,9833,0.5439654409885406,0.49473823606967926
9834,0.4988775193691254,9834,0.5439654409885406,0.49473823606967926
9835,0.4988775193691254,9835,0.5439654409885406,0.49473823606967926
9836,0.4988775193691254,9836,0.5439654409885406,0.49473823606967926
9837,0.4988775193691254,9837,0.5439654409885406,0.49473823606967926
9838,0.4988775193691254,9838,0.5439654409885406,0.49473823606967926
9839,0.4988775193691254,9839,0.5439654409885406,0.49473823606967926
9840,0.4988775193691254,9840,0.5439654409885406,0.49473823606967926
9841,0.4988775193691254,9841,0.5439654409885406,0.49473823606967926
9842,0.4988775193691254,9842,0.5439654409885406,0.49473823606967926
9843,0.4988775193691254,9843,0.5439654409885406,0.49473823606967926
9844,0.4988775193691254,9844,0.5439654409885406,0.49473823606967926
9845,0.4988775193691254,9845,0.5439654409885406,0.49473823606967926
9846,0.4988775193691254,9846,0.5439654409885406,0.49473823606967926
9847,0.4988775193691254,9847,0.5439654409885406,0.49473823606967926
9848,0.4988775193691254,9848,0.5439654409885406,0.49473823606967926
9849,0.4988775193691254,9849,0.5439654409885406,0.49473823606967926
9850,0.4988775193691254,9850,0.5439654409885406,0.49473823606967926
9851,0.4988775193691254,9851,0.5439654409885406,0.49473823606967926
9852,0.4988775193691254,9852,0.5439654409885406,0.49473823606967926
9853,0.4988775193691254,9853,0.5439654409885406,0.49473823606967926
9854,0.4988775193691254,9854,0.5439654409885406,0.49473823606967926
9855,0.4988775193691254,9855,0.5439654409885406,0.49473823606967926
9856,0.4988775193691254,9856,0.5439654409885406,0.49473823606967926
9857,0.4988775193691254,9857,0.5439654409885406,0.49473823606967926
9858,0.4988775193691254,9858,0.5439654409885406,0.49473823606967926
9859,0.4988775193691254,9859,0.5439654409885406,0.49473823606967926
9860,0.4988775193691254,9860,0.5439654409885406,0.49473823606967926
9861,0.4988775193691254,9861,0.5439654409885406,0.49473823606967926
9862,0.4988775193691254,9862,0.5439654409885406,0.49473823606967926
9863,0.4988775193691254,9863,0.5439654409885406,0.49473823606967926
9864,0.4988775193691254,9864,0.5439654409885406,0.49473823606967926
9865,0.4988775193691254,9865,0.5439654409885406,0.49473823606967926
9866,0.4988775193691254,9866,0.5439654409885406,0.49473823606967926
9867,0.4988775193691254,9867,0.5439654409885406,0.49473823606967926
9868,0.4988775193691254,9868,0.5439654409885406,0.49473823606967926
9869,0.4988775193691254,9869,0.5439654409885406,0.49473823606967926
9870,0.4988775193691254,9870,0.5439654409885406,0.49473823606967926
9871,0.4988775193691254,9871,0.5439654409885406,0.49473823606967926
9872,0.4988775193691254,9872,0.5439654409885406,0.49473823606967926
9873,0.4988775193691254,9873,0.5439654409885406,0.49473823606967926
9874,0.4988775193691254,9874,0.5439654409885406,0.49473823606967926
9875,0.4988775193691254,9875,0.5439654409885406,0.49473823606967926
9876,0.4988775193691254,9876,0.5439654409885406,0.49473823606967926
9877,0.4988775193691254,9877,0.5439654409885406,0.49473823606967926
9878,0.4988775193691254,9878,0.5439654409885406,0.49473823606967926
9879,0.4988775193691254,9879,0.5439654409885406,0.49473823606967926
9880,0.4988775193691254,9880,0.5439654409885406,0.49473823606967926
9881,0.4988775193691254,9881,0.5439654409885406,0.49473823606967926
9882,0.4988775193691254,9882,0.5439654409885406,0.49473823606967926
9883,0.4988775193691254,9883,0.5439654409885406,0.49473823606967926
9884,0.4988775193691254,9884,0.5439654409885406,0.49473823606967926
9885,0.4988775193691254,9885,0.5439654409885406,0.49473823606967926
9886,0.4988775193691254,9886,0.5439654409885406,0.49473823606967926
9887,0.4988775193691254,9887,0.5439654409885406,0.49473823606967926
9888,0.4988775193691254,9888,0.5439654409885406,0.49473823606967926
9889,0.4988775193691254,9889,0.5439654409885406,0.49473823606967926
9890,0.4988775193691254,9890,0.5439654409885406,0.49473823606967926
9891,0.4988775193691254,9891,0.5439654409885406,0.49473823606967926
9892,0.4988775193691254,9892,0.5439654409885406,0.49473823606967926
9893,0.4988775193691254,9893,0.5439654409885406,0.49473823606967926
9894,0.4988775193691254,9894,0.5439654409885406,0.49473823606967926
9895,0.4988775193691254,9895,0.5439654409885406,0.49473823606967926
9896,0.4988775193691254,9896,0.5439654409885406,0.49473823606967926
9897,0.4988775193691254,9897,0.5439654409885406,0.49473823606967926
9898,0.4988775193691254,9898,0.5439654409885406,0.49473823606967926
9899,0.4988775193691254,9899,0.5439654409885406,0.49473823606967926
9900,0.4988775193691254,9900,0.5439654409885406,0.49473823606967926
9901,0.4988775193691254,9901,0.5439654409885406,0.49473823606967926
9902,0.4988775193691254,9902,0.5439654409885406,0.49473823606967926
9903,0.4988775193691254,9903,0.5439654409885406,0.49473823606967926
9904,0.4988775193691254,9904,0.5439654409885406,0.49473823606967926
9905,0.4988775193691254,9905,0.5439654409885406,0.49473823606967926
9906,0.4988775193691254,9906,0.5439654409885406,0.49473823606967926
9907,0.4988775193691254,9907,0.5439654409885406,0.49473823606967926
9908,0.4988775193691254,9908,0.5439654409885406,0.49473823606967926
9909,0.4988775193691254,9909,0.5439654409885406,0.49473823606967926
9910,0.4988775193691254,9910,0.5439654409885406,0.49473823606967926
9911,0.4988775193691254,9911,0.5439654409885406,0.49473823606967926
9912,0.4988775193691254,9912,0.5439654409885406,0.49473823606967926
9913,0.4988775193691254,9913,0.5439654409885406,0.49473823606967926
9914,0.4988775193691254,9914,0.5439654409885406,0.49473823606967926
9915,0.4988775193691254,9915,0.5439654409885406,0.49473823606967926
9916,0.4988775193691254,9916,0.5439654409885406,0.49473823606967926
9917,0.4988775193691254,9917,0.5439654409885406,0.49473823606967926
9918,0.4988775193691254,9918,0.5439654409885406,0.49473823606967926
9919,0.4988775193691254,9919,0.5439654409885406,0.49473823606967926
9920,0.4988775193691254,9920,0.5439654409885406,0.49473823606967926
9921,0.4988775193691254,9921,0.5439654409885406,0.49473823606967926
9922,0.4988775193691254,9922,0.5439654409885406,0.49473823606967926
9923,0.4988775193691254,9923,0.5439654409885406,0.49473823606967926
9924,0.4988775193691254,9924,0.5439654409885406,0.49473823606967926
9925,0.4988775193691254,9925,0.5439654409885406,0.49473823606967926
9926,0.4988775193691254,9926,0.5439654409885406,0.49473823606967926
9927,0.4988775193691254,9927,0.5439654409885406,0.49473823606967926
9928,0.4988775193691254,9928,0.5439654409885406,0.49473823606967926
9929,0.4988775193691254,9929,0.5439654409885406,0.49473823606967926
9930,0.4988775193691254,9930,0.5439654409885406,0.49473823606967926
9931,0.4988775193691254,9931,0.5439654409885406,0.49473823606967926
9932,0.4988775193691254,9932,0.5439654409885406,0.49473823606967926
9933,0.4988775193691254,9933,0.5439654409885406,0.49473823606967926
9934,0.4988775193691254,9934,0.5439654409885406,0.49473823606967926
9935,0.4988775193691254,9935,0.5439654409885406,0.49473823606967926
9936,0.4988775193691254,9936,0.5439654409885406,0.49473823606967926
9937,0.4988775193691254,9937,0.5439654409885406,0.49473823606967926
9938,0.4988775193691254,9938,0.5439654409885406,0.49473823606967926
9939,0.4988775193691254,9939,0.5439654409885406,0.49473823606967926
9940,0.4988775193691254,9940,0.5439654409885406,0.49473823606967926
9941,0.4988775193691254,9941,0.5439654409885406,0.49473823606967926
9942,0.4988775193691254,9942,0.5439654409885406,0.49473823606967926
9943,0.4988775193691254,9943,0.5439654409885406,0.49473823606967926
9944,0.4988775193691254,9944,0.5439654409885406,0.49473823606967926
9945,0.4988775193691254,9945,0.5439654409885406,0.49473823606967926
9946,0.4988775193691254,9946,0.5439654409885406,0.49473823606967926
9947,0.4988775193691254,9947,0.5439654409885406,0.49473823606967926
9948,0.4988775193691254,9948,0.5439654409885406,0.49473823606967926
9949,0.4988775193691254,9949,0.5439654409885406,0.49473823606967926
9950,0.4988775193691254,9950,0.5439654409885406,0.49473823606967926
9951,0.4988775193691254,9951,0.5439654409885406,0.49473823606967926
9952,0.4988775193691254,9952,0.5439654409885406,0.49473823606967926
9953,0.4988775193691254,9953,0.5439654409885406,0.49473823606967926
9954,0.4988775193691254,9954,0.5439654409885406,0.49473823606967926
9955,0.4988775193691254,9955,0.5439654409885406,0.49473823606967926
9956,0.4988775193691254,9956,0.5439654409885406,0.49473823606967926
9957,0.4988775193691254,9957,0.5439654409885406,0.49473823606967926
9958,0.4988775193691254,9958,0.5439654409885406,0.49473823606967926
9959,0.4988775193691254,9959,0.5439654409885406,0.49473823606967926
9960,0.4988775193691254,9960,0.5439654409885406,0.49473823606967926
9961,0.4988775193691254,9961,0.5439654409885406,0.49473823606967926
9962,0.4988775193691254,9962,0.5439654409885406,0.49473823606967926
9963,0.4988775193691254,9963,0.5439654409885406,0.49473823606967926
9964,0.4988775193691254,9964,0.5439654409885406,0.49473823606967926
9965,0.4988775193691254,9965,0.5439654409885406,0.49473823606967926
9966,0.4988775193691254,9966,0.5439654409885406,0.49473823606967926
9967,0.4988775193691254,9967,0.5439654409885406,0.49473823606967926
9968,0.4988775193691254,9968,0.5439654409885406,0.49473823606967926
9969,0.4988775193691254,9969,0.5439654409885406,0.49473823606967926
9970,0.4988775193691254,9970,0.5439654409885406,0.49473823606967926
9971,0.4988775193691254,9971,0.5439654409885406,0.49473823606967926
9972,0.4988775193691254,9972,0.5439654409885406,0.49473823606967926
9973,0.4988775193691254,9973,0.5439654409885406,0.49473823606967926
9974,0.4988775193691254,9974,0.5439654409885406,0.49473823606967926
9975,0.4988775193691254,9975,0.5439654409885406,0.49473823606967926
9976,0.4988775193691254,9976,0.5439654409885406,0.49473823606967926
9977,0.4988775193691254,9977,0.5439654409885406,0.49473823606967926
9978,0.4988775193691254,9978,0.5439654409885406,0.49473823606967926
9979,0.4988775193691254,9979,0.5439654409885406,0.49473823606967926
9980,0.4988775193691254,9980,0.5439654409885406,0.49473823606967926
9981,0.4988775193691254,9981,0.5439654409885406,0.49473823606967926
9982,0.4988775193691254,9982,0.5439654409885406,0.49473823606967926
9983,0.4988775193691254,9983,0.5439654409885406,0.49473823606967926
9984,0.4988775193691254,9984,0.5439654409885406,0.49473823606967926
9985,0.4988775193691254,9985,0.5439654409885406,0.49473823606967926
9986,0.4988775193691254,9986,0.5439654409885406,0.49473823606967926
9987,0.4988775193691254,9987,0.5439654409885406,0.49473823606967926
9988,0.4988775193691254,9988,0.5439654409885406,0.49473823606967926
9989,0.4988775193691254,9989,0.5439654409885406,0.49473823606967926
9990,0.4988775193691254,9990,0.5439654409885406,0.49473823606967926
9991,0.4988775193691254,9991,0.5439654409885406,0.49473823606967926
9992,0.4988775193691254,9992,0.5439654409885406,0.49473823606967926
9993,0.4988775193691254,9993,0.5439654409885406,0.49473823606967926
9994,0.4988775193691254,9994,0.5439654409885406,0.49473823606967926
9995,0.4988775193691254,9995,0.5439654409885406,0.49473823606967926
9996,0.4988775193691254,9996,0.5439654409885406,0.49473823606967926
9997,0.4988775193691254,9997,0.5439654409885406,0.49473823606967926
9998,0.4988775193691254,9998,0.5439654409885406,0.49473823606967926
9999,0.4988775193691254,9999,0.5439654409885406,0.49473823606967926
