,bpr_unbiased_uncalibrated,round,bpr_unbiased_calibrated,random_uncalibrated
0,0.06648463010787964,0,0.21471041440963745,0.9995097517967224
1,0.5939834117889404,1,0.6546617746353149,0.9995055198669434
2,0.6668598651885986,2,0.7376049757003784,0.99951171875
3,0.6978861093521118,3,0.7756176590919495,0.9995169639587402
4,0.7120558619499207,4,0.7923848628997803,0.9995065927505493
5,0.7213117480278015,5,0.8023622035980225,0.9995080828666687
6,0.7268049716949463,6,0.8066443800926208,0.9995121955871582
7,0.7305775880813599,7,0.8080649375915527,0.9995098114013672
8,0.7341412305831909,8,0.8095162510871887,0.9995207786560059
9,0.7366224527359009,9,0.8108810782432556,0.9995062947273254
10,0.7387148141860962,10,0.8116664290428162,0.9995096921920776
11,0.7410352826118469,11,0.8123059272766113,0.9995153546333313
12,0.7429590225219727,12,0.8131473064422607,0.9995153546333313
13,0.7447689771652222,13,0.8139637112617493,0.9995104670524597
14,0.7466276288032532,14,0.814954936504364,0.9995017647743225
15,0.7485432624816895,15,0.8156409859657288,0.9994987845420837
16,0.7505692839622498,16,0.8161730766296387,0.9995166063308716
17,0.7526261210441589,17,0.8170999884605408,0.9995080232620239
18,0.7543167471885681,18,0.818105161190033,0.9995203018188477
19,0.7558128237724304,19,0.8189234733581543,0.9995063543319702
20,0.7572381496429443,20,0.8196048736572266,0.9995250105857849
21,0.7584910988807678,21,0.8203808665275574,0.9995216131210327
22,0.7602075934410095,22,0.8205565214157104,0.9995070099830627
23,0.7618395090103149,23,0.8213124871253967,0.9995275735855103
24,0.7630815505981445,24,0.8222835063934326,0.9995155930519104
25,0.7644795775413513,25,0.822580873966217,0.9995240569114685
26,0.7658150792121887,26,0.823122501373291,0.9995119571685791
27,0.7666144967079163,27,0.8237524032592773,0.9995207190513611
28,0.7678956389427185,28,0.8249146938323975,0.999515950679779
29,0.7695208787918091,29,0.8252977132797241,0.9995290040969849
30,0.7709020972251892,30,0.8260042071342468,0.9995125532150269
31,0.7719501852989197,31,0.8265185952186584,0.9995132088661194
32,0.7729566097259521,32,0.8268519639968872,0.9995110034942627
33,0.7741521000862122,33,0.8274930715560913,0.9994980692863464
34,0.7748973965644836,34,0.82795250415802,0.999521791934967
35,0.7761708498001099,35,0.82856285572052,0.9995066523551941
36,0.7771568298339844,36,0.8290078639984131,0.9995119571685791
37,0.7783753871917725,37,0.8290953636169434,0.9995026588439941
38,0.7794033288955688,38,0.8294216990470886,0.9995086789131165
39,0.7808612585067749,39,0.8292737603187561,0.9995261430740356
40,0.7820934653282166,40,0.8301233053207397,0.9995294213294983
41,0.7834948301315308,41,0.8306030035018921,0.9995073080062866
42,0.784820556640625,42,0.8309221267700195,0.999512255191803
43,0.785682201385498,43,0.8316159248352051,0.9994974732398987
44,0.786727786064148,44,0.8319807648658752,0.9995065331459045
45,0.7879793643951416,45,0.8323899507522583,0.999517560005188
46,0.7889134883880615,46,0.8329496383666992,0.9995238780975342
47,0.7896606922149658,47,0.8331692218780518,0.9995164275169373
48,0.7905138731002808,48,0.8337571620941162,0.9995093941688538
49,0.79153972864151,49,0.8342154026031494,0.9995097517967224
50,0.7928897738456726,50,0.8345862030982971,0.9995115995407104
51,0.7939127683639526,51,0.834887683391571,0.9995154738426208
52,0.7948780655860901,52,0.8352208137512207,0.999508798122406
53,0.7957305908203125,53,0.8356375694274902,0.9995209574699402
54,0.7969975471496582,54,0.8359827995300293,0.9995104670524597
55,0.7978137135505676,55,0.8360788822174072,0.9995113611221313
56,0.7986673712730408,56,0.8369263410568237,0.9995059370994568
57,0.7998827695846558,57,0.8373076915740967,0.9995181560516357
58,0.8007330894470215,58,0.8375463485717773,0.9995025992393494
59,0.8018907308578491,59,0.8378664255142212,0.999514639377594
60,0.8027617335319519,60,0.8383523225784302,0.9995031356811523
61,0.8035412430763245,61,0.8387614488601685,0.9994967579841614
62,0.804352343082428,62,0.838890790939331,0.9995115995407104
63,0.805274248123169,63,0.8394825458526611,0.9995186924934387
64,0.8058212995529175,64,0.8399605751037598,0.9995049238204956
65,0.8064677715301514,65,0.8404135704040527,0.9995138049125671
66,0.8074185252189636,66,0.840326189994812,0.9995086789131165
67,0.8084018230438232,67,0.840594470500946,0.9995256662368774
68,0.809226393699646,68,0.8408548831939697,0.999506413936615
69,0.8100769519805908,69,0.8413394093513489,0.9995073080062866
70,0.810766339302063,70,0.8417143821716309,0.9995031952857971
71,0.8114170432090759,71,0.8416790962219238,0.9995144009590149
72,0.8119620084762573,72,0.8421473503112793,0.9995109438896179
73,0.8129217624664307,73,0.8421978950500488,0.9995211958885193
74,0.8137366771697998,74,0.842558741569519,0.9995127320289612
75,0.8145619630813599,75,0.8426656126976013,0.9995066523551941
76,0.8150556683540344,76,0.8429287672042847,0.9995197057723999
77,0.8159586787223816,77,0.8434258103370667,0.9995110630989075
78,0.8167024254798889,78,0.843573808670044,0.9995165467262268
79,0.8176352381706238,79,0.8439526557922363,0.9995083212852478
80,0.8184653520584106,80,0.8441337943077087,0.999517560005188
81,0.819200336933136,81,0.8445994853973389,0.9995189309120178
82,0.8197644948959351,82,0.8448679447174072,0.9995241761207581
83,0.8205496072769165,83,0.8449639081954956,0.9995113611221313
84,0.8212213516235352,84,0.8454650640487671,0.9995277523994446
85,0.8216960430145264,85,0.846024751663208,0.9995338916778564
86,0.8225774765014648,86,0.846062183380127,0.9995140433311462
87,0.8230735063552856,87,0.8462565541267395,0.9995114803314209
88,0.8236300945281982,88,0.8463221192359924,0.9995187520980835
89,0.8243731260299683,89,0.8461958765983582,0.9995032548904419
90,0.8248524069786072,90,0.8462728261947632,0.9995094537734985
91,0.8252851963043213,91,0.8464772701263428,0.9995203614234924
92,0.8257925510406494,92,0.8469749689102173,0.9995241165161133
93,0.8262969851493835,93,0.8470007181167603,0.999508261680603
94,0.8268463015556335,94,0.847646176815033,0.9995176792144775
95,0.8272421360015869,95,0.8477645516395569,0.9995217323303223
96,0.827870786190033,96,0.8482510447502136,0.9995265007019043
97,0.8283926844596863,97,0.8483855724334717,0.999512255191803
98,0.8289576768875122,98,0.8486984372138977,0.9994991421699524
99,0.8295682072639465,99,0.8489153385162354,0.999519407749176
100,0.8300159573554993,100,0.8491026759147644,0.9995082020759583
101,0.8306781053543091,101,0.8491224050521851,0.9994950890541077
102,0.8310306072235107,102,0.8492484092712402,0.9995195865631104
103,0.8313255906105042,103,0.84951251745224,0.9994933009147644
104,0.8316442966461182,104,0.8493800163269043,0.9995123744010925
105,0.8320499062538147,105,0.8494951725006104,0.9995148181915283
106,0.8325261473655701,106,0.8493648171424866,0.9995135068893433
107,0.8329741954803467,107,0.8497008085250854,0.9995198845863342
108,0.8333953619003296,108,0.8496639728546143,0.9995118379592896
109,0.8339226841926575,109,0.8500286340713501,0.9995182752609253
110,0.8344663381576538,110,0.8504112958908081,0.9995228052139282
111,0.8349602818489075,111,0.8502379655838013,0.9995013475418091
112,0.8352079391479492,112,0.8503616452217102,0.9994989037513733
113,0.8355714082717896,113,0.8502511978149414,0.9995191097259521
114,0.8359661102294922,114,0.8502019047737122,0.9995092749595642
115,0.8364805579185486,115,0.85043865442276,0.9995248317718506
116,0.8369134068489075,116,0.8506080508232117,0.9995187520980835
117,0.8371798992156982,117,0.850906491279602,0.9995104670524597
118,0.8374296426773071,118,0.8513380289077759,0.9995181560516357
119,0.837755024433136,119,0.851468026638031,0.999512255191803
120,0.8381796479225159,120,0.8517940044403076,0.9995107054710388
121,0.8388161659240723,121,0.851697564125061,0.9995224475860596
122,0.8395334482192993,122,0.8519138693809509,0.9994979500770569
123,0.8400092720985413,123,0.8521448969841003,0.9995206594467163
124,0.8404086828231812,124,0.8524870276451111,0.999508798122406
125,0.8408793210983276,125,0.8521605730056763,0.9995076656341553
126,0.8413265943527222,126,0.8521425724029541,0.9995126128196716
127,0.8419526815414429,127,0.8522181510925293,0.999516487121582
128,0.8424795269966125,128,0.8523630499839783,0.9995222687721252
129,0.8429310917854309,129,0.852488100528717,0.9995155334472656
130,0.8432103395462036,130,0.8525995016098022,0.9995033740997314
131,0.8434978127479553,131,0.8525128960609436,0.9995076656341553
132,0.8438520431518555,132,0.8525499105453491,0.9995179772377014
133,0.8443478345870972,133,0.8531659841537476,0.9995032548904419
134,0.8448017239570618,134,0.8532677292823792,0.9995068311691284
135,0.8451881408691406,135,0.8533318638801575,0.9995092153549194
136,0.8455238938331604,136,0.8532314300537109,0.9995166659355164
137,0.8458283543586731,137,0.8532987833023071,0.9995150566101074
138,0.8461112976074219,138,0.8532761931419373,0.9995071291923523
139,0.8463476896286011,139,0.8533831834793091,0.99952232837677
140,0.8469299077987671,140,0.8541882634162903,0.9995077848434448
141,0.8471848368644714,141,0.8542184233665466,0.9995176792144775
142,0.8474923372268677,142,0.854756236076355,0.9995217323303223
143,0.8478702306747437,143,0.8547475934028625,0.999515175819397
144,0.8481305837631226,144,0.8550883531570435,0.9995050430297852
145,0.8485113382339478,145,0.855140209197998,0.9995152950286865
146,0.8486882448196411,146,0.8547853231430054,0.9995238184928894
147,0.8492045998573303,147,0.854192852973938,0.9995108246803284
148,0.8495440483093262,148,0.8546451926231384,0.9995077252388
149,0.849761962890625,149,0.854663074016571,0.9995045065879822
150,0.8498945236206055,150,0.8548251390457153,0.9995176792144775
151,0.8501570224761963,151,0.8547207713127136,0.9995179772377014
152,0.8505119681358337,152,0.8545869588851929,0.9995144009590149
153,0.8509544730186462,153,0.8549391627311707,0.9995210766792297
154,0.8513332009315491,154,0.855093240737915,0.9995327591896057
155,0.8516653776168823,155,0.8550727963447571,0.9995044469833374
156,0.851896345615387,156,0.8554668426513672,0.9995139241218567
157,0.8519686460494995,157,0.8559045791625977,0.9995161294937134
158,0.8522281050682068,158,0.85594242811203,0.9995107650756836
159,0.8526207208633423,159,0.8563010692596436,0.9995161890983582
160,0.8528217673301697,160,0.8564409017562866,0.9995113611221313
161,0.8530761003494263,161,0.8561089038848877,0.9995124340057373
162,0.8532673716545105,162,0.8559926152229309,0.9995261430740356
163,0.8534260392189026,163,0.85580974817276,0.9995025396347046
164,0.8536823391914368,164,0.8560954928398132,0.9995114803314209
165,0.8539623022079468,165,0.8559790849685669,0.9995063543319702
166,0.8541469573974609,166,0.8556939363479614,0.9995080232620239
167,0.8541847467422485,167,0.8560866117477417,0.9995142817497253
168,0.8543441295623779,168,0.856404185295105,0.9995031952857971
169,0.8544872999191284,169,0.855979323387146,0.9995126724243164
170,0.8548319339752197,170,0.8559906482696533,0.9995062947273254
171,0.855057954788208,171,0.8560465574264526,0.999510645866394
172,0.8552284836769104,172,0.8559212684631348,0.9995102882385254
173,0.8554218411445618,173,0.8558838367462158,0.9995195269584656
174,0.8557291626930237,174,0.8559169173240662,0.9995234608650208
175,0.8558709621429443,175,0.8555707931518555,0.9995160698890686
176,0.8559073209762573,176,0.8559883236885071,0.9995151162147522
177,0.8562220335006714,177,0.8564628958702087,0.9994972944259644
178,0.8562453985214233,178,0.8560033440589905,0.9995099902153015
179,0.8564126491546631,179,0.8563379049301147,0.9995114207267761
180,0.8564751148223877,180,0.8559179902076721,0.999511182308197
181,0.856634795665741,181,0.8555841445922852,0.9995147585868835
182,0.8568834066390991,182,0.8561534285545349,0.9995228052139282
183,0.8571386337280273,183,0.8560739755630493,0.9995198249816895
184,0.8574570417404175,184,0.8556735515594482,0.9995033740997314
185,0.8575097322463989,185,0.8555790185928345,0.9995186924934387
186,0.8578521013259888,186,0.8555827140808105,0.9995329976081848
187,0.8579597473144531,187,0.855685830116272,0.9995289444923401
188,0.8581539988517761,188,0.8557851314544678,0.9995193481445312
189,0.858405590057373,189,0.8554061651229858,0.9995079040527344
190,0.8587812185287476,190,0.8558451533317566,0.9995236396789551
191,0.858932614326477,191,0.8558818697929382,0.999503493309021
192,0.8590939044952393,192,0.8556742668151855,0.9994990825653076
193,0.8592913150787354,193,0.8558070659637451,0.9995051026344299
194,0.8595448732376099,194,0.856089174747467,0.9995148777961731
195,0.8596267104148865,195,0.8560537099838257,0.999530553817749
196,0.8599885702133179,196,0.8563690185546875,0.9995065331459045
197,0.8602136969566345,197,0.8558223843574524,0.9995239973068237
198,0.8605011105537415,198,0.8557819724082947,0.9995074272155762
199,0.8605058193206787,199,0.8562324643135071,0.9995181560516357
200,0.8607193231582642,200,0.856365442276001,0.9995080232620239
201,0.8608949780464172,201,0.8561404943466187,0.9995056986808777
202,0.8609941005706787,202,0.8561829924583435,0.9995055198669434
203,0.8608618974685669,203,0.8562524318695068,0.9995068907737732
204,0.8610596656799316,204,0.8564547896385193,0.9995167255401611
205,0.8611456155776978,205,0.8562004566192627,0.9995067715644836
206,0.8614674806594849,206,0.8558651208877563,0.9995301961898804
207,0.8617124557495117,207,0.8559359312057495,0.9995086789131165
208,0.8620173335075378,208,0.855926513671875,0.9995200634002686
209,0.8622441291809082,209,0.8553329110145569,0.9995035529136658
210,0.86228346824646,210,0.8544744253158569,0.9995039701461792
211,0.8626776933670044,211,0.8538715839385986,0.9995133876800537
212,0.8628524541854858,212,0.8536032438278198,0.9995177388191223
213,0.8629574775695801,213,0.8532700538635254,0.9995158314704895
214,0.8629693388938904,214,0.8529706597328186,0.9995194673538208
215,0.8629071712493896,215,0.8530547618865967,0.999505877494812
216,0.8632242679595947,216,0.8532587885856628,0.9995104074478149
217,0.8633071780204773,217,0.8535704016685486,0.9995144605636597
218,0.8634548187255859,218,0.8539326190948486,0.9995164275169373
219,0.863586962223053,219,0.8537410497665405,0.9995042085647583
220,0.8637024164199829,220,0.8535122871398926,0.9995012879371643
221,0.8637428283691406,221,0.8535894155502319,0.9995137453079224
222,0.8642300367355347,222,0.8534055352210999,0.999509871006012
223,0.8644405603408813,223,0.8535958528518677,0.9995126724243164
224,0.8644827008247375,224,0.8535307049751282,0.999504029750824
225,0.8644649982452393,225,0.8540231585502625,0.9994993209838867
226,0.8644123673439026,226,0.8538488149642944,0.9995116591453552
227,0.8644975423812866,227,0.8542509078979492,0.999515950679779
228,0.8648006319999695,228,0.854410707950592,0.9995130896568298
229,0.8649270534515381,229,0.8544607162475586,0.9995017051696777
230,0.8650496602058411,230,0.8543819189071655,0.9995129108428955
231,0.8651008009910583,231,0.8541222810745239,0.9994913935661316
232,0.8651085495948792,232,0.8539155721664429,0.9995186924934387
233,0.8652254343032837,233,0.8540555834770203,0.9995190501213074
234,0.8654191493988037,234,0.8538957238197327,0.9995176792144775
235,0.8653939962387085,235,0.8544118404388428,0.9994926452636719
236,0.8653829097747803,236,0.8535716533660889,0.9995214939117432
237,0.8657045364379883,237,0.8538538217544556,0.9995115995407104
238,0.8658361434936523,238,0.8539535403251648,0.9995051622390747
239,0.8659470081329346,239,0.8538587689399719,0.999523401260376
240,0.8659199476242065,240,0.8541120290756226,0.9995073676109314
241,0.8659679889678955,241,0.8539763689041138,0.9995030164718628
242,0.8657602667808533,242,0.8539169430732727,0.9995222687721252
243,0.8657293319702148,243,0.8542434573173523,0.9995123744010925
244,0.8658744692802429,244,0.8550955057144165,0.999505877494812
245,0.8659539222717285,245,0.8548495173454285,0.9995176196098328
246,0.8659613728523254,246,0.854917585849762,0.9995064735412598
247,0.8660837411880493,247,0.854790985584259,0.9995222687721252
248,0.8663162589073181,248,0.8547846674919128,0.9995203018188477
249,0.8665817975997925,249,0.8551378846168518,0.9995142221450806
250,0.813316285610199,250,0.7456297874450684,0.9995043277740479
251,0.464241623878479,251,0.6138534545898438,0.9995052218437195
252,0.4710577130317688,252,0.617384672164917,0.9995096921920776
253,0.4758296608924866,253,0.6217278242111206,0.9995082020759583
254,0.4811502695083618,254,0.627842366695404,0.999514639377594
255,0.48519134521484375,255,0.6312071084976196,0.9995080232620239
256,0.4879174828529358,256,0.6368439197540283,0.999530553817749
257,0.49142760038375854,257,0.6421765089035034,0.9995120763778687
258,0.4944614768028259,258,0.6477481722831726,0.9995152950286865
259,0.49846023321151733,259,0.6499748229980469,0.9995061755180359
260,0.50222247838974,260,0.6518840789794922,0.9995134472846985
261,0.5040475130081177,261,0.6566401720046997,0.9995086193084717
262,0.5066622495651245,262,0.6597914695739746,0.9995157718658447
263,0.5095635056495667,263,0.6622300148010254,0.9995020031929016
264,0.5136105418205261,264,0.6644678115844727,0.9995076656341553
265,0.5170552730560303,265,0.6678825616836548,0.9994925856590271
266,0.5209070444107056,266,0.6711257696151733,0.9995118379592896
267,0.523051381111145,267,0.6761379837989807,0.9995148777961731
268,0.5265287756919861,268,0.6780649423599243,0.9995072484016418
269,0.529695987701416,269,0.6795451641082764,0.999505341053009
270,0.5322372913360596,270,0.6811996698379517,0.9995262026786804
271,0.5342787504196167,271,0.6832865476608276,0.999506413936615
272,0.537732720375061,272,0.6850559711456299,0.9995191097259521
273,0.5404484272003174,273,0.6864858865737915,0.9995167255401611
274,0.5430107712745667,274,0.6877068281173706,0.9995183348655701
275,0.545936644077301,275,0.6892882585525513,0.9995138645172119
276,0.5488700866699219,276,0.6920267343521118,0.9995090365409851
277,0.552528977394104,277,0.6949387192726135,0.9995163679122925
278,0.5543943047523499,278,0.6959941983222961,0.9995119571685791
279,0.5581530928611755,279,0.6988347172737122,0.9995092153549194
280,0.5610571503639221,280,0.702979326248169,0.9995226263999939
281,0.5630801320075989,281,0.7043131589889526,0.9995203018188477
282,0.5646246671676636,282,0.706199049949646,0.9995138645172119
283,0.5680567026138306,283,0.7085055112838745,0.9995126128196716
284,0.5704953670501709,284,0.7105063199996948,0.9995145797729492
285,0.5727657079696655,285,0.7119737863540649,0.9995254874229431
286,0.5756024718284607,286,0.7134418487548828,0.9995105266571045
287,0.5778783559799194,287,0.7151213884353638,0.9995114803314209
288,0.5802423357963562,288,0.716278076171875,0.999508798122406
289,0.5831463932991028,289,0.7201423645019531,0.999509871006012
290,0.5851196050643921,290,0.7228682041168213,0.9995218515396118
291,0.5872399806976318,291,0.724822461605072,0.9995006322860718
292,0.5894735455513,292,0.7260664105415344,0.9995169639587402
293,0.5908381938934326,293,0.7285075783729553,0.9995127320289612
294,0.593487024307251,294,0.7285311222076416,0.999513566493988
295,0.5959573984146118,295,0.7308872938156128,0.9994975924491882
296,0.5979801416397095,296,0.7321776151657104,0.9995114803314209
297,0.5996792912483215,297,0.7336077690124512,0.9995090365409851
298,0.6015664339065552,298,0.7338130474090576,0.9995222091674805
299,0.6035005450248718,299,0.7355086803436279,0.9995134472846985
300,0.6051214933395386,300,0.7364097833633423,0.9995015859603882
301,0.607336699962616,301,0.7383538484573364,0.9995071887969971
302,0.6091828942298889,302,0.7391377687454224,0.9995171427726746
303,0.6106323003768921,303,0.7403693199157715,0.9995044469833374
304,0.6141191720962524,304,0.7411966323852539,0.9995102882385254
305,0.6163051128387451,305,0.7423691153526306,0.9995055794715881
306,0.6177932024002075,306,0.744725227355957,0.9995103478431702
307,0.619269847869873,307,0.7466869354248047,0.9995244145393372
308,0.6215482950210571,308,0.7479231953620911,0.9995161890983582
309,0.6234551668167114,309,0.7490001916885376,0.9995079040527344
310,0.6251564621925354,310,0.7504965662956238,0.9995065331459045
311,0.6278127431869507,311,0.7519797086715698,0.9995095133781433
312,0.6290916204452515,312,0.7529744505882263,0.9995046257972717
313,0.6310902833938599,313,0.7536068558692932,0.9995167255401611
314,0.6322381496429443,314,0.7540103197097778,0.9995001554489136
315,0.6346773505210876,315,0.7554248571395874,0.9995155930519104
316,0.6360690593719482,316,0.7567993402481079,0.9995223879814148
317,0.6369842886924744,317,0.7566213607788086,0.9995303153991699
318,0.6393095254898071,318,0.7575382590293884,0.9995112419128418
319,0.6411912441253662,319,0.7586017847061157,0.9995088577270508
320,0.6420904397964478,320,0.759854257106781,0.9995208382606506
321,0.6444442272186279,321,0.7603952884674072,0.9995333552360535
322,0.646539568901062,322,0.7615102529525757,0.999519944190979
323,0.6483129262924194,323,0.7622989416122437,0.9994915723800659
324,0.6503679156303406,324,0.762988269329071,0.9995022416114807
325,0.6519626975059509,325,0.7636436820030212,0.9995084404945374
326,0.6541389226913452,326,0.7645864486694336,0.999504029750824
327,0.6563575267791748,327,0.7654029130935669,0.9995182156562805
328,0.6584312915802002,328,0.7666749954223633,0.9995067119598389
329,0.6600827574729919,329,0.7679568529129028,0.9995168447494507
330,0.6617107391357422,330,0.7694631814956665,0.9994980096817017
331,0.6635923385620117,331,0.7698001265525818,0.9995141625404358
332,0.6657514572143555,332,0.7706022262573242,0.999504566192627
333,0.6668254137039185,333,0.7712435126304626,0.9995028376579285
334,0.668380618095398,334,0.7718222141265869,0.9995019435882568
335,0.6698285937309265,335,0.7731355428695679,0.9995151162147522
336,0.6713213920593262,336,0.7741296291351318,0.999513566493988
337,0.6727404594421387,337,0.7756156325340271,0.9995083808898926
338,0.6743686199188232,338,0.7767404913902283,0.9995120763778687
339,0.6761435270309448,339,0.7775388956069946,0.9995262026786804
340,0.6771568059921265,340,0.7792870402336121,0.9995270371437073
341,0.6787601709365845,341,0.7802983522415161,0.9995073676109314
342,0.6798834800720215,342,0.7814353704452515,0.9995104670524597
343,0.6807765960693359,343,0.7820169925689697,0.9995217323303223
344,0.6822593808174133,344,0.7823145985603333,0.9995227456092834
345,0.6842297315597534,345,0.7830458879470825,0.9995001554489136
346,0.6850929260253906,346,0.7840983867645264,0.9995175004005432
347,0.6866391897201538,347,0.7846602201461792,0.9995181560516357
348,0.6882678270339966,348,0.7858315110206604,0.9995068311691284
349,0.6892316341400146,349,0.7857807874679565,0.9995093941688538
350,0.6904622316360474,350,0.7864546775817871,0.9995046854019165
351,0.6919708251953125,351,0.7874047160148621,0.9995282292366028
352,0.6934472322463989,352,0.7883816361427307,0.9995090365409851
353,0.6945977210998535,353,0.789120614528656,0.9995153546333313
354,0.6962332725524902,354,0.7893882989883423,0.9995046257972717
355,0.6981078386306763,355,0.7902945280075073,0.9995132088661194
356,0.6995716094970703,356,0.791275680065155,0.9995202422142029
357,0.7011274099349976,357,0.7923524379730225,0.9995086789131165
358,0.7020500898361206,358,0.7923223972320557,0.9995098114013672
359,0.703227162361145,359,0.7931882739067078,0.9995220303535461
360,0.7048412561416626,360,0.7932446599006653,0.9995085000991821
361,0.7069029808044434,361,0.7935206890106201,0.9995243549346924
362,0.7079572677612305,362,0.793791651725769,0.9995197653770447
363,0.7101548910140991,363,0.7948727011680603,0.9995281100273132
364,0.7114706635475159,364,0.7951231002807617,0.9995007514953613
365,0.7131257057189941,365,0.7954720854759216,0.9995269775390625
366,0.7142307758331299,366,0.796524703502655,0.9995066523551941
367,0.7157552242279053,367,0.7970519661903381,0.9995027780532837
368,0.7168198823928833,368,0.7979013919830322,0.9995210766792297
369,0.7175524234771729,369,0.7983831763267517,0.9995126128196716
370,0.7194752097129822,370,0.7989739179611206,0.9995110034942627
371,0.7209179401397705,371,0.7999595403671265,0.9995261430740356
372,0.7218246459960938,372,0.8004244565963745,0.9995142817497253
373,0.7236791849136353,373,0.8009747266769409,0.9995225667953491
374,0.7250393629074097,374,0.8012294173240662,0.9995149970054626
375,0.7261203527450562,375,0.8016886711120605,0.999505341053009
376,0.7275123596191406,376,0.8024765253067017,0.9995132684707642
377,0.7286164164543152,377,0.8034083247184753,0.9995153546333313
378,0.7295781373977661,378,0.8035569787025452,0.9994990825653076
379,0.7305651903152466,379,0.803395688533783,0.9995024800300598
380,0.731593668460846,380,0.8040063977241516,0.999530017375946
381,0.7328317761421204,381,0.8043797016143799,0.999504804611206
382,0.7335442304611206,382,0.8047399520874023,0.9995142817497253
383,0.7354820966720581,383,0.8051462173461914,0.9995032548904419
384,0.7367098927497864,384,0.8055819272994995,0.9995039105415344
385,0.7379790544509888,385,0.8065682053565979,0.9995071291923523
386,0.7389768362045288,386,0.8067842721939087,0.9995154738426208
387,0.7400072813034058,387,0.8070144653320312,0.9995280504226685
388,0.7408496737480164,388,0.807607114315033,0.9994948506355286
389,0.741645097732544,389,0.8081700205802917,0.9995134472846985
390,0.7425712943077087,390,0.8091126680374146,0.9995157122612
391,0.743674635887146,391,0.8093876838684082,0.99952232837677
392,0.7445903420448303,392,0.810140073299408,0.9995144009590149
393,0.7456960678100586,393,0.8106741905212402,0.9995191693305969
394,0.7466399669647217,394,0.8112839460372925,0.9994959831237793
395,0.747503399848938,395,0.8120185136795044,0.9995166063308716
396,0.7486281394958496,396,0.8127650618553162,0.9995020627975464
397,0.7492079734802246,397,0.8136076331138611,0.9995126724243164
398,0.7500978708267212,398,0.8139742612838745,0.9994938969612122
399,0.7505941390991211,399,0.8143606185913086,0.9995067119598389
400,0.7515992522239685,400,0.8152123093605042,0.9995012879371643
401,0.752703070640564,401,0.8156687021255493,0.9995204210281372
402,0.7537208795547485,402,0.8161266446113586,0.9995120167732239
403,0.7543131113052368,403,0.8164496421813965,0.999519944190979
404,0.7553192973136902,404,0.816792905330658,0.9995177388191223
405,0.7563340663909912,405,0.8171619772911072,0.9995229244232178
406,0.7570579051971436,406,0.8174489736557007,0.9995027184486389
407,0.7579501867294312,407,0.8179115056991577,0.9995214343070984
408,0.7589250802993774,408,0.8185009956359863,0.9995225667953491
409,0.7598429322242737,409,0.818988561630249,0.9995039701461792
410,0.7604410648345947,410,0.8198506236076355,0.999523937702179
411,0.7614845633506775,411,0.820203423500061,0.9995094537734985
412,0.7623461484909058,412,0.8208763599395752,0.9995066523551941
413,0.7635867595672607,413,0.8217430710792542,0.9994997382164001
414,0.7643991708755493,414,0.8221454620361328,0.9995008707046509
415,0.7654647827148438,415,0.8225491046905518,0.999512255191803
416,0.7662036418914795,416,0.8228375911712646,0.9995142221450806
417,0.7670577764511108,417,0.823315441608429,0.9995261430740356
418,0.7681244611740112,418,0.823742687702179,0.9995166063308716
419,0.7690364122390747,419,0.8242388963699341,0.9995269179344177
420,0.770001232624054,420,0.8246822953224182,0.9995064735412598
421,0.7706695795059204,421,0.8249263763427734,0.9995129704475403
422,0.771574854850769,422,0.8250987529754639,0.9994974136352539
423,0.7723941802978516,423,0.8251503705978394,0.9995129108428955
424,0.773339569568634,424,0.8251566886901855,0.9995192289352417
425,0.7741663455963135,425,0.8255237340927124,0.9995176792144775
426,0.7750210762023926,426,0.8257466554641724,0.9995116591453552
427,0.7756016254425049,427,0.8259583115577698,0.9995197653770447
428,0.7764642238616943,428,0.8261056542396545,0.9995178580284119
429,0.777230441570282,429,0.826362669467926,0.9995001554489136
430,0.777801513671875,430,0.8268357515335083,0.9995197057723999
431,0.7785142064094543,431,0.827157199382782,0.9995033740997314
432,0.7790753841400146,432,0.8277579545974731,0.9995045065879822
433,0.7799005508422852,433,0.8284717798233032,0.9995098114013672
434,0.7806963920593262,434,0.8287991285324097,0.9995269775390625
435,0.7816885113716125,435,0.8286604881286621,0.9995197057723999
436,0.7826368808746338,436,0.8292475938796997,0.9995179176330566
437,0.7834230065345764,437,0.8294767141342163,0.999501645565033
438,0.7839637398719788,438,0.8296431303024292,0.9994968771934509
439,0.7847366333007812,439,0.8300392627716064,0.9995113015174866
440,0.7853513956069946,440,0.8302232027053833,0.9995266795158386
441,0.7858783006668091,441,0.8305824995040894,0.9995211958885193
442,0.7865790128707886,442,0.8304855823516846,0.9995132684707642
443,0.7874907851219177,443,0.8308552503585815,0.9995034337043762
444,0.788213849067688,444,0.83128422498703,0.9995307326316833
445,0.7887871265411377,445,0.8314428925514221,0.9995090365409851
446,0.7893569469451904,446,0.8318170309066772,0.9995085597038269
447,0.7901018261909485,447,0.8320671319961548,0.9995216131210327
448,0.7907993793487549,448,0.8325545191764832,0.9995282292366028
449,0.7916361689567566,449,0.8326194286346436,0.9995010495185852
450,0.7921518087387085,450,0.8330044746398926,0.9995033740997314
451,0.792634904384613,451,0.833031952381134,0.9995144605636597
452,0.7932703495025635,452,0.8334370255470276,0.9994956254959106
453,0.7938861846923828,453,0.8339519500732422,0.9995052814483643
454,0.7943801879882812,454,0.8342396020889282,0.9995099306106567
455,0.795009434223175,455,0.8345045447349548,0.9995036721229553
456,0.7955983877182007,456,0.8347699046134949,0.9995357990264893
457,0.7961630821228027,457,0.8349167704582214,0.9994912147521973
458,0.7967394590377808,458,0.8352071046829224,0.9995120763778687
459,0.7971567511558533,459,0.8351858258247375,0.9995114207267761
460,0.7976332306861877,460,0.8354862332344055,0.9995008111000061
461,0.7982892394065857,461,0.8358744382858276,0.999512791633606
462,0.798790693283081,462,0.8358160257339478,0.9995205998420715
463,0.7994922399520874,463,0.8359098434448242,0.9995140433311462
464,0.8000784516334534,464,0.8358973264694214,0.9995033144950867
465,0.8005680441856384,465,0.8361126184463501,0.9995123147964478
466,0.8010751605033875,466,0.8362348675727844,0.9995241761207581
467,0.8015632033348083,467,0.8362160921096802,0.9995066523551941
468,0.8023110032081604,468,0.8361296653747559,0.9995066523551941
469,0.8029463291168213,469,0.8363930583000183,0.999514102935791
470,0.80350261926651,470,0.8363295197486877,0.999515950679779
471,0.8042641878128052,471,0.836617648601532,0.9995018243789673
472,0.8047287464141846,472,0.8371625542640686,0.9995273947715759
473,0.8052603006362915,473,0.837104856967926,0.9995107650756836
474,0.8058584928512573,474,0.8372144103050232,0.9995208978652954
475,0.8065958023071289,475,0.8378968238830566,0.9995110630989075
476,0.8070352077484131,476,0.8380126953125,0.9994997978210449
477,0.8075425624847412,477,0.8384283781051636,0.9994978308677673
478,0.8081187009811401,478,0.8386135101318359,0.9995112419128418
479,0.8085750341415405,479,0.8387278914451599,0.9995024800300598
480,0.80897456407547,480,0.8386362195014954,0.9995043277740479
481,0.8095012903213501,481,0.8388521671295166,0.9995004534721375
482,0.8100488185882568,482,0.8394355177879333,0.9995101690292358
483,0.8107481598854065,483,0.8394044637680054,0.9995020031929016
484,0.8112937211990356,484,0.839763879776001,0.9995075464248657
485,0.8118706345558167,485,0.8401937484741211,0.9995221495628357
486,0.8124951124191284,486,0.8401525616645813,0.9995039701461792
487,0.8132131695747375,487,0.8401968479156494,0.9995012879371643
488,0.8138807415962219,488,0.8405709266662598,0.9995041489601135
489,0.814151406288147,489,0.8406862616539001,0.9995028376579285
490,0.8146488666534424,490,0.8410710692405701,0.999510645866394
491,0.8150562644004822,491,0.8409081101417542,0.9995000958442688
492,0.8155230283737183,492,0.8408892154693604,0.999518871307373
493,0.8157337307929993,493,0.8408278822898865,0.9995170831680298
494,0.8162857890129089,494,0.8414731025695801,0.9995033740997314
495,0.8167791366577148,495,0.8416427969932556,0.999511182308197
496,0.8173056840896606,496,0.8417861461639404,0.9995043873786926
497,0.8176089525222778,497,0.8421278595924377,0.9995262622833252
498,0.8181296586990356,498,0.8421853184700012,0.9995056986808777
499,0.8185992240905762,499,0.8420802354812622,0.999513566493988
500,0.7786413431167603,500,0.8087252378463745,0.999513566493988
501,0.2587425112724304,501,0.44131553173065186,0.9995079040527344
502,0.27120405435562134,502,0.4640735983848572,0.9995019435882568
503,0.2764553427696228,503,0.4722951650619507,0.9994996786117554
504,0.282418429851532,504,0.4780964255332947,0.999516487121582
505,0.2875974774360657,505,0.48603808879852295,0.9994984269142151
506,0.29293978214263916,506,0.49600863456726074,0.9995061159133911
507,0.2974882125854492,507,0.5009675621986389,0.9995052218437195
508,0.3025532364845276,508,0.5080269575119019,0.9995056390762329
509,0.3061184883117676,509,0.5170547366142273,0.9994969367980957
510,0.3098822236061096,510,0.5229308605194092,0.9995083808898926
511,0.3158271908760071,511,0.5277749300003052,0.9995118379592896
512,0.32199931144714355,512,0.5319772362709045,0.9995090365409851
513,0.32674890756607056,513,0.537861704826355,0.9995145797729492
514,0.33186638355255127,514,0.5405734777450562,0.9995133280754089
515,0.3360980749130249,515,0.5437396764755249,0.9995070099830627
516,0.3402302861213684,516,0.5502140522003174,0.9995130896568298
517,0.34378165006637573,517,0.5531505346298218,0.9995022416114807
518,0.349608838558197,518,0.5564660429954529,0.9995065331459045
519,0.3530900478363037,519,0.5618777275085449,0.9995242357254028
520,0.3571704030036926,520,0.5647240877151489,0.9995051622390747
521,0.3620973229408264,521,0.5665022730827332,0.9995157122612
522,0.36496657133102417,522,0.5715745687484741,0.9995224475860596
523,0.3696225881576538,523,0.57642662525177,0.9995208382606506
524,0.37453317642211914,524,0.5799640417098999,0.9995142221450806
525,0.37826842069625854,525,0.5825788974761963,0.999514639377594
526,0.3834912180900574,526,0.5844552516937256,0.9995037317276001
527,0.3882529139518738,527,0.5868926048278809,0.9995238780975342
528,0.39198893308639526,528,0.5900793075561523,0.9995143413543701
529,0.3953774571418762,529,0.5922523140907288,0.9995086193084717
530,0.4007226824760437,530,0.5972540378570557,0.9995044469833374
531,0.40477150678634644,531,0.6019545197486877,0.9995076060295105
532,0.40897756814956665,532,0.6054133176803589,0.9995117783546448
533,0.4124155640602112,533,0.6068547368049622,0.9995105266571045
534,0.41565465927124023,534,0.6104764938354492,0.9995236396789551
535,0.4188883900642395,535,0.6128491163253784,0.999523401260376
536,0.4222469925880432,536,0.61917644739151,0.9995200037956238
537,0.4263303875923157,537,0.6225013732910156,0.9995258450508118
538,0.42985105514526367,538,0.6290209293365479,0.9995019435882568
539,0.43424171209335327,539,0.632257342338562,0.9995257258415222
540,0.4370995759963989,540,0.6356021165847778,0.9995085000991821
541,0.4403812885284424,541,0.6382958889007568,0.9995031356811523
542,0.4441260099411011,542,0.6411914825439453,0.999511182308197
543,0.44725942611694336,543,0.6434906125068665,0.9995099902153015
544,0.45045632123947144,544,0.6468697786331177,0.9995057582855225
545,0.4539148807525635,545,0.6498960256576538,0.9995232224464417
546,0.457216739654541,546,0.6515579223632812,0.9995148181915283
547,0.4600539207458496,547,0.6549433469772339,0.9995032548904419
548,0.46330517530441284,548,0.6576722264289856,0.9995155930519104
549,0.46705085039138794,549,0.660027265548706,0.9995145201683044
550,0.471229612827301,550,0.6633828282356262,0.9995246529579163
551,0.4742634892463684,551,0.6658073663711548,0.9995108246803284
552,0.47818851470947266,552,0.6683310270309448,0.9995134472846985
553,0.4822608232498169,553,0.6704574823379517,0.9995081424713135
554,0.48550182580947876,554,0.6735131144523621,0.9995134472846985
555,0.4879993200302124,555,0.6761804819107056,0.9995086193084717
556,0.49067336320877075,556,0.6789586544036865,0.9995008707046509
557,0.4944433569908142,557,0.6798138618469238,0.9995130896568298
558,0.4975541830062866,558,0.682457685470581,0.9995041489601135
559,0.5012751817703247,559,0.6847459077835083,0.9995111227035522
560,0.5050341486930847,560,0.6867482662200928,0.9995116591453552
561,0.5089010000228882,561,0.6887893676757812,0.9995062947273254
562,0.5109094381332397,562,0.691657304763794,0.9995031952857971
563,0.5127935409545898,563,0.6946725249290466,0.9995110630989075
564,0.5165994167327881,564,0.6963191032409668,0.9995084404945374
565,0.5193452835083008,565,0.6988495588302612,0.9995110034942627
566,0.523302435874939,566,0.7013945579528809,0.9995126128196716
567,0.5265125036239624,567,0.7032124996185303,0.9995285272598267
568,0.5290289521217346,568,0.7055646777153015,0.9995120167732239
569,0.531623125076294,569,0.7074319124221802,0.9995155334472656
570,0.5335793495178223,570,0.7103980183601379,0.999512791633606
571,0.5355023741722107,571,0.7120043039321899,0.9995070695877075
572,0.5383691787719727,572,0.7130303978919983,0.9995014667510986
573,0.5410717725753784,573,0.7147222757339478,0.9995191097259521
574,0.5438505411148071,574,0.717918872833252,0.9995097517967224
575,0.5466615557670593,575,0.7198096513748169,0.9995079636573792
576,0.5492291450500488,576,0.7208101749420166,0.9995055198669434
577,0.5516697764396667,577,0.7230336666107178,0.9995153546333313
578,0.5544164180755615,578,0.7246137857437134,0.9995084404945374
579,0.5568726062774658,579,0.7263658046722412,0.999526858329773
580,0.5595772862434387,580,0.728594183921814,0.9995238780975342
581,0.5625765323638916,581,0.7300599813461304,0.9995028376579285
582,0.5658025741577148,582,0.7317357063293457,0.9995090365409851
583,0.5678771734237671,583,0.7344120144844055,0.999517023563385
584,0.5702556371688843,584,0.7365953922271729,0.9995072484016418
585,0.5730613470077515,585,0.7374520301818848,0.9995144009590149
586,0.5752576589584351,586,0.7385460734367371,0.9995219707489014
587,0.5780338048934937,587,0.7399806976318359,0.9995195865631104
588,0.5806394219398499,588,0.7409629821777344,0.999504804611206
589,0.5828497409820557,589,0.7432459592819214,0.9995054602622986
590,0.5854995250701904,590,0.7447628974914551,0.9995191693305969
591,0.5875163078308105,591,0.7467639446258545,0.9995109438896179
592,0.5902760028839111,592,0.7479656934738159,0.9995136260986328
593,0.5923795700073242,593,0.7493385672569275,0.9995090961456299
594,0.5953847169876099,594,0.7514009475708008,0.9995353817939758
595,0.5968652963638306,595,0.7520125508308411,0.9995046257972717
596,0.5998388528823853,596,0.7531402111053467,0.9995009899139404
597,0.6018843650817871,597,0.7543495893478394,0.9995299577713013
598,0.6037108302116394,598,0.7553781270980835,0.9995077848434448
599,0.6054760217666626,599,0.7577145099639893,0.9994974732398987
600,0.6077325344085693,600,0.7582806348800659,0.9995073080062866
601,0.6097935438156128,601,0.7595144510269165,0.999505341053009
602,0.6114219427108765,602,0.7608388662338257,0.9995137453079224
603,0.6135706901550293,603,0.7617338299751282,0.9995011687278748
604,0.615646481513977,604,0.7631237506866455,0.9995208978652954
605,0.6170592308044434,605,0.7641610503196716,0.9995117783546448
606,0.6194801330566406,606,0.7655616998672485,0.999521791934967
607,0.621282160282135,607,0.7670317888259888,0.9995049834251404
608,0.6230884790420532,608,0.7685148119926453,0.9995155334472656
609,0.6258566379547119,609,0.7704085111618042,0.9994999170303345
610,0.6284890174865723,610,0.7710858583450317,0.9995117783546448
611,0.6305017471313477,611,0.7720966339111328,0.9995067715644836
612,0.6325733065605164,612,0.7731658816337585,0.9995190501213074
613,0.6347466707229614,613,0.774084210395813,0.999513566493988
614,0.6363027095794678,614,0.7751116156578064,0.9995154142379761
615,0.6385136246681213,615,0.7757194638252258,0.9995236992835999
616,0.6402998566627502,616,0.7766251564025879,0.9995249509811401
617,0.6418473124504089,617,0.7771622538566589,0.9995014071464539
618,0.6443297863006592,618,0.778241753578186,0.9995120763778687
619,0.6458439230918884,619,0.7791876196861267,0.9995150566101074
620,0.6474297046661377,620,0.7801401019096375,0.9995319247245789
621,0.6487817764282227,621,0.7810677289962769,0.9995157122612
622,0.6505593657493591,622,0.782220721244812,0.9995013475418091
623,0.6532219648361206,623,0.7832123041152954,0.999512255191803
624,0.6553424596786499,624,0.7836161255836487,0.9995113015174866
625,0.6574177145957947,625,0.7841572165489197,0.9995183944702148
626,0.6595412492752075,626,0.7854740619659424,0.9995076060295105
627,0.6609304547309875,627,0.7857068181037903,0.9995103478431702
628,0.6625769138336182,628,0.7865163683891296,0.999504029750824
629,0.6641679406166077,629,0.7868728637695312,0.9995108246803284
630,0.6657171249389648,630,0.7874665260314941,0.9995154142379761
631,0.6675809025764465,631,0.7875982522964478,0.9995059967041016
632,0.6690908670425415,632,0.7879997491836548,0.9995077252388
633,0.67099928855896,633,0.7882648706436157,0.9995210766792297
634,0.6727479696273804,634,0.789191484451294,0.9995124340057373
635,0.6740400791168213,635,0.7897402048110962,0.9995303153991699
636,0.675865650177002,636,0.7901380062103271,0.999516487121582
637,0.6771145462989807,637,0.790926456451416,0.9995145797729492
638,0.678606390953064,638,0.791098952293396,0.9995114207267761
639,0.6800071001052856,639,0.7920552492141724,0.9995213150978088
640,0.6820046901702881,640,0.792685866355896,0.9995081424713135
641,0.6833428144454956,641,0.7931461334228516,0.9995096921920776
642,0.6847702264785767,642,0.7935014367103577,0.9995084404945374
643,0.686384916305542,643,0.7937353849411011,0.9995102882385254
644,0.6874876022338867,644,0.7941663861274719,0.999509871006012
645,0.6896355152130127,645,0.7951636910438538,0.9995207786560059
646,0.6908954381942749,646,0.7957488298416138,0.9994988441467285
647,0.6923301219940186,647,0.79597008228302,0.9995111227035522
648,0.6933214664459229,648,0.7961148023605347,0.9995177388191223
649,0.6942346096038818,649,0.7963811755180359,0.9995269775390625
650,0.695279598236084,650,0.7970465421676636,0.999514102935791
651,0.6966636776924133,651,0.7972557544708252,0.9995071291923523
652,0.6979058384895325,652,0.7973746061325073,0.9995157122612
653,0.6993210911750793,653,0.7973302602767944,0.9995218515396118
654,0.7006269693374634,654,0.7975024580955505,0.9995251893997192
655,0.701904296875,655,0.7982361316680908,0.9995108842849731
656,0.7033281922340393,656,0.7988829016685486,0.9995107054710388
657,0.7042154669761658,657,0.7997320294380188,0.999503493309021
658,0.7055306434631348,658,0.8004714846611023,0.9995129704475403
659,0.7067402601242065,659,0.8013675808906555,0.9995177984237671
660,0.7081518173217773,660,0.8021044135093689,0.9995109438896179
661,0.7101420164108276,661,0.802370548248291,0.9995155930519104
662,0.7110869884490967,662,0.8024300336837769,0.9995073080062866
663,0.7126754522323608,663,0.8028711676597595,0.9994991421699524
664,0.7143733501434326,664,0.802958607673645,0.9995144605636597
665,0.7158384323120117,665,0.803495466709137,0.9995102882385254
666,0.7168360352516174,666,0.8040031790733337,0.9995173215866089
667,0.7184567451477051,667,0.804355800151825,0.9995115399360657
668,0.7195501327514648,668,0.8043668866157532,0.9995068907737732
669,0.7207492589950562,669,0.8047835826873779,0.9994966387748718
670,0.7219860553741455,670,0.8058400750160217,0.999500572681427
671,0.7234850525856018,671,0.8059486746788025,0.9994991421699524
672,0.7246481776237488,672,0.8065335750579834,0.999507486820221
673,0.725788414478302,673,0.8069795966148376,0.9995145201683044
674,0.7270328998565674,674,0.8074073791503906,0.999508798122406
675,0.7282952070236206,675,0.8077095150947571,0.9995245337486267
676,0.7290955781936646,676,0.8081009984016418,0.999504804611206
677,0.7302913665771484,677,0.8087402582168579,0.9995138049125671
678,0.7316645979881287,678,0.8091387748718262,0.9995233416557312
679,0.7327078580856323,679,0.8098152875900269,0.9995035529136658
680,0.733808159828186,680,0.8104294538497925,0.9995167255401611
681,0.7350262403488159,681,0.8108789920806885,0.9995030164718628
682,0.736263632774353,682,0.8113799691200256,0.9995160102844238
683,0.7373636960983276,683,0.8118992447853088,0.9995214939117432
684,0.7383466362953186,684,0.8120423555374146,0.9995185136795044
685,0.7392885088920593,685,0.8116154670715332,0.9994983673095703
686,0.740735650062561,686,0.8117353320121765,0.9995041489601135
687,0.7420037984848022,687,0.8119745850563049,0.9995108842849731
688,0.7431281805038452,688,0.812414824962616,0.9995059967041016
689,0.744306206703186,689,0.8131606578826904,0.9995041489601135
690,0.7453969717025757,690,0.813071608543396,0.9995288252830505
691,0.7460099458694458,691,0.8132760524749756,0.9995183944702148
692,0.7470753192901611,692,0.8135985732078552,0.9995107650756836
693,0.7482588291168213,693,0.813507616519928,0.999505341053009
694,0.7494086027145386,694,0.813992977142334,0.9995089769363403
695,0.7499970197677612,695,0.8136756420135498,0.9995078444480896
696,0.750977635383606,696,0.8140762448310852,0.9995146989822388
697,0.7518575191497803,697,0.8143139481544495,0.9995128512382507
698,0.7527301907539368,698,0.8146082758903503,0.9995092153549194
699,0.7534458637237549,699,0.8150296211242676,0.999504566192627
700,0.7541264295578003,700,0.8147796988487244,0.9995134472846985
701,0.7550120949745178,701,0.8150726556777954,0.9995084404945374
702,0.7557852864265442,702,0.8154423236846924,0.9995167255401611
703,0.7567195892333984,703,0.8154833912849426,0.9994904398918152
704,0.7579129934310913,704,0.8154542446136475,0.9995186924934387
705,0.758863091468811,705,0.8153320550918579,0.9994941353797913
706,0.7601902484893799,706,0.8157182931900024,0.9995087385177612
707,0.7609533071517944,707,0.8159947395324707,0.9995097517967224
708,0.7614452242851257,708,0.8160500526428223,0.9995219707489014
709,0.7623920440673828,709,0.8163062334060669,0.9995067119598389
710,0.7632520794868469,710,0.816238284111023,0.9995093941688538
711,0.7642870545387268,711,0.8165853023529053,0.9995179772377014
712,0.7653076648712158,712,0.8169214725494385,0.9995201230049133
713,0.7660497426986694,713,0.8169476389884949,0.9995067715644836
714,0.7668120861053467,714,0.8172212243080139,0.9995100498199463
715,0.7676020860671997,715,0.8175510168075562,0.999505877494812
716,0.7687375545501709,716,0.8180533647537231,0.999515950679779
717,0.7696157693862915,717,0.8182670474052429,0.9995020627975464
718,0.7704272270202637,718,0.8188481330871582,0.9995262622833252
719,0.7710751891136169,719,0.8182820677757263,0.9995177388191223
720,0.7719583511352539,720,0.8186838030815125,0.9995138645172119
721,0.772529125213623,721,0.8186846375465393,0.9995024800300598
722,0.7733293175697327,722,0.8182613849639893,0.9995195269584656
723,0.774243950843811,723,0.8182770609855652,0.9995094537734985
724,0.7748129367828369,724,0.818069338798523,0.9995102286338806
725,0.7752736210823059,725,0.8182693123817444,0.9995111227035522
726,0.7758766412734985,726,0.8181499242782593,0.9995245337486267
727,0.7767539024353027,727,0.818700909614563,0.9995140433311462
728,0.7775136828422546,728,0.819304883480072,0.9995161294937134
729,0.7781277894973755,729,0.8196043968200684,0.9995051026344299
730,0.7787973284721375,730,0.8198089599609375,0.9995171427726746
731,0.7796297073364258,731,0.8203656673431396,0.9994986057281494
732,0.7803653478622437,732,0.8201935887336731,0.9995121955871582
733,0.7810964584350586,733,0.8204469680786133,0.9995189309120178
734,0.7817853689193726,734,0.8206935524940491,0.9995083212852478
735,0.7824069857597351,735,0.8207429051399231,0.9995191097259521
736,0.7830188870429993,736,0.8209291696548462,0.999514102935791
737,0.783571183681488,737,0.8205887675285339,0.9995033740997314
738,0.7843993902206421,738,0.8204673528671265,0.9995119571685791
739,0.7849648594856262,739,0.8208028078079224,0.9995113015174866
740,0.7856269478797913,740,0.8210326433181763,0.9995045065879822
741,0.7865381240844727,741,0.8212353587150574,0.9995133876800537
742,0.7873374223709106,742,0.8213419914245605,0.9995072484016418
743,0.7879260182380676,743,0.8216005563735962,0.9995169639587402
744,0.7886862754821777,744,0.821842610836029,0.9995152950286865
745,0.7892916798591614,745,0.8220220804214478,0.9995188117027283
746,0.7897441387176514,746,0.8219048976898193,0.9995139837265015
747,0.7904262542724609,747,0.8216871023178101,0.9994968771934509
748,0.7910553216934204,748,0.8217412829399109,0.9995083212852478
749,0.7917677760124207,749,0.8214867115020752,0.9995023608207703
750,0.7857038974761963,750,0.800554633140564,0.9995145797729492
751,0.20560771226882935,751,0.38509780168533325,0.9995042085647583
752,0.2178483009338379,752,0.40387922525405884,0.9995112419128418
753,0.22387689352035522,753,0.41138023138046265,0.9995275735855103
754,0.22874563932418823,754,0.416570246219635,0.9995081424713135
755,0.2338341474533081,755,0.42437857389450073,0.9995096921920776
756,0.23855698108673096,756,0.4301021099090576,0.9995101690292358
757,0.24448180198669434,757,0.4353433847427368,0.9995231628417969
758,0.24878501892089844,758,0.43974584341049194,0.9995148777961731
759,0.25361549854278564,759,0.4448932409286499,0.999509334564209
760,0.2588089108467102,760,0.45184749364852905,0.9995206594467163
761,0.2642645239830017,761,0.4589255452156067,0.999523401260376
762,0.270388126373291,762,0.46355098485946655,0.9995056986808777
763,0.2748425602912903,763,0.46870166063308716,0.9995110034942627
764,0.28016412258148193,764,0.4780768156051636,0.9995238780975342
765,0.2858692407608032,765,0.48476266860961914,0.9995036125183105
766,0.29174649715423584,766,0.48904454708099365,0.9995282888412476
767,0.2964708209037781,767,0.494412362575531,0.9995133280754089
768,0.3023861050605774,768,0.4978225827217102,0.9995023012161255
769,0.3071023225784302,769,0.500975489616394,0.999489963054657
770,0.3126346468925476,770,0.5085444450378418,0.9995020627975464
771,0.31543415784835815,771,0.5131309032440186,0.999505341053009
772,0.3202551007270813,772,0.5184935331344604,0.9994999766349792
773,0.3264944553375244,773,0.5222262740135193,0.9995176792144775
774,0.33119893074035645,774,0.528233528137207,0.9995095133781433
775,0.3345605134963989,775,0.536179780960083,0.9995177984237671
776,0.33864641189575195,776,0.5394980907440186,0.9995003342628479
777,0.3445671796798706,777,0.5451756119728088,0.9995150566101074
778,0.34839802980422974,778,0.5501885414123535,0.9995246529579163
779,0.35418492555618286,779,0.5535246133804321,0.9995051026344299
780,0.3594024181365967,780,0.5578864812850952,0.9995010495185852
781,0.3644148111343384,781,0.5603962540626526,0.9995046854019165
782,0.36856478452682495,782,0.5654507875442505,0.9995065331459045
783,0.37278062105178833,783,0.5719897747039795,0.9995194673538208
784,0.376006543636322,784,0.5761619210243225,0.9995168447494507
785,0.37859898805618286,785,0.5808284282684326,0.9995179772377014
786,0.38143390417099,786,0.583566427230835,0.999523401260376
787,0.38427990674972534,787,0.5865504741668701,0.9995132088661194
788,0.3894808292388916,788,0.5900580883026123,0.9995129704475403
789,0.3946479558944702,789,0.593355119228363,0.9995062947273254
790,0.39776116609573364,790,0.5966463088989258,0.9995059967041016
791,0.4012710452079773,791,0.6009133458137512,0.9995267391204834
792,0.4042813777923584,792,0.6043010354042053,0.9995168447494507
793,0.40835946798324585,793,0.6082696914672852,0.9995113611221313
794,0.41119951009750366,794,0.6115948557853699,0.9995208978652954
795,0.4152454733848572,795,0.6157835721969604,0.9995111227035522
796,0.41817528009414673,796,0.6196017265319824,0.9995136857032776
797,0.42135971784591675,797,0.6218736171722412,0.999512255191803
798,0.42431408166885376,798,0.6253900527954102,0.9995017051696777
799,0.4293779730796814,799,0.6305317878723145,0.9995180368423462
800,0.43204760551452637,800,0.6331902742385864,0.9995213747024536
801,0.4359986186027527,801,0.6358466148376465,0.9995119571685791
802,0.43823468685150146,802,0.6397026777267456,0.9995121955871582
803,0.44162875413894653,803,0.6427839994430542,0.9995080232620239
804,0.44519132375717163,804,0.6465357542037964,0.9995156526565552
805,0.4483059048652649,805,0.6502326726913452,0.9995072484016418
806,0.45223182439804077,806,0.6535859107971191,0.9995194673538208
807,0.4557706117630005,807,0.6572606563568115,0.9995123147964478
808,0.4604916572570801,808,0.6600596904754639,0.9995114803314209
809,0.4650731682777405,809,0.6627590656280518,0.9995076656341553
810,0.4677918553352356,810,0.6655583381652832,0.9995043277740479
811,0.4713391065597534,811,0.6673823595046997,0.9995196461677551
812,0.47458183765411377,812,0.6698841452598572,0.9995213747024536
813,0.47749823331832886,813,0.671902060508728,0.9995132684707642
814,0.48055940866470337,814,0.674646258354187,0.9995148181915283
815,0.4845561981201172,815,0.6770713329315186,0.9995129704475403
816,0.4884033799171448,816,0.6796851754188538,0.9995038509368896
817,0.49258482456207275,817,0.6823344230651855,0.9995061755180359
818,0.4962804913520813,818,0.6842823028564453,0.9995157122612
819,0.49925482273101807,819,0.6861047744750977,0.9995107054710388
820,0.5023758411407471,820,0.6884440183639526,0.9995068311691284
821,0.5060943961143494,821,0.6909777522087097,0.9995186924934387
822,0.5091136693954468,822,0.6932981014251709,0.9995083808898926
823,0.512011706829071,823,0.6946570873260498,0.9995114803314209
824,0.514249324798584,824,0.695756196975708,0.9995132088661194
825,0.5174731016159058,825,0.6969789266586304,0.9995118975639343
826,0.5206223726272583,826,0.7000735998153687,0.999508261680603
827,0.5242983102798462,827,0.7023614645004272,0.9995123147964478
828,0.5268220901489258,828,0.7059158086776733,0.9995052218437195
829,0.5297336578369141,829,0.7084482312202454,0.9995154738426208
830,0.5318384170532227,830,0.7097606658935547,0.9994992017745972
831,0.5347324013710022,831,0.712883710861206,0.9995157122612
832,0.537243127822876,832,0.7155270576477051,0.9995057582855225
833,0.5400488376617432,833,0.7178683280944824,0.9995216727256775
834,0.5435854196548462,834,0.7197394371032715,0.9995182156562805
835,0.5471844673156738,835,0.722197413444519,0.9995148181915283
836,0.5502206087112427,836,0.7238795757293701,0.9995229244232178
837,0.5524283647537231,837,0.725351095199585,0.9995126128196716
838,0.5547698140144348,838,0.7265846729278564,0.9995207786560059
839,0.5581576824188232,839,0.728451132774353,0.9995113015174866
840,0.5606303811073303,840,0.7301061153411865,0.9995130300521851
841,0.5638085007667542,841,0.7317137718200684,0.9995063543319702
842,0.566676676273346,842,0.733776867389679,0.9995089173316956
843,0.5700350999832153,843,0.7353628873825073,0.9994938373565674
844,0.5720667243003845,844,0.7370705604553223,0.9995232224464417
845,0.5745503902435303,845,0.7387079000473022,0.9995130300521851
846,0.5773894786834717,846,0.7397147417068481,0.9994984865188599
847,0.579764187335968,847,0.741200864315033,0.9995134472846985
848,0.5818843841552734,848,0.7432347536087036,0.9995113015174866
849,0.583311915397644,849,0.7443305253982544,0.999514639377594
850,0.5868055820465088,850,0.7455160617828369,0.9995090365409851
851,0.5885617733001709,851,0.7464753985404968,0.9995064735412598
852,0.59061199426651,852,0.747581958770752,0.9995061755180359
853,0.5930002927780151,853,0.7486704587936401,0.9995155334472656
854,0.5956496596336365,854,0.7498611807823181,0.99950110912323
855,0.5977141857147217,855,0.7508084177970886,0.9995102882385254
856,0.6009763479232788,856,0.7521618008613586,0.9995132088661194
857,0.6030210852622986,857,0.7530131340026855,0.9995083212852478
858,0.6052404642105103,858,0.7538585066795349,0.9995005130767822
859,0.6073917150497437,859,0.7546494007110596,0.9995077848434448
860,0.609312117099762,860,0.756423830986023,0.9995275735855103
861,0.6116631627082825,861,0.7576635479927063,0.9995021224021912
862,0.6140220165252686,862,0.7580269575119019,0.9995147585868835
863,0.6161191463470459,863,0.7591866254806519,0.9995075464248657
864,0.6191263198852539,864,0.7607671022415161,0.9995133280754089
865,0.6216589212417603,865,0.7612029910087585,0.9995074272155762
866,0.6244200468063354,866,0.7622993588447571,0.9995216727256775
867,0.6259515285491943,867,0.7641186714172363,0.9995135068893433
868,0.6277267932891846,868,0.7651879787445068,0.9995005130767822
869,0.6295875310897827,869,0.7663577795028687,0.9995173215866089
870,0.6316813826560974,870,0.7674189805984497,0.9995151162147522
871,0.6337403059005737,871,0.7685678005218506,0.9995277523994446
872,0.6356774568557739,872,0.7689111232757568,0.9995231628417969
873,0.6383134126663208,873,0.7700926661491394,0.999512255191803
874,0.6400530934333801,874,0.7707443237304688,0.9995190501213074
875,0.6415598392486572,875,0.7708548903465271,0.9995096325874329
876,0.6435976028442383,876,0.7722312211990356,0.9995177984237671
877,0.6451818943023682,877,0.7729920148849487,0.9995105862617493
878,0.6467305421829224,878,0.7740432024002075,0.9995139837265015
879,0.6482110023498535,879,0.7743669152259827,0.9995135068893433
880,0.6502109169960022,880,0.774856448173523,0.9995152950286865
881,0.6520211100578308,881,0.7761403322219849,0.9995206594467163
882,0.6538888216018677,882,0.776881754398346,0.9995107054710388
883,0.6556817889213562,883,0.7774538993835449,0.9995144605636597
884,0.6572421789169312,884,0.7780020236968994,0.9995082020759583
885,0.659282922744751,885,0.778450608253479,0.9995006918907166
886,0.6610982418060303,886,0.7786597013473511,0.9995028376579285
887,0.6627727150917053,887,0.7789105772972107,0.9995126128196716
888,0.6647146940231323,888,0.7800710797309875,0.9995088577270508
889,0.6665453910827637,889,0.7805436253547668,0.9995108842849731
890,0.6683011651039124,890,0.7809730172157288,0.9995154142379761
891,0.6695998907089233,891,0.7815213799476624,0.9995149970054626
892,0.6714865565299988,892,0.7822248935699463,0.9995064735412598
893,0.673184871673584,893,0.7828686237335205,0.9995094537734985
894,0.6748147010803223,894,0.7832505106925964,0.9995167255401611
895,0.6759066581726074,895,0.7834827899932861,0.9995189309120178
896,0.6776285171508789,896,0.7842867374420166,0.999518096446991
897,0.6793310642242432,897,0.7850728631019592,0.9995248913764954
898,0.6809160709381104,898,0.785911500453949,0.9995124936103821
899,0.6824600100517273,899,0.7865463495254517,0.999508261680603
900,0.684229850769043,900,0.7866721153259277,0.9995073676109314
901,0.6856894493103027,901,0.787322998046875,0.9995073080062866
902,0.6871833801269531,902,0.7881743907928467,0.9994981288909912
903,0.6887824535369873,903,0.7884578704833984,0.9995325803756714
904,0.6902288198471069,904,0.7889550924301147,0.9995080232620239
905,0.6919302344322205,905,0.789515495300293,0.9995043873786926
906,0.6933906078338623,906,0.7899779677391052,0.9995148181915283
907,0.6950555443763733,907,0.7900751233100891,0.9994948506355286
908,0.6970239877700806,908,0.7905177474021912,0.9995151162147522
909,0.6984348297119141,909,0.7911630868911743,0.9995244741439819
910,0.700035572052002,910,0.7910391092300415,0.9995107054710388
911,0.7015102505683899,911,0.7909457087516785,0.9995158314704895
912,0.7029686570167542,912,0.7906910181045532,0.9995173811912537
913,0.7044526934623718,913,0.7915489673614502,0.9995174407958984
914,0.7055447697639465,914,0.7919930815696716,0.999525785446167
915,0.7068049311637878,915,0.792478621006012,0.9995168447494507
916,0.7079854011535645,916,0.7925418615341187,0.9995037317276001
917,0.7096006870269775,917,0.7931147813796997,0.999517023563385
918,0.7109494209289551,918,0.7932473421096802,0.9995241761207581
919,0.7123301029205322,919,0.7930811643600464,0.9995225071907043
920,0.713398814201355,920,0.7933847904205322,0.9995110630989075
921,0.7149468660354614,921,0.794069766998291,0.9995043277740479
922,0.7159563302993774,922,0.7947479486465454,0.999525785446167
923,0.7172452211380005,923,0.7959920167922974,0.9995150566101074
924,0.7182621955871582,924,0.7960885167121887,0.9994966983795166
925,0.7193244695663452,925,0.7950835227966309,0.9995205998420715
926,0.7205846309661865,926,0.7950695157051086,0.9995172023773193
927,0.7220367193222046,927,0.795552134513855,0.9995129108428955
928,0.7232403755187988,928,0.7965553998947144,0.9995082020759583
929,0.7241635322570801,929,0.7969213724136353,0.9995175004005432
930,0.7250841856002808,930,0.7965009808540344,0.9995118379592896
931,0.7261919975280762,931,0.7966002225875854,0.9995073676109314
932,0.7276591062545776,932,0.7973161339759827,0.9995195865631104
933,0.7289748191833496,933,0.7975575923919678,0.9995148181915283
934,0.730124831199646,934,0.7981721758842468,0.9995099902153015
935,0.7310127019882202,935,0.7984380722045898,0.9995146989822388
936,0.7323139905929565,936,0.7988685369491577,0.9995022416114807
937,0.7334621548652649,937,0.7989742159843445,0.9995191097259521
938,0.7344445586204529,938,0.7991624474525452,0.9995218515396118
939,0.7354927062988281,939,0.7999633550643921,0.9995012879371643
940,0.736365556716919,940,0.8004904389381409,0.9995110630989075
941,0.7371797561645508,941,0.800413966178894,0.9995149374008179
942,0.7381890416145325,942,0.7999860644340515,0.9995259642601013
943,0.7395238280296326,943,0.8000324964523315,0.9995017051696777
944,0.7408873438835144,944,0.7999395132064819,0.999495804309845
945,0.7423242330551147,945,0.8004360795021057,0.9995009899139404
946,0.7432083487510681,946,0.8010333776473999,0.9995182752609253
947,0.7441426515579224,947,0.8012183308601379,0.9995227456092834
948,0.7456979751586914,948,0.8013163208961487,0.999506950378418
949,0.7467308044433594,949,0.8020220398902893,0.9995103478431702
950,0.7478588819503784,950,0.8024005889892578,0.9995145201683044
951,0.7486976981163025,951,0.8023463487625122,0.9995006322860718
952,0.749430775642395,952,0.8027765154838562,0.9995090365409851
953,0.7502228617668152,953,0.8030972480773926,0.9995341300964355
954,0.7511435151100159,954,0.802962064743042,0.9995163679122925
955,0.7520909905433655,955,0.8027803897857666,0.9995348453521729
956,0.753142237663269,956,0.8029433488845825,0.9994977116584778
957,0.7540756464004517,957,0.8026265501976013,0.9995155930519104
958,0.7548869848251343,958,0.8034907579421997,0.999521017074585
959,0.7559915781021118,959,0.8037657141685486,0.9995130300521851
960,0.7568216323852539,960,0.8039753437042236,0.9995148181915283
961,0.7577888369560242,961,0.8039993047714233,0.9995177984237671
962,0.7586150765419006,962,0.8037639260292053,0.9995162487030029
963,0.7592428922653198,963,0.8044680953025818,0.9995087385177612
964,0.760284423828125,964,0.804538905620575,0.9995025396347046
965,0.7611016035079956,965,0.8051571249961853,0.9995079040527344
966,0.7619344592094421,966,0.8053460121154785,0.9995118379592896
967,0.7630308866500854,967,0.8054787516593933,0.9995265007019043
968,0.7638527154922485,968,0.8053630590438843,0.999520480632782
969,0.7644782066345215,969,0.8057630658149719,0.9995148181915283
970,0.7654311060905457,970,0.8060880899429321,0.9995006322860718
971,0.7662785053253174,971,0.8056000471115112,0.9995144009590149
972,0.7669246196746826,972,0.805750846862793,0.9995163083076477
973,0.7678948640823364,973,0.8062421679496765,0.9995082020759583
974,0.7687152624130249,974,0.8060711026191711,0.9994954466819763
975,0.769547700881958,975,0.8059882521629333,0.9995104670524597
976,0.770266592502594,976,0.8061654567718506,0.9995192885398865
977,0.7709436416625977,977,0.8059980869293213,0.9995058178901672
978,0.771643340587616,978,0.8061805367469788,0.999509334564209
979,0.7726196646690369,979,0.8066499829292297,0.9995220899581909
980,0.7735356688499451,980,0.8071629405021667,0.9995128512382507
981,0.7742644548416138,981,0.8080090284347534,0.9995108246803284
982,0.7748906016349792,982,0.8081642389297485,0.9995025396347046
983,0.7756863832473755,983,0.8076172471046448,0.9995304346084595
984,0.7763532400131226,984,0.8078457117080688,0.9995115399360657
985,0.7770166397094727,985,0.80784672498703,0.9995144009590149
986,0.7779827117919922,986,0.8083660006523132,0.9995223879814148
987,0.7787655591964722,987,0.8086479902267456,0.9995082020759583
988,0.7793717980384827,988,0.8088386654853821,0.999523401260376
989,0.7800095677375793,989,0.8092251420021057,0.9995202422142029
990,0.7807571291923523,990,0.8091598749160767,0.9995144605636597
991,0.7814979553222656,991,0.8083807826042175,0.9995107054710388
992,0.7820507287979126,992,0.8088803291320801,0.9995148777961731
993,0.7830326557159424,993,0.809544026851654,0.9995185732841492
994,0.7837384939193726,994,0.80997633934021,0.9995211362838745
995,0.7843966484069824,995,0.8097937107086182,0.9994988441467285
996,0.7850838899612427,996,0.8102436065673828,0.999514639377594
997,0.7858446836471558,997,0.8107409477233887,0.9995067715644836
998,0.7867174744606018,998,0.8107624053955078,0.9995115399360657
999,0.7874378561973572,999,0.8111315369606018,0.9995023608207703
1000,0.7860293984413147,1000,0.8037102222442627,0.9995092749595642
1001,0.15748584270477295,1001,0.35000258684158325,0.9995155930519104
1002,0.17097145318984985,1002,0.36582469940185547,0.9995160102844238
1003,0.1776946783065796,1003,0.37618333101272583,0.9995207190513611
1004,0.1853729486465454,1004,0.38457614183425903,0.9995009303092957
1005,0.19086194038391113,1005,0.3908838629722595,0.9995097517967224
1006,0.19705206155776978,1006,0.39955753087997437,0.9995068311691284
1007,0.20274460315704346,1007,0.4079830050468445,0.9995147585868835
1008,0.20936697721481323,1008,0.4188665747642517,0.9995142817497253
1009,0.2156991958618164,1009,0.4220483899116516,0.9995054006576538
1010,0.22074472904205322,1010,0.42634886503219604,0.9995121359825134
1011,0.22538495063781738,1011,0.4354398250579834,0.9994999170303345
1012,0.2314816117286682,1012,0.443189799785614,0.9995250105857849
1013,0.2366512417793274,1013,0.4506523013114929,0.9994986653327942
1014,0.2422662377357483,1014,0.4558119773864746,0.9995022416114807
1015,0.24899423122406006,1015,0.46457189321517944,0.9995260238647461
1016,0.2533501386642456,1016,0.4698312282562256,0.9994958639144897
1017,0.2595091462135315,1017,0.4756930470466614,0.9995179176330566
1018,0.2649933695793152,1018,0.4805588722229004,0.9995266795158386
1019,0.2687493562698364,1019,0.48523467779159546,0.999506950378418
1020,0.27440720796585083,1020,0.49161940813064575,0.999517560005188
1021,0.28051960468292236,1021,0.4981989860534668,0.9995250105857849
1022,0.286499559879303,1022,0.504069447517395,0.9995070099830627
1023,0.2926176190376282,1023,0.5114932060241699,0.9995107054710388
1024,0.2990637421607971,1024,0.5185375213623047,0.9995092153549194
1025,0.30461883544921875,1025,0.5235841274261475,0.9995114803314209
1026,0.30995142459869385,1026,0.5278183221817017,0.9994985461235046
1027,0.3151172399520874,1027,0.531865119934082,0.9995230436325073
1028,0.31844645738601685,1028,0.5376039743423462,0.9995216131210327
1029,0.3237265944480896,1029,0.5429372191429138,0.9995058178901672
1030,0.3278579115867615,1030,0.5507208108901978,0.9995017647743225
1031,0.3319394588470459,1031,0.5558724999427795,0.9995117783546448
1032,0.3370693325996399,1032,0.5588952302932739,0.9995301961898804
1033,0.34126901626586914,1033,0.5634819269180298,0.9995179772377014
1034,0.3456002473831177,1034,0.5673348903656006,0.9995179772377014
1035,0.35149598121643066,1035,0.5713099241256714,0.999511182308197
1036,0.35548168420791626,1036,0.5759832262992859,0.9995244145393372
1037,0.3594169616699219,1037,0.5803468227386475,0.9995113611221313
1038,0.363609254360199,1038,0.5861835479736328,0.9995115995407104
1039,0.3692060708999634,1039,0.5875968933105469,0.999505877494812
1040,0.372611939907074,1040,0.5902560949325562,0.999503493309021
1041,0.37759125232696533,1041,0.5933523178100586,0.999512255191803
1042,0.38125020265579224,1042,0.5957976579666138,0.9995200037956238
1043,0.38775187730789185,1043,0.5997262001037598,0.9995025992393494
1044,0.3916584253311157,1044,0.6033709049224854,0.9995280504226685
1045,0.39617741107940674,1045,0.606361985206604,0.9994966387748718
1046,0.4001612067222595,1046,0.6101912260055542,0.9995132684707642
1047,0.4045965075492859,1047,0.6133210062980652,0.9995186924934387
1048,0.40836048126220703,1048,0.6175505518913269,0.9995034337043762
1049,0.41397762298583984,1049,0.6192344427108765,0.9994989037513733
1050,0.41640526056289673,1050,0.6217334270477295,0.9995090365409851
1051,0.42055583000183105,1051,0.6253302097320557,0.9995083808898926
1052,0.42510199546813965,1052,0.6302770376205444,0.9995027780532837
1053,0.42816150188446045,1053,0.6329141855239868,0.9995189309120178
1054,0.4314829111099243,1054,0.636276125907898,0.9995154738426208
1055,0.4351903200149536,1055,0.6392408609390259,0.9995077848434448
1056,0.43775850534439087,1056,0.6411974430084229,0.9995061159133911
1057,0.44129812717437744,1057,0.6438742280006409,0.999517023563385
1058,0.44653016328811646,1058,0.6458956003189087,0.9995042681694031
1059,0.45027095079421997,1059,0.6492524147033691,0.9995030164718628
1060,0.453522264957428,1060,0.65223228931427,0.9995102882385254
1061,0.45689594745635986,1061,0.6547412276268005,0.9994953870773315
1062,0.4610709547996521,1062,0.6568476557731628,0.9995099306106567
1063,0.4641869068145752,1063,0.659642219543457,0.9995054006576538
1064,0.46894168853759766,1064,0.6628154516220093,0.999518096446991
1065,0.47250354290008545,1065,0.6676311492919922,0.999517560005188
1066,0.4769061207771301,1066,0.6699579954147339,0.9995005130767822
1067,0.48046743869781494,1067,0.6720340251922607,0.999501645565033
1068,0.48416298627853394,1068,0.675079345703125,0.9995019435882568
1069,0.4870302081108093,1069,0.6776080131530762,0.9995198845863342
1070,0.49040746688842773,1070,0.6795940399169922,0.9995113611221313
1071,0.4941771626472473,1071,0.6827290654182434,0.9994990229606628
1072,0.4979826807975769,1072,0.6872580051422119,0.9995113015174866
1073,0.5019981861114502,1073,0.6897543668746948,0.9995039701461792
1074,0.5049163103103638,1074,0.6917436122894287,0.9994997978210449
1075,0.5077244639396667,1075,0.6935489177703857,0.9995226860046387
1076,0.5104165077209473,1076,0.694881796836853,0.999518096446991
1077,0.5134771466255188,1077,0.696780264377594,0.9995008707046509
1078,0.5172979831695557,1078,0.6994180679321289,0.9995161294937134
1079,0.5195397734642029,1079,0.7014843225479126,0.9995242357254028
1080,0.5220226049423218,1080,0.7035126686096191,0.9995145797729492
1081,0.5248266458511353,1081,0.7059478759765625,0.9995161890983582
1082,0.5270817279815674,1082,0.7069404125213623,0.9995162487030029
1083,0.5301570296287537,1083,0.7097124457359314,0.9995124340057373
1084,0.5326042175292969,1084,0.7116885185241699,0.9995099306106567
1085,0.5358948707580566,1085,0.7134174704551697,0.999517023563385
1086,0.5382964611053467,1086,0.7150257229804993,0.9995095133781433
1087,0.5414652824401855,1087,0.7164359092712402,0.9995197057723999
1088,0.5435587167739868,1088,0.7178754210472107,0.9995113015174866
1089,0.5470918416976929,1089,0.7201929092407227,0.9995086789131165
1090,0.5504499673843384,1090,0.7209657430648804,0.9995243549346924
1091,0.5532605648040771,1091,0.722865104675293,0.9995195865631104
1092,0.5559729337692261,1092,0.7241562604904175,0.9995203018188477
1093,0.559402346611023,1093,0.7256484031677246,0.9995227456092834
1094,0.561508059501648,1094,0.7269105911254883,0.9995025992393494
1095,0.5645827054977417,1095,0.7281138896942139,0.999510645866394
1096,0.5670487880706787,1096,0.729037880897522,0.9995087385177612
1097,0.5698121786117554,1097,0.7303390502929688,0.9995262026786804
1098,0.5723737478256226,1098,0.7312242388725281,0.9994955062866211
1099,0.5738253593444824,1099,0.733328640460968,0.9995174407958984
1100,0.575793981552124,1100,0.7348744869232178,0.9995099306106567
1101,0.5778523087501526,1101,0.7365738749504089,0.999519944190979
1102,0.5801529884338379,1102,0.7376969456672668,0.9995101094245911
1103,0.5830836296081543,1103,0.740509033203125,0.9995037317276001
1104,0.5860878229141235,1104,0.7415173053741455,0.9995136857032776
1105,0.5883909463882446,1105,0.742264986038208,0.999527633190155
1106,0.5911885499954224,1106,0.7426137924194336,0.9995182752609253
1107,0.5935262441635132,1107,0.7440494894981384,0.999523937702179
1108,0.596314549446106,1108,0.7454899549484253,0.9995033740997314
1109,0.5988132953643799,1109,0.7467021942138672,0.9995073080062866
1110,0.6004254817962646,1110,0.7476531267166138,0.9995108246803284
1111,0.6025233268737793,1111,0.7489255666732788,0.9995133876800537
1112,0.6043797731399536,1112,0.7500500679016113,0.9995059967041016
1113,0.606541633605957,1113,0.7507201433181763,0.9995241761207581
1114,0.6090540885925293,1114,0.751849353313446,0.999509871006012
1115,0.6112391948699951,1115,0.7532271146774292,0.999516487121582
1116,0.6135241985321045,1116,0.7546296715736389,0.999496340751648
1117,0.6161354780197144,1117,0.7556717991828918,0.9995136857032776
1118,0.6182299852371216,1118,0.7567185759544373,0.9995067715644836
1119,0.6208726167678833,1119,0.7569347023963928,0.9995169043540955
1120,0.6224809288978577,1120,0.7579488754272461,0.9994978308677673
1121,0.624741792678833,1121,0.7595596313476562,0.9995074272155762
1122,0.6270549297332764,1122,0.7606913447380066,0.999509871006012
1123,0.6291362643241882,1123,0.7615130543708801,0.9995184540748596
1124,0.6310677528381348,1124,0.7620795369148254,0.9995105862617493
1125,0.6328359842300415,1125,0.7630207538604736,0.9995086789131165
1126,0.6351531744003296,1126,0.763507604598999,0.9995051026344299
1127,0.6372981071472168,1127,0.7646878957748413,0.9995166063308716
1128,0.6389857530593872,1128,0.765167236328125,0.999500572681427
1129,0.6410868167877197,1129,0.7656111717224121,0.9995140433311462
1130,0.6430352926254272,1130,0.7663960456848145,0.9995068311691284
1131,0.6447937488555908,1131,0.7668536901473999,0.9995031356811523
1132,0.6461674571037292,1132,0.7676123380661011,0.9995195269584656
1133,0.6481341123580933,1133,0.7678641080856323,0.9995111227035522
1134,0.649850606918335,1134,0.7683825492858887,0.9995266199111938
1135,0.651762843132019,1135,0.7691326141357422,0.9995015263557434
1136,0.6534901261329651,1136,0.7694539427757263,0.9995195269584656
1137,0.6554340124130249,1137,0.7696549892425537,0.9995054602622986
1138,0.657381534576416,1138,0.7702121734619141,0.9995133876800537
1139,0.659065842628479,1139,0.77076655626297,0.9995193481445312
1140,0.6606082916259766,1140,0.7714110612869263,0.999519944190979
1141,0.6618581414222717,1141,0.772243082523346,0.9995151162147522
1142,0.6637657880783081,1142,0.7728854417800903,0.9995256066322327
1143,0.6660267114639282,1143,0.7734746336936951,0.9995049238204956
1144,0.6672208309173584,1144,0.7738417387008667,0.9995210766792297
1145,0.6688791513442993,1145,0.7736681699752808,0.999504566192627
1146,0.6700713634490967,1146,0.7738170623779297,0.9995269775390625
1147,0.6714979410171509,1147,0.7738370895385742,0.9995102286338806
1148,0.6736083030700684,1148,0.7743119597434998,0.9995138049125671
1149,0.675991415977478,1149,0.7746462821960449,0.9994944930076599
1150,0.6772801876068115,1150,0.7752277255058289,0.9995083212852478
1151,0.6793972253799438,1151,0.7755666375160217,0.9995065331459045
1152,0.6814142465591431,1152,0.7756752967834473,0.9995055198669434
1153,0.6834697127342224,1153,0.7753860950469971,0.9995278716087341
1154,0.6846636533737183,1154,0.7761719822883606,0.9995112419128418
1155,0.6856000423431396,1155,0.7769333720207214,0.9995233416557312
1156,0.6868932247161865,1156,0.7771055698394775,0.9995037317276001
1157,0.6881778240203857,1157,0.7770616412162781,0.9995247721672058
1158,0.6897778511047363,1158,0.7776391506195068,0.9995137453079224
1159,0.6917504072189331,1159,0.7778385281562805,0.9995231032371521
1160,0.6932402849197388,1160,0.7783041596412659,0.999518096446991
1161,0.6950564980506897,1161,0.7788029909133911,0.9995134472846985
1162,0.696121335029602,1162,0.7788167595863342,0.9995223879814148
1163,0.6976165771484375,1163,0.7788382768630981,0.9995245933532715
1164,0.6988983154296875,1164,0.7792049646377563,0.9995135068893433
1165,0.7012256383895874,1165,0.7796059846878052,0.9995114207267761
1166,0.7026584148406982,1166,0.7796362638473511,0.999515175819397
1167,0.7044963836669922,1167,0.7796945571899414,0.9994967579841614
1168,0.7064117789268494,1168,0.7805222272872925,0.9995294213294983
1169,0.7079207897186279,1169,0.7806051969528198,0.999517560005188
1170,0.7091675996780396,1170,0.7809417247772217,0.9995163083076477
1171,0.7111341953277588,1171,0.7809741497039795,0.9995211362838745
1172,0.7126824855804443,1172,0.7811428308486938,0.9995107650756836
1173,0.7140852212905884,1173,0.7817966341972351,0.9995208978652954
1174,0.7152484655380249,1174,0.7825110554695129,0.9995132088661194
1175,0.7165839672088623,1175,0.7828774452209473,0.9995233416557312
1176,0.717915415763855,1176,0.784214973449707,0.9995139241218567
1177,0.7193156480789185,1177,0.7844734191894531,0.9995216727256775
1178,0.720558762550354,1178,0.7851575613021851,0.9995021224021912
1179,0.7222687005996704,1179,0.7861760258674622,0.9994994401931763
1180,0.7234542369842529,1180,0.786806583404541,0.9995089173316956
1181,0.7247790098190308,1181,0.7870647311210632,0.9994996190071106
1182,0.726176381111145,1182,0.7870413064956665,0.9995208978652954
1183,0.7274483442306519,1183,0.7870625257492065,0.9995046854019165
1184,0.7289681434631348,1184,0.7874010801315308,0.9995136260986328
1185,0.7304148077964783,1185,0.7883144021034241,0.9995081424713135
1186,0.7314234972000122,1186,0.7887561321258545,0.9995186924934387
1187,0.7323012351989746,1187,0.7894803285598755,0.9995166659355164
1188,0.7334328889846802,1188,0.7901650667190552,0.9995121359825134
1189,0.7343558669090271,1189,0.7912926077842712,0.9995076656341553
1190,0.7355190515518188,1190,0.7917038202285767,0.9995170831680298
1191,0.7364377379417419,1191,0.7921664714813232,0.9995166659355164
1192,0.7377100586891174,1192,0.7925897836685181,0.9994933009147644
1193,0.7389078140258789,1193,0.7931190729141235,0.9995132684707642
1194,0.7403948307037354,1194,0.7933757901191711,0.9995139241218567
1195,0.7412314414978027,1195,0.7938401103019714,0.9995207786560059
1196,0.7424483299255371,1196,0.7940531969070435,0.9995033144950867
1197,0.7434688806533813,1197,0.7942385077476501,0.9995081424713135
1198,0.7446800470352173,1198,0.7945319414138794,0.9995220899581909
1199,0.7453565001487732,1199,0.7956268191337585,0.9995386600494385
1200,0.7464325428009033,1200,0.7955381870269775,0.9995244741439819
1201,0.7479144334793091,1201,0.7959249019622803,0.9995200037956238
1202,0.7487767934799194,1202,0.7966852188110352,0.9995059370994568
1203,0.7499936819076538,1203,0.7972798943519592,0.9995101690292358
1204,0.7510035037994385,1204,0.7986711859703064,0.9995023608207703
1205,0.751863956451416,1205,0.7989593148231506,0.9995191693305969
1206,0.7526949048042297,1206,0.798874020576477,0.9995089173316956
1207,0.753648579120636,1207,0.7996561527252197,0.9995236992835999
1208,0.7543686628341675,1208,0.8001659512519836,0.9995042085647583
1209,0.7553282976150513,1209,0.8005514144897461,0.9995187520980835
1210,0.7562283277511597,1210,0.800903856754303,0.9995191693305969
1211,0.7568533420562744,1211,0.8016983866691589,0.9995107650756836
1212,0.7574553489685059,1212,0.8025392889976501,0.9995173811912537
1213,0.7581881880760193,1213,0.803297758102417,0.9995090365409851
1214,0.7587856650352478,1214,0.8035345673561096,0.9995171427726746
1215,0.7595372796058655,1215,0.8034778237342834,0.9995208382606506
1216,0.7604139447212219,1216,0.8036184310913086,0.9995028972625732
1217,0.761343240737915,1217,0.8040860891342163,0.9995115399360657
1218,0.7620651721954346,1218,0.8041278123855591,0.9995113015174866
1219,0.763063907623291,1219,0.8042924404144287,0.9995231032371521
1220,0.7635835409164429,1220,0.8052138090133667,0.9995169043540955
1221,0.7643157243728638,1221,0.8059847354888916,0.9995155334472656
1222,0.7650330066680908,1222,0.8065029382705688,0.9995056390762329
1223,0.7658078670501709,1223,0.8063045740127563,0.9995126128196716
1224,0.7669620513916016,1224,0.8067833185195923,0.9995219707489014
1225,0.7674855589866638,1225,0.8070594668388367,0.9995078444480896
1226,0.7681291699409485,1226,0.8074166774749756,0.9995219707489014
1227,0.7690268158912659,1227,0.8076768517494202,0.9995161294937134
1228,0.7697523236274719,1228,0.8080062866210938,0.9995148777961731
1229,0.7703901529312134,1229,0.8088146448135376,0.99951171875
1230,0.7711614966392517,1230,0.8094214200973511,0.999505877494812
1231,0.7717700600624084,1231,0.8100235462188721,0.9995048642158508
1232,0.7724142074584961,1232,0.8105313181877136,0.9995047450065613
1233,0.7731146216392517,1233,0.8109250664710999,0.9995203614234924
1234,0.7739129066467285,1234,0.8112059235572815,0.9995023608207703
1235,0.7746424078941345,1235,0.8124251365661621,0.9995110034942627
1236,0.7753317952156067,1236,0.8125210404396057,0.9994964599609375
1237,0.7761582136154175,1237,0.8129880428314209,0.9995130896568298
1238,0.7766967415809631,1238,0.8131715059280396,0.999504029750824
1239,0.7773749828338623,1239,0.813025176525116,0.9995133876800537
1240,0.7785930633544922,1240,0.8131064176559448,0.9995020627975464
1241,0.7793279886245728,1241,0.8133679628372192,0.9995110034942627
1242,0.780064046382904,1242,0.8131517767906189,0.999502420425415
1243,0.7805616855621338,1243,0.8133745193481445,0.9995037913322449
1244,0.7812536358833313,1244,0.8138382434844971,0.9995056986808777
1245,0.7819749116897583,1245,0.8144685626029968,0.9995124340057373
1246,0.7825282216072083,1246,0.8153857588768005,0.9995079040527344
1247,0.7833508849143982,1247,0.815412163734436,0.9995251893997192
1248,0.7841941714286804,1248,0.8159639239311218,0.9995149970054626
1249,0.7846631407737732,1249,0.8163293600082397,0.9995139837265015
1250,0.7837405204772949,1250,0.8123219609260559,0.9995196461677551
1251,0.1101575493812561,1251,0.3029480576515198,0.9995151162147522
1252,0.12713545560836792,1252,0.3216663599014282,0.9994967579841614
1253,0.13763785362243652,1253,0.3311840295791626,0.999515175819397
1254,0.14441204071044922,1254,0.3395465612411499,0.9995079040527344
1255,0.15153157711029053,1255,0.3501918315887451,0.9995067715644836
1256,0.15762770175933838,1256,0.36039429903030396,0.9995043277740479
1257,0.1645054817199707,1257,0.3684922456741333,0.9995039105415344
1258,0.1692512035369873,1258,0.3749094009399414,0.9995073080062866
1259,0.17813652753829956,1259,0.3836327791213989,0.9995080828666687
1260,0.18468600511550903,1260,0.39173173904418945,0.9995075464248657
1261,0.1913192868232727,1261,0.3999866247177124,0.9995036125183105
1262,0.19840389490127563,1262,0.4070584177970886,0.9995169639587402
1263,0.20434951782226562,1263,0.4165758490562439,0.9995177388191223
1264,0.20847123861312866,1264,0.42380064725875854,0.9995142221450806
1265,0.2141631841659546,1265,0.4305288791656494,0.9995096325874329
1266,0.22034144401550293,1266,0.44070303440093994,0.9995066523551941
1267,0.225405752658844,1267,0.44771307706832886,0.9995120763778687
1268,0.23097509145736694,1268,0.4527176022529602,0.999517560005188
1269,0.23629730939865112,1269,0.45977431535720825,0.9995046854019165
1270,0.2428417205810547,1270,0.46600639820098877,0.9995079040527344
1271,0.24917352199554443,1271,0.47461479902267456,0.9995157718658447
1272,0.2558630704879761,1272,0.47943466901779175,0.999509871006012
1273,0.2625386118888855,1273,0.482710063457489,0.9995141625404358
1274,0.2666929364204407,1274,0.49037307500839233,0.9995131492614746
1275,0.2715720534324646,1275,0.49555665254592896,0.9995266795158386
1276,0.27710843086242676,1276,0.5020447969436646,0.9995133876800537
1277,0.28288477659225464,1277,0.5085854530334473,0.9995003938674927
1278,0.2891811728477478,1278,0.5143369436264038,0.9995183944702148
1279,0.2937588691711426,1279,0.5182057023048401,0.9995107650756836
1280,0.2995728850364685,1280,0.5223071575164795,0.9995160102844238
1281,0.304438054561615,1281,0.5274933576583862,0.9995091557502747
1282,0.3096664547920227,1282,0.5329263210296631,0.9995006322860718
1283,0.31551456451416016,1283,0.5395012497901917,0.9995096325874329
1284,0.3198325037956238,1284,0.5440611839294434,0.9995232820510864
1285,0.32475775480270386,1285,0.5460785031318665,0.9995138049125671
1286,0.33009833097457886,1286,0.5522288084030151,0.9995229840278625
1287,0.3351441025733948,1287,0.5557218790054321,0.9995021224021912
1288,0.3412190079689026,1288,0.559506893157959,0.9995090961456299
1289,0.3475481867790222,1289,0.5639805793762207,0.9995215535163879
1290,0.350963830947876,1290,0.5680770874023438,0.9995222687721252
1291,0.3550456762313843,1291,0.5726374983787537,0.9995185732841492
1292,0.359447717666626,1292,0.5762910842895508,0.9995170831680298
1293,0.36238789558410645,1293,0.5800184011459351,0.9995174407958984
1294,0.36661297082901,1294,0.5833796262741089,0.9995090365409851
1295,0.37089061737060547,1295,0.5857171416282654,0.9995245933532715
1296,0.375313937664032,1296,0.5918726921081543,0.9995196461677551
1297,0.37968331575393677,1297,0.5958826541900635,0.9994980692863464
1298,0.38474684953689575,1298,0.6002059578895569,0.999507486820221
1299,0.38971060514450073,1299,0.6035239100456238,0.9995239973068237
1300,0.3938777446746826,1300,0.6079226136207581,0.9995184540748596
1301,0.3967151641845703,1301,0.6111330986022949,0.9995085597038269
1302,0.4007778763771057,1302,0.6144632697105408,0.9995154142379761
1303,0.4065743684768677,1303,0.6171114444732666,0.9995158910751343
1304,0.40940654277801514,1304,0.620342493057251,0.9995054006576538
1305,0.41377562284469604,1305,0.6235332489013672,0.9995244145393372
1306,0.41742050647735596,1306,0.6267620325088501,0.9995177984237671
1307,0.4224824905395508,1307,0.6309493780136108,0.999502420425415
1308,0.425417959690094,1308,0.6341254711151123,0.9995197057723999
1309,0.4286069869995117,1309,0.6364799737930298,0.9995096325874329
1310,0.4334603548049927,1310,0.6401301622390747,0.9995051622390747
1311,0.4376460313796997,1311,0.643761157989502,0.9995100498199463
1312,0.44321876764297485,1312,0.6461199522018433,0.999498724937439
1313,0.4463837146759033,1313,0.6499603986740112,0.9995113611221313
1314,0.4512801766395569,1314,0.6522422432899475,0.9995090365409851
1315,0.4553638696670532,1315,0.6544232368469238,0.9995187520980835
1316,0.4589475393295288,1316,0.6565958261489868,0.9995102286338806
1317,0.46222126483917236,1317,0.6588302850723267,0.9995234608650208
1318,0.46643364429473877,1318,0.6619526147842407,0.9995062351226807
1319,0.46959424018859863,1319,0.6645733118057251,0.9995175004005432
1320,0.47227662801742554,1320,0.6676810383796692,0.9994996786117554
1321,0.47584766149520874,1321,0.6702547073364258,0.9994979500770569
1322,0.4790340065956116,1322,0.6731054782867432,0.9994927048683167
1323,0.4830666184425354,1323,0.6754664182662964,0.9995086193084717
1324,0.4867018461227417,1324,0.6773496866226196,0.9995070099830627
1325,0.4901134967803955,1325,0.68065345287323,0.9995090961456299
1326,0.4933823347091675,1326,0.6836833953857422,0.9995006918907166
1327,0.49630123376846313,1327,0.6858933568000793,0.9995184540748596
1328,0.49896925687789917,1328,0.6883455514907837,0.9995212554931641
1329,0.5013633966445923,1329,0.6906252503395081,0.9995196461677551
1330,0.5045286417007446,1330,0.6924139857292175,0.999519407749176
1331,0.5072906017303467,1331,0.695032000541687,0.9995105862617493
1332,0.5094122290611267,1332,0.6966322064399719,0.9995067119598389
1333,0.5116009712219238,1333,0.6991431713104248,0.9995142817497253
1334,0.514626145362854,1334,0.7011991739273071,0.9995314478874207
1335,0.5183097124099731,1335,0.7017315626144409,0.9995040893554688
1336,0.5204647779464722,1336,0.7037612199783325,0.9995117783546448
1337,0.5243300199508667,1337,0.7056863307952881,0.9995135068893433
1338,0.5281804800033569,1338,0.7090219259262085,0.9995214939117432
1339,0.5306224226951599,1339,0.7108749151229858,0.9995151162147522
1340,0.5338041186332703,1340,0.7116131782531738,0.9995138049125671
1341,0.5354162454605103,1341,0.7130064368247986,0.9995121359825134
1342,0.5382463932037354,1342,0.7144796252250671,0.9995130896568298
1343,0.5398921966552734,1343,0.715856671333313,0.9995158910751343
1344,0.5427680015563965,1344,0.718039870262146,0.9995024800300598
1345,0.545507550239563,1345,0.7202188968658447,0.9995227456092834
1346,0.5483298301696777,1346,0.7217744588851929,0.9995203614234924
1347,0.5509889125823975,1347,0.7231855392456055,0.9995107650756836
1348,0.5541785955429077,1348,0.7251614332199097,0.999506950378418
1349,0.5571094751358032,1349,0.7272831201553345,0.9995201826095581
1350,0.5606165528297424,1350,0.729210615158081,0.9995079636573792
1351,0.5626496076583862,1351,0.7308892011642456,0.9995125532150269
1352,0.5654904842376709,1352,0.7318354845046997,0.9995201230049133
1353,0.5678614377975464,1353,0.7339021563529968,0.9994947910308838
1354,0.5718017220497131,1354,0.7352663278579712,0.9995153546333313
1355,0.5734909176826477,1355,0.7366244196891785,0.9995196461677551
1356,0.5753377676010132,1356,0.7381580471992493,0.9995065927505493
1357,0.577959418296814,1357,0.7402796745300293,0.9995158910751343
1358,0.5816373229026794,1358,0.7417412996292114,0.9995017647743225
1359,0.58416748046875,1359,0.7433425784111023,0.9995205998420715
1360,0.5867218971252441,1360,0.744747519493103,0.9995179772377014
1361,0.5887598991394043,1361,0.7461580038070679,0.9995207190513611
1362,0.5911169052124023,1362,0.7477309703826904,0.9995259046554565
1363,0.5936504602432251,1363,0.7488361597061157,0.9995216131210327
1364,0.595967710018158,1364,0.7495832443237305,0.9995236396789551
1365,0.5984396934509277,1365,0.7504951357841492,0.9995099902153015
1366,0.601129412651062,1366,0.7512595653533936,0.9995085000991821
1367,0.6028740406036377,1367,0.7522293925285339,0.999505877494812
1368,0.6045254468917847,1368,0.7525755167007446,0.9995157718658447
1369,0.6067232489585876,1369,0.7534230947494507,0.9995076656341553
1370,0.6088827848434448,1370,0.7537590265274048,0.9995097517967224
1371,0.6110190153121948,1371,0.7549619674682617,0.9995036721229553
1372,0.6133071184158325,1372,0.7560058832168579,0.9995073676109314
1373,0.6158047914505005,1373,0.7574997544288635,0.9994986057281494
1374,0.618438720703125,1374,0.7586225867271423,0.999522864818573
1375,0.6204248666763306,1375,0.7597828507423401,0.9995154738426208
1376,0.6222104430198669,1376,0.7598195672035217,0.9995298981666565
1377,0.6240733861923218,1377,0.7600849866867065,0.9995231628417969
1378,0.6269930601119995,1378,0.7611241340637207,0.9995107054710388
1379,0.629531741142273,1379,0.7619744539260864,0.9995129704475403
1380,0.6315146684646606,1380,0.7630680203437805,0.9995154738426208
1381,0.633765697479248,1381,0.7639710903167725,0.9995225071907043
1382,0.6363693475723267,1382,0.7648820281028748,0.9995163083076477
1383,0.6382290720939636,1383,0.765968918800354,0.9995250701904297
1384,0.6400639414787292,1384,0.7663822174072266,0.9995037317276001
1385,0.6423227190971375,1385,0.7671495079994202,0.9995021820068359
1386,0.644818902015686,1386,0.76787269115448,0.9995028972625732
1387,0.6465702056884766,1387,0.7684939503669739,0.999513566493988
1388,0.6493993997573853,1388,0.7691767811775208,0.9994981288909912
1389,0.6514409780502319,1389,0.7698163986206055,0.9995218515396118
1390,0.653177797794342,1390,0.770492672920227,0.9995089173316956
1391,0.65483558177948,1391,0.7711074352264404,0.9995115399360657
1392,0.6569325923919678,1392,0.7716805338859558,0.9995137453079224
1393,0.6590544581413269,1393,0.7723360061645508,0.9995130896568298
1394,0.6606884002685547,1394,0.7730000615119934,0.9995192885398865
1395,0.6623837947845459,1395,0.7737143635749817,0.9995050430297852
1396,0.6645792722702026,1396,0.7741095423698425,0.9995120763778687
1397,0.666309654712677,1397,0.7747513651847839,0.9995092749595642
1398,0.6680128574371338,1398,0.7749664783477783,0.9995201230049133
1399,0.6702386736869812,1399,0.775160014629364,0.9995131492614746
1400,0.6717010736465454,1400,0.7760597467422485,0.999515950679779
1401,0.6738215088844299,1401,0.7764785885810852,0.9995220899581909
1402,0.6755514740943909,1402,0.7769213914871216,0.9995185136795044
1403,0.6770812273025513,1403,0.7774150371551514,0.9994962215423584
1404,0.6781928539276123,1404,0.7781983017921448,0.9995096325874329
1405,0.6804623603820801,1405,0.7781822681427002,0.9995090365409851
1406,0.6825789213180542,1406,0.7786424160003662,0.9995173811912537
1407,0.68405681848526,1407,0.7783545255661011,0.9995141625404358
1408,0.6858702301979065,1408,0.7790645956993103,0.9995065927505493
1409,0.6875460743904114,1409,0.7789586782455444,0.9995151162147522
1410,0.6893801689147949,1410,0.779198169708252,0.9995129704475403
1411,0.6903938055038452,1411,0.778719425201416,0.9995055794715881
1412,0.6914173364639282,1412,0.7790020704269409,0.9995055794715881
1413,0.6925123929977417,1413,0.7796194553375244,0.9995181560516357
1414,0.6938613057136536,1414,0.7802915573120117,0.9995099306106567
1415,0.6956502199172974,1415,0.7814145088195801,0.9995111227035522
1416,0.697471022605896,1416,0.7817535996437073,0.9994972944259644
1417,0.699021577835083,1417,0.7821159362792969,0.9995011687278748
1418,0.7003372311592102,1418,0.7821711301803589,0.9995197057723999
1419,0.701900064945221,1419,0.7829204797744751,0.9995030760765076
1420,0.7035974264144897,1420,0.7829893231391907,0.9995183348655701
1421,0.7046396732330322,1421,0.7834733128547668,0.9995104074478149
1422,0.705757200717926,1422,0.7838633060455322,0.9995154738426208
1423,0.7070472836494446,1423,0.7844606637954712,0.9995006322860718
1424,0.7084059119224548,1424,0.785525918006897,0.9995126128196716
1425,0.7106581926345825,1425,0.7855703234672546,0.9995085000991821
1426,0.7119441628456116,1426,0.7866819500923157,0.9995092153549194
1427,0.7132685780525208,1427,0.7871963977813721,0.9995037317276001
1428,0.7145086526870728,1428,0.7882996797561646,0.9994997382164001
1429,0.7161582708358765,1429,0.7887691855430603,0.9995221495628357
1430,0.7178101539611816,1430,0.7889808416366577,0.999523937702179
1431,0.7195018529891968,1431,0.7899394035339355,0.9995058178901672
1432,0.7210309505462646,1432,0.7907422780990601,0.9995080828666687
1433,0.7221585512161255,1433,0.791521430015564,0.999519944190979
1434,0.723427414894104,1434,0.7919027805328369,0.9995121955871582
1435,0.724939227104187,1435,0.791510283946991,0.9995054602622986
1436,0.7260950803756714,1436,0.7924202680587769,0.9995084404945374
1437,0.7270697355270386,1437,0.7929911613464355,0.9995076656341553
1438,0.7279619574546814,1438,0.7935227155685425,0.9995284080505371
1439,0.7294796705245972,1439,0.7943328022956848,0.9995043873786926
1440,0.7308254837989807,1440,0.7946997880935669,0.9995035529136658
1441,0.7325502634048462,1441,0.7957701086997986,0.9995120763778687
1442,0.7337127923965454,1442,0.7959437370300293,0.9995161890983582
1443,0.7347356081008911,1443,0.7963845729827881,0.9995137453079224
1444,0.7359583377838135,1444,0.7966309189796448,0.9995098114013672
1445,0.7371256351470947,1445,0.7969982624053955,0.9995210766792297
1446,0.738420844078064,1446,0.7978187799453735,0.9995092749595642
1447,0.7398003935813904,1447,0.7983731627464294,0.9995038509368896
1448,0.7408859133720398,1448,0.7986446022987366,0.9995301961898804
1449,0.7417926788330078,1449,0.7989495992660522,0.9995014667510986
1450,0.7427659034729004,1450,0.7997746467590332,0.9995141625404358
1451,0.7438690662384033,1451,0.8002855777740479,0.9995057582855225
1452,0.7450012564659119,1452,0.8009979128837585,0.9995115995407104
1453,0.7461058497428894,1453,0.8014655113220215,0.9995191097259521
1454,0.7470688223838806,1454,0.801893949508667,0.999512791633606
1455,0.7481489181518555,1455,0.8022478818893433,0.9995181560516357
1456,0.7492589950561523,1456,0.8022955060005188,0.9995015859603882
1457,0.7505202293395996,1457,0.8034049868583679,0.9995160698890686
1458,0.7515744566917419,1458,0.8036791086196899,0.9995208382606506
1459,0.7528592944145203,1459,0.8038617968559265,0.999514639377594
1460,0.7539072632789612,1460,0.8044862747192383,0.999505341053009
1461,0.7548278570175171,1461,0.8045889735221863,0.9995126724243164
1462,0.7560306191444397,1462,0.8056014180183411,0.9995219111442566
1463,0.7568144202232361,1463,0.8069571256637573,0.9995181560516357
1464,0.7575483322143555,1464,0.8069462776184082,0.9995025992393494
1465,0.7588638067245483,1465,0.8074641823768616,0.9995183944702148
1466,0.7597180008888245,1466,0.8077645897865295,0.9995277523994446
1467,0.7606008648872375,1467,0.807648777961731,0.9995120167732239
1468,0.7612596154212952,1468,0.8078500032424927,0.9995056390762329
1469,0.7624635100364685,1469,0.8091704845428467,0.9995137453079224
1470,0.7634333372116089,1470,0.8094422817230225,0.9995248317718506
1471,0.7644727230072021,1471,0.8095342516899109,0.9995213747024536
1472,0.7655160427093506,1472,0.8092672824859619,0.9995056986808777
1473,0.7662757635116577,1473,0.8094106316566467,0.9994962811470032
1474,0.7669010758399963,1474,0.8093955516815186,0.999525249004364
1475,0.7674685120582581,1475,0.810411810874939,0.9994967579841614
1476,0.7682919502258301,1476,0.8110736608505249,0.9995044469833374
1477,0.7692453265190125,1477,0.8116824626922607,0.9995211362838745
1478,0.7698767781257629,1478,0.8119155764579773,0.9995003938674927
1479,0.7709559202194214,1479,0.8121786117553711,0.9994944930076599
1480,0.7718480825424194,1480,0.8131513595581055,0.9995306134223938
1481,0.7725213170051575,1481,0.8134187459945679,0.9995067715644836
1482,0.7731286287307739,1482,0.8138964772224426,0.9995099902153015
1483,0.7738587856292725,1483,0.81404709815979,0.9995229244232178
1484,0.774766743183136,1484,0.8144876956939697,0.9995026588439941
1485,0.7756828665733337,1485,0.8147679567337036,0.9995035529136658
1486,0.7764652371406555,1486,0.8148287534713745,0.9995115399360657
1487,0.7772077918052673,1487,0.8151130676269531,0.999507486820221
1488,0.7778701782226562,1488,0.8154208064079285,0.9995206594467163
1489,0.7787739038467407,1489,0.8151910901069641,0.9995070099830627
1490,0.7792105078697205,1490,0.8156050443649292,0.9994996190071106
1491,0.7797327041625977,1491,0.8156516551971436,0.9995262026786804
1492,0.7803780436515808,1492,0.8159288167953491,0.9995172619819641
1493,0.7810354828834534,1493,0.8158433437347412,0.9995077252388
1494,0.7817326784133911,1494,0.8163264393806458,0.9995090961456299
1495,0.7826439142227173,1495,0.8168061375617981,0.9995025396347046
1496,0.7831953763961792,1496,0.8166923522949219,0.9995219111442566
1497,0.7838159203529358,1497,0.8168941140174866,0.9995096325874329
1498,0.7844348549842834,1498,0.8175504803657532,0.9995179772377014
1499,0.7852194905281067,1499,0.8186683058738708,0.9995079636573792
1500,0.7846556901931763,1500,0.818137526512146,0.9995120763778687
1501,0.1307472586631775,1501,0.3088333010673523,0.9995008111000061
1502,0.14365023374557495,1502,0.33246833086013794,0.9995291829109192
1503,0.1523369550704956,1503,0.34618079662323,0.9995115995407104
1504,0.16027313470840454,1504,0.3564920425415039,0.999517023563385
1505,0.16707628965377808,1505,0.36538469791412354,0.9994970560073853
1506,0.17213523387908936,1506,0.37043285369873047,0.9995163679122925
1507,0.1782592535018921,1507,0.38349562883377075,0.9995085000991821
1508,0.1863899827003479,1508,0.3920656442642212,0.9995216131210327
1509,0.19162267446517944,1509,0.3994021415710449,0.9995014667510986
1510,0.1988951563835144,1510,0.4085535407066345,0.9995116591453552
1511,0.2035130262374878,1511,0.4161214828491211,0.9995026588439941
1512,0.21128129959106445,1512,0.42257463932037354,0.9995012879371643
1513,0.21655619144439697,1513,0.43300390243530273,0.9995086789131165
1514,0.22277194261550903,1514,0.440856397151947,0.9995054602622986
1515,0.22840917110443115,1515,0.4468981623649597,0.9995188117027283
1516,0.23551368713378906,1516,0.45261651277542114,0.9995071887969971
1517,0.2416081428527832,1517,0.46195292472839355,0.999499499797821
1518,0.24707084894180298,1518,0.47149795293807983,0.9994988441467285
1519,0.25285160541534424,1519,0.4785608649253845,0.999508261680603
1520,0.26008468866348267,1520,0.4859715700149536,0.9995133876800537
1521,0.2669345736503601,1521,0.4911038875579834,0.9995173811912537
1522,0.27312952280044556,1522,0.49524086713790894,0.9994987845420837
1523,0.2788180708885193,1523,0.5002174377441406,0.9995119571685791
1524,0.284357488155365,1524,0.5049740076065063,0.9995134472846985
1525,0.28947585821151733,1525,0.5113152265548706,0.9995032548904419
1526,0.2940695881843567,1526,0.5173384547233582,0.9995229840278625
1527,0.30089884996414185,1527,0.5243902206420898,0.9995005130767822
1528,0.30627328157424927,1528,0.5289872288703918,0.9995098114013672
1529,0.3108358383178711,1529,0.5339308977127075,0.9995099902153015
1530,0.314755916595459,1530,0.5383129119873047,0.9995065331459045
1531,0.3194207549095154,1531,0.5414305925369263,0.9995129108428955
1532,0.3249703645706177,1532,0.5454738140106201,0.9995079636573792
1533,0.3291813135147095,1533,0.5498098731040955,0.9995153546333313
1534,0.33433985710144043,1534,0.552700400352478,0.9995068907737732
1535,0.3383724093437195,1535,0.5573638677597046,0.999517560005188
1536,0.34282875061035156,1536,0.5621989965438843,0.9995266795158386
1537,0.34635764360427856,1537,0.5656503438949585,0.9995145201683044
1538,0.35148459672927856,1538,0.5677684545516968,0.9995154142379761
1539,0.35741251707077026,1539,0.5722106695175171,0.9995085000991821
1540,0.361666202545166,1540,0.5752922296524048,0.9995044469833374
1541,0.3653777241706848,1541,0.5794153213500977,0.9995128512382507
1542,0.3705589175224304,1542,0.5826104283332825,0.9995165467262268
1543,0.3748607039451599,1543,0.5858395099639893,0.9995165467262268
1544,0.3807200789451599,1544,0.5883498191833496,0.9995182156562805
1545,0.3854742646217346,1545,0.5920785069465637,0.999499499797821
1546,0.3894818425178528,1546,0.5948119163513184,0.9995089769363403
1547,0.39419353008270264,1547,0.5973657369613647,0.9995194673538208
1548,0.39884769916534424,1548,0.5993652939796448,0.9995118379592896
1549,0.4037841558456421,1549,0.6024218797683716,0.9995173215866089
1550,0.4077568054199219,1550,0.6047451496124268,0.9995024800300598
1551,0.4106398820877075,1551,0.6074708700180054,0.9995051622390747
1552,0.4144115447998047,1552,0.610032856464386,0.999506413936615
1553,0.41836780309677124,1553,0.6138699054718018,0.9995137453079224
1554,0.42159003019332886,1554,0.6173528432846069,0.9995119571685791
1555,0.4251285195350647,1555,0.6205549836158752,0.9995276927947998
1556,0.42845046520233154,1556,0.6234261989593506,0.9995269775390625
1557,0.43222135305404663,1557,0.6256858706474304,0.9995036125183105
1558,0.43706387281417847,1558,0.6294223666191101,0.999517560005188
1559,0.4411938786506653,1559,0.6312547922134399,0.9995031356811523
1560,0.4448333978652954,1560,0.6331664323806763,0.9995107054710388
1561,0.4480031132698059,1561,0.6348998546600342,0.9995204210281372
1562,0.45166856050491333,1562,0.6379179954528809,0.9995024800300598
1563,0.45485085248947144,1563,0.6410954594612122,0.9995076060295105
1564,0.45805269479751587,1564,0.6431409120559692,0.9995166659355164
1565,0.4617035388946533,1565,0.6460355520248413,0.9995070099830627
1566,0.4653804302215576,1566,0.6489052772521973,0.9995062947273254
1567,0.4691716432571411,1567,0.6517699956893921,0.9995174407958984
1568,0.47458416223526,1568,0.6537948250770569,0.9995002150535583
1569,0.47700852155685425,1569,0.6557254791259766,0.9995171427726746
1570,0.47981148958206177,1570,0.6596572995185852,0.9995024800300598
1571,0.48362135887145996,1571,0.6624276638031006,0.9994977712631226
1572,0.4875781536102295,1572,0.6661391258239746,0.9995167255401611
1573,0.4913594126701355,1573,0.6692354083061218,0.9995113015174866
1574,0.4945300221443176,1574,0.6705374717712402,0.9995154738426208
1575,0.49787622690200806,1575,0.673133134841919,0.9994969367980957
1576,0.5012348890304565,1576,0.6760063171386719,0.9995109438896179
1577,0.5041528940200806,1577,0.6780743598937988,0.9995075464248657
1578,0.5073352456092834,1578,0.6801061034202576,0.9995213150978088
1579,0.5113740563392639,1579,0.6823786497116089,0.9995113015174866
1580,0.515034019947052,1580,0.6842318177223206,0.9995262026786804
1581,0.5180586576461792,1581,0.6871402263641357,0.9995121359825134
1582,0.52107173204422,1582,0.6890028715133667,0.9995229244232178
1583,0.5248701572418213,1583,0.690808892250061,0.9995080232620239
1584,0.5265780687332153,1584,0.6937620043754578,0.9995225071907043
1585,0.5305927991867065,1585,0.6962887048721313,0.9995132088661194
1586,0.5337800979614258,1586,0.6986903548240662,0.999517560005188
1587,0.5368471145629883,1587,0.7003412246704102,0.999509334564209
1588,0.5400159358978271,1588,0.7027084827423096,0.9995163083076477
1589,0.5429021120071411,1589,0.7053017616271973,0.9995070695877075
1590,0.545777440071106,1590,0.7072729468345642,0.9995009899139404
1591,0.5474867224693298,1591,0.7083233594894409,0.9995108246803284
1592,0.5506131052970886,1592,0.7101525068283081,0.9995124936103821
1593,0.5531589984893799,1593,0.7124677896499634,0.9995110630989075
1594,0.5554166436195374,1594,0.7142244577407837,0.9995144605636597
1595,0.5583621263504028,1595,0.7162487506866455,0.9995215535163879
1596,0.5607020854949951,1596,0.7179405689239502,0.9995261430740356
1597,0.5627368092536926,1597,0.7202130556106567,0.9995204210281372
1598,0.5646502375602722,1598,0.7220304012298584,0.9995167851448059
1599,0.5674049258232117,1599,0.7253640294075012,0.9995243549346924
1600,0.5701724886894226,1600,0.7265240550041199,0.9995125532150269
1601,0.573608934879303,1601,0.7280562520027161,0.9995071887969971
1602,0.5764642357826233,1602,0.7292964458465576,0.9995133876800537
1603,0.5792007446289062,1603,0.7301607131958008,0.9995234608650208
1604,0.5817062854766846,1604,0.7322068214416504,0.9995092749595642
1605,0.5839624404907227,1605,0.7341486215591431,0.999509871006012
1606,0.5866236686706543,1606,0.73587965965271,0.9995219707489014
1607,0.5889078378677368,1607,0.7375098466873169,0.9995172619819641
1608,0.5910385847091675,1608,0.7393231391906738,0.999512255191803
1609,0.5938184261322021,1609,0.7404452562332153,0.9995262622833252
1610,0.596329927444458,1610,0.7418383359909058,0.9995009303092957
1611,0.5994534492492676,1611,0.7436801791191101,0.9995058178901672
1612,0.601955771446228,1612,0.7446572184562683,0.999504029750824
1613,0.6038730144500732,1613,0.7461984157562256,0.9995318651199341
1614,0.6065273880958557,1614,0.7473270893096924,0.9995108246803284
1615,0.6084545254707336,1615,0.7492332458496094,0.9995090961456299
1616,0.6113581657409668,1616,0.7503138184547424,0.9995109438896179
1617,0.6140737533569336,1617,0.7509256601333618,0.9995279908180237
1618,0.6160203814506531,1618,0.7519042491912842,0.9995206594467163
1619,0.6180036067962646,1619,0.752687931060791,0.999516487121582
1620,0.6206105351448059,1620,0.7539863586425781,0.9995187520980835
1621,0.6223275065422058,1621,0.7543115615844727,0.999518096446991
1622,0.6243207454681396,1622,0.7559878826141357,0.9995164275169373
1623,0.6264211535453796,1623,0.7566291093826294,0.9994966983795166
1624,0.6287667751312256,1624,0.7579456567764282,0.9995226860046387
1625,0.6307348608970642,1625,0.7588114142417908,0.9995213747024536
1626,0.6322415471076965,1626,0.7598828077316284,0.9994925856590271
1627,0.6349784135818481,1627,0.760598361492157,0.9995226860046387
1628,0.6367860436439514,1628,0.761854887008667,0.999500572681427
1629,0.639217734336853,1629,0.7624839544296265,0.9995138645172119
1630,0.6405210494995117,1630,0.7633472084999084,0.9995175004005432
1631,0.642501711845398,1631,0.764668345451355,0.9995195865631104
1632,0.6443256139755249,1632,0.7655291557312012,0.9995206594467163
1633,0.6465145349502563,1633,0.7664093971252441,0.9995112419128418
1634,0.6484856605529785,1634,0.7674657106399536,0.9995222091674805
1635,0.651128888130188,1635,0.7685471177101135,0.999508261680603
1636,0.6527066230773926,1636,0.769368052482605,0.999514639377594
1637,0.6542476415634155,1637,0.7699951529502869,0.9995183348655701
1638,0.6560198068618774,1638,0.7706143856048584,0.9995095133781433
1639,0.6578893661499023,1639,0.7714496850967407,0.9995214939117432
1640,0.6592901945114136,1640,0.7721983194351196,0.9995095729827881
1641,0.660200834274292,1641,0.7730937600135803,0.9995051026344299
1642,0.6616894006729126,1642,0.7735323905944824,0.9995172619819641
1643,0.6635700464248657,1643,0.7741618752479553,0.9995076656341553
1644,0.6653517484664917,1644,0.7749271988868713,0.999516487121582
1645,0.6669606566429138,1645,0.7751935720443726,0.9995275139808655
1646,0.6686078310012817,1646,0.7754555344581604,0.9995168447494507
1647,0.6703191995620728,1647,0.7762157917022705,0.9995013475418091
1648,0.671886682510376,1648,0.776619017124176,0.9995113015174866
1649,0.6740971803665161,1649,0.7770401239395142,0.9995056986808777
1650,0.6763229370117188,1650,0.7773587107658386,0.9995172619819641
1651,0.6781672239303589,1651,0.7780849933624268,0.9995272159576416
1652,0.679654598236084,1652,0.7793542146682739,0.9995076656341553
1653,0.6810246706008911,1653,0.779455304145813,0.9995035529136658
1654,0.6824164390563965,1654,0.7798980474472046,0.9995174407958984
1655,0.68379807472229,1655,0.7804242372512817,0.9995077252388
1656,0.6849629878997803,1656,0.7811646461486816,0.9995011687278748
1657,0.6867896318435669,1657,0.7817167043685913,0.99949711561203
1658,0.6886730194091797,1658,0.7824426889419556,0.9995286464691162
1659,0.6895735263824463,1659,0.7826975584030151,0.999522864818573
1660,0.6915154457092285,1660,0.7834171056747437,0.9995177984237671
1661,0.6927350759506226,1661,0.7839872241020203,0.9995198249816895
1662,0.6943996548652649,1662,0.7843466997146606,0.9995158910751343
1663,0.6955609917640686,1663,0.7848479151725769,0.9995245933532715
1664,0.6968202590942383,1664,0.7854297161102295,0.9995023608207703
1665,0.698275625705719,1665,0.7865733504295349,0.9995010495185852
1666,0.6997237801551819,1666,0.787078857421875,0.9995036721229553
1667,0.7007210850715637,1667,0.7879090905189514,0.9995042681694031
1668,0.7027765512466431,1668,0.788277804851532,0.9995231628417969
1669,0.7042942047119141,1669,0.7890757918357849,0.9995093941688538
1670,0.7051317691802979,1670,0.7892639636993408,0.9995156526565552
1671,0.7064918279647827,1671,0.7897062301635742,0.9995152354240417
1672,0.7078169584274292,1672,0.7895951271057129,0.9995011687278748
1673,0.7094607353210449,1673,0.7903196215629578,0.999513566493988
1674,0.7112179398536682,1674,0.7911038994789124,0.9995197057723999
1675,0.7123169302940369,1675,0.7914120554924011,0.9995087385177612
1676,0.7134634256362915,1676,0.7920764684677124,0.9995041489601135
1677,0.7151191234588623,1677,0.7925213575363159,0.9995214939117432
1678,0.7162017822265625,1678,0.7932811975479126,0.9995145201683044
1679,0.7178535461425781,1679,0.7943280339241028,0.9994968175888062
1680,0.7194801568984985,1680,0.7943176627159119,0.9995105266571045
1681,0.7205786108970642,1681,0.7947396636009216,0.9995162487030029
1682,0.721511960029602,1682,0.7944084405899048,0.9995081424713135
1683,0.7225788831710815,1683,0.7947525978088379,0.9995184540748596
1684,0.7241970300674438,1684,0.7952006459236145,0.9995172619819641
1685,0.7254661321640015,1685,0.7952942252159119,0.9995105862617493
1686,0.7266355752944946,1686,0.7963693737983704,0.9995251893997192
1687,0.7276338934898376,1687,0.7967623472213745,0.9995037317276001
1688,0.7289111614227295,1688,0.7966719269752502,0.9995129704475403
1689,0.7301106452941895,1689,0.7970134615898132,0.9995228052139282
1690,0.7320117950439453,1690,0.7971724271774292,0.9995075464248657
1691,0.7333236336708069,1691,0.7978819608688354,0.9995046854019165
1692,0.7345678806304932,1692,0.798737645149231,0.9995018243789673
1693,0.735447347164154,1693,0.7996841073036194,0.999518871307373
1694,0.7365824580192566,1694,0.7996482253074646,0.9995037317276001
1695,0.7375741004943848,1695,0.799746036529541,0.9995068311691284
1696,0.738258421421051,1696,0.8000938892364502,0.999508798122406
1697,0.7395219206809998,1697,0.8005685210227966,0.9995086193084717
1698,0.7404116988182068,1698,0.8012962341308594,0.999513566493988
1699,0.7415952682495117,1699,0.8018131256103516,0.9995172023773193
1700,0.7427414655685425,1700,0.8023261427879333,0.9995167851448059
1701,0.7437125444412231,1701,0.8027741312980652,0.9995222687721252
1702,0.74462890625,1702,0.8034753799438477,0.9995091557502747
1703,0.7457180023193359,1703,0.8042468428611755,0.9994933009147644
1704,0.7466830611228943,1704,0.8042833805084229,0.9995017051696777
1705,0.7476028203964233,1705,0.8050723075866699,0.9995225071907043
1706,0.7484918236732483,1706,0.8049249053001404,0.9995114803314209
1707,0.7494637966156006,1707,0.8046784996986389,0.999518096446991
1708,0.7504235506057739,1708,0.8050135374069214,0.9995114803314209
1709,0.7513525485992432,1709,0.8048866391181946,0.9995176196098328
1710,0.7522459030151367,1710,0.8053478002548218,0.9995032548904419
1711,0.7528738975524902,1711,0.8062970042228699,0.9995130300521851
1712,0.7540419101715088,1712,0.8067692518234253,0.999504804611206
1713,0.7549139857292175,1713,0.8071811199188232,0.9995254874229431
1714,0.7558691501617432,1714,0.8073843121528625,0.9995059967041016
1715,0.757168710231781,1715,0.808547854423523,0.9995217323303223
1716,0.7579023838043213,1716,0.8088751435279846,0.9995195269584656
1717,0.7586027383804321,1717,0.8091528415679932,0.9995225071907043
1718,0.7594295144081116,1718,0.8098354935646057,0.9995216727256775
1719,0.7600315809249878,1719,0.8096661567687988,0.9995205998420715
1720,0.7609651684761047,1720,0.8102773427963257,0.9995089769363403
1721,0.762012243270874,1721,0.8106653690338135,0.999502420425415
1722,0.7627323269844055,1722,0.8116798400878906,0.999519944190979
1723,0.7632101774215698,1723,0.8119068145751953,0.9994927644729614
1724,0.7640315294265747,1724,0.811136782169342,0.9995303153991699
1725,0.7646239995956421,1725,0.8114079236984253,0.9995089769363403
1726,0.7651979327201843,1726,0.811766505241394,0.9995241761207581
1727,0.7662128210067749,1727,0.8120179176330566,0.9995250701904297
1728,0.7667884230613708,1728,0.8129878044128418,0.9995098114013672
1729,0.7676152586936951,1729,0.814029335975647,0.9995031952857971
1730,0.7684282660484314,1730,0.8141718506813049,0.999502420425415
1731,0.7691426277160645,1731,0.8142699003219604,0.9995229244232178
1732,0.7699253559112549,1732,0.8144229054450989,0.9995139837265015
1733,0.7706079483032227,1733,0.8152801394462585,0.9995251893997192
1734,0.7719012498855591,1734,0.8161094188690186,0.9995073676109314
1735,0.7728704810142517,1735,0.8166587352752686,0.9995105862617493
1736,0.7737207412719727,1736,0.8175082206726074,0.9994993209838867
1737,0.7745728492736816,1737,0.8179283142089844,0.9995137453079224
1738,0.7754314541816711,1738,0.8186298608779907,0.9995104074478149
1739,0.7760815620422363,1739,0.8187527060508728,0.9995179772377014
1740,0.7767846584320068,1740,0.8193544745445251,0.9995146989822388
1741,0.7772830724716187,1741,0.8196500539779663,0.9995073080062866
1742,0.7779074907302856,1742,0.8201069831848145,0.9995079040527344
1743,0.7785189747810364,1743,0.8201916217803955,0.9995194673538208
1744,0.7793453931808472,1744,0.8203955888748169,0.999507486820221
1745,0.7801227569580078,1745,0.8205752372741699,0.9995170831680298
1746,0.7806710600852966,1746,0.8211519718170166,0.999510645866394
1747,0.7815812230110168,1747,0.821539044380188,0.9995250701904297
1748,0.7822055816650391,1748,0.8217180967330933,0.9995117783546448
1749,0.7828578352928162,1749,0.8220961093902588,0.9995068311691284
1750,0.7834938764572144,1750,0.8256077170372009,0.9995190501213074
1751,0.1349867582321167,1751,0.3077244758605957,0.9995113015174866
1752,0.14773565530776978,1752,0.33055758476257324,0.9995109438896179
1753,0.15513277053833008,1753,0.3503318428993225,0.999499499797821
1754,0.1634434461593628,1754,0.3597620129585266,0.9995037317276001
1755,0.17066729068756104,1755,0.3678600788116455,0.9995154738426208
1756,0.17852836847305298,1756,0.3754029870033264,0.999511182308197
1757,0.18404310941696167,1757,0.3859714865684509,0.9994966983795166
1758,0.19132333993911743,1758,0.3987882733345032,0.9994973540306091
1759,0.19732266664505005,1759,0.40572088956832886,0.9995118379592896
1760,0.20429962873458862,1760,0.41377538442611694,0.9995098114013672
1761,0.21077203750610352,1761,0.4251270890235901,0.9995148181915283
1762,0.2143024206161499,1762,0.4316644072532654,0.9995219707489014
1763,0.22098302841186523,1763,0.44016730785369873,0.999500036239624
1764,0.2272646427154541,1764,0.44830799102783203,0.9995145201683044
1765,0.23414313793182373,1765,0.4558274745941162,0.9995273351669312
1766,0.23894542455673218,1766,0.4626249670982361,0.9995055794715881
1767,0.24514514207839966,1767,0.46859127283096313,0.9995260238647461
1768,0.25117355585098267,1768,0.47241103649139404,0.9995286464691162
1769,0.2574427127838135,1769,0.47755885124206543,0.9995076656341553
1770,0.2628108263015747,1770,0.4820440411567688,0.9995144605636597
1771,0.26882606744766235,1771,0.487063467502594,0.9995113015174866
1772,0.2731595039367676,1772,0.49072277545928955,0.9995216727256775
1773,0.2784716486930847,1773,0.4948512315750122,0.9995042085647583
1774,0.2831425070762634,1774,0.5005830526351929,0.999505877494812
1775,0.28916501998901367,1775,0.5053362846374512,0.9995082020759583
1776,0.2943933606147766,1776,0.5117495059967041,0.9995250105857849
1777,0.2996699810028076,1777,0.5150281190872192,0.99951171875
1778,0.3040769100189209,1778,0.5212974548339844,0.9995202422142029
1779,0.30838543176651,1779,0.5273689031600952,0.9995173215866089
1780,0.31403738260269165,1780,0.5313887596130371,0.9995236396789551
1781,0.3191092610359192,1781,0.5385422706604004,0.9995039701461792
1782,0.3224480152130127,1782,0.54081130027771,0.9995260238647461
1783,0.3269276022911072,1783,0.5450774431228638,0.999521791934967
1784,0.33249759674072266,1784,0.5501158237457275,0.9994922876358032
1785,0.33654528856277466,1785,0.5553127527236938,0.9995027780532837
1786,0.3426082134246826,1786,0.5593209266662598,0.9994933605194092
1787,0.3474251627922058,1787,0.5627975463867188,0.9995194673538208
1788,0.35151565074920654,1788,0.5666541457176208,0.9995171427726746
1789,0.35521483421325684,1789,0.5715407729148865,0.9995269775390625
1790,0.3600337505340576,1790,0.575627863407135,0.9994971752166748
1791,0.3640168309211731,1791,0.5795150995254517,0.9995051622390747
1792,0.36908048391342163,1792,0.5818578004837036,0.999517560005188
1793,0.37344080209732056,1793,0.5866303443908691,0.9995265603065491
1794,0.3780589699745178,1794,0.5904604196548462,0.9995098114013672
1795,0.3827558755874634,1795,0.5947341918945312,0.9995043873786926
1796,0.3862323760986328,1796,0.5968451499938965,0.9995202422142029
1797,0.39068007469177246,1797,0.600251317024231,0.9995039701461792
1798,0.39503878355026245,1798,0.6024935245513916,0.9995185732841492
1799,0.40015196800231934,1799,0.6047006845474243,0.9995105862617493
1800,0.40582382678985596,1800,0.6088236570358276,0.9995165467262268
1801,0.4095708131790161,1801,0.6134433150291443,0.9995154142379761
1802,0.41294556856155396,1802,0.6158868074417114,0.9995191097259521
1803,0.41584157943725586,1803,0.6179839372634888,0.9995158910751343
1804,0.4199736714363098,1804,0.6218541860580444,0.9995066523551941
1805,0.42382192611694336,1805,0.6250319480895996,0.9995243549346924
1806,0.42782866954803467,1806,0.6273747682571411,0.999518871307373
1807,0.43187087774276733,1807,0.6300414800643921,0.9995024800300598
1808,0.4351695775985718,1808,0.6325962543487549,0.9995189309120178
1809,0.44111961126327515,1809,0.6357262134552002,0.9995114207267761
1810,0.4451099634170532,1810,0.6388468742370605,0.99952232837677
1811,0.4490455985069275,1811,0.6410490274429321,0.9995226263999939
1812,0.4516063928604126,1812,0.6444302797317505,0.9995191693305969
1813,0.45521998405456543,1813,0.6471730470657349,0.9995301961898804
1814,0.45929092168807983,1814,0.6489990949630737,0.999516487121582
1815,0.46366721391677856,1815,0.6512833833694458,0.9995181560516357
1816,0.46729356050491333,1816,0.6539499759674072,0.9994983077049255
1817,0.4703994393348694,1817,0.6560295820236206,0.9995137453079224
1818,0.4743344783782959,1818,0.6586161255836487,0.9995207190513611
1819,0.4781177043914795,1819,0.6620842218399048,0.9995099306106567
1820,0.4813551902770996,1820,0.6652272939682007,0.9995258450508118
1821,0.4850415587425232,1821,0.6673629283905029,0.9995083212852478
1822,0.48943769931793213,1822,0.6694291830062866,0.9995318055152893
1823,0.4941559433937073,1823,0.6715386509895325,0.9995214343070984
1824,0.49727100133895874,1824,0.674317479133606,0.9995096325874329
1825,0.5004984140396118,1825,0.6760072708129883,0.9995028972625732
1826,0.5039539337158203,1826,0.6778228878974915,0.9994978308677673
1827,0.5062563419342041,1827,0.6798589825630188,0.9995208382606506
1828,0.5101678371429443,1828,0.6829128265380859,0.9995042085647583
1829,0.5136348009109497,1829,0.6851450204849243,0.9995077848434448
1830,0.5166453123092651,1830,0.6869385242462158,0.9995042681694031
1831,0.5200285911560059,1831,0.6900168657302856,0.9995167851448059
1832,0.5234758853912354,1832,0.6915712356567383,0.9995054006576538
1833,0.5267655849456787,1833,0.6932961940765381,0.9995308518409729
1834,0.5293703079223633,1834,0.6954535245895386,0.9995025396347046
1835,0.5318309664726257,1835,0.6971485614776611,0.9995208382606506
1836,0.5348470211029053,1836,0.6997008919715881,0.9995220899581909
1837,0.5381864309310913,1837,0.7025387287139893,0.9995052218437195
1838,0.5410683751106262,1838,0.7049047946929932,0.9995052218437195
1839,0.5436654090881348,1839,0.7070167064666748,0.9995290040969849
1840,0.5467048287391663,1840,0.709488034248352,0.9995074272155762
1841,0.549106240272522,1841,0.7122807502746582,0.9994962215423584
1842,0.5520622730255127,1842,0.7143182754516602,0.9995220303535461
1843,0.5543649196624756,1843,0.715978741645813,0.999511182308197
1844,0.5567938089370728,1844,0.7176438570022583,0.9995145201683044
1845,0.5593602657318115,1845,0.7194807529449463,0.9995145797729492
1846,0.5632664561271667,1846,0.7213010787963867,0.999506413936615
1847,0.5650081634521484,1847,0.7238866090774536,0.9995011687278748
1848,0.566691517829895,1848,0.7251111268997192,0.9995086789131165
1849,0.5694485902786255,1849,0.7267655730247498,0.9995071291923523
1850,0.5734202861785889,1850,0.7275453805923462,0.9995021224021912
1851,0.5759410858154297,1851,0.7290915846824646,0.9995140433311462
1852,0.5784745216369629,1852,0.7305072546005249,0.9995184540748596
1853,0.5803104639053345,1853,0.7331682443618774,0.9995154142379761
1854,0.5832156538963318,1854,0.7357994318008423,0.9995044469833374
1855,0.5854676365852356,1855,0.7376482486724854,0.9995094537734985
1856,0.5880032777786255,1856,0.7398319244384766,0.999505877494812
1857,0.5904088616371155,1857,0.7413499355316162,0.9995215535163879
1858,0.5925371050834656,1858,0.7426483631134033,0.9995200634002686
1859,0.5954769849777222,1859,0.7440928816795349,0.9995211362838745
1860,0.5977391004562378,1860,0.7461405992507935,0.999506950378418
1861,0.5998708009719849,1861,0.7476910352706909,0.9995163679122925
1862,0.6020932793617249,1862,0.749487578868866,0.9995093941688538
1863,0.6056913137435913,1863,0.7506289482116699,0.9995174407958984
1864,0.6077890396118164,1864,0.7523456811904907,0.9995020031929016
1865,0.6100969910621643,1865,0.7541521191596985,0.999518871307373
1866,0.6125843524932861,1866,0.7555591464042664,0.9995302557945251
1867,0.6138201951980591,1867,0.7572838068008423,0.9995014071464539
1868,0.6156783699989319,1868,0.758390486240387,0.9995104670524597
1869,0.617895245552063,1869,0.7603264451026917,0.9995114803314209
1870,0.6194943785667419,1870,0.7616337537765503,0.9995144009590149
1871,0.6214784383773804,1871,0.7625604271888733,0.9995100498199463
1872,0.6241124272346497,1872,0.7633495330810547,0.999512791633606
1873,0.6265898942947388,1873,0.7649373412132263,0.9995055794715881
1874,0.6290282011032104,1874,0.7659915089607239,0.9995063543319702
1875,0.6313079595565796,1875,0.7669397592544556,0.9995126128196716
1876,0.6340508460998535,1876,0.7675078511238098,0.9995124340057373
1877,0.6364166736602783,1877,0.7679079174995422,0.9995126724243164
1878,0.6379687786102295,1878,0.768623948097229,0.9995099306106567
1879,0.6397426128387451,1879,0.7698995471000671,0.9995152950286865
1880,0.641474723815918,1880,0.7710999250411987,0.9995167851448059
1881,0.6437959671020508,1881,0.7715099453926086,0.9995118379592896
1882,0.6453804969787598,1882,0.7723909616470337,0.9995099306106567
1883,0.6474012732505798,1883,0.7727862596511841,0.9995123147964478
1884,0.6496372222900391,1884,0.7733321189880371,0.9995198845863342
1885,0.651518702507019,1885,0.7740514874458313,0.999508261680603
1886,0.6535583138465881,1886,0.7748782634735107,0.9995070099830627
1887,0.6554616689682007,1887,0.7757965922355652,0.9995088577270508
1888,0.657091498374939,1888,0.7767549157142639,0.999504566192627
1889,0.6589139699935913,1889,0.7776009440422058,0.9995128512382507
1890,0.661024808883667,1890,0.777979850769043,0.99950110912323
1891,0.6628251671791077,1891,0.7789888978004456,0.9995189905166626
1892,0.6646897196769714,1892,0.7798426151275635,0.9995054006576538
1893,0.6666841506958008,1893,0.7806226015090942,0.9995066523551941
1894,0.6682212948799133,1894,0.7820464968681335,0.9995068311691284
1895,0.6699414253234863,1895,0.7828097343444824,0.9995244741439819
1896,0.6722676753997803,1896,0.7831712961196899,0.9995173811912537
1897,0.6739704608917236,1897,0.7837296724319458,0.9995200037956238
1898,0.675832211971283,1898,0.7845027446746826,0.9995061755180359
1899,0.6777629852294922,1899,0.7855275869369507,0.9995145797729492
1900,0.6790733933448792,1900,0.7861286997795105,0.9995018243789673
1901,0.6807973980903625,1901,0.7867892980575562,0.9995033740997314
1902,0.6823503971099854,1902,0.7871140241622925,0.9995170831680298
1903,0.68367999792099,1903,0.7876408100128174,0.9994990229606628
1904,0.6851038932800293,1904,0.7886694073677063,0.9995180368423462
1905,0.6869831681251526,1905,0.789359450340271,0.9995052814483643
1906,0.6888113021850586,1906,0.7898812890052795,0.9995115399360657
1907,0.6902714967727661,1907,0.7901347875595093,0.999512791633606
1908,0.6919482946395874,1908,0.7906465530395508,0.9995049238204956
1909,0.6932539343833923,1909,0.7915356159210205,0.9995030760765076
1910,0.6952028274536133,1910,0.7922149896621704,0.9995188117027283
1911,0.6968175768852234,1911,0.7924962043762207,0.999504566192627
1912,0.6986180543899536,1912,0.7934401035308838,0.9995184540748596
1913,0.7000181674957275,1913,0.7937441468238831,0.9995138049125671
1914,0.7014167904853821,1914,0.794202983379364,0.999506413936615
1915,0.702930212020874,1915,0.7950536012649536,0.9995130896568298
1916,0.7044222354888916,1916,0.7955996990203857,0.9995150566101074
1917,0.7060096859931946,1917,0.7960957288742065,0.9994922280311584
1918,0.7073193788528442,1918,0.7963884472846985,0.9995073676109314
1919,0.7086827754974365,1919,0.7963781952857971,0.9995269775390625
1920,0.7098262310028076,1920,0.7969355583190918,0.9995101094245911
1921,0.711593508720398,1921,0.7964898347854614,0.999510645866394
1922,0.7127013802528381,1922,0.7964503169059753,0.9995020627975464
1923,0.714276134967804,1923,0.7966253757476807,0.9995126724243164
1924,0.7156876921653748,1924,0.7968047261238098,0.9994989633560181
1925,0.716639518737793,1925,0.797377347946167,0.9995334148406982
1926,0.717950701713562,1926,0.7979908585548401,0.9995244145393372
1927,0.7191295623779297,1927,0.7983955144882202,0.9995135068893433
1928,0.7203927636146545,1928,0.7990777492523193,0.9995061159133911
1929,0.7216298580169678,1929,0.7994088530540466,0.999523401260376
1930,0.722819447517395,1930,0.7998924851417542,0.9995086789131165
1931,0.7242324948310852,1931,0.8003896474838257,0.9995221495628357
1932,0.7253651022911072,1932,0.8010168075561523,0.9995177984237671
1933,0.7267974615097046,1933,0.8016843795776367,0.9995265007019043
1934,0.7284497022628784,1934,0.8021962642669678,0.9995126724243164
1935,0.7297643423080444,1935,0.8026828169822693,0.9995089173316956
1936,0.731082558631897,1936,0.8031792044639587,0.9995015263557434
1937,0.732079267501831,1937,0.80352783203125,0.9995259642601013
1938,0.7335594892501831,1938,0.8044235110282898,0.9995142817497253
1939,0.7350316643714905,1939,0.8051010966300964,0.9995157718658447
1940,0.7363515496253967,1940,0.8061751127243042,0.9995193481445312
1941,0.7375467419624329,1941,0.8068233728408813,0.999509334564209
1942,0.7385753393173218,1942,0.8067313432693481,0.9995086789131165
1943,0.7394039034843445,1943,0.8072583675384521,0.9995026588439941
1944,0.7406368255615234,1944,0.8080432415008545,0.9995154738426208
1945,0.7414900064468384,1945,0.8082242012023926,0.9995166063308716
1946,0.7423402070999146,1946,0.8092572689056396,0.9995105266571045
1947,0.7436425685882568,1947,0.8096760511398315,0.9995056390762329
1948,0.7447612881660461,1948,0.8099273443222046,0.9995130896568298
1949,0.7459378838539124,1949,0.8103698492050171,0.9995183944702148
1950,0.7473177909851074,1950,0.8111585378646851,0.9995031952857971
1951,0.7485042810440063,1951,0.8121381998062134,0.9995291233062744
1952,0.7493889331817627,1952,0.8121581077575684,0.9995127320289612
1953,0.7504311203956604,1953,0.8122053146362305,0.999512791633606
1954,0.7511972188949585,1954,0.8129137754440308,0.9995111227035522
1955,0.7521856427192688,1955,0.8132324814796448,0.9995010495185852
1956,0.7530314922332764,1956,0.81367027759552,0.9995003938674927
1957,0.754209041595459,1957,0.8140968084335327,0.9995062351226807
1958,0.7549105882644653,1958,0.8142588138580322,0.9995030760765076
1959,0.7559279203414917,1959,0.8149809241294861,0.9995156526565552
1960,0.7567692399024963,1960,0.815375804901123,0.9995160102844238
1961,0.7574498057365417,1961,0.8162040114402771,0.9995154142379761
1962,0.7586983442306519,1962,0.816423773765564,0.9995137453079224
1963,0.7598277926445007,1963,0.8169699311256409,0.9995234608650208
1964,0.7606983184814453,1964,0.8175724744796753,0.9995193481445312
1965,0.7618137001991272,1965,0.817366898059845,0.9995074272155762
1966,0.7629328966140747,1966,0.8176994323730469,0.9995214939117432
1967,0.7636544704437256,1967,0.8184165954589844,0.9995024800300598
1968,0.7642415165901184,1968,0.8182185888290405,0.9995316863059998
1969,0.7653465867042542,1969,0.8184913992881775,0.9995035529136658
1970,0.7660344839096069,1970,0.8187260627746582,0.9995000958442688
1971,0.7666045427322388,1971,0.8187509775161743,0.9995253682136536
1972,0.7675302028656006,1972,0.8193480968475342,0.9995275735855103
1973,0.7682375311851501,1973,0.8199423551559448,0.999510645866394
1974,0.7690029144287109,1974,0.8201482892036438,0.9995146989822388
1975,0.7700690627098083,1975,0.8204652070999146,0.9995298385620117
1976,0.770928144454956,1976,0.8204355835914612,0.9995003342628479
1977,0.7717016935348511,1977,0.8207594752311707,0.9995207786560059
1978,0.7725079655647278,1978,0.8213180303573608,0.9995171427726746
1979,0.7734717726707458,1979,0.8220093250274658,0.9995191693305969
1980,0.7744215726852417,1980,0.8222914338111877,0.9995194673538208
1981,0.7751168012619019,1981,0.822679877281189,0.9995165467262268
1982,0.7760716676712036,1982,0.823201060295105,0.9995157718658447
1983,0.7769045233726501,1983,0.8236871957778931,0.9995193481445312
1984,0.7776503562927246,1984,0.8240021467208862,0.9995037317276001
1985,0.7782952189445496,1985,0.8248157501220703,0.9995229244232178
1986,0.7788854837417603,1986,0.8247131109237671,0.9995284080505371
1987,0.7796808481216431,1987,0.8249721527099609,0.9995173811912537
1988,0.7805204391479492,1988,0.8254746198654175,0.9995056986808777
1989,0.7813032865524292,1989,0.8258769512176514,0.9995299577713013
1990,0.7819656133651733,1990,0.8260791897773743,0.9995129704475403
1991,0.7826638221740723,1991,0.8261979222297668,0.9995137453079224
1992,0.783351480960846,1992,0.8261963725090027,0.9995107650756836
1993,0.7841138243675232,1993,0.8264304399490356,0.9995077252388
1994,0.7849534153938293,1994,0.8266602754592896,0.9995203018188477
1995,0.7855604290962219,1995,0.8268933892250061,0.9995213747024536
1996,0.7863785028457642,1996,0.8266453742980957,0.9995155334472656
1997,0.7869575619697571,1997,0.8274412155151367,0.9995154142379761
1998,0.7876200079917908,1998,0.8284586071968079,0.999514102935791
1999,0.7882673740386963,1999,0.8289732336997986,0.9995109438896179
2000,0.7885746955871582,2000,0.8330508470535278,0.9995191097259521
2001,0.14005637168884277,2001,0.33356374502182007,0.9995175004005432
2002,0.15505611896514893,2002,0.35431504249572754,0.9995120763778687
2003,0.16410958766937256,2003,0.3652477264404297,0.9995214939117432
2004,0.17076539993286133,2004,0.37502604722976685,0.9995166063308716
2005,0.17715954780578613,2005,0.3820314407348633,0.9995169043540955
2006,0.1827649474143982,2006,0.3911402225494385,0.9995054602622986
2007,0.1868441104888916,2007,0.3988121747970581,0.9995030760765076
2008,0.19213300943374634,2008,0.40775686502456665,0.9995113015174866
2009,0.19947916269302368,2009,0.41548341512680054,0.9995208382606506
2010,0.20507574081420898,2010,0.4242522716522217,0.9995132088661194
2011,0.2089586853981018,2011,0.4359842538833618,0.9995111227035522
2012,0.2155933380126953,2012,0.4419456720352173,0.9995108246803284
2013,0.22190338373184204,2013,0.44958430528640747,0.9995219707489014
2014,0.2282482385635376,2014,0.4553636312484741,0.999522864818573
2015,0.2339828610420227,2015,0.4593798518180847,0.9995084404945374
2016,0.24040836095809937,2016,0.4644649624824524,0.9995282292366028
2017,0.24682235717773438,2017,0.4701247215270996,0.9994953870773315
2018,0.25091755390167236,2018,0.4753894805908203,0.9995130896568298
2019,0.25705015659332275,2019,0.4811585545539856,0.9995063543319702
2020,0.262798547744751,2020,0.4883764386177063,0.9995219111442566
2021,0.2682598829269409,2021,0.4927143454551697,0.9995279312133789
2022,0.27576881647109985,2022,0.4977142810821533,0.9995123744010925
2023,0.2793877124786377,2023,0.5039058923721313,0.9995190501213074
2024,0.28399455547332764,2024,0.5070187449455261,0.999516487121582
2025,0.28844213485717773,2025,0.5105139017105103,0.9995145201683044
2026,0.2941362261772156,2026,0.515727162361145,0.99951171875
2027,0.2999391555786133,2027,0.5230897665023804,0.9995102286338806
2028,0.305428147315979,2028,0.5286588072776794,0.9995181560516357
2029,0.30861127376556396,2029,0.5323816537857056,0.9995031952857971
2030,0.312258780002594,2030,0.535663902759552,0.9994954466819763
2031,0.31962376832962036,2031,0.5409237146377563,0.9995154738426208
2032,0.3244819641113281,2032,0.5462218523025513,0.9995083212852478
2033,0.3304203748703003,2033,0.5503287315368652,0.9995064735412598
2034,0.33512187004089355,2034,0.5532094240188599,0.9995045065879822
2035,0.340972363948822,2035,0.5576164126396179,0.999504804611206
2036,0.3457593321800232,2036,0.560650646686554,0.9995174407958984
2037,0.34943920373916626,2037,0.5652668476104736,0.9995267987251282
2038,0.3532472848892212,2038,0.5682226419448853,0.9995141625404358
2039,0.3577234745025635,2039,0.5722413063049316,0.9995327591896057
2040,0.36433589458465576,2040,0.5778255462646484,0.9995143413543701
2041,0.36872851848602295,2041,0.5810964703559875,0.9995105266571045
2042,0.37226492166519165,2042,0.5828526020050049,0.9995227456092834
2043,0.37723666429519653,2043,0.5875347852706909,0.9995107054710388
2044,0.381661057472229,2044,0.5911914110183716,0.9995180368423462
2045,0.3858215808868408,2045,0.5944658517837524,0.9995200634002686
2046,0.38836735486984253,2046,0.5972495675086975,0.9995004534721375
2047,0.39141058921813965,2047,0.5992333889007568,0.9994992017745972
2048,0.39479243755340576,2048,0.6026752591133118,0.9995251297950745
2049,0.39854001998901367,2049,0.6063268780708313,0.9995058178901672
2050,0.40260910987854004,2050,0.6097332239151001,0.9995195269584656
2051,0.405872106552124,2051,0.6124091148376465,0.9995056986808777
2052,0.4100414514541626,2052,0.6137799024581909,0.9995177388191223
2053,0.41450798511505127,2053,0.6169894337654114,0.99949711561203
2054,0.41899561882019043,2054,0.6212055683135986,0.9995055794715881
2055,0.42192375659942627,2055,0.6254246830940247,0.9995111227035522
2056,0.4261983633041382,2056,0.6272811889648438,0.9995164275169373
2057,0.43014830350875854,2057,0.628852367401123,0.9995030760765076
2058,0.43384748697280884,2058,0.6327527761459351,0.9995183348655701
2059,0.43844467401504517,2059,0.6355397701263428,0.9995087385177612
2060,0.440839946269989,2060,0.6379950046539307,0.9995189905166626
2061,0.4446852207183838,2061,0.6406375169754028,0.9995017051696777
2062,0.4479699730873108,2062,0.641710102558136,0.9995192289352417
2063,0.4524343013763428,2063,0.6460809707641602,0.999530017375946
2064,0.45588433742523193,2064,0.6487903594970703,0.9995261430740356
2065,0.4597530961036682,2065,0.6522358059883118,0.999508261680603
2066,0.4636664390563965,2066,0.6540278196334839,0.9994986653327942
2067,0.46802008152008057,2067,0.6565920114517212,0.9995070695877075
2068,0.47191113233566284,2068,0.6586266756057739,0.999506413936615
2069,0.4744916558265686,2069,0.6608656644821167,0.9995109438896179
2070,0.4776808023452759,2070,0.6631462574005127,0.999508798122406
2071,0.48221731185913086,2071,0.6658207178115845,0.9995052218437195
2072,0.48646098375320435,2072,0.6688081622123718,0.9994956851005554
2073,0.48872268199920654,2073,0.6712362766265869,0.9995091557502747
2074,0.49131661653518677,2074,0.6745519638061523,0.9995107650756836
2075,0.4953126907348633,2075,0.6766910552978516,0.9995132684707642
2076,0.4975270628929138,2076,0.67894446849823,0.9995042085647583
2077,0.5008007287979126,2077,0.6811419725418091,0.9995110034942627
2078,0.50313800573349,2078,0.6828789114952087,0.9995108246803284
2079,0.5064235925674438,2079,0.6837631464004517,0.9995077848434448
2080,0.5095716714859009,2080,0.6848387718200684,0.9995227456092834
2081,0.5132577419281006,2081,0.6868190765380859,0.9995073676109314
2082,0.5166584849357605,2082,0.6890453696250916,0.9994990229606628
2083,0.5204902291297913,2083,0.690826952457428,0.9995065331459045
2084,0.5234537720680237,2084,0.6934648752212524,0.9994978308677673
2085,0.5260082483291626,2085,0.6954048275947571,0.9995183348655701
2086,0.5288594365119934,2086,0.6973256468772888,0.9995213747024536
2087,0.5321475863456726,2087,0.7003893852233887,0.9994999170303345
2088,0.5359424948692322,2088,0.7029122114181519,0.9995184540748596
2089,0.539543628692627,2089,0.7044001817703247,0.9995049238204956
2090,0.5416126847267151,2090,0.7058925032615662,0.9995098114013672
2091,0.5441700220108032,2091,0.7080181837081909,0.9995148181915283
2092,0.5472997426986694,2092,0.7105759382247925,0.9994997382164001
2093,0.550014853477478,2093,0.7122814059257507,0.9995111227035522
2094,0.5523756742477417,2094,0.7137703895568848,0.9995152354240417
2095,0.5554159879684448,2095,0.7144743204116821,0.9995198249816895
2096,0.5585673451423645,2096,0.7162774801254272,0.9995149374008179
2097,0.560977578163147,2097,0.717955470085144,0.9995178580284119
2098,0.5637929439544678,2098,0.7201474905014038,0.9995115995407104
2099,0.5659840703010559,2099,0.7217155694961548,0.9995163083076477
2100,0.5681977272033691,2100,0.7234849333763123,0.999509334564209
2101,0.5707912445068359,2101,0.7255232930183411,0.9995077252388
2102,0.5734673738479614,2102,0.7266024351119995,0.99951171875
2103,0.5764960646629333,2103,0.7282257080078125,0.9995189309120178
2104,0.5789405107498169,2104,0.7306073307991028,0.9995080232620239
2105,0.5821896195411682,2105,0.731863796710968,0.9995129108428955
2106,0.5846364498138428,2106,0.7332656383514404,0.9995061159133911
2107,0.5871176719665527,2107,0.7352609634399414,0.9995115995407104
2108,0.5895282626152039,2108,0.7369868755340576,0.9995169639587402
2109,0.5916396975517273,2109,0.7383130788803101,0.999508261680603
2110,0.5932091474533081,2110,0.7397528886795044,0.9995147585868835
2111,0.5951997637748718,2111,0.7416841387748718,0.9995090365409851
2112,0.5981197953224182,2112,0.7434600591659546,0.9995077252388
2113,0.6000385880470276,2113,0.7451712489128113,0.9995024800300598
2114,0.6014997363090515,2114,0.7461360692977905,0.9995176792144775
2115,0.6038585901260376,2115,0.74828040599823,0.9995004534721375
2116,0.6058847904205322,2116,0.7505872249603271,0.9995028376579285
2117,0.6077316999435425,2117,0.7518589496612549,0.9995174407958984
2118,0.609947919845581,2118,0.7535820007324219,0.9995127320289612
2119,0.6125369071960449,2119,0.7550384998321533,0.9995248913764954
2120,0.6152154207229614,2120,0.7571091651916504,0.9995236992835999
2121,0.6180852055549622,2121,0.7584953308105469,0.9995158314704895
2122,0.6202405691146851,2122,0.7595018148422241,0.9994939565658569
2123,0.6220842003822327,2123,0.7607638835906982,0.9995139837265015
2124,0.6243478059768677,2124,0.7619132995605469,0.999519944190979
2125,0.6267068982124329,2125,0.7632608413696289,0.9995108842849731
2126,0.6286246180534363,2126,0.764741063117981,0.9995222091674805
2127,0.6302815675735474,2127,0.7660205960273743,0.9995227456092834
2128,0.6330931186676025,2128,0.7675279378890991,0.9995073080062866
2129,0.6350624561309814,2129,0.7683199048042297,0.9995108842849731
2130,0.6372193098068237,2130,0.7688609957695007,0.9994952082633972
2131,0.639597475528717,2131,0.7700620889663696,0.9995130896568298
2132,0.6425840258598328,2132,0.770941972732544,0.9995089769363403
2133,0.6440749168395996,2133,0.7722278833389282,0.9995079040527344
2134,0.6462411880493164,2134,0.7727549076080322,0.9994986057281494
2135,0.6473245620727539,2135,0.7734044194221497,0.9995131492614746
2136,0.649724006652832,2136,0.7745325565338135,0.9995062947273254
2137,0.6513251066207886,2137,0.7755102515220642,0.9995030760765076
2138,0.6530708074569702,2138,0.7765564918518066,0.9995133876800537
2139,0.6547809839248657,2139,0.7777469158172607,0.9995085000991821
2140,0.6565034985542297,2140,0.7785109281539917,0.9995179176330566
2141,0.6583070755004883,2141,0.7791942358016968,0.9994991421699524
2142,0.6602513194084167,2142,0.7801439762115479,0.9995157122612
2143,0.6625832319259644,2143,0.7807705998420715,0.9995225667953491
2144,0.6640801429748535,2144,0.7815942168235779,0.9995191097259521
2145,0.6656394004821777,2145,0.7826761603355408,0.9995086789131165
2146,0.6676129102706909,2146,0.7835322618484497,0.9995092749595642
2147,0.6692814826965332,2147,0.7843301892280579,0.9995208382606506
2148,0.6706551313400269,2148,0.7851293087005615,0.99952632188797
2149,0.6721998453140259,2149,0.7859673500061035,0.999521017074585
2150,0.67451012134552,2150,0.7868804931640625,0.9995089173316956
2151,0.6758348941802979,2151,0.7873767614364624,0.9995060563087463
2152,0.6773755550384521,2152,0.7879683971405029,0.9995008111000061
2153,0.6791766881942749,2153,0.7886497974395752,0.9995131492614746
2154,0.681126594543457,2154,0.7896353006362915,0.9995284080505371
2155,0.6825716495513916,2155,0.79035884141922,0.9995002746582031
2156,0.6842221021652222,2156,0.7909273505210876,0.9995121359825134
2157,0.6855217218399048,2157,0.7913018465042114,0.9995183348655701
2158,0.687092661857605,2158,0.7922037839889526,0.9994953274726868
2159,0.6890796422958374,2159,0.7931589484214783,0.9995121359825134
2160,0.6905571222305298,2160,0.7934761047363281,0.999527096748352
2161,0.6921703219413757,2161,0.7942644357681274,0.9995163679122925
2162,0.6938906908035278,2162,0.7947941422462463,0.999525249004364
2163,0.6954376101493835,2163,0.7956690788269043,0.9995262026786804
2164,0.6972112655639648,2164,0.79600590467453,0.999509334564209
2165,0.6986835598945618,2165,0.7963603138923645,0.9995132684707642
2166,0.7002110481262207,2166,0.7966874241828918,0.999509334564209
2167,0.7015434503555298,2167,0.7970647811889648,0.9995172619819641
2168,0.7032172679901123,2168,0.7976402044296265,0.9995197653770447
2169,0.7052868604660034,2169,0.7978134751319885,0.9995204210281372
2170,0.7067946791648865,2170,0.7988854050636292,0.9995164275169373
2171,0.7083105444908142,2171,0.7993126511573792,0.9995152354240417
2172,0.7094863057136536,2172,0.8000046014785767,0.9995195269584656
2173,0.7105455994606018,2173,0.8006641268730164,0.9995021820068359
2174,0.711528480052948,2174,0.8013020753860474,0.9995136857032776
2175,0.7126898765563965,2175,0.8017679452896118,0.9995298981666565
2176,0.7141518592834473,2176,0.8023186922073364,0.9995202422142029
2177,0.715606689453125,2177,0.802947998046875,0.9995201230049133
2178,0.7171327471733093,2178,0.8031632900238037,0.9995183348655701
2179,0.7183182239532471,2179,0.8036409020423889,0.999514639377594
2180,0.7194259762763977,2180,0.8041045665740967,0.9995232820510864
2181,0.7207591533660889,2181,0.8040965795516968,0.999529242515564
2182,0.7220515012741089,2182,0.8042123317718506,0.9995107650756836
2183,0.7231895923614502,2183,0.8050003051757812,0.9995048642158508
2184,0.7244035005569458,2184,0.8053216934204102,0.9995017051696777
2185,0.7255135774612427,2185,0.8057996034622192,0.9995055198669434
2186,0.7268631458282471,2186,0.8064824938774109,0.999504029750824
2187,0.727963924407959,2187,0.8067812323570251,0.9995066523551941
2188,0.7289029359817505,2188,0.807367205619812,0.9995041489601135
2189,0.7297760248184204,2189,0.8074539303779602,0.999502956867218
2190,0.731480598449707,2190,0.8077134490013123,0.9995056986808777
2191,0.7325625419616699,2191,0.8085448741912842,0.9995061755180359
2192,0.733465313911438,2192,0.8093414306640625,0.9995044469833374
2193,0.7347520589828491,2193,0.8097765445709229,0.9995223879814148
2194,0.7360631227493286,2194,0.810210645198822,0.9995055794715881
2195,0.7374765872955322,2195,0.8105552196502686,0.9995174407958984
2196,0.738463282585144,2196,0.8108993768692017,0.9994983673095703
2197,0.7393500208854675,2197,0.8108704090118408,0.9995187520980835
2198,0.7401421666145325,2198,0.8110552430152893,0.9995040893554688
2199,0.7412835955619812,2199,0.8114846348762512,0.9995059967041016
2200,0.7423849701881409,2200,0.8118727803230286,0.9995195865631104
2201,0.7433995008468628,2201,0.8125362992286682,0.9995247721672058
2202,0.7445309162139893,2202,0.8133090734481812,0.9995245933532715
2203,0.7456930875778198,2203,0.8135141134262085,0.9995000958442688
2204,0.7464247941970825,2204,0.8138242959976196,0.9995095729827881
2205,0.7473791837692261,2205,0.8144732713699341,0.9995039105415344
2206,0.7481726408004761,2206,0.815173864364624,0.9995082020759583
2207,0.749032735824585,2207,0.8154879808425903,0.9995059370994568
2208,0.7499058842658997,2208,0.8158285617828369,0.9995250105857849
2209,0.7508423924446106,2209,0.8161211609840393,0.9995126724243164
2210,0.7518095374107361,2210,0.8164747953414917,0.9995143413543701
2211,0.7527114748954773,2211,0.8167049884796143,0.9995232224464417
2212,0.7537561655044556,2212,0.8167943358421326,0.9995045065879822
2213,0.7549845576286316,2213,0.8170864582061768,0.9995145201683044
2214,0.755820095539093,2214,0.8169902563095093,0.9995054006576538
2215,0.7568743228912354,2215,0.8174197673797607,0.9995192289352417
2216,0.7580086588859558,2216,0.8178081512451172,0.9995096325874329
2217,0.7588770389556885,2217,0.818093478679657,0.9995163679122925
2218,0.7599102854728699,2218,0.8185579776763916,0.9995169043540955
2219,0.7609081864356995,2219,0.8187090158462524,0.9995050430297852
2220,0.76194828748703,2220,0.8185644149780273,0.9995121955871582
2221,0.7629817128181458,2221,0.8189653754234314,0.9995068311691284
2222,0.7638282775878906,2222,0.8194840550422668,0.9995092749595642
2223,0.7649530172348022,2223,0.8197939395904541,0.9995116591453552
2224,0.7656965255737305,2224,0.8202923536300659,0.9995097517967224
2225,0.7665286660194397,2225,0.8205263614654541,0.9995015263557434
2226,0.7672425508499146,2226,0.8208063840866089,0.9995059370994568
2227,0.7683994770050049,2227,0.8212505578994751,0.9995103478431702
2228,0.7691847085952759,2228,0.8218202590942383,0.9995151162147522
2229,0.7702133655548096,2229,0.8222011923789978,0.9994969367980957
2230,0.7710141539573669,2230,0.8227800726890564,0.9995080828666687
2231,0.7718453407287598,2231,0.8229581117630005,0.9995055198669434
2232,0.7728310823440552,2232,0.8234423398971558,0.9994988441467285
2233,0.7736178636550903,2233,0.8238331079483032,0.9995148181915283
2234,0.7744606733322144,2234,0.8241177797317505,0.9995025992393494
2235,0.7753839492797852,2235,0.8246673345565796,0.999502420425415
2236,0.7759411931037903,2236,0.8246908187866211,0.999505341053009
2237,0.7767331004142761,2237,0.8244386315345764,0.9995105862617493
2238,0.7772964239120483,2238,0.824703574180603,0.9995163083076477
2239,0.7779201865196228,2239,0.8251602649688721,0.9995105862617493
2240,0.7788364291191101,2240,0.8260590434074402,0.9995276927947998
2241,0.7795291543006897,2241,0.8264317512512207,0.9995040893554688
2242,0.7800636887550354,2242,0.8267673254013062,0.9995164275169373
2243,0.7807451486587524,2243,0.8269007205963135,0.9995071291923523
2244,0.7816030979156494,2244,0.8275624513626099,0.9995174407958984
2245,0.7822132706642151,2245,0.8278070688247681,0.9995132088661194
2246,0.7828085422515869,2246,0.827909529209137,0.9995201230049133
2247,0.7833470702171326,2247,0.827652096748352,0.9995181560516357
2248,0.7841966152191162,2248,0.8287070393562317,0.9995136260986328
2249,0.784617006778717,2249,0.8289908170700073,0.9995214939117432
2250,0.7851316928863525,2250,0.8303684592247009,0.9995042681694031
2251,0.10435283184051514,2251,0.31123703718185425,0.9995049238204956
2252,0.11963474750518799,2252,0.32947200536727905,0.999502420425415
2253,0.126977801322937,2253,0.3443319797515869,0.9994908571243286
2254,0.13509219884872437,2254,0.3548363447189331,0.9995142221450806
2255,0.14278149604797363,2255,0.36071860790252686,0.9995176196098328
2256,0.15081554651260376,2256,0.3668861985206604,0.9995255470275879
2257,0.15782344341278076,2257,0.37522441148757935,0.9995279312133789
2258,0.1633114218711853,2258,0.3840484023094177,0.9995211362838745
2259,0.1701766848564148,2259,0.3927871584892273,0.9995071291923523
2260,0.17820000648498535,2260,0.39944231510162354,0.9994971752166748
2261,0.18583953380584717,2261,0.40704381465911865,0.9995074272155762
2262,0.19230729341506958,2262,0.4126657247543335,0.9995179772377014
2263,0.19948184490203857,2263,0.42616719007492065,0.9995150566101074
2264,0.20684325695037842,2264,0.4338691234588623,0.9995151162147522
2265,0.21245694160461426,2265,0.439774751663208,0.9995076060295105
2266,0.21809273958206177,2266,0.4459547996520996,0.9995141625404358
2267,0.22425681352615356,2267,0.4514586925506592,0.9995130896568298
2268,0.230044424533844,2268,0.45895206928253174,0.9995225667953491
2269,0.2365267276763916,2269,0.46368467807769775,0.9995185136795044
2270,0.24220359325408936,2270,0.46900779008865356,0.9995191693305969
2271,0.24823248386383057,2271,0.47482168674468994,0.9995129704475403
2272,0.2543489933013916,2272,0.4819258451461792,0.9995088577270508
2273,0.261405348777771,2273,0.48562091588974,0.9995079040527344
2274,0.2663702964782715,2274,0.490415096282959,0.99950110912323
2275,0.27231937646865845,2275,0.4956096410751343,0.9995075464248657
2276,0.27714353799819946,2276,0.5032922029495239,0.9995031356811523
2277,0.2806500196456909,2277,0.5086102485656738,0.9995027184486389
2278,0.28642481565475464,2278,0.512281060218811,0.9995149970054626
2279,0.2925410270690918,2279,0.5160033702850342,0.9995171427726746
2280,0.29765909910202026,2280,0.521107017993927,0.9995241165161133
2281,0.30357158184051514,2281,0.5279984474182129,0.9995046854019165
2282,0.3099783658981323,2282,0.5311636924743652,0.999509871006012
2283,0.31473201513290405,2283,0.5348131656646729,0.9995298385620117
2284,0.3200826644897461,2284,0.5411421656608582,0.9995195269584656
2285,0.3247312903404236,2285,0.5460710525512695,0.999511182308197
2286,0.33017557859420776,2286,0.5501799583435059,0.9995036125183105
2287,0.33417844772338867,2287,0.5544172525405884,0.9995073080062866
2288,0.3398084044456482,2288,0.5596674680709839,0.9995089769363403
2289,0.34425997734069824,2289,0.562463641166687,0.9994997978210449
2290,0.350441038608551,2290,0.5677824020385742,0.9995112419128418
2291,0.35576289892196655,2291,0.5705022811889648,0.9995024800300598
2292,0.35880136489868164,2292,0.5736942291259766,0.999495267868042
2293,0.363731324672699,2293,0.5778167247772217,0.9995214343070984
2294,0.367095947265625,2294,0.5805662870407104,0.9995068311691284
2295,0.37346285581588745,2295,0.5849663019180298,0.999514639377594
2296,0.3785991072654724,2296,0.5900954008102417,0.9995194673538208
2297,0.3838335871696472,2297,0.5945358276367188,0.9995095729827881
2298,0.38752806186676025,2298,0.5994637608528137,0.999513566493988
2299,0.391147255897522,2299,0.6025325059890747,0.9995090961456299
2300,0.3949509263038635,2300,0.6048728823661804,0.9995076060295105
2301,0.3985327482223511,2301,0.6073641777038574,0.9995035529136658
2302,0.4028719663619995,2302,0.6099274754524231,0.9995042085647583
2303,0.40734410285949707,2303,0.612968921661377,0.9995324611663818
2304,0.41231125593185425,2304,0.6157744526863098,0.9995173811912537
2305,0.416833758354187,2305,0.618894100189209,0.9995081424713135
2306,0.4216501712799072,2306,0.6226812601089478,0.9995182156562805
2307,0.42550939321517944,2307,0.6258783340454102,0.999508798122406
2308,0.42988264560699463,2308,0.6290514469146729,0.99950110912323
2309,0.43309485912323,2309,0.6327835917472839,0.9995228052139282
2310,0.43657386302948,2310,0.6358423233032227,0.9995028376579285
2311,0.44029319286346436,2311,0.63805091381073,0.9995068907737732
2312,0.4432829022407532,2312,0.6399061679840088,0.999523937702179
2313,0.4472830295562744,2313,0.6429294347763062,0.9995089173316956
2314,0.4507904052734375,2314,0.6451820135116577,0.9995187520980835
2315,0.4541621804237366,2315,0.6483684182167053,0.9995142817497253
2316,0.45669442415237427,2316,0.6513962745666504,0.99950110912323
2317,0.46194595098495483,2317,0.652971625328064,0.9995202422142029
2318,0.46548712253570557,2318,0.6559208035469055,0.9995346665382385
2319,0.4685591459274292,2319,0.6587027907371521,0.9995046257972717
2320,0.47154712677001953,2320,0.6624922752380371,0.9995117783546448
2321,0.4753374457359314,2321,0.6646044850349426,0.9995212554931641
2322,0.47879868745803833,2322,0.6672899127006531,0.9995051026344299
2323,0.48290151357650757,2323,0.6691648364067078,0.999503493309021
2324,0.48607027530670166,2324,0.6710447072982788,0.999514639377594
2325,0.48921138048171997,2325,0.6728760600090027,0.9995202422142029
2326,0.4925144910812378,2326,0.6749571561813354,0.9995046257972717
2327,0.4959406852722168,2327,0.6771930456161499,0.9995142817497253
2328,0.5009504556655884,2328,0.6799248456954956,0.9995084404945374
2329,0.5036169290542603,2329,0.6826528906822205,0.9995145201683044
2330,0.5071060657501221,2330,0.685060977935791,0.9995112419128418
2331,0.5105234384536743,2331,0.686982274055481,0.9995170831680298
2332,0.5131121873855591,2332,0.6889738440513611,0.9995080232620239
2333,0.5163922309875488,2333,0.6907186508178711,0.9995206594467163
2334,0.52016282081604,2334,0.6923233270645142,0.9995157718658447
2335,0.522562563419342,2335,0.6938498616218567,0.9995071291923523
2336,0.526183545589447,2336,0.6963295936584473,0.9995152950286865
2337,0.5292892456054688,2337,0.6990888118743896,0.9995077848434448
2338,0.5332967042922974,2338,0.7003791332244873,0.9995209574699402
2339,0.5366594195365906,2339,0.7031590342521667,0.999508798122406
2340,0.5395755767822266,2340,0.7053219079971313,0.9995071291923523
2341,0.5418550372123718,2341,0.7066365480422974,0.9995176792144775
2342,0.544721782207489,2342,0.707807183265686,0.9995056390762329
2343,0.5471314191818237,2343,0.7098648548126221,0.9995210766792297
2344,0.5496437549591064,2344,0.711338996887207,0.9995077252388
2345,0.5517725944519043,2345,0.7127116918563843,0.9995156526565552
2346,0.5547269582748413,2346,0.7152924537658691,0.9995254278182983
2347,0.557411789894104,2347,0.7166541814804077,0.9995108842849731
2348,0.5599955320358276,2348,0.71839439868927,0.9994949102401733
2349,0.5631654262542725,2349,0.7192646265029907,0.9994905591011047
2350,0.566342830657959,2350,0.7216077446937561,0.999505877494812
2351,0.568567156791687,2351,0.7234750986099243,0.9995086789131165
2352,0.5711132884025574,2352,0.7249327898025513,0.9995104074478149
2353,0.5733286738395691,2353,0.726915717124939,0.9995164275169373
2354,0.5764579772949219,2354,0.7281644344329834,0.9995099306106567
2355,0.5783201456069946,2355,0.7289449572563171,0.999504804611206
2356,0.5800958275794983,2356,0.7311111092567444,0.9995157122612
2357,0.5824887752532959,2357,0.7324274778366089,0.9995038509368896
2358,0.5849152207374573,2358,0.7335374355316162,0.9995187520980835
2359,0.5868654847145081,2359,0.7357786893844604,0.9995057582855225
2360,0.5885418057441711,2360,0.7372686266899109,0.9995092749595642
2361,0.591011643409729,2361,0.738684892654419,0.9995096921920776
2362,0.5928682684898376,2362,0.7394924163818359,0.9995220899581909
2363,0.5946645736694336,2363,0.741275429725647,0.9995179772377014
2364,0.5975037813186646,2364,0.7427675724029541,0.9995287656784058
2365,0.5996335744857788,2365,0.7435375452041626,0.999509871006012
2366,0.6011108756065369,2366,0.7445376515388489,0.9995090365409851
2367,0.6035047173500061,2367,0.7458003163337708,0.9995166659355164
2368,0.6059977412223816,2368,0.7472323775291443,0.9995225667953491
2369,0.6083515286445618,2369,0.7486767768859863,0.999508261680603
2370,0.6104613542556763,2370,0.7504501342773438,0.9995251297950745
2371,0.6128745675086975,2371,0.7522695660591125,0.9995272159576416
2372,0.6155858039855957,2372,0.7533398866653442,0.9995099902153015
2373,0.6174858808517456,2373,0.7542877793312073,0.9994990825653076
2374,0.6194940805435181,2374,0.7549530267715454,0.9994947910308838
2375,0.6217318773269653,2375,0.7559897899627686,0.9995144009590149
2376,0.6241589188575745,2376,0.757796049118042,0.9995017051696777
2377,0.6258810758590698,2377,0.7595056295394897,0.9995144009590149
2378,0.6276233792304993,2378,0.7608044147491455,0.9995081424713135
2379,0.6297208070755005,2379,0.7618918418884277,0.9995154142379761
2380,0.6318274736404419,2380,0.7628108263015747,0.9994937777519226
2381,0.6339945197105408,2381,0.7639766931533813,0.9995271563529968
2382,0.6361976861953735,2382,0.7643835544586182,0.9995271563529968
2383,0.6383909583091736,2383,0.7656309008598328,0.9995107650756836
2384,0.6405311822891235,2384,0.7669405937194824,0.9995099306106567
2385,0.6421152353286743,2385,0.7680200338363647,0.9995079636573792
2386,0.6443074345588684,2386,0.7690780162811279,0.999508261680603
2387,0.6463070511817932,2387,0.7702386379241943,0.9995245933532715
2388,0.6481059193611145,2388,0.7712557315826416,0.9995080232620239
2389,0.6500707268714905,2389,0.7723479270935059,0.9995031952857971
2390,0.6521018743515015,2390,0.7732025384902954,0.9995113015174866
2391,0.6538044810295105,2391,0.7743667960166931,0.9995080828666687
2392,0.6558281183242798,2392,0.7756264209747314,0.9995054006576538
2393,0.6577454209327698,2393,0.7763802409172058,0.999511182308197
2394,0.6595379114151001,2394,0.7772752046585083,0.9995226263999939
2395,0.6615239381790161,2395,0.7783558368682861,0.9995341300964355
2396,0.6630051136016846,2396,0.7795182466506958,0.9995113015174866
2397,0.6644306182861328,2397,0.7804004549980164,0.9995244741439819
2398,0.6660745739936829,2398,0.7814056277275085,0.9995120763778687
2399,0.6670839786529541,2399,0.7820247411727905,0.9995108842849731
2400,0.668889582157135,2400,0.7828611135482788,0.9995155930519104
2401,0.6706892251968384,2401,0.7833465337753296,0.9995129108428955
2402,0.672707736492157,2402,0.7842444181442261,0.9994997978210449
2403,0.6744533777236938,2403,0.7854516506195068,0.999515175819397
2404,0.6763511896133423,2404,0.7862270474433899,0.9995123744010925
2405,0.6778451204299927,2405,0.7873939871788025,0.9995105862617493
2406,0.6796789169311523,2406,0.7885068655014038,0.9995149970054626
2407,0.6811356544494629,2407,0.7890700101852417,0.9995030760765076
2408,0.6831337213516235,2408,0.7897829413414001,0.9994947910308838
2409,0.6847632527351379,2409,0.7902427911758423,0.9995196461677551
2410,0.6868264675140381,2410,0.7913545370101929,0.9995313286781311
2411,0.6884868144989014,2411,0.7922142744064331,0.9995273947715759
2412,0.6898599863052368,2412,0.7932047843933105,0.9995040893554688
2413,0.6918989419937134,2413,0.7937952876091003,0.9995103478431702
2414,0.6934402585029602,2414,0.7942532300949097,0.9995076060295105
2415,0.6949145793914795,2415,0.7950782775878906,0.9995102286338806
2416,0.6965701580047607,2416,0.7958247661590576,0.9995119571685791
2417,0.6982181072235107,2417,0.7968069314956665,0.999518632888794
2418,0.7004194259643555,2418,0.7974022626876831,0.9995285868644714
2419,0.7020697593688965,2419,0.7983613610267639,0.9995085000991821
2420,0.7033066749572754,2420,0.7993712425231934,0.9995169043540955
2421,0.7045258283615112,2421,0.8000862002372742,0.9995066523551941
2422,0.7060061693191528,2422,0.800649881362915,0.9995026588439941
2423,0.7074195146560669,2423,0.8012025356292725,0.9995208978652954
2424,0.7090135812759399,2424,0.8022553324699402,0.9995125532150269
2425,0.7107429504394531,2425,0.8030808568000793,0.9995221495628357
2426,0.7121190428733826,2426,0.8039337396621704,0.9995055794715881
2427,0.7130187153816223,2427,0.8044434189796448,0.999523401260376
2428,0.7145793437957764,2428,0.8050622940063477,0.9995092749595642
2429,0.716194748878479,2429,0.8061317801475525,0.9995046854019165
2430,0.7172720432281494,2430,0.8064761161804199,0.9995015859603882
2431,0.7183201313018799,2431,0.8071157932281494,0.9995090961456299
2432,0.7195388078689575,2432,0.8077953457832336,0.9995120763778687
2433,0.7209872007369995,2433,0.8080712556838989,0.9995102286338806
2434,0.7221379280090332,2434,0.8087156414985657,0.9995061159133911
2435,0.7234524488449097,2435,0.809282124042511,0.9995143413543701
2436,0.7248775959014893,2436,0.8093034029006958,0.999507486820221
2437,0.7261815667152405,2437,0.8099093437194824,0.9995119571685791
2438,0.7271835803985596,2438,0.8104406595230103,0.9995167255401611
2439,0.7282348871231079,2439,0.8112204074859619,0.999502420425415
2440,0.7293885350227356,2440,0.8116727471351624,0.9995012283325195
2441,0.7302913665771484,2441,0.8121671080589294,0.9995054006576538
2442,0.7313665151596069,2442,0.8131336569786072,0.9995133876800537
2443,0.7327309250831604,2443,0.8138430714607239,0.9995018243789673
2444,0.7339423894882202,2444,0.8145498633384705,0.9995247721672058
2445,0.7352827191352844,2445,0.8150021433830261,0.9995149374008179
2446,0.7364451885223389,2446,0.815830409526825,0.999506413936615
2447,0.7373812198638916,2447,0.8167493939399719,0.9995129108428955
2448,0.7383842468261719,2448,0.8168166279792786,0.9995123147964478
2449,0.7396962642669678,2449,0.8170413970947266,0.999506950378418
2450,0.7411322593688965,2450,0.8174962401390076,0.9995207786560059
2451,0.7423466444015503,2451,0.8177347183227539,0.9995189309120178
2452,0.7431973218917847,2452,0.8183804154396057,0.9995179772377014
2453,0.7443547248840332,2453,0.8191429376602173,0.999518871307373
2454,0.7451438903808594,2454,0.819563090801239,0.9995090365409851
2455,0.745940089225769,2455,0.8197622299194336,0.9995115399360657
2456,0.7470248937606812,2456,0.8200305104255676,0.9995166659355164
2457,0.7482471466064453,2457,0.8205615878105164,0.9995212554931641
2458,0.7495397329330444,2458,0.8211273550987244,0.9995118975639343
2459,0.7505027055740356,2459,0.8215590715408325,0.9995208382606506
2460,0.7515193819999695,2460,0.8221534490585327,0.9995155334472656
2461,0.7530873417854309,2461,0.8226393461227417,0.9995066523551941
2462,0.7542524933815002,2462,0.8231558799743652,0.9995049834251404
2463,0.7554659843444824,2463,0.823488175868988,0.9995132088661194
2464,0.7565988302230835,2464,0.8241098523139954,0.9995125532150269
2465,0.7574583888053894,2465,0.8246831297874451,0.9995277523994446
2466,0.7584018707275391,2466,0.8250769972801208,0.9995095133781433
2467,0.759426474571228,2467,0.8253827095031738,0.9995006918907166
2468,0.7601282000541687,2468,0.825910210609436,0.9995143413543701
2469,0.7610538005828857,2469,0.8266420364379883,0.9995131492614746
2470,0.7620950937271118,2470,0.8271030783653259,0.999519407749176
2471,0.763013482093811,2471,0.8275231122970581,0.9995047450065613
2472,0.7639420032501221,2472,0.8280583620071411,0.9994977712631226
2473,0.7648502588272095,2473,0.8284752368927002,0.9995120167732239
2474,0.7657266855239868,2474,0.8289146423339844,0.9995178580284119
2475,0.7669146060943604,2475,0.8288597464561462,0.999515950679779
2476,0.767509400844574,2476,0.8293764591217041,0.9995045065879822
2477,0.7684083580970764,2477,0.829643964767456,0.9995090961456299
2478,0.7690178155899048,2478,0.8302606344223022,0.9995117783546448
2479,0.7697052955627441,2479,0.830763578414917,0.999514102935791
2480,0.7707363367080688,2480,0.8310608267784119,0.9995087385177612
2481,0.7713344693183899,2481,0.8313409686088562,0.9995066523551941
2482,0.7722448110580444,2482,0.8314926624298096,0.9994986653327942
2483,0.7733408808708191,2483,0.8317900896072388,0.9995192289352417
2484,0.7740120887756348,2484,0.8320862054824829,0.9995183348655701
2485,0.7745755910873413,2485,0.8323910236358643,0.9995201230049133
2486,0.7751476168632507,2486,0.8328399658203125,0.9995124936103821
2487,0.7758959531784058,2487,0.8333808183670044,0.9995269179344177
2488,0.7766817212104797,2488,0.8336650729179382,0.9995181560516357
2489,0.7772825956344604,2489,0.8337100148200989,0.9995214939117432
2490,0.7781309485435486,2490,0.8338446021080017,0.9995148181915283
2491,0.7788079977035522,2491,0.8341493010520935,0.9995131492614746
2492,0.7797470092773438,2492,0.8343585729598999,0.9995226263999939
2493,0.78050696849823,2493,0.8346432447433472,0.9995219707489014
2494,0.7810004949569702,2494,0.8347257971763611,0.9995071291923523
2495,0.7816327810287476,2495,0.8347805738449097,0.9995234608650208
2496,0.7823770046234131,2496,0.8350176811218262,0.9995174407958984
2497,0.7831459641456604,2497,0.835258960723877,0.9995269775390625
2498,0.784061074256897,2498,0.8357393145561218,0.9995185136795044
2499,0.7847172021865845,2499,0.8359287977218628,0.9995095729827881
