,bpr_unbiased_uncalibrated_large,round,bpr_unbiased_calibrated_linear_time_large,bpr_unbiased_calibrated_constant_large
0,0.043642711667151585,0,0.02822228687809136,0.029967995344777423
1,0.043642711667151585,1,0.02822228687809136,0.029967995344777423
2,0.043642711667151585,2,0.02822228687809136,0.029967995344777423
3,0.043642711667151585,3,0.02822228687809136,0.029967995344777423
4,0.043642711667151585,4,0.02822228687809136,0.029967995344777423
5,0.043642711667151585,5,0.02822228687809136,0.029967995344777423
6,0.043642711667151585,6,0.02822228687809136,0.029967995344777423
7,0.043642711667151585,7,0.02822228687809136,0.029967995344777423
8,0.043642711667151585,8,0.02822228687809136,0.029967995344777423
9,0.043642711667151585,9,0.02822228687809136,0.029967995344777423
10,0.043642711667151585,10,0.02822228687809136,0.029967995344777423
11,0.043642711667151585,11,0.02822228687809136,0.029967995344777423
12,0.043642711667151585,12,0.02822228687809136,0.029967995344777423
13,0.043642711667151585,13,0.02822228687809136,0.029967995344777423
14,0.043642711667151585,14,0.02822228687809136,0.029967995344777423
15,0.043642711667151585,15,0.02822228687809136,0.029967995344777423
16,0.043642711667151585,16,0.02822228687809136,0.029967995344777423
17,0.043642711667151585,17,0.02822228687809136,0.029967995344777423
18,0.043642711667151585,18,0.02822228687809136,0.029967995344777423
19,0.043642711667151585,19,0.02822228687809136,0.029967995344777423
20,0.043642711667151585,20,0.02822228687809136,0.029967995344777423
21,0.043642711667151585,21,0.02822228687809136,0.029967995344777423
22,0.043642711667151585,22,0.02822228687809136,0.029967995344777423
23,0.043642711667151585,23,0.02822228687809136,0.029967995344777423
24,0.043642711667151585,24,0.02822228687809136,0.029967995344777423
25,0.043642711667151585,25,0.02822228687809136,0.029967995344777423
26,0.043642711667151585,26,0.02822228687809136,0.029967995344777423
27,0.043642711667151585,27,0.02822228687809136,0.029967995344777423
28,0.043642711667151585,28,0.02822228687809136,0.029967995344777423
29,0.043642711667151585,29,0.02822228687809136,0.029967995344777423
30,0.043642711667151585,30,0.02822228687809136,0.029967995344777423
31,0.043642711667151585,31,0.02822228687809136,0.029967995344777423
32,0.043642711667151585,32,0.02822228687809136,0.029967995344777423
33,0.043642711667151585,33,0.02822228687809136,0.029967995344777423
34,0.043642711667151585,34,0.02822228687809136,0.029967995344777423
35,0.043642711667151585,35,0.02822228687809136,0.029967995344777423
36,0.043642711667151585,36,0.02822228687809136,0.029967995344777423
37,0.043642711667151585,37,0.02822228687809136,0.029967995344777423
38,0.043642711667151585,38,0.02822228687809136,0.029967995344777423
39,0.043642711667151585,39,0.02822228687809136,0.029967995344777423
40,0.043642711667151585,40,0.02822228687809136,0.029967995344777423
41,0.043642711667151585,41,0.02822228687809136,0.029967995344777423
42,0.043642711667151585,42,0.02822228687809136,0.029967995344777423
43,0.043642711667151585,43,0.02822228687809136,0.029967995344777423
44,0.043642711667151585,44,0.02822228687809136,0.029967995344777423
45,0.043642711667151585,45,0.02822228687809136,0.029967995344777423
46,0.043642711667151585,46,0.02822228687809136,0.029967995344777423
47,0.043642711667151585,47,0.02822228687809136,0.029967995344777423
48,0.043642711667151585,48,0.02822228687809136,0.029967995344777423
49,0.043642711667151585,49,0.02822228687809136,0.029967995344777423
50,0.043642711667151585,50,0.02822228687809136,0.029967995344777423
51,0.043642711667151585,51,0.02822228687809136,0.029967995344777423
52,0.043642711667151585,52,0.02822228687809136,0.029967995344777423
53,0.043642711667151585,53,0.02822228687809136,0.029967995344777423
54,0.043642711667151585,54,0.02822228687809136,0.029967995344777423
55,0.043642711667151585,55,0.02822228687809136,0.029967995344777423
56,0.043642711667151585,56,0.02822228687809136,0.029967995344777423
57,0.043642711667151585,57,0.02822228687809136,0.029967995344777423
58,0.043642711667151585,58,0.02822228687809136,0.029967995344777423
59,0.043642711667151585,59,0.02822228687809136,0.029967995344777423
60,0.043642711667151585,60,0.02822228687809136,0.029967995344777423
61,0.043642711667151585,61,0.02822228687809136,0.029967995344777423
62,0.043642711667151585,62,0.02822228687809136,0.029967995344777423
63,0.043642711667151585,63,0.02822228687809136,0.029967995344777423
64,0.043642711667151585,64,0.02822228687809136,0.029967995344777423
65,0.043642711667151585,65,0.02822228687809136,0.029967995344777423
66,0.043642711667151585,66,0.02822228687809136,0.029967995344777423
67,0.043642711667151585,67,0.02822228687809136,0.029967995344777423
68,0.043642711667151585,68,0.02822228687809136,0.029967995344777423
69,0.043642711667151585,69,0.02822228687809136,0.029967995344777423
70,0.043642711667151585,70,0.02822228687809136,0.029967995344777423
71,0.043642711667151585,71,0.02822228687809136,0.029967995344777423
72,0.043642711667151585,72,0.02822228687809136,0.029967995344777423
73,0.043642711667151585,73,0.02822228687809136,0.029967995344777423
74,0.043642711667151585,74,0.02822228687809136,0.029967995344777423
75,0.043642711667151585,75,0.02822228687809136,0.029967995344777423
76,0.043642711667151585,76,0.02822228687809136,0.029967995344777423
77,0.043642711667151585,77,0.02822228687809136,0.029967995344777423
78,0.043642711667151585,78,0.02822228687809136,0.029967995344777423
79,0.043642711667151585,79,0.02822228687809136,0.029967995344777423
80,0.043642711667151585,80,0.02822228687809136,0.029967995344777423
81,0.043642711667151585,81,0.02822228687809136,0.029967995344777423
82,0.043642711667151585,82,0.02822228687809136,0.029967995344777423
83,0.043642711667151585,83,0.02822228687809136,0.029967995344777423
84,0.043642711667151585,84,0.02822228687809136,0.029967995344777423
85,0.043642711667151585,85,0.02822228687809136,0.029967995344777423
86,0.043642711667151585,86,0.02822228687809136,0.029967995344777423
87,0.043642711667151585,87,0.02822228687809136,0.029967995344777423
88,0.043642711667151585,88,0.02822228687809136,0.029967995344777423
89,0.043642711667151585,89,0.02822228687809136,0.029967995344777423
90,0.043642711667151585,90,0.02822228687809136,0.029967995344777423
91,0.043642711667151585,91,0.02822228687809136,0.029967995344777423
92,0.043642711667151585,92,0.02822228687809136,0.029967995344777423
93,0.043642711667151585,93,0.02822228687809136,0.029967995344777423
94,0.043642711667151585,94,0.02822228687809136,0.029967995344777423
95,0.043642711667151585,95,0.02822228687809136,0.029967995344777423
96,0.043642711667151585,96,0.02822228687809136,0.029967995344777423
97,0.043642711667151585,97,0.02822228687809136,0.029967995344777423
98,0.043642711667151585,98,0.02822228687809136,0.029967995344777423
99,0.043642711667151585,99,0.02822228687809136,0.029967995344777423
100,0.043642711667151585,100,0.02822228687809136,0.029967995344777423
101,0.043642711667151585,101,0.02822228687809136,0.029967995344777423
102,0.043642711667151585,102,0.02822228687809136,0.029967995344777423
103,0.043642711667151585,103,0.02822228687809136,0.029967995344777423
104,0.043642711667151585,104,0.02822228687809136,0.029967995344777423
105,0.043642711667151585,105,0.02822228687809136,0.029967995344777423
106,0.043642711667151585,106,0.02822228687809136,0.029967995344777423
107,0.043642711667151585,107,0.02822228687809136,0.029967995344777423
108,0.043642711667151585,108,0.02822228687809136,0.029967995344777423
109,0.043642711667151585,109,0.02822228687809136,0.029967995344777423
110,0.043642711667151585,110,0.02822228687809136,0.029967995344777423
111,0.043642711667151585,111,0.02822228687809136,0.029967995344777423
112,0.043642711667151585,112,0.02822228687809136,0.029967995344777423
113,0.043642711667151585,113,0.02822228687809136,0.029967995344777423
114,0.043642711667151585,114,0.02822228687809136,0.029967995344777423
115,0.043642711667151585,115,0.02822228687809136,0.029967995344777423
116,0.043642711667151585,116,0.02822228687809136,0.029967995344777423
117,0.043642711667151585,117,0.02822228687809136,0.029967995344777423
118,0.043642711667151585,118,0.02822228687809136,0.029967995344777423
119,0.043642711667151585,119,0.02822228687809136,0.029967995344777423
120,0.043642711667151585,120,0.02822228687809136,0.029967995344777423
121,0.043642711667151585,121,0.02822228687809136,0.029967995344777423
122,0.043642711667151585,122,0.02822228687809136,0.029967995344777423
123,0.043642711667151585,123,0.02822228687809136,0.029967995344777423
124,0.043642711667151585,124,0.02822228687809136,0.029967995344777423
125,0.043642711667151585,125,0.02822228687809136,0.029967995344777423
126,0.043642711667151585,126,0.02822228687809136,0.029967995344777423
127,0.043642711667151585,127,0.02822228687809136,0.029967995344777423
128,0.043642711667151585,128,0.02822228687809136,0.029967995344777423
129,0.043642711667151585,129,0.02822228687809136,0.029967995344777423
130,0.043642711667151585,130,0.02822228687809136,0.029967995344777423
131,0.043642711667151585,131,0.02822228687809136,0.029967995344777423
132,0.043642711667151585,132,0.02822228687809136,0.029967995344777423
133,0.043642711667151585,133,0.02822228687809136,0.029967995344777423
134,0.043642711667151585,134,0.02822228687809136,0.029967995344777423
135,0.043642711667151585,135,0.02822228687809136,0.029967995344777423
136,0.043642711667151585,136,0.02822228687809136,0.029967995344777423
137,0.043642711667151585,137,0.02822228687809136,0.029967995344777423
138,0.043642711667151585,138,0.02822228687809136,0.029967995344777423
139,0.043642711667151585,139,0.02822228687809136,0.029967995344777423
140,0.043642711667151585,140,0.02822228687809136,0.029967995344777423
141,0.043642711667151585,141,0.02822228687809136,0.029967995344777423
142,0.043642711667151585,142,0.02822228687809136,0.029967995344777423
143,0.043642711667151585,143,0.02822228687809136,0.029967995344777423
144,0.043642711667151585,144,0.02822228687809136,0.029967995344777423
145,0.043642711667151585,145,0.02822228687809136,0.029967995344777423
146,0.043642711667151585,146,0.02822228687809136,0.029967995344777423
147,0.043642711667151585,147,0.02822228687809136,0.029967995344777423
148,0.043642711667151585,148,0.02822228687809136,0.029967995344777423
149,0.043642711667151585,149,0.02822228687809136,0.029967995344777423
150,0.043642711667151585,150,0.02822228687809136,0.029967995344777423
151,0.043642711667151585,151,0.02822228687809136,0.029967995344777423
152,0.043642711667151585,152,0.02822228687809136,0.029967995344777423
153,0.043642711667151585,153,0.02822228687809136,0.029967995344777423
154,0.043642711667151585,154,0.02822228687809136,0.029967995344777423
155,0.043642711667151585,155,0.02822228687809136,0.029967995344777423
156,0.043642711667151585,156,0.02822228687809136,0.029967995344777423
157,0.043642711667151585,157,0.02822228687809136,0.029967995344777423
158,0.043642711667151585,158,0.02822228687809136,0.029967995344777423
159,0.043642711667151585,159,0.02822228687809136,0.029967995344777423
160,0.043642711667151585,160,0.02822228687809136,0.029967995344777423
161,0.043642711667151585,161,0.02822228687809136,0.029967995344777423
162,0.043642711667151585,162,0.02822228687809136,0.029967995344777423
163,0.043642711667151585,163,0.02822228687809136,0.029967995344777423
164,0.043642711667151585,164,0.02822228687809136,0.029967995344777423
165,0.043642711667151585,165,0.02822228687809136,0.029967995344777423
166,0.043642711667151585,166,0.02822228687809136,0.029967995344777423
167,0.043642711667151585,167,0.02822228687809136,0.029967995344777423
168,0.043642711667151585,168,0.02822228687809136,0.029967995344777423
169,0.043642711667151585,169,0.02822228687809136,0.029967995344777423
170,0.043642711667151585,170,0.02822228687809136,0.029967995344777423
171,0.043642711667151585,171,0.02822228687809136,0.029967995344777423
172,0.043642711667151585,172,0.02822228687809136,0.029967995344777423
173,0.043642711667151585,173,0.02822228687809136,0.029967995344777423
174,0.043642711667151585,174,0.02822228687809136,0.029967995344777423
175,0.043642711667151585,175,0.02822228687809136,0.029967995344777423
176,0.043642711667151585,176,0.02822228687809136,0.029967995344777423
177,0.043642711667151585,177,0.02822228687809136,0.029967995344777423
178,0.043642711667151585,178,0.02822228687809136,0.029967995344777423
179,0.043642711667151585,179,0.02822228687809136,0.029967995344777423
180,0.043642711667151585,180,0.02822228687809136,0.029967995344777423
181,0.043642711667151585,181,0.02822228687809136,0.029967995344777423
182,0.043642711667151585,182,0.02822228687809136,0.029967995344777423
183,0.043642711667151585,183,0.02822228687809136,0.029967995344777423
184,0.043642711667151585,184,0.02822228687809136,0.029967995344777423
185,0.043642711667151585,185,0.02822228687809136,0.029967995344777423
186,0.043642711667151585,186,0.02822228687809136,0.029967995344777423
187,0.043642711667151585,187,0.02822228687809136,0.029967995344777423
188,0.043642711667151585,188,0.02822228687809136,0.029967995344777423
189,0.043642711667151585,189,0.02822228687809136,0.029967995344777423
190,0.043642711667151585,190,0.02822228687809136,0.029967995344777423
191,0.043642711667151585,191,0.02822228687809136,0.029967995344777423
192,0.043642711667151585,192,0.02822228687809136,0.029967995344777423
193,0.043642711667151585,193,0.02822228687809136,0.029967995344777423
194,0.043642711667151585,194,0.02822228687809136,0.029967995344777423
195,0.043642711667151585,195,0.02822228687809136,0.029967995344777423
196,0.043642711667151585,196,0.02822228687809136,0.029967995344777423
197,0.043642711667151585,197,0.02822228687809136,0.029967995344777423
198,0.043642711667151585,198,0.02822228687809136,0.029967995344777423
199,0.043642711667151585,199,0.02822228687809136,0.029967995344777423
200,0.043642711667151585,200,0.02822228687809136,0.029967995344777423
201,0.043642711667151585,201,0.02822228687809136,0.029967995344777423
202,0.043642711667151585,202,0.02822228687809136,0.029967995344777423
203,0.043642711667151585,203,0.02822228687809136,0.029967995344777423
204,0.043642711667151585,204,0.02822228687809136,0.029967995344777423
205,0.043642711667151585,205,0.02822228687809136,0.029967995344777423
206,0.043642711667151585,206,0.02822228687809136,0.029967995344777423
207,0.043642711667151585,207,0.02822228687809136,0.029967995344777423
208,0.043642711667151585,208,0.02822228687809136,0.029967995344777423
209,0.043642711667151585,209,0.02822228687809136,0.029967995344777423
210,0.043642711667151585,210,0.02822228687809136,0.029967995344777423
211,0.043642711667151585,211,0.02822228687809136,0.029967995344777423
212,0.043642711667151585,212,0.02822228687809136,0.029967995344777423
213,0.043642711667151585,213,0.02822228687809136,0.029967995344777423
214,0.043642711667151585,214,0.02822228687809136,0.029967995344777423
215,0.043642711667151585,215,0.02822228687809136,0.029967995344777423
216,0.043642711667151585,216,0.02822228687809136,0.029967995344777423
217,0.043642711667151585,217,0.02822228687809136,0.029967995344777423
218,0.043642711667151585,218,0.02822228687809136,0.029967995344777423
219,0.043642711667151585,219,0.02822228687809136,0.029967995344777423
220,0.043642711667151585,220,0.02822228687809136,0.029967995344777423
221,0.043642711667151585,221,0.02822228687809136,0.029967995344777423
222,0.043642711667151585,222,0.02822228687809136,0.029967995344777423
223,0.043642711667151585,223,0.02822228687809136,0.029967995344777423
224,0.043642711667151585,224,0.02822228687809136,0.029967995344777423
225,0.043642711667151585,225,0.02822228687809136,0.029967995344777423
226,0.043642711667151585,226,0.02822228687809136,0.029967995344777423
227,0.043642711667151585,227,0.02822228687809136,0.029967995344777423
228,0.043642711667151585,228,0.02822228687809136,0.029967995344777423
229,0.043642711667151585,229,0.02822228687809136,0.029967995344777423
230,0.043642711667151585,230,0.02822228687809136,0.029967995344777423
231,0.043642711667151585,231,0.02822228687809136,0.029967995344777423
232,0.043642711667151585,232,0.02822228687809136,0.029967995344777423
233,0.043642711667151585,233,0.02822228687809136,0.029967995344777423
234,0.043642711667151585,234,0.02822228687809136,0.029967995344777423
235,0.043642711667151585,235,0.02822228687809136,0.029967995344777423
236,0.043642711667151585,236,0.02822228687809136,0.029967995344777423
237,0.043642711667151585,237,0.02822228687809136,0.029967995344777423
238,0.043642711667151585,238,0.02822228687809136,0.029967995344777423
239,0.043642711667151585,239,0.02822228687809136,0.029967995344777423
240,0.043642711667151585,240,0.02822228687809136,0.029967995344777423
241,0.043642711667151585,241,0.02822228687809136,0.029967995344777423
242,0.043642711667151585,242,0.02822228687809136,0.029967995344777423
243,0.043642711667151585,243,0.02822228687809136,0.029967995344777423
244,0.043642711667151585,244,0.02822228687809136,0.029967995344777423
245,0.043642711667151585,245,0.02822228687809136,0.029967995344777423
246,0.043642711667151585,246,0.02822228687809136,0.029967995344777423
247,0.043642711667151585,247,0.02822228687809136,0.029967995344777423
248,0.043642711667151585,248,0.02822228687809136,0.029967995344777423
249,0.043642711667151585,249,0.02822228687809136,0.029967995344777423
250,0.011638056444573755,250,0.01774803607797498,0.013965667733488507
251,0.011638056444573755,251,0.01774803607797498,0.013965667733488507
252,0.011638056444573755,252,0.01774803607797498,0.013965667733488507
253,0.011638056444573755,253,0.01774803607797498,0.013965667733488507
254,0.011638056444573755,254,0.01774803607797498,0.013965667733488507
255,0.011638056444573755,255,0.01774803607797498,0.013965667733488507
256,0.011638056444573755,256,0.01774803607797498,0.013965667733488507
257,0.011638056444573755,257,0.01774803607797498,0.013965667733488507
258,0.011638056444573755,258,0.01774803607797498,0.013965667733488507
259,0.011638056444573755,259,0.01774803607797498,0.013965667733488507
260,0.011638056444573755,260,0.01774803607797498,0.013965667733488507
261,0.011638056444573755,261,0.01774803607797498,0.013965667733488507
262,0.011638056444573755,262,0.01774803607797498,0.013965667733488507
263,0.011638056444573755,263,0.01774803607797498,0.013965667733488507
264,0.011638056444573755,264,0.01774803607797498,0.013965667733488507
265,0.011638056444573755,265,0.01774803607797498,0.013965667733488507
266,0.011638056444573755,266,0.01774803607797498,0.013965667733488507
267,0.011638056444573755,267,0.01774803607797498,0.013965667733488507
268,0.011638056444573755,268,0.01774803607797498,0.013965667733488507
269,0.011638056444573755,269,0.01774803607797498,0.013965667733488507
270,0.011638056444573755,270,0.01774803607797498,0.013965667733488507
271,0.011638056444573755,271,0.01774803607797498,0.013965667733488507
272,0.011638056444573755,272,0.01774803607797498,0.013965667733488507
273,0.011638056444573755,273,0.01774803607797498,0.013965667733488507
274,0.011638056444573755,274,0.01774803607797498,0.013965667733488507
275,0.011638056444573755,275,0.01774803607797498,0.013965667733488507
276,0.011638056444573755,276,0.01774803607797498,0.013965667733488507
277,0.011638056444573755,277,0.01774803607797498,0.013965667733488507
278,0.011638056444573755,278,0.01774803607797498,0.013965667733488507
279,0.011638056444573755,279,0.01774803607797498,0.013965667733488507
280,0.011638056444573755,280,0.01774803607797498,0.013965667733488507
281,0.011638056444573755,281,0.01774803607797498,0.013965667733488507
282,0.011638056444573755,282,0.01774803607797498,0.013965667733488507
283,0.011638056444573755,283,0.01774803607797498,0.013965667733488507
284,0.011638056444573755,284,0.01774803607797498,0.013965667733488507
285,0.011638056444573755,285,0.01774803607797498,0.013965667733488507
286,0.011638056444573755,286,0.01774803607797498,0.013965667733488507
287,0.011638056444573755,287,0.01774803607797498,0.013965667733488507
288,0.011638056444573755,288,0.01774803607797498,0.013965667733488507
289,0.011638056444573755,289,0.01774803607797498,0.013965667733488507
290,0.011638056444573755,290,0.01774803607797498,0.013965667733488507
291,0.011638056444573755,291,0.01774803607797498,0.013965667733488507
292,0.011638056444573755,292,0.01774803607797498,0.013965667733488507
293,0.011638056444573755,293,0.01774803607797498,0.013965667733488507
294,0.011638056444573755,294,0.01774803607797498,0.013965667733488507
295,0.011638056444573755,295,0.01774803607797498,0.013965667733488507
296,0.011638056444573755,296,0.01774803607797498,0.013965667733488507
297,0.011638056444573755,297,0.01774803607797498,0.013965667733488507
298,0.011638056444573755,298,0.01774803607797498,0.013965667733488507
299,0.011638056444573755,299,0.01774803607797498,0.013965667733488507
300,0.011638056444573755,300,0.01774803607797498,0.013965667733488507
301,0.011638056444573755,301,0.01774803607797498,0.013965667733488507
302,0.011638056444573755,302,0.01774803607797498,0.013965667733488507
303,0.011638056444573755,303,0.01774803607797498,0.013965667733488507
304,0.011638056444573755,304,0.01774803607797498,0.013965667733488507
305,0.011638056444573755,305,0.01774803607797498,0.013965667733488507
306,0.011638056444573755,306,0.01774803607797498,0.013965667733488507
307,0.011638056444573755,307,0.01774803607797498,0.013965667733488507
308,0.011638056444573755,308,0.01774803607797498,0.013965667733488507
309,0.011638056444573755,309,0.01774803607797498,0.013965667733488507
310,0.011638056444573755,310,0.01774803607797498,0.013965667733488507
311,0.011638056444573755,311,0.01774803607797498,0.013965667733488507
312,0.011638056444573755,312,0.01774803607797498,0.013965667733488507
313,0.011638056444573755,313,0.01774803607797498,0.013965667733488507
314,0.011638056444573755,314,0.01774803607797498,0.013965667733488507
315,0.011638056444573755,315,0.01774803607797498,0.013965667733488507
316,0.011638056444573755,316,0.01774803607797498,0.013965667733488507
317,0.011638056444573755,317,0.01774803607797498,0.013965667733488507
318,0.011638056444573755,318,0.01774803607797498,0.013965667733488507
319,0.011638056444573755,319,0.01774803607797498,0.013965667733488507
320,0.011638056444573755,320,0.01774803607797498,0.013965667733488507
321,0.011638056444573755,321,0.01774803607797498,0.013965667733488507
322,0.011638056444573755,322,0.01774803607797498,0.013965667733488507
323,0.011638056444573755,323,0.01774803607797498,0.013965667733488507
324,0.011638056444573755,324,0.01774803607797498,0.013965667733488507
325,0.011638056444573755,325,0.01774803607797498,0.013965667733488507
326,0.011638056444573755,326,0.01774803607797498,0.013965667733488507
327,0.011638056444573755,327,0.01774803607797498,0.013965667733488507
328,0.011638056444573755,328,0.01774803607797498,0.013965667733488507
329,0.011638056444573755,329,0.01774803607797498,0.013965667733488507
330,0.011638056444573755,330,0.01774803607797498,0.013965667733488507
331,0.011638056444573755,331,0.01774803607797498,0.013965667733488507
332,0.011638056444573755,332,0.01774803607797498,0.013965667733488507
333,0.011638056444573755,333,0.01774803607797498,0.013965667733488507
334,0.011638056444573755,334,0.01774803607797498,0.013965667733488507
335,0.011638056444573755,335,0.01774803607797498,0.013965667733488507
336,0.011638056444573755,336,0.01774803607797498,0.013965667733488507
337,0.011638056444573755,337,0.01774803607797498,0.013965667733488507
338,0.011638056444573755,338,0.01774803607797498,0.013965667733488507
339,0.011638056444573755,339,0.01774803607797498,0.013965667733488507
340,0.011638056444573755,340,0.01774803607797498,0.013965667733488507
341,0.011638056444573755,341,0.01774803607797498,0.013965667733488507
342,0.011638056444573755,342,0.01774803607797498,0.013965667733488507
343,0.011638056444573755,343,0.01774803607797498,0.013965667733488507
344,0.011638056444573755,344,0.01774803607797498,0.013965667733488507
345,0.011638056444573755,345,0.01774803607797498,0.013965667733488507
346,0.011638056444573755,346,0.01774803607797498,0.013965667733488507
347,0.011638056444573755,347,0.01774803607797498,0.013965667733488507
348,0.011638056444573755,348,0.01774803607797498,0.013965667733488507
349,0.011638056444573755,349,0.01774803607797498,0.013965667733488507
350,0.011638056444573755,350,0.01774803607797498,0.013965667733488507
351,0.011638056444573755,351,0.01774803607797498,0.013965667733488507
352,0.011638056444573755,352,0.01774803607797498,0.013965667733488507
353,0.011638056444573755,353,0.01774803607797498,0.013965667733488507
354,0.011638056444573755,354,0.01774803607797498,0.013965667733488507
355,0.011638056444573755,355,0.01774803607797498,0.013965667733488507
356,0.011638056444573755,356,0.01774803607797498,0.013965667733488507
357,0.011638056444573755,357,0.01774803607797498,0.013965667733488507
358,0.011638056444573755,358,0.01774803607797498,0.013965667733488507
359,0.011638056444573755,359,0.01774803607797498,0.013965667733488507
360,0.011638056444573755,360,0.01774803607797498,0.013965667733488507
361,0.011638056444573755,361,0.01774803607797498,0.013965667733488507
362,0.011638056444573755,362,0.01774803607797498,0.013965667733488507
363,0.011638056444573755,363,0.01774803607797498,0.013965667733488507
364,0.011638056444573755,364,0.01774803607797498,0.013965667733488507
365,0.011638056444573755,365,0.01774803607797498,0.013965667733488507
366,0.011638056444573755,366,0.01774803607797498,0.013965667733488507
367,0.011638056444573755,367,0.01774803607797498,0.013965667733488507
368,0.011638056444573755,368,0.01774803607797498,0.013965667733488507
369,0.011638056444573755,369,0.01774803607797498,0.013965667733488507
370,0.011638056444573755,370,0.01774803607797498,0.013965667733488507
371,0.011638056444573755,371,0.01774803607797498,0.013965667733488507
372,0.011638056444573755,372,0.01774803607797498,0.013965667733488507
373,0.011638056444573755,373,0.01774803607797498,0.013965667733488507
374,0.011638056444573755,374,0.01774803607797498,0.013965667733488507
375,0.011638056444573755,375,0.01774803607797498,0.013965667733488507
376,0.011638056444573755,376,0.01774803607797498,0.013965667733488507
377,0.011638056444573755,377,0.01774803607797498,0.013965667733488507
378,0.011638056444573755,378,0.01774803607797498,0.013965667733488507
379,0.011638056444573755,379,0.01774803607797498,0.013965667733488507
380,0.011638056444573755,380,0.01774803607797498,0.013965667733488507
381,0.011638056444573755,381,0.01774803607797498,0.013965667733488507
382,0.011638056444573755,382,0.01774803607797498,0.013965667733488507
383,0.011638056444573755,383,0.01774803607797498,0.013965667733488507
384,0.011638056444573755,384,0.01774803607797498,0.013965667733488507
385,0.011638056444573755,385,0.01774803607797498,0.013965667733488507
386,0.011638056444573755,386,0.01774803607797498,0.013965667733488507
387,0.011638056444573755,387,0.01774803607797498,0.013965667733488507
388,0.011638056444573755,388,0.01774803607797498,0.013965667733488507
389,0.011638056444573755,389,0.01774803607797498,0.013965667733488507
390,0.011638056444573755,390,0.01774803607797498,0.013965667733488507
391,0.011638056444573755,391,0.01774803607797498,0.013965667733488507
392,0.011638056444573755,392,0.01774803607797498,0.013965667733488507
393,0.011638056444573755,393,0.01774803607797498,0.013965667733488507
394,0.011638056444573755,394,0.01774803607797498,0.013965667733488507
395,0.011638056444573755,395,0.01774803607797498,0.013965667733488507
396,0.011638056444573755,396,0.01774803607797498,0.013965667733488507
397,0.011638056444573755,397,0.01774803607797498,0.013965667733488507
398,0.011638056444573755,398,0.01774803607797498,0.013965667733488507
399,0.011638056444573755,399,0.01774803607797498,0.013965667733488507
400,0.011638056444573755,400,0.01774803607797498,0.013965667733488507
401,0.011638056444573755,401,0.01774803607797498,0.013965667733488507
402,0.011638056444573755,402,0.01774803607797498,0.013965667733488507
403,0.011638056444573755,403,0.01774803607797498,0.013965667733488507
404,0.011638056444573755,404,0.01774803607797498,0.013965667733488507
405,0.011638056444573755,405,0.01774803607797498,0.013965667733488507
406,0.011638056444573755,406,0.01774803607797498,0.013965667733488507
407,0.011638056444573755,407,0.01774803607797498,0.013965667733488507
408,0.011638056444573755,408,0.01774803607797498,0.013965667733488507
409,0.011638056444573755,409,0.01774803607797498,0.013965667733488507
410,0.011638056444573755,410,0.01774803607797498,0.013965667733488507
411,0.011638056444573755,411,0.01774803607797498,0.013965667733488507
412,0.011638056444573755,412,0.01774803607797498,0.013965667733488507
413,0.011638056444573755,413,0.01774803607797498,0.013965667733488507
414,0.011638056444573755,414,0.01774803607797498,0.013965667733488507
415,0.011638056444573755,415,0.01774803607797498,0.013965667733488507
416,0.011638056444573755,416,0.01774803607797498,0.013965667733488507
417,0.011638056444573755,417,0.01774803607797498,0.013965667733488507
418,0.011638056444573755,418,0.01774803607797498,0.013965667733488507
419,0.011638056444573755,419,0.01774803607797498,0.013965667733488507
420,0.011638056444573755,420,0.01774803607797498,0.013965667733488507
421,0.011638056444573755,421,0.01774803607797498,0.013965667733488507
422,0.011638056444573755,422,0.01774803607797498,0.013965667733488507
423,0.011638056444573755,423,0.01774803607797498,0.013965667733488507
424,0.011638056444573755,424,0.01774803607797498,0.013965667733488507
425,0.011638056444573755,425,0.01774803607797498,0.013965667733488507
426,0.011638056444573755,426,0.01774803607797498,0.013965667733488507
427,0.011638056444573755,427,0.01774803607797498,0.013965667733488507
428,0.011638056444573755,428,0.01774803607797498,0.013965667733488507
429,0.011638056444573755,429,0.01774803607797498,0.013965667733488507
430,0.011638056444573755,430,0.01774803607797498,0.013965667733488507
431,0.011638056444573755,431,0.01774803607797498,0.013965667733488507
432,0.011638056444573755,432,0.01774803607797498,0.013965667733488507
433,0.011638056444573755,433,0.01774803607797498,0.013965667733488507
434,0.011638056444573755,434,0.01774803607797498,0.013965667733488507
435,0.011638056444573755,435,0.01774803607797498,0.013965667733488507
436,0.011638056444573755,436,0.01774803607797498,0.013965667733488507
437,0.011638056444573755,437,0.01774803607797498,0.013965667733488507
438,0.011638056444573755,438,0.01774803607797498,0.013965667733488507
439,0.011638056444573755,439,0.01774803607797498,0.013965667733488507
440,0.011638056444573755,440,0.01774803607797498,0.013965667733488507
441,0.011638056444573755,441,0.01774803607797498,0.013965667733488507
442,0.011638056444573755,442,0.01774803607797498,0.013965667733488507
443,0.011638056444573755,443,0.01774803607797498,0.013965667733488507
444,0.011638056444573755,444,0.01774803607797498,0.013965667733488507
445,0.011638056444573755,445,0.01774803607797498,0.013965667733488507
446,0.011638056444573755,446,0.01774803607797498,0.013965667733488507
447,0.011638056444573755,447,0.01774803607797498,0.013965667733488507
448,0.011638056444573755,448,0.01774803607797498,0.013965667733488507
449,0.011638056444573755,449,0.01774803607797498,0.013965667733488507
450,0.011638056444573755,450,0.01774803607797498,0.013965667733488507
451,0.011638056444573755,451,0.01774803607797498,0.013965667733488507
452,0.011638056444573755,452,0.01774803607797498,0.013965667733488507
453,0.011638056444573755,453,0.01774803607797498,0.013965667733488507
454,0.011638056444573755,454,0.01774803607797498,0.013965667733488507
455,0.011638056444573755,455,0.01774803607797498,0.013965667733488507
456,0.011638056444573755,456,0.01774803607797498,0.013965667733488507
457,0.011638056444573755,457,0.01774803607797498,0.013965667733488507
458,0.011638056444573755,458,0.01774803607797498,0.013965667733488507
459,0.011638056444573755,459,0.01774803607797498,0.013965667733488507
460,0.011638056444573755,460,0.01774803607797498,0.013965667733488507
461,0.011638056444573755,461,0.01774803607797498,0.013965667733488507
462,0.011638056444573755,462,0.01774803607797498,0.013965667733488507
463,0.011638056444573755,463,0.01774803607797498,0.013965667733488507
464,0.011638056444573755,464,0.01774803607797498,0.013965667733488507
465,0.011638056444573755,465,0.01774803607797498,0.013965667733488507
466,0.011638056444573755,466,0.01774803607797498,0.013965667733488507
467,0.011638056444573755,467,0.01774803607797498,0.013965667733488507
468,0.011638056444573755,468,0.01774803607797498,0.013965667733488507
469,0.011638056444573755,469,0.01774803607797498,0.013965667733488507
470,0.011638056444573755,470,0.01774803607797498,0.013965667733488507
471,0.011638056444573755,471,0.01774803607797498,0.013965667733488507
472,0.011638056444573755,472,0.01774803607797498,0.013965667733488507
473,0.011638056444573755,473,0.01774803607797498,0.013965667733488507
474,0.011638056444573755,474,0.01774803607797498,0.013965667733488507
475,0.011638056444573755,475,0.01774803607797498,0.013965667733488507
476,0.011638056444573755,476,0.01774803607797498,0.013965667733488507
477,0.011638056444573755,477,0.01774803607797498,0.013965667733488507
478,0.011638056444573755,478,0.01774803607797498,0.013965667733488507
479,0.011638056444573755,479,0.01774803607797498,0.013965667733488507
480,0.011638056444573755,480,0.01774803607797498,0.013965667733488507
481,0.011638056444573755,481,0.01774803607797498,0.013965667733488507
482,0.011638056444573755,482,0.01774803607797498,0.013965667733488507
483,0.011638056444573755,483,0.01774803607797498,0.013965667733488507
484,0.011638056444573755,484,0.01774803607797498,0.013965667733488507
485,0.011638056444573755,485,0.01774803607797498,0.013965667733488507
486,0.011638056444573755,486,0.01774803607797498,0.013965667733488507
487,0.011638056444573755,487,0.01774803607797498,0.013965667733488507
488,0.011638056444573755,488,0.01774803607797498,0.013965667733488507
489,0.011638056444573755,489,0.01774803607797498,0.013965667733488507
490,0.011638056444573755,490,0.01774803607797498,0.013965667733488507
491,0.011638056444573755,491,0.01774803607797498,0.013965667733488507
492,0.011638056444573755,492,0.01774803607797498,0.013965667733488507
493,0.011638056444573755,493,0.01774803607797498,0.013965667733488507
494,0.011638056444573755,494,0.01774803607797498,0.013965667733488507
495,0.011638056444573755,495,0.01774803607797498,0.013965667733488507
496,0.011638056444573755,496,0.01774803607797498,0.013965667733488507
497,0.011638056444573755,497,0.01774803607797498,0.013965667733488507
498,0.011638056444573755,498,0.01774803607797498,0.013965667733488507
499,0.011638056444573755,499,0.01774803607797498,0.013965667733488507
500,0.0069828338667442535,500,0.01047425080011638,0.008728542333430317
501,0.0069828338667442535,501,0.01047425080011638,0.008728542333430317
502,0.0069828338667442535,502,0.01047425080011638,0.008728542333430317
503,0.0069828338667442535,503,0.01047425080011638,0.008728542333430317
504,0.0069828338667442535,504,0.01047425080011638,0.008728542333430317
505,0.0069828338667442535,505,0.01047425080011638,0.008728542333430317
506,0.0069828338667442535,506,0.01047425080011638,0.008728542333430317
507,0.0069828338667442535,507,0.01047425080011638,0.008728542333430317
508,0.0069828338667442535,508,0.01047425080011638,0.008728542333430317
509,0.0069828338667442535,509,0.01047425080011638,0.008728542333430317
510,0.0069828338667442535,510,0.01047425080011638,0.008728542333430317
511,0.0069828338667442535,511,0.01047425080011638,0.008728542333430317
512,0.0069828338667442535,512,0.01047425080011638,0.008728542333430317
513,0.0069828338667442535,513,0.01047425080011638,0.008728542333430317
514,0.0069828338667442535,514,0.01047425080011638,0.008728542333430317
515,0.0069828338667442535,515,0.01047425080011638,0.008728542333430317
516,0.0069828338667442535,516,0.01047425080011638,0.008728542333430317
517,0.0069828338667442535,517,0.01047425080011638,0.008728542333430317
518,0.0069828338667442535,518,0.01047425080011638,0.008728542333430317
519,0.0069828338667442535,519,0.01047425080011638,0.008728542333430317
520,0.0069828338667442535,520,0.01047425080011638,0.008728542333430317
521,0.0069828338667442535,521,0.01047425080011638,0.008728542333430317
522,0.0069828338667442535,522,0.01047425080011638,0.008728542333430317
523,0.0069828338667442535,523,0.01047425080011638,0.008728542333430317
524,0.0069828338667442535,524,0.01047425080011638,0.008728542333430317
525,0.0069828338667442535,525,0.01047425080011638,0.008728542333430317
526,0.0069828338667442535,526,0.01047425080011638,0.008728542333430317
527,0.0069828338667442535,527,0.01047425080011638,0.008728542333430317
528,0.0069828338667442535,528,0.01047425080011638,0.008728542333430317
529,0.0069828338667442535,529,0.01047425080011638,0.008728542333430317
530,0.0069828338667442535,530,0.01047425080011638,0.008728542333430317
531,0.0069828338667442535,531,0.01047425080011638,0.008728542333430317
532,0.0069828338667442535,532,0.01047425080011638,0.008728542333430317
533,0.0069828338667442535,533,0.01047425080011638,0.008728542333430317
534,0.0069828338667442535,534,0.01047425080011638,0.008728542333430317
535,0.0069828338667442535,535,0.01047425080011638,0.008728542333430317
536,0.0069828338667442535,536,0.01047425080011638,0.008728542333430317
537,0.0069828338667442535,537,0.01047425080011638,0.008728542333430317
538,0.0069828338667442535,538,0.01047425080011638,0.008728542333430317
539,0.0069828338667442535,539,0.01047425080011638,0.008728542333430317
540,0.0069828338667442535,540,0.01047425080011638,0.008728542333430317
541,0.0069828338667442535,541,0.01047425080011638,0.008728542333430317
542,0.0069828338667442535,542,0.01047425080011638,0.008728542333430317
543,0.0069828338667442535,543,0.01047425080011638,0.008728542333430317
544,0.0069828338667442535,544,0.01047425080011638,0.008728542333430317
545,0.0069828338667442535,545,0.01047425080011638,0.008728542333430317
546,0.0069828338667442535,546,0.01047425080011638,0.008728542333430317
547,0.0069828338667442535,547,0.01047425080011638,0.008728542333430317
548,0.0069828338667442535,548,0.01047425080011638,0.008728542333430317
549,0.0069828338667442535,549,0.01047425080011638,0.008728542333430317
550,0.0069828338667442535,550,0.01047425080011638,0.008728542333430317
551,0.0069828338667442535,551,0.01047425080011638,0.008728542333430317
552,0.0069828338667442535,552,0.01047425080011638,0.008728542333430317
553,0.0069828338667442535,553,0.01047425080011638,0.008728542333430317
554,0.0069828338667442535,554,0.01047425080011638,0.008728542333430317
555,0.0069828338667442535,555,0.01047425080011638,0.008728542333430317
556,0.0069828338667442535,556,0.01047425080011638,0.008728542333430317
557,0.0069828338667442535,557,0.01047425080011638,0.008728542333430317
558,0.0069828338667442535,558,0.01047425080011638,0.008728542333430317
559,0.0069828338667442535,559,0.01047425080011638,0.008728542333430317
560,0.0069828338667442535,560,0.01047425080011638,0.008728542333430317
561,0.0069828338667442535,561,0.01047425080011638,0.008728542333430317
562,0.0069828338667442535,562,0.01047425080011638,0.008728542333430317
563,0.0069828338667442535,563,0.01047425080011638,0.008728542333430317
564,0.0069828338667442535,564,0.01047425080011638,0.008728542333430317
565,0.0069828338667442535,565,0.01047425080011638,0.008728542333430317
566,0.0069828338667442535,566,0.01047425080011638,0.008728542333430317
567,0.0069828338667442535,567,0.01047425080011638,0.008728542333430317
568,0.0069828338667442535,568,0.01047425080011638,0.008728542333430317
569,0.0069828338667442535,569,0.01047425080011638,0.008728542333430317
570,0.0069828338667442535,570,0.01047425080011638,0.008728542333430317
571,0.0069828338667442535,571,0.01047425080011638,0.008728542333430317
572,0.0069828338667442535,572,0.01047425080011638,0.008728542333430317
573,0.0069828338667442535,573,0.01047425080011638,0.008728542333430317
574,0.0069828338667442535,574,0.01047425080011638,0.008728542333430317
575,0.0069828338667442535,575,0.01047425080011638,0.008728542333430317
576,0.0069828338667442535,576,0.01047425080011638,0.008728542333430317
577,0.0069828338667442535,577,0.01047425080011638,0.008728542333430317
578,0.0069828338667442535,578,0.01047425080011638,0.008728542333430317
579,0.0069828338667442535,579,0.01047425080011638,0.008728542333430317
580,0.0069828338667442535,580,0.01047425080011638,0.008728542333430317
581,0.0069828338667442535,581,0.01047425080011638,0.008728542333430317
582,0.0069828338667442535,582,0.01047425080011638,0.008728542333430317
583,0.0069828338667442535,583,0.01047425080011638,0.008728542333430317
584,0.0069828338667442535,584,0.01047425080011638,0.008728542333430317
585,0.0069828338667442535,585,0.01047425080011638,0.008728542333430317
586,0.0069828338667442535,586,0.01047425080011638,0.008728542333430317
587,0.0069828338667442535,587,0.01047425080011638,0.008728542333430317
588,0.0069828338667442535,588,0.01047425080011638,0.008728542333430317
589,0.0069828338667442535,589,0.01047425080011638,0.008728542333430317
590,0.0069828338667442535,590,0.01047425080011638,0.008728542333430317
591,0.0069828338667442535,591,0.01047425080011638,0.008728542333430317
592,0.0069828338667442535,592,0.01047425080011638,0.008728542333430317
593,0.0069828338667442535,593,0.01047425080011638,0.008728542333430317
594,0.0069828338667442535,594,0.01047425080011638,0.008728542333430317
595,0.0069828338667442535,595,0.01047425080011638,0.008728542333430317
596,0.0069828338667442535,596,0.01047425080011638,0.008728542333430317
597,0.0069828338667442535,597,0.01047425080011638,0.008728542333430317
598,0.0069828338667442535,598,0.01047425080011638,0.008728542333430317
599,0.0069828338667442535,599,0.01047425080011638,0.008728542333430317
600,0.0069828338667442535,600,0.01047425080011638,0.008728542333430317
601,0.0069828338667442535,601,0.01047425080011638,0.008728542333430317
602,0.0069828338667442535,602,0.01047425080011638,0.008728542333430317
603,0.0069828338667442535,603,0.01047425080011638,0.008728542333430317
604,0.0069828338667442535,604,0.01047425080011638,0.008728542333430317
605,0.0069828338667442535,605,0.01047425080011638,0.008728542333430317
606,0.0069828338667442535,606,0.01047425080011638,0.008728542333430317
607,0.0069828338667442535,607,0.01047425080011638,0.008728542333430317
608,0.0069828338667442535,608,0.01047425080011638,0.008728542333430317
609,0.0069828338667442535,609,0.01047425080011638,0.008728542333430317
610,0.0069828338667442535,610,0.01047425080011638,0.008728542333430317
611,0.0069828338667442535,611,0.01047425080011638,0.008728542333430317
612,0.0069828338667442535,612,0.01047425080011638,0.008728542333430317
613,0.0069828338667442535,613,0.01047425080011638,0.008728542333430317
614,0.0069828338667442535,614,0.01047425080011638,0.008728542333430317
615,0.0069828338667442535,615,0.01047425080011638,0.008728542333430317
616,0.0069828338667442535,616,0.01047425080011638,0.008728542333430317
617,0.0069828338667442535,617,0.01047425080011638,0.008728542333430317
618,0.0069828338667442535,618,0.01047425080011638,0.008728542333430317
619,0.0069828338667442535,619,0.01047425080011638,0.008728542333430317
620,0.0069828338667442535,620,0.01047425080011638,0.008728542333430317
621,0.0069828338667442535,621,0.01047425080011638,0.008728542333430317
622,0.0069828338667442535,622,0.01047425080011638,0.008728542333430317
623,0.0069828338667442535,623,0.01047425080011638,0.008728542333430317
624,0.0069828338667442535,624,0.01047425080011638,0.008728542333430317
625,0.0069828338667442535,625,0.01047425080011638,0.008728542333430317
626,0.0069828338667442535,626,0.01047425080011638,0.008728542333430317
627,0.0069828338667442535,627,0.01047425080011638,0.008728542333430317
628,0.0069828338667442535,628,0.01047425080011638,0.008728542333430317
629,0.0069828338667442535,629,0.01047425080011638,0.008728542333430317
630,0.0069828338667442535,630,0.01047425080011638,0.008728542333430317
631,0.0069828338667442535,631,0.01047425080011638,0.008728542333430317
632,0.0069828338667442535,632,0.01047425080011638,0.008728542333430317
633,0.0069828338667442535,633,0.01047425080011638,0.008728542333430317
634,0.0069828338667442535,634,0.01047425080011638,0.008728542333430317
635,0.0069828338667442535,635,0.01047425080011638,0.008728542333430317
636,0.0069828338667442535,636,0.01047425080011638,0.008728542333430317
637,0.0069828338667442535,637,0.01047425080011638,0.008728542333430317
638,0.0069828338667442535,638,0.01047425080011638,0.008728542333430317
639,0.0069828338667442535,639,0.01047425080011638,0.008728542333430317
640,0.0069828338667442535,640,0.01047425080011638,0.008728542333430317
641,0.0069828338667442535,641,0.01047425080011638,0.008728542333430317
642,0.0069828338667442535,642,0.01047425080011638,0.008728542333430317
643,0.0069828338667442535,643,0.01047425080011638,0.008728542333430317
644,0.0069828338667442535,644,0.01047425080011638,0.008728542333430317
645,0.0069828338667442535,645,0.01047425080011638,0.008728542333430317
646,0.0069828338667442535,646,0.01047425080011638,0.008728542333430317
647,0.0069828338667442535,647,0.01047425080011638,0.008728542333430317
648,0.0069828338667442535,648,0.01047425080011638,0.008728542333430317
649,0.0069828338667442535,649,0.01047425080011638,0.008728542333430317
650,0.0069828338667442535,650,0.01047425080011638,0.008728542333430317
651,0.0069828338667442535,651,0.01047425080011638,0.008728542333430317
652,0.0069828338667442535,652,0.01047425080011638,0.008728542333430317
653,0.0069828338667442535,653,0.01047425080011638,0.008728542333430317
654,0.0069828338667442535,654,0.01047425080011638,0.008728542333430317
655,0.0069828338667442535,655,0.01047425080011638,0.008728542333430317
656,0.0069828338667442535,656,0.01047425080011638,0.008728542333430317
657,0.0069828338667442535,657,0.01047425080011638,0.008728542333430317
658,0.0069828338667442535,658,0.01047425080011638,0.008728542333430317
659,0.0069828338667442535,659,0.01047425080011638,0.008728542333430317
660,0.0069828338667442535,660,0.01047425080011638,0.008728542333430317
661,0.0069828338667442535,661,0.01047425080011638,0.008728542333430317
662,0.0069828338667442535,662,0.01047425080011638,0.008728542333430317
663,0.0069828338667442535,663,0.01047425080011638,0.008728542333430317
664,0.0069828338667442535,664,0.01047425080011638,0.008728542333430317
665,0.0069828338667442535,665,0.01047425080011638,0.008728542333430317
666,0.0069828338667442535,666,0.01047425080011638,0.008728542333430317
667,0.0069828338667442535,667,0.01047425080011638,0.008728542333430317
668,0.0069828338667442535,668,0.01047425080011638,0.008728542333430317
669,0.0069828338667442535,669,0.01047425080011638,0.008728542333430317
670,0.0069828338667442535,670,0.01047425080011638,0.008728542333430317
671,0.0069828338667442535,671,0.01047425080011638,0.008728542333430317
672,0.0069828338667442535,672,0.01047425080011638,0.008728542333430317
673,0.0069828338667442535,673,0.01047425080011638,0.008728542333430317
674,0.0069828338667442535,674,0.01047425080011638,0.008728542333430317
675,0.0069828338667442535,675,0.01047425080011638,0.008728542333430317
676,0.0069828338667442535,676,0.01047425080011638,0.008728542333430317
677,0.0069828338667442535,677,0.01047425080011638,0.008728542333430317
678,0.0069828338667442535,678,0.01047425080011638,0.008728542333430317
679,0.0069828338667442535,679,0.01047425080011638,0.008728542333430317
680,0.0069828338667442535,680,0.01047425080011638,0.008728542333430317
681,0.0069828338667442535,681,0.01047425080011638,0.008728542333430317
682,0.0069828338667442535,682,0.01047425080011638,0.008728542333430317
683,0.0069828338667442535,683,0.01047425080011638,0.008728542333430317
684,0.0069828338667442535,684,0.01047425080011638,0.008728542333430317
685,0.0069828338667442535,685,0.01047425080011638,0.008728542333430317
686,0.0069828338667442535,686,0.01047425080011638,0.008728542333430317
687,0.0069828338667442535,687,0.01047425080011638,0.008728542333430317
688,0.0069828338667442535,688,0.01047425080011638,0.008728542333430317
689,0.0069828338667442535,689,0.01047425080011638,0.008728542333430317
690,0.0069828338667442535,690,0.01047425080011638,0.008728542333430317
691,0.0069828338667442535,691,0.01047425080011638,0.008728542333430317
692,0.0069828338667442535,692,0.01047425080011638,0.008728542333430317
693,0.0069828338667442535,693,0.01047425080011638,0.008728542333430317
694,0.0069828338667442535,694,0.01047425080011638,0.008728542333430317
695,0.0069828338667442535,695,0.01047425080011638,0.008728542333430317
696,0.0069828338667442535,696,0.01047425080011638,0.008728542333430317
697,0.0069828338667442535,697,0.01047425080011638,0.008728542333430317
698,0.0069828338667442535,698,0.01047425080011638,0.008728542333430317
699,0.0069828338667442535,699,0.01047425080011638,0.008728542333430317
700,0.0069828338667442535,700,0.01047425080011638,0.008728542333430317
701,0.0069828338667442535,701,0.01047425080011638,0.008728542333430317
702,0.0069828338667442535,702,0.01047425080011638,0.008728542333430317
703,0.0069828338667442535,703,0.01047425080011638,0.008728542333430317
704,0.0069828338667442535,704,0.01047425080011638,0.008728542333430317
705,0.0069828338667442535,705,0.01047425080011638,0.008728542333430317
706,0.0069828338667442535,706,0.01047425080011638,0.008728542333430317
707,0.0069828338667442535,707,0.01047425080011638,0.008728542333430317
708,0.0069828338667442535,708,0.01047425080011638,0.008728542333430317
709,0.0069828338667442535,709,0.01047425080011638,0.008728542333430317
710,0.0069828338667442535,710,0.01047425080011638,0.008728542333430317
711,0.0069828338667442535,711,0.01047425080011638,0.008728542333430317
712,0.0069828338667442535,712,0.01047425080011638,0.008728542333430317
713,0.0069828338667442535,713,0.01047425080011638,0.008728542333430317
714,0.0069828338667442535,714,0.01047425080011638,0.008728542333430317
715,0.0069828338667442535,715,0.01047425080011638,0.008728542333430317
716,0.0069828338667442535,716,0.01047425080011638,0.008728542333430317
717,0.0069828338667442535,717,0.01047425080011638,0.008728542333430317
718,0.0069828338667442535,718,0.01047425080011638,0.008728542333430317
719,0.0069828338667442535,719,0.01047425080011638,0.008728542333430317
720,0.0069828338667442535,720,0.01047425080011638,0.008728542333430317
721,0.0069828338667442535,721,0.01047425080011638,0.008728542333430317
722,0.0069828338667442535,722,0.01047425080011638,0.008728542333430317
723,0.0069828338667442535,723,0.01047425080011638,0.008728542333430317
724,0.0069828338667442535,724,0.01047425080011638,0.008728542333430317
725,0.0069828338667442535,725,0.01047425080011638,0.008728542333430317
726,0.0069828338667442535,726,0.01047425080011638,0.008728542333430317
727,0.0069828338667442535,727,0.01047425080011638,0.008728542333430317
728,0.0069828338667442535,728,0.01047425080011638,0.008728542333430317
729,0.0069828338667442535,729,0.01047425080011638,0.008728542333430317
730,0.0069828338667442535,730,0.01047425080011638,0.008728542333430317
731,0.0069828338667442535,731,0.01047425080011638,0.008728542333430317
732,0.0069828338667442535,732,0.01047425080011638,0.008728542333430317
733,0.0069828338667442535,733,0.01047425080011638,0.008728542333430317
734,0.0069828338667442535,734,0.01047425080011638,0.008728542333430317
735,0.0069828338667442535,735,0.01047425080011638,0.008728542333430317
736,0.0069828338667442535,736,0.01047425080011638,0.008728542333430317
737,0.0069828338667442535,737,0.01047425080011638,0.008728542333430317
738,0.0069828338667442535,738,0.01047425080011638,0.008728542333430317
739,0.0069828338667442535,739,0.01047425080011638,0.008728542333430317
740,0.0069828338667442535,740,0.01047425080011638,0.008728542333430317
741,0.0069828338667442535,741,0.01047425080011638,0.008728542333430317
742,0.0069828338667442535,742,0.01047425080011638,0.008728542333430317
743,0.0069828338667442535,743,0.01047425080011638,0.008728542333430317
744,0.0069828338667442535,744,0.01047425080011638,0.008728542333430317
745,0.0069828338667442535,745,0.01047425080011638,0.008728542333430317
746,0.0069828338667442535,746,0.01047425080011638,0.008728542333430317
747,0.0069828338667442535,747,0.01047425080011638,0.008728542333430317
748,0.0069828338667442535,748,0.01047425080011638,0.008728542333430317
749,0.0069828338667442535,749,0.01047425080011638,0.008728542333430317
750,0.005819028222286878,750,0.008728542333430317,0.006400931044515566
751,0.005819028222286878,751,0.008728542333430317,0.006400931044515566
752,0.005819028222286878,752,0.008728542333430317,0.006400931044515566
753,0.005819028222286878,753,0.008728542333430317,0.006400931044515566
754,0.005819028222286878,754,0.008728542333430317,0.006400931044515566
755,0.005819028222286878,755,0.008728542333430317,0.006400931044515566
756,0.005819028222286878,756,0.008728542333430317,0.006400931044515566
757,0.005819028222286878,757,0.008728542333430317,0.006400931044515566
758,0.005819028222286878,758,0.008728542333430317,0.006400931044515566
759,0.005819028222286878,759,0.008728542333430317,0.006400931044515566
760,0.005819028222286878,760,0.008728542333430317,0.006400931044515566
761,0.005819028222286878,761,0.008728542333430317,0.006400931044515566
762,0.005819028222286878,762,0.008728542333430317,0.006400931044515566
763,0.005819028222286878,763,0.008728542333430317,0.006400931044515566
764,0.005819028222286878,764,0.008728542333430317,0.006400931044515566
765,0.005819028222286878,765,0.008728542333430317,0.006400931044515566
766,0.005819028222286878,766,0.008728542333430317,0.006400931044515566
767,0.005819028222286878,767,0.008728542333430317,0.006400931044515566
768,0.005819028222286878,768,0.008728542333430317,0.006400931044515566
769,0.005819028222286878,769,0.008728542333430317,0.006400931044515566
770,0.005819028222286878,770,0.008728542333430317,0.006400931044515566
771,0.005819028222286878,771,0.008728542333430317,0.006400931044515566
772,0.005819028222286878,772,0.008728542333430317,0.006400931044515566
773,0.005819028222286878,773,0.008728542333430317,0.006400931044515566
774,0.005819028222286878,774,0.008728542333430317,0.006400931044515566
775,0.005819028222286878,775,0.008728542333430317,0.006400931044515566
776,0.005819028222286878,776,0.008728542333430317,0.006400931044515566
777,0.005819028222286878,777,0.008728542333430317,0.006400931044515566
778,0.005819028222286878,778,0.008728542333430317,0.006400931044515566
779,0.005819028222286878,779,0.008728542333430317,0.006400931044515566
780,0.005819028222286878,780,0.008728542333430317,0.006400931044515566
781,0.005819028222286878,781,0.008728542333430317,0.006400931044515566
782,0.005819028222286878,782,0.008728542333430317,0.006400931044515566
783,0.005819028222286878,783,0.008728542333430317,0.006400931044515566
784,0.005819028222286878,784,0.008728542333430317,0.006400931044515566
785,0.005819028222286878,785,0.008728542333430317,0.006400931044515566
786,0.005819028222286878,786,0.008728542333430317,0.006400931044515566
787,0.005819028222286878,787,0.008728542333430317,0.006400931044515566
788,0.005819028222286878,788,0.008728542333430317,0.006400931044515566
789,0.005819028222286878,789,0.008728542333430317,0.006400931044515566
790,0.005819028222286878,790,0.008728542333430317,0.006400931044515566
791,0.005819028222286878,791,0.008728542333430317,0.006400931044515566
792,0.005819028222286878,792,0.008728542333430317,0.006400931044515566
793,0.005819028222286878,793,0.008728542333430317,0.006400931044515566
794,0.005819028222286878,794,0.008728542333430317,0.006400931044515566
795,0.005819028222286878,795,0.008728542333430317,0.006400931044515566
796,0.005819028222286878,796,0.008728542333430317,0.006400931044515566
797,0.005819028222286878,797,0.008728542333430317,0.006400931044515566
798,0.005819028222286878,798,0.008728542333430317,0.006400931044515566
799,0.005819028222286878,799,0.008728542333430317,0.006400931044515566
800,0.005819028222286878,800,0.008728542333430317,0.006400931044515566
801,0.005819028222286878,801,0.008728542333430317,0.006400931044515566
802,0.005819028222286878,802,0.008728542333430317,0.006400931044515566
803,0.005819028222286878,803,0.008728542333430317,0.006400931044515566
804,0.005819028222286878,804,0.008728542333430317,0.006400931044515566
805,0.005819028222286878,805,0.008728542333430317,0.006400931044515566
806,0.005819028222286878,806,0.008728542333430317,0.006400931044515566
807,0.005819028222286878,807,0.008728542333430317,0.006400931044515566
808,0.005819028222286878,808,0.008728542333430317,0.006400931044515566
809,0.005819028222286878,809,0.008728542333430317,0.006400931044515566
810,0.005819028222286878,810,0.008728542333430317,0.006400931044515566
811,0.005819028222286878,811,0.008728542333430317,0.006400931044515566
812,0.005819028222286878,812,0.008728542333430317,0.006400931044515566
813,0.005819028222286878,813,0.008728542333430317,0.006400931044515566
814,0.005819028222286878,814,0.008728542333430317,0.006400931044515566
815,0.005819028222286878,815,0.008728542333430317,0.006400931044515566
816,0.005819028222286878,816,0.008728542333430317,0.006400931044515566
817,0.005819028222286878,817,0.008728542333430317,0.006400931044515566
818,0.005819028222286878,818,0.008728542333430317,0.006400931044515566
819,0.005819028222286878,819,0.008728542333430317,0.006400931044515566
820,0.005819028222286878,820,0.008728542333430317,0.006400931044515566
821,0.005819028222286878,821,0.008728542333430317,0.006400931044515566
822,0.005819028222286878,822,0.008728542333430317,0.006400931044515566
823,0.005819028222286878,823,0.008728542333430317,0.006400931044515566
824,0.005819028222286878,824,0.008728542333430317,0.006400931044515566
825,0.005819028222286878,825,0.008728542333430317,0.006400931044515566
826,0.005819028222286878,826,0.008728542333430317,0.006400931044515566
827,0.005819028222286878,827,0.008728542333430317,0.006400931044515566
828,0.005819028222286878,828,0.008728542333430317,0.006400931044515566
829,0.005819028222286878,829,0.008728542333430317,0.006400931044515566
830,0.005819028222286878,830,0.008728542333430317,0.006400931044515566
831,0.005819028222286878,831,0.008728542333430317,0.006400931044515566
832,0.005819028222286878,832,0.008728542333430317,0.006400931044515566
833,0.005819028222286878,833,0.008728542333430317,0.006400931044515566
834,0.005819028222286878,834,0.008728542333430317,0.006400931044515566
835,0.005819028222286878,835,0.008728542333430317,0.006400931044515566
836,0.005819028222286878,836,0.008728542333430317,0.006400931044515566
837,0.005819028222286878,837,0.008728542333430317,0.006400931044515566
838,0.005819028222286878,838,0.008728542333430317,0.006400931044515566
839,0.005819028222286878,839,0.008728542333430317,0.006400931044515566
840,0.005819028222286878,840,0.008728542333430317,0.006400931044515566
841,0.005819028222286878,841,0.008728542333430317,0.006400931044515566
842,0.005819028222286878,842,0.008728542333430317,0.006400931044515566
843,0.005819028222286878,843,0.008728542333430317,0.006400931044515566
844,0.005819028222286878,844,0.008728542333430317,0.006400931044515566
845,0.005819028222286878,845,0.008728542333430317,0.006400931044515566
846,0.005819028222286878,846,0.008728542333430317,0.006400931044515566
847,0.005819028222286878,847,0.008728542333430317,0.006400931044515566
848,0.005819028222286878,848,0.008728542333430317,0.006400931044515566
849,0.005819028222286878,849,0.008728542333430317,0.006400931044515566
850,0.005819028222286878,850,0.008728542333430317,0.006400931044515566
851,0.005819028222286878,851,0.008728542333430317,0.006400931044515566
852,0.005819028222286878,852,0.008728542333430317,0.006400931044515566
853,0.005819028222286878,853,0.008728542333430317,0.006400931044515566
854,0.005819028222286878,854,0.008728542333430317,0.006400931044515566
855,0.005819028222286878,855,0.008728542333430317,0.006400931044515566
856,0.005819028222286878,856,0.008728542333430317,0.006400931044515566
857,0.005819028222286878,857,0.008728542333430317,0.006400931044515566
858,0.005819028222286878,858,0.008728542333430317,0.006400931044515566
859,0.005819028222286878,859,0.008728542333430317,0.006400931044515566
860,0.005819028222286878,860,0.008728542333430317,0.006400931044515566
861,0.005819028222286878,861,0.008728542333430317,0.006400931044515566
862,0.005819028222286878,862,0.008728542333430317,0.006400931044515566
863,0.005819028222286878,863,0.008728542333430317,0.006400931044515566
864,0.005819028222286878,864,0.008728542333430317,0.006400931044515566
865,0.005819028222286878,865,0.008728542333430317,0.006400931044515566
866,0.005819028222286878,866,0.008728542333430317,0.006400931044515566
867,0.005819028222286878,867,0.008728542333430317,0.006400931044515566
868,0.005819028222286878,868,0.008728542333430317,0.006400931044515566
869,0.005819028222286878,869,0.008728542333430317,0.006400931044515566
870,0.005819028222286878,870,0.008728542333430317,0.006400931044515566
871,0.005819028222286878,871,0.008728542333430317,0.006400931044515566
872,0.005819028222286878,872,0.008728542333430317,0.006400931044515566
873,0.005819028222286878,873,0.008728542333430317,0.006400931044515566
874,0.005819028222286878,874,0.008728542333430317,0.006400931044515566
875,0.005819028222286878,875,0.008728542333430317,0.006400931044515566
876,0.005819028222286878,876,0.008728542333430317,0.006400931044515566
877,0.005819028222286878,877,0.008728542333430317,0.006400931044515566
878,0.005819028222286878,878,0.008728542333430317,0.006400931044515566
879,0.005819028222286878,879,0.008728542333430317,0.006400931044515566
880,0.005819028222286878,880,0.008728542333430317,0.006400931044515566
881,0.005819028222286878,881,0.008728542333430317,0.006400931044515566
882,0.005819028222286878,882,0.008728542333430317,0.006400931044515566
883,0.005819028222286878,883,0.008728542333430317,0.006400931044515566
884,0.005819028222286878,884,0.008728542333430317,0.006400931044515566
885,0.005819028222286878,885,0.008728542333430317,0.006400931044515566
886,0.005819028222286878,886,0.008728542333430317,0.006400931044515566
887,0.005819028222286878,887,0.008728542333430317,0.006400931044515566
888,0.005819028222286878,888,0.008728542333430317,0.006400931044515566
889,0.005819028222286878,889,0.008728542333430317,0.006400931044515566
890,0.005819028222286878,890,0.008728542333430317,0.006400931044515566
891,0.005819028222286878,891,0.008728542333430317,0.006400931044515566
892,0.005819028222286878,892,0.008728542333430317,0.006400931044515566
893,0.005819028222286878,893,0.008728542333430317,0.006400931044515566
894,0.005819028222286878,894,0.008728542333430317,0.006400931044515566
895,0.005819028222286878,895,0.008728542333430317,0.006400931044515566
896,0.005819028222286878,896,0.008728542333430317,0.006400931044515566
897,0.005819028222286878,897,0.008728542333430317,0.006400931044515566
898,0.005819028222286878,898,0.008728542333430317,0.006400931044515566
899,0.005819028222286878,899,0.008728542333430317,0.006400931044515566
900,0.005819028222286878,900,0.008728542333430317,0.006400931044515566
901,0.005819028222286878,901,0.008728542333430317,0.006400931044515566
902,0.005819028222286878,902,0.008728542333430317,0.006400931044515566
903,0.005819028222286878,903,0.008728542333430317,0.006400931044515566
904,0.005819028222286878,904,0.008728542333430317,0.006400931044515566
905,0.005819028222286878,905,0.008728542333430317,0.006400931044515566
906,0.005819028222286878,906,0.008728542333430317,0.006400931044515566
907,0.005819028222286878,907,0.008728542333430317,0.006400931044515566
908,0.005819028222286878,908,0.008728542333430317,0.006400931044515566
909,0.005819028222286878,909,0.008728542333430317,0.006400931044515566
910,0.005819028222286878,910,0.008728542333430317,0.006400931044515566
911,0.005819028222286878,911,0.008728542333430317,0.006400931044515566
912,0.005819028222286878,912,0.008728542333430317,0.006400931044515566
913,0.005819028222286878,913,0.008728542333430317,0.006400931044515566
914,0.005819028222286878,914,0.008728542333430317,0.006400931044515566
915,0.005819028222286878,915,0.008728542333430317,0.006400931044515566
916,0.005819028222286878,916,0.008728542333430317,0.006400931044515566
917,0.005819028222286878,917,0.008728542333430317,0.006400931044515566
918,0.005819028222286878,918,0.008728542333430317,0.006400931044515566
919,0.005819028222286878,919,0.008728542333430317,0.006400931044515566
920,0.005819028222286878,920,0.008728542333430317,0.006400931044515566
921,0.005819028222286878,921,0.008728542333430317,0.006400931044515566
922,0.005819028222286878,922,0.008728542333430317,0.006400931044515566
923,0.005819028222286878,923,0.008728542333430317,0.006400931044515566
924,0.005819028222286878,924,0.008728542333430317,0.006400931044515566
925,0.005819028222286878,925,0.008728542333430317,0.006400931044515566
926,0.005819028222286878,926,0.008728542333430317,0.006400931044515566
927,0.005819028222286878,927,0.008728542333430317,0.006400931044515566
928,0.005819028222286878,928,0.008728542333430317,0.006400931044515566
929,0.005819028222286878,929,0.008728542333430317,0.006400931044515566
930,0.005819028222286878,930,0.008728542333430317,0.006400931044515566
931,0.005819028222286878,931,0.008728542333430317,0.006400931044515566
932,0.005819028222286878,932,0.008728542333430317,0.006400931044515566
933,0.005819028222286878,933,0.008728542333430317,0.006400931044515566
934,0.005819028222286878,934,0.008728542333430317,0.006400931044515566
935,0.005819028222286878,935,0.008728542333430317,0.006400931044515566
936,0.005819028222286878,936,0.008728542333430317,0.006400931044515566
937,0.005819028222286878,937,0.008728542333430317,0.006400931044515566
938,0.005819028222286878,938,0.008728542333430317,0.006400931044515566
939,0.005819028222286878,939,0.008728542333430317,0.006400931044515566
940,0.005819028222286878,940,0.008728542333430317,0.006400931044515566
941,0.005819028222286878,941,0.008728542333430317,0.006400931044515566
942,0.005819028222286878,942,0.008728542333430317,0.006400931044515566
943,0.005819028222286878,943,0.008728542333430317,0.006400931044515566
944,0.005819028222286878,944,0.008728542333430317,0.006400931044515566
945,0.005819028222286878,945,0.008728542333430317,0.006400931044515566
946,0.005819028222286878,946,0.008728542333430317,0.006400931044515566
947,0.005819028222286878,947,0.008728542333430317,0.006400931044515566
948,0.005819028222286878,948,0.008728542333430317,0.006400931044515566
949,0.005819028222286878,949,0.008728542333430317,0.006400931044515566
950,0.005819028222286878,950,0.008728542333430317,0.006400931044515566
951,0.005819028222286878,951,0.008728542333430317,0.006400931044515566
952,0.005819028222286878,952,0.008728542333430317,0.006400931044515566
953,0.005819028222286878,953,0.008728542333430317,0.006400931044515566
954,0.005819028222286878,954,0.008728542333430317,0.006400931044515566
955,0.005819028222286878,955,0.008728542333430317,0.006400931044515566
956,0.005819028222286878,956,0.008728542333430317,0.006400931044515566
957,0.005819028222286878,957,0.008728542333430317,0.006400931044515566
958,0.005819028222286878,958,0.008728542333430317,0.006400931044515566
959,0.005819028222286878,959,0.008728542333430317,0.006400931044515566
960,0.005819028222286878,960,0.008728542333430317,0.006400931044515566
961,0.005819028222286878,961,0.008728542333430317,0.006400931044515566
962,0.005819028222286878,962,0.008728542333430317,0.006400931044515566
963,0.005819028222286878,963,0.008728542333430317,0.006400931044515566
964,0.005819028222286878,964,0.008728542333430317,0.006400931044515566
965,0.005819028222286878,965,0.008728542333430317,0.006400931044515566
966,0.005819028222286878,966,0.008728542333430317,0.006400931044515566
967,0.005819028222286878,967,0.008728542333430317,0.006400931044515566
968,0.005819028222286878,968,0.008728542333430317,0.006400931044515566
969,0.005819028222286878,969,0.008728542333430317,0.006400931044515566
970,0.005819028222286878,970,0.008728542333430317,0.006400931044515566
971,0.005819028222286878,971,0.008728542333430317,0.006400931044515566
972,0.005819028222286878,972,0.008728542333430317,0.006400931044515566
973,0.005819028222286878,973,0.008728542333430317,0.006400931044515566
974,0.005819028222286878,974,0.008728542333430317,0.006400931044515566
975,0.005819028222286878,975,0.008728542333430317,0.006400931044515566
976,0.005819028222286878,976,0.008728542333430317,0.006400931044515566
977,0.005819028222286878,977,0.008728542333430317,0.006400931044515566
978,0.005819028222286878,978,0.008728542333430317,0.006400931044515566
979,0.005819028222286878,979,0.008728542333430317,0.006400931044515566
980,0.005819028222286878,980,0.008728542333430317,0.006400931044515566
981,0.005819028222286878,981,0.008728542333430317,0.006400931044515566
982,0.005819028222286878,982,0.008728542333430317,0.006400931044515566
983,0.005819028222286878,983,0.008728542333430317,0.006400931044515566
984,0.005819028222286878,984,0.008728542333430317,0.006400931044515566
985,0.005819028222286878,985,0.008728542333430317,0.006400931044515566
986,0.005819028222286878,986,0.008728542333430317,0.006400931044515566
987,0.005819028222286878,987,0.008728542333430317,0.006400931044515566
988,0.005819028222286878,988,0.008728542333430317,0.006400931044515566
989,0.005819028222286878,989,0.008728542333430317,0.006400931044515566
990,0.005819028222286878,990,0.008728542333430317,0.006400931044515566
991,0.005819028222286878,991,0.008728542333430317,0.006400931044515566
992,0.005819028222286878,992,0.008728542333430317,0.006400931044515566
993,0.005819028222286878,993,0.008728542333430317,0.006400931044515566
994,0.005819028222286878,994,0.008728542333430317,0.006400931044515566
995,0.005819028222286878,995,0.008728542333430317,0.006400931044515566
996,0.005819028222286878,996,0.008728542333430317,0.006400931044515566
997,0.005819028222286878,997,0.008728542333430317,0.006400931044515566
998,0.005819028222286878,998,0.008728542333430317,0.006400931044515566
999,0.005819028222286878,999,0.008728542333430317,0.006400931044515566
1000,0.005819028222286878,1000,0.008728542333430317,0.006109979633401222
1001,0.005819028222286878,1001,0.008728542333430317,0.006109979633401222
1002,0.005819028222286878,1002,0.008728542333430317,0.006109979633401222
1003,0.005819028222286878,1003,0.008728542333430317,0.006109979633401222
1004,0.005819028222286878,1004,0.008728542333430317,0.006109979633401222
1005,0.005819028222286878,1005,0.008728542333430317,0.006109979633401222
1006,0.005819028222286878,1006,0.008728542333430317,0.006109979633401222
1007,0.005819028222286878,1007,0.008728542333430317,0.006109979633401222
1008,0.005819028222286878,1008,0.008728542333430317,0.006109979633401222
1009,0.005819028222286878,1009,0.008728542333430317,0.006109979633401222
1010,0.005819028222286878,1010,0.008728542333430317,0.006109979633401222
1011,0.005819028222286878,1011,0.008728542333430317,0.006109979633401222
1012,0.005819028222286878,1012,0.008728542333430317,0.006109979633401222
1013,0.005819028222286878,1013,0.008728542333430317,0.006109979633401222
1014,0.005819028222286878,1014,0.008728542333430317,0.006109979633401222
1015,0.005819028222286878,1015,0.008728542333430317,0.006109979633401222
1016,0.005819028222286878,1016,0.008728542333430317,0.006109979633401222
1017,0.005819028222286878,1017,0.008728542333430317,0.006109979633401222
1018,0.005819028222286878,1018,0.008728542333430317,0.006109979633401222
1019,0.005819028222286878,1019,0.008728542333430317,0.006109979633401222
1020,0.005819028222286878,1020,0.008728542333430317,0.006109979633401222
1021,0.005819028222286878,1021,0.008728542333430317,0.006109979633401222
1022,0.005819028222286878,1022,0.008728542333430317,0.006109979633401222
1023,0.005819028222286878,1023,0.008728542333430317,0.006109979633401222
1024,0.005819028222286878,1024,0.008728542333430317,0.006109979633401222
1025,0.005819028222286878,1025,0.008728542333430317,0.006109979633401222
1026,0.005819028222286878,1026,0.008728542333430317,0.006109979633401222
1027,0.005819028222286878,1027,0.008728542333430317,0.006109979633401222
1028,0.005819028222286878,1028,0.008728542333430317,0.006109979633401222
1029,0.005819028222286878,1029,0.008728542333430317,0.006109979633401222
1030,0.005819028222286878,1030,0.008728542333430317,0.006109979633401222
1031,0.005819028222286878,1031,0.008728542333430317,0.006109979633401222
1032,0.005819028222286878,1032,0.008728542333430317,0.006109979633401222
1033,0.005819028222286878,1033,0.008728542333430317,0.006109979633401222
1034,0.005819028222286878,1034,0.008728542333430317,0.006109979633401222
1035,0.005819028222286878,1035,0.008728542333430317,0.006109979633401222
1036,0.005819028222286878,1036,0.008728542333430317,0.006109979633401222
1037,0.005819028222286878,1037,0.008728542333430317,0.006109979633401222
1038,0.005819028222286878,1038,0.008728542333430317,0.006109979633401222
1039,0.005819028222286878,1039,0.008728542333430317,0.006109979633401222
1040,0.005819028222286878,1040,0.008728542333430317,0.006109979633401222
1041,0.005819028222286878,1041,0.008728542333430317,0.006109979633401222
1042,0.005819028222286878,1042,0.008728542333430317,0.006109979633401222
1043,0.005819028222286878,1043,0.008728542333430317,0.006109979633401222
1044,0.005819028222286878,1044,0.008728542333430317,0.006109979633401222
1045,0.005819028222286878,1045,0.008728542333430317,0.006109979633401222
1046,0.005819028222286878,1046,0.008728542333430317,0.006109979633401222
1047,0.005819028222286878,1047,0.008728542333430317,0.006109979633401222
1048,0.005819028222286878,1048,0.008728542333430317,0.006109979633401222
1049,0.005819028222286878,1049,0.008728542333430317,0.006109979633401222
1050,0.005819028222286878,1050,0.008728542333430317,0.006109979633401222
1051,0.005819028222286878,1051,0.008728542333430317,0.006109979633401222
1052,0.005819028222286878,1052,0.008728542333430317,0.006109979633401222
1053,0.005819028222286878,1053,0.008728542333430317,0.006109979633401222
1054,0.005819028222286878,1054,0.008728542333430317,0.006109979633401222
1055,0.005819028222286878,1055,0.008728542333430317,0.006109979633401222
1056,0.005819028222286878,1056,0.008728542333430317,0.006109979633401222
1057,0.005819028222286878,1057,0.008728542333430317,0.006109979633401222
1058,0.005819028222286878,1058,0.008728542333430317,0.006109979633401222
1059,0.005819028222286878,1059,0.008728542333430317,0.006109979633401222
1060,0.005819028222286878,1060,0.008728542333430317,0.006109979633401222
1061,0.005819028222286878,1061,0.008728542333430317,0.006109979633401222
1062,0.005819028222286878,1062,0.008728542333430317,0.006109979633401222
1063,0.005819028222286878,1063,0.008728542333430317,0.006109979633401222
1064,0.005819028222286878,1064,0.008728542333430317,0.006109979633401222
1065,0.005819028222286878,1065,0.008728542333430317,0.006109979633401222
1066,0.005819028222286878,1066,0.008728542333430317,0.006109979633401222
1067,0.005819028222286878,1067,0.008728542333430317,0.006109979633401222
1068,0.005819028222286878,1068,0.008728542333430317,0.006109979633401222
1069,0.005819028222286878,1069,0.008728542333430317,0.006109979633401222
1070,0.005819028222286878,1070,0.008728542333430317,0.006109979633401222
1071,0.005819028222286878,1071,0.008728542333430317,0.006109979633401222
1072,0.005819028222286878,1072,0.008728542333430317,0.006109979633401222
1073,0.005819028222286878,1073,0.008728542333430317,0.006109979633401222
1074,0.005819028222286878,1074,0.008728542333430317,0.006109979633401222
1075,0.005819028222286878,1075,0.008728542333430317,0.006109979633401222
1076,0.005819028222286878,1076,0.008728542333430317,0.006109979633401222
1077,0.005819028222286878,1077,0.008728542333430317,0.006109979633401222
1078,0.005819028222286878,1078,0.008728542333430317,0.006109979633401222
1079,0.005819028222286878,1079,0.008728542333430317,0.006109979633401222
1080,0.005819028222286878,1080,0.008728542333430317,0.006109979633401222
1081,0.005819028222286878,1081,0.008728542333430317,0.006109979633401222
1082,0.005819028222286878,1082,0.008728542333430317,0.006109979633401222
1083,0.005819028222286878,1083,0.008728542333430317,0.006109979633401222
1084,0.005819028222286878,1084,0.008728542333430317,0.006109979633401222
1085,0.005819028222286878,1085,0.008728542333430317,0.006109979633401222
1086,0.005819028222286878,1086,0.008728542333430317,0.006109979633401222
1087,0.005819028222286878,1087,0.008728542333430317,0.006109979633401222
1088,0.005819028222286878,1088,0.008728542333430317,0.006109979633401222
1089,0.005819028222286878,1089,0.008728542333430317,0.006109979633401222
1090,0.005819028222286878,1090,0.008728542333430317,0.006109979633401222
1091,0.005819028222286878,1091,0.008728542333430317,0.006109979633401222
1092,0.005819028222286878,1092,0.008728542333430317,0.006109979633401222
1093,0.005819028222286878,1093,0.008728542333430317,0.006109979633401222
1094,0.005819028222286878,1094,0.008728542333430317,0.006109979633401222
1095,0.005819028222286878,1095,0.008728542333430317,0.006109979633401222
1096,0.005819028222286878,1096,0.008728542333430317,0.006109979633401222
1097,0.005819028222286878,1097,0.008728542333430317,0.006109979633401222
1098,0.005819028222286878,1098,0.008728542333430317,0.006109979633401222
1099,0.005819028222286878,1099,0.008728542333430317,0.006109979633401222
1100,0.005819028222286878,1100,0.008728542333430317,0.006109979633401222
1101,0.005819028222286878,1101,0.008728542333430317,0.006109979633401222
1102,0.005819028222286878,1102,0.008728542333430317,0.006109979633401222
1103,0.005819028222286878,1103,0.008728542333430317,0.006109979633401222
1104,0.005819028222286878,1104,0.008728542333430317,0.006109979633401222
1105,0.005819028222286878,1105,0.008728542333430317,0.006109979633401222
1106,0.005819028222286878,1106,0.008728542333430317,0.006109979633401222
1107,0.005819028222286878,1107,0.008728542333430317,0.006109979633401222
1108,0.005819028222286878,1108,0.008728542333430317,0.006109979633401222
1109,0.005819028222286878,1109,0.008728542333430317,0.006109979633401222
1110,0.005819028222286878,1110,0.008728542333430317,0.006109979633401222
1111,0.005819028222286878,1111,0.008728542333430317,0.006109979633401222
1112,0.005819028222286878,1112,0.008728542333430317,0.006109979633401222
1113,0.005819028222286878,1113,0.008728542333430317,0.006109979633401222
1114,0.005819028222286878,1114,0.008728542333430317,0.006109979633401222
1115,0.005819028222286878,1115,0.008728542333430317,0.006109979633401222
1116,0.005819028222286878,1116,0.008728542333430317,0.006109979633401222
1117,0.005819028222286878,1117,0.008728542333430317,0.006109979633401222
1118,0.005819028222286878,1118,0.008728542333430317,0.006109979633401222
1119,0.005819028222286878,1119,0.008728542333430317,0.006109979633401222
1120,0.005819028222286878,1120,0.008728542333430317,0.006109979633401222
1121,0.005819028222286878,1121,0.008728542333430317,0.006109979633401222
1122,0.005819028222286878,1122,0.008728542333430317,0.006109979633401222
1123,0.005819028222286878,1123,0.008728542333430317,0.006109979633401222
1124,0.005819028222286878,1124,0.008728542333430317,0.006109979633401222
1125,0.005819028222286878,1125,0.008728542333430317,0.006109979633401222
1126,0.005819028222286878,1126,0.008728542333430317,0.006109979633401222
1127,0.005819028222286878,1127,0.008728542333430317,0.006109979633401222
1128,0.005819028222286878,1128,0.008728542333430317,0.006109979633401222
1129,0.005819028222286878,1129,0.008728542333430317,0.006109979633401222
1130,0.005819028222286878,1130,0.008728542333430317,0.006109979633401222
1131,0.005819028222286878,1131,0.008728542333430317,0.006109979633401222
1132,0.005819028222286878,1132,0.008728542333430317,0.006109979633401222
1133,0.005819028222286878,1133,0.008728542333430317,0.006109979633401222
1134,0.005819028222286878,1134,0.008728542333430317,0.006109979633401222
1135,0.005819028222286878,1135,0.008728542333430317,0.006109979633401222
1136,0.005819028222286878,1136,0.008728542333430317,0.006109979633401222
1137,0.005819028222286878,1137,0.008728542333430317,0.006109979633401222
1138,0.005819028222286878,1138,0.008728542333430317,0.006109979633401222
1139,0.005819028222286878,1139,0.008728542333430317,0.006109979633401222
1140,0.005819028222286878,1140,0.008728542333430317,0.006109979633401222
1141,0.005819028222286878,1141,0.008728542333430317,0.006109979633401222
1142,0.005819028222286878,1142,0.008728542333430317,0.006109979633401222
1143,0.005819028222286878,1143,0.008728542333430317,0.006109979633401222
1144,0.005819028222286878,1144,0.008728542333430317,0.006109979633401222
1145,0.005819028222286878,1145,0.008728542333430317,0.006109979633401222
1146,0.005819028222286878,1146,0.008728542333430317,0.006109979633401222
1147,0.005819028222286878,1147,0.008728542333430317,0.006109979633401222
1148,0.005819028222286878,1148,0.008728542333430317,0.006109979633401222
1149,0.005819028222286878,1149,0.008728542333430317,0.006109979633401222
1150,0.005819028222286878,1150,0.008728542333430317,0.006109979633401222
1151,0.005819028222286878,1151,0.008728542333430317,0.006109979633401222
1152,0.005819028222286878,1152,0.008728542333430317,0.006109979633401222
1153,0.005819028222286878,1153,0.008728542333430317,0.006109979633401222
1154,0.005819028222286878,1154,0.008728542333430317,0.006109979633401222
1155,0.005819028222286878,1155,0.008728542333430317,0.006109979633401222
1156,0.005819028222286878,1156,0.008728542333430317,0.006109979633401222
1157,0.005819028222286878,1157,0.008728542333430317,0.006109979633401222
1158,0.005819028222286878,1158,0.008728542333430317,0.006109979633401222
1159,0.005819028222286878,1159,0.008728542333430317,0.006109979633401222
1160,0.005819028222286878,1160,0.008728542333430317,0.006109979633401222
1161,0.005819028222286878,1161,0.008728542333430317,0.006109979633401222
1162,0.005819028222286878,1162,0.008728542333430317,0.006109979633401222
1163,0.005819028222286878,1163,0.008728542333430317,0.006109979633401222
1164,0.005819028222286878,1164,0.008728542333430317,0.006109979633401222
1165,0.005819028222286878,1165,0.008728542333430317,0.006109979633401222
1166,0.005819028222286878,1166,0.008728542333430317,0.006109979633401222
1167,0.005819028222286878,1167,0.008728542333430317,0.006109979633401222
1168,0.005819028222286878,1168,0.008728542333430317,0.006109979633401222
1169,0.005819028222286878,1169,0.008728542333430317,0.006109979633401222
1170,0.005819028222286878,1170,0.008728542333430317,0.006109979633401222
1171,0.005819028222286878,1171,0.008728542333430317,0.006109979633401222
1172,0.005819028222286878,1172,0.008728542333430317,0.006109979633401222
1173,0.005819028222286878,1173,0.008728542333430317,0.006109979633401222
1174,0.005819028222286878,1174,0.008728542333430317,0.006109979633401222
1175,0.005819028222286878,1175,0.008728542333430317,0.006109979633401222
1176,0.005819028222286878,1176,0.008728542333430317,0.006109979633401222
1177,0.005819028222286878,1177,0.008728542333430317,0.006109979633401222
1178,0.005819028222286878,1178,0.008728542333430317,0.006109979633401222
1179,0.005819028222286878,1179,0.008728542333430317,0.006109979633401222
1180,0.005819028222286878,1180,0.008728542333430317,0.006109979633401222
1181,0.005819028222286878,1181,0.008728542333430317,0.006109979633401222
1182,0.005819028222286878,1182,0.008728542333430317,0.006109979633401222
1183,0.005819028222286878,1183,0.008728542333430317,0.006109979633401222
1184,0.005819028222286878,1184,0.008728542333430317,0.006109979633401222
1185,0.005819028222286878,1185,0.008728542333430317,0.006109979633401222
1186,0.005819028222286878,1186,0.008728542333430317,0.006109979633401222
1187,0.005819028222286878,1187,0.008728542333430317,0.006109979633401222
1188,0.005819028222286878,1188,0.008728542333430317,0.006109979633401222
1189,0.005819028222286878,1189,0.008728542333430317,0.006109979633401222
1190,0.005819028222286878,1190,0.008728542333430317,0.006109979633401222
1191,0.005819028222286878,1191,0.008728542333430317,0.006109979633401222
1192,0.005819028222286878,1192,0.008728542333430317,0.006109979633401222
1193,0.005819028222286878,1193,0.008728542333430317,0.006109979633401222
1194,0.005819028222286878,1194,0.008728542333430317,0.006109979633401222
1195,0.005819028222286878,1195,0.008728542333430317,0.006109979633401222
1196,0.005819028222286878,1196,0.008728542333430317,0.006109979633401222
1197,0.005819028222286878,1197,0.008728542333430317,0.006109979633401222
1198,0.005819028222286878,1198,0.008728542333430317,0.006109979633401222
1199,0.005819028222286878,1199,0.008728542333430317,0.006109979633401222
1200,0.005819028222286878,1200,0.008728542333430317,0.006109979633401222
1201,0.005819028222286878,1201,0.008728542333430317,0.006109979633401222
1202,0.005819028222286878,1202,0.008728542333430317,0.006109979633401222
1203,0.005819028222286878,1203,0.008728542333430317,0.006109979633401222
1204,0.005819028222286878,1204,0.008728542333430317,0.006109979633401222
1205,0.005819028222286878,1205,0.008728542333430317,0.006109979633401222
1206,0.005819028222286878,1206,0.008728542333430317,0.006109979633401222
1207,0.005819028222286878,1207,0.008728542333430317,0.006109979633401222
1208,0.005819028222286878,1208,0.008728542333430317,0.006109979633401222
1209,0.005819028222286878,1209,0.008728542333430317,0.006109979633401222
1210,0.005819028222286878,1210,0.008728542333430317,0.006109979633401222
1211,0.005819028222286878,1211,0.008728542333430317,0.006109979633401222
1212,0.005819028222286878,1212,0.008728542333430317,0.006109979633401222
1213,0.005819028222286878,1213,0.008728542333430317,0.006109979633401222
1214,0.005819028222286878,1214,0.008728542333430317,0.006109979633401222
1215,0.005819028222286878,1215,0.008728542333430317,0.006109979633401222
1216,0.005819028222286878,1216,0.008728542333430317,0.006109979633401222
1217,0.005819028222286878,1217,0.008728542333430317,0.006109979633401222
1218,0.005819028222286878,1218,0.008728542333430317,0.006109979633401222
1219,0.005819028222286878,1219,0.008728542333430317,0.006109979633401222
1220,0.005819028222286878,1220,0.008728542333430317,0.006109979633401222
1221,0.005819028222286878,1221,0.008728542333430317,0.006109979633401222
1222,0.005819028222286878,1222,0.008728542333430317,0.006109979633401222
1223,0.005819028222286878,1223,0.008728542333430317,0.006109979633401222
1224,0.005819028222286878,1224,0.008728542333430317,0.006109979633401222
1225,0.005819028222286878,1225,0.008728542333430317,0.006109979633401222
1226,0.005819028222286878,1226,0.008728542333430317,0.006109979633401222
1227,0.005819028222286878,1227,0.008728542333430317,0.006109979633401222
1228,0.005819028222286878,1228,0.008728542333430317,0.006109979633401222
1229,0.005819028222286878,1229,0.008728542333430317,0.006109979633401222
1230,0.005819028222286878,1230,0.008728542333430317,0.006109979633401222
1231,0.005819028222286878,1231,0.008728542333430317,0.006109979633401222
1232,0.005819028222286878,1232,0.008728542333430317,0.006109979633401222
1233,0.005819028222286878,1233,0.008728542333430317,0.006109979633401222
1234,0.005819028222286878,1234,0.008728542333430317,0.006109979633401222
1235,0.005819028222286878,1235,0.008728542333430317,0.006109979633401222
1236,0.005819028222286878,1236,0.008728542333430317,0.006109979633401222
1237,0.005819028222286878,1237,0.008728542333430317,0.006109979633401222
1238,0.005819028222286878,1238,0.008728542333430317,0.006109979633401222
1239,0.005819028222286878,1239,0.008728542333430317,0.006109979633401222
1240,0.005819028222286878,1240,0.008728542333430317,0.006109979633401222
1241,0.005819028222286878,1241,0.008728542333430317,0.006109979633401222
1242,0.005819028222286878,1242,0.008728542333430317,0.006109979633401222
1243,0.005819028222286878,1243,0.008728542333430317,0.006109979633401222
1244,0.005819028222286878,1244,0.008728542333430317,0.006109979633401222
1245,0.005819028222286878,1245,0.008728542333430317,0.006109979633401222
1246,0.005819028222286878,1246,0.008728542333430317,0.006109979633401222
1247,0.005819028222286878,1247,0.008728542333430317,0.006109979633401222
1248,0.005819028222286878,1248,0.008728542333430317,0.006109979633401222
1249,0.005819028222286878,1249,0.008728542333430317,0.006109979633401222
1250,0.005819028222286878,1250,0.008728542333430317,0.005819028222286878
1251,0.005819028222286878,1251,0.008728542333430317,0.005819028222286878
1252,0.005819028222286878,1252,0.008728542333430317,0.005819028222286878
1253,0.005819028222286878,1253,0.008728542333430317,0.005819028222286878
1254,0.005819028222286878,1254,0.008728542333430317,0.005819028222286878
1255,0.005819028222286878,1255,0.008728542333430317,0.005819028222286878
1256,0.005819028222286878,1256,0.008728542333430317,0.005819028222286878
1257,0.005819028222286878,1257,0.008728542333430317,0.005819028222286878
1258,0.005819028222286878,1258,0.008728542333430317,0.005819028222286878
1259,0.005819028222286878,1259,0.008728542333430317,0.005819028222286878
1260,0.005819028222286878,1260,0.008728542333430317,0.005819028222286878
1261,0.005819028222286878,1261,0.008728542333430317,0.005819028222286878
1262,0.005819028222286878,1262,0.008728542333430317,0.005819028222286878
1263,0.005819028222286878,1263,0.008728542333430317,0.005819028222286878
1264,0.005819028222286878,1264,0.008728542333430317,0.005819028222286878
1265,0.005819028222286878,1265,0.008728542333430317,0.005819028222286878
1266,0.005819028222286878,1266,0.008728542333430317,0.005819028222286878
1267,0.005819028222286878,1267,0.008728542333430317,0.005819028222286878
1268,0.005819028222286878,1268,0.008728542333430317,0.005819028222286878
1269,0.005819028222286878,1269,0.008728542333430317,0.005819028222286878
1270,0.005819028222286878,1270,0.008728542333430317,0.005819028222286878
1271,0.005819028222286878,1271,0.008728542333430317,0.005819028222286878
1272,0.005819028222286878,1272,0.008728542333430317,0.005819028222286878
1273,0.005819028222286878,1273,0.008728542333430317,0.005819028222286878
1274,0.005819028222286878,1274,0.008728542333430317,0.005819028222286878
1275,0.005819028222286878,1275,0.008728542333430317,0.005819028222286878
1276,0.005819028222286878,1276,0.008728542333430317,0.005819028222286878
1277,0.005819028222286878,1277,0.008728542333430317,0.005819028222286878
1278,0.005819028222286878,1278,0.008728542333430317,0.005819028222286878
1279,0.005819028222286878,1279,0.008728542333430317,0.005819028222286878
1280,0.005819028222286878,1280,0.008728542333430317,0.005819028222286878
1281,0.005819028222286878,1281,0.008728542333430317,0.005819028222286878
1282,0.005819028222286878,1282,0.008728542333430317,0.005819028222286878
1283,0.005819028222286878,1283,0.008728542333430317,0.005819028222286878
1284,0.005819028222286878,1284,0.008728542333430317,0.005819028222286878
1285,0.005819028222286878,1285,0.008728542333430317,0.005819028222286878
1286,0.005819028222286878,1286,0.008728542333430317,0.005819028222286878
1287,0.005819028222286878,1287,0.008728542333430317,0.005819028222286878
1288,0.005819028222286878,1288,0.008728542333430317,0.005819028222286878
1289,0.005819028222286878,1289,0.008728542333430317,0.005819028222286878
1290,0.005819028222286878,1290,0.008728542333430317,0.005819028222286878
1291,0.005819028222286878,1291,0.008728542333430317,0.005819028222286878
1292,0.005819028222286878,1292,0.008728542333430317,0.005819028222286878
1293,0.005819028222286878,1293,0.008728542333430317,0.005819028222286878
1294,0.005819028222286878,1294,0.008728542333430317,0.005819028222286878
1295,0.005819028222286878,1295,0.008728542333430317,0.005819028222286878
1296,0.005819028222286878,1296,0.008728542333430317,0.005819028222286878
1297,0.005819028222286878,1297,0.008728542333430317,0.005819028222286878
1298,0.005819028222286878,1298,0.008728542333430317,0.005819028222286878
1299,0.005819028222286878,1299,0.008728542333430317,0.005819028222286878
1300,0.005819028222286878,1300,0.008728542333430317,0.005819028222286878
1301,0.005819028222286878,1301,0.008728542333430317,0.005819028222286878
1302,0.005819028222286878,1302,0.008728542333430317,0.005819028222286878
1303,0.005819028222286878,1303,0.008728542333430317,0.005819028222286878
1304,0.005819028222286878,1304,0.008728542333430317,0.005819028222286878
1305,0.005819028222286878,1305,0.008728542333430317,0.005819028222286878
1306,0.005819028222286878,1306,0.008728542333430317,0.005819028222286878
1307,0.005819028222286878,1307,0.008728542333430317,0.005819028222286878
1308,0.005819028222286878,1308,0.008728542333430317,0.005819028222286878
1309,0.005819028222286878,1309,0.008728542333430317,0.005819028222286878
1310,0.005819028222286878,1310,0.008728542333430317,0.005819028222286878
1311,0.005819028222286878,1311,0.008728542333430317,0.005819028222286878
1312,0.005819028222286878,1312,0.008728542333430317,0.005819028222286878
1313,0.005819028222286878,1313,0.008728542333430317,0.005819028222286878
1314,0.005819028222286878,1314,0.008728542333430317,0.005819028222286878
1315,0.005819028222286878,1315,0.008728542333430317,0.005819028222286878
1316,0.005819028222286878,1316,0.008728542333430317,0.005819028222286878
1317,0.005819028222286878,1317,0.008728542333430317,0.005819028222286878
1318,0.005819028222286878,1318,0.008728542333430317,0.005819028222286878
1319,0.005819028222286878,1319,0.008728542333430317,0.005819028222286878
1320,0.005819028222286878,1320,0.008728542333430317,0.005819028222286878
1321,0.005819028222286878,1321,0.008728542333430317,0.005819028222286878
1322,0.005819028222286878,1322,0.008728542333430317,0.005819028222286878
1323,0.005819028222286878,1323,0.008728542333430317,0.005819028222286878
1324,0.005819028222286878,1324,0.008728542333430317,0.005819028222286878
1325,0.005819028222286878,1325,0.008728542333430317,0.005819028222286878
1326,0.005819028222286878,1326,0.008728542333430317,0.005819028222286878
1327,0.005819028222286878,1327,0.008728542333430317,0.005819028222286878
1328,0.005819028222286878,1328,0.008728542333430317,0.005819028222286878
1329,0.005819028222286878,1329,0.008728542333430317,0.005819028222286878
1330,0.005819028222286878,1330,0.008728542333430317,0.005819028222286878
1331,0.005819028222286878,1331,0.008728542333430317,0.005819028222286878
1332,0.005819028222286878,1332,0.008728542333430317,0.005819028222286878
1333,0.005819028222286878,1333,0.008728542333430317,0.005819028222286878
1334,0.005819028222286878,1334,0.008728542333430317,0.005819028222286878
1335,0.005819028222286878,1335,0.008728542333430317,0.005819028222286878
1336,0.005819028222286878,1336,0.008728542333430317,0.005819028222286878
1337,0.005819028222286878,1337,0.008728542333430317,0.005819028222286878
1338,0.005819028222286878,1338,0.008728542333430317,0.005819028222286878
1339,0.005819028222286878,1339,0.008728542333430317,0.005819028222286878
1340,0.005819028222286878,1340,0.008728542333430317,0.005819028222286878
1341,0.005819028222286878,1341,0.008728542333430317,0.005819028222286878
1342,0.005819028222286878,1342,0.008728542333430317,0.005819028222286878
1343,0.005819028222286878,1343,0.008728542333430317,0.005819028222286878
1344,0.005819028222286878,1344,0.008728542333430317,0.005819028222286878
1345,0.005819028222286878,1345,0.008728542333430317,0.005819028222286878
1346,0.005819028222286878,1346,0.008728542333430317,0.005819028222286878
1347,0.005819028222286878,1347,0.008728542333430317,0.005819028222286878
1348,0.005819028222286878,1348,0.008728542333430317,0.005819028222286878
1349,0.005819028222286878,1349,0.008728542333430317,0.005819028222286878
1350,0.005819028222286878,1350,0.008728542333430317,0.005819028222286878
1351,0.005819028222286878,1351,0.008728542333430317,0.005819028222286878
1352,0.005819028222286878,1352,0.008728542333430317,0.005819028222286878
1353,0.005819028222286878,1353,0.008728542333430317,0.005819028222286878
1354,0.005819028222286878,1354,0.008728542333430317,0.005819028222286878
1355,0.005819028222286878,1355,0.008728542333430317,0.005819028222286878
1356,0.005819028222286878,1356,0.008728542333430317,0.005819028222286878
1357,0.005819028222286878,1357,0.008728542333430317,0.005819028222286878
1358,0.005819028222286878,1358,0.008728542333430317,0.005819028222286878
1359,0.005819028222286878,1359,0.008728542333430317,0.005819028222286878
1360,0.005819028222286878,1360,0.008728542333430317,0.005819028222286878
1361,0.005819028222286878,1361,0.008728542333430317,0.005819028222286878
1362,0.005819028222286878,1362,0.008728542333430317,0.005819028222286878
1363,0.005819028222286878,1363,0.008728542333430317,0.005819028222286878
1364,0.005819028222286878,1364,0.008728542333430317,0.005819028222286878
1365,0.005819028222286878,1365,0.008728542333430317,0.005819028222286878
1366,0.005819028222286878,1366,0.008728542333430317,0.005819028222286878
1367,0.005819028222286878,1367,0.008728542333430317,0.005819028222286878
1368,0.005819028222286878,1368,0.008728542333430317,0.005819028222286878
1369,0.005819028222286878,1369,0.008728542333430317,0.005819028222286878
1370,0.005819028222286878,1370,0.008728542333430317,0.005819028222286878
1371,0.005819028222286878,1371,0.008728542333430317,0.005819028222286878
1372,0.005819028222286878,1372,0.008728542333430317,0.005819028222286878
1373,0.005819028222286878,1373,0.008728542333430317,0.005819028222286878
1374,0.005819028222286878,1374,0.008728542333430317,0.005819028222286878
1375,0.005819028222286878,1375,0.008728542333430317,0.005819028222286878
1376,0.005819028222286878,1376,0.008728542333430317,0.005819028222286878
1377,0.005819028222286878,1377,0.008728542333430317,0.005819028222286878
1378,0.005819028222286878,1378,0.008728542333430317,0.005819028222286878
1379,0.005819028222286878,1379,0.008728542333430317,0.005819028222286878
1380,0.005819028222286878,1380,0.008728542333430317,0.005819028222286878
1381,0.005819028222286878,1381,0.008728542333430317,0.005819028222286878
1382,0.005819028222286878,1382,0.008728542333430317,0.005819028222286878
1383,0.005819028222286878,1383,0.008728542333430317,0.005819028222286878
1384,0.005819028222286878,1384,0.008728542333430317,0.005819028222286878
1385,0.005819028222286878,1385,0.008728542333430317,0.005819028222286878
1386,0.005819028222286878,1386,0.008728542333430317,0.005819028222286878
1387,0.005819028222286878,1387,0.008728542333430317,0.005819028222286878
1388,0.005819028222286878,1388,0.008728542333430317,0.005819028222286878
1389,0.005819028222286878,1389,0.008728542333430317,0.005819028222286878
1390,0.005819028222286878,1390,0.008728542333430317,0.005819028222286878
1391,0.005819028222286878,1391,0.008728542333430317,0.005819028222286878
1392,0.005819028222286878,1392,0.008728542333430317,0.005819028222286878
1393,0.005819028222286878,1393,0.008728542333430317,0.005819028222286878
1394,0.005819028222286878,1394,0.008728542333430317,0.005819028222286878
1395,0.005819028222286878,1395,0.008728542333430317,0.005819028222286878
1396,0.005819028222286878,1396,0.008728542333430317,0.005819028222286878
1397,0.005819028222286878,1397,0.008728542333430317,0.005819028222286878
1398,0.005819028222286878,1398,0.008728542333430317,0.005819028222286878
1399,0.005819028222286878,1399,0.008728542333430317,0.005819028222286878
1400,0.005819028222286878,1400,0.008728542333430317,0.005819028222286878
1401,0.005819028222286878,1401,0.008728542333430317,0.005819028222286878
1402,0.005819028222286878,1402,0.008728542333430317,0.005819028222286878
1403,0.005819028222286878,1403,0.008728542333430317,0.005819028222286878
1404,0.005819028222286878,1404,0.008728542333430317,0.005819028222286878
1405,0.005819028222286878,1405,0.008728542333430317,0.005819028222286878
1406,0.005819028222286878,1406,0.008728542333430317,0.005819028222286878
1407,0.005819028222286878,1407,0.008728542333430317,0.005819028222286878
1408,0.005819028222286878,1408,0.008728542333430317,0.005819028222286878
1409,0.005819028222286878,1409,0.008728542333430317,0.005819028222286878
1410,0.005819028222286878,1410,0.008728542333430317,0.005819028222286878
1411,0.005819028222286878,1411,0.008728542333430317,0.005819028222286878
1412,0.005819028222286878,1412,0.008728542333430317,0.005819028222286878
1413,0.005819028222286878,1413,0.008728542333430317,0.005819028222286878
1414,0.005819028222286878,1414,0.008728542333430317,0.005819028222286878
1415,0.005819028222286878,1415,0.008728542333430317,0.005819028222286878
1416,0.005819028222286878,1416,0.008728542333430317,0.005819028222286878
1417,0.005819028222286878,1417,0.008728542333430317,0.005819028222286878
1418,0.005819028222286878,1418,0.008728542333430317,0.005819028222286878
1419,0.005819028222286878,1419,0.008728542333430317,0.005819028222286878
1420,0.005819028222286878,1420,0.008728542333430317,0.005819028222286878
1421,0.005819028222286878,1421,0.008728542333430317,0.005819028222286878
1422,0.005819028222286878,1422,0.008728542333430317,0.005819028222286878
1423,0.005819028222286878,1423,0.008728542333430317,0.005819028222286878
1424,0.005819028222286878,1424,0.008728542333430317,0.005819028222286878
1425,0.005819028222286878,1425,0.008728542333430317,0.005819028222286878
1426,0.005819028222286878,1426,0.008728542333430317,0.005819028222286878
1427,0.005819028222286878,1427,0.008728542333430317,0.005819028222286878
1428,0.005819028222286878,1428,0.008728542333430317,0.005819028222286878
1429,0.005819028222286878,1429,0.008728542333430317,0.005819028222286878
1430,0.005819028222286878,1430,0.008728542333430317,0.005819028222286878
1431,0.005819028222286878,1431,0.008728542333430317,0.005819028222286878
1432,0.005819028222286878,1432,0.008728542333430317,0.005819028222286878
1433,0.005819028222286878,1433,0.008728542333430317,0.005819028222286878
1434,0.005819028222286878,1434,0.008728542333430317,0.005819028222286878
1435,0.005819028222286878,1435,0.008728542333430317,0.005819028222286878
1436,0.005819028222286878,1436,0.008728542333430317,0.005819028222286878
1437,0.005819028222286878,1437,0.008728542333430317,0.005819028222286878
1438,0.005819028222286878,1438,0.008728542333430317,0.005819028222286878
1439,0.005819028222286878,1439,0.008728542333430317,0.005819028222286878
1440,0.005819028222286878,1440,0.008728542333430317,0.005819028222286878
1441,0.005819028222286878,1441,0.008728542333430317,0.005819028222286878
1442,0.005819028222286878,1442,0.008728542333430317,0.005819028222286878
1443,0.005819028222286878,1443,0.008728542333430317,0.005819028222286878
1444,0.005819028222286878,1444,0.008728542333430317,0.005819028222286878
1445,0.005819028222286878,1445,0.008728542333430317,0.005819028222286878
1446,0.005819028222286878,1446,0.008728542333430317,0.005819028222286878
1447,0.005819028222286878,1447,0.008728542333430317,0.005819028222286878
1448,0.005819028222286878,1448,0.008728542333430317,0.005819028222286878
1449,0.005819028222286878,1449,0.008728542333430317,0.005819028222286878
1450,0.005819028222286878,1450,0.008728542333430317,0.005819028222286878
1451,0.005819028222286878,1451,0.008728542333430317,0.005819028222286878
1452,0.005819028222286878,1452,0.008728542333430317,0.005819028222286878
1453,0.005819028222286878,1453,0.008728542333430317,0.005819028222286878
1454,0.005819028222286878,1454,0.008728542333430317,0.005819028222286878
1455,0.005819028222286878,1455,0.008728542333430317,0.005819028222286878
1456,0.005819028222286878,1456,0.008728542333430317,0.005819028222286878
1457,0.005819028222286878,1457,0.008728542333430317,0.005819028222286878
1458,0.005819028222286878,1458,0.008728542333430317,0.005819028222286878
1459,0.005819028222286878,1459,0.008728542333430317,0.005819028222286878
1460,0.005819028222286878,1460,0.008728542333430317,0.005819028222286878
1461,0.005819028222286878,1461,0.008728542333430317,0.005819028222286878
1462,0.005819028222286878,1462,0.008728542333430317,0.005819028222286878
1463,0.005819028222286878,1463,0.008728542333430317,0.005819028222286878
1464,0.005819028222286878,1464,0.008728542333430317,0.005819028222286878
1465,0.005819028222286878,1465,0.008728542333430317,0.005819028222286878
1466,0.005819028222286878,1466,0.008728542333430317,0.005819028222286878
1467,0.005819028222286878,1467,0.008728542333430317,0.005819028222286878
1468,0.005819028222286878,1468,0.008728542333430317,0.005819028222286878
1469,0.005819028222286878,1469,0.008728542333430317,0.005819028222286878
1470,0.005819028222286878,1470,0.008728542333430317,0.005819028222286878
1471,0.005819028222286878,1471,0.008728542333430317,0.005819028222286878
1472,0.005819028222286878,1472,0.008728542333430317,0.005819028222286878
1473,0.005819028222286878,1473,0.008728542333430317,0.005819028222286878
1474,0.005819028222286878,1474,0.008728542333430317,0.005819028222286878
1475,0.005819028222286878,1475,0.008728542333430317,0.005819028222286878
1476,0.005819028222286878,1476,0.008728542333430317,0.005819028222286878
1477,0.005819028222286878,1477,0.008728542333430317,0.005819028222286878
1478,0.005819028222286878,1478,0.008728542333430317,0.005819028222286878
1479,0.005819028222286878,1479,0.008728542333430317,0.005819028222286878
1480,0.005819028222286878,1480,0.008728542333430317,0.005819028222286878
1481,0.005819028222286878,1481,0.008728542333430317,0.005819028222286878
1482,0.005819028222286878,1482,0.008728542333430317,0.005819028222286878
1483,0.005819028222286878,1483,0.008728542333430317,0.005819028222286878
1484,0.005819028222286878,1484,0.008728542333430317,0.005819028222286878
1485,0.005819028222286878,1485,0.008728542333430317,0.005819028222286878
1486,0.005819028222286878,1486,0.008728542333430317,0.005819028222286878
1487,0.005819028222286878,1487,0.008728542333430317,0.005819028222286878
1488,0.005819028222286878,1488,0.008728542333430317,0.005819028222286878
1489,0.005819028222286878,1489,0.008728542333430317,0.005819028222286878
1490,0.005819028222286878,1490,0.008728542333430317,0.005819028222286878
1491,0.005819028222286878,1491,0.008728542333430317,0.005819028222286878
1492,0.005819028222286878,1492,0.008728542333430317,0.005819028222286878
1493,0.005819028222286878,1493,0.008728542333430317,0.005819028222286878
1494,0.005819028222286878,1494,0.008728542333430317,0.005819028222286878
1495,0.005819028222286878,1495,0.008728542333430317,0.005819028222286878
1496,0.005819028222286878,1496,0.008728542333430317,0.005819028222286878
1497,0.005819028222286878,1497,0.008728542333430317,0.005819028222286878
1498,0.005819028222286878,1498,0.008728542333430317,0.005819028222286878
1499,0.005819028222286878,1499,0.008728542333430317,0.005819028222286878
1500,0.005819028222286878,1500,0.008728542333430317,0.005819028222286878
1501,0.005819028222286878,1501,0.008728542333430317,0.005819028222286878
1502,0.005819028222286878,1502,0.008728542333430317,0.005819028222286878
1503,0.005819028222286878,1503,0.008728542333430317,0.005819028222286878
1504,0.005819028222286878,1504,0.008728542333430317,0.005819028222286878
1505,0.005819028222286878,1505,0.008728542333430317,0.005819028222286878
1506,0.005819028222286878,1506,0.008728542333430317,0.005819028222286878
1507,0.005819028222286878,1507,0.008728542333430317,0.005819028222286878
1508,0.005819028222286878,1508,0.008728542333430317,0.005819028222286878
1509,0.005819028222286878,1509,0.008728542333430317,0.005819028222286878
1510,0.005819028222286878,1510,0.008728542333430317,0.005819028222286878
1511,0.005819028222286878,1511,0.008728542333430317,0.005819028222286878
1512,0.005819028222286878,1512,0.008728542333430317,0.005819028222286878
1513,0.005819028222286878,1513,0.008728542333430317,0.005819028222286878
1514,0.005819028222286878,1514,0.008728542333430317,0.005819028222286878
1515,0.005819028222286878,1515,0.008728542333430317,0.005819028222286878
1516,0.005819028222286878,1516,0.008728542333430317,0.005819028222286878
1517,0.005819028222286878,1517,0.008728542333430317,0.005819028222286878
1518,0.005819028222286878,1518,0.008728542333430317,0.005819028222286878
1519,0.005819028222286878,1519,0.008728542333430317,0.005819028222286878
1520,0.005819028222286878,1520,0.008728542333430317,0.005819028222286878
1521,0.005819028222286878,1521,0.008728542333430317,0.005819028222286878
1522,0.005819028222286878,1522,0.008728542333430317,0.005819028222286878
1523,0.005819028222286878,1523,0.008728542333430317,0.005819028222286878
1524,0.005819028222286878,1524,0.008728542333430317,0.005819028222286878
1525,0.005819028222286878,1525,0.008728542333430317,0.005819028222286878
1526,0.005819028222286878,1526,0.008728542333430317,0.005819028222286878
1527,0.005819028222286878,1527,0.008728542333430317,0.005819028222286878
1528,0.005819028222286878,1528,0.008728542333430317,0.005819028222286878
1529,0.005819028222286878,1529,0.008728542333430317,0.005819028222286878
1530,0.005819028222286878,1530,0.008728542333430317,0.005819028222286878
1531,0.005819028222286878,1531,0.008728542333430317,0.005819028222286878
1532,0.005819028222286878,1532,0.008728542333430317,0.005819028222286878
1533,0.005819028222286878,1533,0.008728542333430317,0.005819028222286878
1534,0.005819028222286878,1534,0.008728542333430317,0.005819028222286878
1535,0.005819028222286878,1535,0.008728542333430317,0.005819028222286878
1536,0.005819028222286878,1536,0.008728542333430317,0.005819028222286878
1537,0.005819028222286878,1537,0.008728542333430317,0.005819028222286878
1538,0.005819028222286878,1538,0.008728542333430317,0.005819028222286878
1539,0.005819028222286878,1539,0.008728542333430317,0.005819028222286878
1540,0.005819028222286878,1540,0.008728542333430317,0.005819028222286878
1541,0.005819028222286878,1541,0.008728542333430317,0.005819028222286878
1542,0.005819028222286878,1542,0.008728542333430317,0.005819028222286878
1543,0.005819028222286878,1543,0.008728542333430317,0.005819028222286878
1544,0.005819028222286878,1544,0.008728542333430317,0.005819028222286878
1545,0.005819028222286878,1545,0.008728542333430317,0.005819028222286878
1546,0.005819028222286878,1546,0.008728542333430317,0.005819028222286878
1547,0.005819028222286878,1547,0.008728542333430317,0.005819028222286878
1548,0.005819028222286878,1548,0.008728542333430317,0.005819028222286878
1549,0.005819028222286878,1549,0.008728542333430317,0.005819028222286878
1550,0.005819028222286878,1550,0.008728542333430317,0.005819028222286878
1551,0.005819028222286878,1551,0.008728542333430317,0.005819028222286878
1552,0.005819028222286878,1552,0.008728542333430317,0.005819028222286878
1553,0.005819028222286878,1553,0.008728542333430317,0.005819028222286878
1554,0.005819028222286878,1554,0.008728542333430317,0.005819028222286878
1555,0.005819028222286878,1555,0.008728542333430317,0.005819028222286878
1556,0.005819028222286878,1556,0.008728542333430317,0.005819028222286878
1557,0.005819028222286878,1557,0.008728542333430317,0.005819028222286878
1558,0.005819028222286878,1558,0.008728542333430317,0.005819028222286878
1559,0.005819028222286878,1559,0.008728542333430317,0.005819028222286878
1560,0.005819028222286878,1560,0.008728542333430317,0.005819028222286878
1561,0.005819028222286878,1561,0.008728542333430317,0.005819028222286878
1562,0.005819028222286878,1562,0.008728542333430317,0.005819028222286878
1563,0.005819028222286878,1563,0.008728542333430317,0.005819028222286878
1564,0.005819028222286878,1564,0.008728542333430317,0.005819028222286878
1565,0.005819028222286878,1565,0.008728542333430317,0.005819028222286878
1566,0.005819028222286878,1566,0.008728542333430317,0.005819028222286878
1567,0.005819028222286878,1567,0.008728542333430317,0.005819028222286878
1568,0.005819028222286878,1568,0.008728542333430317,0.005819028222286878
1569,0.005819028222286878,1569,0.008728542333430317,0.005819028222286878
1570,0.005819028222286878,1570,0.008728542333430317,0.005819028222286878
1571,0.005819028222286878,1571,0.008728542333430317,0.005819028222286878
1572,0.005819028222286878,1572,0.008728542333430317,0.005819028222286878
1573,0.005819028222286878,1573,0.008728542333430317,0.005819028222286878
1574,0.005819028222286878,1574,0.008728542333430317,0.005819028222286878
1575,0.005819028222286878,1575,0.008728542333430317,0.005819028222286878
1576,0.005819028222286878,1576,0.008728542333430317,0.005819028222286878
1577,0.005819028222286878,1577,0.008728542333430317,0.005819028222286878
1578,0.005819028222286878,1578,0.008728542333430317,0.005819028222286878
1579,0.005819028222286878,1579,0.008728542333430317,0.005819028222286878
1580,0.005819028222286878,1580,0.008728542333430317,0.005819028222286878
1581,0.005819028222286878,1581,0.008728542333430317,0.005819028222286878
1582,0.005819028222286878,1582,0.008728542333430317,0.005819028222286878
1583,0.005819028222286878,1583,0.008728542333430317,0.005819028222286878
1584,0.005819028222286878,1584,0.008728542333430317,0.005819028222286878
1585,0.005819028222286878,1585,0.008728542333430317,0.005819028222286878
1586,0.005819028222286878,1586,0.008728542333430317,0.005819028222286878
1587,0.005819028222286878,1587,0.008728542333430317,0.005819028222286878
1588,0.005819028222286878,1588,0.008728542333430317,0.005819028222286878
1589,0.005819028222286878,1589,0.008728542333430317,0.005819028222286878
1590,0.005819028222286878,1590,0.008728542333430317,0.005819028222286878
1591,0.005819028222286878,1591,0.008728542333430317,0.005819028222286878
1592,0.005819028222286878,1592,0.008728542333430317,0.005819028222286878
1593,0.005819028222286878,1593,0.008728542333430317,0.005819028222286878
1594,0.005819028222286878,1594,0.008728542333430317,0.005819028222286878
1595,0.005819028222286878,1595,0.008728542333430317,0.005819028222286878
1596,0.005819028222286878,1596,0.008728542333430317,0.005819028222286878
1597,0.005819028222286878,1597,0.008728542333430317,0.005819028222286878
1598,0.005819028222286878,1598,0.008728542333430317,0.005819028222286878
1599,0.005819028222286878,1599,0.008728542333430317,0.005819028222286878
1600,0.005819028222286878,1600,0.008728542333430317,0.005819028222286878
1601,0.005819028222286878,1601,0.008728542333430317,0.005819028222286878
1602,0.005819028222286878,1602,0.008728542333430317,0.005819028222286878
1603,0.005819028222286878,1603,0.008728542333430317,0.005819028222286878
1604,0.005819028222286878,1604,0.008728542333430317,0.005819028222286878
1605,0.005819028222286878,1605,0.008728542333430317,0.005819028222286878
1606,0.005819028222286878,1606,0.008728542333430317,0.005819028222286878
1607,0.005819028222286878,1607,0.008728542333430317,0.005819028222286878
1608,0.005819028222286878,1608,0.008728542333430317,0.005819028222286878
1609,0.005819028222286878,1609,0.008728542333430317,0.005819028222286878
1610,0.005819028222286878,1610,0.008728542333430317,0.005819028222286878
1611,0.005819028222286878,1611,0.008728542333430317,0.005819028222286878
1612,0.005819028222286878,1612,0.008728542333430317,0.005819028222286878
1613,0.005819028222286878,1613,0.008728542333430317,0.005819028222286878
1614,0.005819028222286878,1614,0.008728542333430317,0.005819028222286878
1615,0.005819028222286878,1615,0.008728542333430317,0.005819028222286878
1616,0.005819028222286878,1616,0.008728542333430317,0.005819028222286878
1617,0.005819028222286878,1617,0.008728542333430317,0.005819028222286878
1618,0.005819028222286878,1618,0.008728542333430317,0.005819028222286878
1619,0.005819028222286878,1619,0.008728542333430317,0.005819028222286878
1620,0.005819028222286878,1620,0.008728542333430317,0.005819028222286878
1621,0.005819028222286878,1621,0.008728542333430317,0.005819028222286878
1622,0.005819028222286878,1622,0.008728542333430317,0.005819028222286878
1623,0.005819028222286878,1623,0.008728542333430317,0.005819028222286878
1624,0.005819028222286878,1624,0.008728542333430317,0.005819028222286878
1625,0.005819028222286878,1625,0.008728542333430317,0.005819028222286878
1626,0.005819028222286878,1626,0.008728542333430317,0.005819028222286878
1627,0.005819028222286878,1627,0.008728542333430317,0.005819028222286878
1628,0.005819028222286878,1628,0.008728542333430317,0.005819028222286878
1629,0.005819028222286878,1629,0.008728542333430317,0.005819028222286878
1630,0.005819028222286878,1630,0.008728542333430317,0.005819028222286878
1631,0.005819028222286878,1631,0.008728542333430317,0.005819028222286878
1632,0.005819028222286878,1632,0.008728542333430317,0.005819028222286878
1633,0.005819028222286878,1633,0.008728542333430317,0.005819028222286878
1634,0.005819028222286878,1634,0.008728542333430317,0.005819028222286878
1635,0.005819028222286878,1635,0.008728542333430317,0.005819028222286878
1636,0.005819028222286878,1636,0.008728542333430317,0.005819028222286878
1637,0.005819028222286878,1637,0.008728542333430317,0.005819028222286878
1638,0.005819028222286878,1638,0.008728542333430317,0.005819028222286878
1639,0.005819028222286878,1639,0.008728542333430317,0.005819028222286878
1640,0.005819028222286878,1640,0.008728542333430317,0.005819028222286878
1641,0.005819028222286878,1641,0.008728542333430317,0.005819028222286878
1642,0.005819028222286878,1642,0.008728542333430317,0.005819028222286878
1643,0.005819028222286878,1643,0.008728542333430317,0.005819028222286878
1644,0.005819028222286878,1644,0.008728542333430317,0.005819028222286878
1645,0.005819028222286878,1645,0.008728542333430317,0.005819028222286878
1646,0.005819028222286878,1646,0.008728542333430317,0.005819028222286878
1647,0.005819028222286878,1647,0.008728542333430317,0.005819028222286878
1648,0.005819028222286878,1648,0.008728542333430317,0.005819028222286878
1649,0.005819028222286878,1649,0.008728542333430317,0.005819028222286878
1650,0.005819028222286878,1650,0.008728542333430317,0.005819028222286878
1651,0.005819028222286878,1651,0.008728542333430317,0.005819028222286878
1652,0.005819028222286878,1652,0.008728542333430317,0.005819028222286878
1653,0.005819028222286878,1653,0.008728542333430317,0.005819028222286878
1654,0.005819028222286878,1654,0.008728542333430317,0.005819028222286878
1655,0.005819028222286878,1655,0.008728542333430317,0.005819028222286878
1656,0.005819028222286878,1656,0.008728542333430317,0.005819028222286878
1657,0.005819028222286878,1657,0.008728542333430317,0.005819028222286878
1658,0.005819028222286878,1658,0.008728542333430317,0.005819028222286878
1659,0.005819028222286878,1659,0.008728542333430317,0.005819028222286878
1660,0.005819028222286878,1660,0.008728542333430317,0.005819028222286878
1661,0.005819028222286878,1661,0.008728542333430317,0.005819028222286878
1662,0.005819028222286878,1662,0.008728542333430317,0.005819028222286878
1663,0.005819028222286878,1663,0.008728542333430317,0.005819028222286878
1664,0.005819028222286878,1664,0.008728542333430317,0.005819028222286878
1665,0.005819028222286878,1665,0.008728542333430317,0.005819028222286878
1666,0.005819028222286878,1666,0.008728542333430317,0.005819028222286878
1667,0.005819028222286878,1667,0.008728542333430317,0.005819028222286878
1668,0.005819028222286878,1668,0.008728542333430317,0.005819028222286878
1669,0.005819028222286878,1669,0.008728542333430317,0.005819028222286878
1670,0.005819028222286878,1670,0.008728542333430317,0.005819028222286878
1671,0.005819028222286878,1671,0.008728542333430317,0.005819028222286878
1672,0.005819028222286878,1672,0.008728542333430317,0.005819028222286878
1673,0.005819028222286878,1673,0.008728542333430317,0.005819028222286878
1674,0.005819028222286878,1674,0.008728542333430317,0.005819028222286878
1675,0.005819028222286878,1675,0.008728542333430317,0.005819028222286878
1676,0.005819028222286878,1676,0.008728542333430317,0.005819028222286878
1677,0.005819028222286878,1677,0.008728542333430317,0.005819028222286878
1678,0.005819028222286878,1678,0.008728542333430317,0.005819028222286878
1679,0.005819028222286878,1679,0.008728542333430317,0.005819028222286878
1680,0.005819028222286878,1680,0.008728542333430317,0.005819028222286878
1681,0.005819028222286878,1681,0.008728542333430317,0.005819028222286878
1682,0.005819028222286878,1682,0.008728542333430317,0.005819028222286878
1683,0.005819028222286878,1683,0.008728542333430317,0.005819028222286878
1684,0.005819028222286878,1684,0.008728542333430317,0.005819028222286878
1685,0.005819028222286878,1685,0.008728542333430317,0.005819028222286878
1686,0.005819028222286878,1686,0.008728542333430317,0.005819028222286878
1687,0.005819028222286878,1687,0.008728542333430317,0.005819028222286878
1688,0.005819028222286878,1688,0.008728542333430317,0.005819028222286878
1689,0.005819028222286878,1689,0.008728542333430317,0.005819028222286878
1690,0.005819028222286878,1690,0.008728542333430317,0.005819028222286878
1691,0.005819028222286878,1691,0.008728542333430317,0.005819028222286878
1692,0.005819028222286878,1692,0.008728542333430317,0.005819028222286878
1693,0.005819028222286878,1693,0.008728542333430317,0.005819028222286878
1694,0.005819028222286878,1694,0.008728542333430317,0.005819028222286878
1695,0.005819028222286878,1695,0.008728542333430317,0.005819028222286878
1696,0.005819028222286878,1696,0.008728542333430317,0.005819028222286878
1697,0.005819028222286878,1697,0.008728542333430317,0.005819028222286878
1698,0.005819028222286878,1698,0.008728542333430317,0.005819028222286878
1699,0.005819028222286878,1699,0.008728542333430317,0.005819028222286878
1700,0.005819028222286878,1700,0.008728542333430317,0.005819028222286878
1701,0.005819028222286878,1701,0.008728542333430317,0.005819028222286878
1702,0.005819028222286878,1702,0.008728542333430317,0.005819028222286878
1703,0.005819028222286878,1703,0.008728542333430317,0.005819028222286878
1704,0.005819028222286878,1704,0.008728542333430317,0.005819028222286878
1705,0.005819028222286878,1705,0.008728542333430317,0.005819028222286878
1706,0.005819028222286878,1706,0.008728542333430317,0.005819028222286878
1707,0.005819028222286878,1707,0.008728542333430317,0.005819028222286878
1708,0.005819028222286878,1708,0.008728542333430317,0.005819028222286878
1709,0.005819028222286878,1709,0.008728542333430317,0.005819028222286878
1710,0.005819028222286878,1710,0.008728542333430317,0.005819028222286878
1711,0.005819028222286878,1711,0.008728542333430317,0.005819028222286878
1712,0.005819028222286878,1712,0.008728542333430317,0.005819028222286878
1713,0.005819028222286878,1713,0.008728542333430317,0.005819028222286878
1714,0.005819028222286878,1714,0.008728542333430317,0.005819028222286878
1715,0.005819028222286878,1715,0.008728542333430317,0.005819028222286878
1716,0.005819028222286878,1716,0.008728542333430317,0.005819028222286878
1717,0.005819028222286878,1717,0.008728542333430317,0.005819028222286878
1718,0.005819028222286878,1718,0.008728542333430317,0.005819028222286878
1719,0.005819028222286878,1719,0.008728542333430317,0.005819028222286878
1720,0.005819028222286878,1720,0.008728542333430317,0.005819028222286878
1721,0.005819028222286878,1721,0.008728542333430317,0.005819028222286878
1722,0.005819028222286878,1722,0.008728542333430317,0.005819028222286878
1723,0.005819028222286878,1723,0.008728542333430317,0.005819028222286878
1724,0.005819028222286878,1724,0.008728542333430317,0.005819028222286878
1725,0.005819028222286878,1725,0.008728542333430317,0.005819028222286878
1726,0.005819028222286878,1726,0.008728542333430317,0.005819028222286878
1727,0.005819028222286878,1727,0.008728542333430317,0.005819028222286878
1728,0.005819028222286878,1728,0.008728542333430317,0.005819028222286878
1729,0.005819028222286878,1729,0.008728542333430317,0.005819028222286878
1730,0.005819028222286878,1730,0.008728542333430317,0.005819028222286878
1731,0.005819028222286878,1731,0.008728542333430317,0.005819028222286878
1732,0.005819028222286878,1732,0.008728542333430317,0.005819028222286878
1733,0.005819028222286878,1733,0.008728542333430317,0.005819028222286878
1734,0.005819028222286878,1734,0.008728542333430317,0.005819028222286878
1735,0.005819028222286878,1735,0.008728542333430317,0.005819028222286878
1736,0.005819028222286878,1736,0.008728542333430317,0.005819028222286878
1737,0.005819028222286878,1737,0.008728542333430317,0.005819028222286878
1738,0.005819028222286878,1738,0.008728542333430317,0.005819028222286878
1739,0.005819028222286878,1739,0.008728542333430317,0.005819028222286878
1740,0.005819028222286878,1740,0.008728542333430317,0.005819028222286878
1741,0.005819028222286878,1741,0.008728542333430317,0.005819028222286878
1742,0.005819028222286878,1742,0.008728542333430317,0.005819028222286878
1743,0.005819028222286878,1743,0.008728542333430317,0.005819028222286878
1744,0.005819028222286878,1744,0.008728542333430317,0.005819028222286878
1745,0.005819028222286878,1745,0.008728542333430317,0.005819028222286878
1746,0.005819028222286878,1746,0.008728542333430317,0.005819028222286878
1747,0.005819028222286878,1747,0.008728542333430317,0.005819028222286878
1748,0.005819028222286878,1748,0.008728542333430317,0.005819028222286878
1749,0.005819028222286878,1749,0.008728542333430317,0.005819028222286878
1750,0.005819028222286878,1750,0.008728542333430317,0.005819028222286878
1751,0.005819028222286878,1751,0.008728542333430317,0.005819028222286878
1752,0.005819028222286878,1752,0.008728542333430317,0.005819028222286878
1753,0.005819028222286878,1753,0.008728542333430317,0.005819028222286878
1754,0.005819028222286878,1754,0.008728542333430317,0.005819028222286878
1755,0.005819028222286878,1755,0.008728542333430317,0.005819028222286878
1756,0.005819028222286878,1756,0.008728542333430317,0.005819028222286878
1757,0.005819028222286878,1757,0.008728542333430317,0.005819028222286878
1758,0.005819028222286878,1758,0.008728542333430317,0.005819028222286878
1759,0.005819028222286878,1759,0.008728542333430317,0.005819028222286878
1760,0.005819028222286878,1760,0.008728542333430317,0.005819028222286878
1761,0.005819028222286878,1761,0.008728542333430317,0.005819028222286878
1762,0.005819028222286878,1762,0.008728542333430317,0.005819028222286878
1763,0.005819028222286878,1763,0.008728542333430317,0.005819028222286878
1764,0.005819028222286878,1764,0.008728542333430317,0.005819028222286878
1765,0.005819028222286878,1765,0.008728542333430317,0.005819028222286878
1766,0.005819028222286878,1766,0.008728542333430317,0.005819028222286878
1767,0.005819028222286878,1767,0.008728542333430317,0.005819028222286878
1768,0.005819028222286878,1768,0.008728542333430317,0.005819028222286878
1769,0.005819028222286878,1769,0.008728542333430317,0.005819028222286878
1770,0.005819028222286878,1770,0.008728542333430317,0.005819028222286878
1771,0.005819028222286878,1771,0.008728542333430317,0.005819028222286878
1772,0.005819028222286878,1772,0.008728542333430317,0.005819028222286878
1773,0.005819028222286878,1773,0.008728542333430317,0.005819028222286878
1774,0.005819028222286878,1774,0.008728542333430317,0.005819028222286878
1775,0.005819028222286878,1775,0.008728542333430317,0.005819028222286878
1776,0.005819028222286878,1776,0.008728542333430317,0.005819028222286878
1777,0.005819028222286878,1777,0.008728542333430317,0.005819028222286878
1778,0.005819028222286878,1778,0.008728542333430317,0.005819028222286878
1779,0.005819028222286878,1779,0.008728542333430317,0.005819028222286878
1780,0.005819028222286878,1780,0.008728542333430317,0.005819028222286878
1781,0.005819028222286878,1781,0.008728542333430317,0.005819028222286878
1782,0.005819028222286878,1782,0.008728542333430317,0.005819028222286878
1783,0.005819028222286878,1783,0.008728542333430317,0.005819028222286878
1784,0.005819028222286878,1784,0.008728542333430317,0.005819028222286878
1785,0.005819028222286878,1785,0.008728542333430317,0.005819028222286878
1786,0.005819028222286878,1786,0.008728542333430317,0.005819028222286878
1787,0.005819028222286878,1787,0.008728542333430317,0.005819028222286878
1788,0.005819028222286878,1788,0.008728542333430317,0.005819028222286878
1789,0.005819028222286878,1789,0.008728542333430317,0.005819028222286878
1790,0.005819028222286878,1790,0.008728542333430317,0.005819028222286878
1791,0.005819028222286878,1791,0.008728542333430317,0.005819028222286878
1792,0.005819028222286878,1792,0.008728542333430317,0.005819028222286878
1793,0.005819028222286878,1793,0.008728542333430317,0.005819028222286878
1794,0.005819028222286878,1794,0.008728542333430317,0.005819028222286878
1795,0.005819028222286878,1795,0.008728542333430317,0.005819028222286878
1796,0.005819028222286878,1796,0.008728542333430317,0.005819028222286878
1797,0.005819028222286878,1797,0.008728542333430317,0.005819028222286878
1798,0.005819028222286878,1798,0.008728542333430317,0.005819028222286878
1799,0.005819028222286878,1799,0.008728542333430317,0.005819028222286878
1800,0.005819028222286878,1800,0.008728542333430317,0.005819028222286878
1801,0.005819028222286878,1801,0.008728542333430317,0.005819028222286878
1802,0.005819028222286878,1802,0.008728542333430317,0.005819028222286878
1803,0.005819028222286878,1803,0.008728542333430317,0.005819028222286878
1804,0.005819028222286878,1804,0.008728542333430317,0.005819028222286878
1805,0.005819028222286878,1805,0.008728542333430317,0.005819028222286878
1806,0.005819028222286878,1806,0.008728542333430317,0.005819028222286878
1807,0.005819028222286878,1807,0.008728542333430317,0.005819028222286878
1808,0.005819028222286878,1808,0.008728542333430317,0.005819028222286878
1809,0.005819028222286878,1809,0.008728542333430317,0.005819028222286878
1810,0.005819028222286878,1810,0.008728542333430317,0.005819028222286878
1811,0.005819028222286878,1811,0.008728542333430317,0.005819028222286878
1812,0.005819028222286878,1812,0.008728542333430317,0.005819028222286878
1813,0.005819028222286878,1813,0.008728542333430317,0.005819028222286878
1814,0.005819028222286878,1814,0.008728542333430317,0.005819028222286878
1815,0.005819028222286878,1815,0.008728542333430317,0.005819028222286878
1816,0.005819028222286878,1816,0.008728542333430317,0.005819028222286878
1817,0.005819028222286878,1817,0.008728542333430317,0.005819028222286878
1818,0.005819028222286878,1818,0.008728542333430317,0.005819028222286878
1819,0.005819028222286878,1819,0.008728542333430317,0.005819028222286878
1820,0.005819028222286878,1820,0.008728542333430317,0.005819028222286878
1821,0.005819028222286878,1821,0.008728542333430317,0.005819028222286878
1822,0.005819028222286878,1822,0.008728542333430317,0.005819028222286878
1823,0.005819028222286878,1823,0.008728542333430317,0.005819028222286878
1824,0.005819028222286878,1824,0.008728542333430317,0.005819028222286878
1825,0.005819028222286878,1825,0.008728542333430317,0.005819028222286878
1826,0.005819028222286878,1826,0.008728542333430317,0.005819028222286878
1827,0.005819028222286878,1827,0.008728542333430317,0.005819028222286878
1828,0.005819028222286878,1828,0.008728542333430317,0.005819028222286878
1829,0.005819028222286878,1829,0.008728542333430317,0.005819028222286878
1830,0.005819028222286878,1830,0.008728542333430317,0.005819028222286878
1831,0.005819028222286878,1831,0.008728542333430317,0.005819028222286878
1832,0.005819028222286878,1832,0.008728542333430317,0.005819028222286878
1833,0.005819028222286878,1833,0.008728542333430317,0.005819028222286878
1834,0.005819028222286878,1834,0.008728542333430317,0.005819028222286878
1835,0.005819028222286878,1835,0.008728542333430317,0.005819028222286878
1836,0.005819028222286878,1836,0.008728542333430317,0.005819028222286878
1837,0.005819028222286878,1837,0.008728542333430317,0.005819028222286878
1838,0.005819028222286878,1838,0.008728542333430317,0.005819028222286878
1839,0.005819028222286878,1839,0.008728542333430317,0.005819028222286878
1840,0.005819028222286878,1840,0.008728542333430317,0.005819028222286878
1841,0.005819028222286878,1841,0.008728542333430317,0.005819028222286878
1842,0.005819028222286878,1842,0.008728542333430317,0.005819028222286878
1843,0.005819028222286878,1843,0.008728542333430317,0.005819028222286878
1844,0.005819028222286878,1844,0.008728542333430317,0.005819028222286878
1845,0.005819028222286878,1845,0.008728542333430317,0.005819028222286878
1846,0.005819028222286878,1846,0.008728542333430317,0.005819028222286878
1847,0.005819028222286878,1847,0.008728542333430317,0.005819028222286878
1848,0.005819028222286878,1848,0.008728542333430317,0.005819028222286878
1849,0.005819028222286878,1849,0.008728542333430317,0.005819028222286878
1850,0.005819028222286878,1850,0.008728542333430317,0.005819028222286878
1851,0.005819028222286878,1851,0.008728542333430317,0.005819028222286878
1852,0.005819028222286878,1852,0.008728542333430317,0.005819028222286878
1853,0.005819028222286878,1853,0.008728542333430317,0.005819028222286878
1854,0.005819028222286878,1854,0.008728542333430317,0.005819028222286878
1855,0.005819028222286878,1855,0.008728542333430317,0.005819028222286878
1856,0.005819028222286878,1856,0.008728542333430317,0.005819028222286878
1857,0.005819028222286878,1857,0.008728542333430317,0.005819028222286878
1858,0.005819028222286878,1858,0.008728542333430317,0.005819028222286878
1859,0.005819028222286878,1859,0.008728542333430317,0.005819028222286878
1860,0.005819028222286878,1860,0.008728542333430317,0.005819028222286878
1861,0.005819028222286878,1861,0.008728542333430317,0.005819028222286878
1862,0.005819028222286878,1862,0.008728542333430317,0.005819028222286878
1863,0.005819028222286878,1863,0.008728542333430317,0.005819028222286878
1864,0.005819028222286878,1864,0.008728542333430317,0.005819028222286878
1865,0.005819028222286878,1865,0.008728542333430317,0.005819028222286878
1866,0.005819028222286878,1866,0.008728542333430317,0.005819028222286878
1867,0.005819028222286878,1867,0.008728542333430317,0.005819028222286878
1868,0.005819028222286878,1868,0.008728542333430317,0.005819028222286878
1869,0.005819028222286878,1869,0.008728542333430317,0.005819028222286878
1870,0.005819028222286878,1870,0.008728542333430317,0.005819028222286878
1871,0.005819028222286878,1871,0.008728542333430317,0.005819028222286878
1872,0.005819028222286878,1872,0.008728542333430317,0.005819028222286878
1873,0.005819028222286878,1873,0.008728542333430317,0.005819028222286878
1874,0.005819028222286878,1874,0.008728542333430317,0.005819028222286878
1875,0.005819028222286878,1875,0.008728542333430317,0.005819028222286878
1876,0.005819028222286878,1876,0.008728542333430317,0.005819028222286878
1877,0.005819028222286878,1877,0.008728542333430317,0.005819028222286878
1878,0.005819028222286878,1878,0.008728542333430317,0.005819028222286878
1879,0.005819028222286878,1879,0.008728542333430317,0.005819028222286878
1880,0.005819028222286878,1880,0.008728542333430317,0.005819028222286878
1881,0.005819028222286878,1881,0.008728542333430317,0.005819028222286878
1882,0.005819028222286878,1882,0.008728542333430317,0.005819028222286878
1883,0.005819028222286878,1883,0.008728542333430317,0.005819028222286878
1884,0.005819028222286878,1884,0.008728542333430317,0.005819028222286878
1885,0.005819028222286878,1885,0.008728542333430317,0.005819028222286878
1886,0.005819028222286878,1886,0.008728542333430317,0.005819028222286878
1887,0.005819028222286878,1887,0.008728542333430317,0.005819028222286878
1888,0.005819028222286878,1888,0.008728542333430317,0.005819028222286878
1889,0.005819028222286878,1889,0.008728542333430317,0.005819028222286878
1890,0.005819028222286878,1890,0.008728542333430317,0.005819028222286878
1891,0.005819028222286878,1891,0.008728542333430317,0.005819028222286878
1892,0.005819028222286878,1892,0.008728542333430317,0.005819028222286878
1893,0.005819028222286878,1893,0.008728542333430317,0.005819028222286878
1894,0.005819028222286878,1894,0.008728542333430317,0.005819028222286878
1895,0.005819028222286878,1895,0.008728542333430317,0.005819028222286878
1896,0.005819028222286878,1896,0.008728542333430317,0.005819028222286878
1897,0.005819028222286878,1897,0.008728542333430317,0.005819028222286878
1898,0.005819028222286878,1898,0.008728542333430317,0.005819028222286878
1899,0.005819028222286878,1899,0.008728542333430317,0.005819028222286878
1900,0.005819028222286878,1900,0.008728542333430317,0.005819028222286878
1901,0.005819028222286878,1901,0.008728542333430317,0.005819028222286878
1902,0.005819028222286878,1902,0.008728542333430317,0.005819028222286878
1903,0.005819028222286878,1903,0.008728542333430317,0.005819028222286878
1904,0.005819028222286878,1904,0.008728542333430317,0.005819028222286878
1905,0.005819028222286878,1905,0.008728542333430317,0.005819028222286878
1906,0.005819028222286878,1906,0.008728542333430317,0.005819028222286878
1907,0.005819028222286878,1907,0.008728542333430317,0.005819028222286878
1908,0.005819028222286878,1908,0.008728542333430317,0.005819028222286878
1909,0.005819028222286878,1909,0.008728542333430317,0.005819028222286878
1910,0.005819028222286878,1910,0.008728542333430317,0.005819028222286878
1911,0.005819028222286878,1911,0.008728542333430317,0.005819028222286878
1912,0.005819028222286878,1912,0.008728542333430317,0.005819028222286878
1913,0.005819028222286878,1913,0.008728542333430317,0.005819028222286878
1914,0.005819028222286878,1914,0.008728542333430317,0.005819028222286878
1915,0.005819028222286878,1915,0.008728542333430317,0.005819028222286878
1916,0.005819028222286878,1916,0.008728542333430317,0.005819028222286878
1917,0.005819028222286878,1917,0.008728542333430317,0.005819028222286878
1918,0.005819028222286878,1918,0.008728542333430317,0.005819028222286878
1919,0.005819028222286878,1919,0.008728542333430317,0.005819028222286878
1920,0.005819028222286878,1920,0.008728542333430317,0.005819028222286878
1921,0.005819028222286878,1921,0.008728542333430317,0.005819028222286878
1922,0.005819028222286878,1922,0.008728542333430317,0.005819028222286878
1923,0.005819028222286878,1923,0.008728542333430317,0.005819028222286878
1924,0.005819028222286878,1924,0.008728542333430317,0.005819028222286878
1925,0.005819028222286878,1925,0.008728542333430317,0.005819028222286878
1926,0.005819028222286878,1926,0.008728542333430317,0.005819028222286878
1927,0.005819028222286878,1927,0.008728542333430317,0.005819028222286878
1928,0.005819028222286878,1928,0.008728542333430317,0.005819028222286878
1929,0.005819028222286878,1929,0.008728542333430317,0.005819028222286878
1930,0.005819028222286878,1930,0.008728542333430317,0.005819028222286878
1931,0.005819028222286878,1931,0.008728542333430317,0.005819028222286878
1932,0.005819028222286878,1932,0.008728542333430317,0.005819028222286878
1933,0.005819028222286878,1933,0.008728542333430317,0.005819028222286878
1934,0.005819028222286878,1934,0.008728542333430317,0.005819028222286878
1935,0.005819028222286878,1935,0.008728542333430317,0.005819028222286878
1936,0.005819028222286878,1936,0.008728542333430317,0.005819028222286878
1937,0.005819028222286878,1937,0.008728542333430317,0.005819028222286878
1938,0.005819028222286878,1938,0.008728542333430317,0.005819028222286878
1939,0.005819028222286878,1939,0.008728542333430317,0.005819028222286878
1940,0.005819028222286878,1940,0.008728542333430317,0.005819028222286878
1941,0.005819028222286878,1941,0.008728542333430317,0.005819028222286878
1942,0.005819028222286878,1942,0.008728542333430317,0.005819028222286878
1943,0.005819028222286878,1943,0.008728542333430317,0.005819028222286878
1944,0.005819028222286878,1944,0.008728542333430317,0.005819028222286878
1945,0.005819028222286878,1945,0.008728542333430317,0.005819028222286878
1946,0.005819028222286878,1946,0.008728542333430317,0.005819028222286878
1947,0.005819028222286878,1947,0.008728542333430317,0.005819028222286878
1948,0.005819028222286878,1948,0.008728542333430317,0.005819028222286878
1949,0.005819028222286878,1949,0.008728542333430317,0.005819028222286878
1950,0.005819028222286878,1950,0.008728542333430317,0.005819028222286878
1951,0.005819028222286878,1951,0.008728542333430317,0.005819028222286878
1952,0.005819028222286878,1952,0.008728542333430317,0.005819028222286878
1953,0.005819028222286878,1953,0.008728542333430317,0.005819028222286878
1954,0.005819028222286878,1954,0.008728542333430317,0.005819028222286878
1955,0.005819028222286878,1955,0.008728542333430317,0.005819028222286878
1956,0.005819028222286878,1956,0.008728542333430317,0.005819028222286878
1957,0.005819028222286878,1957,0.008728542333430317,0.005819028222286878
1958,0.005819028222286878,1958,0.008728542333430317,0.005819028222286878
1959,0.005819028222286878,1959,0.008728542333430317,0.005819028222286878
1960,0.005819028222286878,1960,0.008728542333430317,0.005819028222286878
1961,0.005819028222286878,1961,0.008728542333430317,0.005819028222286878
1962,0.005819028222286878,1962,0.008728542333430317,0.005819028222286878
1963,0.005819028222286878,1963,0.008728542333430317,0.005819028222286878
1964,0.005819028222286878,1964,0.008728542333430317,0.005819028222286878
1965,0.005819028222286878,1965,0.008728542333430317,0.005819028222286878
1966,0.005819028222286878,1966,0.008728542333430317,0.005819028222286878
1967,0.005819028222286878,1967,0.008728542333430317,0.005819028222286878
1968,0.005819028222286878,1968,0.008728542333430317,0.005819028222286878
1969,0.005819028222286878,1969,0.008728542333430317,0.005819028222286878
1970,0.005819028222286878,1970,0.008728542333430317,0.005819028222286878
1971,0.005819028222286878,1971,0.008728542333430317,0.005819028222286878
1972,0.005819028222286878,1972,0.008728542333430317,0.005819028222286878
1973,0.005819028222286878,1973,0.008728542333430317,0.005819028222286878
1974,0.005819028222286878,1974,0.008728542333430317,0.005819028222286878
1975,0.005819028222286878,1975,0.008728542333430317,0.005819028222286878
1976,0.005819028222286878,1976,0.008728542333430317,0.005819028222286878
1977,0.005819028222286878,1977,0.008728542333430317,0.005819028222286878
1978,0.005819028222286878,1978,0.008728542333430317,0.005819028222286878
1979,0.005819028222286878,1979,0.008728542333430317,0.005819028222286878
1980,0.005819028222286878,1980,0.008728542333430317,0.005819028222286878
1981,0.005819028222286878,1981,0.008728542333430317,0.005819028222286878
1982,0.005819028222286878,1982,0.008728542333430317,0.005819028222286878
1983,0.005819028222286878,1983,0.008728542333430317,0.005819028222286878
1984,0.005819028222286878,1984,0.008728542333430317,0.005819028222286878
1985,0.005819028222286878,1985,0.008728542333430317,0.005819028222286878
1986,0.005819028222286878,1986,0.008728542333430317,0.005819028222286878
1987,0.005819028222286878,1987,0.008728542333430317,0.005819028222286878
1988,0.005819028222286878,1988,0.008728542333430317,0.005819028222286878
1989,0.005819028222286878,1989,0.008728542333430317,0.005819028222286878
1990,0.005819028222286878,1990,0.008728542333430317,0.005819028222286878
1991,0.005819028222286878,1991,0.008728542333430317,0.005819028222286878
1992,0.005819028222286878,1992,0.008728542333430317,0.005819028222286878
1993,0.005819028222286878,1993,0.008728542333430317,0.005819028222286878
1994,0.005819028222286878,1994,0.008728542333430317,0.005819028222286878
1995,0.005819028222286878,1995,0.008728542333430317,0.005819028222286878
1996,0.005819028222286878,1996,0.008728542333430317,0.005819028222286878
1997,0.005819028222286878,1997,0.008728542333430317,0.005819028222286878
1998,0.005819028222286878,1998,0.008728542333430317,0.005819028222286878
1999,0.005819028222286878,1999,0.008728542333430317,0.005819028222286878
2000,0.005819028222286878,2000,0.008728542333430317,0.005819028222286878
2001,0.005819028222286878,2001,0.008728542333430317,0.005819028222286878
2002,0.005819028222286878,2002,0.008728542333430317,0.005819028222286878
2003,0.005819028222286878,2003,0.008728542333430317,0.005819028222286878
2004,0.005819028222286878,2004,0.008728542333430317,0.005819028222286878
2005,0.005819028222286878,2005,0.008728542333430317,0.005819028222286878
2006,0.005819028222286878,2006,0.008728542333430317,0.005819028222286878
2007,0.005819028222286878,2007,0.008728542333430317,0.005819028222286878
2008,0.005819028222286878,2008,0.008728542333430317,0.005819028222286878
2009,0.005819028222286878,2009,0.008728542333430317,0.005819028222286878
2010,0.005819028222286878,2010,0.008728542333430317,0.005819028222286878
2011,0.005819028222286878,2011,0.008728542333430317,0.005819028222286878
2012,0.005819028222286878,2012,0.008728542333430317,0.005819028222286878
2013,0.005819028222286878,2013,0.008728542333430317,0.005819028222286878
2014,0.005819028222286878,2014,0.008728542333430317,0.005819028222286878
2015,0.005819028222286878,2015,0.008728542333430317,0.005819028222286878
2016,0.005819028222286878,2016,0.008728542333430317,0.005819028222286878
2017,0.005819028222286878,2017,0.008728542333430317,0.005819028222286878
2018,0.005819028222286878,2018,0.008728542333430317,0.005819028222286878
2019,0.005819028222286878,2019,0.008728542333430317,0.005819028222286878
2020,0.005819028222286878,2020,0.008728542333430317,0.005819028222286878
2021,0.005819028222286878,2021,0.008728542333430317,0.005819028222286878
2022,0.005819028222286878,2022,0.008728542333430317,0.005819028222286878
2023,0.005819028222286878,2023,0.008728542333430317,0.005819028222286878
2024,0.005819028222286878,2024,0.008728542333430317,0.005819028222286878
2025,0.005819028222286878,2025,0.008728542333430317,0.005819028222286878
2026,0.005819028222286878,2026,0.008728542333430317,0.005819028222286878
2027,0.005819028222286878,2027,0.008728542333430317,0.005819028222286878
2028,0.005819028222286878,2028,0.008728542333430317,0.005819028222286878
2029,0.005819028222286878,2029,0.008728542333430317,0.005819028222286878
2030,0.005819028222286878,2030,0.008728542333430317,0.005819028222286878
2031,0.005819028222286878,2031,0.008728542333430317,0.005819028222286878
2032,0.005819028222286878,2032,0.008728542333430317,0.005819028222286878
2033,0.005819028222286878,2033,0.008728542333430317,0.005819028222286878
2034,0.005819028222286878,2034,0.008728542333430317,0.005819028222286878
2035,0.005819028222286878,2035,0.008728542333430317,0.005819028222286878
2036,0.005819028222286878,2036,0.008728542333430317,0.005819028222286878
2037,0.005819028222286878,2037,0.008728542333430317,0.005819028222286878
2038,0.005819028222286878,2038,0.008728542333430317,0.005819028222286878
2039,0.005819028222286878,2039,0.008728542333430317,0.005819028222286878
2040,0.005819028222286878,2040,0.008728542333430317,0.005819028222286878
2041,0.005819028222286878,2041,0.008728542333430317,0.005819028222286878
2042,0.005819028222286878,2042,0.008728542333430317,0.005819028222286878
2043,0.005819028222286878,2043,0.008728542333430317,0.005819028222286878
2044,0.005819028222286878,2044,0.008728542333430317,0.005819028222286878
2045,0.005819028222286878,2045,0.008728542333430317,0.005819028222286878
2046,0.005819028222286878,2046,0.008728542333430317,0.005819028222286878
2047,0.005819028222286878,2047,0.008728542333430317,0.005819028222286878
2048,0.005819028222286878,2048,0.008728542333430317,0.005819028222286878
2049,0.005819028222286878,2049,0.008728542333430317,0.005819028222286878
2050,0.005819028222286878,2050,0.008728542333430317,0.005819028222286878
2051,0.005819028222286878,2051,0.008728542333430317,0.005819028222286878
2052,0.005819028222286878,2052,0.008728542333430317,0.005819028222286878
2053,0.005819028222286878,2053,0.008728542333430317,0.005819028222286878
2054,0.005819028222286878,2054,0.008728542333430317,0.005819028222286878
2055,0.005819028222286878,2055,0.008728542333430317,0.005819028222286878
2056,0.005819028222286878,2056,0.008728542333430317,0.005819028222286878
2057,0.005819028222286878,2057,0.008728542333430317,0.005819028222286878
2058,0.005819028222286878,2058,0.008728542333430317,0.005819028222286878
2059,0.005819028222286878,2059,0.008728542333430317,0.005819028222286878
2060,0.005819028222286878,2060,0.008728542333430317,0.005819028222286878
2061,0.005819028222286878,2061,0.008728542333430317,0.005819028222286878
2062,0.005819028222286878,2062,0.008728542333430317,0.005819028222286878
2063,0.005819028222286878,2063,0.008728542333430317,0.005819028222286878
2064,0.005819028222286878,2064,0.008728542333430317,0.005819028222286878
2065,0.005819028222286878,2065,0.008728542333430317,0.005819028222286878
2066,0.005819028222286878,2066,0.008728542333430317,0.005819028222286878
2067,0.005819028222286878,2067,0.008728542333430317,0.005819028222286878
2068,0.005819028222286878,2068,0.008728542333430317,0.005819028222286878
2069,0.005819028222286878,2069,0.008728542333430317,0.005819028222286878
2070,0.005819028222286878,2070,0.008728542333430317,0.005819028222286878
2071,0.005819028222286878,2071,0.008728542333430317,0.005819028222286878
2072,0.005819028222286878,2072,0.008728542333430317,0.005819028222286878
2073,0.005819028222286878,2073,0.008728542333430317,0.005819028222286878
2074,0.005819028222286878,2074,0.008728542333430317,0.005819028222286878
2075,0.005819028222286878,2075,0.008728542333430317,0.005819028222286878
2076,0.005819028222286878,2076,0.008728542333430317,0.005819028222286878
2077,0.005819028222286878,2077,0.008728542333430317,0.005819028222286878
2078,0.005819028222286878,2078,0.008728542333430317,0.005819028222286878
2079,0.005819028222286878,2079,0.008728542333430317,0.005819028222286878
2080,0.005819028222286878,2080,0.008728542333430317,0.005819028222286878
2081,0.005819028222286878,2081,0.008728542333430317,0.005819028222286878
2082,0.005819028222286878,2082,0.008728542333430317,0.005819028222286878
2083,0.005819028222286878,2083,0.008728542333430317,0.005819028222286878
2084,0.005819028222286878,2084,0.008728542333430317,0.005819028222286878
2085,0.005819028222286878,2085,0.008728542333430317,0.005819028222286878
2086,0.005819028222286878,2086,0.008728542333430317,0.005819028222286878
2087,0.005819028222286878,2087,0.008728542333430317,0.005819028222286878
2088,0.005819028222286878,2088,0.008728542333430317,0.005819028222286878
2089,0.005819028222286878,2089,0.008728542333430317,0.005819028222286878
2090,0.005819028222286878,2090,0.008728542333430317,0.005819028222286878
2091,0.005819028222286878,2091,0.008728542333430317,0.005819028222286878
2092,0.005819028222286878,2092,0.008728542333430317,0.005819028222286878
2093,0.005819028222286878,2093,0.008728542333430317,0.005819028222286878
2094,0.005819028222286878,2094,0.008728542333430317,0.005819028222286878
2095,0.005819028222286878,2095,0.008728542333430317,0.005819028222286878
2096,0.005819028222286878,2096,0.008728542333430317,0.005819028222286878
2097,0.005819028222286878,2097,0.008728542333430317,0.005819028222286878
2098,0.005819028222286878,2098,0.008728542333430317,0.005819028222286878
2099,0.005819028222286878,2099,0.008728542333430317,0.005819028222286878
2100,0.005819028222286878,2100,0.008728542333430317,0.005819028222286878
2101,0.005819028222286878,2101,0.008728542333430317,0.005819028222286878
2102,0.005819028222286878,2102,0.008728542333430317,0.005819028222286878
2103,0.005819028222286878,2103,0.008728542333430317,0.005819028222286878
2104,0.005819028222286878,2104,0.008728542333430317,0.005819028222286878
2105,0.005819028222286878,2105,0.008728542333430317,0.005819028222286878
2106,0.005819028222286878,2106,0.008728542333430317,0.005819028222286878
2107,0.005819028222286878,2107,0.008728542333430317,0.005819028222286878
2108,0.005819028222286878,2108,0.008728542333430317,0.005819028222286878
2109,0.005819028222286878,2109,0.008728542333430317,0.005819028222286878
2110,0.005819028222286878,2110,0.008728542333430317,0.005819028222286878
2111,0.005819028222286878,2111,0.008728542333430317,0.005819028222286878
2112,0.005819028222286878,2112,0.008728542333430317,0.005819028222286878
2113,0.005819028222286878,2113,0.008728542333430317,0.005819028222286878
2114,0.005819028222286878,2114,0.008728542333430317,0.005819028222286878
2115,0.005819028222286878,2115,0.008728542333430317,0.005819028222286878
2116,0.005819028222286878,2116,0.008728542333430317,0.005819028222286878
2117,0.005819028222286878,2117,0.008728542333430317,0.005819028222286878
2118,0.005819028222286878,2118,0.008728542333430317,0.005819028222286878
2119,0.005819028222286878,2119,0.008728542333430317,0.005819028222286878
2120,0.005819028222286878,2120,0.008728542333430317,0.005819028222286878
2121,0.005819028222286878,2121,0.008728542333430317,0.005819028222286878
2122,0.005819028222286878,2122,0.008728542333430317,0.005819028222286878
2123,0.005819028222286878,2123,0.008728542333430317,0.005819028222286878
2124,0.005819028222286878,2124,0.008728542333430317,0.005819028222286878
2125,0.005819028222286878,2125,0.008728542333430317,0.005819028222286878
2126,0.005819028222286878,2126,0.008728542333430317,0.005819028222286878
2127,0.005819028222286878,2127,0.008728542333430317,0.005819028222286878
2128,0.005819028222286878,2128,0.008728542333430317,0.005819028222286878
2129,0.005819028222286878,2129,0.008728542333430317,0.005819028222286878
2130,0.005819028222286878,2130,0.008728542333430317,0.005819028222286878
2131,0.005819028222286878,2131,0.008728542333430317,0.005819028222286878
2132,0.005819028222286878,2132,0.008728542333430317,0.005819028222286878
2133,0.005819028222286878,2133,0.008728542333430317,0.005819028222286878
2134,0.005819028222286878,2134,0.008728542333430317,0.005819028222286878
2135,0.005819028222286878,2135,0.008728542333430317,0.005819028222286878
2136,0.005819028222286878,2136,0.008728542333430317,0.005819028222286878
2137,0.005819028222286878,2137,0.008728542333430317,0.005819028222286878
2138,0.005819028222286878,2138,0.008728542333430317,0.005819028222286878
2139,0.005819028222286878,2139,0.008728542333430317,0.005819028222286878
2140,0.005819028222286878,2140,0.008728542333430317,0.005819028222286878
2141,0.005819028222286878,2141,0.008728542333430317,0.005819028222286878
2142,0.005819028222286878,2142,0.008728542333430317,0.005819028222286878
2143,0.005819028222286878,2143,0.008728542333430317,0.005819028222286878
2144,0.005819028222286878,2144,0.008728542333430317,0.005819028222286878
2145,0.005819028222286878,2145,0.008728542333430317,0.005819028222286878
2146,0.005819028222286878,2146,0.008728542333430317,0.005819028222286878
2147,0.005819028222286878,2147,0.008728542333430317,0.005819028222286878
2148,0.005819028222286878,2148,0.008728542333430317,0.005819028222286878
2149,0.005819028222286878,2149,0.008728542333430317,0.005819028222286878
2150,0.005819028222286878,2150,0.008728542333430317,0.005819028222286878
2151,0.005819028222286878,2151,0.008728542333430317,0.005819028222286878
2152,0.005819028222286878,2152,0.008728542333430317,0.005819028222286878
2153,0.005819028222286878,2153,0.008728542333430317,0.005819028222286878
2154,0.005819028222286878,2154,0.008728542333430317,0.005819028222286878
2155,0.005819028222286878,2155,0.008728542333430317,0.005819028222286878
2156,0.005819028222286878,2156,0.008728542333430317,0.005819028222286878
2157,0.005819028222286878,2157,0.008728542333430317,0.005819028222286878
2158,0.005819028222286878,2158,0.008728542333430317,0.005819028222286878
2159,0.005819028222286878,2159,0.008728542333430317,0.005819028222286878
2160,0.005819028222286878,2160,0.008728542333430317,0.005819028222286878
2161,0.005819028222286878,2161,0.008728542333430317,0.005819028222286878
2162,0.005819028222286878,2162,0.008728542333430317,0.005819028222286878
2163,0.005819028222286878,2163,0.008728542333430317,0.005819028222286878
2164,0.005819028222286878,2164,0.008728542333430317,0.005819028222286878
2165,0.005819028222286878,2165,0.008728542333430317,0.005819028222286878
2166,0.005819028222286878,2166,0.008728542333430317,0.005819028222286878
2167,0.005819028222286878,2167,0.008728542333430317,0.005819028222286878
2168,0.005819028222286878,2168,0.008728542333430317,0.005819028222286878
2169,0.005819028222286878,2169,0.008728542333430317,0.005819028222286878
2170,0.005819028222286878,2170,0.008728542333430317,0.005819028222286878
2171,0.005819028222286878,2171,0.008728542333430317,0.005819028222286878
2172,0.005819028222286878,2172,0.008728542333430317,0.005819028222286878
2173,0.005819028222286878,2173,0.008728542333430317,0.005819028222286878
2174,0.005819028222286878,2174,0.008728542333430317,0.005819028222286878
2175,0.005819028222286878,2175,0.008728542333430317,0.005819028222286878
2176,0.005819028222286878,2176,0.008728542333430317,0.005819028222286878
2177,0.005819028222286878,2177,0.008728542333430317,0.005819028222286878
2178,0.005819028222286878,2178,0.008728542333430317,0.005819028222286878
2179,0.005819028222286878,2179,0.008728542333430317,0.005819028222286878
2180,0.005819028222286878,2180,0.008728542333430317,0.005819028222286878
2181,0.005819028222286878,2181,0.008728542333430317,0.005819028222286878
2182,0.005819028222286878,2182,0.008728542333430317,0.005819028222286878
2183,0.005819028222286878,2183,0.008728542333430317,0.005819028222286878
2184,0.005819028222286878,2184,0.008728542333430317,0.005819028222286878
2185,0.005819028222286878,2185,0.008728542333430317,0.005819028222286878
2186,0.005819028222286878,2186,0.008728542333430317,0.005819028222286878
2187,0.005819028222286878,2187,0.008728542333430317,0.005819028222286878
2188,0.005819028222286878,2188,0.008728542333430317,0.005819028222286878
2189,0.005819028222286878,2189,0.008728542333430317,0.005819028222286878
2190,0.005819028222286878,2190,0.008728542333430317,0.005819028222286878
2191,0.005819028222286878,2191,0.008728542333430317,0.005819028222286878
2192,0.005819028222286878,2192,0.008728542333430317,0.005819028222286878
2193,0.005819028222286878,2193,0.008728542333430317,0.005819028222286878
2194,0.005819028222286878,2194,0.008728542333430317,0.005819028222286878
2195,0.005819028222286878,2195,0.008728542333430317,0.005819028222286878
2196,0.005819028222286878,2196,0.008728542333430317,0.005819028222286878
2197,0.005819028222286878,2197,0.008728542333430317,0.005819028222286878
2198,0.005819028222286878,2198,0.008728542333430317,0.005819028222286878
2199,0.005819028222286878,2199,0.008728542333430317,0.005819028222286878
2200,0.005819028222286878,2200,0.008728542333430317,0.005819028222286878
2201,0.005819028222286878,2201,0.008728542333430317,0.005819028222286878
2202,0.005819028222286878,2202,0.008728542333430317,0.005819028222286878
2203,0.005819028222286878,2203,0.008728542333430317,0.005819028222286878
2204,0.005819028222286878,2204,0.008728542333430317,0.005819028222286878
2205,0.005819028222286878,2205,0.008728542333430317,0.005819028222286878
2206,0.005819028222286878,2206,0.008728542333430317,0.005819028222286878
2207,0.005819028222286878,2207,0.008728542333430317,0.005819028222286878
2208,0.005819028222286878,2208,0.008728542333430317,0.005819028222286878
2209,0.005819028222286878,2209,0.008728542333430317,0.005819028222286878
2210,0.005819028222286878,2210,0.008728542333430317,0.005819028222286878
2211,0.005819028222286878,2211,0.008728542333430317,0.005819028222286878
2212,0.005819028222286878,2212,0.008728542333430317,0.005819028222286878
2213,0.005819028222286878,2213,0.008728542333430317,0.005819028222286878
2214,0.005819028222286878,2214,0.008728542333430317,0.005819028222286878
2215,0.005819028222286878,2215,0.008728542333430317,0.005819028222286878
2216,0.005819028222286878,2216,0.008728542333430317,0.005819028222286878
2217,0.005819028222286878,2217,0.008728542333430317,0.005819028222286878
2218,0.005819028222286878,2218,0.008728542333430317,0.005819028222286878
2219,0.005819028222286878,2219,0.008728542333430317,0.005819028222286878
2220,0.005819028222286878,2220,0.008728542333430317,0.005819028222286878
2221,0.005819028222286878,2221,0.008728542333430317,0.005819028222286878
2222,0.005819028222286878,2222,0.008728542333430317,0.005819028222286878
2223,0.005819028222286878,2223,0.008728542333430317,0.005819028222286878
2224,0.005819028222286878,2224,0.008728542333430317,0.005819028222286878
2225,0.005819028222286878,2225,0.008728542333430317,0.005819028222286878
2226,0.005819028222286878,2226,0.008728542333430317,0.005819028222286878
2227,0.005819028222286878,2227,0.008728542333430317,0.005819028222286878
2228,0.005819028222286878,2228,0.008728542333430317,0.005819028222286878
2229,0.005819028222286878,2229,0.008728542333430317,0.005819028222286878
2230,0.005819028222286878,2230,0.008728542333430317,0.005819028222286878
2231,0.005819028222286878,2231,0.008728542333430317,0.005819028222286878
2232,0.005819028222286878,2232,0.008728542333430317,0.005819028222286878
2233,0.005819028222286878,2233,0.008728542333430317,0.005819028222286878
2234,0.005819028222286878,2234,0.008728542333430317,0.005819028222286878
2235,0.005819028222286878,2235,0.008728542333430317,0.005819028222286878
2236,0.005819028222286878,2236,0.008728542333430317,0.005819028222286878
2237,0.005819028222286878,2237,0.008728542333430317,0.005819028222286878
2238,0.005819028222286878,2238,0.008728542333430317,0.005819028222286878
2239,0.005819028222286878,2239,0.008728542333430317,0.005819028222286878
2240,0.005819028222286878,2240,0.008728542333430317,0.005819028222286878
2241,0.005819028222286878,2241,0.008728542333430317,0.005819028222286878
2242,0.005819028222286878,2242,0.008728542333430317,0.005819028222286878
2243,0.005819028222286878,2243,0.008728542333430317,0.005819028222286878
2244,0.005819028222286878,2244,0.008728542333430317,0.005819028222286878
2245,0.005819028222286878,2245,0.008728542333430317,0.005819028222286878
2246,0.005819028222286878,2246,0.008728542333430317,0.005819028222286878
2247,0.005819028222286878,2247,0.008728542333430317,0.005819028222286878
2248,0.005819028222286878,2248,0.008728542333430317,0.005819028222286878
2249,0.005819028222286878,2249,0.008728542333430317,0.005819028222286878
2250,0.005819028222286878,2250,0.008728542333430317,0.005819028222286878
2251,0.005819028222286878,2251,0.008728542333430317,0.005819028222286878
2252,0.005819028222286878,2252,0.008728542333430317,0.005819028222286878
2253,0.005819028222286878,2253,0.008728542333430317,0.005819028222286878
2254,0.005819028222286878,2254,0.008728542333430317,0.005819028222286878
2255,0.005819028222286878,2255,0.008728542333430317,0.005819028222286878
2256,0.005819028222286878,2256,0.008728542333430317,0.005819028222286878
2257,0.005819028222286878,2257,0.008728542333430317,0.005819028222286878
2258,0.005819028222286878,2258,0.008728542333430317,0.005819028222286878
2259,0.005819028222286878,2259,0.008728542333430317,0.005819028222286878
2260,0.005819028222286878,2260,0.008728542333430317,0.005819028222286878
2261,0.005819028222286878,2261,0.008728542333430317,0.005819028222286878
2262,0.005819028222286878,2262,0.008728542333430317,0.005819028222286878
2263,0.005819028222286878,2263,0.008728542333430317,0.005819028222286878
2264,0.005819028222286878,2264,0.008728542333430317,0.005819028222286878
2265,0.005819028222286878,2265,0.008728542333430317,0.005819028222286878
2266,0.005819028222286878,2266,0.008728542333430317,0.005819028222286878
2267,0.005819028222286878,2267,0.008728542333430317,0.005819028222286878
2268,0.005819028222286878,2268,0.008728542333430317,0.005819028222286878
2269,0.005819028222286878,2269,0.008728542333430317,0.005819028222286878
2270,0.005819028222286878,2270,0.008728542333430317,0.005819028222286878
2271,0.005819028222286878,2271,0.008728542333430317,0.005819028222286878
2272,0.005819028222286878,2272,0.008728542333430317,0.005819028222286878
2273,0.005819028222286878,2273,0.008728542333430317,0.005819028222286878
2274,0.005819028222286878,2274,0.008728542333430317,0.005819028222286878
2275,0.005819028222286878,2275,0.008728542333430317,0.005819028222286878
2276,0.005819028222286878,2276,0.008728542333430317,0.005819028222286878
2277,0.005819028222286878,2277,0.008728542333430317,0.005819028222286878
2278,0.005819028222286878,2278,0.008728542333430317,0.005819028222286878
2279,0.005819028222286878,2279,0.008728542333430317,0.005819028222286878
2280,0.005819028222286878,2280,0.008728542333430317,0.005819028222286878
2281,0.005819028222286878,2281,0.008728542333430317,0.005819028222286878
2282,0.005819028222286878,2282,0.008728542333430317,0.005819028222286878
2283,0.005819028222286878,2283,0.008728542333430317,0.005819028222286878
2284,0.005819028222286878,2284,0.008728542333430317,0.005819028222286878
2285,0.005819028222286878,2285,0.008728542333430317,0.005819028222286878
2286,0.005819028222286878,2286,0.008728542333430317,0.005819028222286878
2287,0.005819028222286878,2287,0.008728542333430317,0.005819028222286878
2288,0.005819028222286878,2288,0.008728542333430317,0.005819028222286878
2289,0.005819028222286878,2289,0.008728542333430317,0.005819028222286878
2290,0.005819028222286878,2290,0.008728542333430317,0.005819028222286878
2291,0.005819028222286878,2291,0.008728542333430317,0.005819028222286878
2292,0.005819028222286878,2292,0.008728542333430317,0.005819028222286878
2293,0.005819028222286878,2293,0.008728542333430317,0.005819028222286878
2294,0.005819028222286878,2294,0.008728542333430317,0.005819028222286878
2295,0.005819028222286878,2295,0.008728542333430317,0.005819028222286878
2296,0.005819028222286878,2296,0.008728542333430317,0.005819028222286878
2297,0.005819028222286878,2297,0.008728542333430317,0.005819028222286878
2298,0.005819028222286878,2298,0.008728542333430317,0.005819028222286878
2299,0.005819028222286878,2299,0.008728542333430317,0.005819028222286878
2300,0.005819028222286878,2300,0.008728542333430317,0.005819028222286878
2301,0.005819028222286878,2301,0.008728542333430317,0.005819028222286878
2302,0.005819028222286878,2302,0.008728542333430317,0.005819028222286878
2303,0.005819028222286878,2303,0.008728542333430317,0.005819028222286878
2304,0.005819028222286878,2304,0.008728542333430317,0.005819028222286878
2305,0.005819028222286878,2305,0.008728542333430317,0.005819028222286878
2306,0.005819028222286878,2306,0.008728542333430317,0.005819028222286878
2307,0.005819028222286878,2307,0.008728542333430317,0.005819028222286878
2308,0.005819028222286878,2308,0.008728542333430317,0.005819028222286878
2309,0.005819028222286878,2309,0.008728542333430317,0.005819028222286878
2310,0.005819028222286878,2310,0.008728542333430317,0.005819028222286878
2311,0.005819028222286878,2311,0.008728542333430317,0.005819028222286878
2312,0.005819028222286878,2312,0.008728542333430317,0.005819028222286878
2313,0.005819028222286878,2313,0.008728542333430317,0.005819028222286878
2314,0.005819028222286878,2314,0.008728542333430317,0.005819028222286878
2315,0.005819028222286878,2315,0.008728542333430317,0.005819028222286878
2316,0.005819028222286878,2316,0.008728542333430317,0.005819028222286878
2317,0.005819028222286878,2317,0.008728542333430317,0.005819028222286878
2318,0.005819028222286878,2318,0.008728542333430317,0.005819028222286878
2319,0.005819028222286878,2319,0.008728542333430317,0.005819028222286878
2320,0.005819028222286878,2320,0.008728542333430317,0.005819028222286878
2321,0.005819028222286878,2321,0.008728542333430317,0.005819028222286878
2322,0.005819028222286878,2322,0.008728542333430317,0.005819028222286878
2323,0.005819028222286878,2323,0.008728542333430317,0.005819028222286878
2324,0.005819028222286878,2324,0.008728542333430317,0.005819028222286878
2325,0.005819028222286878,2325,0.008728542333430317,0.005819028222286878
2326,0.005819028222286878,2326,0.008728542333430317,0.005819028222286878
2327,0.005819028222286878,2327,0.008728542333430317,0.005819028222286878
2328,0.005819028222286878,2328,0.008728542333430317,0.005819028222286878
2329,0.005819028222286878,2329,0.008728542333430317,0.005819028222286878
2330,0.005819028222286878,2330,0.008728542333430317,0.005819028222286878
2331,0.005819028222286878,2331,0.008728542333430317,0.005819028222286878
2332,0.005819028222286878,2332,0.008728542333430317,0.005819028222286878
2333,0.005819028222286878,2333,0.008728542333430317,0.005819028222286878
2334,0.005819028222286878,2334,0.008728542333430317,0.005819028222286878
2335,0.005819028222286878,2335,0.008728542333430317,0.005819028222286878
2336,0.005819028222286878,2336,0.008728542333430317,0.005819028222286878
2337,0.005819028222286878,2337,0.008728542333430317,0.005819028222286878
2338,0.005819028222286878,2338,0.008728542333430317,0.005819028222286878
2339,0.005819028222286878,2339,0.008728542333430317,0.005819028222286878
2340,0.005819028222286878,2340,0.008728542333430317,0.005819028222286878
2341,0.005819028222286878,2341,0.008728542333430317,0.005819028222286878
2342,0.005819028222286878,2342,0.008728542333430317,0.005819028222286878
2343,0.005819028222286878,2343,0.008728542333430317,0.005819028222286878
2344,0.005819028222286878,2344,0.008728542333430317,0.005819028222286878
2345,0.005819028222286878,2345,0.008728542333430317,0.005819028222286878
2346,0.005819028222286878,2346,0.008728542333430317,0.005819028222286878
2347,0.005819028222286878,2347,0.008728542333430317,0.005819028222286878
2348,0.005819028222286878,2348,0.008728542333430317,0.005819028222286878
2349,0.005819028222286878,2349,0.008728542333430317,0.005819028222286878
2350,0.005819028222286878,2350,0.008728542333430317,0.005819028222286878
2351,0.005819028222286878,2351,0.008728542333430317,0.005819028222286878
2352,0.005819028222286878,2352,0.008728542333430317,0.005819028222286878
2353,0.005819028222286878,2353,0.008728542333430317,0.005819028222286878
2354,0.005819028222286878,2354,0.008728542333430317,0.005819028222286878
2355,0.005819028222286878,2355,0.008728542333430317,0.005819028222286878
2356,0.005819028222286878,2356,0.008728542333430317,0.005819028222286878
2357,0.005819028222286878,2357,0.008728542333430317,0.005819028222286878
2358,0.005819028222286878,2358,0.008728542333430317,0.005819028222286878
2359,0.005819028222286878,2359,0.008728542333430317,0.005819028222286878
2360,0.005819028222286878,2360,0.008728542333430317,0.005819028222286878
2361,0.005819028222286878,2361,0.008728542333430317,0.005819028222286878
2362,0.005819028222286878,2362,0.008728542333430317,0.005819028222286878
2363,0.005819028222286878,2363,0.008728542333430317,0.005819028222286878
2364,0.005819028222286878,2364,0.008728542333430317,0.005819028222286878
2365,0.005819028222286878,2365,0.008728542333430317,0.005819028222286878
2366,0.005819028222286878,2366,0.008728542333430317,0.005819028222286878
2367,0.005819028222286878,2367,0.008728542333430317,0.005819028222286878
2368,0.005819028222286878,2368,0.008728542333430317,0.005819028222286878
2369,0.005819028222286878,2369,0.008728542333430317,0.005819028222286878
2370,0.005819028222286878,2370,0.008728542333430317,0.005819028222286878
2371,0.005819028222286878,2371,0.008728542333430317,0.005819028222286878
2372,0.005819028222286878,2372,0.008728542333430317,0.005819028222286878
2373,0.005819028222286878,2373,0.008728542333430317,0.005819028222286878
2374,0.005819028222286878,2374,0.008728542333430317,0.005819028222286878
2375,0.005819028222286878,2375,0.008728542333430317,0.005819028222286878
2376,0.005819028222286878,2376,0.008728542333430317,0.005819028222286878
2377,0.005819028222286878,2377,0.008728542333430317,0.005819028222286878
2378,0.005819028222286878,2378,0.008728542333430317,0.005819028222286878
2379,0.005819028222286878,2379,0.008728542333430317,0.005819028222286878
2380,0.005819028222286878,2380,0.008728542333430317,0.005819028222286878
2381,0.005819028222286878,2381,0.008728542333430317,0.005819028222286878
2382,0.005819028222286878,2382,0.008728542333430317,0.005819028222286878
2383,0.005819028222286878,2383,0.008728542333430317,0.005819028222286878
2384,0.005819028222286878,2384,0.008728542333430317,0.005819028222286878
2385,0.005819028222286878,2385,0.008728542333430317,0.005819028222286878
2386,0.005819028222286878,2386,0.008728542333430317,0.005819028222286878
2387,0.005819028222286878,2387,0.008728542333430317,0.005819028222286878
2388,0.005819028222286878,2388,0.008728542333430317,0.005819028222286878
2389,0.005819028222286878,2389,0.008728542333430317,0.005819028222286878
2390,0.005819028222286878,2390,0.008728542333430317,0.005819028222286878
2391,0.005819028222286878,2391,0.008728542333430317,0.005819028222286878
2392,0.005819028222286878,2392,0.008728542333430317,0.005819028222286878
2393,0.005819028222286878,2393,0.008728542333430317,0.005819028222286878
2394,0.005819028222286878,2394,0.008728542333430317,0.005819028222286878
2395,0.005819028222286878,2395,0.008728542333430317,0.005819028222286878
2396,0.005819028222286878,2396,0.008728542333430317,0.005819028222286878
2397,0.005819028222286878,2397,0.008728542333430317,0.005819028222286878
2398,0.005819028222286878,2398,0.008728542333430317,0.005819028222286878
2399,0.005819028222286878,2399,0.008728542333430317,0.005819028222286878
2400,0.005819028222286878,2400,0.008728542333430317,0.005819028222286878
2401,0.005819028222286878,2401,0.008728542333430317,0.005819028222286878
2402,0.005819028222286878,2402,0.008728542333430317,0.005819028222286878
2403,0.005819028222286878,2403,0.008728542333430317,0.005819028222286878
2404,0.005819028222286878,2404,0.008728542333430317,0.005819028222286878
2405,0.005819028222286878,2405,0.008728542333430317,0.005819028222286878
2406,0.005819028222286878,2406,0.008728542333430317,0.005819028222286878
2407,0.005819028222286878,2407,0.008728542333430317,0.005819028222286878
2408,0.005819028222286878,2408,0.008728542333430317,0.005819028222286878
2409,0.005819028222286878,2409,0.008728542333430317,0.005819028222286878
2410,0.005819028222286878,2410,0.008728542333430317,0.005819028222286878
2411,0.005819028222286878,2411,0.008728542333430317,0.005819028222286878
2412,0.005819028222286878,2412,0.008728542333430317,0.005819028222286878
2413,0.005819028222286878,2413,0.008728542333430317,0.005819028222286878
2414,0.005819028222286878,2414,0.008728542333430317,0.005819028222286878
2415,0.005819028222286878,2415,0.008728542333430317,0.005819028222286878
2416,0.005819028222286878,2416,0.008728542333430317,0.005819028222286878
2417,0.005819028222286878,2417,0.008728542333430317,0.005819028222286878
2418,0.005819028222286878,2418,0.008728542333430317,0.005819028222286878
2419,0.005819028222286878,2419,0.008728542333430317,0.005819028222286878
2420,0.005819028222286878,2420,0.008728542333430317,0.005819028222286878
2421,0.005819028222286878,2421,0.008728542333430317,0.005819028222286878
2422,0.005819028222286878,2422,0.008728542333430317,0.005819028222286878
2423,0.005819028222286878,2423,0.008728542333430317,0.005819028222286878
2424,0.005819028222286878,2424,0.008728542333430317,0.005819028222286878
2425,0.005819028222286878,2425,0.008728542333430317,0.005819028222286878
2426,0.005819028222286878,2426,0.008728542333430317,0.005819028222286878
2427,0.005819028222286878,2427,0.008728542333430317,0.005819028222286878
2428,0.005819028222286878,2428,0.008728542333430317,0.005819028222286878
2429,0.005819028222286878,2429,0.008728542333430317,0.005819028222286878
2430,0.005819028222286878,2430,0.008728542333430317,0.005819028222286878
2431,0.005819028222286878,2431,0.008728542333430317,0.005819028222286878
2432,0.005819028222286878,2432,0.008728542333430317,0.005819028222286878
2433,0.005819028222286878,2433,0.008728542333430317,0.005819028222286878
2434,0.005819028222286878,2434,0.008728542333430317,0.005819028222286878
2435,0.005819028222286878,2435,0.008728542333430317,0.005819028222286878
2436,0.005819028222286878,2436,0.008728542333430317,0.005819028222286878
2437,0.005819028222286878,2437,0.008728542333430317,0.005819028222286878
2438,0.005819028222286878,2438,0.008728542333430317,0.005819028222286878
2439,0.005819028222286878,2439,0.008728542333430317,0.005819028222286878
2440,0.005819028222286878,2440,0.008728542333430317,0.005819028222286878
2441,0.005819028222286878,2441,0.008728542333430317,0.005819028222286878
2442,0.005819028222286878,2442,0.008728542333430317,0.005819028222286878
2443,0.005819028222286878,2443,0.008728542333430317,0.005819028222286878
2444,0.005819028222286878,2444,0.008728542333430317,0.005819028222286878
2445,0.005819028222286878,2445,0.008728542333430317,0.005819028222286878
2446,0.005819028222286878,2446,0.008728542333430317,0.005819028222286878
2447,0.005819028222286878,2447,0.008728542333430317,0.005819028222286878
2448,0.005819028222286878,2448,0.008728542333430317,0.005819028222286878
2449,0.005819028222286878,2449,0.008728542333430317,0.005819028222286878
2450,0.005819028222286878,2450,0.008728542333430317,0.005819028222286878
2451,0.005819028222286878,2451,0.008728542333430317,0.005819028222286878
2452,0.005819028222286878,2452,0.008728542333430317,0.005819028222286878
2453,0.005819028222286878,2453,0.008728542333430317,0.005819028222286878
2454,0.005819028222286878,2454,0.008728542333430317,0.005819028222286878
2455,0.005819028222286878,2455,0.008728542333430317,0.005819028222286878
2456,0.005819028222286878,2456,0.008728542333430317,0.005819028222286878
2457,0.005819028222286878,2457,0.008728542333430317,0.005819028222286878
2458,0.005819028222286878,2458,0.008728542333430317,0.005819028222286878
2459,0.005819028222286878,2459,0.008728542333430317,0.005819028222286878
2460,0.005819028222286878,2460,0.008728542333430317,0.005819028222286878
2461,0.005819028222286878,2461,0.008728542333430317,0.005819028222286878
2462,0.005819028222286878,2462,0.008728542333430317,0.005819028222286878
2463,0.005819028222286878,2463,0.008728542333430317,0.005819028222286878
2464,0.005819028222286878,2464,0.008728542333430317,0.005819028222286878
2465,0.005819028222286878,2465,0.008728542333430317,0.005819028222286878
2466,0.005819028222286878,2466,0.008728542333430317,0.005819028222286878
2467,0.005819028222286878,2467,0.008728542333430317,0.005819028222286878
2468,0.005819028222286878,2468,0.008728542333430317,0.005819028222286878
2469,0.005819028222286878,2469,0.008728542333430317,0.005819028222286878
2470,0.005819028222286878,2470,0.008728542333430317,0.005819028222286878
2471,0.005819028222286878,2471,0.008728542333430317,0.005819028222286878
2472,0.005819028222286878,2472,0.008728542333430317,0.005819028222286878
2473,0.005819028222286878,2473,0.008728542333430317,0.005819028222286878
2474,0.005819028222286878,2474,0.008728542333430317,0.005819028222286878
2475,0.005819028222286878,2475,0.008728542333430317,0.005819028222286878
2476,0.005819028222286878,2476,0.008728542333430317,0.005819028222286878
2477,0.005819028222286878,2477,0.008728542333430317,0.005819028222286878
2478,0.005819028222286878,2478,0.008728542333430317,0.005819028222286878
2479,0.005819028222286878,2479,0.008728542333430317,0.005819028222286878
2480,0.005819028222286878,2480,0.008728542333430317,0.005819028222286878
2481,0.005819028222286878,2481,0.008728542333430317,0.005819028222286878
2482,0.005819028222286878,2482,0.008728542333430317,0.005819028222286878
2483,0.005819028222286878,2483,0.008728542333430317,0.005819028222286878
2484,0.005819028222286878,2484,0.008728542333430317,0.005819028222286878
2485,0.005819028222286878,2485,0.008728542333430317,0.005819028222286878
2486,0.005819028222286878,2486,0.008728542333430317,0.005819028222286878
2487,0.005819028222286878,2487,0.008728542333430317,0.005819028222286878
2488,0.005819028222286878,2488,0.008728542333430317,0.005819028222286878
2489,0.005819028222286878,2489,0.008728542333430317,0.005819028222286878
2490,0.005819028222286878,2490,0.008728542333430317,0.005819028222286878
2491,0.005819028222286878,2491,0.008728542333430317,0.005819028222286878
2492,0.005819028222286878,2492,0.008728542333430317,0.005819028222286878
2493,0.005819028222286878,2493,0.008728542333430317,0.005819028222286878
2494,0.005819028222286878,2494,0.008728542333430317,0.005819028222286878
2495,0.005819028222286878,2495,0.008728542333430317,0.005819028222286878
2496,0.005819028222286878,2496,0.008728542333430317,0.005819028222286878
2497,0.005819028222286878,2497,0.008728542333430317,0.005819028222286878
2498,0.005819028222286878,2498,0.008728542333430317,0.005819028222286878
2499,0.005819028222286878,2499,0.008728542333430317,0.005819028222286878
2500,0.005819028222286878,2500,0.008728542333430317,0.005819028222286878
2501,0.005819028222286878,2501,0.008728542333430317,0.005819028222286878
2502,0.005819028222286878,2502,0.008728542333430317,0.005819028222286878
2503,0.005819028222286878,2503,0.008728542333430317,0.005819028222286878
2504,0.005819028222286878,2504,0.008728542333430317,0.005819028222286878
2505,0.005819028222286878,2505,0.008728542333430317,0.005819028222286878
2506,0.005819028222286878,2506,0.008728542333430317,0.005819028222286878
2507,0.005819028222286878,2507,0.008728542333430317,0.005819028222286878
2508,0.005819028222286878,2508,0.008728542333430317,0.005819028222286878
2509,0.005819028222286878,2509,0.008728542333430317,0.005819028222286878
2510,0.005819028222286878,2510,0.008728542333430317,0.005819028222286878
2511,0.005819028222286878,2511,0.008728542333430317,0.005819028222286878
2512,0.005819028222286878,2512,0.008728542333430317,0.005819028222286878
2513,0.005819028222286878,2513,0.008728542333430317,0.005819028222286878
2514,0.005819028222286878,2514,0.008728542333430317,0.005819028222286878
2515,0.005819028222286878,2515,0.008728542333430317,0.005819028222286878
2516,0.005819028222286878,2516,0.008728542333430317,0.005819028222286878
2517,0.005819028222286878,2517,0.008728542333430317,0.005819028222286878
2518,0.005819028222286878,2518,0.008728542333430317,0.005819028222286878
2519,0.005819028222286878,2519,0.008728542333430317,0.005819028222286878
2520,0.005819028222286878,2520,0.008728542333430317,0.005819028222286878
2521,0.005819028222286878,2521,0.008728542333430317,0.005819028222286878
2522,0.005819028222286878,2522,0.008728542333430317,0.005819028222286878
2523,0.005819028222286878,2523,0.008728542333430317,0.005819028222286878
2524,0.005819028222286878,2524,0.008728542333430317,0.005819028222286878
2525,0.005819028222286878,2525,0.008728542333430317,0.005819028222286878
2526,0.005819028222286878,2526,0.008728542333430317,0.005819028222286878
2527,0.005819028222286878,2527,0.008728542333430317,0.005819028222286878
2528,0.005819028222286878,2528,0.008728542333430317,0.005819028222286878
2529,0.005819028222286878,2529,0.008728542333430317,0.005819028222286878
2530,0.005819028222286878,2530,0.008728542333430317,0.005819028222286878
2531,0.005819028222286878,2531,0.008728542333430317,0.005819028222286878
2532,0.005819028222286878,2532,0.008728542333430317,0.005819028222286878
2533,0.005819028222286878,2533,0.008728542333430317,0.005819028222286878
2534,0.005819028222286878,2534,0.008728542333430317,0.005819028222286878
2535,0.005819028222286878,2535,0.008728542333430317,0.005819028222286878
2536,0.005819028222286878,2536,0.008728542333430317,0.005819028222286878
2537,0.005819028222286878,2537,0.008728542333430317,0.005819028222286878
2538,0.005819028222286878,2538,0.008728542333430317,0.005819028222286878
2539,0.005819028222286878,2539,0.008728542333430317,0.005819028222286878
2540,0.005819028222286878,2540,0.008728542333430317,0.005819028222286878
2541,0.005819028222286878,2541,0.008728542333430317,0.005819028222286878
2542,0.005819028222286878,2542,0.008728542333430317,0.005819028222286878
2543,0.005819028222286878,2543,0.008728542333430317,0.005819028222286878
2544,0.005819028222286878,2544,0.008728542333430317,0.005819028222286878
2545,0.005819028222286878,2545,0.008728542333430317,0.005819028222286878
2546,0.005819028222286878,2546,0.008728542333430317,0.005819028222286878
2547,0.005819028222286878,2547,0.008728542333430317,0.005819028222286878
2548,0.005819028222286878,2548,0.008728542333430317,0.005819028222286878
2549,0.005819028222286878,2549,0.008728542333430317,0.005819028222286878
2550,0.005819028222286878,2550,0.008728542333430317,0.005819028222286878
2551,0.005819028222286878,2551,0.008728542333430317,0.005819028222286878
2552,0.005819028222286878,2552,0.008728542333430317,0.005819028222286878
2553,0.005819028222286878,2553,0.008728542333430317,0.005819028222286878
2554,0.005819028222286878,2554,0.008728542333430317,0.005819028222286878
2555,0.005819028222286878,2555,0.008728542333430317,0.005819028222286878
2556,0.005819028222286878,2556,0.008728542333430317,0.005819028222286878
2557,0.005819028222286878,2557,0.008728542333430317,0.005819028222286878
2558,0.005819028222286878,2558,0.008728542333430317,0.005819028222286878
2559,0.005819028222286878,2559,0.008728542333430317,0.005819028222286878
2560,0.005819028222286878,2560,0.008728542333430317,0.005819028222286878
2561,0.005819028222286878,2561,0.008728542333430317,0.005819028222286878
2562,0.005819028222286878,2562,0.008728542333430317,0.005819028222286878
2563,0.005819028222286878,2563,0.008728542333430317,0.005819028222286878
2564,0.005819028222286878,2564,0.008728542333430317,0.005819028222286878
2565,0.005819028222286878,2565,0.008728542333430317,0.005819028222286878
2566,0.005819028222286878,2566,0.008728542333430317,0.005819028222286878
2567,0.005819028222286878,2567,0.008728542333430317,0.005819028222286878
2568,0.005819028222286878,2568,0.008728542333430317,0.005819028222286878
2569,0.005819028222286878,2569,0.008728542333430317,0.005819028222286878
2570,0.005819028222286878,2570,0.008728542333430317,0.005819028222286878
2571,0.005819028222286878,2571,0.008728542333430317,0.005819028222286878
2572,0.005819028222286878,2572,0.008728542333430317,0.005819028222286878
2573,0.005819028222286878,2573,0.008728542333430317,0.005819028222286878
2574,0.005819028222286878,2574,0.008728542333430317,0.005819028222286878
2575,0.005819028222286878,2575,0.008728542333430317,0.005819028222286878
2576,0.005819028222286878,2576,0.008728542333430317,0.005819028222286878
2577,0.005819028222286878,2577,0.008728542333430317,0.005819028222286878
2578,0.005819028222286878,2578,0.008728542333430317,0.005819028222286878
2579,0.005819028222286878,2579,0.008728542333430317,0.005819028222286878
2580,0.005819028222286878,2580,0.008728542333430317,0.005819028222286878
2581,0.005819028222286878,2581,0.008728542333430317,0.005819028222286878
2582,0.005819028222286878,2582,0.008728542333430317,0.005819028222286878
2583,0.005819028222286878,2583,0.008728542333430317,0.005819028222286878
2584,0.005819028222286878,2584,0.008728542333430317,0.005819028222286878
2585,0.005819028222286878,2585,0.008728542333430317,0.005819028222286878
2586,0.005819028222286878,2586,0.008728542333430317,0.005819028222286878
2587,0.005819028222286878,2587,0.008728542333430317,0.005819028222286878
2588,0.005819028222286878,2588,0.008728542333430317,0.005819028222286878
2589,0.005819028222286878,2589,0.008728542333430317,0.005819028222286878
2590,0.005819028222286878,2590,0.008728542333430317,0.005819028222286878
2591,0.005819028222286878,2591,0.008728542333430317,0.005819028222286878
2592,0.005819028222286878,2592,0.008728542333430317,0.005819028222286878
2593,0.005819028222286878,2593,0.008728542333430317,0.005819028222286878
2594,0.005819028222286878,2594,0.008728542333430317,0.005819028222286878
2595,0.005819028222286878,2595,0.008728542333430317,0.005819028222286878
2596,0.005819028222286878,2596,0.008728542333430317,0.005819028222286878
2597,0.005819028222286878,2597,0.008728542333430317,0.005819028222286878
2598,0.005819028222286878,2598,0.008728542333430317,0.005819028222286878
2599,0.005819028222286878,2599,0.008728542333430317,0.005819028222286878
2600,0.005819028222286878,2600,0.008728542333430317,0.005819028222286878
2601,0.005819028222286878,2601,0.008728542333430317,0.005819028222286878
2602,0.005819028222286878,2602,0.008728542333430317,0.005819028222286878
2603,0.005819028222286878,2603,0.008728542333430317,0.005819028222286878
2604,0.005819028222286878,2604,0.008728542333430317,0.005819028222286878
2605,0.005819028222286878,2605,0.008728542333430317,0.005819028222286878
2606,0.005819028222286878,2606,0.008728542333430317,0.005819028222286878
2607,0.005819028222286878,2607,0.008728542333430317,0.005819028222286878
2608,0.005819028222286878,2608,0.008728542333430317,0.005819028222286878
2609,0.005819028222286878,2609,0.008728542333430317,0.005819028222286878
2610,0.005819028222286878,2610,0.008728542333430317,0.005819028222286878
2611,0.005819028222286878,2611,0.008728542333430317,0.005819028222286878
2612,0.005819028222286878,2612,0.008728542333430317,0.005819028222286878
2613,0.005819028222286878,2613,0.008728542333430317,0.005819028222286878
2614,0.005819028222286878,2614,0.008728542333430317,0.005819028222286878
2615,0.005819028222286878,2615,0.008728542333430317,0.005819028222286878
2616,0.005819028222286878,2616,0.008728542333430317,0.005819028222286878
2617,0.005819028222286878,2617,0.008728542333430317,0.005819028222286878
2618,0.005819028222286878,2618,0.008728542333430317,0.005819028222286878
2619,0.005819028222286878,2619,0.008728542333430317,0.005819028222286878
2620,0.005819028222286878,2620,0.008728542333430317,0.005819028222286878
2621,0.005819028222286878,2621,0.008728542333430317,0.005819028222286878
2622,0.005819028222286878,2622,0.008728542333430317,0.005819028222286878
2623,0.005819028222286878,2623,0.008728542333430317,0.005819028222286878
2624,0.005819028222286878,2624,0.008728542333430317,0.005819028222286878
2625,0.005819028222286878,2625,0.008728542333430317,0.005819028222286878
2626,0.005819028222286878,2626,0.008728542333430317,0.005819028222286878
2627,0.005819028222286878,2627,0.008728542333430317,0.005819028222286878
2628,0.005819028222286878,2628,0.008728542333430317,0.005819028222286878
2629,0.005819028222286878,2629,0.008728542333430317,0.005819028222286878
2630,0.005819028222286878,2630,0.008728542333430317,0.005819028222286878
2631,0.005819028222286878,2631,0.008728542333430317,0.005819028222286878
2632,0.005819028222286878,2632,0.008728542333430317,0.005819028222286878
2633,0.005819028222286878,2633,0.008728542333430317,0.005819028222286878
2634,0.005819028222286878,2634,0.008728542333430317,0.005819028222286878
2635,0.005819028222286878,2635,0.008728542333430317,0.005819028222286878
2636,0.005819028222286878,2636,0.008728542333430317,0.005819028222286878
2637,0.005819028222286878,2637,0.008728542333430317,0.005819028222286878
2638,0.005819028222286878,2638,0.008728542333430317,0.005819028222286878
2639,0.005819028222286878,2639,0.008728542333430317,0.005819028222286878
2640,0.005819028222286878,2640,0.008728542333430317,0.005819028222286878
2641,0.005819028222286878,2641,0.008728542333430317,0.005819028222286878
2642,0.005819028222286878,2642,0.008728542333430317,0.005819028222286878
2643,0.005819028222286878,2643,0.008728542333430317,0.005819028222286878
2644,0.005819028222286878,2644,0.008728542333430317,0.005819028222286878
2645,0.005819028222286878,2645,0.008728542333430317,0.005819028222286878
2646,0.005819028222286878,2646,0.008728542333430317,0.005819028222286878
2647,0.005819028222286878,2647,0.008728542333430317,0.005819028222286878
2648,0.005819028222286878,2648,0.008728542333430317,0.005819028222286878
2649,0.005819028222286878,2649,0.008728542333430317,0.005819028222286878
2650,0.005819028222286878,2650,0.008728542333430317,0.005819028222286878
2651,0.005819028222286878,2651,0.008728542333430317,0.005819028222286878
2652,0.005819028222286878,2652,0.008728542333430317,0.005819028222286878
2653,0.005819028222286878,2653,0.008728542333430317,0.005819028222286878
2654,0.005819028222286878,2654,0.008728542333430317,0.005819028222286878
2655,0.005819028222286878,2655,0.008728542333430317,0.005819028222286878
2656,0.005819028222286878,2656,0.008728542333430317,0.005819028222286878
2657,0.005819028222286878,2657,0.008728542333430317,0.005819028222286878
2658,0.005819028222286878,2658,0.008728542333430317,0.005819028222286878
2659,0.005819028222286878,2659,0.008728542333430317,0.005819028222286878
2660,0.005819028222286878,2660,0.008728542333430317,0.005819028222286878
2661,0.005819028222286878,2661,0.008728542333430317,0.005819028222286878
2662,0.005819028222286878,2662,0.008728542333430317,0.005819028222286878
2663,0.005819028222286878,2663,0.008728542333430317,0.005819028222286878
2664,0.005819028222286878,2664,0.008728542333430317,0.005819028222286878
2665,0.005819028222286878,2665,0.008728542333430317,0.005819028222286878
2666,0.005819028222286878,2666,0.008728542333430317,0.005819028222286878
2667,0.005819028222286878,2667,0.008728542333430317,0.005819028222286878
2668,0.005819028222286878,2668,0.008728542333430317,0.005819028222286878
2669,0.005819028222286878,2669,0.008728542333430317,0.005819028222286878
2670,0.005819028222286878,2670,0.008728542333430317,0.005819028222286878
2671,0.005819028222286878,2671,0.008728542333430317,0.005819028222286878
2672,0.005819028222286878,2672,0.008728542333430317,0.005819028222286878
2673,0.005819028222286878,2673,0.008728542333430317,0.005819028222286878
2674,0.005819028222286878,2674,0.008728542333430317,0.005819028222286878
2675,0.005819028222286878,2675,0.008728542333430317,0.005819028222286878
2676,0.005819028222286878,2676,0.008728542333430317,0.005819028222286878
2677,0.005819028222286878,2677,0.008728542333430317,0.005819028222286878
2678,0.005819028222286878,2678,0.008728542333430317,0.005819028222286878
2679,0.005819028222286878,2679,0.008728542333430317,0.005819028222286878
2680,0.005819028222286878,2680,0.008728542333430317,0.005819028222286878
2681,0.005819028222286878,2681,0.008728542333430317,0.005819028222286878
2682,0.005819028222286878,2682,0.008728542333430317,0.005819028222286878
2683,0.005819028222286878,2683,0.008728542333430317,0.005819028222286878
2684,0.005819028222286878,2684,0.008728542333430317,0.005819028222286878
2685,0.005819028222286878,2685,0.008728542333430317,0.005819028222286878
2686,0.005819028222286878,2686,0.008728542333430317,0.005819028222286878
2687,0.005819028222286878,2687,0.008728542333430317,0.005819028222286878
2688,0.005819028222286878,2688,0.008728542333430317,0.005819028222286878
2689,0.005819028222286878,2689,0.008728542333430317,0.005819028222286878
2690,0.005819028222286878,2690,0.008728542333430317,0.005819028222286878
2691,0.005819028222286878,2691,0.008728542333430317,0.005819028222286878
2692,0.005819028222286878,2692,0.008728542333430317,0.005819028222286878
2693,0.005819028222286878,2693,0.008728542333430317,0.005819028222286878
2694,0.005819028222286878,2694,0.008728542333430317,0.005819028222286878
2695,0.005819028222286878,2695,0.008728542333430317,0.005819028222286878
2696,0.005819028222286878,2696,0.008728542333430317,0.005819028222286878
2697,0.005819028222286878,2697,0.008728542333430317,0.005819028222286878
2698,0.005819028222286878,2698,0.008728542333430317,0.005819028222286878
2699,0.005819028222286878,2699,0.008728542333430317,0.005819028222286878
2700,0.005819028222286878,2700,0.008728542333430317,0.005819028222286878
2701,0.005819028222286878,2701,0.008728542333430317,0.005819028222286878
2702,0.005819028222286878,2702,0.008728542333430317,0.005819028222286878
2703,0.005819028222286878,2703,0.008728542333430317,0.005819028222286878
2704,0.005819028222286878,2704,0.008728542333430317,0.005819028222286878
2705,0.005819028222286878,2705,0.008728542333430317,0.005819028222286878
2706,0.005819028222286878,2706,0.008728542333430317,0.005819028222286878
2707,0.005819028222286878,2707,0.008728542333430317,0.005819028222286878
2708,0.005819028222286878,2708,0.008728542333430317,0.005819028222286878
2709,0.005819028222286878,2709,0.008728542333430317,0.005819028222286878
2710,0.005819028222286878,2710,0.008728542333430317,0.005819028222286878
2711,0.005819028222286878,2711,0.008728542333430317,0.005819028222286878
2712,0.005819028222286878,2712,0.008728542333430317,0.005819028222286878
2713,0.005819028222286878,2713,0.008728542333430317,0.005819028222286878
2714,0.005819028222286878,2714,0.008728542333430317,0.005819028222286878
2715,0.005819028222286878,2715,0.008728542333430317,0.005819028222286878
2716,0.005819028222286878,2716,0.008728542333430317,0.005819028222286878
2717,0.005819028222286878,2717,0.008728542333430317,0.005819028222286878
2718,0.005819028222286878,2718,0.008728542333430317,0.005819028222286878
2719,0.005819028222286878,2719,0.008728542333430317,0.005819028222286878
2720,0.005819028222286878,2720,0.008728542333430317,0.005819028222286878
2721,0.005819028222286878,2721,0.008728542333430317,0.005819028222286878
2722,0.005819028222286878,2722,0.008728542333430317,0.005819028222286878
2723,0.005819028222286878,2723,0.008728542333430317,0.005819028222286878
2724,0.005819028222286878,2724,0.008728542333430317,0.005819028222286878
2725,0.005819028222286878,2725,0.008728542333430317,0.005819028222286878
2726,0.005819028222286878,2726,0.008728542333430317,0.005819028222286878
2727,0.005819028222286878,2727,0.008728542333430317,0.005819028222286878
2728,0.005819028222286878,2728,0.008728542333430317,0.005819028222286878
2729,0.005819028222286878,2729,0.008728542333430317,0.005819028222286878
2730,0.005819028222286878,2730,0.008728542333430317,0.005819028222286878
2731,0.005819028222286878,2731,0.008728542333430317,0.005819028222286878
2732,0.005819028222286878,2732,0.008728542333430317,0.005819028222286878
2733,0.005819028222286878,2733,0.008728542333430317,0.005819028222286878
2734,0.005819028222286878,2734,0.008728542333430317,0.005819028222286878
2735,0.005819028222286878,2735,0.008728542333430317,0.005819028222286878
2736,0.005819028222286878,2736,0.008728542333430317,0.005819028222286878
2737,0.005819028222286878,2737,0.008728542333430317,0.005819028222286878
2738,0.005819028222286878,2738,0.008728542333430317,0.005819028222286878
2739,0.005819028222286878,2739,0.008728542333430317,0.005819028222286878
2740,0.005819028222286878,2740,0.008728542333430317,0.005819028222286878
2741,0.005819028222286878,2741,0.008728542333430317,0.005819028222286878
2742,0.005819028222286878,2742,0.008728542333430317,0.005819028222286878
2743,0.005819028222286878,2743,0.008728542333430317,0.005819028222286878
2744,0.005819028222286878,2744,0.008728542333430317,0.005819028222286878
2745,0.005819028222286878,2745,0.008728542333430317,0.005819028222286878
2746,0.005819028222286878,2746,0.008728542333430317,0.005819028222286878
2747,0.005819028222286878,2747,0.008728542333430317,0.005819028222286878
2748,0.005819028222286878,2748,0.008728542333430317,0.005819028222286878
2749,0.005819028222286878,2749,0.008728542333430317,0.005819028222286878
2750,0.005819028222286878,2750,0.008728542333430317,0.005819028222286878
2751,0.005819028222286878,2751,0.008728542333430317,0.005819028222286878
2752,0.005819028222286878,2752,0.008728542333430317,0.005819028222286878
2753,0.005819028222286878,2753,0.008728542333430317,0.005819028222286878
2754,0.005819028222286878,2754,0.008728542333430317,0.005819028222286878
2755,0.005819028222286878,2755,0.008728542333430317,0.005819028222286878
2756,0.005819028222286878,2756,0.008728542333430317,0.005819028222286878
2757,0.005819028222286878,2757,0.008728542333430317,0.005819028222286878
2758,0.005819028222286878,2758,0.008728542333430317,0.005819028222286878
2759,0.005819028222286878,2759,0.008728542333430317,0.005819028222286878
2760,0.005819028222286878,2760,0.008728542333430317,0.005819028222286878
2761,0.005819028222286878,2761,0.008728542333430317,0.005819028222286878
2762,0.005819028222286878,2762,0.008728542333430317,0.005819028222286878
2763,0.005819028222286878,2763,0.008728542333430317,0.005819028222286878
2764,0.005819028222286878,2764,0.008728542333430317,0.005819028222286878
2765,0.005819028222286878,2765,0.008728542333430317,0.005819028222286878
2766,0.005819028222286878,2766,0.008728542333430317,0.005819028222286878
2767,0.005819028222286878,2767,0.008728542333430317,0.005819028222286878
2768,0.005819028222286878,2768,0.008728542333430317,0.005819028222286878
2769,0.005819028222286878,2769,0.008728542333430317,0.005819028222286878
2770,0.005819028222286878,2770,0.008728542333430317,0.005819028222286878
2771,0.005819028222286878,2771,0.008728542333430317,0.005819028222286878
2772,0.005819028222286878,2772,0.008728542333430317,0.005819028222286878
2773,0.005819028222286878,2773,0.008728542333430317,0.005819028222286878
2774,0.005819028222286878,2774,0.008728542333430317,0.005819028222286878
2775,0.005819028222286878,2775,0.008728542333430317,0.005819028222286878
2776,0.005819028222286878,2776,0.008728542333430317,0.005819028222286878
2777,0.005819028222286878,2777,0.008728542333430317,0.005819028222286878
2778,0.005819028222286878,2778,0.008728542333430317,0.005819028222286878
2779,0.005819028222286878,2779,0.008728542333430317,0.005819028222286878
2780,0.005819028222286878,2780,0.008728542333430317,0.005819028222286878
2781,0.005819028222286878,2781,0.008728542333430317,0.005819028222286878
2782,0.005819028222286878,2782,0.008728542333430317,0.005819028222286878
2783,0.005819028222286878,2783,0.008728542333430317,0.005819028222286878
2784,0.005819028222286878,2784,0.008728542333430317,0.005819028222286878
2785,0.005819028222286878,2785,0.008728542333430317,0.005819028222286878
2786,0.005819028222286878,2786,0.008728542333430317,0.005819028222286878
2787,0.005819028222286878,2787,0.008728542333430317,0.005819028222286878
2788,0.005819028222286878,2788,0.008728542333430317,0.005819028222286878
2789,0.005819028222286878,2789,0.008728542333430317,0.005819028222286878
2790,0.005819028222286878,2790,0.008728542333430317,0.005819028222286878
2791,0.005819028222286878,2791,0.008728542333430317,0.005819028222286878
2792,0.005819028222286878,2792,0.008728542333430317,0.005819028222286878
2793,0.005819028222286878,2793,0.008728542333430317,0.005819028222286878
2794,0.005819028222286878,2794,0.008728542333430317,0.005819028222286878
2795,0.005819028222286878,2795,0.008728542333430317,0.005819028222286878
2796,0.005819028222286878,2796,0.008728542333430317,0.005819028222286878
2797,0.005819028222286878,2797,0.008728542333430317,0.005819028222286878
2798,0.005819028222286878,2798,0.008728542333430317,0.005819028222286878
2799,0.005819028222286878,2799,0.008728542333430317,0.005819028222286878
2800,0.005819028222286878,2800,0.008728542333430317,0.005819028222286878
2801,0.005819028222286878,2801,0.008728542333430317,0.005819028222286878
2802,0.005819028222286878,2802,0.008728542333430317,0.005819028222286878
2803,0.005819028222286878,2803,0.008728542333430317,0.005819028222286878
2804,0.005819028222286878,2804,0.008728542333430317,0.005819028222286878
2805,0.005819028222286878,2805,0.008728542333430317,0.005819028222286878
2806,0.005819028222286878,2806,0.008728542333430317,0.005819028222286878
2807,0.005819028222286878,2807,0.008728542333430317,0.005819028222286878
2808,0.005819028222286878,2808,0.008728542333430317,0.005819028222286878
2809,0.005819028222286878,2809,0.008728542333430317,0.005819028222286878
2810,0.005819028222286878,2810,0.008728542333430317,0.005819028222286878
2811,0.005819028222286878,2811,0.008728542333430317,0.005819028222286878
2812,0.005819028222286878,2812,0.008728542333430317,0.005819028222286878
2813,0.005819028222286878,2813,0.008728542333430317,0.005819028222286878
2814,0.005819028222286878,2814,0.008728542333430317,0.005819028222286878
2815,0.005819028222286878,2815,0.008728542333430317,0.005819028222286878
2816,0.005819028222286878,2816,0.008728542333430317,0.005819028222286878
2817,0.005819028222286878,2817,0.008728542333430317,0.005819028222286878
2818,0.005819028222286878,2818,0.008728542333430317,0.005819028222286878
2819,0.005819028222286878,2819,0.008728542333430317,0.005819028222286878
2820,0.005819028222286878,2820,0.008728542333430317,0.005819028222286878
2821,0.005819028222286878,2821,0.008728542333430317,0.005819028222286878
2822,0.005819028222286878,2822,0.008728542333430317,0.005819028222286878
2823,0.005819028222286878,2823,0.008728542333430317,0.005819028222286878
2824,0.005819028222286878,2824,0.008728542333430317,0.005819028222286878
2825,0.005819028222286878,2825,0.008728542333430317,0.005819028222286878
2826,0.005819028222286878,2826,0.008728542333430317,0.005819028222286878
2827,0.005819028222286878,2827,0.008728542333430317,0.005819028222286878
2828,0.005819028222286878,2828,0.008728542333430317,0.005819028222286878
2829,0.005819028222286878,2829,0.008728542333430317,0.005819028222286878
2830,0.005819028222286878,2830,0.008728542333430317,0.005819028222286878
2831,0.005819028222286878,2831,0.008728542333430317,0.005819028222286878
2832,0.005819028222286878,2832,0.008728542333430317,0.005819028222286878
2833,0.005819028222286878,2833,0.008728542333430317,0.005819028222286878
2834,0.005819028222286878,2834,0.008728542333430317,0.005819028222286878
2835,0.005819028222286878,2835,0.008728542333430317,0.005819028222286878
2836,0.005819028222286878,2836,0.008728542333430317,0.005819028222286878
2837,0.005819028222286878,2837,0.008728542333430317,0.005819028222286878
2838,0.005819028222286878,2838,0.008728542333430317,0.005819028222286878
2839,0.005819028222286878,2839,0.008728542333430317,0.005819028222286878
2840,0.005819028222286878,2840,0.008728542333430317,0.005819028222286878
2841,0.005819028222286878,2841,0.008728542333430317,0.005819028222286878
2842,0.005819028222286878,2842,0.008728542333430317,0.005819028222286878
2843,0.005819028222286878,2843,0.008728542333430317,0.005819028222286878
2844,0.005819028222286878,2844,0.008728542333430317,0.005819028222286878
2845,0.005819028222286878,2845,0.008728542333430317,0.005819028222286878
2846,0.005819028222286878,2846,0.008728542333430317,0.005819028222286878
2847,0.005819028222286878,2847,0.008728542333430317,0.005819028222286878
2848,0.005819028222286878,2848,0.008728542333430317,0.005819028222286878
2849,0.005819028222286878,2849,0.008728542333430317,0.005819028222286878
2850,0.005819028222286878,2850,0.008728542333430317,0.005819028222286878
2851,0.005819028222286878,2851,0.008728542333430317,0.005819028222286878
2852,0.005819028222286878,2852,0.008728542333430317,0.005819028222286878
2853,0.005819028222286878,2853,0.008728542333430317,0.005819028222286878
2854,0.005819028222286878,2854,0.008728542333430317,0.005819028222286878
2855,0.005819028222286878,2855,0.008728542333430317,0.005819028222286878
2856,0.005819028222286878,2856,0.008728542333430317,0.005819028222286878
2857,0.005819028222286878,2857,0.008728542333430317,0.005819028222286878
2858,0.005819028222286878,2858,0.008728542333430317,0.005819028222286878
2859,0.005819028222286878,2859,0.008728542333430317,0.005819028222286878
2860,0.005819028222286878,2860,0.008728542333430317,0.005819028222286878
2861,0.005819028222286878,2861,0.008728542333430317,0.005819028222286878
2862,0.005819028222286878,2862,0.008728542333430317,0.005819028222286878
2863,0.005819028222286878,2863,0.008728542333430317,0.005819028222286878
2864,0.005819028222286878,2864,0.008728542333430317,0.005819028222286878
2865,0.005819028222286878,2865,0.008728542333430317,0.005819028222286878
2866,0.005819028222286878,2866,0.008728542333430317,0.005819028222286878
2867,0.005819028222286878,2867,0.008728542333430317,0.005819028222286878
2868,0.005819028222286878,2868,0.008728542333430317,0.005819028222286878
2869,0.005819028222286878,2869,0.008728542333430317,0.005819028222286878
2870,0.005819028222286878,2870,0.008728542333430317,0.005819028222286878
2871,0.005819028222286878,2871,0.008728542333430317,0.005819028222286878
2872,0.005819028222286878,2872,0.008728542333430317,0.005819028222286878
2873,0.005819028222286878,2873,0.008728542333430317,0.005819028222286878
2874,0.005819028222286878,2874,0.008728542333430317,0.005819028222286878
2875,0.005819028222286878,2875,0.008728542333430317,0.005819028222286878
2876,0.005819028222286878,2876,0.008728542333430317,0.005819028222286878
2877,0.005819028222286878,2877,0.008728542333430317,0.005819028222286878
2878,0.005819028222286878,2878,0.008728542333430317,0.005819028222286878
2879,0.005819028222286878,2879,0.008728542333430317,0.005819028222286878
2880,0.005819028222286878,2880,0.008728542333430317,0.005819028222286878
2881,0.005819028222286878,2881,0.008728542333430317,0.005819028222286878
2882,0.005819028222286878,2882,0.008728542333430317,0.005819028222286878
2883,0.005819028222286878,2883,0.008728542333430317,0.005819028222286878
2884,0.005819028222286878,2884,0.008728542333430317,0.005819028222286878
2885,0.005819028222286878,2885,0.008728542333430317,0.005819028222286878
2886,0.005819028222286878,2886,0.008728542333430317,0.005819028222286878
2887,0.005819028222286878,2887,0.008728542333430317,0.005819028222286878
2888,0.005819028222286878,2888,0.008728542333430317,0.005819028222286878
2889,0.005819028222286878,2889,0.008728542333430317,0.005819028222286878
2890,0.005819028222286878,2890,0.008728542333430317,0.005819028222286878
2891,0.005819028222286878,2891,0.008728542333430317,0.005819028222286878
2892,0.005819028222286878,2892,0.008728542333430317,0.005819028222286878
2893,0.005819028222286878,2893,0.008728542333430317,0.005819028222286878
2894,0.005819028222286878,2894,0.008728542333430317,0.005819028222286878
2895,0.005819028222286878,2895,0.008728542333430317,0.005819028222286878
2896,0.005819028222286878,2896,0.008728542333430317,0.005819028222286878
2897,0.005819028222286878,2897,0.008728542333430317,0.005819028222286878
2898,0.005819028222286878,2898,0.008728542333430317,0.005819028222286878
2899,0.005819028222286878,2899,0.008728542333430317,0.005819028222286878
2900,0.005819028222286878,2900,0.008728542333430317,0.005819028222286878
2901,0.005819028222286878,2901,0.008728542333430317,0.005819028222286878
2902,0.005819028222286878,2902,0.008728542333430317,0.005819028222286878
2903,0.005819028222286878,2903,0.008728542333430317,0.005819028222286878
2904,0.005819028222286878,2904,0.008728542333430317,0.005819028222286878
2905,0.005819028222286878,2905,0.008728542333430317,0.005819028222286878
2906,0.005819028222286878,2906,0.008728542333430317,0.005819028222286878
2907,0.005819028222286878,2907,0.008728542333430317,0.005819028222286878
2908,0.005819028222286878,2908,0.008728542333430317,0.005819028222286878
2909,0.005819028222286878,2909,0.008728542333430317,0.005819028222286878
2910,0.005819028222286878,2910,0.008728542333430317,0.005819028222286878
2911,0.005819028222286878,2911,0.008728542333430317,0.005819028222286878
2912,0.005819028222286878,2912,0.008728542333430317,0.005819028222286878
2913,0.005819028222286878,2913,0.008728542333430317,0.005819028222286878
2914,0.005819028222286878,2914,0.008728542333430317,0.005819028222286878
2915,0.005819028222286878,2915,0.008728542333430317,0.005819028222286878
2916,0.005819028222286878,2916,0.008728542333430317,0.005819028222286878
2917,0.005819028222286878,2917,0.008728542333430317,0.005819028222286878
2918,0.005819028222286878,2918,0.008728542333430317,0.005819028222286878
2919,0.005819028222286878,2919,0.008728542333430317,0.005819028222286878
2920,0.005819028222286878,2920,0.008728542333430317,0.005819028222286878
2921,0.005819028222286878,2921,0.008728542333430317,0.005819028222286878
2922,0.005819028222286878,2922,0.008728542333430317,0.005819028222286878
2923,0.005819028222286878,2923,0.008728542333430317,0.005819028222286878
2924,0.005819028222286878,2924,0.008728542333430317,0.005819028222286878
2925,0.005819028222286878,2925,0.008728542333430317,0.005819028222286878
2926,0.005819028222286878,2926,0.008728542333430317,0.005819028222286878
2927,0.005819028222286878,2927,0.008728542333430317,0.005819028222286878
2928,0.005819028222286878,2928,0.008728542333430317,0.005819028222286878
2929,0.005819028222286878,2929,0.008728542333430317,0.005819028222286878
2930,0.005819028222286878,2930,0.008728542333430317,0.005819028222286878
2931,0.005819028222286878,2931,0.008728542333430317,0.005819028222286878
2932,0.005819028222286878,2932,0.008728542333430317,0.005819028222286878
2933,0.005819028222286878,2933,0.008728542333430317,0.005819028222286878
2934,0.005819028222286878,2934,0.008728542333430317,0.005819028222286878
2935,0.005819028222286878,2935,0.008728542333430317,0.005819028222286878
2936,0.005819028222286878,2936,0.008728542333430317,0.005819028222286878
2937,0.005819028222286878,2937,0.008728542333430317,0.005819028222286878
2938,0.005819028222286878,2938,0.008728542333430317,0.005819028222286878
2939,0.005819028222286878,2939,0.008728542333430317,0.005819028222286878
2940,0.005819028222286878,2940,0.008728542333430317,0.005819028222286878
2941,0.005819028222286878,2941,0.008728542333430317,0.005819028222286878
2942,0.005819028222286878,2942,0.008728542333430317,0.005819028222286878
2943,0.005819028222286878,2943,0.008728542333430317,0.005819028222286878
2944,0.005819028222286878,2944,0.008728542333430317,0.005819028222286878
2945,0.005819028222286878,2945,0.008728542333430317,0.005819028222286878
2946,0.005819028222286878,2946,0.008728542333430317,0.005819028222286878
2947,0.005819028222286878,2947,0.008728542333430317,0.005819028222286878
2948,0.005819028222286878,2948,0.008728542333430317,0.005819028222286878
2949,0.005819028222286878,2949,0.008728542333430317,0.005819028222286878
2950,0.005819028222286878,2950,0.008728542333430317,0.005819028222286878
2951,0.005819028222286878,2951,0.008728542333430317,0.005819028222286878
2952,0.005819028222286878,2952,0.008728542333430317,0.005819028222286878
2953,0.005819028222286878,2953,0.008728542333430317,0.005819028222286878
2954,0.005819028222286878,2954,0.008728542333430317,0.005819028222286878
2955,0.005819028222286878,2955,0.008728542333430317,0.005819028222286878
2956,0.005819028222286878,2956,0.008728542333430317,0.005819028222286878
2957,0.005819028222286878,2957,0.008728542333430317,0.005819028222286878
2958,0.005819028222286878,2958,0.008728542333430317,0.005819028222286878
2959,0.005819028222286878,2959,0.008728542333430317,0.005819028222286878
2960,0.005819028222286878,2960,0.008728542333430317,0.005819028222286878
2961,0.005819028222286878,2961,0.008728542333430317,0.005819028222286878
2962,0.005819028222286878,2962,0.008728542333430317,0.005819028222286878
2963,0.005819028222286878,2963,0.008728542333430317,0.005819028222286878
2964,0.005819028222286878,2964,0.008728542333430317,0.005819028222286878
2965,0.005819028222286878,2965,0.008728542333430317,0.005819028222286878
2966,0.005819028222286878,2966,0.008728542333430317,0.005819028222286878
2967,0.005819028222286878,2967,0.008728542333430317,0.005819028222286878
2968,0.005819028222286878,2968,0.008728542333430317,0.005819028222286878
2969,0.005819028222286878,2969,0.008728542333430317,0.005819028222286878
2970,0.005819028222286878,2970,0.008728542333430317,0.005819028222286878
2971,0.005819028222286878,2971,0.008728542333430317,0.005819028222286878
2972,0.005819028222286878,2972,0.008728542333430317,0.005819028222286878
2973,0.005819028222286878,2973,0.008728542333430317,0.005819028222286878
2974,0.005819028222286878,2974,0.008728542333430317,0.005819028222286878
2975,0.005819028222286878,2975,0.008728542333430317,0.005819028222286878
2976,0.005819028222286878,2976,0.008728542333430317,0.005819028222286878
2977,0.005819028222286878,2977,0.008728542333430317,0.005819028222286878
2978,0.005819028222286878,2978,0.008728542333430317,0.005819028222286878
2979,0.005819028222286878,2979,0.008728542333430317,0.005819028222286878
2980,0.005819028222286878,2980,0.008728542333430317,0.005819028222286878
2981,0.005819028222286878,2981,0.008728542333430317,0.005819028222286878
2982,0.005819028222286878,2982,0.008728542333430317,0.005819028222286878
2983,0.005819028222286878,2983,0.008728542333430317,0.005819028222286878
2984,0.005819028222286878,2984,0.008728542333430317,0.005819028222286878
2985,0.005819028222286878,2985,0.008728542333430317,0.005819028222286878
2986,0.005819028222286878,2986,0.008728542333430317,0.005819028222286878
2987,0.005819028222286878,2987,0.008728542333430317,0.005819028222286878
2988,0.005819028222286878,2988,0.008728542333430317,0.005819028222286878
2989,0.005819028222286878,2989,0.008728542333430317,0.005819028222286878
2990,0.005819028222286878,2990,0.008728542333430317,0.005819028222286878
2991,0.005819028222286878,2991,0.008728542333430317,0.005819028222286878
2992,0.005819028222286878,2992,0.008728542333430317,0.005819028222286878
2993,0.005819028222286878,2993,0.008728542333430317,0.005819028222286878
2994,0.005819028222286878,2994,0.008728542333430317,0.005819028222286878
2995,0.005819028222286878,2995,0.008728542333430317,0.005819028222286878
2996,0.005819028222286878,2996,0.008728542333430317,0.005819028222286878
2997,0.005819028222286878,2997,0.008728542333430317,0.005819028222286878
2998,0.005819028222286878,2998,0.008728542333430317,0.005819028222286878
2999,0.005819028222286878,2999,0.008728542333430317,0.005819028222286878
3000,0.005819028222286878,3000,0.008728542333430317,0.005819028222286878
3001,0.005819028222286878,3001,0.008728542333430317,0.005819028222286878
3002,0.005819028222286878,3002,0.008728542333430317,0.005819028222286878
3003,0.005819028222286878,3003,0.008728542333430317,0.005819028222286878
3004,0.005819028222286878,3004,0.008728542333430317,0.005819028222286878
3005,0.005819028222286878,3005,0.008728542333430317,0.005819028222286878
3006,0.005819028222286878,3006,0.008728542333430317,0.005819028222286878
3007,0.005819028222286878,3007,0.008728542333430317,0.005819028222286878
3008,0.005819028222286878,3008,0.008728542333430317,0.005819028222286878
3009,0.005819028222286878,3009,0.008728542333430317,0.005819028222286878
3010,0.005819028222286878,3010,0.008728542333430317,0.005819028222286878
3011,0.005819028222286878,3011,0.008728542333430317,0.005819028222286878
3012,0.005819028222286878,3012,0.008728542333430317,0.005819028222286878
3013,0.005819028222286878,3013,0.008728542333430317,0.005819028222286878
3014,0.005819028222286878,3014,0.008728542333430317,0.005819028222286878
3015,0.005819028222286878,3015,0.008728542333430317,0.005819028222286878
3016,0.005819028222286878,3016,0.008728542333430317,0.005819028222286878
3017,0.005819028222286878,3017,0.008728542333430317,0.005819028222286878
3018,0.005819028222286878,3018,0.008728542333430317,0.005819028222286878
3019,0.005819028222286878,3019,0.008728542333430317,0.005819028222286878
3020,0.005819028222286878,3020,0.008728542333430317,0.005819028222286878
3021,0.005819028222286878,3021,0.008728542333430317,0.005819028222286878
3022,0.005819028222286878,3022,0.008728542333430317,0.005819028222286878
3023,0.005819028222286878,3023,0.008728542333430317,0.005819028222286878
3024,0.005819028222286878,3024,0.008728542333430317,0.005819028222286878
3025,0.005819028222286878,3025,0.008728542333430317,0.005819028222286878
3026,0.005819028222286878,3026,0.008728542333430317,0.005819028222286878
3027,0.005819028222286878,3027,0.008728542333430317,0.005819028222286878
3028,0.005819028222286878,3028,0.008728542333430317,0.005819028222286878
3029,0.005819028222286878,3029,0.008728542333430317,0.005819028222286878
3030,0.005819028222286878,3030,0.008728542333430317,0.005819028222286878
3031,0.005819028222286878,3031,0.008728542333430317,0.005819028222286878
3032,0.005819028222286878,3032,0.008728542333430317,0.005819028222286878
3033,0.005819028222286878,3033,0.008728542333430317,0.005819028222286878
3034,0.005819028222286878,3034,0.008728542333430317,0.005819028222286878
3035,0.005819028222286878,3035,0.008728542333430317,0.005819028222286878
3036,0.005819028222286878,3036,0.008728542333430317,0.005819028222286878
3037,0.005819028222286878,3037,0.008728542333430317,0.005819028222286878
3038,0.005819028222286878,3038,0.008728542333430317,0.005819028222286878
3039,0.005819028222286878,3039,0.008728542333430317,0.005819028222286878
3040,0.005819028222286878,3040,0.008728542333430317,0.005819028222286878
3041,0.005819028222286878,3041,0.008728542333430317,0.005819028222286878
3042,0.005819028222286878,3042,0.008728542333430317,0.005819028222286878
3043,0.005819028222286878,3043,0.008728542333430317,0.005819028222286878
3044,0.005819028222286878,3044,0.008728542333430317,0.005819028222286878
3045,0.005819028222286878,3045,0.008728542333430317,0.005819028222286878
3046,0.005819028222286878,3046,0.008728542333430317,0.005819028222286878
3047,0.005819028222286878,3047,0.008728542333430317,0.005819028222286878
3048,0.005819028222286878,3048,0.008728542333430317,0.005819028222286878
3049,0.005819028222286878,3049,0.008728542333430317,0.005819028222286878
3050,0.005819028222286878,3050,0.008728542333430317,0.005819028222286878
3051,0.005819028222286878,3051,0.008728542333430317,0.005819028222286878
3052,0.005819028222286878,3052,0.008728542333430317,0.005819028222286878
3053,0.005819028222286878,3053,0.008728542333430317,0.005819028222286878
3054,0.005819028222286878,3054,0.008728542333430317,0.005819028222286878
3055,0.005819028222286878,3055,0.008728542333430317,0.005819028222286878
3056,0.005819028222286878,3056,0.008728542333430317,0.005819028222286878
3057,0.005819028222286878,3057,0.008728542333430317,0.005819028222286878
3058,0.005819028222286878,3058,0.008728542333430317,0.005819028222286878
3059,0.005819028222286878,3059,0.008728542333430317,0.005819028222286878
3060,0.005819028222286878,3060,0.008728542333430317,0.005819028222286878
3061,0.005819028222286878,3061,0.008728542333430317,0.005819028222286878
3062,0.005819028222286878,3062,0.008728542333430317,0.005819028222286878
3063,0.005819028222286878,3063,0.008728542333430317,0.005819028222286878
3064,0.005819028222286878,3064,0.008728542333430317,0.005819028222286878
3065,0.005819028222286878,3065,0.008728542333430317,0.005819028222286878
3066,0.005819028222286878,3066,0.008728542333430317,0.005819028222286878
3067,0.005819028222286878,3067,0.008728542333430317,0.005819028222286878
3068,0.005819028222286878,3068,0.008728542333430317,0.005819028222286878
3069,0.005819028222286878,3069,0.008728542333430317,0.005819028222286878
3070,0.005819028222286878,3070,0.008728542333430317,0.005819028222286878
3071,0.005819028222286878,3071,0.008728542333430317,0.005819028222286878
3072,0.005819028222286878,3072,0.008728542333430317,0.005819028222286878
3073,0.005819028222286878,3073,0.008728542333430317,0.005819028222286878
3074,0.005819028222286878,3074,0.008728542333430317,0.005819028222286878
3075,0.005819028222286878,3075,0.008728542333430317,0.005819028222286878
3076,0.005819028222286878,3076,0.008728542333430317,0.005819028222286878
3077,0.005819028222286878,3077,0.008728542333430317,0.005819028222286878
3078,0.005819028222286878,3078,0.008728542333430317,0.005819028222286878
3079,0.005819028222286878,3079,0.008728542333430317,0.005819028222286878
3080,0.005819028222286878,3080,0.008728542333430317,0.005819028222286878
3081,0.005819028222286878,3081,0.008728542333430317,0.005819028222286878
3082,0.005819028222286878,3082,0.008728542333430317,0.005819028222286878
3083,0.005819028222286878,3083,0.008728542333430317,0.005819028222286878
3084,0.005819028222286878,3084,0.008728542333430317,0.005819028222286878
3085,0.005819028222286878,3085,0.008728542333430317,0.005819028222286878
3086,0.005819028222286878,3086,0.008728542333430317,0.005819028222286878
3087,0.005819028222286878,3087,0.008728542333430317,0.005819028222286878
3088,0.005819028222286878,3088,0.008728542333430317,0.005819028222286878
3089,0.005819028222286878,3089,0.008728542333430317,0.005819028222286878
3090,0.005819028222286878,3090,0.008728542333430317,0.005819028222286878
3091,0.005819028222286878,3091,0.008728542333430317,0.005819028222286878
3092,0.005819028222286878,3092,0.008728542333430317,0.005819028222286878
3093,0.005819028222286878,3093,0.008728542333430317,0.005819028222286878
3094,0.005819028222286878,3094,0.008728542333430317,0.005819028222286878
3095,0.005819028222286878,3095,0.008728542333430317,0.005819028222286878
3096,0.005819028222286878,3096,0.008728542333430317,0.005819028222286878
3097,0.005819028222286878,3097,0.008728542333430317,0.005819028222286878
3098,0.005819028222286878,3098,0.008728542333430317,0.005819028222286878
3099,0.005819028222286878,3099,0.008728542333430317,0.005819028222286878
3100,0.005819028222286878,3100,0.008728542333430317,0.005819028222286878
3101,0.005819028222286878,3101,0.008728542333430317,0.005819028222286878
3102,0.005819028222286878,3102,0.008728542333430317,0.005819028222286878
3103,0.005819028222286878,3103,0.008728542333430317,0.005819028222286878
3104,0.005819028222286878,3104,0.008728542333430317,0.005819028222286878
3105,0.005819028222286878,3105,0.008728542333430317,0.005819028222286878
3106,0.005819028222286878,3106,0.008728542333430317,0.005819028222286878
3107,0.005819028222286878,3107,0.008728542333430317,0.005819028222286878
3108,0.005819028222286878,3108,0.008728542333430317,0.005819028222286878
3109,0.005819028222286878,3109,0.008728542333430317,0.005819028222286878
3110,0.005819028222286878,3110,0.008728542333430317,0.005819028222286878
3111,0.005819028222286878,3111,0.008728542333430317,0.005819028222286878
3112,0.005819028222286878,3112,0.008728542333430317,0.005819028222286878
3113,0.005819028222286878,3113,0.008728542333430317,0.005819028222286878
3114,0.005819028222286878,3114,0.008728542333430317,0.005819028222286878
3115,0.005819028222286878,3115,0.008728542333430317,0.005819028222286878
3116,0.005819028222286878,3116,0.008728542333430317,0.005819028222286878
3117,0.005819028222286878,3117,0.008728542333430317,0.005819028222286878
3118,0.005819028222286878,3118,0.008728542333430317,0.005819028222286878
3119,0.005819028222286878,3119,0.008728542333430317,0.005819028222286878
3120,0.005819028222286878,3120,0.008728542333430317,0.005819028222286878
3121,0.005819028222286878,3121,0.008728542333430317,0.005819028222286878
3122,0.005819028222286878,3122,0.008728542333430317,0.005819028222286878
3123,0.005819028222286878,3123,0.008728542333430317,0.005819028222286878
3124,0.005819028222286878,3124,0.008728542333430317,0.005819028222286878
3125,0.005819028222286878,3125,0.008728542333430317,0.005819028222286878
3126,0.005819028222286878,3126,0.008728542333430317,0.005819028222286878
3127,0.005819028222286878,3127,0.008728542333430317,0.005819028222286878
3128,0.005819028222286878,3128,0.008728542333430317,0.005819028222286878
3129,0.005819028222286878,3129,0.008728542333430317,0.005819028222286878
3130,0.005819028222286878,3130,0.008728542333430317,0.005819028222286878
3131,0.005819028222286878,3131,0.008728542333430317,0.005819028222286878
3132,0.005819028222286878,3132,0.008728542333430317,0.005819028222286878
3133,0.005819028222286878,3133,0.008728542333430317,0.005819028222286878
3134,0.005819028222286878,3134,0.008728542333430317,0.005819028222286878
3135,0.005819028222286878,3135,0.008728542333430317,0.005819028222286878
3136,0.005819028222286878,3136,0.008728542333430317,0.005819028222286878
3137,0.005819028222286878,3137,0.008728542333430317,0.005819028222286878
3138,0.005819028222286878,3138,0.008728542333430317,0.005819028222286878
3139,0.005819028222286878,3139,0.008728542333430317,0.005819028222286878
3140,0.005819028222286878,3140,0.008728542333430317,0.005819028222286878
3141,0.005819028222286878,3141,0.008728542333430317,0.005819028222286878
3142,0.005819028222286878,3142,0.008728542333430317,0.005819028222286878
3143,0.005819028222286878,3143,0.008728542333430317,0.005819028222286878
3144,0.005819028222286878,3144,0.008728542333430317,0.005819028222286878
3145,0.005819028222286878,3145,0.008728542333430317,0.005819028222286878
3146,0.005819028222286878,3146,0.008728542333430317,0.005819028222286878
3147,0.005819028222286878,3147,0.008728542333430317,0.005819028222286878
3148,0.005819028222286878,3148,0.008728542333430317,0.005819028222286878
3149,0.005819028222286878,3149,0.008728542333430317,0.005819028222286878
3150,0.005819028222286878,3150,0.008728542333430317,0.005819028222286878
3151,0.005819028222286878,3151,0.008728542333430317,0.005819028222286878
3152,0.005819028222286878,3152,0.008728542333430317,0.005819028222286878
3153,0.005819028222286878,3153,0.008728542333430317,0.005819028222286878
3154,0.005819028222286878,3154,0.008728542333430317,0.005819028222286878
3155,0.005819028222286878,3155,0.008728542333430317,0.005819028222286878
3156,0.005819028222286878,3156,0.008728542333430317,0.005819028222286878
3157,0.005819028222286878,3157,0.008728542333430317,0.005819028222286878
3158,0.005819028222286878,3158,0.008728542333430317,0.005819028222286878
3159,0.005819028222286878,3159,0.008728542333430317,0.005819028222286878
3160,0.005819028222286878,3160,0.008728542333430317,0.005819028222286878
3161,0.005819028222286878,3161,0.008728542333430317,0.005819028222286878
3162,0.005819028222286878,3162,0.008728542333430317,0.005819028222286878
3163,0.005819028222286878,3163,0.008728542333430317,0.005819028222286878
3164,0.005819028222286878,3164,0.008728542333430317,0.005819028222286878
3165,0.005819028222286878,3165,0.008728542333430317,0.005819028222286878
3166,0.005819028222286878,3166,0.008728542333430317,0.005819028222286878
3167,0.005819028222286878,3167,0.008728542333430317,0.005819028222286878
3168,0.005819028222286878,3168,0.008728542333430317,0.005819028222286878
3169,0.005819028222286878,3169,0.008728542333430317,0.005819028222286878
3170,0.005819028222286878,3170,0.008728542333430317,0.005819028222286878
3171,0.005819028222286878,3171,0.008728542333430317,0.005819028222286878
3172,0.005819028222286878,3172,0.008728542333430317,0.005819028222286878
3173,0.005819028222286878,3173,0.008728542333430317,0.005819028222286878
3174,0.005819028222286878,3174,0.008728542333430317,0.005819028222286878
3175,0.005819028222286878,3175,0.008728542333430317,0.005819028222286878
3176,0.005819028222286878,3176,0.008728542333430317,0.005819028222286878
3177,0.005819028222286878,3177,0.008728542333430317,0.005819028222286878
3178,0.005819028222286878,3178,0.008728542333430317,0.005819028222286878
3179,0.005819028222286878,3179,0.008728542333430317,0.005819028222286878
3180,0.005819028222286878,3180,0.008728542333430317,0.005819028222286878
3181,0.005819028222286878,3181,0.008728542333430317,0.005819028222286878
3182,0.005819028222286878,3182,0.008728542333430317,0.005819028222286878
3183,0.005819028222286878,3183,0.008728542333430317,0.005819028222286878
3184,0.005819028222286878,3184,0.008728542333430317,0.005819028222286878
3185,0.005819028222286878,3185,0.008728542333430317,0.005819028222286878
3186,0.005819028222286878,3186,0.008728542333430317,0.005819028222286878
3187,0.005819028222286878,3187,0.008728542333430317,0.005819028222286878
3188,0.005819028222286878,3188,0.008728542333430317,0.005819028222286878
3189,0.005819028222286878,3189,0.008728542333430317,0.005819028222286878
3190,0.005819028222286878,3190,0.008728542333430317,0.005819028222286878
3191,0.005819028222286878,3191,0.008728542333430317,0.005819028222286878
3192,0.005819028222286878,3192,0.008728542333430317,0.005819028222286878
3193,0.005819028222286878,3193,0.008728542333430317,0.005819028222286878
3194,0.005819028222286878,3194,0.008728542333430317,0.005819028222286878
3195,0.005819028222286878,3195,0.008728542333430317,0.005819028222286878
3196,0.005819028222286878,3196,0.008728542333430317,0.005819028222286878
3197,0.005819028222286878,3197,0.008728542333430317,0.005819028222286878
3198,0.005819028222286878,3198,0.008728542333430317,0.005819028222286878
3199,0.005819028222286878,3199,0.008728542333430317,0.005819028222286878
3200,0.005819028222286878,3200,0.008728542333430317,0.005819028222286878
3201,0.005819028222286878,3201,0.008728542333430317,0.005819028222286878
3202,0.005819028222286878,3202,0.008728542333430317,0.005819028222286878
3203,0.005819028222286878,3203,0.008728542333430317,0.005819028222286878
3204,0.005819028222286878,3204,0.008728542333430317,0.005819028222286878
3205,0.005819028222286878,3205,0.008728542333430317,0.005819028222286878
3206,0.005819028222286878,3206,0.008728542333430317,0.005819028222286878
3207,0.005819028222286878,3207,0.008728542333430317,0.005819028222286878
3208,0.005819028222286878,3208,0.008728542333430317,0.005819028222286878
3209,0.005819028222286878,3209,0.008728542333430317,0.005819028222286878
3210,0.005819028222286878,3210,0.008728542333430317,0.005819028222286878
3211,0.005819028222286878,3211,0.008728542333430317,0.005819028222286878
3212,0.005819028222286878,3212,0.008728542333430317,0.005819028222286878
3213,0.005819028222286878,3213,0.008728542333430317,0.005819028222286878
3214,0.005819028222286878,3214,0.008728542333430317,0.005819028222286878
3215,0.005819028222286878,3215,0.008728542333430317,0.005819028222286878
3216,0.005819028222286878,3216,0.008728542333430317,0.005819028222286878
3217,0.005819028222286878,3217,0.008728542333430317,0.005819028222286878
3218,0.005819028222286878,3218,0.008728542333430317,0.005819028222286878
3219,0.005819028222286878,3219,0.008728542333430317,0.005819028222286878
3220,0.005819028222286878,3220,0.008728542333430317,0.005819028222286878
3221,0.005819028222286878,3221,0.008728542333430317,0.005819028222286878
3222,0.005819028222286878,3222,0.008728542333430317,0.005819028222286878
3223,0.005819028222286878,3223,0.008728542333430317,0.005819028222286878
3224,0.005819028222286878,3224,0.008728542333430317,0.005819028222286878
3225,0.005819028222286878,3225,0.008728542333430317,0.005819028222286878
3226,0.005819028222286878,3226,0.008728542333430317,0.005819028222286878
3227,0.005819028222286878,3227,0.008728542333430317,0.005819028222286878
3228,0.005819028222286878,3228,0.008728542333430317,0.005819028222286878
3229,0.005819028222286878,3229,0.008728542333430317,0.005819028222286878
3230,0.005819028222286878,3230,0.008728542333430317,0.005819028222286878
3231,0.005819028222286878,3231,0.008728542333430317,0.005819028222286878
3232,0.005819028222286878,3232,0.008728542333430317,0.005819028222286878
3233,0.005819028222286878,3233,0.008728542333430317,0.005819028222286878
3234,0.005819028222286878,3234,0.008728542333430317,0.005819028222286878
3235,0.005819028222286878,3235,0.008728542333430317,0.005819028222286878
3236,0.005819028222286878,3236,0.008728542333430317,0.005819028222286878
3237,0.005819028222286878,3237,0.008728542333430317,0.005819028222286878
3238,0.005819028222286878,3238,0.008728542333430317,0.005819028222286878
3239,0.005819028222286878,3239,0.008728542333430317,0.005819028222286878
3240,0.005819028222286878,3240,0.008728542333430317,0.005819028222286878
3241,0.005819028222286878,3241,0.008728542333430317,0.005819028222286878
3242,0.005819028222286878,3242,0.008728542333430317,0.005819028222286878
3243,0.005819028222286878,3243,0.008728542333430317,0.005819028222286878
3244,0.005819028222286878,3244,0.008728542333430317,0.005819028222286878
3245,0.005819028222286878,3245,0.008728542333430317,0.005819028222286878
3246,0.005819028222286878,3246,0.008728542333430317,0.005819028222286878
3247,0.005819028222286878,3247,0.008728542333430317,0.005819028222286878
3248,0.005819028222286878,3248,0.008728542333430317,0.005819028222286878
3249,0.005819028222286878,3249,0.008728542333430317,0.005819028222286878
3250,0.005819028222286878,3250,0.008728542333430317,0.005819028222286878
3251,0.005819028222286878,3251,0.008728542333430317,0.005819028222286878
3252,0.005819028222286878,3252,0.008728542333430317,0.005819028222286878
3253,0.005819028222286878,3253,0.008728542333430317,0.005819028222286878
3254,0.005819028222286878,3254,0.008728542333430317,0.005819028222286878
3255,0.005819028222286878,3255,0.008728542333430317,0.005819028222286878
3256,0.005819028222286878,3256,0.008728542333430317,0.005819028222286878
3257,0.005819028222286878,3257,0.008728542333430317,0.005819028222286878
3258,0.005819028222286878,3258,0.008728542333430317,0.005819028222286878
3259,0.005819028222286878,3259,0.008728542333430317,0.005819028222286878
3260,0.005819028222286878,3260,0.008728542333430317,0.005819028222286878
3261,0.005819028222286878,3261,0.008728542333430317,0.005819028222286878
3262,0.005819028222286878,3262,0.008728542333430317,0.005819028222286878
3263,0.005819028222286878,3263,0.008728542333430317,0.005819028222286878
3264,0.005819028222286878,3264,0.008728542333430317,0.005819028222286878
3265,0.005819028222286878,3265,0.008728542333430317,0.005819028222286878
3266,0.005819028222286878,3266,0.008728542333430317,0.005819028222286878
3267,0.005819028222286878,3267,0.008728542333430317,0.005819028222286878
3268,0.005819028222286878,3268,0.008728542333430317,0.005819028222286878
3269,0.005819028222286878,3269,0.008728542333430317,0.005819028222286878
3270,0.005819028222286878,3270,0.008728542333430317,0.005819028222286878
3271,0.005819028222286878,3271,0.008728542333430317,0.005819028222286878
3272,0.005819028222286878,3272,0.008728542333430317,0.005819028222286878
3273,0.005819028222286878,3273,0.008728542333430317,0.005819028222286878
3274,0.005819028222286878,3274,0.008728542333430317,0.005819028222286878
3275,0.005819028222286878,3275,0.008728542333430317,0.005819028222286878
3276,0.005819028222286878,3276,0.008728542333430317,0.005819028222286878
3277,0.005819028222286878,3277,0.008728542333430317,0.005819028222286878
3278,0.005819028222286878,3278,0.008728542333430317,0.005819028222286878
3279,0.005819028222286878,3279,0.008728542333430317,0.005819028222286878
3280,0.005819028222286878,3280,0.008728542333430317,0.005819028222286878
3281,0.005819028222286878,3281,0.008728542333430317,0.005819028222286878
3282,0.005819028222286878,3282,0.008728542333430317,0.005819028222286878
3283,0.005819028222286878,3283,0.008728542333430317,0.005819028222286878
3284,0.005819028222286878,3284,0.008728542333430317,0.005819028222286878
3285,0.005819028222286878,3285,0.008728542333430317,0.005819028222286878
3286,0.005819028222286878,3286,0.008728542333430317,0.005819028222286878
3287,0.005819028222286878,3287,0.008728542333430317,0.005819028222286878
3288,0.005819028222286878,3288,0.008728542333430317,0.005819028222286878
3289,0.005819028222286878,3289,0.008728542333430317,0.005819028222286878
3290,0.005819028222286878,3290,0.008728542333430317,0.005819028222286878
3291,0.005819028222286878,3291,0.008728542333430317,0.005819028222286878
3292,0.005819028222286878,3292,0.008728542333430317,0.005819028222286878
3293,0.005819028222286878,3293,0.008728542333430317,0.005819028222286878
3294,0.005819028222286878,3294,0.008728542333430317,0.005819028222286878
3295,0.005819028222286878,3295,0.008728542333430317,0.005819028222286878
3296,0.005819028222286878,3296,0.008728542333430317,0.005819028222286878
3297,0.005819028222286878,3297,0.008728542333430317,0.005819028222286878
3298,0.005819028222286878,3298,0.008728542333430317,0.005819028222286878
3299,0.005819028222286878,3299,0.008728542333430317,0.005819028222286878
3300,0.005819028222286878,3300,0.008728542333430317,0.005819028222286878
3301,0.005819028222286878,3301,0.008728542333430317,0.005819028222286878
3302,0.005819028222286878,3302,0.008728542333430317,0.005819028222286878
3303,0.005819028222286878,3303,0.008728542333430317,0.005819028222286878
3304,0.005819028222286878,3304,0.008728542333430317,0.005819028222286878
3305,0.005819028222286878,3305,0.008728542333430317,0.005819028222286878
3306,0.005819028222286878,3306,0.008728542333430317,0.005819028222286878
3307,0.005819028222286878,3307,0.008728542333430317,0.005819028222286878
3308,0.005819028222286878,3308,0.008728542333430317,0.005819028222286878
3309,0.005819028222286878,3309,0.008728542333430317,0.005819028222286878
3310,0.005819028222286878,3310,0.008728542333430317,0.005819028222286878
3311,0.005819028222286878,3311,0.008728542333430317,0.005819028222286878
3312,0.005819028222286878,3312,0.008728542333430317,0.005819028222286878
3313,0.005819028222286878,3313,0.008728542333430317,0.005819028222286878
3314,0.005819028222286878,3314,0.008728542333430317,0.005819028222286878
3315,0.005819028222286878,3315,0.008728542333430317,0.005819028222286878
3316,0.005819028222286878,3316,0.008728542333430317,0.005819028222286878
3317,0.005819028222286878,3317,0.008728542333430317,0.005819028222286878
3318,0.005819028222286878,3318,0.008728542333430317,0.005819028222286878
3319,0.005819028222286878,3319,0.008728542333430317,0.005819028222286878
3320,0.005819028222286878,3320,0.008728542333430317,0.005819028222286878
3321,0.005819028222286878,3321,0.008728542333430317,0.005819028222286878
3322,0.005819028222286878,3322,0.008728542333430317,0.005819028222286878
3323,0.005819028222286878,3323,0.008728542333430317,0.005819028222286878
3324,0.005819028222286878,3324,0.008728542333430317,0.005819028222286878
3325,0.005819028222286878,3325,0.008728542333430317,0.005819028222286878
3326,0.005819028222286878,3326,0.008728542333430317,0.005819028222286878
3327,0.005819028222286878,3327,0.008728542333430317,0.005819028222286878
3328,0.005819028222286878,3328,0.008728542333430317,0.005819028222286878
3329,0.005819028222286878,3329,0.008728542333430317,0.005819028222286878
3330,0.005819028222286878,3330,0.008728542333430317,0.005819028222286878
3331,0.005819028222286878,3331,0.008728542333430317,0.005819028222286878
3332,0.005819028222286878,3332,0.008728542333430317,0.005819028222286878
3333,0.005819028222286878,3333,0.008728542333430317,0.005819028222286878
3334,0.005819028222286878,3334,0.008728542333430317,0.005819028222286878
3335,0.005819028222286878,3335,0.008728542333430317,0.005819028222286878
3336,0.005819028222286878,3336,0.008728542333430317,0.005819028222286878
3337,0.005819028222286878,3337,0.008728542333430317,0.005819028222286878
3338,0.005819028222286878,3338,0.008728542333430317,0.005819028222286878
3339,0.005819028222286878,3339,0.008728542333430317,0.005819028222286878
3340,0.005819028222286878,3340,0.008728542333430317,0.005819028222286878
3341,0.005819028222286878,3341,0.008728542333430317,0.005819028222286878
3342,0.005819028222286878,3342,0.008728542333430317,0.005819028222286878
3343,0.005819028222286878,3343,0.008728542333430317,0.005819028222286878
3344,0.005819028222286878,3344,0.008728542333430317,0.005819028222286878
3345,0.005819028222286878,3345,0.008728542333430317,0.005819028222286878
3346,0.005819028222286878,3346,0.008728542333430317,0.005819028222286878
3347,0.005819028222286878,3347,0.008728542333430317,0.005819028222286878
3348,0.005819028222286878,3348,0.008728542333430317,0.005819028222286878
3349,0.005819028222286878,3349,0.008728542333430317,0.005819028222286878
3350,0.005819028222286878,3350,0.008728542333430317,0.005819028222286878
3351,0.005819028222286878,3351,0.008728542333430317,0.005819028222286878
3352,0.005819028222286878,3352,0.008728542333430317,0.005819028222286878
3353,0.005819028222286878,3353,0.008728542333430317,0.005819028222286878
3354,0.005819028222286878,3354,0.008728542333430317,0.005819028222286878
3355,0.005819028222286878,3355,0.008728542333430317,0.005819028222286878
3356,0.005819028222286878,3356,0.008728542333430317,0.005819028222286878
3357,0.005819028222286878,3357,0.008728542333430317,0.005819028222286878
3358,0.005819028222286878,3358,0.008728542333430317,0.005819028222286878
3359,0.005819028222286878,3359,0.008728542333430317,0.005819028222286878
3360,0.005819028222286878,3360,0.008728542333430317,0.005819028222286878
3361,0.005819028222286878,3361,0.008728542333430317,0.005819028222286878
3362,0.005819028222286878,3362,0.008728542333430317,0.005819028222286878
3363,0.005819028222286878,3363,0.008728542333430317,0.005819028222286878
3364,0.005819028222286878,3364,0.008728542333430317,0.005819028222286878
3365,0.005819028222286878,3365,0.008728542333430317,0.005819028222286878
3366,0.005819028222286878,3366,0.008728542333430317,0.005819028222286878
3367,0.005819028222286878,3367,0.008728542333430317,0.005819028222286878
3368,0.005819028222286878,3368,0.008728542333430317,0.005819028222286878
3369,0.005819028222286878,3369,0.008728542333430317,0.005819028222286878
3370,0.005819028222286878,3370,0.008728542333430317,0.005819028222286878
3371,0.005819028222286878,3371,0.008728542333430317,0.005819028222286878
3372,0.005819028222286878,3372,0.008728542333430317,0.005819028222286878
3373,0.005819028222286878,3373,0.008728542333430317,0.005819028222286878
3374,0.005819028222286878,3374,0.008728542333430317,0.005819028222286878
3375,0.005819028222286878,3375,0.008728542333430317,0.005819028222286878
3376,0.005819028222286878,3376,0.008728542333430317,0.005819028222286878
3377,0.005819028222286878,3377,0.008728542333430317,0.005819028222286878
3378,0.005819028222286878,3378,0.008728542333430317,0.005819028222286878
3379,0.005819028222286878,3379,0.008728542333430317,0.005819028222286878
3380,0.005819028222286878,3380,0.008728542333430317,0.005819028222286878
3381,0.005819028222286878,3381,0.008728542333430317,0.005819028222286878
3382,0.005819028222286878,3382,0.008728542333430317,0.005819028222286878
3383,0.005819028222286878,3383,0.008728542333430317,0.005819028222286878
3384,0.005819028222286878,3384,0.008728542333430317,0.005819028222286878
3385,0.005819028222286878,3385,0.008728542333430317,0.005819028222286878
3386,0.005819028222286878,3386,0.008728542333430317,0.005819028222286878
3387,0.005819028222286878,3387,0.008728542333430317,0.005819028222286878
3388,0.005819028222286878,3388,0.008728542333430317,0.005819028222286878
3389,0.005819028222286878,3389,0.008728542333430317,0.005819028222286878
3390,0.005819028222286878,3390,0.008728542333430317,0.005819028222286878
3391,0.005819028222286878,3391,0.008728542333430317,0.005819028222286878
3392,0.005819028222286878,3392,0.008728542333430317,0.005819028222286878
3393,0.005819028222286878,3393,0.008728542333430317,0.005819028222286878
3394,0.005819028222286878,3394,0.008728542333430317,0.005819028222286878
3395,0.005819028222286878,3395,0.008728542333430317,0.005819028222286878
3396,0.005819028222286878,3396,0.008728542333430317,0.005819028222286878
3397,0.005819028222286878,3397,0.008728542333430317,0.005819028222286878
3398,0.005819028222286878,3398,0.008728542333430317,0.005819028222286878
3399,0.005819028222286878,3399,0.008728542333430317,0.005819028222286878
3400,0.005819028222286878,3400,0.008728542333430317,0.005819028222286878
3401,0.005819028222286878,3401,0.008728542333430317,0.005819028222286878
3402,0.005819028222286878,3402,0.008728542333430317,0.005819028222286878
3403,0.005819028222286878,3403,0.008728542333430317,0.005819028222286878
3404,0.005819028222286878,3404,0.008728542333430317,0.005819028222286878
3405,0.005819028222286878,3405,0.008728542333430317,0.005819028222286878
3406,0.005819028222286878,3406,0.008728542333430317,0.005819028222286878
3407,0.005819028222286878,3407,0.008728542333430317,0.005819028222286878
3408,0.005819028222286878,3408,0.008728542333430317,0.005819028222286878
3409,0.005819028222286878,3409,0.008728542333430317,0.005819028222286878
3410,0.005819028222286878,3410,0.008728542333430317,0.005819028222286878
3411,0.005819028222286878,3411,0.008728542333430317,0.005819028222286878
3412,0.005819028222286878,3412,0.008728542333430317,0.005819028222286878
3413,0.005819028222286878,3413,0.008728542333430317,0.005819028222286878
3414,0.005819028222286878,3414,0.008728542333430317,0.005819028222286878
3415,0.005819028222286878,3415,0.008728542333430317,0.005819028222286878
3416,0.005819028222286878,3416,0.008728542333430317,0.005819028222286878
3417,0.005819028222286878,3417,0.008728542333430317,0.005819028222286878
3418,0.005819028222286878,3418,0.008728542333430317,0.005819028222286878
3419,0.005819028222286878,3419,0.008728542333430317,0.005819028222286878
3420,0.005819028222286878,3420,0.008728542333430317,0.005819028222286878
3421,0.005819028222286878,3421,0.008728542333430317,0.005819028222286878
3422,0.005819028222286878,3422,0.008728542333430317,0.005819028222286878
3423,0.005819028222286878,3423,0.008728542333430317,0.005819028222286878
3424,0.005819028222286878,3424,0.008728542333430317,0.005819028222286878
3425,0.005819028222286878,3425,0.008728542333430317,0.005819028222286878
3426,0.005819028222286878,3426,0.008728542333430317,0.005819028222286878
3427,0.005819028222286878,3427,0.008728542333430317,0.005819028222286878
3428,0.005819028222286878,3428,0.008728542333430317,0.005819028222286878
3429,0.005819028222286878,3429,0.008728542333430317,0.005819028222286878
3430,0.005819028222286878,3430,0.008728542333430317,0.005819028222286878
3431,0.005819028222286878,3431,0.008728542333430317,0.005819028222286878
3432,0.005819028222286878,3432,0.008728542333430317,0.005819028222286878
3433,0.005819028222286878,3433,0.008728542333430317,0.005819028222286878
3434,0.005819028222286878,3434,0.008728542333430317,0.005819028222286878
3435,0.005819028222286878,3435,0.008728542333430317,0.005819028222286878
3436,0.005819028222286878,3436,0.008728542333430317,0.005819028222286878
3437,0.005819028222286878,3437,0.008728542333430317,0.005819028222286878
3438,0.005819028222286878,3438,0.008728542333430317,0.005819028222286878
3439,0.005819028222286878,3439,0.008728542333430317,0.005819028222286878
3440,0.005819028222286878,3440,0.008728542333430317,0.005819028222286878
3441,0.005819028222286878,3441,0.008728542333430317,0.005819028222286878
3442,0.005819028222286878,3442,0.008728542333430317,0.005819028222286878
3443,0.005819028222286878,3443,0.008728542333430317,0.005819028222286878
3444,0.005819028222286878,3444,0.008728542333430317,0.005819028222286878
3445,0.005819028222286878,3445,0.008728542333430317,0.005819028222286878
3446,0.005819028222286878,3446,0.008728542333430317,0.005819028222286878
3447,0.005819028222286878,3447,0.008728542333430317,0.005819028222286878
3448,0.005819028222286878,3448,0.008728542333430317,0.005819028222286878
3449,0.005819028222286878,3449,0.008728542333430317,0.005819028222286878
3450,0.005819028222286878,3450,0.008728542333430317,0.005819028222286878
3451,0.005819028222286878,3451,0.008728542333430317,0.005819028222286878
3452,0.005819028222286878,3452,0.008728542333430317,0.005819028222286878
3453,0.005819028222286878,3453,0.008728542333430317,0.005819028222286878
3454,0.005819028222286878,3454,0.008728542333430317,0.005819028222286878
3455,0.005819028222286878,3455,0.008728542333430317,0.005819028222286878
3456,0.005819028222286878,3456,0.008728542333430317,0.005819028222286878
3457,0.005819028222286878,3457,0.008728542333430317,0.005819028222286878
3458,0.005819028222286878,3458,0.008728542333430317,0.005819028222286878
3459,0.005819028222286878,3459,0.008728542333430317,0.005819028222286878
3460,0.005819028222286878,3460,0.008728542333430317,0.005819028222286878
3461,0.005819028222286878,3461,0.008728542333430317,0.005819028222286878
3462,0.005819028222286878,3462,0.008728542333430317,0.005819028222286878
3463,0.005819028222286878,3463,0.008728542333430317,0.005819028222286878
3464,0.005819028222286878,3464,0.008728542333430317,0.005819028222286878
3465,0.005819028222286878,3465,0.008728542333430317,0.005819028222286878
3466,0.005819028222286878,3466,0.008728542333430317,0.005819028222286878
3467,0.005819028222286878,3467,0.008728542333430317,0.005819028222286878
3468,0.005819028222286878,3468,0.008728542333430317,0.005819028222286878
3469,0.005819028222286878,3469,0.008728542333430317,0.005819028222286878
3470,0.005819028222286878,3470,0.008728542333430317,0.005819028222286878
3471,0.005819028222286878,3471,0.008728542333430317,0.005819028222286878
3472,0.005819028222286878,3472,0.008728542333430317,0.005819028222286878
3473,0.005819028222286878,3473,0.008728542333430317,0.005819028222286878
3474,0.005819028222286878,3474,0.008728542333430317,0.005819028222286878
3475,0.005819028222286878,3475,0.008728542333430317,0.005819028222286878
3476,0.005819028222286878,3476,0.008728542333430317,0.005819028222286878
3477,0.005819028222286878,3477,0.008728542333430317,0.005819028222286878
3478,0.005819028222286878,3478,0.008728542333430317,0.005819028222286878
3479,0.005819028222286878,3479,0.008728542333430317,0.005819028222286878
3480,0.005819028222286878,3480,0.008728542333430317,0.005819028222286878
3481,0.005819028222286878,3481,0.008728542333430317,0.005819028222286878
3482,0.005819028222286878,3482,0.008728542333430317,0.005819028222286878
3483,0.005819028222286878,3483,0.008728542333430317,0.005819028222286878
3484,0.005819028222286878,3484,0.008728542333430317,0.005819028222286878
3485,0.005819028222286878,3485,0.008728542333430317,0.005819028222286878
3486,0.005819028222286878,3486,0.008728542333430317,0.005819028222286878
3487,0.005819028222286878,3487,0.008728542333430317,0.005819028222286878
3488,0.005819028222286878,3488,0.008728542333430317,0.005819028222286878
3489,0.005819028222286878,3489,0.008728542333430317,0.005819028222286878
3490,0.005819028222286878,3490,0.008728542333430317,0.005819028222286878
3491,0.005819028222286878,3491,0.008728542333430317,0.005819028222286878
3492,0.005819028222286878,3492,0.008728542333430317,0.005819028222286878
3493,0.005819028222286878,3493,0.008728542333430317,0.005819028222286878
3494,0.005819028222286878,3494,0.008728542333430317,0.005819028222286878
3495,0.005819028222286878,3495,0.008728542333430317,0.005819028222286878
3496,0.005819028222286878,3496,0.008728542333430317,0.005819028222286878
3497,0.005819028222286878,3497,0.008728542333430317,0.005819028222286878
3498,0.005819028222286878,3498,0.008728542333430317,0.005819028222286878
3499,0.005819028222286878,3499,0.008728542333430317,0.005819028222286878
3500,0.005819028222286878,3500,0.008728542333430317,0.005819028222286878
3501,0.005819028222286878,3501,0.008728542333430317,0.005819028222286878
3502,0.005819028222286878,3502,0.008728542333430317,0.005819028222286878
3503,0.005819028222286878,3503,0.008728542333430317,0.005819028222286878
3504,0.005819028222286878,3504,0.008728542333430317,0.005819028222286878
3505,0.005819028222286878,3505,0.008728542333430317,0.005819028222286878
3506,0.005819028222286878,3506,0.008728542333430317,0.005819028222286878
3507,0.005819028222286878,3507,0.008728542333430317,0.005819028222286878
3508,0.005819028222286878,3508,0.008728542333430317,0.005819028222286878
3509,0.005819028222286878,3509,0.008728542333430317,0.005819028222286878
3510,0.005819028222286878,3510,0.008728542333430317,0.005819028222286878
3511,0.005819028222286878,3511,0.008728542333430317,0.005819028222286878
3512,0.005819028222286878,3512,0.008728542333430317,0.005819028222286878
3513,0.005819028222286878,3513,0.008728542333430317,0.005819028222286878
3514,0.005819028222286878,3514,0.008728542333430317,0.005819028222286878
3515,0.005819028222286878,3515,0.008728542333430317,0.005819028222286878
3516,0.005819028222286878,3516,0.008728542333430317,0.005819028222286878
3517,0.005819028222286878,3517,0.008728542333430317,0.005819028222286878
3518,0.005819028222286878,3518,0.008728542333430317,0.005819028222286878
3519,0.005819028222286878,3519,0.008728542333430317,0.005819028222286878
3520,0.005819028222286878,3520,0.008728542333430317,0.005819028222286878
3521,0.005819028222286878,3521,0.008728542333430317,0.005819028222286878
3522,0.005819028222286878,3522,0.008728542333430317,0.005819028222286878
3523,0.005819028222286878,3523,0.008728542333430317,0.005819028222286878
3524,0.005819028222286878,3524,0.008728542333430317,0.005819028222286878
3525,0.005819028222286878,3525,0.008728542333430317,0.005819028222286878
3526,0.005819028222286878,3526,0.008728542333430317,0.005819028222286878
3527,0.005819028222286878,3527,0.008728542333430317,0.005819028222286878
3528,0.005819028222286878,3528,0.008728542333430317,0.005819028222286878
3529,0.005819028222286878,3529,0.008728542333430317,0.005819028222286878
3530,0.005819028222286878,3530,0.008728542333430317,0.005819028222286878
3531,0.005819028222286878,3531,0.008728542333430317,0.005819028222286878
3532,0.005819028222286878,3532,0.008728542333430317,0.005819028222286878
3533,0.005819028222286878,3533,0.008728542333430317,0.005819028222286878
3534,0.005819028222286878,3534,0.008728542333430317,0.005819028222286878
3535,0.005819028222286878,3535,0.008728542333430317,0.005819028222286878
3536,0.005819028222286878,3536,0.008728542333430317,0.005819028222286878
3537,0.005819028222286878,3537,0.008728542333430317,0.005819028222286878
3538,0.005819028222286878,3538,0.008728542333430317,0.005819028222286878
3539,0.005819028222286878,3539,0.008728542333430317,0.005819028222286878
3540,0.005819028222286878,3540,0.008728542333430317,0.005819028222286878
3541,0.005819028222286878,3541,0.008728542333430317,0.005819028222286878
3542,0.005819028222286878,3542,0.008728542333430317,0.005819028222286878
3543,0.005819028222286878,3543,0.008728542333430317,0.005819028222286878
3544,0.005819028222286878,3544,0.008728542333430317,0.005819028222286878
3545,0.005819028222286878,3545,0.008728542333430317,0.005819028222286878
3546,0.005819028222286878,3546,0.008728542333430317,0.005819028222286878
3547,0.005819028222286878,3547,0.008728542333430317,0.005819028222286878
3548,0.005819028222286878,3548,0.008728542333430317,0.005819028222286878
3549,0.005819028222286878,3549,0.008728542333430317,0.005819028222286878
3550,0.005819028222286878,3550,0.008728542333430317,0.005819028222286878
3551,0.005819028222286878,3551,0.008728542333430317,0.005819028222286878
3552,0.005819028222286878,3552,0.008728542333430317,0.005819028222286878
3553,0.005819028222286878,3553,0.008728542333430317,0.005819028222286878
3554,0.005819028222286878,3554,0.008728542333430317,0.005819028222286878
3555,0.005819028222286878,3555,0.008728542333430317,0.005819028222286878
3556,0.005819028222286878,3556,0.008728542333430317,0.005819028222286878
3557,0.005819028222286878,3557,0.008728542333430317,0.005819028222286878
3558,0.005819028222286878,3558,0.008728542333430317,0.005819028222286878
3559,0.005819028222286878,3559,0.008728542333430317,0.005819028222286878
3560,0.005819028222286878,3560,0.008728542333430317,0.005819028222286878
3561,0.005819028222286878,3561,0.008728542333430317,0.005819028222286878
3562,0.005819028222286878,3562,0.008728542333430317,0.005819028222286878
3563,0.005819028222286878,3563,0.008728542333430317,0.005819028222286878
3564,0.005819028222286878,3564,0.008728542333430317,0.005819028222286878
3565,0.005819028222286878,3565,0.008728542333430317,0.005819028222286878
3566,0.005819028222286878,3566,0.008728542333430317,0.005819028222286878
3567,0.005819028222286878,3567,0.008728542333430317,0.005819028222286878
3568,0.005819028222286878,3568,0.008728542333430317,0.005819028222286878
3569,0.005819028222286878,3569,0.008728542333430317,0.005819028222286878
3570,0.005819028222286878,3570,0.008728542333430317,0.005819028222286878
3571,0.005819028222286878,3571,0.008728542333430317,0.005819028222286878
3572,0.005819028222286878,3572,0.008728542333430317,0.005819028222286878
3573,0.005819028222286878,3573,0.008728542333430317,0.005819028222286878
3574,0.005819028222286878,3574,0.008728542333430317,0.005819028222286878
3575,0.005819028222286878,3575,0.008728542333430317,0.005819028222286878
3576,0.005819028222286878,3576,0.008728542333430317,0.005819028222286878
3577,0.005819028222286878,3577,0.008728542333430317,0.005819028222286878
3578,0.005819028222286878,3578,0.008728542333430317,0.005819028222286878
3579,0.005819028222286878,3579,0.008728542333430317,0.005819028222286878
3580,0.005819028222286878,3580,0.008728542333430317,0.005819028222286878
3581,0.005819028222286878,3581,0.008728542333430317,0.005819028222286878
3582,0.005819028222286878,3582,0.008728542333430317,0.005819028222286878
3583,0.005819028222286878,3583,0.008728542333430317,0.005819028222286878
3584,0.005819028222286878,3584,0.008728542333430317,0.005819028222286878
3585,0.005819028222286878,3585,0.008728542333430317,0.005819028222286878
3586,0.005819028222286878,3586,0.008728542333430317,0.005819028222286878
3587,0.005819028222286878,3587,0.008728542333430317,0.005819028222286878
3588,0.005819028222286878,3588,0.008728542333430317,0.005819028222286878
3589,0.005819028222286878,3589,0.008728542333430317,0.005819028222286878
3590,0.005819028222286878,3590,0.008728542333430317,0.005819028222286878
3591,0.005819028222286878,3591,0.008728542333430317,0.005819028222286878
3592,0.005819028222286878,3592,0.008728542333430317,0.005819028222286878
3593,0.005819028222286878,3593,0.008728542333430317,0.005819028222286878
3594,0.005819028222286878,3594,0.008728542333430317,0.005819028222286878
3595,0.005819028222286878,3595,0.008728542333430317,0.005819028222286878
3596,0.005819028222286878,3596,0.008728542333430317,0.005819028222286878
3597,0.005819028222286878,3597,0.008728542333430317,0.005819028222286878
3598,0.005819028222286878,3598,0.008728542333430317,0.005819028222286878
3599,0.005819028222286878,3599,0.008728542333430317,0.005819028222286878
3600,0.005819028222286878,3600,0.008728542333430317,0.005819028222286878
3601,0.005819028222286878,3601,0.008728542333430317,0.005819028222286878
3602,0.005819028222286878,3602,0.008728542333430317,0.005819028222286878
3603,0.005819028222286878,3603,0.008728542333430317,0.005819028222286878
3604,0.005819028222286878,3604,0.008728542333430317,0.005819028222286878
3605,0.005819028222286878,3605,0.008728542333430317,0.005819028222286878
3606,0.005819028222286878,3606,0.008728542333430317,0.005819028222286878
3607,0.005819028222286878,3607,0.008728542333430317,0.005819028222286878
3608,0.005819028222286878,3608,0.008728542333430317,0.005819028222286878
3609,0.005819028222286878,3609,0.008728542333430317,0.005819028222286878
3610,0.005819028222286878,3610,0.008728542333430317,0.005819028222286878
3611,0.005819028222286878,3611,0.008728542333430317,0.005819028222286878
3612,0.005819028222286878,3612,0.008728542333430317,0.005819028222286878
3613,0.005819028222286878,3613,0.008728542333430317,0.005819028222286878
3614,0.005819028222286878,3614,0.008728542333430317,0.005819028222286878
3615,0.005819028222286878,3615,0.008728542333430317,0.005819028222286878
3616,0.005819028222286878,3616,0.008728542333430317,0.005819028222286878
3617,0.005819028222286878,3617,0.008728542333430317,0.005819028222286878
3618,0.005819028222286878,3618,0.008728542333430317,0.005819028222286878
3619,0.005819028222286878,3619,0.008728542333430317,0.005819028222286878
3620,0.005819028222286878,3620,0.008728542333430317,0.005819028222286878
3621,0.005819028222286878,3621,0.008728542333430317,0.005819028222286878
3622,0.005819028222286878,3622,0.008728542333430317,0.005819028222286878
3623,0.005819028222286878,3623,0.008728542333430317,0.005819028222286878
3624,0.005819028222286878,3624,0.008728542333430317,0.005819028222286878
3625,0.005819028222286878,3625,0.008728542333430317,0.005819028222286878
3626,0.005819028222286878,3626,0.008728542333430317,0.005819028222286878
3627,0.005819028222286878,3627,0.008728542333430317,0.005819028222286878
3628,0.005819028222286878,3628,0.008728542333430317,0.005819028222286878
3629,0.005819028222286878,3629,0.008728542333430317,0.005819028222286878
3630,0.005819028222286878,3630,0.008728542333430317,0.005819028222286878
3631,0.005819028222286878,3631,0.008728542333430317,0.005819028222286878
3632,0.005819028222286878,3632,0.008728542333430317,0.005819028222286878
3633,0.005819028222286878,3633,0.008728542333430317,0.005819028222286878
3634,0.005819028222286878,3634,0.008728542333430317,0.005819028222286878
3635,0.005819028222286878,3635,0.008728542333430317,0.005819028222286878
3636,0.005819028222286878,3636,0.008728542333430317,0.005819028222286878
3637,0.005819028222286878,3637,0.008728542333430317,0.005819028222286878
3638,0.005819028222286878,3638,0.008728542333430317,0.005819028222286878
3639,0.005819028222286878,3639,0.008728542333430317,0.005819028222286878
3640,0.005819028222286878,3640,0.008728542333430317,0.005819028222286878
3641,0.005819028222286878,3641,0.008728542333430317,0.005819028222286878
3642,0.005819028222286878,3642,0.008728542333430317,0.005819028222286878
3643,0.005819028222286878,3643,0.008728542333430317,0.005819028222286878
3644,0.005819028222286878,3644,0.008728542333430317,0.005819028222286878
3645,0.005819028222286878,3645,0.008728542333430317,0.005819028222286878
3646,0.005819028222286878,3646,0.008728542333430317,0.005819028222286878
3647,0.005819028222286878,3647,0.008728542333430317,0.005819028222286878
3648,0.005819028222286878,3648,0.008728542333430317,0.005819028222286878
3649,0.005819028222286878,3649,0.008728542333430317,0.005819028222286878
3650,0.005819028222286878,3650,0.008728542333430317,0.005819028222286878
3651,0.005819028222286878,3651,0.008728542333430317,0.005819028222286878
3652,0.005819028222286878,3652,0.008728542333430317,0.005819028222286878
3653,0.005819028222286878,3653,0.008728542333430317,0.005819028222286878
3654,0.005819028222286878,3654,0.008728542333430317,0.005819028222286878
3655,0.005819028222286878,3655,0.008728542333430317,0.005819028222286878
3656,0.005819028222286878,3656,0.008728542333430317,0.005819028222286878
3657,0.005819028222286878,3657,0.008728542333430317,0.005819028222286878
3658,0.005819028222286878,3658,0.008728542333430317,0.005819028222286878
3659,0.005819028222286878,3659,0.008728542333430317,0.005819028222286878
3660,0.005819028222286878,3660,0.008728542333430317,0.005819028222286878
3661,0.005819028222286878,3661,0.008728542333430317,0.005819028222286878
3662,0.005819028222286878,3662,0.008728542333430317,0.005819028222286878
3663,0.005819028222286878,3663,0.008728542333430317,0.005819028222286878
3664,0.005819028222286878,3664,0.008728542333430317,0.005819028222286878
3665,0.005819028222286878,3665,0.008728542333430317,0.005819028222286878
3666,0.005819028222286878,3666,0.008728542333430317,0.005819028222286878
3667,0.005819028222286878,3667,0.008728542333430317,0.005819028222286878
3668,0.005819028222286878,3668,0.008728542333430317,0.005819028222286878
3669,0.005819028222286878,3669,0.008728542333430317,0.005819028222286878
3670,0.005819028222286878,3670,0.008728542333430317,0.005819028222286878
3671,0.005819028222286878,3671,0.008728542333430317,0.005819028222286878
3672,0.005819028222286878,3672,0.008728542333430317,0.005819028222286878
3673,0.005819028222286878,3673,0.008728542333430317,0.005819028222286878
3674,0.005819028222286878,3674,0.008728542333430317,0.005819028222286878
3675,0.005819028222286878,3675,0.008728542333430317,0.005819028222286878
3676,0.005819028222286878,3676,0.008728542333430317,0.005819028222286878
3677,0.005819028222286878,3677,0.008728542333430317,0.005819028222286878
3678,0.005819028222286878,3678,0.008728542333430317,0.005819028222286878
3679,0.005819028222286878,3679,0.008728542333430317,0.005819028222286878
3680,0.005819028222286878,3680,0.008728542333430317,0.005819028222286878
3681,0.005819028222286878,3681,0.008728542333430317,0.005819028222286878
3682,0.005819028222286878,3682,0.008728542333430317,0.005819028222286878
3683,0.005819028222286878,3683,0.008728542333430317,0.005819028222286878
3684,0.005819028222286878,3684,0.008728542333430317,0.005819028222286878
3685,0.005819028222286878,3685,0.008728542333430317,0.005819028222286878
3686,0.005819028222286878,3686,0.008728542333430317,0.005819028222286878
3687,0.005819028222286878,3687,0.008728542333430317,0.005819028222286878
3688,0.005819028222286878,3688,0.008728542333430317,0.005819028222286878
3689,0.005819028222286878,3689,0.008728542333430317,0.005819028222286878
3690,0.005819028222286878,3690,0.008728542333430317,0.005819028222286878
3691,0.005819028222286878,3691,0.008728542333430317,0.005819028222286878
3692,0.005819028222286878,3692,0.008728542333430317,0.005819028222286878
3693,0.005819028222286878,3693,0.008728542333430317,0.005819028222286878
3694,0.005819028222286878,3694,0.008728542333430317,0.005819028222286878
3695,0.005819028222286878,3695,0.008728542333430317,0.005819028222286878
3696,0.005819028222286878,3696,0.008728542333430317,0.005819028222286878
3697,0.005819028222286878,3697,0.008728542333430317,0.005819028222286878
3698,0.005819028222286878,3698,0.008728542333430317,0.005819028222286878
3699,0.005819028222286878,3699,0.008728542333430317,0.005819028222286878
3700,0.005819028222286878,3700,0.008728542333430317,0.005819028222286878
3701,0.005819028222286878,3701,0.008728542333430317,0.005819028222286878
3702,0.005819028222286878,3702,0.008728542333430317,0.005819028222286878
3703,0.005819028222286878,3703,0.008728542333430317,0.005819028222286878
3704,0.005819028222286878,3704,0.008728542333430317,0.005819028222286878
3705,0.005819028222286878,3705,0.008728542333430317,0.005819028222286878
3706,0.005819028222286878,3706,0.008728542333430317,0.005819028222286878
3707,0.005819028222286878,3707,0.008728542333430317,0.005819028222286878
3708,0.005819028222286878,3708,0.008728542333430317,0.005819028222286878
3709,0.005819028222286878,3709,0.008728542333430317,0.005819028222286878
3710,0.005819028222286878,3710,0.008728542333430317,0.005819028222286878
3711,0.005819028222286878,3711,0.008728542333430317,0.005819028222286878
3712,0.005819028222286878,3712,0.008728542333430317,0.005819028222286878
3713,0.005819028222286878,3713,0.008728542333430317,0.005819028222286878
3714,0.005819028222286878,3714,0.008728542333430317,0.005819028222286878
3715,0.005819028222286878,3715,0.008728542333430317,0.005819028222286878
3716,0.005819028222286878,3716,0.008728542333430317,0.005819028222286878
3717,0.005819028222286878,3717,0.008728542333430317,0.005819028222286878
3718,0.005819028222286878,3718,0.008728542333430317,0.005819028222286878
3719,0.005819028222286878,3719,0.008728542333430317,0.005819028222286878
3720,0.005819028222286878,3720,0.008728542333430317,0.005819028222286878
3721,0.005819028222286878,3721,0.008728542333430317,0.005819028222286878
3722,0.005819028222286878,3722,0.008728542333430317,0.005819028222286878
3723,0.005819028222286878,3723,0.008728542333430317,0.005819028222286878
3724,0.005819028222286878,3724,0.008728542333430317,0.005819028222286878
3725,0.005819028222286878,3725,0.008728542333430317,0.005819028222286878
3726,0.005819028222286878,3726,0.008728542333430317,0.005819028222286878
3727,0.005819028222286878,3727,0.008728542333430317,0.005819028222286878
3728,0.005819028222286878,3728,0.008728542333430317,0.005819028222286878
3729,0.005819028222286878,3729,0.008728542333430317,0.005819028222286878
3730,0.005819028222286878,3730,0.008728542333430317,0.005819028222286878
3731,0.005819028222286878,3731,0.008728542333430317,0.005819028222286878
3732,0.005819028222286878,3732,0.008728542333430317,0.005819028222286878
3733,0.005819028222286878,3733,0.008728542333430317,0.005819028222286878
3734,0.005819028222286878,3734,0.008728542333430317,0.005819028222286878
3735,0.005819028222286878,3735,0.008728542333430317,0.005819028222286878
3736,0.005819028222286878,3736,0.008728542333430317,0.005819028222286878
3737,0.005819028222286878,3737,0.008728542333430317,0.005819028222286878
3738,0.005819028222286878,3738,0.008728542333430317,0.005819028222286878
3739,0.005819028222286878,3739,0.008728542333430317,0.005819028222286878
3740,0.005819028222286878,3740,0.008728542333430317,0.005819028222286878
3741,0.005819028222286878,3741,0.008728542333430317,0.005819028222286878
3742,0.005819028222286878,3742,0.008728542333430317,0.005819028222286878
3743,0.005819028222286878,3743,0.008728542333430317,0.005819028222286878
3744,0.005819028222286878,3744,0.008728542333430317,0.005819028222286878
3745,0.005819028222286878,3745,0.008728542333430317,0.005819028222286878
3746,0.005819028222286878,3746,0.008728542333430317,0.005819028222286878
3747,0.005819028222286878,3747,0.008728542333430317,0.005819028222286878
3748,0.005819028222286878,3748,0.008728542333430317,0.005819028222286878
3749,0.005819028222286878,3749,0.008728542333430317,0.005819028222286878
3750,0.005819028222286878,3750,0.008728542333430317,0.005819028222286878
3751,0.005819028222286878,3751,0.008728542333430317,0.005819028222286878
3752,0.005819028222286878,3752,0.008728542333430317,0.005819028222286878
3753,0.005819028222286878,3753,0.008728542333430317,0.005819028222286878
3754,0.005819028222286878,3754,0.008728542333430317,0.005819028222286878
3755,0.005819028222286878,3755,0.008728542333430317,0.005819028222286878
3756,0.005819028222286878,3756,0.008728542333430317,0.005819028222286878
3757,0.005819028222286878,3757,0.008728542333430317,0.005819028222286878
3758,0.005819028222286878,3758,0.008728542333430317,0.005819028222286878
3759,0.005819028222286878,3759,0.008728542333430317,0.005819028222286878
3760,0.005819028222286878,3760,0.008728542333430317,0.005819028222286878
3761,0.005819028222286878,3761,0.008728542333430317,0.005819028222286878
3762,0.005819028222286878,3762,0.008728542333430317,0.005819028222286878
3763,0.005819028222286878,3763,0.008728542333430317,0.005819028222286878
3764,0.005819028222286878,3764,0.008728542333430317,0.005819028222286878
3765,0.005819028222286878,3765,0.008728542333430317,0.005819028222286878
3766,0.005819028222286878,3766,0.008728542333430317,0.005819028222286878
3767,0.005819028222286878,3767,0.008728542333430317,0.005819028222286878
3768,0.005819028222286878,3768,0.008728542333430317,0.005819028222286878
3769,0.005819028222286878,3769,0.008728542333430317,0.005819028222286878
3770,0.005819028222286878,3770,0.008728542333430317,0.005819028222286878
3771,0.005819028222286878,3771,0.008728542333430317,0.005819028222286878
3772,0.005819028222286878,3772,0.008728542333430317,0.005819028222286878
3773,0.005819028222286878,3773,0.008728542333430317,0.005819028222286878
3774,0.005819028222286878,3774,0.008728542333430317,0.005819028222286878
3775,0.005819028222286878,3775,0.008728542333430317,0.005819028222286878
3776,0.005819028222286878,3776,0.008728542333430317,0.005819028222286878
3777,0.005819028222286878,3777,0.008728542333430317,0.005819028222286878
3778,0.005819028222286878,3778,0.008728542333430317,0.005819028222286878
3779,0.005819028222286878,3779,0.008728542333430317,0.005819028222286878
3780,0.005819028222286878,3780,0.008728542333430317,0.005819028222286878
3781,0.005819028222286878,3781,0.008728542333430317,0.005819028222286878
3782,0.005819028222286878,3782,0.008728542333430317,0.005819028222286878
3783,0.005819028222286878,3783,0.008728542333430317,0.005819028222286878
3784,0.005819028222286878,3784,0.008728542333430317,0.005819028222286878
3785,0.005819028222286878,3785,0.008728542333430317,0.005819028222286878
3786,0.005819028222286878,3786,0.008728542333430317,0.005819028222286878
3787,0.005819028222286878,3787,0.008728542333430317,0.005819028222286878
3788,0.005819028222286878,3788,0.008728542333430317,0.005819028222286878
3789,0.005819028222286878,3789,0.008728542333430317,0.005819028222286878
3790,0.005819028222286878,3790,0.008728542333430317,0.005819028222286878
3791,0.005819028222286878,3791,0.008728542333430317,0.005819028222286878
3792,0.005819028222286878,3792,0.008728542333430317,0.005819028222286878
3793,0.005819028222286878,3793,0.008728542333430317,0.005819028222286878
3794,0.005819028222286878,3794,0.008728542333430317,0.005819028222286878
3795,0.005819028222286878,3795,0.008728542333430317,0.005819028222286878
3796,0.005819028222286878,3796,0.008728542333430317,0.005819028222286878
3797,0.005819028222286878,3797,0.008728542333430317,0.005819028222286878
3798,0.005819028222286878,3798,0.008728542333430317,0.005819028222286878
3799,0.005819028222286878,3799,0.008728542333430317,0.005819028222286878
3800,0.005819028222286878,3800,0.008728542333430317,0.005819028222286878
3801,0.005819028222286878,3801,0.008728542333430317,0.005819028222286878
3802,0.005819028222286878,3802,0.008728542333430317,0.005819028222286878
3803,0.005819028222286878,3803,0.008728542333430317,0.005819028222286878
3804,0.005819028222286878,3804,0.008728542333430317,0.005819028222286878
3805,0.005819028222286878,3805,0.008728542333430317,0.005819028222286878
3806,0.005819028222286878,3806,0.008728542333430317,0.005819028222286878
3807,0.005819028222286878,3807,0.008728542333430317,0.005819028222286878
3808,0.005819028222286878,3808,0.008728542333430317,0.005819028222286878
3809,0.005819028222286878,3809,0.008728542333430317,0.005819028222286878
3810,0.005819028222286878,3810,0.008728542333430317,0.005819028222286878
3811,0.005819028222286878,3811,0.008728542333430317,0.005819028222286878
3812,0.005819028222286878,3812,0.008728542333430317,0.005819028222286878
3813,0.005819028222286878,3813,0.008728542333430317,0.005819028222286878
3814,0.005819028222286878,3814,0.008728542333430317,0.005819028222286878
3815,0.005819028222286878,3815,0.008728542333430317,0.005819028222286878
3816,0.005819028222286878,3816,0.008728542333430317,0.005819028222286878
3817,0.005819028222286878,3817,0.008728542333430317,0.005819028222286878
3818,0.005819028222286878,3818,0.008728542333430317,0.005819028222286878
3819,0.005819028222286878,3819,0.008728542333430317,0.005819028222286878
3820,0.005819028222286878,3820,0.008728542333430317,0.005819028222286878
3821,0.005819028222286878,3821,0.008728542333430317,0.005819028222286878
3822,0.005819028222286878,3822,0.008728542333430317,0.005819028222286878
3823,0.005819028222286878,3823,0.008728542333430317,0.005819028222286878
3824,0.005819028222286878,3824,0.008728542333430317,0.005819028222286878
3825,0.005819028222286878,3825,0.008728542333430317,0.005819028222286878
3826,0.005819028222286878,3826,0.008728542333430317,0.005819028222286878
3827,0.005819028222286878,3827,0.008728542333430317,0.005819028222286878
3828,0.005819028222286878,3828,0.008728542333430317,0.005819028222286878
3829,0.005819028222286878,3829,0.008728542333430317,0.005819028222286878
3830,0.005819028222286878,3830,0.008728542333430317,0.005819028222286878
3831,0.005819028222286878,3831,0.008728542333430317,0.005819028222286878
3832,0.005819028222286878,3832,0.008728542333430317,0.005819028222286878
3833,0.005819028222286878,3833,0.008728542333430317,0.005819028222286878
3834,0.005819028222286878,3834,0.008728542333430317,0.005819028222286878
3835,0.005819028222286878,3835,0.008728542333430317,0.005819028222286878
3836,0.005819028222286878,3836,0.008728542333430317,0.005819028222286878
3837,0.005819028222286878,3837,0.008728542333430317,0.005819028222286878
3838,0.005819028222286878,3838,0.008728542333430317,0.005819028222286878
3839,0.005819028222286878,3839,0.008728542333430317,0.005819028222286878
3840,0.005819028222286878,3840,0.008728542333430317,0.005819028222286878
3841,0.005819028222286878,3841,0.008728542333430317,0.005819028222286878
3842,0.005819028222286878,3842,0.008728542333430317,0.005819028222286878
3843,0.005819028222286878,3843,0.008728542333430317,0.005819028222286878
3844,0.005819028222286878,3844,0.008728542333430317,0.005819028222286878
3845,0.005819028222286878,3845,0.008728542333430317,0.005819028222286878
3846,0.005819028222286878,3846,0.008728542333430317,0.005819028222286878
3847,0.005819028222286878,3847,0.008728542333430317,0.005819028222286878
3848,0.005819028222286878,3848,0.008728542333430317,0.005819028222286878
3849,0.005819028222286878,3849,0.008728542333430317,0.005819028222286878
3850,0.005819028222286878,3850,0.008728542333430317,0.005819028222286878
3851,0.005819028222286878,3851,0.008728542333430317,0.005819028222286878
3852,0.005819028222286878,3852,0.008728542333430317,0.005819028222286878
3853,0.005819028222286878,3853,0.008728542333430317,0.005819028222286878
3854,0.005819028222286878,3854,0.008728542333430317,0.005819028222286878
3855,0.005819028222286878,3855,0.008728542333430317,0.005819028222286878
3856,0.005819028222286878,3856,0.008728542333430317,0.005819028222286878
3857,0.005819028222286878,3857,0.008728542333430317,0.005819028222286878
3858,0.005819028222286878,3858,0.008728542333430317,0.005819028222286878
3859,0.005819028222286878,3859,0.008728542333430317,0.005819028222286878
3860,0.005819028222286878,3860,0.008728542333430317,0.005819028222286878
3861,0.005819028222286878,3861,0.008728542333430317,0.005819028222286878
3862,0.005819028222286878,3862,0.008728542333430317,0.005819028222286878
3863,0.005819028222286878,3863,0.008728542333430317,0.005819028222286878
3864,0.005819028222286878,3864,0.008728542333430317,0.005819028222286878
3865,0.005819028222286878,3865,0.008728542333430317,0.005819028222286878
3866,0.005819028222286878,3866,0.008728542333430317,0.005819028222286878
3867,0.005819028222286878,3867,0.008728542333430317,0.005819028222286878
3868,0.005819028222286878,3868,0.008728542333430317,0.005819028222286878
3869,0.005819028222286878,3869,0.008728542333430317,0.005819028222286878
3870,0.005819028222286878,3870,0.008728542333430317,0.005819028222286878
3871,0.005819028222286878,3871,0.008728542333430317,0.005819028222286878
3872,0.005819028222286878,3872,0.008728542333430317,0.005819028222286878
3873,0.005819028222286878,3873,0.008728542333430317,0.005819028222286878
3874,0.005819028222286878,3874,0.008728542333430317,0.005819028222286878
3875,0.005819028222286878,3875,0.008728542333430317,0.005819028222286878
3876,0.005819028222286878,3876,0.008728542333430317,0.005819028222286878
3877,0.005819028222286878,3877,0.008728542333430317,0.005819028222286878
3878,0.005819028222286878,3878,0.008728542333430317,0.005819028222286878
3879,0.005819028222286878,3879,0.008728542333430317,0.005819028222286878
3880,0.005819028222286878,3880,0.008728542333430317,0.005819028222286878
3881,0.005819028222286878,3881,0.008728542333430317,0.005819028222286878
3882,0.005819028222286878,3882,0.008728542333430317,0.005819028222286878
3883,0.005819028222286878,3883,0.008728542333430317,0.005819028222286878
3884,0.005819028222286878,3884,0.008728542333430317,0.005819028222286878
3885,0.005819028222286878,3885,0.008728542333430317,0.005819028222286878
3886,0.005819028222286878,3886,0.008728542333430317,0.005819028222286878
3887,0.005819028222286878,3887,0.008728542333430317,0.005819028222286878
3888,0.005819028222286878,3888,0.008728542333430317,0.005819028222286878
3889,0.005819028222286878,3889,0.008728542333430317,0.005819028222286878
3890,0.005819028222286878,3890,0.008728542333430317,0.005819028222286878
3891,0.005819028222286878,3891,0.008728542333430317,0.005819028222286878
3892,0.005819028222286878,3892,0.008728542333430317,0.005819028222286878
3893,0.005819028222286878,3893,0.008728542333430317,0.005819028222286878
3894,0.005819028222286878,3894,0.008728542333430317,0.005819028222286878
3895,0.005819028222286878,3895,0.008728542333430317,0.005819028222286878
3896,0.005819028222286878,3896,0.008728542333430317,0.005819028222286878
3897,0.005819028222286878,3897,0.008728542333430317,0.005819028222286878
3898,0.005819028222286878,3898,0.008728542333430317,0.005819028222286878
3899,0.005819028222286878,3899,0.008728542333430317,0.005819028222286878
3900,0.005819028222286878,3900,0.008728542333430317,0.005819028222286878
3901,0.005819028222286878,3901,0.008728542333430317,0.005819028222286878
3902,0.005819028222286878,3902,0.008728542333430317,0.005819028222286878
3903,0.005819028222286878,3903,0.008728542333430317,0.005819028222286878
3904,0.005819028222286878,3904,0.008728542333430317,0.005819028222286878
3905,0.005819028222286878,3905,0.008728542333430317,0.005819028222286878
3906,0.005819028222286878,3906,0.008728542333430317,0.005819028222286878
3907,0.005819028222286878,3907,0.008728542333430317,0.005819028222286878
3908,0.005819028222286878,3908,0.008728542333430317,0.005819028222286878
3909,0.005819028222286878,3909,0.008728542333430317,0.005819028222286878
3910,0.005819028222286878,3910,0.008728542333430317,0.005819028222286878
3911,0.005819028222286878,3911,0.008728542333430317,0.005819028222286878
3912,0.005819028222286878,3912,0.008728542333430317,0.005819028222286878
3913,0.005819028222286878,3913,0.008728542333430317,0.005819028222286878
3914,0.005819028222286878,3914,0.008728542333430317,0.005819028222286878
3915,0.005819028222286878,3915,0.008728542333430317,0.005819028222286878
3916,0.005819028222286878,3916,0.008728542333430317,0.005819028222286878
3917,0.005819028222286878,3917,0.008728542333430317,0.005819028222286878
3918,0.005819028222286878,3918,0.008728542333430317,0.005819028222286878
3919,0.005819028222286878,3919,0.008728542333430317,0.005819028222286878
3920,0.005819028222286878,3920,0.008728542333430317,0.005819028222286878
3921,0.005819028222286878,3921,0.008728542333430317,0.005819028222286878
3922,0.005819028222286878,3922,0.008728542333430317,0.005819028222286878
3923,0.005819028222286878,3923,0.008728542333430317,0.005819028222286878
3924,0.005819028222286878,3924,0.008728542333430317,0.005819028222286878
3925,0.005819028222286878,3925,0.008728542333430317,0.005819028222286878
3926,0.005819028222286878,3926,0.008728542333430317,0.005819028222286878
3927,0.005819028222286878,3927,0.008728542333430317,0.005819028222286878
3928,0.005819028222286878,3928,0.008728542333430317,0.005819028222286878
3929,0.005819028222286878,3929,0.008728542333430317,0.005819028222286878
3930,0.005819028222286878,3930,0.008728542333430317,0.005819028222286878
3931,0.005819028222286878,3931,0.008728542333430317,0.005819028222286878
3932,0.005819028222286878,3932,0.008728542333430317,0.005819028222286878
3933,0.005819028222286878,3933,0.008728542333430317,0.005819028222286878
3934,0.005819028222286878,3934,0.008728542333430317,0.005819028222286878
3935,0.005819028222286878,3935,0.008728542333430317,0.005819028222286878
3936,0.005819028222286878,3936,0.008728542333430317,0.005819028222286878
3937,0.005819028222286878,3937,0.008728542333430317,0.005819028222286878
3938,0.005819028222286878,3938,0.008728542333430317,0.005819028222286878
3939,0.005819028222286878,3939,0.008728542333430317,0.005819028222286878
3940,0.005819028222286878,3940,0.008728542333430317,0.005819028222286878
3941,0.005819028222286878,3941,0.008728542333430317,0.005819028222286878
3942,0.005819028222286878,3942,0.008728542333430317,0.005819028222286878
3943,0.005819028222286878,3943,0.008728542333430317,0.005819028222286878
3944,0.005819028222286878,3944,0.008728542333430317,0.005819028222286878
3945,0.005819028222286878,3945,0.008728542333430317,0.005819028222286878
3946,0.005819028222286878,3946,0.008728542333430317,0.005819028222286878
3947,0.005819028222286878,3947,0.008728542333430317,0.005819028222286878
3948,0.005819028222286878,3948,0.008728542333430317,0.005819028222286878
3949,0.005819028222286878,3949,0.008728542333430317,0.005819028222286878
3950,0.005819028222286878,3950,0.008728542333430317,0.005819028222286878
3951,0.005819028222286878,3951,0.008728542333430317,0.005819028222286878
3952,0.005819028222286878,3952,0.008728542333430317,0.005819028222286878
3953,0.005819028222286878,3953,0.008728542333430317,0.005819028222286878
3954,0.005819028222286878,3954,0.008728542333430317,0.005819028222286878
3955,0.005819028222286878,3955,0.008728542333430317,0.005819028222286878
3956,0.005819028222286878,3956,0.008728542333430317,0.005819028222286878
3957,0.005819028222286878,3957,0.008728542333430317,0.005819028222286878
3958,0.005819028222286878,3958,0.008728542333430317,0.005819028222286878
3959,0.005819028222286878,3959,0.008728542333430317,0.005819028222286878
3960,0.005819028222286878,3960,0.008728542333430317,0.005819028222286878
3961,0.005819028222286878,3961,0.008728542333430317,0.005819028222286878
3962,0.005819028222286878,3962,0.008728542333430317,0.005819028222286878
3963,0.005819028222286878,3963,0.008728542333430317,0.005819028222286878
3964,0.005819028222286878,3964,0.008728542333430317,0.005819028222286878
3965,0.005819028222286878,3965,0.008728542333430317,0.005819028222286878
3966,0.005819028222286878,3966,0.008728542333430317,0.005819028222286878
3967,0.005819028222286878,3967,0.008728542333430317,0.005819028222286878
3968,0.005819028222286878,3968,0.008728542333430317,0.005819028222286878
3969,0.005819028222286878,3969,0.008728542333430317,0.005819028222286878
3970,0.005819028222286878,3970,0.008728542333430317,0.005819028222286878
3971,0.005819028222286878,3971,0.008728542333430317,0.005819028222286878
3972,0.005819028222286878,3972,0.008728542333430317,0.005819028222286878
3973,0.005819028222286878,3973,0.008728542333430317,0.005819028222286878
3974,0.005819028222286878,3974,0.008728542333430317,0.005819028222286878
3975,0.005819028222286878,3975,0.008728542333430317,0.005819028222286878
3976,0.005819028222286878,3976,0.008728542333430317,0.005819028222286878
3977,0.005819028222286878,3977,0.008728542333430317,0.005819028222286878
3978,0.005819028222286878,3978,0.008728542333430317,0.005819028222286878
3979,0.005819028222286878,3979,0.008728542333430317,0.005819028222286878
3980,0.005819028222286878,3980,0.008728542333430317,0.005819028222286878
3981,0.005819028222286878,3981,0.008728542333430317,0.005819028222286878
3982,0.005819028222286878,3982,0.008728542333430317,0.005819028222286878
3983,0.005819028222286878,3983,0.008728542333430317,0.005819028222286878
3984,0.005819028222286878,3984,0.008728542333430317,0.005819028222286878
3985,0.005819028222286878,3985,0.008728542333430317,0.005819028222286878
3986,0.005819028222286878,3986,0.008728542333430317,0.005819028222286878
3987,0.005819028222286878,3987,0.008728542333430317,0.005819028222286878
3988,0.005819028222286878,3988,0.008728542333430317,0.005819028222286878
3989,0.005819028222286878,3989,0.008728542333430317,0.005819028222286878
3990,0.005819028222286878,3990,0.008728542333430317,0.005819028222286878
3991,0.005819028222286878,3991,0.008728542333430317,0.005819028222286878
3992,0.005819028222286878,3992,0.008728542333430317,0.005819028222286878
3993,0.005819028222286878,3993,0.008728542333430317,0.005819028222286878
3994,0.005819028222286878,3994,0.008728542333430317,0.005819028222286878
3995,0.005819028222286878,3995,0.008728542333430317,0.005819028222286878
3996,0.005819028222286878,3996,0.008728542333430317,0.005819028222286878
3997,0.005819028222286878,3997,0.008728542333430317,0.005819028222286878
3998,0.005819028222286878,3998,0.008728542333430317,0.005819028222286878
3999,0.005819028222286878,3999,0.008728542333430317,0.005819028222286878
4000,0.005819028222286878,4000,0.008728542333430317,0.005819028222286878
4001,0.005819028222286878,4001,0.008728542333430317,0.005819028222286878
4002,0.005819028222286878,4002,0.008728542333430317,0.005819028222286878
4003,0.005819028222286878,4003,0.008728542333430317,0.005819028222286878
4004,0.005819028222286878,4004,0.008728542333430317,0.005819028222286878
4005,0.005819028222286878,4005,0.008728542333430317,0.005819028222286878
4006,0.005819028222286878,4006,0.008728542333430317,0.005819028222286878
4007,0.005819028222286878,4007,0.008728542333430317,0.005819028222286878
4008,0.005819028222286878,4008,0.008728542333430317,0.005819028222286878
4009,0.005819028222286878,4009,0.008728542333430317,0.005819028222286878
4010,0.005819028222286878,4010,0.008728542333430317,0.005819028222286878
4011,0.005819028222286878,4011,0.008728542333430317,0.005819028222286878
4012,0.005819028222286878,4012,0.008728542333430317,0.005819028222286878
4013,0.005819028222286878,4013,0.008728542333430317,0.005819028222286878
4014,0.005819028222286878,4014,0.008728542333430317,0.005819028222286878
4015,0.005819028222286878,4015,0.008728542333430317,0.005819028222286878
4016,0.005819028222286878,4016,0.008728542333430317,0.005819028222286878
4017,0.005819028222286878,4017,0.008728542333430317,0.005819028222286878
4018,0.005819028222286878,4018,0.008728542333430317,0.005819028222286878
4019,0.005819028222286878,4019,0.008728542333430317,0.005819028222286878
4020,0.005819028222286878,4020,0.008728542333430317,0.005819028222286878
4021,0.005819028222286878,4021,0.008728542333430317,0.005819028222286878
4022,0.005819028222286878,4022,0.008728542333430317,0.005819028222286878
4023,0.005819028222286878,4023,0.008728542333430317,0.005819028222286878
4024,0.005819028222286878,4024,0.008728542333430317,0.005819028222286878
4025,0.005819028222286878,4025,0.008728542333430317,0.005819028222286878
4026,0.005819028222286878,4026,0.008728542333430317,0.005819028222286878
4027,0.005819028222286878,4027,0.008728542333430317,0.005819028222286878
4028,0.005819028222286878,4028,0.008728542333430317,0.005819028222286878
4029,0.005819028222286878,4029,0.008728542333430317,0.005819028222286878
4030,0.005819028222286878,4030,0.008728542333430317,0.005819028222286878
4031,0.005819028222286878,4031,0.008728542333430317,0.005819028222286878
4032,0.005819028222286878,4032,0.008728542333430317,0.005819028222286878
4033,0.005819028222286878,4033,0.008728542333430317,0.005819028222286878
4034,0.005819028222286878,4034,0.008728542333430317,0.005819028222286878
4035,0.005819028222286878,4035,0.008728542333430317,0.005819028222286878
4036,0.005819028222286878,4036,0.008728542333430317,0.005819028222286878
4037,0.005819028222286878,4037,0.008728542333430317,0.005819028222286878
4038,0.005819028222286878,4038,0.008728542333430317,0.005819028222286878
4039,0.005819028222286878,4039,0.008728542333430317,0.005819028222286878
4040,0.005819028222286878,4040,0.008728542333430317,0.005819028222286878
4041,0.005819028222286878,4041,0.008728542333430317,0.005819028222286878
4042,0.005819028222286878,4042,0.008728542333430317,0.005819028222286878
4043,0.005819028222286878,4043,0.008728542333430317,0.005819028222286878
4044,0.005819028222286878,4044,0.008728542333430317,0.005819028222286878
4045,0.005819028222286878,4045,0.008728542333430317,0.005819028222286878
4046,0.005819028222286878,4046,0.008728542333430317,0.005819028222286878
4047,0.005819028222286878,4047,0.008728542333430317,0.005819028222286878
4048,0.005819028222286878,4048,0.008728542333430317,0.005819028222286878
4049,0.005819028222286878,4049,0.008728542333430317,0.005819028222286878
4050,0.005819028222286878,4050,0.008728542333430317,0.005819028222286878
4051,0.005819028222286878,4051,0.008728542333430317,0.005819028222286878
4052,0.005819028222286878,4052,0.008728542333430317,0.005819028222286878
4053,0.005819028222286878,4053,0.008728542333430317,0.005819028222286878
4054,0.005819028222286878,4054,0.008728542333430317,0.005819028222286878
4055,0.005819028222286878,4055,0.008728542333430317,0.005819028222286878
4056,0.005819028222286878,4056,0.008728542333430317,0.005819028222286878
4057,0.005819028222286878,4057,0.008728542333430317,0.005819028222286878
4058,0.005819028222286878,4058,0.008728542333430317,0.005819028222286878
4059,0.005819028222286878,4059,0.008728542333430317,0.005819028222286878
4060,0.005819028222286878,4060,0.008728542333430317,0.005819028222286878
4061,0.005819028222286878,4061,0.008728542333430317,0.005819028222286878
4062,0.005819028222286878,4062,0.008728542333430317,0.005819028222286878
4063,0.005819028222286878,4063,0.008728542333430317,0.005819028222286878
4064,0.005819028222286878,4064,0.008728542333430317,0.005819028222286878
4065,0.005819028222286878,4065,0.008728542333430317,0.005819028222286878
4066,0.005819028222286878,4066,0.008728542333430317,0.005819028222286878
4067,0.005819028222286878,4067,0.008728542333430317,0.005819028222286878
4068,0.005819028222286878,4068,0.008728542333430317,0.005819028222286878
4069,0.005819028222286878,4069,0.008728542333430317,0.005819028222286878
4070,0.005819028222286878,4070,0.008728542333430317,0.005819028222286878
4071,0.005819028222286878,4071,0.008728542333430317,0.005819028222286878
4072,0.005819028222286878,4072,0.008728542333430317,0.005819028222286878
4073,0.005819028222286878,4073,0.008728542333430317,0.005819028222286878
4074,0.005819028222286878,4074,0.008728542333430317,0.005819028222286878
4075,0.005819028222286878,4075,0.008728542333430317,0.005819028222286878
4076,0.005819028222286878,4076,0.008728542333430317,0.005819028222286878
4077,0.005819028222286878,4077,0.008728542333430317,0.005819028222286878
4078,0.005819028222286878,4078,0.008728542333430317,0.005819028222286878
4079,0.005819028222286878,4079,0.008728542333430317,0.005819028222286878
4080,0.005819028222286878,4080,0.008728542333430317,0.005819028222286878
4081,0.005819028222286878,4081,0.008728542333430317,0.005819028222286878
4082,0.005819028222286878,4082,0.008728542333430317,0.005819028222286878
4083,0.005819028222286878,4083,0.008728542333430317,0.005819028222286878
4084,0.005819028222286878,4084,0.008728542333430317,0.005819028222286878
4085,0.005819028222286878,4085,0.008728542333430317,0.005819028222286878
4086,0.005819028222286878,4086,0.008728542333430317,0.005819028222286878
4087,0.005819028222286878,4087,0.008728542333430317,0.005819028222286878
4088,0.005819028222286878,4088,0.008728542333430317,0.005819028222286878
4089,0.005819028222286878,4089,0.008728542333430317,0.005819028222286878
4090,0.005819028222286878,4090,0.008728542333430317,0.005819028222286878
4091,0.005819028222286878,4091,0.008728542333430317,0.005819028222286878
4092,0.005819028222286878,4092,0.008728542333430317,0.005819028222286878
4093,0.005819028222286878,4093,0.008728542333430317,0.005819028222286878
4094,0.005819028222286878,4094,0.008728542333430317,0.005819028222286878
4095,0.005819028222286878,4095,0.008728542333430317,0.005819028222286878
4096,0.005819028222286878,4096,0.008728542333430317,0.005819028222286878
4097,0.005819028222286878,4097,0.008728542333430317,0.005819028222286878
4098,0.005819028222286878,4098,0.008728542333430317,0.005819028222286878
4099,0.005819028222286878,4099,0.008728542333430317,0.005819028222286878
4100,0.005819028222286878,4100,0.008728542333430317,0.005819028222286878
4101,0.005819028222286878,4101,0.008728542333430317,0.005819028222286878
4102,0.005819028222286878,4102,0.008728542333430317,0.005819028222286878
4103,0.005819028222286878,4103,0.008728542333430317,0.005819028222286878
4104,0.005819028222286878,4104,0.008728542333430317,0.005819028222286878
4105,0.005819028222286878,4105,0.008728542333430317,0.005819028222286878
4106,0.005819028222286878,4106,0.008728542333430317,0.005819028222286878
4107,0.005819028222286878,4107,0.008728542333430317,0.005819028222286878
4108,0.005819028222286878,4108,0.008728542333430317,0.005819028222286878
4109,0.005819028222286878,4109,0.008728542333430317,0.005819028222286878
4110,0.005819028222286878,4110,0.008728542333430317,0.005819028222286878
4111,0.005819028222286878,4111,0.008728542333430317,0.005819028222286878
4112,0.005819028222286878,4112,0.008728542333430317,0.005819028222286878
4113,0.005819028222286878,4113,0.008728542333430317,0.005819028222286878
4114,0.005819028222286878,4114,0.008728542333430317,0.005819028222286878
4115,0.005819028222286878,4115,0.008728542333430317,0.005819028222286878
4116,0.005819028222286878,4116,0.008728542333430317,0.005819028222286878
4117,0.005819028222286878,4117,0.008728542333430317,0.005819028222286878
4118,0.005819028222286878,4118,0.008728542333430317,0.005819028222286878
4119,0.005819028222286878,4119,0.008728542333430317,0.005819028222286878
4120,0.005819028222286878,4120,0.008728542333430317,0.005819028222286878
4121,0.005819028222286878,4121,0.008728542333430317,0.005819028222286878
4122,0.005819028222286878,4122,0.008728542333430317,0.005819028222286878
4123,0.005819028222286878,4123,0.008728542333430317,0.005819028222286878
4124,0.005819028222286878,4124,0.008728542333430317,0.005819028222286878
4125,0.005819028222286878,4125,0.008728542333430317,0.005819028222286878
4126,0.005819028222286878,4126,0.008728542333430317,0.005819028222286878
4127,0.005819028222286878,4127,0.008728542333430317,0.005819028222286878
4128,0.005819028222286878,4128,0.008728542333430317,0.005819028222286878
4129,0.005819028222286878,4129,0.008728542333430317,0.005819028222286878
4130,0.005819028222286878,4130,0.008728542333430317,0.005819028222286878
4131,0.005819028222286878,4131,0.008728542333430317,0.005819028222286878
4132,0.005819028222286878,4132,0.008728542333430317,0.005819028222286878
4133,0.005819028222286878,4133,0.008728542333430317,0.005819028222286878
4134,0.005819028222286878,4134,0.008728542333430317,0.005819028222286878
4135,0.005819028222286878,4135,0.008728542333430317,0.005819028222286878
4136,0.005819028222286878,4136,0.008728542333430317,0.005819028222286878
4137,0.005819028222286878,4137,0.008728542333430317,0.005819028222286878
4138,0.005819028222286878,4138,0.008728542333430317,0.005819028222286878
4139,0.005819028222286878,4139,0.008728542333430317,0.005819028222286878
4140,0.005819028222286878,4140,0.008728542333430317,0.005819028222286878
4141,0.005819028222286878,4141,0.008728542333430317,0.005819028222286878
4142,0.005819028222286878,4142,0.008728542333430317,0.005819028222286878
4143,0.005819028222286878,4143,0.008728542333430317,0.005819028222286878
4144,0.005819028222286878,4144,0.008728542333430317,0.005819028222286878
4145,0.005819028222286878,4145,0.008728542333430317,0.005819028222286878
4146,0.005819028222286878,4146,0.008728542333430317,0.005819028222286878
4147,0.005819028222286878,4147,0.008728542333430317,0.005819028222286878
4148,0.005819028222286878,4148,0.008728542333430317,0.005819028222286878
4149,0.005819028222286878,4149,0.008728542333430317,0.005819028222286878
4150,0.005819028222286878,4150,0.008728542333430317,0.005819028222286878
4151,0.005819028222286878,4151,0.008728542333430317,0.005819028222286878
4152,0.005819028222286878,4152,0.008728542333430317,0.005819028222286878
4153,0.005819028222286878,4153,0.008728542333430317,0.005819028222286878
4154,0.005819028222286878,4154,0.008728542333430317,0.005819028222286878
4155,0.005819028222286878,4155,0.008728542333430317,0.005819028222286878
4156,0.005819028222286878,4156,0.008728542333430317,0.005819028222286878
4157,0.005819028222286878,4157,0.008728542333430317,0.005819028222286878
4158,0.005819028222286878,4158,0.008728542333430317,0.005819028222286878
4159,0.005819028222286878,4159,0.008728542333430317,0.005819028222286878
4160,0.005819028222286878,4160,0.008728542333430317,0.005819028222286878
4161,0.005819028222286878,4161,0.008728542333430317,0.005819028222286878
4162,0.005819028222286878,4162,0.008728542333430317,0.005819028222286878
4163,0.005819028222286878,4163,0.008728542333430317,0.005819028222286878
4164,0.005819028222286878,4164,0.008728542333430317,0.005819028222286878
4165,0.005819028222286878,4165,0.008728542333430317,0.005819028222286878
4166,0.005819028222286878,4166,0.008728542333430317,0.005819028222286878
4167,0.005819028222286878,4167,0.008728542333430317,0.005819028222286878
4168,0.005819028222286878,4168,0.008728542333430317,0.005819028222286878
4169,0.005819028222286878,4169,0.008728542333430317,0.005819028222286878
4170,0.005819028222286878,4170,0.008728542333430317,0.005819028222286878
4171,0.005819028222286878,4171,0.008728542333430317,0.005819028222286878
4172,0.005819028222286878,4172,0.008728542333430317,0.005819028222286878
4173,0.005819028222286878,4173,0.008728542333430317,0.005819028222286878
4174,0.005819028222286878,4174,0.008728542333430317,0.005819028222286878
4175,0.005819028222286878,4175,0.008728542333430317,0.005819028222286878
4176,0.005819028222286878,4176,0.008728542333430317,0.005819028222286878
4177,0.005819028222286878,4177,0.008728542333430317,0.005819028222286878
4178,0.005819028222286878,4178,0.008728542333430317,0.005819028222286878
4179,0.005819028222286878,4179,0.008728542333430317,0.005819028222286878
4180,0.005819028222286878,4180,0.008728542333430317,0.005819028222286878
4181,0.005819028222286878,4181,0.008728542333430317,0.005819028222286878
4182,0.005819028222286878,4182,0.008728542333430317,0.005819028222286878
4183,0.005819028222286878,4183,0.008728542333430317,0.005819028222286878
4184,0.005819028222286878,4184,0.008728542333430317,0.005819028222286878
4185,0.005819028222286878,4185,0.008728542333430317,0.005819028222286878
4186,0.005819028222286878,4186,0.008728542333430317,0.005819028222286878
4187,0.005819028222286878,4187,0.008728542333430317,0.005819028222286878
4188,0.005819028222286878,4188,0.008728542333430317,0.005819028222286878
4189,0.005819028222286878,4189,0.008728542333430317,0.005819028222286878
4190,0.005819028222286878,4190,0.008728542333430317,0.005819028222286878
4191,0.005819028222286878,4191,0.008728542333430317,0.005819028222286878
4192,0.005819028222286878,4192,0.008728542333430317,0.005819028222286878
4193,0.005819028222286878,4193,0.008728542333430317,0.005819028222286878
4194,0.005819028222286878,4194,0.008728542333430317,0.005819028222286878
4195,0.005819028222286878,4195,0.008728542333430317,0.005819028222286878
4196,0.005819028222286878,4196,0.008728542333430317,0.005819028222286878
4197,0.005819028222286878,4197,0.008728542333430317,0.005819028222286878
4198,0.005819028222286878,4198,0.008728542333430317,0.005819028222286878
4199,0.005819028222286878,4199,0.008728542333430317,0.005819028222286878
4200,0.005819028222286878,4200,0.008728542333430317,0.005819028222286878
4201,0.005819028222286878,4201,0.008728542333430317,0.005819028222286878
4202,0.005819028222286878,4202,0.008728542333430317,0.005819028222286878
4203,0.005819028222286878,4203,0.008728542333430317,0.005819028222286878
4204,0.005819028222286878,4204,0.008728542333430317,0.005819028222286878
4205,0.005819028222286878,4205,0.008728542333430317,0.005819028222286878
4206,0.005819028222286878,4206,0.008728542333430317,0.005819028222286878
4207,0.005819028222286878,4207,0.008728542333430317,0.005819028222286878
4208,0.005819028222286878,4208,0.008728542333430317,0.005819028222286878
4209,0.005819028222286878,4209,0.008728542333430317,0.005819028222286878
4210,0.005819028222286878,4210,0.008728542333430317,0.005819028222286878
4211,0.005819028222286878,4211,0.008728542333430317,0.005819028222286878
4212,0.005819028222286878,4212,0.008728542333430317,0.005819028222286878
4213,0.005819028222286878,4213,0.008728542333430317,0.005819028222286878
4214,0.005819028222286878,4214,0.008728542333430317,0.005819028222286878
4215,0.005819028222286878,4215,0.008728542333430317,0.005819028222286878
4216,0.005819028222286878,4216,0.008728542333430317,0.005819028222286878
4217,0.005819028222286878,4217,0.008728542333430317,0.005819028222286878
4218,0.005819028222286878,4218,0.008728542333430317,0.005819028222286878
4219,0.005819028222286878,4219,0.008728542333430317,0.005819028222286878
4220,0.005819028222286878,4220,0.008728542333430317,0.005819028222286878
4221,0.005819028222286878,4221,0.008728542333430317,0.005819028222286878
4222,0.005819028222286878,4222,0.008728542333430317,0.005819028222286878
4223,0.005819028222286878,4223,0.008728542333430317,0.005819028222286878
4224,0.005819028222286878,4224,0.008728542333430317,0.005819028222286878
4225,0.005819028222286878,4225,0.008728542333430317,0.005819028222286878
4226,0.005819028222286878,4226,0.008728542333430317,0.005819028222286878
4227,0.005819028222286878,4227,0.008728542333430317,0.005819028222286878
4228,0.005819028222286878,4228,0.008728542333430317,0.005819028222286878
4229,0.005819028222286878,4229,0.008728542333430317,0.005819028222286878
4230,0.005819028222286878,4230,0.008728542333430317,0.005819028222286878
4231,0.005819028222286878,4231,0.008728542333430317,0.005819028222286878
4232,0.005819028222286878,4232,0.008728542333430317,0.005819028222286878
4233,0.005819028222286878,4233,0.008728542333430317,0.005819028222286878
4234,0.005819028222286878,4234,0.008728542333430317,0.005819028222286878
4235,0.005819028222286878,4235,0.008728542333430317,0.005819028222286878
4236,0.005819028222286878,4236,0.008728542333430317,0.005819028222286878
4237,0.005819028222286878,4237,0.008728542333430317,0.005819028222286878
4238,0.005819028222286878,4238,0.008728542333430317,0.005819028222286878
4239,0.005819028222286878,4239,0.008728542333430317,0.005819028222286878
4240,0.005819028222286878,4240,0.008728542333430317,0.005819028222286878
4241,0.005819028222286878,4241,0.008728542333430317,0.005819028222286878
4242,0.005819028222286878,4242,0.008728542333430317,0.005819028222286878
4243,0.005819028222286878,4243,0.008728542333430317,0.005819028222286878
4244,0.005819028222286878,4244,0.008728542333430317,0.005819028222286878
4245,0.005819028222286878,4245,0.008728542333430317,0.005819028222286878
4246,0.005819028222286878,4246,0.008728542333430317,0.005819028222286878
4247,0.005819028222286878,4247,0.008728542333430317,0.005819028222286878
4248,0.005819028222286878,4248,0.008728542333430317,0.005819028222286878
4249,0.005819028222286878,4249,0.008728542333430317,0.005819028222286878
4250,0.005819028222286878,4250,0.008728542333430317,0.005819028222286878
4251,0.005819028222286878,4251,0.008728542333430317,0.005819028222286878
4252,0.005819028222286878,4252,0.008728542333430317,0.005819028222286878
4253,0.005819028222286878,4253,0.008728542333430317,0.005819028222286878
4254,0.005819028222286878,4254,0.008728542333430317,0.005819028222286878
4255,0.005819028222286878,4255,0.008728542333430317,0.005819028222286878
4256,0.005819028222286878,4256,0.008728542333430317,0.005819028222286878
4257,0.005819028222286878,4257,0.008728542333430317,0.005819028222286878
4258,0.005819028222286878,4258,0.008728542333430317,0.005819028222286878
4259,0.005819028222286878,4259,0.008728542333430317,0.005819028222286878
4260,0.005819028222286878,4260,0.008728542333430317,0.005819028222286878
4261,0.005819028222286878,4261,0.008728542333430317,0.005819028222286878
4262,0.005819028222286878,4262,0.008728542333430317,0.005819028222286878
4263,0.005819028222286878,4263,0.008728542333430317,0.005819028222286878
4264,0.005819028222286878,4264,0.008728542333430317,0.005819028222286878
4265,0.005819028222286878,4265,0.008728542333430317,0.005819028222286878
4266,0.005819028222286878,4266,0.008728542333430317,0.005819028222286878
4267,0.005819028222286878,4267,0.008728542333430317,0.005819028222286878
4268,0.005819028222286878,4268,0.008728542333430317,0.005819028222286878
4269,0.005819028222286878,4269,0.008728542333430317,0.005819028222286878
4270,0.005819028222286878,4270,0.008728542333430317,0.005819028222286878
4271,0.005819028222286878,4271,0.008728542333430317,0.005819028222286878
4272,0.005819028222286878,4272,0.008728542333430317,0.005819028222286878
4273,0.005819028222286878,4273,0.008728542333430317,0.005819028222286878
4274,0.005819028222286878,4274,0.008728542333430317,0.005819028222286878
4275,0.005819028222286878,4275,0.008728542333430317,0.005819028222286878
4276,0.005819028222286878,4276,0.008728542333430317,0.005819028222286878
4277,0.005819028222286878,4277,0.008728542333430317,0.005819028222286878
4278,0.005819028222286878,4278,0.008728542333430317,0.005819028222286878
4279,0.005819028222286878,4279,0.008728542333430317,0.005819028222286878
4280,0.005819028222286878,4280,0.008728542333430317,0.005819028222286878
4281,0.005819028222286878,4281,0.008728542333430317,0.005819028222286878
4282,0.005819028222286878,4282,0.008728542333430317,0.005819028222286878
4283,0.005819028222286878,4283,0.008728542333430317,0.005819028222286878
4284,0.005819028222286878,4284,0.008728542333430317,0.005819028222286878
4285,0.005819028222286878,4285,0.008728542333430317,0.005819028222286878
4286,0.005819028222286878,4286,0.008728542333430317,0.005819028222286878
4287,0.005819028222286878,4287,0.008728542333430317,0.005819028222286878
4288,0.005819028222286878,4288,0.008728542333430317,0.005819028222286878
4289,0.005819028222286878,4289,0.008728542333430317,0.005819028222286878
4290,0.005819028222286878,4290,0.008728542333430317,0.005819028222286878
4291,0.005819028222286878,4291,0.008728542333430317,0.005819028222286878
4292,0.005819028222286878,4292,0.008728542333430317,0.005819028222286878
4293,0.005819028222286878,4293,0.008728542333430317,0.005819028222286878
4294,0.005819028222286878,4294,0.008728542333430317,0.005819028222286878
4295,0.005819028222286878,4295,0.008728542333430317,0.005819028222286878
4296,0.005819028222286878,4296,0.008728542333430317,0.005819028222286878
4297,0.005819028222286878,4297,0.008728542333430317,0.005819028222286878
4298,0.005819028222286878,4298,0.008728542333430317,0.005819028222286878
4299,0.005819028222286878,4299,0.008728542333430317,0.005819028222286878
4300,0.005819028222286878,4300,0.008728542333430317,0.005819028222286878
4301,0.005819028222286878,4301,0.008728542333430317,0.005819028222286878
4302,0.005819028222286878,4302,0.008728542333430317,0.005819028222286878
4303,0.005819028222286878,4303,0.008728542333430317,0.005819028222286878
4304,0.005819028222286878,4304,0.008728542333430317,0.005819028222286878
4305,0.005819028222286878,4305,0.008728542333430317,0.005819028222286878
4306,0.005819028222286878,4306,0.008728542333430317,0.005819028222286878
4307,0.005819028222286878,4307,0.008728542333430317,0.005819028222286878
4308,0.005819028222286878,4308,0.008728542333430317,0.005819028222286878
4309,0.005819028222286878,4309,0.008728542333430317,0.005819028222286878
4310,0.005819028222286878,4310,0.008728542333430317,0.005819028222286878
4311,0.005819028222286878,4311,0.008728542333430317,0.005819028222286878
4312,0.005819028222286878,4312,0.008728542333430317,0.005819028222286878
4313,0.005819028222286878,4313,0.008728542333430317,0.005819028222286878
4314,0.005819028222286878,4314,0.008728542333430317,0.005819028222286878
4315,0.005819028222286878,4315,0.008728542333430317,0.005819028222286878
4316,0.005819028222286878,4316,0.008728542333430317,0.005819028222286878
4317,0.005819028222286878,4317,0.008728542333430317,0.005819028222286878
4318,0.005819028222286878,4318,0.008728542333430317,0.005819028222286878
4319,0.005819028222286878,4319,0.008728542333430317,0.005819028222286878
4320,0.005819028222286878,4320,0.008728542333430317,0.005819028222286878
4321,0.005819028222286878,4321,0.008728542333430317,0.005819028222286878
4322,0.005819028222286878,4322,0.008728542333430317,0.005819028222286878
4323,0.005819028222286878,4323,0.008728542333430317,0.005819028222286878
4324,0.005819028222286878,4324,0.008728542333430317,0.005819028222286878
4325,0.005819028222286878,4325,0.008728542333430317,0.005819028222286878
4326,0.005819028222286878,4326,0.008728542333430317,0.005819028222286878
4327,0.005819028222286878,4327,0.008728542333430317,0.005819028222286878
4328,0.005819028222286878,4328,0.008728542333430317,0.005819028222286878
4329,0.005819028222286878,4329,0.008728542333430317,0.005819028222286878
4330,0.005819028222286878,4330,0.008728542333430317,0.005819028222286878
4331,0.005819028222286878,4331,0.008728542333430317,0.005819028222286878
4332,0.005819028222286878,4332,0.008728542333430317,0.005819028222286878
4333,0.005819028222286878,4333,0.008728542333430317,0.005819028222286878
4334,0.005819028222286878,4334,0.008728542333430317,0.005819028222286878
4335,0.005819028222286878,4335,0.008728542333430317,0.005819028222286878
4336,0.005819028222286878,4336,0.008728542333430317,0.005819028222286878
4337,0.005819028222286878,4337,0.008728542333430317,0.005819028222286878
4338,0.005819028222286878,4338,0.008728542333430317,0.005819028222286878
4339,0.005819028222286878,4339,0.008728542333430317,0.005819028222286878
4340,0.005819028222286878,4340,0.008728542333430317,0.005819028222286878
4341,0.005819028222286878,4341,0.008728542333430317,0.005819028222286878
4342,0.005819028222286878,4342,0.008728542333430317,0.005819028222286878
4343,0.005819028222286878,4343,0.008728542333430317,0.005819028222286878
4344,0.005819028222286878,4344,0.008728542333430317,0.005819028222286878
4345,0.005819028222286878,4345,0.008728542333430317,0.005819028222286878
4346,0.005819028222286878,4346,0.008728542333430317,0.005819028222286878
4347,0.005819028222286878,4347,0.008728542333430317,0.005819028222286878
4348,0.005819028222286878,4348,0.008728542333430317,0.005819028222286878
4349,0.005819028222286878,4349,0.008728542333430317,0.005819028222286878
4350,0.005819028222286878,4350,0.008728542333430317,0.005819028222286878
4351,0.005819028222286878,4351,0.008728542333430317,0.005819028222286878
4352,0.005819028222286878,4352,0.008728542333430317,0.005819028222286878
4353,0.005819028222286878,4353,0.008728542333430317,0.005819028222286878
4354,0.005819028222286878,4354,0.008728542333430317,0.005819028222286878
4355,0.005819028222286878,4355,0.008728542333430317,0.005819028222286878
4356,0.005819028222286878,4356,0.008728542333430317,0.005819028222286878
4357,0.005819028222286878,4357,0.008728542333430317,0.005819028222286878
4358,0.005819028222286878,4358,0.008728542333430317,0.005819028222286878
4359,0.005819028222286878,4359,0.008728542333430317,0.005819028222286878
4360,0.005819028222286878,4360,0.008728542333430317,0.005819028222286878
4361,0.005819028222286878,4361,0.008728542333430317,0.005819028222286878
4362,0.005819028222286878,4362,0.008728542333430317,0.005819028222286878
4363,0.005819028222286878,4363,0.008728542333430317,0.005819028222286878
4364,0.005819028222286878,4364,0.008728542333430317,0.005819028222286878
4365,0.005819028222286878,4365,0.008728542333430317,0.005819028222286878
4366,0.005819028222286878,4366,0.008728542333430317,0.005819028222286878
4367,0.005819028222286878,4367,0.008728542333430317,0.005819028222286878
4368,0.005819028222286878,4368,0.008728542333430317,0.005819028222286878
4369,0.005819028222286878,4369,0.008728542333430317,0.005819028222286878
4370,0.005819028222286878,4370,0.008728542333430317,0.005819028222286878
4371,0.005819028222286878,4371,0.008728542333430317,0.005819028222286878
4372,0.005819028222286878,4372,0.008728542333430317,0.005819028222286878
4373,0.005819028222286878,4373,0.008728542333430317,0.005819028222286878
4374,0.005819028222286878,4374,0.008728542333430317,0.005819028222286878
4375,0.005819028222286878,4375,0.008728542333430317,0.005819028222286878
4376,0.005819028222286878,4376,0.008728542333430317,0.005819028222286878
4377,0.005819028222286878,4377,0.008728542333430317,0.005819028222286878
4378,0.005819028222286878,4378,0.008728542333430317,0.005819028222286878
4379,0.005819028222286878,4379,0.008728542333430317,0.005819028222286878
4380,0.005819028222286878,4380,0.008728542333430317,0.005819028222286878
4381,0.005819028222286878,4381,0.008728542333430317,0.005819028222286878
4382,0.005819028222286878,4382,0.008728542333430317,0.005819028222286878
4383,0.005819028222286878,4383,0.008728542333430317,0.005819028222286878
4384,0.005819028222286878,4384,0.008728542333430317,0.005819028222286878
4385,0.005819028222286878,4385,0.008728542333430317,0.005819028222286878
4386,0.005819028222286878,4386,0.008728542333430317,0.005819028222286878
4387,0.005819028222286878,4387,0.008728542333430317,0.005819028222286878
4388,0.005819028222286878,4388,0.008728542333430317,0.005819028222286878
4389,0.005819028222286878,4389,0.008728542333430317,0.005819028222286878
4390,0.005819028222286878,4390,0.008728542333430317,0.005819028222286878
4391,0.005819028222286878,4391,0.008728542333430317,0.005819028222286878
4392,0.005819028222286878,4392,0.008728542333430317,0.005819028222286878
4393,0.005819028222286878,4393,0.008728542333430317,0.005819028222286878
4394,0.005819028222286878,4394,0.008728542333430317,0.005819028222286878
4395,0.005819028222286878,4395,0.008728542333430317,0.005819028222286878
4396,0.005819028222286878,4396,0.008728542333430317,0.005819028222286878
4397,0.005819028222286878,4397,0.008728542333430317,0.005819028222286878
4398,0.005819028222286878,4398,0.008728542333430317,0.005819028222286878
4399,0.005819028222286878,4399,0.008728542333430317,0.005819028222286878
4400,0.005819028222286878,4400,0.008728542333430317,0.005819028222286878
4401,0.005819028222286878,4401,0.008728542333430317,0.005819028222286878
4402,0.005819028222286878,4402,0.008728542333430317,0.005819028222286878
4403,0.005819028222286878,4403,0.008728542333430317,0.005819028222286878
4404,0.005819028222286878,4404,0.008728542333430317,0.005819028222286878
4405,0.005819028222286878,4405,0.008728542333430317,0.005819028222286878
4406,0.005819028222286878,4406,0.008728542333430317,0.005819028222286878
4407,0.005819028222286878,4407,0.008728542333430317,0.005819028222286878
4408,0.005819028222286878,4408,0.008728542333430317,0.005819028222286878
4409,0.005819028222286878,4409,0.008728542333430317,0.005819028222286878
4410,0.005819028222286878,4410,0.008728542333430317,0.005819028222286878
4411,0.005819028222286878,4411,0.008728542333430317,0.005819028222286878
4412,0.005819028222286878,4412,0.008728542333430317,0.005819028222286878
4413,0.005819028222286878,4413,0.008728542333430317,0.005819028222286878
4414,0.005819028222286878,4414,0.008728542333430317,0.005819028222286878
4415,0.005819028222286878,4415,0.008728542333430317,0.005819028222286878
4416,0.005819028222286878,4416,0.008728542333430317,0.005819028222286878
4417,0.005819028222286878,4417,0.008728542333430317,0.005819028222286878
4418,0.005819028222286878,4418,0.008728542333430317,0.005819028222286878
4419,0.005819028222286878,4419,0.008728542333430317,0.005819028222286878
4420,0.005819028222286878,4420,0.008728542333430317,0.005819028222286878
4421,0.005819028222286878,4421,0.008728542333430317,0.005819028222286878
4422,0.005819028222286878,4422,0.008728542333430317,0.005819028222286878
4423,0.005819028222286878,4423,0.008728542333430317,0.005819028222286878
4424,0.005819028222286878,4424,0.008728542333430317,0.005819028222286878
4425,0.005819028222286878,4425,0.008728542333430317,0.005819028222286878
4426,0.005819028222286878,4426,0.008728542333430317,0.005819028222286878
4427,0.005819028222286878,4427,0.008728542333430317,0.005819028222286878
4428,0.005819028222286878,4428,0.008728542333430317,0.005819028222286878
4429,0.005819028222286878,4429,0.008728542333430317,0.005819028222286878
4430,0.005819028222286878,4430,0.008728542333430317,0.005819028222286878
4431,0.005819028222286878,4431,0.008728542333430317,0.005819028222286878
4432,0.005819028222286878,4432,0.008728542333430317,0.005819028222286878
4433,0.005819028222286878,4433,0.008728542333430317,0.005819028222286878
4434,0.005819028222286878,4434,0.008728542333430317,0.005819028222286878
4435,0.005819028222286878,4435,0.008728542333430317,0.005819028222286878
4436,0.005819028222286878,4436,0.008728542333430317,0.005819028222286878
4437,0.005819028222286878,4437,0.008728542333430317,0.005819028222286878
4438,0.005819028222286878,4438,0.008728542333430317,0.005819028222286878
4439,0.005819028222286878,4439,0.008728542333430317,0.005819028222286878
4440,0.005819028222286878,4440,0.008728542333430317,0.005819028222286878
4441,0.005819028222286878,4441,0.008728542333430317,0.005819028222286878
4442,0.005819028222286878,4442,0.008728542333430317,0.005819028222286878
4443,0.005819028222286878,4443,0.008728542333430317,0.005819028222286878
4444,0.005819028222286878,4444,0.008728542333430317,0.005819028222286878
4445,0.005819028222286878,4445,0.008728542333430317,0.005819028222286878
4446,0.005819028222286878,4446,0.008728542333430317,0.005819028222286878
4447,0.005819028222286878,4447,0.008728542333430317,0.005819028222286878
4448,0.005819028222286878,4448,0.008728542333430317,0.005819028222286878
4449,0.005819028222286878,4449,0.008728542333430317,0.005819028222286878
4450,0.005819028222286878,4450,0.008728542333430317,0.005819028222286878
4451,0.005819028222286878,4451,0.008728542333430317,0.005819028222286878
4452,0.005819028222286878,4452,0.008728542333430317,0.005819028222286878
4453,0.005819028222286878,4453,0.008728542333430317,0.005819028222286878
4454,0.005819028222286878,4454,0.008728542333430317,0.005819028222286878
4455,0.005819028222286878,4455,0.008728542333430317,0.005819028222286878
4456,0.005819028222286878,4456,0.008728542333430317,0.005819028222286878
4457,0.005819028222286878,4457,0.008728542333430317,0.005819028222286878
4458,0.005819028222286878,4458,0.008728542333430317,0.005819028222286878
4459,0.005819028222286878,4459,0.008728542333430317,0.005819028222286878
4460,0.005819028222286878,4460,0.008728542333430317,0.005819028222286878
4461,0.005819028222286878,4461,0.008728542333430317,0.005819028222286878
4462,0.005819028222286878,4462,0.008728542333430317,0.005819028222286878
4463,0.005819028222286878,4463,0.008728542333430317,0.005819028222286878
4464,0.005819028222286878,4464,0.008728542333430317,0.005819028222286878
4465,0.005819028222286878,4465,0.008728542333430317,0.005819028222286878
4466,0.005819028222286878,4466,0.008728542333430317,0.005819028222286878
4467,0.005819028222286878,4467,0.008728542333430317,0.005819028222286878
4468,0.005819028222286878,4468,0.008728542333430317,0.005819028222286878
4469,0.005819028222286878,4469,0.008728542333430317,0.005819028222286878
4470,0.005819028222286878,4470,0.008728542333430317,0.005819028222286878
4471,0.005819028222286878,4471,0.008728542333430317,0.005819028222286878
4472,0.005819028222286878,4472,0.008728542333430317,0.005819028222286878
4473,0.005819028222286878,4473,0.008728542333430317,0.005819028222286878
4474,0.005819028222286878,4474,0.008728542333430317,0.005819028222286878
4475,0.005819028222286878,4475,0.008728542333430317,0.005819028222286878
4476,0.005819028222286878,4476,0.008728542333430317,0.005819028222286878
4477,0.005819028222286878,4477,0.008728542333430317,0.005819028222286878
4478,0.005819028222286878,4478,0.008728542333430317,0.005819028222286878
4479,0.005819028222286878,4479,0.008728542333430317,0.005819028222286878
4480,0.005819028222286878,4480,0.008728542333430317,0.005819028222286878
4481,0.005819028222286878,4481,0.008728542333430317,0.005819028222286878
4482,0.005819028222286878,4482,0.008728542333430317,0.005819028222286878
4483,0.005819028222286878,4483,0.008728542333430317,0.005819028222286878
4484,0.005819028222286878,4484,0.008728542333430317,0.005819028222286878
4485,0.005819028222286878,4485,0.008728542333430317,0.005819028222286878
4486,0.005819028222286878,4486,0.008728542333430317,0.005819028222286878
4487,0.005819028222286878,4487,0.008728542333430317,0.005819028222286878
4488,0.005819028222286878,4488,0.008728542333430317,0.005819028222286878
4489,0.005819028222286878,4489,0.008728542333430317,0.005819028222286878
4490,0.005819028222286878,4490,0.008728542333430317,0.005819028222286878
4491,0.005819028222286878,4491,0.008728542333430317,0.005819028222286878
4492,0.005819028222286878,4492,0.008728542333430317,0.005819028222286878
4493,0.005819028222286878,4493,0.008728542333430317,0.005819028222286878
4494,0.005819028222286878,4494,0.008728542333430317,0.005819028222286878
4495,0.005819028222286878,4495,0.008728542333430317,0.005819028222286878
4496,0.005819028222286878,4496,0.008728542333430317,0.005819028222286878
4497,0.005819028222286878,4497,0.008728542333430317,0.005819028222286878
4498,0.005819028222286878,4498,0.008728542333430317,0.005819028222286878
4499,0.005819028222286878,4499,0.008728542333430317,0.005819028222286878
4500,0.005819028222286878,4500,0.008728542333430317,0.005819028222286878
4501,0.005819028222286878,4501,0.008728542333430317,0.005819028222286878
4502,0.005819028222286878,4502,0.008728542333430317,0.005819028222286878
4503,0.005819028222286878,4503,0.008728542333430317,0.005819028222286878
4504,0.005819028222286878,4504,0.008728542333430317,0.005819028222286878
4505,0.005819028222286878,4505,0.008728542333430317,0.005819028222286878
4506,0.005819028222286878,4506,0.008728542333430317,0.005819028222286878
4507,0.005819028222286878,4507,0.008728542333430317,0.005819028222286878
4508,0.005819028222286878,4508,0.008728542333430317,0.005819028222286878
4509,0.005819028222286878,4509,0.008728542333430317,0.005819028222286878
4510,0.005819028222286878,4510,0.008728542333430317,0.005819028222286878
4511,0.005819028222286878,4511,0.008728542333430317,0.005819028222286878
4512,0.005819028222286878,4512,0.008728542333430317,0.005819028222286878
4513,0.005819028222286878,4513,0.008728542333430317,0.005819028222286878
4514,0.005819028222286878,4514,0.008728542333430317,0.005819028222286878
4515,0.005819028222286878,4515,0.008728542333430317,0.005819028222286878
4516,0.005819028222286878,4516,0.008728542333430317,0.005819028222286878
4517,0.005819028222286878,4517,0.008728542333430317,0.005819028222286878
4518,0.005819028222286878,4518,0.008728542333430317,0.005819028222286878
4519,0.005819028222286878,4519,0.008728542333430317,0.005819028222286878
4520,0.005819028222286878,4520,0.008728542333430317,0.005819028222286878
4521,0.005819028222286878,4521,0.008728542333430317,0.005819028222286878
4522,0.005819028222286878,4522,0.008728542333430317,0.005819028222286878
4523,0.005819028222286878,4523,0.008728542333430317,0.005819028222286878
4524,0.005819028222286878,4524,0.008728542333430317,0.005819028222286878
4525,0.005819028222286878,4525,0.008728542333430317,0.005819028222286878
4526,0.005819028222286878,4526,0.008728542333430317,0.005819028222286878
4527,0.005819028222286878,4527,0.008728542333430317,0.005819028222286878
4528,0.005819028222286878,4528,0.008728542333430317,0.005819028222286878
4529,0.005819028222286878,4529,0.008728542333430317,0.005819028222286878
4530,0.005819028222286878,4530,0.008728542333430317,0.005819028222286878
4531,0.005819028222286878,4531,0.008728542333430317,0.005819028222286878
4532,0.005819028222286878,4532,0.008728542333430317,0.005819028222286878
4533,0.005819028222286878,4533,0.008728542333430317,0.005819028222286878
4534,0.005819028222286878,4534,0.008728542333430317,0.005819028222286878
4535,0.005819028222286878,4535,0.008728542333430317,0.005819028222286878
4536,0.005819028222286878,4536,0.008728542333430317,0.005819028222286878
4537,0.005819028222286878,4537,0.008728542333430317,0.005819028222286878
4538,0.005819028222286878,4538,0.008728542333430317,0.005819028222286878
4539,0.005819028222286878,4539,0.008728542333430317,0.005819028222286878
4540,0.005819028222286878,4540,0.008728542333430317,0.005819028222286878
4541,0.005819028222286878,4541,0.008728542333430317,0.005819028222286878
4542,0.005819028222286878,4542,0.008728542333430317,0.005819028222286878
4543,0.005819028222286878,4543,0.008728542333430317,0.005819028222286878
4544,0.005819028222286878,4544,0.008728542333430317,0.005819028222286878
4545,0.005819028222286878,4545,0.008728542333430317,0.005819028222286878
4546,0.005819028222286878,4546,0.008728542333430317,0.005819028222286878
4547,0.005819028222286878,4547,0.008728542333430317,0.005819028222286878
4548,0.005819028222286878,4548,0.008728542333430317,0.005819028222286878
4549,0.005819028222286878,4549,0.008728542333430317,0.005819028222286878
4550,0.005819028222286878,4550,0.008728542333430317,0.005819028222286878
4551,0.005819028222286878,4551,0.008728542333430317,0.005819028222286878
4552,0.005819028222286878,4552,0.008728542333430317,0.005819028222286878
4553,0.005819028222286878,4553,0.008728542333430317,0.005819028222286878
4554,0.005819028222286878,4554,0.008728542333430317,0.005819028222286878
4555,0.005819028222286878,4555,0.008728542333430317,0.005819028222286878
4556,0.005819028222286878,4556,0.008728542333430317,0.005819028222286878
4557,0.005819028222286878,4557,0.008728542333430317,0.005819028222286878
4558,0.005819028222286878,4558,0.008728542333430317,0.005819028222286878
4559,0.005819028222286878,4559,0.008728542333430317,0.005819028222286878
4560,0.005819028222286878,4560,0.008728542333430317,0.005819028222286878
4561,0.005819028222286878,4561,0.008728542333430317,0.005819028222286878
4562,0.005819028222286878,4562,0.008728542333430317,0.005819028222286878
4563,0.005819028222286878,4563,0.008728542333430317,0.005819028222286878
4564,0.005819028222286878,4564,0.008728542333430317,0.005819028222286878
4565,0.005819028222286878,4565,0.008728542333430317,0.005819028222286878
4566,0.005819028222286878,4566,0.008728542333430317,0.005819028222286878
4567,0.005819028222286878,4567,0.008728542333430317,0.005819028222286878
4568,0.005819028222286878,4568,0.008728542333430317,0.005819028222286878
4569,0.005819028222286878,4569,0.008728542333430317,0.005819028222286878
4570,0.005819028222286878,4570,0.008728542333430317,0.005819028222286878
4571,0.005819028222286878,4571,0.008728542333430317,0.005819028222286878
4572,0.005819028222286878,4572,0.008728542333430317,0.005819028222286878
4573,0.005819028222286878,4573,0.008728542333430317,0.005819028222286878
4574,0.005819028222286878,4574,0.008728542333430317,0.005819028222286878
4575,0.005819028222286878,4575,0.008728542333430317,0.005819028222286878
4576,0.005819028222286878,4576,0.008728542333430317,0.005819028222286878
4577,0.005819028222286878,4577,0.008728542333430317,0.005819028222286878
4578,0.005819028222286878,4578,0.008728542333430317,0.005819028222286878
4579,0.005819028222286878,4579,0.008728542333430317,0.005819028222286878
4580,0.005819028222286878,4580,0.008728542333430317,0.005819028222286878
4581,0.005819028222286878,4581,0.008728542333430317,0.005819028222286878
4582,0.005819028222286878,4582,0.008728542333430317,0.005819028222286878
4583,0.005819028222286878,4583,0.008728542333430317,0.005819028222286878
4584,0.005819028222286878,4584,0.008728542333430317,0.005819028222286878
4585,0.005819028222286878,4585,0.008728542333430317,0.005819028222286878
4586,0.005819028222286878,4586,0.008728542333430317,0.005819028222286878
4587,0.005819028222286878,4587,0.008728542333430317,0.005819028222286878
4588,0.005819028222286878,4588,0.008728542333430317,0.005819028222286878
4589,0.005819028222286878,4589,0.008728542333430317,0.005819028222286878
4590,0.005819028222286878,4590,0.008728542333430317,0.005819028222286878
4591,0.005819028222286878,4591,0.008728542333430317,0.005819028222286878
4592,0.005819028222286878,4592,0.008728542333430317,0.005819028222286878
4593,0.005819028222286878,4593,0.008728542333430317,0.005819028222286878
4594,0.005819028222286878,4594,0.008728542333430317,0.005819028222286878
4595,0.005819028222286878,4595,0.008728542333430317,0.005819028222286878
4596,0.005819028222286878,4596,0.008728542333430317,0.005819028222286878
4597,0.005819028222286878,4597,0.008728542333430317,0.005819028222286878
4598,0.005819028222286878,4598,0.008728542333430317,0.005819028222286878
4599,0.005819028222286878,4599,0.008728542333430317,0.005819028222286878
4600,0.005819028222286878,4600,0.008728542333430317,0.005819028222286878
4601,0.005819028222286878,4601,0.008728542333430317,0.005819028222286878
4602,0.005819028222286878,4602,0.008728542333430317,0.005819028222286878
4603,0.005819028222286878,4603,0.008728542333430317,0.005819028222286878
4604,0.005819028222286878,4604,0.008728542333430317,0.005819028222286878
4605,0.005819028222286878,4605,0.008728542333430317,0.005819028222286878
4606,0.005819028222286878,4606,0.008728542333430317,0.005819028222286878
4607,0.005819028222286878,4607,0.008728542333430317,0.005819028222286878
4608,0.005819028222286878,4608,0.008728542333430317,0.005819028222286878
4609,0.005819028222286878,4609,0.008728542333430317,0.005819028222286878
4610,0.005819028222286878,4610,0.008728542333430317,0.005819028222286878
4611,0.005819028222286878,4611,0.008728542333430317,0.005819028222286878
4612,0.005819028222286878,4612,0.008728542333430317,0.005819028222286878
4613,0.005819028222286878,4613,0.008728542333430317,0.005819028222286878
4614,0.005819028222286878,4614,0.008728542333430317,0.005819028222286878
4615,0.005819028222286878,4615,0.008728542333430317,0.005819028222286878
4616,0.005819028222286878,4616,0.008728542333430317,0.005819028222286878
4617,0.005819028222286878,4617,0.008728542333430317,0.005819028222286878
4618,0.005819028222286878,4618,0.008728542333430317,0.005819028222286878
4619,0.005819028222286878,4619,0.008728542333430317,0.005819028222286878
4620,0.005819028222286878,4620,0.008728542333430317,0.005819028222286878
4621,0.005819028222286878,4621,0.008728542333430317,0.005819028222286878
4622,0.005819028222286878,4622,0.008728542333430317,0.005819028222286878
4623,0.005819028222286878,4623,0.008728542333430317,0.005819028222286878
4624,0.005819028222286878,4624,0.008728542333430317,0.005819028222286878
4625,0.005819028222286878,4625,0.008728542333430317,0.005819028222286878
4626,0.005819028222286878,4626,0.008728542333430317,0.005819028222286878
4627,0.005819028222286878,4627,0.008728542333430317,0.005819028222286878
4628,0.005819028222286878,4628,0.008728542333430317,0.005819028222286878
4629,0.005819028222286878,4629,0.008728542333430317,0.005819028222286878
4630,0.005819028222286878,4630,0.008728542333430317,0.005819028222286878
4631,0.005819028222286878,4631,0.008728542333430317,0.005819028222286878
4632,0.005819028222286878,4632,0.008728542333430317,0.005819028222286878
4633,0.005819028222286878,4633,0.008728542333430317,0.005819028222286878
4634,0.005819028222286878,4634,0.008728542333430317,0.005819028222286878
4635,0.005819028222286878,4635,0.008728542333430317,0.005819028222286878
4636,0.005819028222286878,4636,0.008728542333430317,0.005819028222286878
4637,0.005819028222286878,4637,0.008728542333430317,0.005819028222286878
4638,0.005819028222286878,4638,0.008728542333430317,0.005819028222286878
4639,0.005819028222286878,4639,0.008728542333430317,0.005819028222286878
4640,0.005819028222286878,4640,0.008728542333430317,0.005819028222286878
4641,0.005819028222286878,4641,0.008728542333430317,0.005819028222286878
4642,0.005819028222286878,4642,0.008728542333430317,0.005819028222286878
4643,0.005819028222286878,4643,0.008728542333430317,0.005819028222286878
4644,0.005819028222286878,4644,0.008728542333430317,0.005819028222286878
4645,0.005819028222286878,4645,0.008728542333430317,0.005819028222286878
4646,0.005819028222286878,4646,0.008728542333430317,0.005819028222286878
4647,0.005819028222286878,4647,0.008728542333430317,0.005819028222286878
4648,0.005819028222286878,4648,0.008728542333430317,0.005819028222286878
4649,0.005819028222286878,4649,0.008728542333430317,0.005819028222286878
4650,0.005819028222286878,4650,0.008728542333430317,0.005819028222286878
4651,0.005819028222286878,4651,0.008728542333430317,0.005819028222286878
4652,0.005819028222286878,4652,0.008728542333430317,0.005819028222286878
4653,0.005819028222286878,4653,0.008728542333430317,0.005819028222286878
4654,0.005819028222286878,4654,0.008728542333430317,0.005819028222286878
4655,0.005819028222286878,4655,0.008728542333430317,0.005819028222286878
4656,0.005819028222286878,4656,0.008728542333430317,0.005819028222286878
4657,0.005819028222286878,4657,0.008728542333430317,0.005819028222286878
4658,0.005819028222286878,4658,0.008728542333430317,0.005819028222286878
4659,0.005819028222286878,4659,0.008728542333430317,0.005819028222286878
4660,0.005819028222286878,4660,0.008728542333430317,0.005819028222286878
4661,0.005819028222286878,4661,0.008728542333430317,0.005819028222286878
4662,0.005819028222286878,4662,0.008728542333430317,0.005819028222286878
4663,0.005819028222286878,4663,0.008728542333430317,0.005819028222286878
4664,0.005819028222286878,4664,0.008728542333430317,0.005819028222286878
4665,0.005819028222286878,4665,0.008728542333430317,0.005819028222286878
4666,0.005819028222286878,4666,0.008728542333430317,0.005819028222286878
4667,0.005819028222286878,4667,0.008728542333430317,0.005819028222286878
4668,0.005819028222286878,4668,0.008728542333430317,0.005819028222286878
4669,0.005819028222286878,4669,0.008728542333430317,0.005819028222286878
4670,0.005819028222286878,4670,0.008728542333430317,0.005819028222286878
4671,0.005819028222286878,4671,0.008728542333430317,0.005819028222286878
4672,0.005819028222286878,4672,0.008728542333430317,0.005819028222286878
4673,0.005819028222286878,4673,0.008728542333430317,0.005819028222286878
4674,0.005819028222286878,4674,0.008728542333430317,0.005819028222286878
4675,0.005819028222286878,4675,0.008728542333430317,0.005819028222286878
4676,0.005819028222286878,4676,0.008728542333430317,0.005819028222286878
4677,0.005819028222286878,4677,0.008728542333430317,0.005819028222286878
4678,0.005819028222286878,4678,0.008728542333430317,0.005819028222286878
4679,0.005819028222286878,4679,0.008728542333430317,0.005819028222286878
4680,0.005819028222286878,4680,0.008728542333430317,0.005819028222286878
4681,0.005819028222286878,4681,0.008728542333430317,0.005819028222286878
4682,0.005819028222286878,4682,0.008728542333430317,0.005819028222286878
4683,0.005819028222286878,4683,0.008728542333430317,0.005819028222286878
4684,0.005819028222286878,4684,0.008728542333430317,0.005819028222286878
4685,0.005819028222286878,4685,0.008728542333430317,0.005819028222286878
4686,0.005819028222286878,4686,0.008728542333430317,0.005819028222286878
4687,0.005819028222286878,4687,0.008728542333430317,0.005819028222286878
4688,0.005819028222286878,4688,0.008728542333430317,0.005819028222286878
4689,0.005819028222286878,4689,0.008728542333430317,0.005819028222286878
4690,0.005819028222286878,4690,0.008728542333430317,0.005819028222286878
4691,0.005819028222286878,4691,0.008728542333430317,0.005819028222286878
4692,0.005819028222286878,4692,0.008728542333430317,0.005819028222286878
4693,0.005819028222286878,4693,0.008728542333430317,0.005819028222286878
4694,0.005819028222286878,4694,0.008728542333430317,0.005819028222286878
4695,0.005819028222286878,4695,0.008728542333430317,0.005819028222286878
4696,0.005819028222286878,4696,0.008728542333430317,0.005819028222286878
4697,0.005819028222286878,4697,0.008728542333430317,0.005819028222286878
4698,0.005819028222286878,4698,0.008728542333430317,0.005819028222286878
4699,0.005819028222286878,4699,0.008728542333430317,0.005819028222286878
4700,0.005819028222286878,4700,0.008728542333430317,0.005819028222286878
4701,0.005819028222286878,4701,0.008728542333430317,0.005819028222286878
4702,0.005819028222286878,4702,0.008728542333430317,0.005819028222286878
4703,0.005819028222286878,4703,0.008728542333430317,0.005819028222286878
4704,0.005819028222286878,4704,0.008728542333430317,0.005819028222286878
4705,0.005819028222286878,4705,0.008728542333430317,0.005819028222286878
4706,0.005819028222286878,4706,0.008728542333430317,0.005819028222286878
4707,0.005819028222286878,4707,0.008728542333430317,0.005819028222286878
4708,0.005819028222286878,4708,0.008728542333430317,0.005819028222286878
4709,0.005819028222286878,4709,0.008728542333430317,0.005819028222286878
4710,0.005819028222286878,4710,0.008728542333430317,0.005819028222286878
4711,0.005819028222286878,4711,0.008728542333430317,0.005819028222286878
4712,0.005819028222286878,4712,0.008728542333430317,0.005819028222286878
4713,0.005819028222286878,4713,0.008728542333430317,0.005819028222286878
4714,0.005819028222286878,4714,0.008728542333430317,0.005819028222286878
4715,0.005819028222286878,4715,0.008728542333430317,0.005819028222286878
4716,0.005819028222286878,4716,0.008728542333430317,0.005819028222286878
4717,0.005819028222286878,4717,0.008728542333430317,0.005819028222286878
4718,0.005819028222286878,4718,0.008728542333430317,0.005819028222286878
4719,0.005819028222286878,4719,0.008728542333430317,0.005819028222286878
4720,0.005819028222286878,4720,0.008728542333430317,0.005819028222286878
4721,0.005819028222286878,4721,0.008728542333430317,0.005819028222286878
4722,0.005819028222286878,4722,0.008728542333430317,0.005819028222286878
4723,0.005819028222286878,4723,0.008728542333430317,0.005819028222286878
4724,0.005819028222286878,4724,0.008728542333430317,0.005819028222286878
4725,0.005819028222286878,4725,0.008728542333430317,0.005819028222286878
4726,0.005819028222286878,4726,0.008728542333430317,0.005819028222286878
4727,0.005819028222286878,4727,0.008728542333430317,0.005819028222286878
4728,0.005819028222286878,4728,0.008728542333430317,0.005819028222286878
4729,0.005819028222286878,4729,0.008728542333430317,0.005819028222286878
4730,0.005819028222286878,4730,0.008728542333430317,0.005819028222286878
4731,0.005819028222286878,4731,0.008728542333430317,0.005819028222286878
4732,0.005819028222286878,4732,0.008728542333430317,0.005819028222286878
4733,0.005819028222286878,4733,0.008728542333430317,0.005819028222286878
4734,0.005819028222286878,4734,0.008728542333430317,0.005819028222286878
4735,0.005819028222286878,4735,0.008728542333430317,0.005819028222286878
4736,0.005819028222286878,4736,0.008728542333430317,0.005819028222286878
4737,0.005819028222286878,4737,0.008728542333430317,0.005819028222286878
4738,0.005819028222286878,4738,0.008728542333430317,0.005819028222286878
4739,0.005819028222286878,4739,0.008728542333430317,0.005819028222286878
4740,0.005819028222286878,4740,0.008728542333430317,0.005819028222286878
4741,0.005819028222286878,4741,0.008728542333430317,0.005819028222286878
4742,0.005819028222286878,4742,0.008728542333430317,0.005819028222286878
4743,0.005819028222286878,4743,0.008728542333430317,0.005819028222286878
4744,0.005819028222286878,4744,0.008728542333430317,0.005819028222286878
4745,0.005819028222286878,4745,0.008728542333430317,0.005819028222286878
4746,0.005819028222286878,4746,0.008728542333430317,0.005819028222286878
4747,0.005819028222286878,4747,0.008728542333430317,0.005819028222286878
4748,0.005819028222286878,4748,0.008728542333430317,0.005819028222286878
4749,0.005819028222286878,4749,0.008728542333430317,0.005819028222286878
4750,0.005819028222286878,4750,0.008728542333430317,0.005819028222286878
4751,0.005819028222286878,4751,0.008728542333430317,0.005819028222286878
4752,0.005819028222286878,4752,0.008728542333430317,0.005819028222286878
4753,0.005819028222286878,4753,0.008728542333430317,0.005819028222286878
4754,0.005819028222286878,4754,0.008728542333430317,0.005819028222286878
4755,0.005819028222286878,4755,0.008728542333430317,0.005819028222286878
4756,0.005819028222286878,4756,0.008728542333430317,0.005819028222286878
4757,0.005819028222286878,4757,0.008728542333430317,0.005819028222286878
4758,0.005819028222286878,4758,0.008728542333430317,0.005819028222286878
4759,0.005819028222286878,4759,0.008728542333430317,0.005819028222286878
4760,0.005819028222286878,4760,0.008728542333430317,0.005819028222286878
4761,0.005819028222286878,4761,0.008728542333430317,0.005819028222286878
4762,0.005819028222286878,4762,0.008728542333430317,0.005819028222286878
4763,0.005819028222286878,4763,0.008728542333430317,0.005819028222286878
4764,0.005819028222286878,4764,0.008728542333430317,0.005819028222286878
4765,0.005819028222286878,4765,0.008728542333430317,0.005819028222286878
4766,0.005819028222286878,4766,0.008728542333430317,0.005819028222286878
4767,0.005819028222286878,4767,0.008728542333430317,0.005819028222286878
4768,0.005819028222286878,4768,0.008728542333430317,0.005819028222286878
4769,0.005819028222286878,4769,0.008728542333430317,0.005819028222286878
4770,0.005819028222286878,4770,0.008728542333430317,0.005819028222286878
4771,0.005819028222286878,4771,0.008728542333430317,0.005819028222286878
4772,0.005819028222286878,4772,0.008728542333430317,0.005819028222286878
4773,0.005819028222286878,4773,0.008728542333430317,0.005819028222286878
4774,0.005819028222286878,4774,0.008728542333430317,0.005819028222286878
4775,0.005819028222286878,4775,0.008728542333430317,0.005819028222286878
4776,0.005819028222286878,4776,0.008728542333430317,0.005819028222286878
4777,0.005819028222286878,4777,0.008728542333430317,0.005819028222286878
4778,0.005819028222286878,4778,0.008728542333430317,0.005819028222286878
4779,0.005819028222286878,4779,0.008728542333430317,0.005819028222286878
4780,0.005819028222286878,4780,0.008728542333430317,0.005819028222286878
4781,0.005819028222286878,4781,0.008728542333430317,0.005819028222286878
4782,0.005819028222286878,4782,0.008728542333430317,0.005819028222286878
4783,0.005819028222286878,4783,0.008728542333430317,0.005819028222286878
4784,0.005819028222286878,4784,0.008728542333430317,0.005819028222286878
4785,0.005819028222286878,4785,0.008728542333430317,0.005819028222286878
4786,0.005819028222286878,4786,0.008728542333430317,0.005819028222286878
4787,0.005819028222286878,4787,0.008728542333430317,0.005819028222286878
4788,0.005819028222286878,4788,0.008728542333430317,0.005819028222286878
4789,0.005819028222286878,4789,0.008728542333430317,0.005819028222286878
4790,0.005819028222286878,4790,0.008728542333430317,0.005819028222286878
4791,0.005819028222286878,4791,0.008728542333430317,0.005819028222286878
4792,0.005819028222286878,4792,0.008728542333430317,0.005819028222286878
4793,0.005819028222286878,4793,0.008728542333430317,0.005819028222286878
4794,0.005819028222286878,4794,0.008728542333430317,0.005819028222286878
4795,0.005819028222286878,4795,0.008728542333430317,0.005819028222286878
4796,0.005819028222286878,4796,0.008728542333430317,0.005819028222286878
4797,0.005819028222286878,4797,0.008728542333430317,0.005819028222286878
4798,0.005819028222286878,4798,0.008728542333430317,0.005819028222286878
4799,0.005819028222286878,4799,0.008728542333430317,0.005819028222286878
4800,0.005819028222286878,4800,0.008728542333430317,0.005819028222286878
4801,0.005819028222286878,4801,0.008728542333430317,0.005819028222286878
4802,0.005819028222286878,4802,0.008728542333430317,0.005819028222286878
4803,0.005819028222286878,4803,0.008728542333430317,0.005819028222286878
4804,0.005819028222286878,4804,0.008728542333430317,0.005819028222286878
4805,0.005819028222286878,4805,0.008728542333430317,0.005819028222286878
4806,0.005819028222286878,4806,0.008728542333430317,0.005819028222286878
4807,0.005819028222286878,4807,0.008728542333430317,0.005819028222286878
4808,0.005819028222286878,4808,0.008728542333430317,0.005819028222286878
4809,0.005819028222286878,4809,0.008728542333430317,0.005819028222286878
4810,0.005819028222286878,4810,0.008728542333430317,0.005819028222286878
4811,0.005819028222286878,4811,0.008728542333430317,0.005819028222286878
4812,0.005819028222286878,4812,0.008728542333430317,0.005819028222286878
4813,0.005819028222286878,4813,0.008728542333430317,0.005819028222286878
4814,0.005819028222286878,4814,0.008728542333430317,0.005819028222286878
4815,0.005819028222286878,4815,0.008728542333430317,0.005819028222286878
4816,0.005819028222286878,4816,0.008728542333430317,0.005819028222286878
4817,0.005819028222286878,4817,0.008728542333430317,0.005819028222286878
4818,0.005819028222286878,4818,0.008728542333430317,0.005819028222286878
4819,0.005819028222286878,4819,0.008728542333430317,0.005819028222286878
4820,0.005819028222286878,4820,0.008728542333430317,0.005819028222286878
4821,0.005819028222286878,4821,0.008728542333430317,0.005819028222286878
4822,0.005819028222286878,4822,0.008728542333430317,0.005819028222286878
4823,0.005819028222286878,4823,0.008728542333430317,0.005819028222286878
4824,0.005819028222286878,4824,0.008728542333430317,0.005819028222286878
4825,0.005819028222286878,4825,0.008728542333430317,0.005819028222286878
4826,0.005819028222286878,4826,0.008728542333430317,0.005819028222286878
4827,0.005819028222286878,4827,0.008728542333430317,0.005819028222286878
4828,0.005819028222286878,4828,0.008728542333430317,0.005819028222286878
4829,0.005819028222286878,4829,0.008728542333430317,0.005819028222286878
4830,0.005819028222286878,4830,0.008728542333430317,0.005819028222286878
4831,0.005819028222286878,4831,0.008728542333430317,0.005819028222286878
4832,0.005819028222286878,4832,0.008728542333430317,0.005819028222286878
4833,0.005819028222286878,4833,0.008728542333430317,0.005819028222286878
4834,0.005819028222286878,4834,0.008728542333430317,0.005819028222286878
4835,0.005819028222286878,4835,0.008728542333430317,0.005819028222286878
4836,0.005819028222286878,4836,0.008728542333430317,0.005819028222286878
4837,0.005819028222286878,4837,0.008728542333430317,0.005819028222286878
4838,0.005819028222286878,4838,0.008728542333430317,0.005819028222286878
4839,0.005819028222286878,4839,0.008728542333430317,0.005819028222286878
4840,0.005819028222286878,4840,0.008728542333430317,0.005819028222286878
4841,0.005819028222286878,4841,0.008728542333430317,0.005819028222286878
4842,0.005819028222286878,4842,0.008728542333430317,0.005819028222286878
4843,0.005819028222286878,4843,0.008728542333430317,0.005819028222286878
4844,0.005819028222286878,4844,0.008728542333430317,0.005819028222286878
4845,0.005819028222286878,4845,0.008728542333430317,0.005819028222286878
4846,0.005819028222286878,4846,0.008728542333430317,0.005819028222286878
4847,0.005819028222286878,4847,0.008728542333430317,0.005819028222286878
4848,0.005819028222286878,4848,0.008728542333430317,0.005819028222286878
4849,0.005819028222286878,4849,0.008728542333430317,0.005819028222286878
4850,0.005819028222286878,4850,0.008728542333430317,0.005819028222286878
4851,0.005819028222286878,4851,0.008728542333430317,0.005819028222286878
4852,0.005819028222286878,4852,0.008728542333430317,0.005819028222286878
4853,0.005819028222286878,4853,0.008728542333430317,0.005819028222286878
4854,0.005819028222286878,4854,0.008728542333430317,0.005819028222286878
4855,0.005819028222286878,4855,0.008728542333430317,0.005819028222286878
4856,0.005819028222286878,4856,0.008728542333430317,0.005819028222286878
4857,0.005819028222286878,4857,0.008728542333430317,0.005819028222286878
4858,0.005819028222286878,4858,0.008728542333430317,0.005819028222286878
4859,0.005819028222286878,4859,0.008728542333430317,0.005819028222286878
4860,0.005819028222286878,4860,0.008728542333430317,0.005819028222286878
4861,0.005819028222286878,4861,0.008728542333430317,0.005819028222286878
4862,0.005819028222286878,4862,0.008728542333430317,0.005819028222286878
4863,0.005819028222286878,4863,0.008728542333430317,0.005819028222286878
4864,0.005819028222286878,4864,0.008728542333430317,0.005819028222286878
4865,0.005819028222286878,4865,0.008728542333430317,0.005819028222286878
4866,0.005819028222286878,4866,0.008728542333430317,0.005819028222286878
4867,0.005819028222286878,4867,0.008728542333430317,0.005819028222286878
4868,0.005819028222286878,4868,0.008728542333430317,0.005819028222286878
4869,0.005819028222286878,4869,0.008728542333430317,0.005819028222286878
4870,0.005819028222286878,4870,0.008728542333430317,0.005819028222286878
4871,0.005819028222286878,4871,0.008728542333430317,0.005819028222286878
4872,0.005819028222286878,4872,0.008728542333430317,0.005819028222286878
4873,0.005819028222286878,4873,0.008728542333430317,0.005819028222286878
4874,0.005819028222286878,4874,0.008728542333430317,0.005819028222286878
4875,0.005819028222286878,4875,0.008728542333430317,0.005819028222286878
4876,0.005819028222286878,4876,0.008728542333430317,0.005819028222286878
4877,0.005819028222286878,4877,0.008728542333430317,0.005819028222286878
4878,0.005819028222286878,4878,0.008728542333430317,0.005819028222286878
4879,0.005819028222286878,4879,0.008728542333430317,0.005819028222286878
4880,0.005819028222286878,4880,0.008728542333430317,0.005819028222286878
4881,0.005819028222286878,4881,0.008728542333430317,0.005819028222286878
4882,0.005819028222286878,4882,0.008728542333430317,0.005819028222286878
4883,0.005819028222286878,4883,0.008728542333430317,0.005819028222286878
4884,0.005819028222286878,4884,0.008728542333430317,0.005819028222286878
4885,0.005819028222286878,4885,0.008728542333430317,0.005819028222286878
4886,0.005819028222286878,4886,0.008728542333430317,0.005819028222286878
4887,0.005819028222286878,4887,0.008728542333430317,0.005819028222286878
4888,0.005819028222286878,4888,0.008728542333430317,0.005819028222286878
4889,0.005819028222286878,4889,0.008728542333430317,0.005819028222286878
4890,0.005819028222286878,4890,0.008728542333430317,0.005819028222286878
4891,0.005819028222286878,4891,0.008728542333430317,0.005819028222286878
4892,0.005819028222286878,4892,0.008728542333430317,0.005819028222286878
4893,0.005819028222286878,4893,0.008728542333430317,0.005819028222286878
4894,0.005819028222286878,4894,0.008728542333430317,0.005819028222286878
4895,0.005819028222286878,4895,0.008728542333430317,0.005819028222286878
4896,0.005819028222286878,4896,0.008728542333430317,0.005819028222286878
4897,0.005819028222286878,4897,0.008728542333430317,0.005819028222286878
4898,0.005819028222286878,4898,0.008728542333430317,0.005819028222286878
4899,0.005819028222286878,4899,0.008728542333430317,0.005819028222286878
4900,0.005819028222286878,4900,0.008728542333430317,0.005819028222286878
4901,0.005819028222286878,4901,0.008728542333430317,0.005819028222286878
4902,0.005819028222286878,4902,0.008728542333430317,0.005819028222286878
4903,0.005819028222286878,4903,0.008728542333430317,0.005819028222286878
4904,0.005819028222286878,4904,0.008728542333430317,0.005819028222286878
4905,0.005819028222286878,4905,0.008728542333430317,0.005819028222286878
4906,0.005819028222286878,4906,0.008728542333430317,0.005819028222286878
4907,0.005819028222286878,4907,0.008728542333430317,0.005819028222286878
4908,0.005819028222286878,4908,0.008728542333430317,0.005819028222286878
4909,0.005819028222286878,4909,0.008728542333430317,0.005819028222286878
4910,0.005819028222286878,4910,0.008728542333430317,0.005819028222286878
4911,0.005819028222286878,4911,0.008728542333430317,0.005819028222286878
4912,0.005819028222286878,4912,0.008728542333430317,0.005819028222286878
4913,0.005819028222286878,4913,0.008728542333430317,0.005819028222286878
4914,0.005819028222286878,4914,0.008728542333430317,0.005819028222286878
4915,0.005819028222286878,4915,0.008728542333430317,0.005819028222286878
4916,0.005819028222286878,4916,0.008728542333430317,0.005819028222286878
4917,0.005819028222286878,4917,0.008728542333430317,0.005819028222286878
4918,0.005819028222286878,4918,0.008728542333430317,0.005819028222286878
4919,0.005819028222286878,4919,0.008728542333430317,0.005819028222286878
4920,0.005819028222286878,4920,0.008728542333430317,0.005819028222286878
4921,0.005819028222286878,4921,0.008728542333430317,0.005819028222286878
4922,0.005819028222286878,4922,0.008728542333430317,0.005819028222286878
4923,0.005819028222286878,4923,0.008728542333430317,0.005819028222286878
4924,0.005819028222286878,4924,0.008728542333430317,0.005819028222286878
4925,0.005819028222286878,4925,0.008728542333430317,0.005819028222286878
4926,0.005819028222286878,4926,0.008728542333430317,0.005819028222286878
4927,0.005819028222286878,4927,0.008728542333430317,0.005819028222286878
4928,0.005819028222286878,4928,0.008728542333430317,0.005819028222286878
4929,0.005819028222286878,4929,0.008728542333430317,0.005819028222286878
4930,0.005819028222286878,4930,0.008728542333430317,0.005819028222286878
4931,0.005819028222286878,4931,0.008728542333430317,0.005819028222286878
4932,0.005819028222286878,4932,0.008728542333430317,0.005819028222286878
4933,0.005819028222286878,4933,0.008728542333430317,0.005819028222286878
4934,0.005819028222286878,4934,0.008728542333430317,0.005819028222286878
4935,0.005819028222286878,4935,0.008728542333430317,0.005819028222286878
4936,0.005819028222286878,4936,0.008728542333430317,0.005819028222286878
4937,0.005819028222286878,4937,0.008728542333430317,0.005819028222286878
4938,0.005819028222286878,4938,0.008728542333430317,0.005819028222286878
4939,0.005819028222286878,4939,0.008728542333430317,0.005819028222286878
4940,0.005819028222286878,4940,0.008728542333430317,0.005819028222286878
4941,0.005819028222286878,4941,0.008728542333430317,0.005819028222286878
4942,0.005819028222286878,4942,0.008728542333430317,0.005819028222286878
4943,0.005819028222286878,4943,0.008728542333430317,0.005819028222286878
4944,0.005819028222286878,4944,0.008728542333430317,0.005819028222286878
4945,0.005819028222286878,4945,0.008728542333430317,0.005819028222286878
4946,0.005819028222286878,4946,0.008728542333430317,0.005819028222286878
4947,0.005819028222286878,4947,0.008728542333430317,0.005819028222286878
4948,0.005819028222286878,4948,0.008728542333430317,0.005819028222286878
4949,0.005819028222286878,4949,0.008728542333430317,0.005819028222286878
4950,0.005819028222286878,4950,0.008728542333430317,0.005819028222286878
4951,0.005819028222286878,4951,0.008728542333430317,0.005819028222286878
4952,0.005819028222286878,4952,0.008728542333430317,0.005819028222286878
4953,0.005819028222286878,4953,0.008728542333430317,0.005819028222286878
4954,0.005819028222286878,4954,0.008728542333430317,0.005819028222286878
4955,0.005819028222286878,4955,0.008728542333430317,0.005819028222286878
4956,0.005819028222286878,4956,0.008728542333430317,0.005819028222286878
4957,0.005819028222286878,4957,0.008728542333430317,0.005819028222286878
4958,0.005819028222286878,4958,0.008728542333430317,0.005819028222286878
4959,0.005819028222286878,4959,0.008728542333430317,0.005819028222286878
4960,0.005819028222286878,4960,0.008728542333430317,0.005819028222286878
4961,0.005819028222286878,4961,0.008728542333430317,0.005819028222286878
4962,0.005819028222286878,4962,0.008728542333430317,0.005819028222286878
4963,0.005819028222286878,4963,0.008728542333430317,0.005819028222286878
4964,0.005819028222286878,4964,0.008728542333430317,0.005819028222286878
4965,0.005819028222286878,4965,0.008728542333430317,0.005819028222286878
4966,0.005819028222286878,4966,0.008728542333430317,0.005819028222286878
4967,0.005819028222286878,4967,0.008728542333430317,0.005819028222286878
4968,0.005819028222286878,4968,0.008728542333430317,0.005819028222286878
4969,0.005819028222286878,4969,0.008728542333430317,0.005819028222286878
4970,0.005819028222286878,4970,0.008728542333430317,0.005819028222286878
4971,0.005819028222286878,4971,0.008728542333430317,0.005819028222286878
4972,0.005819028222286878,4972,0.008728542333430317,0.005819028222286878
4973,0.005819028222286878,4973,0.008728542333430317,0.005819028222286878
4974,0.005819028222286878,4974,0.008728542333430317,0.005819028222286878
4975,0.005819028222286878,4975,0.008728542333430317,0.005819028222286878
4976,0.005819028222286878,4976,0.008728542333430317,0.005819028222286878
4977,0.005819028222286878,4977,0.008728542333430317,0.005819028222286878
4978,0.005819028222286878,4978,0.008728542333430317,0.005819028222286878
4979,0.005819028222286878,4979,0.008728542333430317,0.005819028222286878
4980,0.005819028222286878,4980,0.008728542333430317,0.005819028222286878
4981,0.005819028222286878,4981,0.008728542333430317,0.005819028222286878
4982,0.005819028222286878,4982,0.008728542333430317,0.005819028222286878
4983,0.005819028222286878,4983,0.008728542333430317,0.005819028222286878
4984,0.005819028222286878,4984,0.008728542333430317,0.005819028222286878
4985,0.005819028222286878,4985,0.008728542333430317,0.005819028222286878
4986,0.005819028222286878,4986,0.008728542333430317,0.005819028222286878
4987,0.005819028222286878,4987,0.008728542333430317,0.005819028222286878
4988,0.005819028222286878,4988,0.008728542333430317,0.005819028222286878
4989,0.005819028222286878,4989,0.008728542333430317,0.005819028222286878
4990,0.005819028222286878,4990,0.008728542333430317,0.005819028222286878
4991,0.005819028222286878,4991,0.008728542333430317,0.005819028222286878
4992,0.005819028222286878,4992,0.008728542333430317,0.005819028222286878
4993,0.005819028222286878,4993,0.008728542333430317,0.005819028222286878
4994,0.005819028222286878,4994,0.008728542333430317,0.005819028222286878
4995,0.005819028222286878,4995,0.008728542333430317,0.005819028222286878
4996,0.005819028222286878,4996,0.008728542333430317,0.005819028222286878
4997,0.005819028222286878,4997,0.008728542333430317,0.005819028222286878
4998,0.005819028222286878,4998,0.008728542333430317,0.005819028222286878
4999,0.005819028222286878,4999,0.008728542333430317,0.005819028222286878
5000,0.005819028222286878,5000,0.008728542333430317,0.005819028222286878
5001,0.005819028222286878,5001,0.008728542333430317,0.005819028222286878
5002,0.005819028222286878,5002,0.008728542333430317,0.005819028222286878
5003,0.005819028222286878,5003,0.008728542333430317,0.005819028222286878
5004,0.005819028222286878,5004,0.008728542333430317,0.005819028222286878
5005,0.005819028222286878,5005,0.008728542333430317,0.005819028222286878
5006,0.005819028222286878,5006,0.008728542333430317,0.005819028222286878
5007,0.005819028222286878,5007,0.008728542333430317,0.005819028222286878
5008,0.005819028222286878,5008,0.008728542333430317,0.005819028222286878
5009,0.005819028222286878,5009,0.008728542333430317,0.005819028222286878
5010,0.005819028222286878,5010,0.008728542333430317,0.005819028222286878
5011,0.005819028222286878,5011,0.008728542333430317,0.005819028222286878
5012,0.005819028222286878,5012,0.008728542333430317,0.005819028222286878
5013,0.005819028222286878,5013,0.008728542333430317,0.005819028222286878
5014,0.005819028222286878,5014,0.008728542333430317,0.005819028222286878
5015,0.005819028222286878,5015,0.008728542333430317,0.005819028222286878
5016,0.005819028222286878,5016,0.008728542333430317,0.005819028222286878
5017,0.005819028222286878,5017,0.008728542333430317,0.005819028222286878
5018,0.005819028222286878,5018,0.008728542333430317,0.005819028222286878
5019,0.005819028222286878,5019,0.008728542333430317,0.005819028222286878
5020,0.005819028222286878,5020,0.008728542333430317,0.005819028222286878
5021,0.005819028222286878,5021,0.008728542333430317,0.005819028222286878
5022,0.005819028222286878,5022,0.008728542333430317,0.005819028222286878
5023,0.005819028222286878,5023,0.008728542333430317,0.005819028222286878
5024,0.005819028222286878,5024,0.008728542333430317,0.005819028222286878
5025,0.005819028222286878,5025,0.008728542333430317,0.005819028222286878
5026,0.005819028222286878,5026,0.008728542333430317,0.005819028222286878
5027,0.005819028222286878,5027,0.008728542333430317,0.005819028222286878
5028,0.005819028222286878,5028,0.008728542333430317,0.005819028222286878
5029,0.005819028222286878,5029,0.008728542333430317,0.005819028222286878
5030,0.005819028222286878,5030,0.008728542333430317,0.005819028222286878
5031,0.005819028222286878,5031,0.008728542333430317,0.005819028222286878
5032,0.005819028222286878,5032,0.008728542333430317,0.005819028222286878
5033,0.005819028222286878,5033,0.008728542333430317,0.005819028222286878
5034,0.005819028222286878,5034,0.008728542333430317,0.005819028222286878
5035,0.005819028222286878,5035,0.008728542333430317,0.005819028222286878
5036,0.005819028222286878,5036,0.008728542333430317,0.005819028222286878
5037,0.005819028222286878,5037,0.008728542333430317,0.005819028222286878
5038,0.005819028222286878,5038,0.008728542333430317,0.005819028222286878
5039,0.005819028222286878,5039,0.008728542333430317,0.005819028222286878
5040,0.005819028222286878,5040,0.008728542333430317,0.005819028222286878
5041,0.005819028222286878,5041,0.008728542333430317,0.005819028222286878
5042,0.005819028222286878,5042,0.008728542333430317,0.005819028222286878
5043,0.005819028222286878,5043,0.008728542333430317,0.005819028222286878
5044,0.005819028222286878,5044,0.008728542333430317,0.005819028222286878
5045,0.005819028222286878,5045,0.008728542333430317,0.005819028222286878
5046,0.005819028222286878,5046,0.008728542333430317,0.005819028222286878
5047,0.005819028222286878,5047,0.008728542333430317,0.005819028222286878
5048,0.005819028222286878,5048,0.008728542333430317,0.005819028222286878
5049,0.005819028222286878,5049,0.008728542333430317,0.005819028222286878
5050,0.005819028222286878,5050,0.008728542333430317,0.005819028222286878
5051,0.005819028222286878,5051,0.008728542333430317,0.005819028222286878
5052,0.005819028222286878,5052,0.008728542333430317,0.005819028222286878
5053,0.005819028222286878,5053,0.008728542333430317,0.005819028222286878
5054,0.005819028222286878,5054,0.008728542333430317,0.005819028222286878
5055,0.005819028222286878,5055,0.008728542333430317,0.005819028222286878
5056,0.005819028222286878,5056,0.008728542333430317,0.005819028222286878
5057,0.005819028222286878,5057,0.008728542333430317,0.005819028222286878
5058,0.005819028222286878,5058,0.008728542333430317,0.005819028222286878
5059,0.005819028222286878,5059,0.008728542333430317,0.005819028222286878
5060,0.005819028222286878,5060,0.008728542333430317,0.005819028222286878
5061,0.005819028222286878,5061,0.008728542333430317,0.005819028222286878
5062,0.005819028222286878,5062,0.008728542333430317,0.005819028222286878
5063,0.005819028222286878,5063,0.008728542333430317,0.005819028222286878
5064,0.005819028222286878,5064,0.008728542333430317,0.005819028222286878
5065,0.005819028222286878,5065,0.008728542333430317,0.005819028222286878
5066,0.005819028222286878,5066,0.008728542333430317,0.005819028222286878
5067,0.005819028222286878,5067,0.008728542333430317,0.005819028222286878
5068,0.005819028222286878,5068,0.008728542333430317,0.005819028222286878
5069,0.005819028222286878,5069,0.008728542333430317,0.005819028222286878
5070,0.005819028222286878,5070,0.008728542333430317,0.005819028222286878
5071,0.005819028222286878,5071,0.008728542333430317,0.005819028222286878
5072,0.005819028222286878,5072,0.008728542333430317,0.005819028222286878
5073,0.005819028222286878,5073,0.008728542333430317,0.005819028222286878
5074,0.005819028222286878,5074,0.008728542333430317,0.005819028222286878
5075,0.005819028222286878,5075,0.008728542333430317,0.005819028222286878
5076,0.005819028222286878,5076,0.008728542333430317,0.005819028222286878
5077,0.005819028222286878,5077,0.008728542333430317,0.005819028222286878
5078,0.005819028222286878,5078,0.008728542333430317,0.005819028222286878
5079,0.005819028222286878,5079,0.008728542333430317,0.005819028222286878
5080,0.005819028222286878,5080,0.008728542333430317,0.005819028222286878
5081,0.005819028222286878,5081,0.008728542333430317,0.005819028222286878
5082,0.005819028222286878,5082,0.008728542333430317,0.005819028222286878
5083,0.005819028222286878,5083,0.008728542333430317,0.005819028222286878
5084,0.005819028222286878,5084,0.008728542333430317,0.005819028222286878
5085,0.005819028222286878,5085,0.008728542333430317,0.005819028222286878
5086,0.005819028222286878,5086,0.008728542333430317,0.005819028222286878
5087,0.005819028222286878,5087,0.008728542333430317,0.005819028222286878
5088,0.005819028222286878,5088,0.008728542333430317,0.005819028222286878
5089,0.005819028222286878,5089,0.008728542333430317,0.005819028222286878
5090,0.005819028222286878,5090,0.008728542333430317,0.005819028222286878
5091,0.005819028222286878,5091,0.008728542333430317,0.005819028222286878
5092,0.005819028222286878,5092,0.008728542333430317,0.005819028222286878
5093,0.005819028222286878,5093,0.008728542333430317,0.005819028222286878
5094,0.005819028222286878,5094,0.008728542333430317,0.005819028222286878
5095,0.005819028222286878,5095,0.008728542333430317,0.005819028222286878
5096,0.005819028222286878,5096,0.008728542333430317,0.005819028222286878
5097,0.005819028222286878,5097,0.008728542333430317,0.005819028222286878
5098,0.005819028222286878,5098,0.008728542333430317,0.005819028222286878
5099,0.005819028222286878,5099,0.008728542333430317,0.005819028222286878
5100,0.005819028222286878,5100,0.008728542333430317,0.005819028222286878
5101,0.005819028222286878,5101,0.008728542333430317,0.005819028222286878
5102,0.005819028222286878,5102,0.008728542333430317,0.005819028222286878
5103,0.005819028222286878,5103,0.008728542333430317,0.005819028222286878
5104,0.005819028222286878,5104,0.008728542333430317,0.005819028222286878
5105,0.005819028222286878,5105,0.008728542333430317,0.005819028222286878
5106,0.005819028222286878,5106,0.008728542333430317,0.005819028222286878
5107,0.005819028222286878,5107,0.008728542333430317,0.005819028222286878
5108,0.005819028222286878,5108,0.008728542333430317,0.005819028222286878
5109,0.005819028222286878,5109,0.008728542333430317,0.005819028222286878
5110,0.005819028222286878,5110,0.008728542333430317,0.005819028222286878
5111,0.005819028222286878,5111,0.008728542333430317,0.005819028222286878
5112,0.005819028222286878,5112,0.008728542333430317,0.005819028222286878
5113,0.005819028222286878,5113,0.008728542333430317,0.005819028222286878
5114,0.005819028222286878,5114,0.008728542333430317,0.005819028222286878
5115,0.005819028222286878,5115,0.008728542333430317,0.005819028222286878
5116,0.005819028222286878,5116,0.008728542333430317,0.005819028222286878
5117,0.005819028222286878,5117,0.008728542333430317,0.005819028222286878
5118,0.005819028222286878,5118,0.008728542333430317,0.005819028222286878
5119,0.005819028222286878,5119,0.008728542333430317,0.005819028222286878
5120,0.005819028222286878,5120,0.008728542333430317,0.005819028222286878
5121,0.005819028222286878,5121,0.008728542333430317,0.005819028222286878
5122,0.005819028222286878,5122,0.008728542333430317,0.005819028222286878
5123,0.005819028222286878,5123,0.008728542333430317,0.005819028222286878
5124,0.005819028222286878,5124,0.008728542333430317,0.005819028222286878
5125,0.005819028222286878,5125,0.008728542333430317,0.005819028222286878
5126,0.005819028222286878,5126,0.008728542333430317,0.005819028222286878
5127,0.005819028222286878,5127,0.008728542333430317,0.005819028222286878
5128,0.005819028222286878,5128,0.008728542333430317,0.005819028222286878
5129,0.005819028222286878,5129,0.008728542333430317,0.005819028222286878
5130,0.005819028222286878,5130,0.008728542333430317,0.005819028222286878
5131,0.005819028222286878,5131,0.008728542333430317,0.005819028222286878
5132,0.005819028222286878,5132,0.008728542333430317,0.005819028222286878
5133,0.005819028222286878,5133,0.008728542333430317,0.005819028222286878
5134,0.005819028222286878,5134,0.008728542333430317,0.005819028222286878
5135,0.005819028222286878,5135,0.008728542333430317,0.005819028222286878
5136,0.005819028222286878,5136,0.008728542333430317,0.005819028222286878
5137,0.005819028222286878,5137,0.008728542333430317,0.005819028222286878
5138,0.005819028222286878,5138,0.008728542333430317,0.005819028222286878
5139,0.005819028222286878,5139,0.008728542333430317,0.005819028222286878
5140,0.005819028222286878,5140,0.008728542333430317,0.005819028222286878
5141,0.005819028222286878,5141,0.008728542333430317,0.005819028222286878
5142,0.005819028222286878,5142,0.008728542333430317,0.005819028222286878
5143,0.005819028222286878,5143,0.008728542333430317,0.005819028222286878
5144,0.005819028222286878,5144,0.008728542333430317,0.005819028222286878
5145,0.005819028222286878,5145,0.008728542333430317,0.005819028222286878
5146,0.005819028222286878,5146,0.008728542333430317,0.005819028222286878
5147,0.005819028222286878,5147,0.008728542333430317,0.005819028222286878
5148,0.005819028222286878,5148,0.008728542333430317,0.005819028222286878
5149,0.005819028222286878,5149,0.008728542333430317,0.005819028222286878
5150,0.005819028222286878,5150,0.008728542333430317,0.005819028222286878
5151,0.005819028222286878,5151,0.008728542333430317,0.005819028222286878
5152,0.005819028222286878,5152,0.008728542333430317,0.005819028222286878
5153,0.005819028222286878,5153,0.008728542333430317,0.005819028222286878
5154,0.005819028222286878,5154,0.008728542333430317,0.005819028222286878
5155,0.005819028222286878,5155,0.008728542333430317,0.005819028222286878
5156,0.005819028222286878,5156,0.008728542333430317,0.005819028222286878
5157,0.005819028222286878,5157,0.008728542333430317,0.005819028222286878
5158,0.005819028222286878,5158,0.008728542333430317,0.005819028222286878
5159,0.005819028222286878,5159,0.008728542333430317,0.005819028222286878
5160,0.005819028222286878,5160,0.008728542333430317,0.005819028222286878
5161,0.005819028222286878,5161,0.008728542333430317,0.005819028222286878
5162,0.005819028222286878,5162,0.008728542333430317,0.005819028222286878
5163,0.005819028222286878,5163,0.008728542333430317,0.005819028222286878
5164,0.005819028222286878,5164,0.008728542333430317,0.005819028222286878
5165,0.005819028222286878,5165,0.008728542333430317,0.005819028222286878
5166,0.005819028222286878,5166,0.008728542333430317,0.005819028222286878
5167,0.005819028222286878,5167,0.008728542333430317,0.005819028222286878
5168,0.005819028222286878,5168,0.008728542333430317,0.005819028222286878
5169,0.005819028222286878,5169,0.008728542333430317,0.005819028222286878
5170,0.005819028222286878,5170,0.008728542333430317,0.005819028222286878
5171,0.005819028222286878,5171,0.008728542333430317,0.005819028222286878
5172,0.005819028222286878,5172,0.008728542333430317,0.005819028222286878
5173,0.005819028222286878,5173,0.008728542333430317,0.005819028222286878
5174,0.005819028222286878,5174,0.008728542333430317,0.005819028222286878
5175,0.005819028222286878,5175,0.008728542333430317,0.005819028222286878
5176,0.005819028222286878,5176,0.008728542333430317,0.005819028222286878
5177,0.005819028222286878,5177,0.008728542333430317,0.005819028222286878
5178,0.005819028222286878,5178,0.008728542333430317,0.005819028222286878
5179,0.005819028222286878,5179,0.008728542333430317,0.005819028222286878
5180,0.005819028222286878,5180,0.008728542333430317,0.005819028222286878
5181,0.005819028222286878,5181,0.008728542333430317,0.005819028222286878
5182,0.005819028222286878,5182,0.008728542333430317,0.005819028222286878
5183,0.005819028222286878,5183,0.008728542333430317,0.005819028222286878
5184,0.005819028222286878,5184,0.008728542333430317,0.005819028222286878
5185,0.005819028222286878,5185,0.008728542333430317,0.005819028222286878
5186,0.005819028222286878,5186,0.008728542333430317,0.005819028222286878
5187,0.005819028222286878,5187,0.008728542333430317,0.005819028222286878
5188,0.005819028222286878,5188,0.008728542333430317,0.005819028222286878
5189,0.005819028222286878,5189,0.008728542333430317,0.005819028222286878
5190,0.005819028222286878,5190,0.008728542333430317,0.005819028222286878
5191,0.005819028222286878,5191,0.008728542333430317,0.005819028222286878
5192,0.005819028222286878,5192,0.008728542333430317,0.005819028222286878
5193,0.005819028222286878,5193,0.008728542333430317,0.005819028222286878
5194,0.005819028222286878,5194,0.008728542333430317,0.005819028222286878
5195,0.005819028222286878,5195,0.008728542333430317,0.005819028222286878
5196,0.005819028222286878,5196,0.008728542333430317,0.005819028222286878
5197,0.005819028222286878,5197,0.008728542333430317,0.005819028222286878
5198,0.005819028222286878,5198,0.008728542333430317,0.005819028222286878
5199,0.005819028222286878,5199,0.008728542333430317,0.005819028222286878
5200,0.005819028222286878,5200,0.008728542333430317,0.005819028222286878
5201,0.005819028222286878,5201,0.008728542333430317,0.005819028222286878
5202,0.005819028222286878,5202,0.008728542333430317,0.005819028222286878
5203,0.005819028222286878,5203,0.008728542333430317,0.005819028222286878
5204,0.005819028222286878,5204,0.008728542333430317,0.005819028222286878
5205,0.005819028222286878,5205,0.008728542333430317,0.005819028222286878
5206,0.005819028222286878,5206,0.008728542333430317,0.005819028222286878
5207,0.005819028222286878,5207,0.008728542333430317,0.005819028222286878
5208,0.005819028222286878,5208,0.008728542333430317,0.005819028222286878
5209,0.005819028222286878,5209,0.008728542333430317,0.005819028222286878
5210,0.005819028222286878,5210,0.008728542333430317,0.005819028222286878
5211,0.005819028222286878,5211,0.008728542333430317,0.005819028222286878
5212,0.005819028222286878,5212,0.008728542333430317,0.005819028222286878
5213,0.005819028222286878,5213,0.008728542333430317,0.005819028222286878
5214,0.005819028222286878,5214,0.008728542333430317,0.005819028222286878
5215,0.005819028222286878,5215,0.008728542333430317,0.005819028222286878
5216,0.005819028222286878,5216,0.008728542333430317,0.005819028222286878
5217,0.005819028222286878,5217,0.008728542333430317,0.005819028222286878
5218,0.005819028222286878,5218,0.008728542333430317,0.005819028222286878
5219,0.005819028222286878,5219,0.008728542333430317,0.005819028222286878
5220,0.005819028222286878,5220,0.008728542333430317,0.005819028222286878
5221,0.005819028222286878,5221,0.008728542333430317,0.005819028222286878
5222,0.005819028222286878,5222,0.008728542333430317,0.005819028222286878
5223,0.005819028222286878,5223,0.008728542333430317,0.005819028222286878
5224,0.005819028222286878,5224,0.008728542333430317,0.005819028222286878
5225,0.005819028222286878,5225,0.008728542333430317,0.005819028222286878
5226,0.005819028222286878,5226,0.008728542333430317,0.005819028222286878
5227,0.005819028222286878,5227,0.008728542333430317,0.005819028222286878
5228,0.005819028222286878,5228,0.008728542333430317,0.005819028222286878
5229,0.005819028222286878,5229,0.008728542333430317,0.005819028222286878
5230,0.005819028222286878,5230,0.008728542333430317,0.005819028222286878
5231,0.005819028222286878,5231,0.008728542333430317,0.005819028222286878
5232,0.005819028222286878,5232,0.008728542333430317,0.005819028222286878
5233,0.005819028222286878,5233,0.008728542333430317,0.005819028222286878
5234,0.005819028222286878,5234,0.008728542333430317,0.005819028222286878
5235,0.005819028222286878,5235,0.008728542333430317,0.005819028222286878
5236,0.005819028222286878,5236,0.008728542333430317,0.005819028222286878
5237,0.005819028222286878,5237,0.008728542333430317,0.005819028222286878
5238,0.005819028222286878,5238,0.008728542333430317,0.005819028222286878
5239,0.005819028222286878,5239,0.008728542333430317,0.005819028222286878
5240,0.005819028222286878,5240,0.008728542333430317,0.005819028222286878
5241,0.005819028222286878,5241,0.008728542333430317,0.005819028222286878
5242,0.005819028222286878,5242,0.008728542333430317,0.005819028222286878
5243,0.005819028222286878,5243,0.008728542333430317,0.005819028222286878
5244,0.005819028222286878,5244,0.008728542333430317,0.005819028222286878
5245,0.005819028222286878,5245,0.008728542333430317,0.005819028222286878
5246,0.005819028222286878,5246,0.008728542333430317,0.005819028222286878
5247,0.005819028222286878,5247,0.008728542333430317,0.005819028222286878
5248,0.005819028222286878,5248,0.008728542333430317,0.005819028222286878
5249,0.005819028222286878,5249,0.008728542333430317,0.005819028222286878
5250,0.005819028222286878,5250,0.008728542333430317,0.005819028222286878
5251,0.005819028222286878,5251,0.008728542333430317,0.005819028222286878
5252,0.005819028222286878,5252,0.008728542333430317,0.005819028222286878
5253,0.005819028222286878,5253,0.008728542333430317,0.005819028222286878
5254,0.005819028222286878,5254,0.008728542333430317,0.005819028222286878
5255,0.005819028222286878,5255,0.008728542333430317,0.005819028222286878
5256,0.005819028222286878,5256,0.008728542333430317,0.005819028222286878
5257,0.005819028222286878,5257,0.008728542333430317,0.005819028222286878
5258,0.005819028222286878,5258,0.008728542333430317,0.005819028222286878
5259,0.005819028222286878,5259,0.008728542333430317,0.005819028222286878
5260,0.005819028222286878,5260,0.008728542333430317,0.005819028222286878
5261,0.005819028222286878,5261,0.008728542333430317,0.005819028222286878
5262,0.005819028222286878,5262,0.008728542333430317,0.005819028222286878
5263,0.005819028222286878,5263,0.008728542333430317,0.005819028222286878
5264,0.005819028222286878,5264,0.008728542333430317,0.005819028222286878
5265,0.005819028222286878,5265,0.008728542333430317,0.005819028222286878
5266,0.005819028222286878,5266,0.008728542333430317,0.005819028222286878
5267,0.005819028222286878,5267,0.008728542333430317,0.005819028222286878
5268,0.005819028222286878,5268,0.008728542333430317,0.005819028222286878
5269,0.005819028222286878,5269,0.008728542333430317,0.005819028222286878
5270,0.005819028222286878,5270,0.008728542333430317,0.005819028222286878
5271,0.005819028222286878,5271,0.008728542333430317,0.005819028222286878
5272,0.005819028222286878,5272,0.008728542333430317,0.005819028222286878
5273,0.005819028222286878,5273,0.008728542333430317,0.005819028222286878
5274,0.005819028222286878,5274,0.008728542333430317,0.005819028222286878
5275,0.005819028222286878,5275,0.008728542333430317,0.005819028222286878
5276,0.005819028222286878,5276,0.008728542333430317,0.005819028222286878
5277,0.005819028222286878,5277,0.008728542333430317,0.005819028222286878
5278,0.005819028222286878,5278,0.008728542333430317,0.005819028222286878
5279,0.005819028222286878,5279,0.008728542333430317,0.005819028222286878
5280,0.005819028222286878,5280,0.008728542333430317,0.005819028222286878
5281,0.005819028222286878,5281,0.008728542333430317,0.005819028222286878
5282,0.005819028222286878,5282,0.008728542333430317,0.005819028222286878
5283,0.005819028222286878,5283,0.008728542333430317,0.005819028222286878
5284,0.005819028222286878,5284,0.008728542333430317,0.005819028222286878
5285,0.005819028222286878,5285,0.008728542333430317,0.005819028222286878
5286,0.005819028222286878,5286,0.008728542333430317,0.005819028222286878
5287,0.005819028222286878,5287,0.008728542333430317,0.005819028222286878
5288,0.005819028222286878,5288,0.008728542333430317,0.005819028222286878
5289,0.005819028222286878,5289,0.008728542333430317,0.005819028222286878
5290,0.005819028222286878,5290,0.008728542333430317,0.005819028222286878
5291,0.005819028222286878,5291,0.008728542333430317,0.005819028222286878
5292,0.005819028222286878,5292,0.008728542333430317,0.005819028222286878
5293,0.005819028222286878,5293,0.008728542333430317,0.005819028222286878
5294,0.005819028222286878,5294,0.008728542333430317,0.005819028222286878
5295,0.005819028222286878,5295,0.008728542333430317,0.005819028222286878
5296,0.005819028222286878,5296,0.008728542333430317,0.005819028222286878
5297,0.005819028222286878,5297,0.008728542333430317,0.005819028222286878
5298,0.005819028222286878,5298,0.008728542333430317,0.005819028222286878
5299,0.005819028222286878,5299,0.008728542333430317,0.005819028222286878
5300,0.005819028222286878,5300,0.008728542333430317,0.005819028222286878
5301,0.005819028222286878,5301,0.008728542333430317,0.005819028222286878
5302,0.005819028222286878,5302,0.008728542333430317,0.005819028222286878
5303,0.005819028222286878,5303,0.008728542333430317,0.005819028222286878
5304,0.005819028222286878,5304,0.008728542333430317,0.005819028222286878
5305,0.005819028222286878,5305,0.008728542333430317,0.005819028222286878
5306,0.005819028222286878,5306,0.008728542333430317,0.005819028222286878
5307,0.005819028222286878,5307,0.008728542333430317,0.005819028222286878
5308,0.005819028222286878,5308,0.008728542333430317,0.005819028222286878
5309,0.005819028222286878,5309,0.008728542333430317,0.005819028222286878
5310,0.005819028222286878,5310,0.008728542333430317,0.005819028222286878
5311,0.005819028222286878,5311,0.008728542333430317,0.005819028222286878
5312,0.005819028222286878,5312,0.008728542333430317,0.005819028222286878
5313,0.005819028222286878,5313,0.008728542333430317,0.005819028222286878
5314,0.005819028222286878,5314,0.008728542333430317,0.005819028222286878
5315,0.005819028222286878,5315,0.008728542333430317,0.005819028222286878
5316,0.005819028222286878,5316,0.008728542333430317,0.005819028222286878
5317,0.005819028222286878,5317,0.008728542333430317,0.005819028222286878
5318,0.005819028222286878,5318,0.008728542333430317,0.005819028222286878
5319,0.005819028222286878,5319,0.008728542333430317,0.005819028222286878
5320,0.005819028222286878,5320,0.008728542333430317,0.005819028222286878
5321,0.005819028222286878,5321,0.008728542333430317,0.005819028222286878
5322,0.005819028222286878,5322,0.008728542333430317,0.005819028222286878
5323,0.005819028222286878,5323,0.008728542333430317,0.005819028222286878
5324,0.005819028222286878,5324,0.008728542333430317,0.005819028222286878
5325,0.005819028222286878,5325,0.008728542333430317,0.005819028222286878
5326,0.005819028222286878,5326,0.008728542333430317,0.005819028222286878
5327,0.005819028222286878,5327,0.008728542333430317,0.005819028222286878
5328,0.005819028222286878,5328,0.008728542333430317,0.005819028222286878
5329,0.005819028222286878,5329,0.008728542333430317,0.005819028222286878
5330,0.005819028222286878,5330,0.008728542333430317,0.005819028222286878
5331,0.005819028222286878,5331,0.008728542333430317,0.005819028222286878
5332,0.005819028222286878,5332,0.008728542333430317,0.005819028222286878
5333,0.005819028222286878,5333,0.008728542333430317,0.005819028222286878
5334,0.005819028222286878,5334,0.008728542333430317,0.005819028222286878
5335,0.005819028222286878,5335,0.008728542333430317,0.005819028222286878
5336,0.005819028222286878,5336,0.008728542333430317,0.005819028222286878
5337,0.005819028222286878,5337,0.008728542333430317,0.005819028222286878
5338,0.005819028222286878,5338,0.008728542333430317,0.005819028222286878
5339,0.005819028222286878,5339,0.008728542333430317,0.005819028222286878
5340,0.005819028222286878,5340,0.008728542333430317,0.005819028222286878
5341,0.005819028222286878,5341,0.008728542333430317,0.005819028222286878
5342,0.005819028222286878,5342,0.008728542333430317,0.005819028222286878
5343,0.005819028222286878,5343,0.008728542333430317,0.005819028222286878
5344,0.005819028222286878,5344,0.008728542333430317,0.005819028222286878
5345,0.005819028222286878,5345,0.008728542333430317,0.005819028222286878
5346,0.005819028222286878,5346,0.008728542333430317,0.005819028222286878
5347,0.005819028222286878,5347,0.008728542333430317,0.005819028222286878
5348,0.005819028222286878,5348,0.008728542333430317,0.005819028222286878
5349,0.005819028222286878,5349,0.008728542333430317,0.005819028222286878
5350,0.005819028222286878,5350,0.008728542333430317,0.005819028222286878
5351,0.005819028222286878,5351,0.008728542333430317,0.005819028222286878
5352,0.005819028222286878,5352,0.008728542333430317,0.005819028222286878
5353,0.005819028222286878,5353,0.008728542333430317,0.005819028222286878
5354,0.005819028222286878,5354,0.008728542333430317,0.005819028222286878
5355,0.005819028222286878,5355,0.008728542333430317,0.005819028222286878
5356,0.005819028222286878,5356,0.008728542333430317,0.005819028222286878
5357,0.005819028222286878,5357,0.008728542333430317,0.005819028222286878
5358,0.005819028222286878,5358,0.008728542333430317,0.005819028222286878
5359,0.005819028222286878,5359,0.008728542333430317,0.005819028222286878
5360,0.005819028222286878,5360,0.008728542333430317,0.005819028222286878
5361,0.005819028222286878,5361,0.008728542333430317,0.005819028222286878
5362,0.005819028222286878,5362,0.008728542333430317,0.005819028222286878
5363,0.005819028222286878,5363,0.008728542333430317,0.005819028222286878
5364,0.005819028222286878,5364,0.008728542333430317,0.005819028222286878
5365,0.005819028222286878,5365,0.008728542333430317,0.005819028222286878
5366,0.005819028222286878,5366,0.008728542333430317,0.005819028222286878
5367,0.005819028222286878,5367,0.008728542333430317,0.005819028222286878
5368,0.005819028222286878,5368,0.008728542333430317,0.005819028222286878
5369,0.005819028222286878,5369,0.008728542333430317,0.005819028222286878
5370,0.005819028222286878,5370,0.008728542333430317,0.005819028222286878
5371,0.005819028222286878,5371,0.008728542333430317,0.005819028222286878
5372,0.005819028222286878,5372,0.008728542333430317,0.005819028222286878
5373,0.005819028222286878,5373,0.008728542333430317,0.005819028222286878
5374,0.005819028222286878,5374,0.008728542333430317,0.005819028222286878
5375,0.005819028222286878,5375,0.008728542333430317,0.005819028222286878
5376,0.005819028222286878,5376,0.008728542333430317,0.005819028222286878
5377,0.005819028222286878,5377,0.008728542333430317,0.005819028222286878
5378,0.005819028222286878,5378,0.008728542333430317,0.005819028222286878
5379,0.005819028222286878,5379,0.008728542333430317,0.005819028222286878
5380,0.005819028222286878,5380,0.008728542333430317,0.005819028222286878
5381,0.005819028222286878,5381,0.008728542333430317,0.005819028222286878
5382,0.005819028222286878,5382,0.008728542333430317,0.005819028222286878
5383,0.005819028222286878,5383,0.008728542333430317,0.005819028222286878
5384,0.005819028222286878,5384,0.008728542333430317,0.005819028222286878
5385,0.005819028222286878,5385,0.008728542333430317,0.005819028222286878
5386,0.005819028222286878,5386,0.008728542333430317,0.005819028222286878
5387,0.005819028222286878,5387,0.008728542333430317,0.005819028222286878
5388,0.005819028222286878,5388,0.008728542333430317,0.005819028222286878
5389,0.005819028222286878,5389,0.008728542333430317,0.005819028222286878
5390,0.005819028222286878,5390,0.008728542333430317,0.005819028222286878
5391,0.005819028222286878,5391,0.008728542333430317,0.005819028222286878
5392,0.005819028222286878,5392,0.008728542333430317,0.005819028222286878
5393,0.005819028222286878,5393,0.008728542333430317,0.005819028222286878
5394,0.005819028222286878,5394,0.008728542333430317,0.005819028222286878
5395,0.005819028222286878,5395,0.008728542333430317,0.005819028222286878
5396,0.005819028222286878,5396,0.008728542333430317,0.005819028222286878
5397,0.005819028222286878,5397,0.008728542333430317,0.005819028222286878
5398,0.005819028222286878,5398,0.008728542333430317,0.005819028222286878
5399,0.005819028222286878,5399,0.008728542333430317,0.005819028222286878
5400,0.005819028222286878,5400,0.008728542333430317,0.005819028222286878
5401,0.005819028222286878,5401,0.008728542333430317,0.005819028222286878
5402,0.005819028222286878,5402,0.008728542333430317,0.005819028222286878
5403,0.005819028222286878,5403,0.008728542333430317,0.005819028222286878
5404,0.005819028222286878,5404,0.008728542333430317,0.005819028222286878
5405,0.005819028222286878,5405,0.008728542333430317,0.005819028222286878
5406,0.005819028222286878,5406,0.008728542333430317,0.005819028222286878
5407,0.005819028222286878,5407,0.008728542333430317,0.005819028222286878
5408,0.005819028222286878,5408,0.008728542333430317,0.005819028222286878
5409,0.005819028222286878,5409,0.008728542333430317,0.005819028222286878
5410,0.005819028222286878,5410,0.008728542333430317,0.005819028222286878
5411,0.005819028222286878,5411,0.008728542333430317,0.005819028222286878
5412,0.005819028222286878,5412,0.008728542333430317,0.005819028222286878
5413,0.005819028222286878,5413,0.008728542333430317,0.005819028222286878
5414,0.005819028222286878,5414,0.008728542333430317,0.005819028222286878
5415,0.005819028222286878,5415,0.008728542333430317,0.005819028222286878
5416,0.005819028222286878,5416,0.008728542333430317,0.005819028222286878
5417,0.005819028222286878,5417,0.008728542333430317,0.005819028222286878
5418,0.005819028222286878,5418,0.008728542333430317,0.005819028222286878
5419,0.005819028222286878,5419,0.008728542333430317,0.005819028222286878
5420,0.005819028222286878,5420,0.008728542333430317,0.005819028222286878
5421,0.005819028222286878,5421,0.008728542333430317,0.005819028222286878
5422,0.005819028222286878,5422,0.008728542333430317,0.005819028222286878
5423,0.005819028222286878,5423,0.008728542333430317,0.005819028222286878
5424,0.005819028222286878,5424,0.008728542333430317,0.005819028222286878
5425,0.005819028222286878,5425,0.008728542333430317,0.005819028222286878
5426,0.005819028222286878,5426,0.008728542333430317,0.005819028222286878
5427,0.005819028222286878,5427,0.008728542333430317,0.005819028222286878
5428,0.005819028222286878,5428,0.008728542333430317,0.005819028222286878
5429,0.005819028222286878,5429,0.008728542333430317,0.005819028222286878
5430,0.005819028222286878,5430,0.008728542333430317,0.005819028222286878
5431,0.005819028222286878,5431,0.008728542333430317,0.005819028222286878
5432,0.005819028222286878,5432,0.008728542333430317,0.005819028222286878
5433,0.005819028222286878,5433,0.008728542333430317,0.005819028222286878
5434,0.005819028222286878,5434,0.008728542333430317,0.005819028222286878
5435,0.005819028222286878,5435,0.008728542333430317,0.005819028222286878
5436,0.005819028222286878,5436,0.008728542333430317,0.005819028222286878
5437,0.005819028222286878,5437,0.008728542333430317,0.005819028222286878
5438,0.005819028222286878,5438,0.008728542333430317,0.005819028222286878
5439,0.005819028222286878,5439,0.008728542333430317,0.005819028222286878
5440,0.005819028222286878,5440,0.008728542333430317,0.005819028222286878
5441,0.005819028222286878,5441,0.008728542333430317,0.005819028222286878
5442,0.005819028222286878,5442,0.008728542333430317,0.005819028222286878
5443,0.005819028222286878,5443,0.008728542333430317,0.005819028222286878
5444,0.005819028222286878,5444,0.008728542333430317,0.005819028222286878
5445,0.005819028222286878,5445,0.008728542333430317,0.005819028222286878
5446,0.005819028222286878,5446,0.008728542333430317,0.005819028222286878
5447,0.005819028222286878,5447,0.008728542333430317,0.005819028222286878
5448,0.005819028222286878,5448,0.008728542333430317,0.005819028222286878
5449,0.005819028222286878,5449,0.008728542333430317,0.005819028222286878
5450,0.005819028222286878,5450,0.008728542333430317,0.005819028222286878
5451,0.005819028222286878,5451,0.008728542333430317,0.005819028222286878
5452,0.005819028222286878,5452,0.008728542333430317,0.005819028222286878
5453,0.005819028222286878,5453,0.008728542333430317,0.005819028222286878
5454,0.005819028222286878,5454,0.008728542333430317,0.005819028222286878
5455,0.005819028222286878,5455,0.008728542333430317,0.005819028222286878
5456,0.005819028222286878,5456,0.008728542333430317,0.005819028222286878
5457,0.005819028222286878,5457,0.008728542333430317,0.005819028222286878
5458,0.005819028222286878,5458,0.008728542333430317,0.005819028222286878
5459,0.005819028222286878,5459,0.008728542333430317,0.005819028222286878
5460,0.005819028222286878,5460,0.008728542333430317,0.005819028222286878
5461,0.005819028222286878,5461,0.008728542333430317,0.005819028222286878
5462,0.005819028222286878,5462,0.008728542333430317,0.005819028222286878
5463,0.005819028222286878,5463,0.008728542333430317,0.005819028222286878
5464,0.005819028222286878,5464,0.008728542333430317,0.005819028222286878
5465,0.005819028222286878,5465,0.008728542333430317,0.005819028222286878
5466,0.005819028222286878,5466,0.008728542333430317,0.005819028222286878
5467,0.005819028222286878,5467,0.008728542333430317,0.005819028222286878
5468,0.005819028222286878,5468,0.008728542333430317,0.005819028222286878
5469,0.005819028222286878,5469,0.008728542333430317,0.005819028222286878
5470,0.005819028222286878,5470,0.008728542333430317,0.005819028222286878
5471,0.005819028222286878,5471,0.008728542333430317,0.005819028222286878
5472,0.005819028222286878,5472,0.008728542333430317,0.005819028222286878
5473,0.005819028222286878,5473,0.008728542333430317,0.005819028222286878
5474,0.005819028222286878,5474,0.008728542333430317,0.005819028222286878
5475,0.005819028222286878,5475,0.008728542333430317,0.005819028222286878
5476,0.005819028222286878,5476,0.008728542333430317,0.005819028222286878
5477,0.005819028222286878,5477,0.008728542333430317,0.005819028222286878
5478,0.005819028222286878,5478,0.008728542333430317,0.005819028222286878
5479,0.005819028222286878,5479,0.008728542333430317,0.005819028222286878
5480,0.005819028222286878,5480,0.008728542333430317,0.005819028222286878
5481,0.005819028222286878,5481,0.008728542333430317,0.005819028222286878
5482,0.005819028222286878,5482,0.008728542333430317,0.005819028222286878
5483,0.005819028222286878,5483,0.008728542333430317,0.005819028222286878
5484,0.005819028222286878,5484,0.008728542333430317,0.005819028222286878
5485,0.005819028222286878,5485,0.008728542333430317,0.005819028222286878
5486,0.005819028222286878,5486,0.008728542333430317,0.005819028222286878
5487,0.005819028222286878,5487,0.008728542333430317,0.005819028222286878
5488,0.005819028222286878,5488,0.008728542333430317,0.005819028222286878
5489,0.005819028222286878,5489,0.008728542333430317,0.005819028222286878
5490,0.005819028222286878,5490,0.008728542333430317,0.005819028222286878
5491,0.005819028222286878,5491,0.008728542333430317,0.005819028222286878
5492,0.005819028222286878,5492,0.008728542333430317,0.005819028222286878
5493,0.005819028222286878,5493,0.008728542333430317,0.005819028222286878
5494,0.005819028222286878,5494,0.008728542333430317,0.005819028222286878
5495,0.005819028222286878,5495,0.008728542333430317,0.005819028222286878
5496,0.005819028222286878,5496,0.008728542333430317,0.005819028222286878
5497,0.005819028222286878,5497,0.008728542333430317,0.005819028222286878
5498,0.005819028222286878,5498,0.008728542333430317,0.005819028222286878
5499,0.005819028222286878,5499,0.008728542333430317,0.005819028222286878
5500,0.005819028222286878,5500,0.008728542333430317,0.005819028222286878
5501,0.005819028222286878,5501,0.008728542333430317,0.005819028222286878
5502,0.005819028222286878,5502,0.008728542333430317,0.005819028222286878
5503,0.005819028222286878,5503,0.008728542333430317,0.005819028222286878
5504,0.005819028222286878,5504,0.008728542333430317,0.005819028222286878
5505,0.005819028222286878,5505,0.008728542333430317,0.005819028222286878
5506,0.005819028222286878,5506,0.008728542333430317,0.005819028222286878
5507,0.005819028222286878,5507,0.008728542333430317,0.005819028222286878
5508,0.005819028222286878,5508,0.008728542333430317,0.005819028222286878
5509,0.005819028222286878,5509,0.008728542333430317,0.005819028222286878
5510,0.005819028222286878,5510,0.008728542333430317,0.005819028222286878
5511,0.005819028222286878,5511,0.008728542333430317,0.005819028222286878
5512,0.005819028222286878,5512,0.008728542333430317,0.005819028222286878
5513,0.005819028222286878,5513,0.008728542333430317,0.005819028222286878
5514,0.005819028222286878,5514,0.008728542333430317,0.005819028222286878
5515,0.005819028222286878,5515,0.008728542333430317,0.005819028222286878
5516,0.005819028222286878,5516,0.008728542333430317,0.005819028222286878
5517,0.005819028222286878,5517,0.008728542333430317,0.005819028222286878
5518,0.005819028222286878,5518,0.008728542333430317,0.005819028222286878
5519,0.005819028222286878,5519,0.008728542333430317,0.005819028222286878
5520,0.005819028222286878,5520,0.008728542333430317,0.005819028222286878
5521,0.005819028222286878,5521,0.008728542333430317,0.005819028222286878
5522,0.005819028222286878,5522,0.008728542333430317,0.005819028222286878
5523,0.005819028222286878,5523,0.008728542333430317,0.005819028222286878
5524,0.005819028222286878,5524,0.008728542333430317,0.005819028222286878
5525,0.005819028222286878,5525,0.008728542333430317,0.005819028222286878
5526,0.005819028222286878,5526,0.008728542333430317,0.005819028222286878
5527,0.005819028222286878,5527,0.008728542333430317,0.005819028222286878
5528,0.005819028222286878,5528,0.008728542333430317,0.005819028222286878
5529,0.005819028222286878,5529,0.008728542333430317,0.005819028222286878
5530,0.005819028222286878,5530,0.008728542333430317,0.005819028222286878
5531,0.005819028222286878,5531,0.008728542333430317,0.005819028222286878
5532,0.005819028222286878,5532,0.008728542333430317,0.005819028222286878
5533,0.005819028222286878,5533,0.008728542333430317,0.005819028222286878
5534,0.005819028222286878,5534,0.008728542333430317,0.005819028222286878
5535,0.005819028222286878,5535,0.008728542333430317,0.005819028222286878
5536,0.005819028222286878,5536,0.008728542333430317,0.005819028222286878
5537,0.005819028222286878,5537,0.008728542333430317,0.005819028222286878
5538,0.005819028222286878,5538,0.008728542333430317,0.005819028222286878
5539,0.005819028222286878,5539,0.008728542333430317,0.005819028222286878
5540,0.005819028222286878,5540,0.008728542333430317,0.005819028222286878
5541,0.005819028222286878,5541,0.008728542333430317,0.005819028222286878
5542,0.005819028222286878,5542,0.008728542333430317,0.005819028222286878
5543,0.005819028222286878,5543,0.008728542333430317,0.005819028222286878
5544,0.005819028222286878,5544,0.008728542333430317,0.005819028222286878
5545,0.005819028222286878,5545,0.008728542333430317,0.005819028222286878
5546,0.005819028222286878,5546,0.008728542333430317,0.005819028222286878
5547,0.005819028222286878,5547,0.008728542333430317,0.005819028222286878
5548,0.005819028222286878,5548,0.008728542333430317,0.005819028222286878
5549,0.005819028222286878,5549,0.008728542333430317,0.005819028222286878
5550,0.005819028222286878,5550,0.008728542333430317,0.005819028222286878
5551,0.005819028222286878,5551,0.008728542333430317,0.005819028222286878
5552,0.005819028222286878,5552,0.008728542333430317,0.005819028222286878
5553,0.005819028222286878,5553,0.008728542333430317,0.005819028222286878
5554,0.005819028222286878,5554,0.008728542333430317,0.005819028222286878
5555,0.005819028222286878,5555,0.008728542333430317,0.005819028222286878
5556,0.005819028222286878,5556,0.008728542333430317,0.005819028222286878
5557,0.005819028222286878,5557,0.008728542333430317,0.005819028222286878
5558,0.005819028222286878,5558,0.008728542333430317,0.005819028222286878
5559,0.005819028222286878,5559,0.008728542333430317,0.005819028222286878
5560,0.005819028222286878,5560,0.008728542333430317,0.005819028222286878
5561,0.005819028222286878,5561,0.008728542333430317,0.005819028222286878
5562,0.005819028222286878,5562,0.008728542333430317,0.005819028222286878
5563,0.005819028222286878,5563,0.008728542333430317,0.005819028222286878
5564,0.005819028222286878,5564,0.008728542333430317,0.005819028222286878
5565,0.005819028222286878,5565,0.008728542333430317,0.005819028222286878
5566,0.005819028222286878,5566,0.008728542333430317,0.005819028222286878
5567,0.005819028222286878,5567,0.008728542333430317,0.005819028222286878
5568,0.005819028222286878,5568,0.008728542333430317,0.005819028222286878
5569,0.005819028222286878,5569,0.008728542333430317,0.005819028222286878
5570,0.005819028222286878,5570,0.008728542333430317,0.005819028222286878
5571,0.005819028222286878,5571,0.008728542333430317,0.005819028222286878
5572,0.005819028222286878,5572,0.008728542333430317,0.005819028222286878
5573,0.005819028222286878,5573,0.008728542333430317,0.005819028222286878
5574,0.005819028222286878,5574,0.008728542333430317,0.005819028222286878
5575,0.005819028222286878,5575,0.008728542333430317,0.005819028222286878
5576,0.005819028222286878,5576,0.008728542333430317,0.005819028222286878
5577,0.005819028222286878,5577,0.008728542333430317,0.005819028222286878
5578,0.005819028222286878,5578,0.008728542333430317,0.005819028222286878
5579,0.005819028222286878,5579,0.008728542333430317,0.005819028222286878
5580,0.005819028222286878,5580,0.008728542333430317,0.005819028222286878
5581,0.005819028222286878,5581,0.008728542333430317,0.005819028222286878
5582,0.005819028222286878,5582,0.008728542333430317,0.005819028222286878
5583,0.005819028222286878,5583,0.008728542333430317,0.005819028222286878
5584,0.005819028222286878,5584,0.008728542333430317,0.005819028222286878
5585,0.005819028222286878,5585,0.008728542333430317,0.005819028222286878
5586,0.005819028222286878,5586,0.008728542333430317,0.005819028222286878
5587,0.005819028222286878,5587,0.008728542333430317,0.005819028222286878
5588,0.005819028222286878,5588,0.008728542333430317,0.005819028222286878
5589,0.005819028222286878,5589,0.008728542333430317,0.005819028222286878
5590,0.005819028222286878,5590,0.008728542333430317,0.005819028222286878
5591,0.005819028222286878,5591,0.008728542333430317,0.005819028222286878
5592,0.005819028222286878,5592,0.008728542333430317,0.005819028222286878
5593,0.005819028222286878,5593,0.008728542333430317,0.005819028222286878
5594,0.005819028222286878,5594,0.008728542333430317,0.005819028222286878
5595,0.005819028222286878,5595,0.008728542333430317,0.005819028222286878
5596,0.005819028222286878,5596,0.008728542333430317,0.005819028222286878
5597,0.005819028222286878,5597,0.008728542333430317,0.005819028222286878
5598,0.005819028222286878,5598,0.008728542333430317,0.005819028222286878
5599,0.005819028222286878,5599,0.008728542333430317,0.005819028222286878
5600,0.005819028222286878,5600,0.008728542333430317,0.005819028222286878
5601,0.005819028222286878,5601,0.008728542333430317,0.005819028222286878
5602,0.005819028222286878,5602,0.008728542333430317,0.005819028222286878
5603,0.005819028222286878,5603,0.008728542333430317,0.005819028222286878
5604,0.005819028222286878,5604,0.008728542333430317,0.005819028222286878
5605,0.005819028222286878,5605,0.008728542333430317,0.005819028222286878
5606,0.005819028222286878,5606,0.008728542333430317,0.005819028222286878
5607,0.005819028222286878,5607,0.008728542333430317,0.005819028222286878
5608,0.005819028222286878,5608,0.008728542333430317,0.005819028222286878
5609,0.005819028222286878,5609,0.008728542333430317,0.005819028222286878
5610,0.005819028222286878,5610,0.008728542333430317,0.005819028222286878
5611,0.005819028222286878,5611,0.008728542333430317,0.005819028222286878
5612,0.005819028222286878,5612,0.008728542333430317,0.005819028222286878
5613,0.005819028222286878,5613,0.008728542333430317,0.005819028222286878
5614,0.005819028222286878,5614,0.008728542333430317,0.005819028222286878
5615,0.005819028222286878,5615,0.008728542333430317,0.005819028222286878
5616,0.005819028222286878,5616,0.008728542333430317,0.005819028222286878
5617,0.005819028222286878,5617,0.008728542333430317,0.005819028222286878
5618,0.005819028222286878,5618,0.008728542333430317,0.005819028222286878
5619,0.005819028222286878,5619,0.008728542333430317,0.005819028222286878
5620,0.005819028222286878,5620,0.008728542333430317,0.005819028222286878
5621,0.005819028222286878,5621,0.008728542333430317,0.005819028222286878
5622,0.005819028222286878,5622,0.008728542333430317,0.005819028222286878
5623,0.005819028222286878,5623,0.008728542333430317,0.005819028222286878
5624,0.005819028222286878,5624,0.008728542333430317,0.005819028222286878
5625,0.005819028222286878,5625,0.008728542333430317,0.005819028222286878
5626,0.005819028222286878,5626,0.008728542333430317,0.005819028222286878
5627,0.005819028222286878,5627,0.008728542333430317,0.005819028222286878
5628,0.005819028222286878,5628,0.008728542333430317,0.005819028222286878
5629,0.005819028222286878,5629,0.008728542333430317,0.005819028222286878
5630,0.005819028222286878,5630,0.008728542333430317,0.005819028222286878
5631,0.005819028222286878,5631,0.008728542333430317,0.005819028222286878
5632,0.005819028222286878,5632,0.008728542333430317,0.005819028222286878
5633,0.005819028222286878,5633,0.008728542333430317,0.005819028222286878
5634,0.005819028222286878,5634,0.008728542333430317,0.005819028222286878
5635,0.005819028222286878,5635,0.008728542333430317,0.005819028222286878
5636,0.005819028222286878,5636,0.008728542333430317,0.005819028222286878
5637,0.005819028222286878,5637,0.008728542333430317,0.005819028222286878
5638,0.005819028222286878,5638,0.008728542333430317,0.005819028222286878
5639,0.005819028222286878,5639,0.008728542333430317,0.005819028222286878
5640,0.005819028222286878,5640,0.008728542333430317,0.005819028222286878
5641,0.005819028222286878,5641,0.008728542333430317,0.005819028222286878
5642,0.005819028222286878,5642,0.008728542333430317,0.005819028222286878
5643,0.005819028222286878,5643,0.008728542333430317,0.005819028222286878
5644,0.005819028222286878,5644,0.008728542333430317,0.005819028222286878
5645,0.005819028222286878,5645,0.008728542333430317,0.005819028222286878
5646,0.005819028222286878,5646,0.008728542333430317,0.005819028222286878
5647,0.005819028222286878,5647,0.008728542333430317,0.005819028222286878
5648,0.005819028222286878,5648,0.008728542333430317,0.005819028222286878
5649,0.005819028222286878,5649,0.008728542333430317,0.005819028222286878
5650,0.005819028222286878,5650,0.008728542333430317,0.005819028222286878
5651,0.005819028222286878,5651,0.008728542333430317,0.005819028222286878
5652,0.005819028222286878,5652,0.008728542333430317,0.005819028222286878
5653,0.005819028222286878,5653,0.008728542333430317,0.005819028222286878
5654,0.005819028222286878,5654,0.008728542333430317,0.005819028222286878
5655,0.005819028222286878,5655,0.008728542333430317,0.005819028222286878
5656,0.005819028222286878,5656,0.008728542333430317,0.005819028222286878
5657,0.005819028222286878,5657,0.008728542333430317,0.005819028222286878
5658,0.005819028222286878,5658,0.008728542333430317,0.005819028222286878
5659,0.005819028222286878,5659,0.008728542333430317,0.005819028222286878
5660,0.005819028222286878,5660,0.008728542333430317,0.005819028222286878
5661,0.005819028222286878,5661,0.008728542333430317,0.005819028222286878
5662,0.005819028222286878,5662,0.008728542333430317,0.005819028222286878
5663,0.005819028222286878,5663,0.008728542333430317,0.005819028222286878
5664,0.005819028222286878,5664,0.008728542333430317,0.005819028222286878
5665,0.005819028222286878,5665,0.008728542333430317,0.005819028222286878
5666,0.005819028222286878,5666,0.008728542333430317,0.005819028222286878
5667,0.005819028222286878,5667,0.008728542333430317,0.005819028222286878
5668,0.005819028222286878,5668,0.008728542333430317,0.005819028222286878
5669,0.005819028222286878,5669,0.008728542333430317,0.005819028222286878
5670,0.005819028222286878,5670,0.008728542333430317,0.005819028222286878
5671,0.005819028222286878,5671,0.008728542333430317,0.005819028222286878
5672,0.005819028222286878,5672,0.008728542333430317,0.005819028222286878
5673,0.005819028222286878,5673,0.008728542333430317,0.005819028222286878
5674,0.005819028222286878,5674,0.008728542333430317,0.005819028222286878
5675,0.005819028222286878,5675,0.008728542333430317,0.005819028222286878
5676,0.005819028222286878,5676,0.008728542333430317,0.005819028222286878
5677,0.005819028222286878,5677,0.008728542333430317,0.005819028222286878
5678,0.005819028222286878,5678,0.008728542333430317,0.005819028222286878
5679,0.005819028222286878,5679,0.008728542333430317,0.005819028222286878
5680,0.005819028222286878,5680,0.008728542333430317,0.005819028222286878
5681,0.005819028222286878,5681,0.008728542333430317,0.005819028222286878
5682,0.005819028222286878,5682,0.008728542333430317,0.005819028222286878
5683,0.005819028222286878,5683,0.008728542333430317,0.005819028222286878
5684,0.005819028222286878,5684,0.008728542333430317,0.005819028222286878
5685,0.005819028222286878,5685,0.008728542333430317,0.005819028222286878
5686,0.005819028222286878,5686,0.008728542333430317,0.005819028222286878
5687,0.005819028222286878,5687,0.008728542333430317,0.005819028222286878
5688,0.005819028222286878,5688,0.008728542333430317,0.005819028222286878
5689,0.005819028222286878,5689,0.008728542333430317,0.005819028222286878
5690,0.005819028222286878,5690,0.008728542333430317,0.005819028222286878
5691,0.005819028222286878,5691,0.008728542333430317,0.005819028222286878
5692,0.005819028222286878,5692,0.008728542333430317,0.005819028222286878
5693,0.005819028222286878,5693,0.008728542333430317,0.005819028222286878
5694,0.005819028222286878,5694,0.008728542333430317,0.005819028222286878
5695,0.005819028222286878,5695,0.008728542333430317,0.005819028222286878
5696,0.005819028222286878,5696,0.008728542333430317,0.005819028222286878
5697,0.005819028222286878,5697,0.008728542333430317,0.005819028222286878
5698,0.005819028222286878,5698,0.008728542333430317,0.005819028222286878
5699,0.005819028222286878,5699,0.008728542333430317,0.005819028222286878
5700,0.005819028222286878,5700,0.008728542333430317,0.005819028222286878
5701,0.005819028222286878,5701,0.008728542333430317,0.005819028222286878
5702,0.005819028222286878,5702,0.008728542333430317,0.005819028222286878
5703,0.005819028222286878,5703,0.008728542333430317,0.005819028222286878
5704,0.005819028222286878,5704,0.008728542333430317,0.005819028222286878
5705,0.005819028222286878,5705,0.008728542333430317,0.005819028222286878
5706,0.005819028222286878,5706,0.008728542333430317,0.005819028222286878
5707,0.005819028222286878,5707,0.008728542333430317,0.005819028222286878
5708,0.005819028222286878,5708,0.008728542333430317,0.005819028222286878
5709,0.005819028222286878,5709,0.008728542333430317,0.005819028222286878
5710,0.005819028222286878,5710,0.008728542333430317,0.005819028222286878
5711,0.005819028222286878,5711,0.008728542333430317,0.005819028222286878
5712,0.005819028222286878,5712,0.008728542333430317,0.005819028222286878
5713,0.005819028222286878,5713,0.008728542333430317,0.005819028222286878
5714,0.005819028222286878,5714,0.008728542333430317,0.005819028222286878
5715,0.005819028222286878,5715,0.008728542333430317,0.005819028222286878
5716,0.005819028222286878,5716,0.008728542333430317,0.005819028222286878
5717,0.005819028222286878,5717,0.008728542333430317,0.005819028222286878
5718,0.005819028222286878,5718,0.008728542333430317,0.005819028222286878
5719,0.005819028222286878,5719,0.008728542333430317,0.005819028222286878
5720,0.005819028222286878,5720,0.008728542333430317,0.005819028222286878
5721,0.005819028222286878,5721,0.008728542333430317,0.005819028222286878
5722,0.005819028222286878,5722,0.008728542333430317,0.005819028222286878
5723,0.005819028222286878,5723,0.008728542333430317,0.005819028222286878
5724,0.005819028222286878,5724,0.008728542333430317,0.005819028222286878
5725,0.005819028222286878,5725,0.008728542333430317,0.005819028222286878
5726,0.005819028222286878,5726,0.008728542333430317,0.005819028222286878
5727,0.005819028222286878,5727,0.008728542333430317,0.005819028222286878
5728,0.005819028222286878,5728,0.008728542333430317,0.005819028222286878
5729,0.005819028222286878,5729,0.008728542333430317,0.005819028222286878
5730,0.005819028222286878,5730,0.008728542333430317,0.005819028222286878
5731,0.005819028222286878,5731,0.008728542333430317,0.005819028222286878
5732,0.005819028222286878,5732,0.008728542333430317,0.005819028222286878
5733,0.005819028222286878,5733,0.008728542333430317,0.005819028222286878
5734,0.005819028222286878,5734,0.008728542333430317,0.005819028222286878
5735,0.005819028222286878,5735,0.008728542333430317,0.005819028222286878
5736,0.005819028222286878,5736,0.008728542333430317,0.005819028222286878
5737,0.005819028222286878,5737,0.008728542333430317,0.005819028222286878
5738,0.005819028222286878,5738,0.008728542333430317,0.005819028222286878
5739,0.005819028222286878,5739,0.008728542333430317,0.005819028222286878
5740,0.005819028222286878,5740,0.008728542333430317,0.005819028222286878
5741,0.005819028222286878,5741,0.008728542333430317,0.005819028222286878
5742,0.005819028222286878,5742,0.008728542333430317,0.005819028222286878
5743,0.005819028222286878,5743,0.008728542333430317,0.005819028222286878
5744,0.005819028222286878,5744,0.008728542333430317,0.005819028222286878
5745,0.005819028222286878,5745,0.008728542333430317,0.005819028222286878
5746,0.005819028222286878,5746,0.008728542333430317,0.005819028222286878
5747,0.005819028222286878,5747,0.008728542333430317,0.005819028222286878
5748,0.005819028222286878,5748,0.008728542333430317,0.005819028222286878
5749,0.005819028222286878,5749,0.008728542333430317,0.005819028222286878
5750,0.005819028222286878,5750,0.008728542333430317,0.005819028222286878
5751,0.005819028222286878,5751,0.008728542333430317,0.005819028222286878
5752,0.005819028222286878,5752,0.008728542333430317,0.005819028222286878
5753,0.005819028222286878,5753,0.008728542333430317,0.005819028222286878
5754,0.005819028222286878,5754,0.008728542333430317,0.005819028222286878
5755,0.005819028222286878,5755,0.008728542333430317,0.005819028222286878
5756,0.005819028222286878,5756,0.008728542333430317,0.005819028222286878
5757,0.005819028222286878,5757,0.008728542333430317,0.005819028222286878
5758,0.005819028222286878,5758,0.008728542333430317,0.005819028222286878
5759,0.005819028222286878,5759,0.008728542333430317,0.005819028222286878
5760,0.005819028222286878,5760,0.008728542333430317,0.005819028222286878
5761,0.005819028222286878,5761,0.008728542333430317,0.005819028222286878
5762,0.005819028222286878,5762,0.008728542333430317,0.005819028222286878
5763,0.005819028222286878,5763,0.008728542333430317,0.005819028222286878
5764,0.005819028222286878,5764,0.008728542333430317,0.005819028222286878
5765,0.005819028222286878,5765,0.008728542333430317,0.005819028222286878
5766,0.005819028222286878,5766,0.008728542333430317,0.005819028222286878
5767,0.005819028222286878,5767,0.008728542333430317,0.005819028222286878
5768,0.005819028222286878,5768,0.008728542333430317,0.005819028222286878
5769,0.005819028222286878,5769,0.008728542333430317,0.005819028222286878
5770,0.005819028222286878,5770,0.008728542333430317,0.005819028222286878
5771,0.005819028222286878,5771,0.008728542333430317,0.005819028222286878
5772,0.005819028222286878,5772,0.008728542333430317,0.005819028222286878
5773,0.005819028222286878,5773,0.008728542333430317,0.005819028222286878
5774,0.005819028222286878,5774,0.008728542333430317,0.005819028222286878
5775,0.005819028222286878,5775,0.008728542333430317,0.005819028222286878
5776,0.005819028222286878,5776,0.008728542333430317,0.005819028222286878
5777,0.005819028222286878,5777,0.008728542333430317,0.005819028222286878
5778,0.005819028222286878,5778,0.008728542333430317,0.005819028222286878
5779,0.005819028222286878,5779,0.008728542333430317,0.005819028222286878
5780,0.005819028222286878,5780,0.008728542333430317,0.005819028222286878
5781,0.005819028222286878,5781,0.008728542333430317,0.005819028222286878
5782,0.005819028222286878,5782,0.008728542333430317,0.005819028222286878
5783,0.005819028222286878,5783,0.008728542333430317,0.005819028222286878
5784,0.005819028222286878,5784,0.008728542333430317,0.005819028222286878
5785,0.005819028222286878,5785,0.008728542333430317,0.005819028222286878
5786,0.005819028222286878,5786,0.008728542333430317,0.005819028222286878
5787,0.005819028222286878,5787,0.008728542333430317,0.005819028222286878
5788,0.005819028222286878,5788,0.008728542333430317,0.005819028222286878
5789,0.005819028222286878,5789,0.008728542333430317,0.005819028222286878
5790,0.005819028222286878,5790,0.008728542333430317,0.005819028222286878
5791,0.005819028222286878,5791,0.008728542333430317,0.005819028222286878
5792,0.005819028222286878,5792,0.008728542333430317,0.005819028222286878
5793,0.005819028222286878,5793,0.008728542333430317,0.005819028222286878
5794,0.005819028222286878,5794,0.008728542333430317,0.005819028222286878
5795,0.005819028222286878,5795,0.008728542333430317,0.005819028222286878
5796,0.005819028222286878,5796,0.008728542333430317,0.005819028222286878
5797,0.005819028222286878,5797,0.008728542333430317,0.005819028222286878
5798,0.005819028222286878,5798,0.008728542333430317,0.005819028222286878
5799,0.005819028222286878,5799,0.008728542333430317,0.005819028222286878
5800,0.005819028222286878,5800,0.008728542333430317,0.005819028222286878
5801,0.005819028222286878,5801,0.008728542333430317,0.005819028222286878
5802,0.005819028222286878,5802,0.008728542333430317,0.005819028222286878
5803,0.005819028222286878,5803,0.008728542333430317,0.005819028222286878
5804,0.005819028222286878,5804,0.008728542333430317,0.005819028222286878
5805,0.005819028222286878,5805,0.008728542333430317,0.005819028222286878
5806,0.005819028222286878,5806,0.008728542333430317,0.005819028222286878
5807,0.005819028222286878,5807,0.008728542333430317,0.005819028222286878
5808,0.005819028222286878,5808,0.008728542333430317,0.005819028222286878
5809,0.005819028222286878,5809,0.008728542333430317,0.005819028222286878
5810,0.005819028222286878,5810,0.008728542333430317,0.005819028222286878
5811,0.005819028222286878,5811,0.008728542333430317,0.005819028222286878
5812,0.005819028222286878,5812,0.008728542333430317,0.005819028222286878
5813,0.005819028222286878,5813,0.008728542333430317,0.005819028222286878
5814,0.005819028222286878,5814,0.008728542333430317,0.005819028222286878
5815,0.005819028222286878,5815,0.008728542333430317,0.005819028222286878
5816,0.005819028222286878,5816,0.008728542333430317,0.005819028222286878
5817,0.005819028222286878,5817,0.008728542333430317,0.005819028222286878
5818,0.005819028222286878,5818,0.008728542333430317,0.005819028222286878
5819,0.005819028222286878,5819,0.008728542333430317,0.005819028222286878
5820,0.005819028222286878,5820,0.008728542333430317,0.005819028222286878
5821,0.005819028222286878,5821,0.008728542333430317,0.005819028222286878
5822,0.005819028222286878,5822,0.008728542333430317,0.005819028222286878
5823,0.005819028222286878,5823,0.008728542333430317,0.005819028222286878
5824,0.005819028222286878,5824,0.008728542333430317,0.005819028222286878
5825,0.005819028222286878,5825,0.008728542333430317,0.005819028222286878
5826,0.005819028222286878,5826,0.008728542333430317,0.005819028222286878
5827,0.005819028222286878,5827,0.008728542333430317,0.005819028222286878
5828,0.005819028222286878,5828,0.008728542333430317,0.005819028222286878
5829,0.005819028222286878,5829,0.008728542333430317,0.005819028222286878
5830,0.005819028222286878,5830,0.008728542333430317,0.005819028222286878
5831,0.005819028222286878,5831,0.008728542333430317,0.005819028222286878
5832,0.005819028222286878,5832,0.008728542333430317,0.005819028222286878
5833,0.005819028222286878,5833,0.008728542333430317,0.005819028222286878
5834,0.005819028222286878,5834,0.008728542333430317,0.005819028222286878
5835,0.005819028222286878,5835,0.008728542333430317,0.005819028222286878
5836,0.005819028222286878,5836,0.008728542333430317,0.005819028222286878
5837,0.005819028222286878,5837,0.008728542333430317,0.005819028222286878
5838,0.005819028222286878,5838,0.008728542333430317,0.005819028222286878
5839,0.005819028222286878,5839,0.008728542333430317,0.005819028222286878
5840,0.005819028222286878,5840,0.008728542333430317,0.005819028222286878
5841,0.005819028222286878,5841,0.008728542333430317,0.005819028222286878
5842,0.005819028222286878,5842,0.008728542333430317,0.005819028222286878
5843,0.005819028222286878,5843,0.008728542333430317,0.005819028222286878
5844,0.005819028222286878,5844,0.008728542333430317,0.005819028222286878
5845,0.005819028222286878,5845,0.008728542333430317,0.005819028222286878
5846,0.005819028222286878,5846,0.008728542333430317,0.005819028222286878
5847,0.005819028222286878,5847,0.008728542333430317,0.005819028222286878
5848,0.005819028222286878,5848,0.008728542333430317,0.005819028222286878
5849,0.005819028222286878,5849,0.008728542333430317,0.005819028222286878
5850,0.005819028222286878,5850,0.008728542333430317,0.005819028222286878
5851,0.005819028222286878,5851,0.008728542333430317,0.005819028222286878
5852,0.005819028222286878,5852,0.008728542333430317,0.005819028222286878
5853,0.005819028222286878,5853,0.008728542333430317,0.005819028222286878
5854,0.005819028222286878,5854,0.008728542333430317,0.005819028222286878
5855,0.005819028222286878,5855,0.008728542333430317,0.005819028222286878
5856,0.005819028222286878,5856,0.008728542333430317,0.005819028222286878
5857,0.005819028222286878,5857,0.008728542333430317,0.005819028222286878
5858,0.005819028222286878,5858,0.008728542333430317,0.005819028222286878
5859,0.005819028222286878,5859,0.008728542333430317,0.005819028222286878
5860,0.005819028222286878,5860,0.008728542333430317,0.005819028222286878
5861,0.005819028222286878,5861,0.008728542333430317,0.005819028222286878
5862,0.005819028222286878,5862,0.008728542333430317,0.005819028222286878
5863,0.005819028222286878,5863,0.008728542333430317,0.005819028222286878
5864,0.005819028222286878,5864,0.008728542333430317,0.005819028222286878
5865,0.005819028222286878,5865,0.008728542333430317,0.005819028222286878
5866,0.005819028222286878,5866,0.008728542333430317,0.005819028222286878
5867,0.005819028222286878,5867,0.008728542333430317,0.005819028222286878
5868,0.005819028222286878,5868,0.008728542333430317,0.005819028222286878
5869,0.005819028222286878,5869,0.008728542333430317,0.005819028222286878
5870,0.005819028222286878,5870,0.008728542333430317,0.005819028222286878
5871,0.005819028222286878,5871,0.008728542333430317,0.005819028222286878
5872,0.005819028222286878,5872,0.008728542333430317,0.005819028222286878
5873,0.005819028222286878,5873,0.008728542333430317,0.005819028222286878
5874,0.005819028222286878,5874,0.008728542333430317,0.005819028222286878
5875,0.005819028222286878,5875,0.008728542333430317,0.005819028222286878
5876,0.005819028222286878,5876,0.008728542333430317,0.005819028222286878
5877,0.005819028222286878,5877,0.008728542333430317,0.005819028222286878
5878,0.005819028222286878,5878,0.008728542333430317,0.005819028222286878
5879,0.005819028222286878,5879,0.008728542333430317,0.005819028222286878
5880,0.005819028222286878,5880,0.008728542333430317,0.005819028222286878
5881,0.005819028222286878,5881,0.008728542333430317,0.005819028222286878
5882,0.005819028222286878,5882,0.008728542333430317,0.005819028222286878
5883,0.005819028222286878,5883,0.008728542333430317,0.005819028222286878
5884,0.005819028222286878,5884,0.008728542333430317,0.005819028222286878
5885,0.005819028222286878,5885,0.008728542333430317,0.005819028222286878
5886,0.005819028222286878,5886,0.008728542333430317,0.005819028222286878
5887,0.005819028222286878,5887,0.008728542333430317,0.005819028222286878
5888,0.005819028222286878,5888,0.008728542333430317,0.005819028222286878
5889,0.005819028222286878,5889,0.008728542333430317,0.005819028222286878
5890,0.005819028222286878,5890,0.008728542333430317,0.005819028222286878
5891,0.005819028222286878,5891,0.008728542333430317,0.005819028222286878
5892,0.005819028222286878,5892,0.008728542333430317,0.005819028222286878
5893,0.005819028222286878,5893,0.008728542333430317,0.005819028222286878
5894,0.005819028222286878,5894,0.008728542333430317,0.005819028222286878
5895,0.005819028222286878,5895,0.008728542333430317,0.005819028222286878
5896,0.005819028222286878,5896,0.008728542333430317,0.005819028222286878
5897,0.005819028222286878,5897,0.008728542333430317,0.005819028222286878
5898,0.005819028222286878,5898,0.008728542333430317,0.005819028222286878
5899,0.005819028222286878,5899,0.008728542333430317,0.005819028222286878
5900,0.005819028222286878,5900,0.008728542333430317,0.005819028222286878
5901,0.005819028222286878,5901,0.008728542333430317,0.005819028222286878
5902,0.005819028222286878,5902,0.008728542333430317,0.005819028222286878
5903,0.005819028222286878,5903,0.008728542333430317,0.005819028222286878
5904,0.005819028222286878,5904,0.008728542333430317,0.005819028222286878
5905,0.005819028222286878,5905,0.008728542333430317,0.005819028222286878
5906,0.005819028222286878,5906,0.008728542333430317,0.005819028222286878
5907,0.005819028222286878,5907,0.008728542333430317,0.005819028222286878
5908,0.005819028222286878,5908,0.008728542333430317,0.005819028222286878
5909,0.005819028222286878,5909,0.008728542333430317,0.005819028222286878
5910,0.005819028222286878,5910,0.008728542333430317,0.005819028222286878
5911,0.005819028222286878,5911,0.008728542333430317,0.005819028222286878
5912,0.005819028222286878,5912,0.008728542333430317,0.005819028222286878
5913,0.005819028222286878,5913,0.008728542333430317,0.005819028222286878
5914,0.005819028222286878,5914,0.008728542333430317,0.005819028222286878
5915,0.005819028222286878,5915,0.008728542333430317,0.005819028222286878
5916,0.005819028222286878,5916,0.008728542333430317,0.005819028222286878
5917,0.005819028222286878,5917,0.008728542333430317,0.005819028222286878
5918,0.005819028222286878,5918,0.008728542333430317,0.005819028222286878
5919,0.005819028222286878,5919,0.008728542333430317,0.005819028222286878
5920,0.005819028222286878,5920,0.008728542333430317,0.005819028222286878
5921,0.005819028222286878,5921,0.008728542333430317,0.005819028222286878
5922,0.005819028222286878,5922,0.008728542333430317,0.005819028222286878
5923,0.005819028222286878,5923,0.008728542333430317,0.005819028222286878
5924,0.005819028222286878,5924,0.008728542333430317,0.005819028222286878
5925,0.005819028222286878,5925,0.008728542333430317,0.005819028222286878
5926,0.005819028222286878,5926,0.008728542333430317,0.005819028222286878
5927,0.005819028222286878,5927,0.008728542333430317,0.005819028222286878
5928,0.005819028222286878,5928,0.008728542333430317,0.005819028222286878
5929,0.005819028222286878,5929,0.008728542333430317,0.005819028222286878
5930,0.005819028222286878,5930,0.008728542333430317,0.005819028222286878
5931,0.005819028222286878,5931,0.008728542333430317,0.005819028222286878
5932,0.005819028222286878,5932,0.008728542333430317,0.005819028222286878
5933,0.005819028222286878,5933,0.008728542333430317,0.005819028222286878
5934,0.005819028222286878,5934,0.008728542333430317,0.005819028222286878
5935,0.005819028222286878,5935,0.008728542333430317,0.005819028222286878
5936,0.005819028222286878,5936,0.008728542333430317,0.005819028222286878
5937,0.005819028222286878,5937,0.008728542333430317,0.005819028222286878
5938,0.005819028222286878,5938,0.008728542333430317,0.005819028222286878
5939,0.005819028222286878,5939,0.008728542333430317,0.005819028222286878
5940,0.005819028222286878,5940,0.008728542333430317,0.005819028222286878
5941,0.005819028222286878,5941,0.008728542333430317,0.005819028222286878
5942,0.005819028222286878,5942,0.008728542333430317,0.005819028222286878
5943,0.005819028222286878,5943,0.008728542333430317,0.005819028222286878
5944,0.005819028222286878,5944,0.008728542333430317,0.005819028222286878
5945,0.005819028222286878,5945,0.008728542333430317,0.005819028222286878
5946,0.005819028222286878,5946,0.008728542333430317,0.005819028222286878
5947,0.005819028222286878,5947,0.008728542333430317,0.005819028222286878
5948,0.005819028222286878,5948,0.008728542333430317,0.005819028222286878
5949,0.005819028222286878,5949,0.008728542333430317,0.005819028222286878
5950,0.005819028222286878,5950,0.008728542333430317,0.005819028222286878
5951,0.005819028222286878,5951,0.008728542333430317,0.005819028222286878
5952,0.005819028222286878,5952,0.008728542333430317,0.005819028222286878
5953,0.005819028222286878,5953,0.008728542333430317,0.005819028222286878
5954,0.005819028222286878,5954,0.008728542333430317,0.005819028222286878
5955,0.005819028222286878,5955,0.008728542333430317,0.005819028222286878
5956,0.005819028222286878,5956,0.008728542333430317,0.005819028222286878
5957,0.005819028222286878,5957,0.008728542333430317,0.005819028222286878
5958,0.005819028222286878,5958,0.008728542333430317,0.005819028222286878
5959,0.005819028222286878,5959,0.008728542333430317,0.005819028222286878
5960,0.005819028222286878,5960,0.008728542333430317,0.005819028222286878
5961,0.005819028222286878,5961,0.008728542333430317,0.005819028222286878
5962,0.005819028222286878,5962,0.008728542333430317,0.005819028222286878
5963,0.005819028222286878,5963,0.008728542333430317,0.005819028222286878
5964,0.005819028222286878,5964,0.008728542333430317,0.005819028222286878
5965,0.005819028222286878,5965,0.008728542333430317,0.005819028222286878
5966,0.005819028222286878,5966,0.008728542333430317,0.005819028222286878
5967,0.005819028222286878,5967,0.008728542333430317,0.005819028222286878
5968,0.005819028222286878,5968,0.008728542333430317,0.005819028222286878
5969,0.005819028222286878,5969,0.008728542333430317,0.005819028222286878
5970,0.005819028222286878,5970,0.008728542333430317,0.005819028222286878
5971,0.005819028222286878,5971,0.008728542333430317,0.005819028222286878
5972,0.005819028222286878,5972,0.008728542333430317,0.005819028222286878
5973,0.005819028222286878,5973,0.008728542333430317,0.005819028222286878
5974,0.005819028222286878,5974,0.008728542333430317,0.005819028222286878
5975,0.005819028222286878,5975,0.008728542333430317,0.005819028222286878
5976,0.005819028222286878,5976,0.008728542333430317,0.005819028222286878
5977,0.005819028222286878,5977,0.008728542333430317,0.005819028222286878
5978,0.005819028222286878,5978,0.008728542333430317,0.005819028222286878
5979,0.005819028222286878,5979,0.008728542333430317,0.005819028222286878
5980,0.005819028222286878,5980,0.008728542333430317,0.005819028222286878
5981,0.005819028222286878,5981,0.008728542333430317,0.005819028222286878
5982,0.005819028222286878,5982,0.008728542333430317,0.005819028222286878
5983,0.005819028222286878,5983,0.008728542333430317,0.005819028222286878
5984,0.005819028222286878,5984,0.008728542333430317,0.005819028222286878
5985,0.005819028222286878,5985,0.008728542333430317,0.005819028222286878
5986,0.005819028222286878,5986,0.008728542333430317,0.005819028222286878
5987,0.005819028222286878,5987,0.008728542333430317,0.005819028222286878
5988,0.005819028222286878,5988,0.008728542333430317,0.005819028222286878
5989,0.005819028222286878,5989,0.008728542333430317,0.005819028222286878
5990,0.005819028222286878,5990,0.008728542333430317,0.005819028222286878
5991,0.005819028222286878,5991,0.008728542333430317,0.005819028222286878
5992,0.005819028222286878,5992,0.008728542333430317,0.005819028222286878
5993,0.005819028222286878,5993,0.008728542333430317,0.005819028222286878
5994,0.005819028222286878,5994,0.008728542333430317,0.005819028222286878
5995,0.005819028222286878,5995,0.008728542333430317,0.005819028222286878
5996,0.005819028222286878,5996,0.008728542333430317,0.005819028222286878
5997,0.005819028222286878,5997,0.008728542333430317,0.005819028222286878
5998,0.005819028222286878,5998,0.008728542333430317,0.005819028222286878
5999,0.005819028222286878,5999,0.008728542333430317,0.005819028222286878
6000,0.005819028222286878,6000,0.008728542333430317,0.005819028222286878
6001,0.005819028222286878,6001,0.008728542333430317,0.005819028222286878
6002,0.005819028222286878,6002,0.008728542333430317,0.005819028222286878
6003,0.005819028222286878,6003,0.008728542333430317,0.005819028222286878
6004,0.005819028222286878,6004,0.008728542333430317,0.005819028222286878
6005,0.005819028222286878,6005,0.008728542333430317,0.005819028222286878
6006,0.005819028222286878,6006,0.008728542333430317,0.005819028222286878
6007,0.005819028222286878,6007,0.008728542333430317,0.005819028222286878
6008,0.005819028222286878,6008,0.008728542333430317,0.005819028222286878
6009,0.005819028222286878,6009,0.008728542333430317,0.005819028222286878
6010,0.005819028222286878,6010,0.008728542333430317,0.005819028222286878
6011,0.005819028222286878,6011,0.008728542333430317,0.005819028222286878
6012,0.005819028222286878,6012,0.008728542333430317,0.005819028222286878
6013,0.005819028222286878,6013,0.008728542333430317,0.005819028222286878
6014,0.005819028222286878,6014,0.008728542333430317,0.005819028222286878
6015,0.005819028222286878,6015,0.008728542333430317,0.005819028222286878
6016,0.005819028222286878,6016,0.008728542333430317,0.005819028222286878
6017,0.005819028222286878,6017,0.008728542333430317,0.005819028222286878
6018,0.005819028222286878,6018,0.008728542333430317,0.005819028222286878
6019,0.005819028222286878,6019,0.008728542333430317,0.005819028222286878
6020,0.005819028222286878,6020,0.008728542333430317,0.005819028222286878
6021,0.005819028222286878,6021,0.008728542333430317,0.005819028222286878
6022,0.005819028222286878,6022,0.008728542333430317,0.005819028222286878
6023,0.005819028222286878,6023,0.008728542333430317,0.005819028222286878
6024,0.005819028222286878,6024,0.008728542333430317,0.005819028222286878
6025,0.005819028222286878,6025,0.008728542333430317,0.005819028222286878
6026,0.005819028222286878,6026,0.008728542333430317,0.005819028222286878
6027,0.005819028222286878,6027,0.008728542333430317,0.005819028222286878
6028,0.005819028222286878,6028,0.008728542333430317,0.005819028222286878
6029,0.005819028222286878,6029,0.008728542333430317,0.005819028222286878
6030,0.005819028222286878,6030,0.008728542333430317,0.005819028222286878
6031,0.005819028222286878,6031,0.008728542333430317,0.005819028222286878
6032,0.005819028222286878,6032,0.008728542333430317,0.005819028222286878
6033,0.005819028222286878,6033,0.008728542333430317,0.005819028222286878
6034,0.005819028222286878,6034,0.008728542333430317,0.005819028222286878
6035,0.005819028222286878,6035,0.008728542333430317,0.005819028222286878
6036,0.005819028222286878,6036,0.008728542333430317,0.005819028222286878
6037,0.005819028222286878,6037,0.008728542333430317,0.005819028222286878
6038,0.005819028222286878,6038,0.008728542333430317,0.005819028222286878
6039,0.005819028222286878,6039,0.008728542333430317,0.005819028222286878
6040,0.005819028222286878,6040,0.008728542333430317,0.005819028222286878
6041,0.005819028222286878,6041,0.008728542333430317,0.005819028222286878
6042,0.005819028222286878,6042,0.008728542333430317,0.005819028222286878
6043,0.005819028222286878,6043,0.008728542333430317,0.005819028222286878
6044,0.005819028222286878,6044,0.008728542333430317,0.005819028222286878
6045,0.005819028222286878,6045,0.008728542333430317,0.005819028222286878
6046,0.005819028222286878,6046,0.008728542333430317,0.005819028222286878
6047,0.005819028222286878,6047,0.008728542333430317,0.005819028222286878
6048,0.005819028222286878,6048,0.008728542333430317,0.005819028222286878
6049,0.005819028222286878,6049,0.008728542333430317,0.005819028222286878
6050,0.005819028222286878,6050,0.008728542333430317,0.005819028222286878
6051,0.005819028222286878,6051,0.008728542333430317,0.005819028222286878
6052,0.005819028222286878,6052,0.008728542333430317,0.005819028222286878
6053,0.005819028222286878,6053,0.008728542333430317,0.005819028222286878
6054,0.005819028222286878,6054,0.008728542333430317,0.005819028222286878
6055,0.005819028222286878,6055,0.008728542333430317,0.005819028222286878
6056,0.005819028222286878,6056,0.008728542333430317,0.005819028222286878
6057,0.005819028222286878,6057,0.008728542333430317,0.005819028222286878
6058,0.005819028222286878,6058,0.008728542333430317,0.005819028222286878
6059,0.005819028222286878,6059,0.008728542333430317,0.005819028222286878
6060,0.005819028222286878,6060,0.008728542333430317,0.005819028222286878
6061,0.005819028222286878,6061,0.008728542333430317,0.005819028222286878
6062,0.005819028222286878,6062,0.008728542333430317,0.005819028222286878
6063,0.005819028222286878,6063,0.008728542333430317,0.005819028222286878
6064,0.005819028222286878,6064,0.008728542333430317,0.005819028222286878
6065,0.005819028222286878,6065,0.008728542333430317,0.005819028222286878
6066,0.005819028222286878,6066,0.008728542333430317,0.005819028222286878
6067,0.005819028222286878,6067,0.008728542333430317,0.005819028222286878
6068,0.005819028222286878,6068,0.008728542333430317,0.005819028222286878
6069,0.005819028222286878,6069,0.008728542333430317,0.005819028222286878
6070,0.005819028222286878,6070,0.008728542333430317,0.005819028222286878
6071,0.005819028222286878,6071,0.008728542333430317,0.005819028222286878
6072,0.005819028222286878,6072,0.008728542333430317,0.005819028222286878
6073,0.005819028222286878,6073,0.008728542333430317,0.005819028222286878
6074,0.005819028222286878,6074,0.008728542333430317,0.005819028222286878
6075,0.005819028222286878,6075,0.008728542333430317,0.005819028222286878
6076,0.005819028222286878,6076,0.008728542333430317,0.005819028222286878
6077,0.005819028222286878,6077,0.008728542333430317,0.005819028222286878
6078,0.005819028222286878,6078,0.008728542333430317,0.005819028222286878
6079,0.005819028222286878,6079,0.008728542333430317,0.005819028222286878
6080,0.005819028222286878,6080,0.008728542333430317,0.005819028222286878
6081,0.005819028222286878,6081,0.008728542333430317,0.005819028222286878
6082,0.005819028222286878,6082,0.008728542333430317,0.005819028222286878
6083,0.005819028222286878,6083,0.008728542333430317,0.005819028222286878
6084,0.005819028222286878,6084,0.008728542333430317,0.005819028222286878
6085,0.005819028222286878,6085,0.008728542333430317,0.005819028222286878
6086,0.005819028222286878,6086,0.008728542333430317,0.005819028222286878
6087,0.005819028222286878,6087,0.008728542333430317,0.005819028222286878
6088,0.005819028222286878,6088,0.008728542333430317,0.005819028222286878
6089,0.005819028222286878,6089,0.008728542333430317,0.005819028222286878
6090,0.005819028222286878,6090,0.008728542333430317,0.005819028222286878
6091,0.005819028222286878,6091,0.008728542333430317,0.005819028222286878
6092,0.005819028222286878,6092,0.008728542333430317,0.005819028222286878
6093,0.005819028222286878,6093,0.008728542333430317,0.005819028222286878
6094,0.005819028222286878,6094,0.008728542333430317,0.005819028222286878
6095,0.005819028222286878,6095,0.008728542333430317,0.005819028222286878
6096,0.005819028222286878,6096,0.008728542333430317,0.005819028222286878
6097,0.005819028222286878,6097,0.008728542333430317,0.005819028222286878
6098,0.005819028222286878,6098,0.008728542333430317,0.005819028222286878
6099,0.005819028222286878,6099,0.008728542333430317,0.005819028222286878
6100,0.005819028222286878,6100,0.008728542333430317,0.005819028222286878
6101,0.005819028222286878,6101,0.008728542333430317,0.005819028222286878
6102,0.005819028222286878,6102,0.008728542333430317,0.005819028222286878
6103,0.005819028222286878,6103,0.008728542333430317,0.005819028222286878
6104,0.005819028222286878,6104,0.008728542333430317,0.005819028222286878
6105,0.005819028222286878,6105,0.008728542333430317,0.005819028222286878
6106,0.005819028222286878,6106,0.008728542333430317,0.005819028222286878
6107,0.005819028222286878,6107,0.008728542333430317,0.005819028222286878
6108,0.005819028222286878,6108,0.008728542333430317,0.005819028222286878
6109,0.005819028222286878,6109,0.008728542333430317,0.005819028222286878
6110,0.005819028222286878,6110,0.008728542333430317,0.005819028222286878
6111,0.005819028222286878,6111,0.008728542333430317,0.005819028222286878
6112,0.005819028222286878,6112,0.008728542333430317,0.005819028222286878
6113,0.005819028222286878,6113,0.008728542333430317,0.005819028222286878
6114,0.005819028222286878,6114,0.008728542333430317,0.005819028222286878
6115,0.005819028222286878,6115,0.008728542333430317,0.005819028222286878
6116,0.005819028222286878,6116,0.008728542333430317,0.005819028222286878
6117,0.005819028222286878,6117,0.008728542333430317,0.005819028222286878
6118,0.005819028222286878,6118,0.008728542333430317,0.005819028222286878
6119,0.005819028222286878,6119,0.008728542333430317,0.005819028222286878
6120,0.005819028222286878,6120,0.008728542333430317,0.005819028222286878
6121,0.005819028222286878,6121,0.008728542333430317,0.005819028222286878
6122,0.005819028222286878,6122,0.008728542333430317,0.005819028222286878
6123,0.005819028222286878,6123,0.008728542333430317,0.005819028222286878
6124,0.005819028222286878,6124,0.008728542333430317,0.005819028222286878
6125,0.005819028222286878,6125,0.008728542333430317,0.005819028222286878
6126,0.005819028222286878,6126,0.008728542333430317,0.005819028222286878
6127,0.005819028222286878,6127,0.008728542333430317,0.005819028222286878
6128,0.005819028222286878,6128,0.008728542333430317,0.005819028222286878
6129,0.005819028222286878,6129,0.008728542333430317,0.005819028222286878
6130,0.005819028222286878,6130,0.008728542333430317,0.005819028222286878
6131,0.005819028222286878,6131,0.008728542333430317,0.005819028222286878
6132,0.005819028222286878,6132,0.008728542333430317,0.005819028222286878
6133,0.005819028222286878,6133,0.008728542333430317,0.005819028222286878
6134,0.005819028222286878,6134,0.008728542333430317,0.005819028222286878
6135,0.005819028222286878,6135,0.008728542333430317,0.005819028222286878
6136,0.005819028222286878,6136,0.008728542333430317,0.005819028222286878
6137,0.005819028222286878,6137,0.008728542333430317,0.005819028222286878
6138,0.005819028222286878,6138,0.008728542333430317,0.005819028222286878
6139,0.005819028222286878,6139,0.008728542333430317,0.005819028222286878
6140,0.005819028222286878,6140,0.008728542333430317,0.005819028222286878
6141,0.005819028222286878,6141,0.008728542333430317,0.005819028222286878
6142,0.005819028222286878,6142,0.008728542333430317,0.005819028222286878
6143,0.005819028222286878,6143,0.008728542333430317,0.005819028222286878
6144,0.005819028222286878,6144,0.008728542333430317,0.005819028222286878
6145,0.005819028222286878,6145,0.008728542333430317,0.005819028222286878
6146,0.005819028222286878,6146,0.008728542333430317,0.005819028222286878
6147,0.005819028222286878,6147,0.008728542333430317,0.005819028222286878
6148,0.005819028222286878,6148,0.008728542333430317,0.005819028222286878
6149,0.005819028222286878,6149,0.008728542333430317,0.005819028222286878
6150,0.005819028222286878,6150,0.008728542333430317,0.005819028222286878
6151,0.005819028222286878,6151,0.008728542333430317,0.005819028222286878
6152,0.005819028222286878,6152,0.008728542333430317,0.005819028222286878
6153,0.005819028222286878,6153,0.008728542333430317,0.005819028222286878
6154,0.005819028222286878,6154,0.008728542333430317,0.005819028222286878
6155,0.005819028222286878,6155,0.008728542333430317,0.005819028222286878
6156,0.005819028222286878,6156,0.008728542333430317,0.005819028222286878
6157,0.005819028222286878,6157,0.008728542333430317,0.005819028222286878
6158,0.005819028222286878,6158,0.008728542333430317,0.005819028222286878
6159,0.005819028222286878,6159,0.008728542333430317,0.005819028222286878
6160,0.005819028222286878,6160,0.008728542333430317,0.005819028222286878
6161,0.005819028222286878,6161,0.008728542333430317,0.005819028222286878
6162,0.005819028222286878,6162,0.008728542333430317,0.005819028222286878
6163,0.005819028222286878,6163,0.008728542333430317,0.005819028222286878
6164,0.005819028222286878,6164,0.008728542333430317,0.005819028222286878
6165,0.005819028222286878,6165,0.008728542333430317,0.005819028222286878
6166,0.005819028222286878,6166,0.008728542333430317,0.005819028222286878
6167,0.005819028222286878,6167,0.008728542333430317,0.005819028222286878
6168,0.005819028222286878,6168,0.008728542333430317,0.005819028222286878
6169,0.005819028222286878,6169,0.008728542333430317,0.005819028222286878
6170,0.005819028222286878,6170,0.008728542333430317,0.005819028222286878
6171,0.005819028222286878,6171,0.008728542333430317,0.005819028222286878
6172,0.005819028222286878,6172,0.008728542333430317,0.005819028222286878
6173,0.005819028222286878,6173,0.008728542333430317,0.005819028222286878
6174,0.005819028222286878,6174,0.008728542333430317,0.005819028222286878
6175,0.005819028222286878,6175,0.008728542333430317,0.005819028222286878
6176,0.005819028222286878,6176,0.008728542333430317,0.005819028222286878
6177,0.005819028222286878,6177,0.008728542333430317,0.005819028222286878
6178,0.005819028222286878,6178,0.008728542333430317,0.005819028222286878
6179,0.005819028222286878,6179,0.008728542333430317,0.005819028222286878
6180,0.005819028222286878,6180,0.008728542333430317,0.005819028222286878
6181,0.005819028222286878,6181,0.008728542333430317,0.005819028222286878
6182,0.005819028222286878,6182,0.008728542333430317,0.005819028222286878
6183,0.005819028222286878,6183,0.008728542333430317,0.005819028222286878
6184,0.005819028222286878,6184,0.008728542333430317,0.005819028222286878
6185,0.005819028222286878,6185,0.008728542333430317,0.005819028222286878
6186,0.005819028222286878,6186,0.008728542333430317,0.005819028222286878
6187,0.005819028222286878,6187,0.008728542333430317,0.005819028222286878
6188,0.005819028222286878,6188,0.008728542333430317,0.005819028222286878
6189,0.005819028222286878,6189,0.008728542333430317,0.005819028222286878
6190,0.005819028222286878,6190,0.008728542333430317,0.005819028222286878
6191,0.005819028222286878,6191,0.008728542333430317,0.005819028222286878
6192,0.005819028222286878,6192,0.008728542333430317,0.005819028222286878
6193,0.005819028222286878,6193,0.008728542333430317,0.005819028222286878
6194,0.005819028222286878,6194,0.008728542333430317,0.005819028222286878
6195,0.005819028222286878,6195,0.008728542333430317,0.005819028222286878
6196,0.005819028222286878,6196,0.008728542333430317,0.005819028222286878
6197,0.005819028222286878,6197,0.008728542333430317,0.005819028222286878
6198,0.005819028222286878,6198,0.008728542333430317,0.005819028222286878
6199,0.005819028222286878,6199,0.008728542333430317,0.005819028222286878
6200,0.005819028222286878,6200,0.008728542333430317,0.005819028222286878
6201,0.005819028222286878,6201,0.008728542333430317,0.005819028222286878
6202,0.005819028222286878,6202,0.008728542333430317,0.005819028222286878
6203,0.005819028222286878,6203,0.008728542333430317,0.005819028222286878
6204,0.005819028222286878,6204,0.008728542333430317,0.005819028222286878
6205,0.005819028222286878,6205,0.008728542333430317,0.005819028222286878
6206,0.005819028222286878,6206,0.008728542333430317,0.005819028222286878
6207,0.005819028222286878,6207,0.008728542333430317,0.005819028222286878
6208,0.005819028222286878,6208,0.008728542333430317,0.005819028222286878
6209,0.005819028222286878,6209,0.008728542333430317,0.005819028222286878
6210,0.005819028222286878,6210,0.008728542333430317,0.005819028222286878
6211,0.005819028222286878,6211,0.008728542333430317,0.005819028222286878
6212,0.005819028222286878,6212,0.008728542333430317,0.005819028222286878
6213,0.005819028222286878,6213,0.008728542333430317,0.005819028222286878
6214,0.005819028222286878,6214,0.008728542333430317,0.005819028222286878
6215,0.005819028222286878,6215,0.008728542333430317,0.005819028222286878
6216,0.005819028222286878,6216,0.008728542333430317,0.005819028222286878
6217,0.005819028222286878,6217,0.008728542333430317,0.005819028222286878
6218,0.005819028222286878,6218,0.008728542333430317,0.005819028222286878
6219,0.005819028222286878,6219,0.008728542333430317,0.005819028222286878
6220,0.005819028222286878,6220,0.008728542333430317,0.005819028222286878
6221,0.005819028222286878,6221,0.008728542333430317,0.005819028222286878
6222,0.005819028222286878,6222,0.008728542333430317,0.005819028222286878
6223,0.005819028222286878,6223,0.008728542333430317,0.005819028222286878
6224,0.005819028222286878,6224,0.008728542333430317,0.005819028222286878
6225,0.005819028222286878,6225,0.008728542333430317,0.005819028222286878
6226,0.005819028222286878,6226,0.008728542333430317,0.005819028222286878
6227,0.005819028222286878,6227,0.008728542333430317,0.005819028222286878
6228,0.005819028222286878,6228,0.008728542333430317,0.005819028222286878
6229,0.005819028222286878,6229,0.008728542333430317,0.005819028222286878
6230,0.005819028222286878,6230,0.008728542333430317,0.005819028222286878
6231,0.005819028222286878,6231,0.008728542333430317,0.005819028222286878
6232,0.005819028222286878,6232,0.008728542333430317,0.005819028222286878
6233,0.005819028222286878,6233,0.008728542333430317,0.005819028222286878
6234,0.005819028222286878,6234,0.008728542333430317,0.005819028222286878
6235,0.005819028222286878,6235,0.008728542333430317,0.005819028222286878
6236,0.005819028222286878,6236,0.008728542333430317,0.005819028222286878
6237,0.005819028222286878,6237,0.008728542333430317,0.005819028222286878
6238,0.005819028222286878,6238,0.008728542333430317,0.005819028222286878
6239,0.005819028222286878,6239,0.008728542333430317,0.005819028222286878
6240,0.005819028222286878,6240,0.008728542333430317,0.005819028222286878
6241,0.005819028222286878,6241,0.008728542333430317,0.005819028222286878
6242,0.005819028222286878,6242,0.008728542333430317,0.005819028222286878
6243,0.005819028222286878,6243,0.008728542333430317,0.005819028222286878
6244,0.005819028222286878,6244,0.008728542333430317,0.005819028222286878
6245,0.005819028222286878,6245,0.008728542333430317,0.005819028222286878
6246,0.005819028222286878,6246,0.008728542333430317,0.005819028222286878
6247,0.005819028222286878,6247,0.008728542333430317,0.005819028222286878
6248,0.005819028222286878,6248,0.008728542333430317,0.005819028222286878
6249,0.005819028222286878,6249,0.008728542333430317,0.005819028222286878
6250,0.005819028222286878,6250,0.008728542333430317,0.005819028222286878
6251,0.005819028222286878,6251,0.008728542333430317,0.005819028222286878
6252,0.005819028222286878,6252,0.008728542333430317,0.005819028222286878
6253,0.005819028222286878,6253,0.008728542333430317,0.005819028222286878
6254,0.005819028222286878,6254,0.008728542333430317,0.005819028222286878
6255,0.005819028222286878,6255,0.008728542333430317,0.005819028222286878
6256,0.005819028222286878,6256,0.008728542333430317,0.005819028222286878
6257,0.005819028222286878,6257,0.008728542333430317,0.005819028222286878
6258,0.005819028222286878,6258,0.008728542333430317,0.005819028222286878
6259,0.005819028222286878,6259,0.008728542333430317,0.005819028222286878
6260,0.005819028222286878,6260,0.008728542333430317,0.005819028222286878
6261,0.005819028222286878,6261,0.008728542333430317,0.005819028222286878
6262,0.005819028222286878,6262,0.008728542333430317,0.005819028222286878
6263,0.005819028222286878,6263,0.008728542333430317,0.005819028222286878
6264,0.005819028222286878,6264,0.008728542333430317,0.005819028222286878
6265,0.005819028222286878,6265,0.008728542333430317,0.005819028222286878
6266,0.005819028222286878,6266,0.008728542333430317,0.005819028222286878
6267,0.005819028222286878,6267,0.008728542333430317,0.005819028222286878
6268,0.005819028222286878,6268,0.008728542333430317,0.005819028222286878
6269,0.005819028222286878,6269,0.008728542333430317,0.005819028222286878
6270,0.005819028222286878,6270,0.008728542333430317,0.005819028222286878
6271,0.005819028222286878,6271,0.008728542333430317,0.005819028222286878
6272,0.005819028222286878,6272,0.008728542333430317,0.005819028222286878
6273,0.005819028222286878,6273,0.008728542333430317,0.005819028222286878
6274,0.005819028222286878,6274,0.008728542333430317,0.005819028222286878
6275,0.005819028222286878,6275,0.008728542333430317,0.005819028222286878
6276,0.005819028222286878,6276,0.008728542333430317,0.005819028222286878
6277,0.005819028222286878,6277,0.008728542333430317,0.005819028222286878
6278,0.005819028222286878,6278,0.008728542333430317,0.005819028222286878
6279,0.005819028222286878,6279,0.008728542333430317,0.005819028222286878
6280,0.005819028222286878,6280,0.008728542333430317,0.005819028222286878
6281,0.005819028222286878,6281,0.008728542333430317,0.005819028222286878
6282,0.005819028222286878,6282,0.008728542333430317,0.005819028222286878
6283,0.005819028222286878,6283,0.008728542333430317,0.005819028222286878
6284,0.005819028222286878,6284,0.008728542333430317,0.005819028222286878
6285,0.005819028222286878,6285,0.008728542333430317,0.005819028222286878
6286,0.005819028222286878,6286,0.008728542333430317,0.005819028222286878
6287,0.005819028222286878,6287,0.008728542333430317,0.005819028222286878
6288,0.005819028222286878,6288,0.008728542333430317,0.005819028222286878
6289,0.005819028222286878,6289,0.008728542333430317,0.005819028222286878
6290,0.005819028222286878,6290,0.008728542333430317,0.005819028222286878
6291,0.005819028222286878,6291,0.008728542333430317,0.005819028222286878
6292,0.005819028222286878,6292,0.008728542333430317,0.005819028222286878
6293,0.005819028222286878,6293,0.008728542333430317,0.005819028222286878
6294,0.005819028222286878,6294,0.008728542333430317,0.005819028222286878
6295,0.005819028222286878,6295,0.008728542333430317,0.005819028222286878
6296,0.005819028222286878,6296,0.008728542333430317,0.005819028222286878
6297,0.005819028222286878,6297,0.008728542333430317,0.005819028222286878
6298,0.005819028222286878,6298,0.008728542333430317,0.005819028222286878
6299,0.005819028222286878,6299,0.008728542333430317,0.005819028222286878
6300,0.005819028222286878,6300,0.008728542333430317,0.005819028222286878
6301,0.005819028222286878,6301,0.008728542333430317,0.005819028222286878
6302,0.005819028222286878,6302,0.008728542333430317,0.005819028222286878
6303,0.005819028222286878,6303,0.008728542333430317,0.005819028222286878
6304,0.005819028222286878,6304,0.008728542333430317,0.005819028222286878
6305,0.005819028222286878,6305,0.008728542333430317,0.005819028222286878
6306,0.005819028222286878,6306,0.008728542333430317,0.005819028222286878
6307,0.005819028222286878,6307,0.008728542333430317,0.005819028222286878
6308,0.005819028222286878,6308,0.008728542333430317,0.005819028222286878
6309,0.005819028222286878,6309,0.008728542333430317,0.005819028222286878
6310,0.005819028222286878,6310,0.008728542333430317,0.005819028222286878
6311,0.005819028222286878,6311,0.008728542333430317,0.005819028222286878
6312,0.005819028222286878,6312,0.008728542333430317,0.005819028222286878
6313,0.005819028222286878,6313,0.008728542333430317,0.005819028222286878
6314,0.005819028222286878,6314,0.008728542333430317,0.005819028222286878
6315,0.005819028222286878,6315,0.008728542333430317,0.005819028222286878
6316,0.005819028222286878,6316,0.008728542333430317,0.005819028222286878
6317,0.005819028222286878,6317,0.008728542333430317,0.005819028222286878
6318,0.005819028222286878,6318,0.008728542333430317,0.005819028222286878
6319,0.005819028222286878,6319,0.008728542333430317,0.005819028222286878
6320,0.005819028222286878,6320,0.008728542333430317,0.005819028222286878
6321,0.005819028222286878,6321,0.008728542333430317,0.005819028222286878
6322,0.005819028222286878,6322,0.008728542333430317,0.005819028222286878
6323,0.005819028222286878,6323,0.008728542333430317,0.005819028222286878
6324,0.005819028222286878,6324,0.008728542333430317,0.005819028222286878
6325,0.005819028222286878,6325,0.008728542333430317,0.005819028222286878
6326,0.005819028222286878,6326,0.008728542333430317,0.005819028222286878
6327,0.005819028222286878,6327,0.008728542333430317,0.005819028222286878
6328,0.005819028222286878,6328,0.008728542333430317,0.005819028222286878
6329,0.005819028222286878,6329,0.008728542333430317,0.005819028222286878
6330,0.005819028222286878,6330,0.008728542333430317,0.005819028222286878
6331,0.005819028222286878,6331,0.008728542333430317,0.005819028222286878
6332,0.005819028222286878,6332,0.008728542333430317,0.005819028222286878
6333,0.005819028222286878,6333,0.008728542333430317,0.005819028222286878
6334,0.005819028222286878,6334,0.008728542333430317,0.005819028222286878
6335,0.005819028222286878,6335,0.008728542333430317,0.005819028222286878
6336,0.005819028222286878,6336,0.008728542333430317,0.005819028222286878
6337,0.005819028222286878,6337,0.008728542333430317,0.005819028222286878
6338,0.005819028222286878,6338,0.008728542333430317,0.005819028222286878
6339,0.005819028222286878,6339,0.008728542333430317,0.005819028222286878
6340,0.005819028222286878,6340,0.008728542333430317,0.005819028222286878
6341,0.005819028222286878,6341,0.008728542333430317,0.005819028222286878
6342,0.005819028222286878,6342,0.008728542333430317,0.005819028222286878
6343,0.005819028222286878,6343,0.008728542333430317,0.005819028222286878
6344,0.005819028222286878,6344,0.008728542333430317,0.005819028222286878
6345,0.005819028222286878,6345,0.008728542333430317,0.005819028222286878
6346,0.005819028222286878,6346,0.008728542333430317,0.005819028222286878
6347,0.005819028222286878,6347,0.008728542333430317,0.005819028222286878
6348,0.005819028222286878,6348,0.008728542333430317,0.005819028222286878
6349,0.005819028222286878,6349,0.008728542333430317,0.005819028222286878
6350,0.005819028222286878,6350,0.008728542333430317,0.005819028222286878
6351,0.005819028222286878,6351,0.008728542333430317,0.005819028222286878
6352,0.005819028222286878,6352,0.008728542333430317,0.005819028222286878
6353,0.005819028222286878,6353,0.008728542333430317,0.005819028222286878
6354,0.005819028222286878,6354,0.008728542333430317,0.005819028222286878
6355,0.005819028222286878,6355,0.008728542333430317,0.005819028222286878
6356,0.005819028222286878,6356,0.008728542333430317,0.005819028222286878
6357,0.005819028222286878,6357,0.008728542333430317,0.005819028222286878
6358,0.005819028222286878,6358,0.008728542333430317,0.005819028222286878
6359,0.005819028222286878,6359,0.008728542333430317,0.005819028222286878
6360,0.005819028222286878,6360,0.008728542333430317,0.005819028222286878
6361,0.005819028222286878,6361,0.008728542333430317,0.005819028222286878
6362,0.005819028222286878,6362,0.008728542333430317,0.005819028222286878
6363,0.005819028222286878,6363,0.008728542333430317,0.005819028222286878
6364,0.005819028222286878,6364,0.008728542333430317,0.005819028222286878
6365,0.005819028222286878,6365,0.008728542333430317,0.005819028222286878
6366,0.005819028222286878,6366,0.008728542333430317,0.005819028222286878
6367,0.005819028222286878,6367,0.008728542333430317,0.005819028222286878
6368,0.005819028222286878,6368,0.008728542333430317,0.005819028222286878
6369,0.005819028222286878,6369,0.008728542333430317,0.005819028222286878
6370,0.005819028222286878,6370,0.008728542333430317,0.005819028222286878
6371,0.005819028222286878,6371,0.008728542333430317,0.005819028222286878
6372,0.005819028222286878,6372,0.008728542333430317,0.005819028222286878
6373,0.005819028222286878,6373,0.008728542333430317,0.005819028222286878
6374,0.005819028222286878,6374,0.008728542333430317,0.005819028222286878
6375,0.005819028222286878,6375,0.008728542333430317,0.005819028222286878
6376,0.005819028222286878,6376,0.008728542333430317,0.005819028222286878
6377,0.005819028222286878,6377,0.008728542333430317,0.005819028222286878
6378,0.005819028222286878,6378,0.008728542333430317,0.005819028222286878
6379,0.005819028222286878,6379,0.008728542333430317,0.005819028222286878
6380,0.005819028222286878,6380,0.008728542333430317,0.005819028222286878
6381,0.005819028222286878,6381,0.008728542333430317,0.005819028222286878
6382,0.005819028222286878,6382,0.008728542333430317,0.005819028222286878
6383,0.005819028222286878,6383,0.008728542333430317,0.005819028222286878
6384,0.005819028222286878,6384,0.008728542333430317,0.005819028222286878
6385,0.005819028222286878,6385,0.008728542333430317,0.005819028222286878
6386,0.005819028222286878,6386,0.008728542333430317,0.005819028222286878
6387,0.005819028222286878,6387,0.008728542333430317,0.005819028222286878
6388,0.005819028222286878,6388,0.008728542333430317,0.005819028222286878
6389,0.005819028222286878,6389,0.008728542333430317,0.005819028222286878
6390,0.005819028222286878,6390,0.008728542333430317,0.005819028222286878
6391,0.005819028222286878,6391,0.008728542333430317,0.005819028222286878
6392,0.005819028222286878,6392,0.008728542333430317,0.005819028222286878
6393,0.005819028222286878,6393,0.008728542333430317,0.005819028222286878
6394,0.005819028222286878,6394,0.008728542333430317,0.005819028222286878
6395,0.005819028222286878,6395,0.008728542333430317,0.005819028222286878
6396,0.005819028222286878,6396,0.008728542333430317,0.005819028222286878
6397,0.005819028222286878,6397,0.008728542333430317,0.005819028222286878
6398,0.005819028222286878,6398,0.008728542333430317,0.005819028222286878
6399,0.005819028222286878,6399,0.008728542333430317,0.005819028222286878
6400,0.005819028222286878,6400,0.008728542333430317,0.005819028222286878
6401,0.005819028222286878,6401,0.008728542333430317,0.005819028222286878
6402,0.005819028222286878,6402,0.008728542333430317,0.005819028222286878
6403,0.005819028222286878,6403,0.008728542333430317,0.005819028222286878
6404,0.005819028222286878,6404,0.008728542333430317,0.005819028222286878
6405,0.005819028222286878,6405,0.008728542333430317,0.005819028222286878
6406,0.005819028222286878,6406,0.008728542333430317,0.005819028222286878
6407,0.005819028222286878,6407,0.008728542333430317,0.005819028222286878
6408,0.005819028222286878,6408,0.008728542333430317,0.005819028222286878
6409,0.005819028222286878,6409,0.008728542333430317,0.005819028222286878
6410,0.005819028222286878,6410,0.008728542333430317,0.005819028222286878
6411,0.005819028222286878,6411,0.008728542333430317,0.005819028222286878
6412,0.005819028222286878,6412,0.008728542333430317,0.005819028222286878
6413,0.005819028222286878,6413,0.008728542333430317,0.005819028222286878
6414,0.005819028222286878,6414,0.008728542333430317,0.005819028222286878
6415,0.005819028222286878,6415,0.008728542333430317,0.005819028222286878
6416,0.005819028222286878,6416,0.008728542333430317,0.005819028222286878
6417,0.005819028222286878,6417,0.008728542333430317,0.005819028222286878
6418,0.005819028222286878,6418,0.008728542333430317,0.005819028222286878
6419,0.005819028222286878,6419,0.008728542333430317,0.005819028222286878
6420,0.005819028222286878,6420,0.008728542333430317,0.005819028222286878
6421,0.005819028222286878,6421,0.008728542333430317,0.005819028222286878
6422,0.005819028222286878,6422,0.008728542333430317,0.005819028222286878
6423,0.005819028222286878,6423,0.008728542333430317,0.005819028222286878
6424,0.005819028222286878,6424,0.008728542333430317,0.005819028222286878
6425,0.005819028222286878,6425,0.008728542333430317,0.005819028222286878
6426,0.005819028222286878,6426,0.008728542333430317,0.005819028222286878
6427,0.005819028222286878,6427,0.008728542333430317,0.005819028222286878
6428,0.005819028222286878,6428,0.008728542333430317,0.005819028222286878
6429,0.005819028222286878,6429,0.008728542333430317,0.005819028222286878
6430,0.005819028222286878,6430,0.008728542333430317,0.005819028222286878
6431,0.005819028222286878,6431,0.008728542333430317,0.005819028222286878
6432,0.005819028222286878,6432,0.008728542333430317,0.005819028222286878
6433,0.005819028222286878,6433,0.008728542333430317,0.005819028222286878
6434,0.005819028222286878,6434,0.008728542333430317,0.005819028222286878
6435,0.005819028222286878,6435,0.008728542333430317,0.005819028222286878
6436,0.005819028222286878,6436,0.008728542333430317,0.005819028222286878
6437,0.005819028222286878,6437,0.008728542333430317,0.005819028222286878
6438,0.005819028222286878,6438,0.008728542333430317,0.005819028222286878
6439,0.005819028222286878,6439,0.008728542333430317,0.005819028222286878
6440,0.005819028222286878,6440,0.008728542333430317,0.005819028222286878
6441,0.005819028222286878,6441,0.008728542333430317,0.005819028222286878
6442,0.005819028222286878,6442,0.008728542333430317,0.005819028222286878
6443,0.005819028222286878,6443,0.008728542333430317,0.005819028222286878
6444,0.005819028222286878,6444,0.008728542333430317,0.005819028222286878
6445,0.005819028222286878,6445,0.008728542333430317,0.005819028222286878
6446,0.005819028222286878,6446,0.008728542333430317,0.005819028222286878
6447,0.005819028222286878,6447,0.008728542333430317,0.005819028222286878
6448,0.005819028222286878,6448,0.008728542333430317,0.005819028222286878
6449,0.005819028222286878,6449,0.008728542333430317,0.005819028222286878
6450,0.005819028222286878,6450,0.008728542333430317,0.005819028222286878
6451,0.005819028222286878,6451,0.008728542333430317,0.005819028222286878
6452,0.005819028222286878,6452,0.008728542333430317,0.005819028222286878
6453,0.005819028222286878,6453,0.008728542333430317,0.005819028222286878
6454,0.005819028222286878,6454,0.008728542333430317,0.005819028222286878
6455,0.005819028222286878,6455,0.008728542333430317,0.005819028222286878
6456,0.005819028222286878,6456,0.008728542333430317,0.005819028222286878
6457,0.005819028222286878,6457,0.008728542333430317,0.005819028222286878
6458,0.005819028222286878,6458,0.008728542333430317,0.005819028222286878
6459,0.005819028222286878,6459,0.008728542333430317,0.005819028222286878
6460,0.005819028222286878,6460,0.008728542333430317,0.005819028222286878
6461,0.005819028222286878,6461,0.008728542333430317,0.005819028222286878
6462,0.005819028222286878,6462,0.008728542333430317,0.005819028222286878
6463,0.005819028222286878,6463,0.008728542333430317,0.005819028222286878
6464,0.005819028222286878,6464,0.008728542333430317,0.005819028222286878
6465,0.005819028222286878,6465,0.008728542333430317,0.005819028222286878
6466,0.005819028222286878,6466,0.008728542333430317,0.005819028222286878
6467,0.005819028222286878,6467,0.008728542333430317,0.005819028222286878
6468,0.005819028222286878,6468,0.008728542333430317,0.005819028222286878
6469,0.005819028222286878,6469,0.008728542333430317,0.005819028222286878
6470,0.005819028222286878,6470,0.008728542333430317,0.005819028222286878
6471,0.005819028222286878,6471,0.008728542333430317,0.005819028222286878
6472,0.005819028222286878,6472,0.008728542333430317,0.005819028222286878
6473,0.005819028222286878,6473,0.008728542333430317,0.005819028222286878
6474,0.005819028222286878,6474,0.008728542333430317,0.005819028222286878
6475,0.005819028222286878,6475,0.008728542333430317,0.005819028222286878
6476,0.005819028222286878,6476,0.008728542333430317,0.005819028222286878
6477,0.005819028222286878,6477,0.008728542333430317,0.005819028222286878
6478,0.005819028222286878,6478,0.008728542333430317,0.005819028222286878
6479,0.005819028222286878,6479,0.008728542333430317,0.005819028222286878
6480,0.005819028222286878,6480,0.008728542333430317,0.005819028222286878
6481,0.005819028222286878,6481,0.008728542333430317,0.005819028222286878
6482,0.005819028222286878,6482,0.008728542333430317,0.005819028222286878
6483,0.005819028222286878,6483,0.008728542333430317,0.005819028222286878
6484,0.005819028222286878,6484,0.008728542333430317,0.005819028222286878
6485,0.005819028222286878,6485,0.008728542333430317,0.005819028222286878
6486,0.005819028222286878,6486,0.008728542333430317,0.005819028222286878
6487,0.005819028222286878,6487,0.008728542333430317,0.005819028222286878
6488,0.005819028222286878,6488,0.008728542333430317,0.005819028222286878
6489,0.005819028222286878,6489,0.008728542333430317,0.005819028222286878
6490,0.005819028222286878,6490,0.008728542333430317,0.005819028222286878
6491,0.005819028222286878,6491,0.008728542333430317,0.005819028222286878
6492,0.005819028222286878,6492,0.008728542333430317,0.005819028222286878
6493,0.005819028222286878,6493,0.008728542333430317,0.005819028222286878
6494,0.005819028222286878,6494,0.008728542333430317,0.005819028222286878
6495,0.005819028222286878,6495,0.008728542333430317,0.005819028222286878
6496,0.005819028222286878,6496,0.008728542333430317,0.005819028222286878
6497,0.005819028222286878,6497,0.008728542333430317,0.005819028222286878
6498,0.005819028222286878,6498,0.008728542333430317,0.005819028222286878
6499,0.005819028222286878,6499,0.008728542333430317,0.005819028222286878
6500,0.005819028222286878,6500,0.008728542333430317,0.005819028222286878
6501,0.005819028222286878,6501,0.008728542333430317,0.005819028222286878
6502,0.005819028222286878,6502,0.008728542333430317,0.005819028222286878
6503,0.005819028222286878,6503,0.008728542333430317,0.005819028222286878
6504,0.005819028222286878,6504,0.008728542333430317,0.005819028222286878
6505,0.005819028222286878,6505,0.008728542333430317,0.005819028222286878
6506,0.005819028222286878,6506,0.008728542333430317,0.005819028222286878
6507,0.005819028222286878,6507,0.008728542333430317,0.005819028222286878
6508,0.005819028222286878,6508,0.008728542333430317,0.005819028222286878
6509,0.005819028222286878,6509,0.008728542333430317,0.005819028222286878
6510,0.005819028222286878,6510,0.008728542333430317,0.005819028222286878
6511,0.005819028222286878,6511,0.008728542333430317,0.005819028222286878
6512,0.005819028222286878,6512,0.008728542333430317,0.005819028222286878
6513,0.005819028222286878,6513,0.008728542333430317,0.005819028222286878
6514,0.005819028222286878,6514,0.008728542333430317,0.005819028222286878
6515,0.005819028222286878,6515,0.008728542333430317,0.005819028222286878
6516,0.005819028222286878,6516,0.008728542333430317,0.005819028222286878
6517,0.005819028222286878,6517,0.008728542333430317,0.005819028222286878
6518,0.005819028222286878,6518,0.008728542333430317,0.005819028222286878
6519,0.005819028222286878,6519,0.008728542333430317,0.005819028222286878
6520,0.005819028222286878,6520,0.008728542333430317,0.005819028222286878
6521,0.005819028222286878,6521,0.008728542333430317,0.005819028222286878
6522,0.005819028222286878,6522,0.008728542333430317,0.005819028222286878
6523,0.005819028222286878,6523,0.008728542333430317,0.005819028222286878
6524,0.005819028222286878,6524,0.008728542333430317,0.005819028222286878
6525,0.005819028222286878,6525,0.008728542333430317,0.005819028222286878
6526,0.005819028222286878,6526,0.008728542333430317,0.005819028222286878
6527,0.005819028222286878,6527,0.008728542333430317,0.005819028222286878
6528,0.005819028222286878,6528,0.008728542333430317,0.005819028222286878
6529,0.005819028222286878,6529,0.008728542333430317,0.005819028222286878
6530,0.005819028222286878,6530,0.008728542333430317,0.005819028222286878
6531,0.005819028222286878,6531,0.008728542333430317,0.005819028222286878
6532,0.005819028222286878,6532,0.008728542333430317,0.005819028222286878
6533,0.005819028222286878,6533,0.008728542333430317,0.005819028222286878
6534,0.005819028222286878,6534,0.008728542333430317,0.005819028222286878
6535,0.005819028222286878,6535,0.008728542333430317,0.005819028222286878
6536,0.005819028222286878,6536,0.008728542333430317,0.005819028222286878
6537,0.005819028222286878,6537,0.008728542333430317,0.005819028222286878
6538,0.005819028222286878,6538,0.008728542333430317,0.005819028222286878
6539,0.005819028222286878,6539,0.008728542333430317,0.005819028222286878
6540,0.005819028222286878,6540,0.008728542333430317,0.005819028222286878
6541,0.005819028222286878,6541,0.008728542333430317,0.005819028222286878
6542,0.005819028222286878,6542,0.008728542333430317,0.005819028222286878
6543,0.005819028222286878,6543,0.008728542333430317,0.005819028222286878
6544,0.005819028222286878,6544,0.008728542333430317,0.005819028222286878
6545,0.005819028222286878,6545,0.008728542333430317,0.005819028222286878
6546,0.005819028222286878,6546,0.008728542333430317,0.005819028222286878
6547,0.005819028222286878,6547,0.008728542333430317,0.005819028222286878
6548,0.005819028222286878,6548,0.008728542333430317,0.005819028222286878
6549,0.005819028222286878,6549,0.008728542333430317,0.005819028222286878
6550,0.005819028222286878,6550,0.008728542333430317,0.005819028222286878
6551,0.005819028222286878,6551,0.008728542333430317,0.005819028222286878
6552,0.005819028222286878,6552,0.008728542333430317,0.005819028222286878
6553,0.005819028222286878,6553,0.008728542333430317,0.005819028222286878
6554,0.005819028222286878,6554,0.008728542333430317,0.005819028222286878
6555,0.005819028222286878,6555,0.008728542333430317,0.005819028222286878
6556,0.005819028222286878,6556,0.008728542333430317,0.005819028222286878
6557,0.005819028222286878,6557,0.008728542333430317,0.005819028222286878
6558,0.005819028222286878,6558,0.008728542333430317,0.005819028222286878
6559,0.005819028222286878,6559,0.008728542333430317,0.005819028222286878
6560,0.005819028222286878,6560,0.008728542333430317,0.005819028222286878
6561,0.005819028222286878,6561,0.008728542333430317,0.005819028222286878
6562,0.005819028222286878,6562,0.008728542333430317,0.005819028222286878
6563,0.005819028222286878,6563,0.008728542333430317,0.005819028222286878
6564,0.005819028222286878,6564,0.008728542333430317,0.005819028222286878
6565,0.005819028222286878,6565,0.008728542333430317,0.005819028222286878
6566,0.005819028222286878,6566,0.008728542333430317,0.005819028222286878
6567,0.005819028222286878,6567,0.008728542333430317,0.005819028222286878
6568,0.005819028222286878,6568,0.008728542333430317,0.005819028222286878
6569,0.005819028222286878,6569,0.008728542333430317,0.005819028222286878
6570,0.005819028222286878,6570,0.008728542333430317,0.005819028222286878
6571,0.005819028222286878,6571,0.008728542333430317,0.005819028222286878
6572,0.005819028222286878,6572,0.008728542333430317,0.005819028222286878
6573,0.005819028222286878,6573,0.008728542333430317,0.005819028222286878
6574,0.005819028222286878,6574,0.008728542333430317,0.005819028222286878
6575,0.005819028222286878,6575,0.008728542333430317,0.005819028222286878
6576,0.005819028222286878,6576,0.008728542333430317,0.005819028222286878
6577,0.005819028222286878,6577,0.008728542333430317,0.005819028222286878
6578,0.005819028222286878,6578,0.008728542333430317,0.005819028222286878
6579,0.005819028222286878,6579,0.008728542333430317,0.005819028222286878
6580,0.005819028222286878,6580,0.008728542333430317,0.005819028222286878
6581,0.005819028222286878,6581,0.008728542333430317,0.005819028222286878
6582,0.005819028222286878,6582,0.008728542333430317,0.005819028222286878
6583,0.005819028222286878,6583,0.008728542333430317,0.005819028222286878
6584,0.005819028222286878,6584,0.008728542333430317,0.005819028222286878
6585,0.005819028222286878,6585,0.008728542333430317,0.005819028222286878
6586,0.005819028222286878,6586,0.008728542333430317,0.005819028222286878
6587,0.005819028222286878,6587,0.008728542333430317,0.005819028222286878
6588,0.005819028222286878,6588,0.008728542333430317,0.005819028222286878
6589,0.005819028222286878,6589,0.008728542333430317,0.005819028222286878
6590,0.005819028222286878,6590,0.008728542333430317,0.005819028222286878
6591,0.005819028222286878,6591,0.008728542333430317,0.005819028222286878
6592,0.005819028222286878,6592,0.008728542333430317,0.005819028222286878
6593,0.005819028222286878,6593,0.008728542333430317,0.005819028222286878
6594,0.005819028222286878,6594,0.008728542333430317,0.005819028222286878
6595,0.005819028222286878,6595,0.008728542333430317,0.005819028222286878
6596,0.005819028222286878,6596,0.008728542333430317,0.005819028222286878
6597,0.005819028222286878,6597,0.008728542333430317,0.005819028222286878
6598,0.005819028222286878,6598,0.008728542333430317,0.005819028222286878
6599,0.005819028222286878,6599,0.008728542333430317,0.005819028222286878
6600,0.005819028222286878,6600,0.008728542333430317,0.005819028222286878
6601,0.005819028222286878,6601,0.008728542333430317,0.005819028222286878
6602,0.005819028222286878,6602,0.008728542333430317,0.005819028222286878
6603,0.005819028222286878,6603,0.008728542333430317,0.005819028222286878
6604,0.005819028222286878,6604,0.008728542333430317,0.005819028222286878
6605,0.005819028222286878,6605,0.008728542333430317,0.005819028222286878
6606,0.005819028222286878,6606,0.008728542333430317,0.005819028222286878
6607,0.005819028222286878,6607,0.008728542333430317,0.005819028222286878
6608,0.005819028222286878,6608,0.008728542333430317,0.005819028222286878
6609,0.005819028222286878,6609,0.008728542333430317,0.005819028222286878
6610,0.005819028222286878,6610,0.008728542333430317,0.005819028222286878
6611,0.005819028222286878,6611,0.008728542333430317,0.005819028222286878
6612,0.005819028222286878,6612,0.008728542333430317,0.005819028222286878
6613,0.005819028222286878,6613,0.008728542333430317,0.005819028222286878
6614,0.005819028222286878,6614,0.008728542333430317,0.005819028222286878
6615,0.005819028222286878,6615,0.008728542333430317,0.005819028222286878
6616,0.005819028222286878,6616,0.008728542333430317,0.005819028222286878
6617,0.005819028222286878,6617,0.008728542333430317,0.005819028222286878
6618,0.005819028222286878,6618,0.008728542333430317,0.005819028222286878
6619,0.005819028222286878,6619,0.008728542333430317,0.005819028222286878
6620,0.005819028222286878,6620,0.008728542333430317,0.005819028222286878
6621,0.005819028222286878,6621,0.008728542333430317,0.005819028222286878
6622,0.005819028222286878,6622,0.008728542333430317,0.005819028222286878
6623,0.005819028222286878,6623,0.008728542333430317,0.005819028222286878
6624,0.005819028222286878,6624,0.008728542333430317,0.005819028222286878
6625,0.005819028222286878,6625,0.008728542333430317,0.005819028222286878
6626,0.005819028222286878,6626,0.008728542333430317,0.005819028222286878
6627,0.005819028222286878,6627,0.008728542333430317,0.005819028222286878
6628,0.005819028222286878,6628,0.008728542333430317,0.005819028222286878
6629,0.005819028222286878,6629,0.008728542333430317,0.005819028222286878
6630,0.005819028222286878,6630,0.008728542333430317,0.005819028222286878
6631,0.005819028222286878,6631,0.008728542333430317,0.005819028222286878
6632,0.005819028222286878,6632,0.008728542333430317,0.005819028222286878
6633,0.005819028222286878,6633,0.008728542333430317,0.005819028222286878
6634,0.005819028222286878,6634,0.008728542333430317,0.005819028222286878
6635,0.005819028222286878,6635,0.008728542333430317,0.005819028222286878
6636,0.005819028222286878,6636,0.008728542333430317,0.005819028222286878
6637,0.005819028222286878,6637,0.008728542333430317,0.005819028222286878
6638,0.005819028222286878,6638,0.008728542333430317,0.005819028222286878
6639,0.005819028222286878,6639,0.008728542333430317,0.005819028222286878
6640,0.005819028222286878,6640,0.008728542333430317,0.005819028222286878
6641,0.005819028222286878,6641,0.008728542333430317,0.005819028222286878
6642,0.005819028222286878,6642,0.008728542333430317,0.005819028222286878
6643,0.005819028222286878,6643,0.008728542333430317,0.005819028222286878
6644,0.005819028222286878,6644,0.008728542333430317,0.005819028222286878
6645,0.005819028222286878,6645,0.008728542333430317,0.005819028222286878
6646,0.005819028222286878,6646,0.008728542333430317,0.005819028222286878
6647,0.005819028222286878,6647,0.008728542333430317,0.005819028222286878
6648,0.005819028222286878,6648,0.008728542333430317,0.005819028222286878
6649,0.005819028222286878,6649,0.008728542333430317,0.005819028222286878
6650,0.005819028222286878,6650,0.008728542333430317,0.005819028222286878
6651,0.005819028222286878,6651,0.008728542333430317,0.005819028222286878
6652,0.005819028222286878,6652,0.008728542333430317,0.005819028222286878
6653,0.005819028222286878,6653,0.008728542333430317,0.005819028222286878
6654,0.005819028222286878,6654,0.008728542333430317,0.005819028222286878
6655,0.005819028222286878,6655,0.008728542333430317,0.005819028222286878
6656,0.005819028222286878,6656,0.008728542333430317,0.005819028222286878
6657,0.005819028222286878,6657,0.008728542333430317,0.005819028222286878
6658,0.005819028222286878,6658,0.008728542333430317,0.005819028222286878
6659,0.005819028222286878,6659,0.008728542333430317,0.005819028222286878
6660,0.005819028222286878,6660,0.008728542333430317,0.005819028222286878
6661,0.005819028222286878,6661,0.008728542333430317,0.005819028222286878
6662,0.005819028222286878,6662,0.008728542333430317,0.005819028222286878
6663,0.005819028222286878,6663,0.008728542333430317,0.005819028222286878
6664,0.005819028222286878,6664,0.008728542333430317,0.005819028222286878
6665,0.005819028222286878,6665,0.008728542333430317,0.005819028222286878
6666,0.005819028222286878,6666,0.008728542333430317,0.005819028222286878
6667,0.005819028222286878,6667,0.008728542333430317,0.005819028222286878
6668,0.005819028222286878,6668,0.008728542333430317,0.005819028222286878
6669,0.005819028222286878,6669,0.008728542333430317,0.005819028222286878
6670,0.005819028222286878,6670,0.008728542333430317,0.005819028222286878
6671,0.005819028222286878,6671,0.008728542333430317,0.005819028222286878
6672,0.005819028222286878,6672,0.008728542333430317,0.005819028222286878
6673,0.005819028222286878,6673,0.008728542333430317,0.005819028222286878
6674,0.005819028222286878,6674,0.008728542333430317,0.005819028222286878
6675,0.005819028222286878,6675,0.008728542333430317,0.005819028222286878
6676,0.005819028222286878,6676,0.008728542333430317,0.005819028222286878
6677,0.005819028222286878,6677,0.008728542333430317,0.005819028222286878
6678,0.005819028222286878,6678,0.008728542333430317,0.005819028222286878
6679,0.005819028222286878,6679,0.008728542333430317,0.005819028222286878
6680,0.005819028222286878,6680,0.008728542333430317,0.005819028222286878
6681,0.005819028222286878,6681,0.008728542333430317,0.005819028222286878
6682,0.005819028222286878,6682,0.008728542333430317,0.005819028222286878
6683,0.005819028222286878,6683,0.008728542333430317,0.005819028222286878
6684,0.005819028222286878,6684,0.008728542333430317,0.005819028222286878
6685,0.005819028222286878,6685,0.008728542333430317,0.005819028222286878
6686,0.005819028222286878,6686,0.008728542333430317,0.005819028222286878
6687,0.005819028222286878,6687,0.008728542333430317,0.005819028222286878
6688,0.005819028222286878,6688,0.008728542333430317,0.005819028222286878
6689,0.005819028222286878,6689,0.008728542333430317,0.005819028222286878
6690,0.005819028222286878,6690,0.008728542333430317,0.005819028222286878
6691,0.005819028222286878,6691,0.008728542333430317,0.005819028222286878
6692,0.005819028222286878,6692,0.008728542333430317,0.005819028222286878
6693,0.005819028222286878,6693,0.008728542333430317,0.005819028222286878
6694,0.005819028222286878,6694,0.008728542333430317,0.005819028222286878
6695,0.005819028222286878,6695,0.008728542333430317,0.005819028222286878
6696,0.005819028222286878,6696,0.008728542333430317,0.005819028222286878
6697,0.005819028222286878,6697,0.008728542333430317,0.005819028222286878
6698,0.005819028222286878,6698,0.008728542333430317,0.005819028222286878
6699,0.005819028222286878,6699,0.008728542333430317,0.005819028222286878
6700,0.005819028222286878,6700,0.008728542333430317,0.005819028222286878
6701,0.005819028222286878,6701,0.008728542333430317,0.005819028222286878
6702,0.005819028222286878,6702,0.008728542333430317,0.005819028222286878
6703,0.005819028222286878,6703,0.008728542333430317,0.005819028222286878
6704,0.005819028222286878,6704,0.008728542333430317,0.005819028222286878
6705,0.005819028222286878,6705,0.008728542333430317,0.005819028222286878
6706,0.005819028222286878,6706,0.008728542333430317,0.005819028222286878
6707,0.005819028222286878,6707,0.008728542333430317,0.005819028222286878
6708,0.005819028222286878,6708,0.008728542333430317,0.005819028222286878
6709,0.005819028222286878,6709,0.008728542333430317,0.005819028222286878
6710,0.005819028222286878,6710,0.008728542333430317,0.005819028222286878
6711,0.005819028222286878,6711,0.008728542333430317,0.005819028222286878
6712,0.005819028222286878,6712,0.008728542333430317,0.005819028222286878
6713,0.005819028222286878,6713,0.008728542333430317,0.005819028222286878
6714,0.005819028222286878,6714,0.008728542333430317,0.005819028222286878
6715,0.005819028222286878,6715,0.008728542333430317,0.005819028222286878
6716,0.005819028222286878,6716,0.008728542333430317,0.005819028222286878
6717,0.005819028222286878,6717,0.008728542333430317,0.005819028222286878
6718,0.005819028222286878,6718,0.008728542333430317,0.005819028222286878
6719,0.005819028222286878,6719,0.008728542333430317,0.005819028222286878
6720,0.005819028222286878,6720,0.008728542333430317,0.005819028222286878
6721,0.005819028222286878,6721,0.008728542333430317,0.005819028222286878
6722,0.005819028222286878,6722,0.008728542333430317,0.005819028222286878
6723,0.005819028222286878,6723,0.008728542333430317,0.005819028222286878
6724,0.005819028222286878,6724,0.008728542333430317,0.005819028222286878
6725,0.005819028222286878,6725,0.008728542333430317,0.005819028222286878
6726,0.005819028222286878,6726,0.008728542333430317,0.005819028222286878
6727,0.005819028222286878,6727,0.008728542333430317,0.005819028222286878
6728,0.005819028222286878,6728,0.008728542333430317,0.005819028222286878
6729,0.005819028222286878,6729,0.008728542333430317,0.005819028222286878
6730,0.005819028222286878,6730,0.008728542333430317,0.005819028222286878
6731,0.005819028222286878,6731,0.008728542333430317,0.005819028222286878
6732,0.005819028222286878,6732,0.008728542333430317,0.005819028222286878
6733,0.005819028222286878,6733,0.008728542333430317,0.005819028222286878
6734,0.005819028222286878,6734,0.008728542333430317,0.005819028222286878
6735,0.005819028222286878,6735,0.008728542333430317,0.005819028222286878
6736,0.005819028222286878,6736,0.008728542333430317,0.005819028222286878
6737,0.005819028222286878,6737,0.008728542333430317,0.005819028222286878
6738,0.005819028222286878,6738,0.008728542333430317,0.005819028222286878
6739,0.005819028222286878,6739,0.008728542333430317,0.005819028222286878
6740,0.005819028222286878,6740,0.008728542333430317,0.005819028222286878
6741,0.005819028222286878,6741,0.008728542333430317,0.005819028222286878
6742,0.005819028222286878,6742,0.008728542333430317,0.005819028222286878
6743,0.005819028222286878,6743,0.008728542333430317,0.005819028222286878
6744,0.005819028222286878,6744,0.008728542333430317,0.005819028222286878
6745,0.005819028222286878,6745,0.008728542333430317,0.005819028222286878
6746,0.005819028222286878,6746,0.008728542333430317,0.005819028222286878
6747,0.005819028222286878,6747,0.008728542333430317,0.005819028222286878
6748,0.005819028222286878,6748,0.008728542333430317,0.005819028222286878
6749,0.005819028222286878,6749,0.008728542333430317,0.005819028222286878
6750,0.005819028222286878,6750,0.008728542333430317,0.005819028222286878
6751,0.005819028222286878,6751,0.008728542333430317,0.005819028222286878
6752,0.005819028222286878,6752,0.008728542333430317,0.005819028222286878
6753,0.005819028222286878,6753,0.008728542333430317,0.005819028222286878
6754,0.005819028222286878,6754,0.008728542333430317,0.005819028222286878
6755,0.005819028222286878,6755,0.008728542333430317,0.005819028222286878
6756,0.005819028222286878,6756,0.008728542333430317,0.005819028222286878
6757,0.005819028222286878,6757,0.008728542333430317,0.005819028222286878
6758,0.005819028222286878,6758,0.008728542333430317,0.005819028222286878
6759,0.005819028222286878,6759,0.008728542333430317,0.005819028222286878
6760,0.005819028222286878,6760,0.008728542333430317,0.005819028222286878
6761,0.005819028222286878,6761,0.008728542333430317,0.005819028222286878
6762,0.005819028222286878,6762,0.008728542333430317,0.005819028222286878
6763,0.005819028222286878,6763,0.008728542333430317,0.005819028222286878
6764,0.005819028222286878,6764,0.008728542333430317,0.005819028222286878
6765,0.005819028222286878,6765,0.008728542333430317,0.005819028222286878
6766,0.005819028222286878,6766,0.008728542333430317,0.005819028222286878
6767,0.005819028222286878,6767,0.008728542333430317,0.005819028222286878
6768,0.005819028222286878,6768,0.008728542333430317,0.005819028222286878
6769,0.005819028222286878,6769,0.008728542333430317,0.005819028222286878
6770,0.005819028222286878,6770,0.008728542333430317,0.005819028222286878
6771,0.005819028222286878,6771,0.008728542333430317,0.005819028222286878
6772,0.005819028222286878,6772,0.008728542333430317,0.005819028222286878
6773,0.005819028222286878,6773,0.008728542333430317,0.005819028222286878
6774,0.005819028222286878,6774,0.008728542333430317,0.005819028222286878
6775,0.005819028222286878,6775,0.008728542333430317,0.005819028222286878
6776,0.005819028222286878,6776,0.008728542333430317,0.005819028222286878
6777,0.005819028222286878,6777,0.008728542333430317,0.005819028222286878
6778,0.005819028222286878,6778,0.008728542333430317,0.005819028222286878
6779,0.005819028222286878,6779,0.008728542333430317,0.005819028222286878
6780,0.005819028222286878,6780,0.008728542333430317,0.005819028222286878
6781,0.005819028222286878,6781,0.008728542333430317,0.005819028222286878
6782,0.005819028222286878,6782,0.008728542333430317,0.005819028222286878
6783,0.005819028222286878,6783,0.008728542333430317,0.005819028222286878
6784,0.005819028222286878,6784,0.008728542333430317,0.005819028222286878
6785,0.005819028222286878,6785,0.008728542333430317,0.005819028222286878
6786,0.005819028222286878,6786,0.008728542333430317,0.005819028222286878
6787,0.005819028222286878,6787,0.008728542333430317,0.005819028222286878
6788,0.005819028222286878,6788,0.008728542333430317,0.005819028222286878
6789,0.005819028222286878,6789,0.008728542333430317,0.005819028222286878
6790,0.005819028222286878,6790,0.008728542333430317,0.005819028222286878
6791,0.005819028222286878,6791,0.008728542333430317,0.005819028222286878
6792,0.005819028222286878,6792,0.008728542333430317,0.005819028222286878
6793,0.005819028222286878,6793,0.008728542333430317,0.005819028222286878
6794,0.005819028222286878,6794,0.008728542333430317,0.005819028222286878
6795,0.005819028222286878,6795,0.008728542333430317,0.005819028222286878
6796,0.005819028222286878,6796,0.008728542333430317,0.005819028222286878
6797,0.005819028222286878,6797,0.008728542333430317,0.005819028222286878
6798,0.005819028222286878,6798,0.008728542333430317,0.005819028222286878
6799,0.005819028222286878,6799,0.008728542333430317,0.005819028222286878
6800,0.005819028222286878,6800,0.008728542333430317,0.005819028222286878
6801,0.005819028222286878,6801,0.008728542333430317,0.005819028222286878
6802,0.005819028222286878,6802,0.008728542333430317,0.005819028222286878
6803,0.005819028222286878,6803,0.008728542333430317,0.005819028222286878
6804,0.005819028222286878,6804,0.008728542333430317,0.005819028222286878
6805,0.005819028222286878,6805,0.008728542333430317,0.005819028222286878
6806,0.005819028222286878,6806,0.008728542333430317,0.005819028222286878
6807,0.005819028222286878,6807,0.008728542333430317,0.005819028222286878
6808,0.005819028222286878,6808,0.008728542333430317,0.005819028222286878
6809,0.005819028222286878,6809,0.008728542333430317,0.005819028222286878
6810,0.005819028222286878,6810,0.008728542333430317,0.005819028222286878
6811,0.005819028222286878,6811,0.008728542333430317,0.005819028222286878
6812,0.005819028222286878,6812,0.008728542333430317,0.005819028222286878
6813,0.005819028222286878,6813,0.008728542333430317,0.005819028222286878
6814,0.005819028222286878,6814,0.008728542333430317,0.005819028222286878
6815,0.005819028222286878,6815,0.008728542333430317,0.005819028222286878
6816,0.005819028222286878,6816,0.008728542333430317,0.005819028222286878
6817,0.005819028222286878,6817,0.008728542333430317,0.005819028222286878
6818,0.005819028222286878,6818,0.008728542333430317,0.005819028222286878
6819,0.005819028222286878,6819,0.008728542333430317,0.005819028222286878
6820,0.005819028222286878,6820,0.008728542333430317,0.005819028222286878
6821,0.005819028222286878,6821,0.008728542333430317,0.005819028222286878
6822,0.005819028222286878,6822,0.008728542333430317,0.005819028222286878
6823,0.005819028222286878,6823,0.008728542333430317,0.005819028222286878
6824,0.005819028222286878,6824,0.008728542333430317,0.005819028222286878
6825,0.005819028222286878,6825,0.008728542333430317,0.005819028222286878
6826,0.005819028222286878,6826,0.008728542333430317,0.005819028222286878
6827,0.005819028222286878,6827,0.008728542333430317,0.005819028222286878
6828,0.005819028222286878,6828,0.008728542333430317,0.005819028222286878
6829,0.005819028222286878,6829,0.008728542333430317,0.005819028222286878
6830,0.005819028222286878,6830,0.008728542333430317,0.005819028222286878
6831,0.005819028222286878,6831,0.008728542333430317,0.005819028222286878
6832,0.005819028222286878,6832,0.008728542333430317,0.005819028222286878
6833,0.005819028222286878,6833,0.008728542333430317,0.005819028222286878
6834,0.005819028222286878,6834,0.008728542333430317,0.005819028222286878
6835,0.005819028222286878,6835,0.008728542333430317,0.005819028222286878
6836,0.005819028222286878,6836,0.008728542333430317,0.005819028222286878
6837,0.005819028222286878,6837,0.008728542333430317,0.005819028222286878
6838,0.005819028222286878,6838,0.008728542333430317,0.005819028222286878
6839,0.005819028222286878,6839,0.008728542333430317,0.005819028222286878
6840,0.005819028222286878,6840,0.008728542333430317,0.005819028222286878
6841,0.005819028222286878,6841,0.008728542333430317,0.005819028222286878
6842,0.005819028222286878,6842,0.008728542333430317,0.005819028222286878
6843,0.005819028222286878,6843,0.008728542333430317,0.005819028222286878
6844,0.005819028222286878,6844,0.008728542333430317,0.005819028222286878
6845,0.005819028222286878,6845,0.008728542333430317,0.005819028222286878
6846,0.005819028222286878,6846,0.008728542333430317,0.005819028222286878
6847,0.005819028222286878,6847,0.008728542333430317,0.005819028222286878
6848,0.005819028222286878,6848,0.008728542333430317,0.005819028222286878
6849,0.005819028222286878,6849,0.008728542333430317,0.005819028222286878
6850,0.005819028222286878,6850,0.008728542333430317,0.005819028222286878
6851,0.005819028222286878,6851,0.008728542333430317,0.005819028222286878
6852,0.005819028222286878,6852,0.008728542333430317,0.005819028222286878
6853,0.005819028222286878,6853,0.008728542333430317,0.005819028222286878
6854,0.005819028222286878,6854,0.008728542333430317,0.005819028222286878
6855,0.005819028222286878,6855,0.008728542333430317,0.005819028222286878
6856,0.005819028222286878,6856,0.008728542333430317,0.005819028222286878
6857,0.005819028222286878,6857,0.008728542333430317,0.005819028222286878
6858,0.005819028222286878,6858,0.008728542333430317,0.005819028222286878
6859,0.005819028222286878,6859,0.008728542333430317,0.005819028222286878
6860,0.005819028222286878,6860,0.008728542333430317,0.005819028222286878
6861,0.005819028222286878,6861,0.008728542333430317,0.005819028222286878
6862,0.005819028222286878,6862,0.008728542333430317,0.005819028222286878
6863,0.005819028222286878,6863,0.008728542333430317,0.005819028222286878
6864,0.005819028222286878,6864,0.008728542333430317,0.005819028222286878
6865,0.005819028222286878,6865,0.008728542333430317,0.005819028222286878
6866,0.005819028222286878,6866,0.008728542333430317,0.005819028222286878
6867,0.005819028222286878,6867,0.008728542333430317,0.005819028222286878
6868,0.005819028222286878,6868,0.008728542333430317,0.005819028222286878
6869,0.005819028222286878,6869,0.008728542333430317,0.005819028222286878
6870,0.005819028222286878,6870,0.008728542333430317,0.005819028222286878
6871,0.005819028222286878,6871,0.008728542333430317,0.005819028222286878
6872,0.005819028222286878,6872,0.008728542333430317,0.005819028222286878
6873,0.005819028222286878,6873,0.008728542333430317,0.005819028222286878
6874,0.005819028222286878,6874,0.008728542333430317,0.005819028222286878
6875,0.005819028222286878,6875,0.008728542333430317,0.005819028222286878
6876,0.005819028222286878,6876,0.008728542333430317,0.005819028222286878
6877,0.005819028222286878,6877,0.008728542333430317,0.005819028222286878
6878,0.005819028222286878,6878,0.008728542333430317,0.005819028222286878
6879,0.005819028222286878,6879,0.008728542333430317,0.005819028222286878
6880,0.005819028222286878,6880,0.008728542333430317,0.005819028222286878
6881,0.005819028222286878,6881,0.008728542333430317,0.005819028222286878
6882,0.005819028222286878,6882,0.008728542333430317,0.005819028222286878
6883,0.005819028222286878,6883,0.008728542333430317,0.005819028222286878
6884,0.005819028222286878,6884,0.008728542333430317,0.005819028222286878
6885,0.005819028222286878,6885,0.008728542333430317,0.005819028222286878
6886,0.005819028222286878,6886,0.008728542333430317,0.005819028222286878
6887,0.005819028222286878,6887,0.008728542333430317,0.005819028222286878
6888,0.005819028222286878,6888,0.008728542333430317,0.005819028222286878
6889,0.005819028222286878,6889,0.008728542333430317,0.005819028222286878
6890,0.005819028222286878,6890,0.008728542333430317,0.005819028222286878
6891,0.005819028222286878,6891,0.008728542333430317,0.005819028222286878
6892,0.005819028222286878,6892,0.008728542333430317,0.005819028222286878
6893,0.005819028222286878,6893,0.008728542333430317,0.005819028222286878
6894,0.005819028222286878,6894,0.008728542333430317,0.005819028222286878
6895,0.005819028222286878,6895,0.008728542333430317,0.005819028222286878
6896,0.005819028222286878,6896,0.008728542333430317,0.005819028222286878
6897,0.005819028222286878,6897,0.008728542333430317,0.005819028222286878
6898,0.005819028222286878,6898,0.008728542333430317,0.005819028222286878
6899,0.005819028222286878,6899,0.008728542333430317,0.005819028222286878
6900,0.005819028222286878,6900,0.008728542333430317,0.005819028222286878
6901,0.005819028222286878,6901,0.008728542333430317,0.005819028222286878
6902,0.005819028222286878,6902,0.008728542333430317,0.005819028222286878
6903,0.005819028222286878,6903,0.008728542333430317,0.005819028222286878
6904,0.005819028222286878,6904,0.008728542333430317,0.005819028222286878
6905,0.005819028222286878,6905,0.008728542333430317,0.005819028222286878
6906,0.005819028222286878,6906,0.008728542333430317,0.005819028222286878
6907,0.005819028222286878,6907,0.008728542333430317,0.005819028222286878
6908,0.005819028222286878,6908,0.008728542333430317,0.005819028222286878
6909,0.005819028222286878,6909,0.008728542333430317,0.005819028222286878
6910,0.005819028222286878,6910,0.008728542333430317,0.005819028222286878
6911,0.005819028222286878,6911,0.008728542333430317,0.005819028222286878
6912,0.005819028222286878,6912,0.008728542333430317,0.005819028222286878
6913,0.005819028222286878,6913,0.008728542333430317,0.005819028222286878
6914,0.005819028222286878,6914,0.008728542333430317,0.005819028222286878
6915,0.005819028222286878,6915,0.008728542333430317,0.005819028222286878
6916,0.005819028222286878,6916,0.008728542333430317,0.005819028222286878
6917,0.005819028222286878,6917,0.008728542333430317,0.005819028222286878
6918,0.005819028222286878,6918,0.008728542333430317,0.005819028222286878
6919,0.005819028222286878,6919,0.008728542333430317,0.005819028222286878
6920,0.005819028222286878,6920,0.008728542333430317,0.005819028222286878
6921,0.005819028222286878,6921,0.008728542333430317,0.005819028222286878
6922,0.005819028222286878,6922,0.008728542333430317,0.005819028222286878
6923,0.005819028222286878,6923,0.008728542333430317,0.005819028222286878
6924,0.005819028222286878,6924,0.008728542333430317,0.005819028222286878
6925,0.005819028222286878,6925,0.008728542333430317,0.005819028222286878
6926,0.005819028222286878,6926,0.008728542333430317,0.005819028222286878
6927,0.005819028222286878,6927,0.008728542333430317,0.005819028222286878
6928,0.005819028222286878,6928,0.008728542333430317,0.005819028222286878
6929,0.005819028222286878,6929,0.008728542333430317,0.005819028222286878
6930,0.005819028222286878,6930,0.008728542333430317,0.005819028222286878
6931,0.005819028222286878,6931,0.008728542333430317,0.005819028222286878
6932,0.005819028222286878,6932,0.008728542333430317,0.005819028222286878
6933,0.005819028222286878,6933,0.008728542333430317,0.005819028222286878
6934,0.005819028222286878,6934,0.008728542333430317,0.005819028222286878
6935,0.005819028222286878,6935,0.008728542333430317,0.005819028222286878
6936,0.005819028222286878,6936,0.008728542333430317,0.005819028222286878
6937,0.005819028222286878,6937,0.008728542333430317,0.005819028222286878
6938,0.005819028222286878,6938,0.008728542333430317,0.005819028222286878
6939,0.005819028222286878,6939,0.008728542333430317,0.005819028222286878
6940,0.005819028222286878,6940,0.008728542333430317,0.005819028222286878
6941,0.005819028222286878,6941,0.008728542333430317,0.005819028222286878
6942,0.005819028222286878,6942,0.008728542333430317,0.005819028222286878
6943,0.005819028222286878,6943,0.008728542333430317,0.005819028222286878
6944,0.005819028222286878,6944,0.008728542333430317,0.005819028222286878
6945,0.005819028222286878,6945,0.008728542333430317,0.005819028222286878
6946,0.005819028222286878,6946,0.008728542333430317,0.005819028222286878
6947,0.005819028222286878,6947,0.008728542333430317,0.005819028222286878
6948,0.005819028222286878,6948,0.008728542333430317,0.005819028222286878
6949,0.005819028222286878,6949,0.008728542333430317,0.005819028222286878
6950,0.005819028222286878,6950,0.008728542333430317,0.005819028222286878
6951,0.005819028222286878,6951,0.008728542333430317,0.005819028222286878
6952,0.005819028222286878,6952,0.008728542333430317,0.005819028222286878
6953,0.005819028222286878,6953,0.008728542333430317,0.005819028222286878
6954,0.005819028222286878,6954,0.008728542333430317,0.005819028222286878
6955,0.005819028222286878,6955,0.008728542333430317,0.005819028222286878
6956,0.005819028222286878,6956,0.008728542333430317,0.005819028222286878
6957,0.005819028222286878,6957,0.008728542333430317,0.005819028222286878
6958,0.005819028222286878,6958,0.008728542333430317,0.005819028222286878
6959,0.005819028222286878,6959,0.008728542333430317,0.005819028222286878
6960,0.005819028222286878,6960,0.008728542333430317,0.005819028222286878
6961,0.005819028222286878,6961,0.008728542333430317,0.005819028222286878
6962,0.005819028222286878,6962,0.008728542333430317,0.005819028222286878
6963,0.005819028222286878,6963,0.008728542333430317,0.005819028222286878
6964,0.005819028222286878,6964,0.008728542333430317,0.005819028222286878
6965,0.005819028222286878,6965,0.008728542333430317,0.005819028222286878
6966,0.005819028222286878,6966,0.008728542333430317,0.005819028222286878
6967,0.005819028222286878,6967,0.008728542333430317,0.005819028222286878
6968,0.005819028222286878,6968,0.008728542333430317,0.005819028222286878
6969,0.005819028222286878,6969,0.008728542333430317,0.005819028222286878
6970,0.005819028222286878,6970,0.008728542333430317,0.005819028222286878
6971,0.005819028222286878,6971,0.008728542333430317,0.005819028222286878
6972,0.005819028222286878,6972,0.008728542333430317,0.005819028222286878
6973,0.005819028222286878,6973,0.008728542333430317,0.005819028222286878
6974,0.005819028222286878,6974,0.008728542333430317,0.005819028222286878
6975,0.005819028222286878,6975,0.008728542333430317,0.005819028222286878
6976,0.005819028222286878,6976,0.008728542333430317,0.005819028222286878
6977,0.005819028222286878,6977,0.008728542333430317,0.005819028222286878
6978,0.005819028222286878,6978,0.008728542333430317,0.005819028222286878
6979,0.005819028222286878,6979,0.008728542333430317,0.005819028222286878
6980,0.005819028222286878,6980,0.008728542333430317,0.005819028222286878
6981,0.005819028222286878,6981,0.008728542333430317,0.005819028222286878
6982,0.005819028222286878,6982,0.008728542333430317,0.005819028222286878
6983,0.005819028222286878,6983,0.008728542333430317,0.005819028222286878
6984,0.005819028222286878,6984,0.008728542333430317,0.005819028222286878
6985,0.005819028222286878,6985,0.008728542333430317,0.005819028222286878
6986,0.005819028222286878,6986,0.008728542333430317,0.005819028222286878
6987,0.005819028222286878,6987,0.008728542333430317,0.005819028222286878
6988,0.005819028222286878,6988,0.008728542333430317,0.005819028222286878
6989,0.005819028222286878,6989,0.008728542333430317,0.005819028222286878
6990,0.005819028222286878,6990,0.008728542333430317,0.005819028222286878
6991,0.005819028222286878,6991,0.008728542333430317,0.005819028222286878
6992,0.005819028222286878,6992,0.008728542333430317,0.005819028222286878
6993,0.005819028222286878,6993,0.008728542333430317,0.005819028222286878
6994,0.005819028222286878,6994,0.008728542333430317,0.005819028222286878
6995,0.005819028222286878,6995,0.008728542333430317,0.005819028222286878
6996,0.005819028222286878,6996,0.008728542333430317,0.005819028222286878
6997,0.005819028222286878,6997,0.008728542333430317,0.005819028222286878
6998,0.005819028222286878,6998,0.008728542333430317,0.005819028222286878
6999,0.005819028222286878,6999,0.008728542333430317,0.005819028222286878
7000,0.005819028222286878,7000,0.008728542333430317,0.005819028222286878
7001,0.005819028222286878,7001,0.008728542333430317,0.005819028222286878
7002,0.005819028222286878,7002,0.008728542333430317,0.005819028222286878
7003,0.005819028222286878,7003,0.008728542333430317,0.005819028222286878
7004,0.005819028222286878,7004,0.008728542333430317,0.005819028222286878
7005,0.005819028222286878,7005,0.008728542333430317,0.005819028222286878
7006,0.005819028222286878,7006,0.008728542333430317,0.005819028222286878
7007,0.005819028222286878,7007,0.008728542333430317,0.005819028222286878
7008,0.005819028222286878,7008,0.008728542333430317,0.005819028222286878
7009,0.005819028222286878,7009,0.008728542333430317,0.005819028222286878
7010,0.005819028222286878,7010,0.008728542333430317,0.005819028222286878
7011,0.005819028222286878,7011,0.008728542333430317,0.005819028222286878
7012,0.005819028222286878,7012,0.008728542333430317,0.005819028222286878
7013,0.005819028222286878,7013,0.008728542333430317,0.005819028222286878
7014,0.005819028222286878,7014,0.008728542333430317,0.005819028222286878
7015,0.005819028222286878,7015,0.008728542333430317,0.005819028222286878
7016,0.005819028222286878,7016,0.008728542333430317,0.005819028222286878
7017,0.005819028222286878,7017,0.008728542333430317,0.005819028222286878
7018,0.005819028222286878,7018,0.008728542333430317,0.005819028222286878
7019,0.005819028222286878,7019,0.008728542333430317,0.005819028222286878
7020,0.005819028222286878,7020,0.008728542333430317,0.005819028222286878
7021,0.005819028222286878,7021,0.008728542333430317,0.005819028222286878
7022,0.005819028222286878,7022,0.008728542333430317,0.005819028222286878
7023,0.005819028222286878,7023,0.008728542333430317,0.005819028222286878
7024,0.005819028222286878,7024,0.008728542333430317,0.005819028222286878
7025,0.005819028222286878,7025,0.008728542333430317,0.005819028222286878
7026,0.005819028222286878,7026,0.008728542333430317,0.005819028222286878
7027,0.005819028222286878,7027,0.008728542333430317,0.005819028222286878
7028,0.005819028222286878,7028,0.008728542333430317,0.005819028222286878
7029,0.005819028222286878,7029,0.008728542333430317,0.005819028222286878
7030,0.005819028222286878,7030,0.008728542333430317,0.005819028222286878
7031,0.005819028222286878,7031,0.008728542333430317,0.005819028222286878
7032,0.005819028222286878,7032,0.008728542333430317,0.005819028222286878
7033,0.005819028222286878,7033,0.008728542333430317,0.005819028222286878
7034,0.005819028222286878,7034,0.008728542333430317,0.005819028222286878
7035,0.005819028222286878,7035,0.008728542333430317,0.005819028222286878
7036,0.005819028222286878,7036,0.008728542333430317,0.005819028222286878
7037,0.005819028222286878,7037,0.008728542333430317,0.005819028222286878
7038,0.005819028222286878,7038,0.008728542333430317,0.005819028222286878
7039,0.005819028222286878,7039,0.008728542333430317,0.005819028222286878
7040,0.005819028222286878,7040,0.008728542333430317,0.005819028222286878
7041,0.005819028222286878,7041,0.008728542333430317,0.005819028222286878
7042,0.005819028222286878,7042,0.008728542333430317,0.005819028222286878
7043,0.005819028222286878,7043,0.008728542333430317,0.005819028222286878
7044,0.005819028222286878,7044,0.008728542333430317,0.005819028222286878
7045,0.005819028222286878,7045,0.008728542333430317,0.005819028222286878
7046,0.005819028222286878,7046,0.008728542333430317,0.005819028222286878
7047,0.005819028222286878,7047,0.008728542333430317,0.005819028222286878
7048,0.005819028222286878,7048,0.008728542333430317,0.005819028222286878
7049,0.005819028222286878,7049,0.008728542333430317,0.005819028222286878
7050,0.005819028222286878,7050,0.008728542333430317,0.005819028222286878
7051,0.005819028222286878,7051,0.008728542333430317,0.005819028222286878
7052,0.005819028222286878,7052,0.008728542333430317,0.005819028222286878
7053,0.005819028222286878,7053,0.008728542333430317,0.005819028222286878
7054,0.005819028222286878,7054,0.008728542333430317,0.005819028222286878
7055,0.005819028222286878,7055,0.008728542333430317,0.005819028222286878
7056,0.005819028222286878,7056,0.008728542333430317,0.005819028222286878
7057,0.005819028222286878,7057,0.008728542333430317,0.005819028222286878
7058,0.005819028222286878,7058,0.008728542333430317,0.005819028222286878
7059,0.005819028222286878,7059,0.008728542333430317,0.005819028222286878
7060,0.005819028222286878,7060,0.008728542333430317,0.005819028222286878
7061,0.005819028222286878,7061,0.008728542333430317,0.005819028222286878
7062,0.005819028222286878,7062,0.008728542333430317,0.005819028222286878
7063,0.005819028222286878,7063,0.008728542333430317,0.005819028222286878
7064,0.005819028222286878,7064,0.008728542333430317,0.005819028222286878
7065,0.005819028222286878,7065,0.008728542333430317,0.005819028222286878
7066,0.005819028222286878,7066,0.008728542333430317,0.005819028222286878
7067,0.005819028222286878,7067,0.008728542333430317,0.005819028222286878
7068,0.005819028222286878,7068,0.008728542333430317,0.005819028222286878
7069,0.005819028222286878,7069,0.008728542333430317,0.005819028222286878
7070,0.005819028222286878,7070,0.008728542333430317,0.005819028222286878
7071,0.005819028222286878,7071,0.008728542333430317,0.005819028222286878
7072,0.005819028222286878,7072,0.008728542333430317,0.005819028222286878
7073,0.005819028222286878,7073,0.008728542333430317,0.005819028222286878
7074,0.005819028222286878,7074,0.008728542333430317,0.005819028222286878
7075,0.005819028222286878,7075,0.008728542333430317,0.005819028222286878
7076,0.005819028222286878,7076,0.008728542333430317,0.005819028222286878
7077,0.005819028222286878,7077,0.008728542333430317,0.005819028222286878
7078,0.005819028222286878,7078,0.008728542333430317,0.005819028222286878
7079,0.005819028222286878,7079,0.008728542333430317,0.005819028222286878
7080,0.005819028222286878,7080,0.008728542333430317,0.005819028222286878
7081,0.005819028222286878,7081,0.008728542333430317,0.005819028222286878
7082,0.005819028222286878,7082,0.008728542333430317,0.005819028222286878
7083,0.005819028222286878,7083,0.008728542333430317,0.005819028222286878
7084,0.005819028222286878,7084,0.008728542333430317,0.005819028222286878
7085,0.005819028222286878,7085,0.008728542333430317,0.005819028222286878
7086,0.005819028222286878,7086,0.008728542333430317,0.005819028222286878
7087,0.005819028222286878,7087,0.008728542333430317,0.005819028222286878
7088,0.005819028222286878,7088,0.008728542333430317,0.005819028222286878
7089,0.005819028222286878,7089,0.008728542333430317,0.005819028222286878
7090,0.005819028222286878,7090,0.008728542333430317,0.005819028222286878
7091,0.005819028222286878,7091,0.008728542333430317,0.005819028222286878
7092,0.005819028222286878,7092,0.008728542333430317,0.005819028222286878
7093,0.005819028222286878,7093,0.008728542333430317,0.005819028222286878
7094,0.005819028222286878,7094,0.008728542333430317,0.005819028222286878
7095,0.005819028222286878,7095,0.008728542333430317,0.005819028222286878
7096,0.005819028222286878,7096,0.008728542333430317,0.005819028222286878
7097,0.005819028222286878,7097,0.008728542333430317,0.005819028222286878
7098,0.005819028222286878,7098,0.008728542333430317,0.005819028222286878
7099,0.005819028222286878,7099,0.008728542333430317,0.005819028222286878
7100,0.005819028222286878,7100,0.008728542333430317,0.005819028222286878
7101,0.005819028222286878,7101,0.008728542333430317,0.005819028222286878
7102,0.005819028222286878,7102,0.008728542333430317,0.005819028222286878
7103,0.005819028222286878,7103,0.008728542333430317,0.005819028222286878
7104,0.005819028222286878,7104,0.008728542333430317,0.005819028222286878
7105,0.005819028222286878,7105,0.008728542333430317,0.005819028222286878
7106,0.005819028222286878,7106,0.008728542333430317,0.005819028222286878
7107,0.005819028222286878,7107,0.008728542333430317,0.005819028222286878
7108,0.005819028222286878,7108,0.008728542333430317,0.005819028222286878
7109,0.005819028222286878,7109,0.008728542333430317,0.005819028222286878
7110,0.005819028222286878,7110,0.008728542333430317,0.005819028222286878
7111,0.005819028222286878,7111,0.008728542333430317,0.005819028222286878
7112,0.005819028222286878,7112,0.008728542333430317,0.005819028222286878
7113,0.005819028222286878,7113,0.008728542333430317,0.005819028222286878
7114,0.005819028222286878,7114,0.008728542333430317,0.005819028222286878
7115,0.005819028222286878,7115,0.008728542333430317,0.005819028222286878
7116,0.005819028222286878,7116,0.008728542333430317,0.005819028222286878
7117,0.005819028222286878,7117,0.008728542333430317,0.005819028222286878
7118,0.005819028222286878,7118,0.008728542333430317,0.005819028222286878
7119,0.005819028222286878,7119,0.008728542333430317,0.005819028222286878
7120,0.005819028222286878,7120,0.008728542333430317,0.005819028222286878
7121,0.005819028222286878,7121,0.008728542333430317,0.005819028222286878
7122,0.005819028222286878,7122,0.008728542333430317,0.005819028222286878
7123,0.005819028222286878,7123,0.008728542333430317,0.005819028222286878
7124,0.005819028222286878,7124,0.008728542333430317,0.005819028222286878
7125,0.005819028222286878,7125,0.008728542333430317,0.005819028222286878
7126,0.005819028222286878,7126,0.008728542333430317,0.005819028222286878
7127,0.005819028222286878,7127,0.008728542333430317,0.005819028222286878
7128,0.005819028222286878,7128,0.008728542333430317,0.005819028222286878
7129,0.005819028222286878,7129,0.008728542333430317,0.005819028222286878
7130,0.005819028222286878,7130,0.008728542333430317,0.005819028222286878
7131,0.005819028222286878,7131,0.008728542333430317,0.005819028222286878
7132,0.005819028222286878,7132,0.008728542333430317,0.005819028222286878
7133,0.005819028222286878,7133,0.008728542333430317,0.005819028222286878
7134,0.005819028222286878,7134,0.008728542333430317,0.005819028222286878
7135,0.005819028222286878,7135,0.008728542333430317,0.005819028222286878
7136,0.005819028222286878,7136,0.008728542333430317,0.005819028222286878
7137,0.005819028222286878,7137,0.008728542333430317,0.005819028222286878
7138,0.005819028222286878,7138,0.008728542333430317,0.005819028222286878
7139,0.005819028222286878,7139,0.008728542333430317,0.005819028222286878
7140,0.005819028222286878,7140,0.008728542333430317,0.005819028222286878
7141,0.005819028222286878,7141,0.008728542333430317,0.005819028222286878
7142,0.005819028222286878,7142,0.008728542333430317,0.005819028222286878
7143,0.005819028222286878,7143,0.008728542333430317,0.005819028222286878
7144,0.005819028222286878,7144,0.008728542333430317,0.005819028222286878
7145,0.005819028222286878,7145,0.008728542333430317,0.005819028222286878
7146,0.005819028222286878,7146,0.008728542333430317,0.005819028222286878
7147,0.005819028222286878,7147,0.008728542333430317,0.005819028222286878
7148,0.005819028222286878,7148,0.008728542333430317,0.005819028222286878
7149,0.005819028222286878,7149,0.008728542333430317,0.005819028222286878
7150,0.005819028222286878,7150,0.008728542333430317,0.005819028222286878
7151,0.005819028222286878,7151,0.008728542333430317,0.005819028222286878
7152,0.005819028222286878,7152,0.008728542333430317,0.005819028222286878
7153,0.005819028222286878,7153,0.008728542333430317,0.005819028222286878
7154,0.005819028222286878,7154,0.008728542333430317,0.005819028222286878
7155,0.005819028222286878,7155,0.008728542333430317,0.005819028222286878
7156,0.005819028222286878,7156,0.008728542333430317,0.005819028222286878
7157,0.005819028222286878,7157,0.008728542333430317,0.005819028222286878
7158,0.005819028222286878,7158,0.008728542333430317,0.005819028222286878
7159,0.005819028222286878,7159,0.008728542333430317,0.005819028222286878
7160,0.005819028222286878,7160,0.008728542333430317,0.005819028222286878
7161,0.005819028222286878,7161,0.008728542333430317,0.005819028222286878
7162,0.005819028222286878,7162,0.008728542333430317,0.005819028222286878
7163,0.005819028222286878,7163,0.008728542333430317,0.005819028222286878
7164,0.005819028222286878,7164,0.008728542333430317,0.005819028222286878
7165,0.005819028222286878,7165,0.008728542333430317,0.005819028222286878
7166,0.005819028222286878,7166,0.008728542333430317,0.005819028222286878
7167,0.005819028222286878,7167,0.008728542333430317,0.005819028222286878
7168,0.005819028222286878,7168,0.008728542333430317,0.005819028222286878
7169,0.005819028222286878,7169,0.008728542333430317,0.005819028222286878
7170,0.005819028222286878,7170,0.008728542333430317,0.005819028222286878
7171,0.005819028222286878,7171,0.008728542333430317,0.005819028222286878
7172,0.005819028222286878,7172,0.008728542333430317,0.005819028222286878
7173,0.005819028222286878,7173,0.008728542333430317,0.005819028222286878
7174,0.005819028222286878,7174,0.008728542333430317,0.005819028222286878
7175,0.005819028222286878,7175,0.008728542333430317,0.005819028222286878
7176,0.005819028222286878,7176,0.008728542333430317,0.005819028222286878
7177,0.005819028222286878,7177,0.008728542333430317,0.005819028222286878
7178,0.005819028222286878,7178,0.008728542333430317,0.005819028222286878
7179,0.005819028222286878,7179,0.008728542333430317,0.005819028222286878
7180,0.005819028222286878,7180,0.008728542333430317,0.005819028222286878
7181,0.005819028222286878,7181,0.008728542333430317,0.005819028222286878
7182,0.005819028222286878,7182,0.008728542333430317,0.005819028222286878
7183,0.005819028222286878,7183,0.008728542333430317,0.005819028222286878
7184,0.005819028222286878,7184,0.008728542333430317,0.005819028222286878
7185,0.005819028222286878,7185,0.008728542333430317,0.005819028222286878
7186,0.005819028222286878,7186,0.008728542333430317,0.005819028222286878
7187,0.005819028222286878,7187,0.008728542333430317,0.005819028222286878
7188,0.005819028222286878,7188,0.008728542333430317,0.005819028222286878
7189,0.005819028222286878,7189,0.008728542333430317,0.005819028222286878
7190,0.005819028222286878,7190,0.008728542333430317,0.005819028222286878
7191,0.005819028222286878,7191,0.008728542333430317,0.005819028222286878
7192,0.005819028222286878,7192,0.008728542333430317,0.005819028222286878
7193,0.005819028222286878,7193,0.008728542333430317,0.005819028222286878
7194,0.005819028222286878,7194,0.008728542333430317,0.005819028222286878
7195,0.005819028222286878,7195,0.008728542333430317,0.005819028222286878
7196,0.005819028222286878,7196,0.008728542333430317,0.005819028222286878
7197,0.005819028222286878,7197,0.008728542333430317,0.005819028222286878
7198,0.005819028222286878,7198,0.008728542333430317,0.005819028222286878
7199,0.005819028222286878,7199,0.008728542333430317,0.005819028222286878
7200,0.005819028222286878,7200,0.008728542333430317,0.005819028222286878
7201,0.005819028222286878,7201,0.008728542333430317,0.005819028222286878
7202,0.005819028222286878,7202,0.008728542333430317,0.005819028222286878
7203,0.005819028222286878,7203,0.008728542333430317,0.005819028222286878
7204,0.005819028222286878,7204,0.008728542333430317,0.005819028222286878
7205,0.005819028222286878,7205,0.008728542333430317,0.005819028222286878
7206,0.005819028222286878,7206,0.008728542333430317,0.005819028222286878
7207,0.005819028222286878,7207,0.008728542333430317,0.005819028222286878
7208,0.005819028222286878,7208,0.008728542333430317,0.005819028222286878
7209,0.005819028222286878,7209,0.008728542333430317,0.005819028222286878
7210,0.005819028222286878,7210,0.008728542333430317,0.005819028222286878
7211,0.005819028222286878,7211,0.008728542333430317,0.005819028222286878
7212,0.005819028222286878,7212,0.008728542333430317,0.005819028222286878
7213,0.005819028222286878,7213,0.008728542333430317,0.005819028222286878
7214,0.005819028222286878,7214,0.008728542333430317,0.005819028222286878
7215,0.005819028222286878,7215,0.008728542333430317,0.005819028222286878
7216,0.005819028222286878,7216,0.008728542333430317,0.005819028222286878
7217,0.005819028222286878,7217,0.008728542333430317,0.005819028222286878
7218,0.005819028222286878,7218,0.008728542333430317,0.005819028222286878
7219,0.005819028222286878,7219,0.008728542333430317,0.005819028222286878
7220,0.005819028222286878,7220,0.008728542333430317,0.005819028222286878
7221,0.005819028222286878,7221,0.008728542333430317,0.005819028222286878
7222,0.005819028222286878,7222,0.008728542333430317,0.005819028222286878
7223,0.005819028222286878,7223,0.008728542333430317,0.005819028222286878
7224,0.005819028222286878,7224,0.008728542333430317,0.005819028222286878
7225,0.005819028222286878,7225,0.008728542333430317,0.005819028222286878
7226,0.005819028222286878,7226,0.008728542333430317,0.005819028222286878
7227,0.005819028222286878,7227,0.008728542333430317,0.005819028222286878
7228,0.005819028222286878,7228,0.008728542333430317,0.005819028222286878
7229,0.005819028222286878,7229,0.008728542333430317,0.005819028222286878
7230,0.005819028222286878,7230,0.008728542333430317,0.005819028222286878
7231,0.005819028222286878,7231,0.008728542333430317,0.005819028222286878
7232,0.005819028222286878,7232,0.008728542333430317,0.005819028222286878
7233,0.005819028222286878,7233,0.008728542333430317,0.005819028222286878
7234,0.005819028222286878,7234,0.008728542333430317,0.005819028222286878
7235,0.005819028222286878,7235,0.008728542333430317,0.005819028222286878
7236,0.005819028222286878,7236,0.008728542333430317,0.005819028222286878
7237,0.005819028222286878,7237,0.008728542333430317,0.005819028222286878
7238,0.005819028222286878,7238,0.008728542333430317,0.005819028222286878
7239,0.005819028222286878,7239,0.008728542333430317,0.005819028222286878
7240,0.005819028222286878,7240,0.008728542333430317,0.005819028222286878
7241,0.005819028222286878,7241,0.008728542333430317,0.005819028222286878
7242,0.005819028222286878,7242,0.008728542333430317,0.005819028222286878
7243,0.005819028222286878,7243,0.008728542333430317,0.005819028222286878
7244,0.005819028222286878,7244,0.008728542333430317,0.005819028222286878
7245,0.005819028222286878,7245,0.008728542333430317,0.005819028222286878
7246,0.005819028222286878,7246,0.008728542333430317,0.005819028222286878
7247,0.005819028222286878,7247,0.008728542333430317,0.005819028222286878
7248,0.005819028222286878,7248,0.008728542333430317,0.005819028222286878
7249,0.005819028222286878,7249,0.008728542333430317,0.005819028222286878
7250,0.005819028222286878,7250,0.008728542333430317,0.005819028222286878
7251,0.005819028222286878,7251,0.008728542333430317,0.005819028222286878
7252,0.005819028222286878,7252,0.008728542333430317,0.005819028222286878
7253,0.005819028222286878,7253,0.008728542333430317,0.005819028222286878
7254,0.005819028222286878,7254,0.008728542333430317,0.005819028222286878
7255,0.005819028222286878,7255,0.008728542333430317,0.005819028222286878
7256,0.005819028222286878,7256,0.008728542333430317,0.005819028222286878
7257,0.005819028222286878,7257,0.008728542333430317,0.005819028222286878
7258,0.005819028222286878,7258,0.008728542333430317,0.005819028222286878
7259,0.005819028222286878,7259,0.008728542333430317,0.005819028222286878
7260,0.005819028222286878,7260,0.008728542333430317,0.005819028222286878
7261,0.005819028222286878,7261,0.008728542333430317,0.005819028222286878
7262,0.005819028222286878,7262,0.008728542333430317,0.005819028222286878
7263,0.005819028222286878,7263,0.008728542333430317,0.005819028222286878
7264,0.005819028222286878,7264,0.008728542333430317,0.005819028222286878
7265,0.005819028222286878,7265,0.008728542333430317,0.005819028222286878
7266,0.005819028222286878,7266,0.008728542333430317,0.005819028222286878
7267,0.005819028222286878,7267,0.008728542333430317,0.005819028222286878
7268,0.005819028222286878,7268,0.008728542333430317,0.005819028222286878
7269,0.005819028222286878,7269,0.008728542333430317,0.005819028222286878
7270,0.005819028222286878,7270,0.008728542333430317,0.005819028222286878
7271,0.005819028222286878,7271,0.008728542333430317,0.005819028222286878
7272,0.005819028222286878,7272,0.008728542333430317,0.005819028222286878
7273,0.005819028222286878,7273,0.008728542333430317,0.005819028222286878
7274,0.005819028222286878,7274,0.008728542333430317,0.005819028222286878
7275,0.005819028222286878,7275,0.008728542333430317,0.005819028222286878
7276,0.005819028222286878,7276,0.008728542333430317,0.005819028222286878
7277,0.005819028222286878,7277,0.008728542333430317,0.005819028222286878
7278,0.005819028222286878,7278,0.008728542333430317,0.005819028222286878
7279,0.005819028222286878,7279,0.008728542333430317,0.005819028222286878
7280,0.005819028222286878,7280,0.008728542333430317,0.005819028222286878
7281,0.005819028222286878,7281,0.008728542333430317,0.005819028222286878
7282,0.005819028222286878,7282,0.008728542333430317,0.005819028222286878
7283,0.005819028222286878,7283,0.008728542333430317,0.005819028222286878
7284,0.005819028222286878,7284,0.008728542333430317,0.005819028222286878
7285,0.005819028222286878,7285,0.008728542333430317,0.005819028222286878
7286,0.005819028222286878,7286,0.008728542333430317,0.005819028222286878
7287,0.005819028222286878,7287,0.008728542333430317,0.005819028222286878
7288,0.005819028222286878,7288,0.008728542333430317,0.005819028222286878
7289,0.005819028222286878,7289,0.008728542333430317,0.005819028222286878
7290,0.005819028222286878,7290,0.008728542333430317,0.005819028222286878
7291,0.005819028222286878,7291,0.008728542333430317,0.005819028222286878
7292,0.005819028222286878,7292,0.008728542333430317,0.005819028222286878
7293,0.005819028222286878,7293,0.008728542333430317,0.005819028222286878
7294,0.005819028222286878,7294,0.008728542333430317,0.005819028222286878
7295,0.005819028222286878,7295,0.008728542333430317,0.005819028222286878
7296,0.005819028222286878,7296,0.008728542333430317,0.005819028222286878
7297,0.005819028222286878,7297,0.008728542333430317,0.005819028222286878
7298,0.005819028222286878,7298,0.008728542333430317,0.005819028222286878
7299,0.005819028222286878,7299,0.008728542333430317,0.005819028222286878
7300,0.005819028222286878,7300,0.008728542333430317,0.005819028222286878
7301,0.005819028222286878,7301,0.008728542333430317,0.005819028222286878
7302,0.005819028222286878,7302,0.008728542333430317,0.005819028222286878
7303,0.005819028222286878,7303,0.008728542333430317,0.005819028222286878
7304,0.005819028222286878,7304,0.008728542333430317,0.005819028222286878
7305,0.005819028222286878,7305,0.008728542333430317,0.005819028222286878
7306,0.005819028222286878,7306,0.008728542333430317,0.005819028222286878
7307,0.005819028222286878,7307,0.008728542333430317,0.005819028222286878
7308,0.005819028222286878,7308,0.008728542333430317,0.005819028222286878
7309,0.005819028222286878,7309,0.008728542333430317,0.005819028222286878
7310,0.005819028222286878,7310,0.008728542333430317,0.005819028222286878
7311,0.005819028222286878,7311,0.008728542333430317,0.005819028222286878
7312,0.005819028222286878,7312,0.008728542333430317,0.005819028222286878
7313,0.005819028222286878,7313,0.008728542333430317,0.005819028222286878
7314,0.005819028222286878,7314,0.008728542333430317,0.005819028222286878
7315,0.005819028222286878,7315,0.008728542333430317,0.005819028222286878
7316,0.005819028222286878,7316,0.008728542333430317,0.005819028222286878
7317,0.005819028222286878,7317,0.008728542333430317,0.005819028222286878
7318,0.005819028222286878,7318,0.008728542333430317,0.005819028222286878
7319,0.005819028222286878,7319,0.008728542333430317,0.005819028222286878
7320,0.005819028222286878,7320,0.008728542333430317,0.005819028222286878
7321,0.005819028222286878,7321,0.008728542333430317,0.005819028222286878
7322,0.005819028222286878,7322,0.008728542333430317,0.005819028222286878
7323,0.005819028222286878,7323,0.008728542333430317,0.005819028222286878
7324,0.005819028222286878,7324,0.008728542333430317,0.005819028222286878
7325,0.005819028222286878,7325,0.008728542333430317,0.005819028222286878
7326,0.005819028222286878,7326,0.008728542333430317,0.005819028222286878
7327,0.005819028222286878,7327,0.008728542333430317,0.005819028222286878
7328,0.005819028222286878,7328,0.008728542333430317,0.005819028222286878
7329,0.005819028222286878,7329,0.008728542333430317,0.005819028222286878
7330,0.005819028222286878,7330,0.008728542333430317,0.005819028222286878
7331,0.005819028222286878,7331,0.008728542333430317,0.005819028222286878
7332,0.005819028222286878,7332,0.008728542333430317,0.005819028222286878
7333,0.005819028222286878,7333,0.008728542333430317,0.005819028222286878
7334,0.005819028222286878,7334,0.008728542333430317,0.005819028222286878
7335,0.005819028222286878,7335,0.008728542333430317,0.005819028222286878
7336,0.005819028222286878,7336,0.008728542333430317,0.005819028222286878
7337,0.005819028222286878,7337,0.008728542333430317,0.005819028222286878
7338,0.005819028222286878,7338,0.008728542333430317,0.005819028222286878
7339,0.005819028222286878,7339,0.008728542333430317,0.005819028222286878
7340,0.005819028222286878,7340,0.008728542333430317,0.005819028222286878
7341,0.005819028222286878,7341,0.008728542333430317,0.005819028222286878
7342,0.005819028222286878,7342,0.008728542333430317,0.005819028222286878
7343,0.005819028222286878,7343,0.008728542333430317,0.005819028222286878
7344,0.005819028222286878,7344,0.008728542333430317,0.005819028222286878
7345,0.005819028222286878,7345,0.008728542333430317,0.005819028222286878
7346,0.005819028222286878,7346,0.008728542333430317,0.005819028222286878
7347,0.005819028222286878,7347,0.008728542333430317,0.005819028222286878
7348,0.005819028222286878,7348,0.008728542333430317,0.005819028222286878
7349,0.005819028222286878,7349,0.008728542333430317,0.005819028222286878
7350,0.005819028222286878,7350,0.008728542333430317,0.005819028222286878
7351,0.005819028222286878,7351,0.008728542333430317,0.005819028222286878
7352,0.005819028222286878,7352,0.008728542333430317,0.005819028222286878
7353,0.005819028222286878,7353,0.008728542333430317,0.005819028222286878
7354,0.005819028222286878,7354,0.008728542333430317,0.005819028222286878
7355,0.005819028222286878,7355,0.008728542333430317,0.005819028222286878
7356,0.005819028222286878,7356,0.008728542333430317,0.005819028222286878
7357,0.005819028222286878,7357,0.008728542333430317,0.005819028222286878
7358,0.005819028222286878,7358,0.008728542333430317,0.005819028222286878
7359,0.005819028222286878,7359,0.008728542333430317,0.005819028222286878
7360,0.005819028222286878,7360,0.008728542333430317,0.005819028222286878
7361,0.005819028222286878,7361,0.008728542333430317,0.005819028222286878
7362,0.005819028222286878,7362,0.008728542333430317,0.005819028222286878
7363,0.005819028222286878,7363,0.008728542333430317,0.005819028222286878
7364,0.005819028222286878,7364,0.008728542333430317,0.005819028222286878
7365,0.005819028222286878,7365,0.008728542333430317,0.005819028222286878
7366,0.005819028222286878,7366,0.008728542333430317,0.005819028222286878
7367,0.005819028222286878,7367,0.008728542333430317,0.005819028222286878
7368,0.005819028222286878,7368,0.008728542333430317,0.005819028222286878
7369,0.005819028222286878,7369,0.008728542333430317,0.005819028222286878
7370,0.005819028222286878,7370,0.008728542333430317,0.005819028222286878
7371,0.005819028222286878,7371,0.008728542333430317,0.005819028222286878
7372,0.005819028222286878,7372,0.008728542333430317,0.005819028222286878
7373,0.005819028222286878,7373,0.008728542333430317,0.005819028222286878
7374,0.005819028222286878,7374,0.008728542333430317,0.005819028222286878
7375,0.005819028222286878,7375,0.008728542333430317,0.005819028222286878
7376,0.005819028222286878,7376,0.008728542333430317,0.005819028222286878
7377,0.005819028222286878,7377,0.008728542333430317,0.005819028222286878
7378,0.005819028222286878,7378,0.008728542333430317,0.005819028222286878
7379,0.005819028222286878,7379,0.008728542333430317,0.005819028222286878
7380,0.005819028222286878,7380,0.008728542333430317,0.005819028222286878
7381,0.005819028222286878,7381,0.008728542333430317,0.005819028222286878
7382,0.005819028222286878,7382,0.008728542333430317,0.005819028222286878
7383,0.005819028222286878,7383,0.008728542333430317,0.005819028222286878
7384,0.005819028222286878,7384,0.008728542333430317,0.005819028222286878
7385,0.005819028222286878,7385,0.008728542333430317,0.005819028222286878
7386,0.005819028222286878,7386,0.008728542333430317,0.005819028222286878
7387,0.005819028222286878,7387,0.008728542333430317,0.005819028222286878
7388,0.005819028222286878,7388,0.008728542333430317,0.005819028222286878
7389,0.005819028222286878,7389,0.008728542333430317,0.005819028222286878
7390,0.005819028222286878,7390,0.008728542333430317,0.005819028222286878
7391,0.005819028222286878,7391,0.008728542333430317,0.005819028222286878
7392,0.005819028222286878,7392,0.008728542333430317,0.005819028222286878
7393,0.005819028222286878,7393,0.008728542333430317,0.005819028222286878
7394,0.005819028222286878,7394,0.008728542333430317,0.005819028222286878
7395,0.005819028222286878,7395,0.008728542333430317,0.005819028222286878
7396,0.005819028222286878,7396,0.008728542333430317,0.005819028222286878
7397,0.005819028222286878,7397,0.008728542333430317,0.005819028222286878
7398,0.005819028222286878,7398,0.008728542333430317,0.005819028222286878
7399,0.005819028222286878,7399,0.008728542333430317,0.005819028222286878
7400,0.005819028222286878,7400,0.008728542333430317,0.005819028222286878
7401,0.005819028222286878,7401,0.008728542333430317,0.005819028222286878
7402,0.005819028222286878,7402,0.008728542333430317,0.005819028222286878
7403,0.005819028222286878,7403,0.008728542333430317,0.005819028222286878
7404,0.005819028222286878,7404,0.008728542333430317,0.005819028222286878
7405,0.005819028222286878,7405,0.008728542333430317,0.005819028222286878
7406,0.005819028222286878,7406,0.008728542333430317,0.005819028222286878
7407,0.005819028222286878,7407,0.008728542333430317,0.005819028222286878
7408,0.005819028222286878,7408,0.008728542333430317,0.005819028222286878
7409,0.005819028222286878,7409,0.008728542333430317,0.005819028222286878
7410,0.005819028222286878,7410,0.008728542333430317,0.005819028222286878
7411,0.005819028222286878,7411,0.008728542333430317,0.005819028222286878
7412,0.005819028222286878,7412,0.008728542333430317,0.005819028222286878
7413,0.005819028222286878,7413,0.008728542333430317,0.005819028222286878
7414,0.005819028222286878,7414,0.008728542333430317,0.005819028222286878
7415,0.005819028222286878,7415,0.008728542333430317,0.005819028222286878
7416,0.005819028222286878,7416,0.008728542333430317,0.005819028222286878
7417,0.005819028222286878,7417,0.008728542333430317,0.005819028222286878
7418,0.005819028222286878,7418,0.008728542333430317,0.005819028222286878
7419,0.005819028222286878,7419,0.008728542333430317,0.005819028222286878
7420,0.005819028222286878,7420,0.008728542333430317,0.005819028222286878
7421,0.005819028222286878,7421,0.008728542333430317,0.005819028222286878
7422,0.005819028222286878,7422,0.008728542333430317,0.005819028222286878
7423,0.005819028222286878,7423,0.008728542333430317,0.005819028222286878
7424,0.005819028222286878,7424,0.008728542333430317,0.005819028222286878
7425,0.005819028222286878,7425,0.008728542333430317,0.005819028222286878
7426,0.005819028222286878,7426,0.008728542333430317,0.005819028222286878
7427,0.005819028222286878,7427,0.008728542333430317,0.005819028222286878
7428,0.005819028222286878,7428,0.008728542333430317,0.005819028222286878
7429,0.005819028222286878,7429,0.008728542333430317,0.005819028222286878
7430,0.005819028222286878,7430,0.008728542333430317,0.005819028222286878
7431,0.005819028222286878,7431,0.008728542333430317,0.005819028222286878
7432,0.005819028222286878,7432,0.008728542333430317,0.005819028222286878
7433,0.005819028222286878,7433,0.008728542333430317,0.005819028222286878
7434,0.005819028222286878,7434,0.008728542333430317,0.005819028222286878
7435,0.005819028222286878,7435,0.008728542333430317,0.005819028222286878
7436,0.005819028222286878,7436,0.008728542333430317,0.005819028222286878
7437,0.005819028222286878,7437,0.008728542333430317,0.005819028222286878
7438,0.005819028222286878,7438,0.008728542333430317,0.005819028222286878
7439,0.005819028222286878,7439,0.008728542333430317,0.005819028222286878
7440,0.005819028222286878,7440,0.008728542333430317,0.005819028222286878
7441,0.005819028222286878,7441,0.008728542333430317,0.005819028222286878
7442,0.005819028222286878,7442,0.008728542333430317,0.005819028222286878
7443,0.005819028222286878,7443,0.008728542333430317,0.005819028222286878
7444,0.005819028222286878,7444,0.008728542333430317,0.005819028222286878
7445,0.005819028222286878,7445,0.008728542333430317,0.005819028222286878
7446,0.005819028222286878,7446,0.008728542333430317,0.005819028222286878
7447,0.005819028222286878,7447,0.008728542333430317,0.005819028222286878
7448,0.005819028222286878,7448,0.008728542333430317,0.005819028222286878
7449,0.005819028222286878,7449,0.008728542333430317,0.005819028222286878
7450,0.005819028222286878,7450,0.008728542333430317,0.005819028222286878
7451,0.005819028222286878,7451,0.008728542333430317,0.005819028222286878
7452,0.005819028222286878,7452,0.008728542333430317,0.005819028222286878
7453,0.005819028222286878,7453,0.008728542333430317,0.005819028222286878
7454,0.005819028222286878,7454,0.008728542333430317,0.005819028222286878
7455,0.005819028222286878,7455,0.008728542333430317,0.005819028222286878
7456,0.005819028222286878,7456,0.008728542333430317,0.005819028222286878
7457,0.005819028222286878,7457,0.008728542333430317,0.005819028222286878
7458,0.005819028222286878,7458,0.008728542333430317,0.005819028222286878
7459,0.005819028222286878,7459,0.008728542333430317,0.005819028222286878
7460,0.005819028222286878,7460,0.008728542333430317,0.005819028222286878
7461,0.005819028222286878,7461,0.008728542333430317,0.005819028222286878
7462,0.005819028222286878,7462,0.008728542333430317,0.005819028222286878
7463,0.005819028222286878,7463,0.008728542333430317,0.005819028222286878
7464,0.005819028222286878,7464,0.008728542333430317,0.005819028222286878
7465,0.005819028222286878,7465,0.008728542333430317,0.005819028222286878
7466,0.005819028222286878,7466,0.008728542333430317,0.005819028222286878
7467,0.005819028222286878,7467,0.008728542333430317,0.005819028222286878
7468,0.005819028222286878,7468,0.008728542333430317,0.005819028222286878
7469,0.005819028222286878,7469,0.008728542333430317,0.005819028222286878
7470,0.005819028222286878,7470,0.008728542333430317,0.005819028222286878
7471,0.005819028222286878,7471,0.008728542333430317,0.005819028222286878
7472,0.005819028222286878,7472,0.008728542333430317,0.005819028222286878
7473,0.005819028222286878,7473,0.008728542333430317,0.005819028222286878
7474,0.005819028222286878,7474,0.008728542333430317,0.005819028222286878
7475,0.005819028222286878,7475,0.008728542333430317,0.005819028222286878
7476,0.005819028222286878,7476,0.008728542333430317,0.005819028222286878
7477,0.005819028222286878,7477,0.008728542333430317,0.005819028222286878
7478,0.005819028222286878,7478,0.008728542333430317,0.005819028222286878
7479,0.005819028222286878,7479,0.008728542333430317,0.005819028222286878
7480,0.005819028222286878,7480,0.008728542333430317,0.005819028222286878
7481,0.005819028222286878,7481,0.008728542333430317,0.005819028222286878
7482,0.005819028222286878,7482,0.008728542333430317,0.005819028222286878
7483,0.005819028222286878,7483,0.008728542333430317,0.005819028222286878
7484,0.005819028222286878,7484,0.008728542333430317,0.005819028222286878
7485,0.005819028222286878,7485,0.008728542333430317,0.005819028222286878
7486,0.005819028222286878,7486,0.008728542333430317,0.005819028222286878
7487,0.005819028222286878,7487,0.008728542333430317,0.005819028222286878
7488,0.005819028222286878,7488,0.008728542333430317,0.005819028222286878
7489,0.005819028222286878,7489,0.008728542333430317,0.005819028222286878
7490,0.005819028222286878,7490,0.008728542333430317,0.005819028222286878
7491,0.005819028222286878,7491,0.008728542333430317,0.005819028222286878
7492,0.005819028222286878,7492,0.008728542333430317,0.005819028222286878
7493,0.005819028222286878,7493,0.008728542333430317,0.005819028222286878
7494,0.005819028222286878,7494,0.008728542333430317,0.005819028222286878
7495,0.005819028222286878,7495,0.008728542333430317,0.005819028222286878
7496,0.005819028222286878,7496,0.008728542333430317,0.005819028222286878
7497,0.005819028222286878,7497,0.008728542333430317,0.005819028222286878
7498,0.005819028222286878,7498,0.008728542333430317,0.005819028222286878
7499,0.005819028222286878,7499,0.008728542333430317,0.005819028222286878
7500,0.005819028222286878,7500,0.008728542333430317,0.005819028222286878
7501,0.005819028222286878,7501,0.008728542333430317,0.005819028222286878
7502,0.005819028222286878,7502,0.008728542333430317,0.005819028222286878
7503,0.005819028222286878,7503,0.008728542333430317,0.005819028222286878
7504,0.005819028222286878,7504,0.008728542333430317,0.005819028222286878
7505,0.005819028222286878,7505,0.008728542333430317,0.005819028222286878
7506,0.005819028222286878,7506,0.008728542333430317,0.005819028222286878
7507,0.005819028222286878,7507,0.008728542333430317,0.005819028222286878
7508,0.005819028222286878,7508,0.008728542333430317,0.005819028222286878
7509,0.005819028222286878,7509,0.008728542333430317,0.005819028222286878
7510,0.005819028222286878,7510,0.008728542333430317,0.005819028222286878
7511,0.005819028222286878,7511,0.008728542333430317,0.005819028222286878
7512,0.005819028222286878,7512,0.008728542333430317,0.005819028222286878
7513,0.005819028222286878,7513,0.008728542333430317,0.005819028222286878
7514,0.005819028222286878,7514,0.008728542333430317,0.005819028222286878
7515,0.005819028222286878,7515,0.008728542333430317,0.005819028222286878
7516,0.005819028222286878,7516,0.008728542333430317,0.005819028222286878
7517,0.005819028222286878,7517,0.008728542333430317,0.005819028222286878
7518,0.005819028222286878,7518,0.008728542333430317,0.005819028222286878
7519,0.005819028222286878,7519,0.008728542333430317,0.005819028222286878
7520,0.005819028222286878,7520,0.008728542333430317,0.005819028222286878
7521,0.005819028222286878,7521,0.008728542333430317,0.005819028222286878
7522,0.005819028222286878,7522,0.008728542333430317,0.005819028222286878
7523,0.005819028222286878,7523,0.008728542333430317,0.005819028222286878
7524,0.005819028222286878,7524,0.008728542333430317,0.005819028222286878
7525,0.005819028222286878,7525,0.008728542333430317,0.005819028222286878
7526,0.005819028222286878,7526,0.008728542333430317,0.005819028222286878
7527,0.005819028222286878,7527,0.008728542333430317,0.005819028222286878
7528,0.005819028222286878,7528,0.008728542333430317,0.005819028222286878
7529,0.005819028222286878,7529,0.008728542333430317,0.005819028222286878
7530,0.005819028222286878,7530,0.008728542333430317,0.005819028222286878
7531,0.005819028222286878,7531,0.008728542333430317,0.005819028222286878
7532,0.005819028222286878,7532,0.008728542333430317,0.005819028222286878
7533,0.005819028222286878,7533,0.008728542333430317,0.005819028222286878
7534,0.005819028222286878,7534,0.008728542333430317,0.005819028222286878
7535,0.005819028222286878,7535,0.008728542333430317,0.005819028222286878
7536,0.005819028222286878,7536,0.008728542333430317,0.005819028222286878
7537,0.005819028222286878,7537,0.008728542333430317,0.005819028222286878
7538,0.005819028222286878,7538,0.008728542333430317,0.005819028222286878
7539,0.005819028222286878,7539,0.008728542333430317,0.005819028222286878
7540,0.005819028222286878,7540,0.008728542333430317,0.005819028222286878
7541,0.005819028222286878,7541,0.008728542333430317,0.005819028222286878
7542,0.005819028222286878,7542,0.008728542333430317,0.005819028222286878
7543,0.005819028222286878,7543,0.008728542333430317,0.005819028222286878
7544,0.005819028222286878,7544,0.008728542333430317,0.005819028222286878
7545,0.005819028222286878,7545,0.008728542333430317,0.005819028222286878
7546,0.005819028222286878,7546,0.008728542333430317,0.005819028222286878
7547,0.005819028222286878,7547,0.008728542333430317,0.005819028222286878
7548,0.005819028222286878,7548,0.008728542333430317,0.005819028222286878
7549,0.005819028222286878,7549,0.008728542333430317,0.005819028222286878
7550,0.005819028222286878,7550,0.008728542333430317,0.005819028222286878
7551,0.005819028222286878,7551,0.008728542333430317,0.005819028222286878
7552,0.005819028222286878,7552,0.008728542333430317,0.005819028222286878
7553,0.005819028222286878,7553,0.008728542333430317,0.005819028222286878
7554,0.005819028222286878,7554,0.008728542333430317,0.005819028222286878
7555,0.005819028222286878,7555,0.008728542333430317,0.005819028222286878
7556,0.005819028222286878,7556,0.008728542333430317,0.005819028222286878
7557,0.005819028222286878,7557,0.008728542333430317,0.005819028222286878
7558,0.005819028222286878,7558,0.008728542333430317,0.005819028222286878
7559,0.005819028222286878,7559,0.008728542333430317,0.005819028222286878
7560,0.005819028222286878,7560,0.008728542333430317,0.005819028222286878
7561,0.005819028222286878,7561,0.008728542333430317,0.005819028222286878
7562,0.005819028222286878,7562,0.008728542333430317,0.005819028222286878
7563,0.005819028222286878,7563,0.008728542333430317,0.005819028222286878
7564,0.005819028222286878,7564,0.008728542333430317,0.005819028222286878
7565,0.005819028222286878,7565,0.008728542333430317,0.005819028222286878
7566,0.005819028222286878,7566,0.008728542333430317,0.005819028222286878
7567,0.005819028222286878,7567,0.008728542333430317,0.005819028222286878
7568,0.005819028222286878,7568,0.008728542333430317,0.005819028222286878
7569,0.005819028222286878,7569,0.008728542333430317,0.005819028222286878
7570,0.005819028222286878,7570,0.008728542333430317,0.005819028222286878
7571,0.005819028222286878,7571,0.008728542333430317,0.005819028222286878
7572,0.005819028222286878,7572,0.008728542333430317,0.005819028222286878
7573,0.005819028222286878,7573,0.008728542333430317,0.005819028222286878
7574,0.005819028222286878,7574,0.008728542333430317,0.005819028222286878
7575,0.005819028222286878,7575,0.008728542333430317,0.005819028222286878
7576,0.005819028222286878,7576,0.008728542333430317,0.005819028222286878
7577,0.005819028222286878,7577,0.008728542333430317,0.005819028222286878
7578,0.005819028222286878,7578,0.008728542333430317,0.005819028222286878
7579,0.005819028222286878,7579,0.008728542333430317,0.005819028222286878
7580,0.005819028222286878,7580,0.008728542333430317,0.005819028222286878
7581,0.005819028222286878,7581,0.008728542333430317,0.005819028222286878
7582,0.005819028222286878,7582,0.008728542333430317,0.005819028222286878
7583,0.005819028222286878,7583,0.008728542333430317,0.005819028222286878
7584,0.005819028222286878,7584,0.008728542333430317,0.005819028222286878
7585,0.005819028222286878,7585,0.008728542333430317,0.005819028222286878
7586,0.005819028222286878,7586,0.008728542333430317,0.005819028222286878
7587,0.005819028222286878,7587,0.008728542333430317,0.005819028222286878
7588,0.005819028222286878,7588,0.008728542333430317,0.005819028222286878
7589,0.005819028222286878,7589,0.008728542333430317,0.005819028222286878
7590,0.005819028222286878,7590,0.008728542333430317,0.005819028222286878
7591,0.005819028222286878,7591,0.008728542333430317,0.005819028222286878
7592,0.005819028222286878,7592,0.008728542333430317,0.005819028222286878
7593,0.005819028222286878,7593,0.008728542333430317,0.005819028222286878
7594,0.005819028222286878,7594,0.008728542333430317,0.005819028222286878
7595,0.005819028222286878,7595,0.008728542333430317,0.005819028222286878
7596,0.005819028222286878,7596,0.008728542333430317,0.005819028222286878
7597,0.005819028222286878,7597,0.008728542333430317,0.005819028222286878
7598,0.005819028222286878,7598,0.008728542333430317,0.005819028222286878
7599,0.005819028222286878,7599,0.008728542333430317,0.005819028222286878
7600,0.005819028222286878,7600,0.008728542333430317,0.005819028222286878
7601,0.005819028222286878,7601,0.008728542333430317,0.005819028222286878
7602,0.005819028222286878,7602,0.008728542333430317,0.005819028222286878
7603,0.005819028222286878,7603,0.008728542333430317,0.005819028222286878
7604,0.005819028222286878,7604,0.008728542333430317,0.005819028222286878
7605,0.005819028222286878,7605,0.008728542333430317,0.005819028222286878
7606,0.005819028222286878,7606,0.008728542333430317,0.005819028222286878
7607,0.005819028222286878,7607,0.008728542333430317,0.005819028222286878
7608,0.005819028222286878,7608,0.008728542333430317,0.005819028222286878
7609,0.005819028222286878,7609,0.008728542333430317,0.005819028222286878
7610,0.005819028222286878,7610,0.008728542333430317,0.005819028222286878
7611,0.005819028222286878,7611,0.008728542333430317,0.005819028222286878
7612,0.005819028222286878,7612,0.008728542333430317,0.005819028222286878
7613,0.005819028222286878,7613,0.008728542333430317,0.005819028222286878
7614,0.005819028222286878,7614,0.008728542333430317,0.005819028222286878
7615,0.005819028222286878,7615,0.008728542333430317,0.005819028222286878
7616,0.005819028222286878,7616,0.008728542333430317,0.005819028222286878
7617,0.005819028222286878,7617,0.008728542333430317,0.005819028222286878
7618,0.005819028222286878,7618,0.008728542333430317,0.005819028222286878
7619,0.005819028222286878,7619,0.008728542333430317,0.005819028222286878
7620,0.005819028222286878,7620,0.008728542333430317,0.005819028222286878
7621,0.005819028222286878,7621,0.008728542333430317,0.005819028222286878
7622,0.005819028222286878,7622,0.008728542333430317,0.005819028222286878
7623,0.005819028222286878,7623,0.008728542333430317,0.005819028222286878
7624,0.005819028222286878,7624,0.008728542333430317,0.005819028222286878
7625,0.005819028222286878,7625,0.008728542333430317,0.005819028222286878
7626,0.005819028222286878,7626,0.008728542333430317,0.005819028222286878
7627,0.005819028222286878,7627,0.008728542333430317,0.005819028222286878
7628,0.005819028222286878,7628,0.008728542333430317,0.005819028222286878
7629,0.005819028222286878,7629,0.008728542333430317,0.005819028222286878
7630,0.005819028222286878,7630,0.008728542333430317,0.005819028222286878
7631,0.005819028222286878,7631,0.008728542333430317,0.005819028222286878
7632,0.005819028222286878,7632,0.008728542333430317,0.005819028222286878
7633,0.005819028222286878,7633,0.008728542333430317,0.005819028222286878
7634,0.005819028222286878,7634,0.008728542333430317,0.005819028222286878
7635,0.005819028222286878,7635,0.008728542333430317,0.005819028222286878
7636,0.005819028222286878,7636,0.008728542333430317,0.005819028222286878
7637,0.005819028222286878,7637,0.008728542333430317,0.005819028222286878
7638,0.005819028222286878,7638,0.008728542333430317,0.005819028222286878
7639,0.005819028222286878,7639,0.008728542333430317,0.005819028222286878
7640,0.005819028222286878,7640,0.008728542333430317,0.005819028222286878
7641,0.005819028222286878,7641,0.008728542333430317,0.005819028222286878
7642,0.005819028222286878,7642,0.008728542333430317,0.005819028222286878
7643,0.005819028222286878,7643,0.008728542333430317,0.005819028222286878
7644,0.005819028222286878,7644,0.008728542333430317,0.005819028222286878
7645,0.005819028222286878,7645,0.008728542333430317,0.005819028222286878
7646,0.005819028222286878,7646,0.008728542333430317,0.005819028222286878
7647,0.005819028222286878,7647,0.008728542333430317,0.005819028222286878
7648,0.005819028222286878,7648,0.008728542333430317,0.005819028222286878
7649,0.005819028222286878,7649,0.008728542333430317,0.005819028222286878
7650,0.005819028222286878,7650,0.008728542333430317,0.005819028222286878
7651,0.005819028222286878,7651,0.008728542333430317,0.005819028222286878
7652,0.005819028222286878,7652,0.008728542333430317,0.005819028222286878
7653,0.005819028222286878,7653,0.008728542333430317,0.005819028222286878
7654,0.005819028222286878,7654,0.008728542333430317,0.005819028222286878
7655,0.005819028222286878,7655,0.008728542333430317,0.005819028222286878
7656,0.005819028222286878,7656,0.008728542333430317,0.005819028222286878
7657,0.005819028222286878,7657,0.008728542333430317,0.005819028222286878
7658,0.005819028222286878,7658,0.008728542333430317,0.005819028222286878
7659,0.005819028222286878,7659,0.008728542333430317,0.005819028222286878
7660,0.005819028222286878,7660,0.008728542333430317,0.005819028222286878
7661,0.005819028222286878,7661,0.008728542333430317,0.005819028222286878
7662,0.005819028222286878,7662,0.008728542333430317,0.005819028222286878
7663,0.005819028222286878,7663,0.008728542333430317,0.005819028222286878
7664,0.005819028222286878,7664,0.008728542333430317,0.005819028222286878
7665,0.005819028222286878,7665,0.008728542333430317,0.005819028222286878
7666,0.005819028222286878,7666,0.008728542333430317,0.005819028222286878
7667,0.005819028222286878,7667,0.008728542333430317,0.005819028222286878
7668,0.005819028222286878,7668,0.008728542333430317,0.005819028222286878
7669,0.005819028222286878,7669,0.008728542333430317,0.005819028222286878
7670,0.005819028222286878,7670,0.008728542333430317,0.005819028222286878
7671,0.005819028222286878,7671,0.008728542333430317,0.005819028222286878
7672,0.005819028222286878,7672,0.008728542333430317,0.005819028222286878
7673,0.005819028222286878,7673,0.008728542333430317,0.005819028222286878
7674,0.005819028222286878,7674,0.008728542333430317,0.005819028222286878
7675,0.005819028222286878,7675,0.008728542333430317,0.005819028222286878
7676,0.005819028222286878,7676,0.008728542333430317,0.005819028222286878
7677,0.005819028222286878,7677,0.008728542333430317,0.005819028222286878
7678,0.005819028222286878,7678,0.008728542333430317,0.005819028222286878
7679,0.005819028222286878,7679,0.008728542333430317,0.005819028222286878
7680,0.005819028222286878,7680,0.008728542333430317,0.005819028222286878
7681,0.005819028222286878,7681,0.008728542333430317,0.005819028222286878
7682,0.005819028222286878,7682,0.008728542333430317,0.005819028222286878
7683,0.005819028222286878,7683,0.008728542333430317,0.005819028222286878
7684,0.005819028222286878,7684,0.008728542333430317,0.005819028222286878
7685,0.005819028222286878,7685,0.008728542333430317,0.005819028222286878
7686,0.005819028222286878,7686,0.008728542333430317,0.005819028222286878
7687,0.005819028222286878,7687,0.008728542333430317,0.005819028222286878
7688,0.005819028222286878,7688,0.008728542333430317,0.005819028222286878
7689,0.005819028222286878,7689,0.008728542333430317,0.005819028222286878
7690,0.005819028222286878,7690,0.008728542333430317,0.005819028222286878
7691,0.005819028222286878,7691,0.008728542333430317,0.005819028222286878
7692,0.005819028222286878,7692,0.008728542333430317,0.005819028222286878
7693,0.005819028222286878,7693,0.008728542333430317,0.005819028222286878
7694,0.005819028222286878,7694,0.008728542333430317,0.005819028222286878
7695,0.005819028222286878,7695,0.008728542333430317,0.005819028222286878
7696,0.005819028222286878,7696,0.008728542333430317,0.005819028222286878
7697,0.005819028222286878,7697,0.008728542333430317,0.005819028222286878
7698,0.005819028222286878,7698,0.008728542333430317,0.005819028222286878
7699,0.005819028222286878,7699,0.008728542333430317,0.005819028222286878
7700,0.005819028222286878,7700,0.008728542333430317,0.005819028222286878
7701,0.005819028222286878,7701,0.008728542333430317,0.005819028222286878
7702,0.005819028222286878,7702,0.008728542333430317,0.005819028222286878
7703,0.005819028222286878,7703,0.008728542333430317,0.005819028222286878
7704,0.005819028222286878,7704,0.008728542333430317,0.005819028222286878
7705,0.005819028222286878,7705,0.008728542333430317,0.005819028222286878
7706,0.005819028222286878,7706,0.008728542333430317,0.005819028222286878
7707,0.005819028222286878,7707,0.008728542333430317,0.005819028222286878
7708,0.005819028222286878,7708,0.008728542333430317,0.005819028222286878
7709,0.005819028222286878,7709,0.008728542333430317,0.005819028222286878
7710,0.005819028222286878,7710,0.008728542333430317,0.005819028222286878
7711,0.005819028222286878,7711,0.008728542333430317,0.005819028222286878
7712,0.005819028222286878,7712,0.008728542333430317,0.005819028222286878
7713,0.005819028222286878,7713,0.008728542333430317,0.005819028222286878
7714,0.005819028222286878,7714,0.008728542333430317,0.005819028222286878
7715,0.005819028222286878,7715,0.008728542333430317,0.005819028222286878
7716,0.005819028222286878,7716,0.008728542333430317,0.005819028222286878
7717,0.005819028222286878,7717,0.008728542333430317,0.005819028222286878
7718,0.005819028222286878,7718,0.008728542333430317,0.005819028222286878
7719,0.005819028222286878,7719,0.008728542333430317,0.005819028222286878
7720,0.005819028222286878,7720,0.008728542333430317,0.005819028222286878
7721,0.005819028222286878,7721,0.008728542333430317,0.005819028222286878
7722,0.005819028222286878,7722,0.008728542333430317,0.005819028222286878
7723,0.005819028222286878,7723,0.008728542333430317,0.005819028222286878
7724,0.005819028222286878,7724,0.008728542333430317,0.005819028222286878
7725,0.005819028222286878,7725,0.008728542333430317,0.005819028222286878
7726,0.005819028222286878,7726,0.008728542333430317,0.005819028222286878
7727,0.005819028222286878,7727,0.008728542333430317,0.005819028222286878
7728,0.005819028222286878,7728,0.008728542333430317,0.005819028222286878
7729,0.005819028222286878,7729,0.008728542333430317,0.005819028222286878
7730,0.005819028222286878,7730,0.008728542333430317,0.005819028222286878
7731,0.005819028222286878,7731,0.008728542333430317,0.005819028222286878
7732,0.005819028222286878,7732,0.008728542333430317,0.005819028222286878
7733,0.005819028222286878,7733,0.008728542333430317,0.005819028222286878
7734,0.005819028222286878,7734,0.008728542333430317,0.005819028222286878
7735,0.005819028222286878,7735,0.008728542333430317,0.005819028222286878
7736,0.005819028222286878,7736,0.008728542333430317,0.005819028222286878
7737,0.005819028222286878,7737,0.008728542333430317,0.005819028222286878
7738,0.005819028222286878,7738,0.008728542333430317,0.005819028222286878
7739,0.005819028222286878,7739,0.008728542333430317,0.005819028222286878
7740,0.005819028222286878,7740,0.008728542333430317,0.005819028222286878
7741,0.005819028222286878,7741,0.008728542333430317,0.005819028222286878
7742,0.005819028222286878,7742,0.008728542333430317,0.005819028222286878
7743,0.005819028222286878,7743,0.008728542333430317,0.005819028222286878
7744,0.005819028222286878,7744,0.008728542333430317,0.005819028222286878
7745,0.005819028222286878,7745,0.008728542333430317,0.005819028222286878
7746,0.005819028222286878,7746,0.008728542333430317,0.005819028222286878
7747,0.005819028222286878,7747,0.008728542333430317,0.005819028222286878
7748,0.005819028222286878,7748,0.008728542333430317,0.005819028222286878
7749,0.005819028222286878,7749,0.008728542333430317,0.005819028222286878
7750,0.005819028222286878,7750,0.008728542333430317,0.005819028222286878
7751,0.005819028222286878,7751,0.008728542333430317,0.005819028222286878
7752,0.005819028222286878,7752,0.008728542333430317,0.005819028222286878
7753,0.005819028222286878,7753,0.008728542333430317,0.005819028222286878
7754,0.005819028222286878,7754,0.008728542333430317,0.005819028222286878
7755,0.005819028222286878,7755,0.008728542333430317,0.005819028222286878
7756,0.005819028222286878,7756,0.008728542333430317,0.005819028222286878
7757,0.005819028222286878,7757,0.008728542333430317,0.005819028222286878
7758,0.005819028222286878,7758,0.008728542333430317,0.005819028222286878
7759,0.005819028222286878,7759,0.008728542333430317,0.005819028222286878
7760,0.005819028222286878,7760,0.008728542333430317,0.005819028222286878
7761,0.005819028222286878,7761,0.008728542333430317,0.005819028222286878
7762,0.005819028222286878,7762,0.008728542333430317,0.005819028222286878
7763,0.005819028222286878,7763,0.008728542333430317,0.005819028222286878
7764,0.005819028222286878,7764,0.008728542333430317,0.005819028222286878
7765,0.005819028222286878,7765,0.008728542333430317,0.005819028222286878
7766,0.005819028222286878,7766,0.008728542333430317,0.005819028222286878
7767,0.005819028222286878,7767,0.008728542333430317,0.005819028222286878
7768,0.005819028222286878,7768,0.008728542333430317,0.005819028222286878
7769,0.005819028222286878,7769,0.008728542333430317,0.005819028222286878
7770,0.005819028222286878,7770,0.008728542333430317,0.005819028222286878
7771,0.005819028222286878,7771,0.008728542333430317,0.005819028222286878
7772,0.005819028222286878,7772,0.008728542333430317,0.005819028222286878
7773,0.005819028222286878,7773,0.008728542333430317,0.005819028222286878
7774,0.005819028222286878,7774,0.008728542333430317,0.005819028222286878
7775,0.005819028222286878,7775,0.008728542333430317,0.005819028222286878
7776,0.005819028222286878,7776,0.008728542333430317,0.005819028222286878
7777,0.005819028222286878,7777,0.008728542333430317,0.005819028222286878
7778,0.005819028222286878,7778,0.008728542333430317,0.005819028222286878
7779,0.005819028222286878,7779,0.008728542333430317,0.005819028222286878
7780,0.005819028222286878,7780,0.008728542333430317,0.005819028222286878
7781,0.005819028222286878,7781,0.008728542333430317,0.005819028222286878
7782,0.005819028222286878,7782,0.008728542333430317,0.005819028222286878
7783,0.005819028222286878,7783,0.008728542333430317,0.005819028222286878
7784,0.005819028222286878,7784,0.008728542333430317,0.005819028222286878
7785,0.005819028222286878,7785,0.008728542333430317,0.005819028222286878
7786,0.005819028222286878,7786,0.008728542333430317,0.005819028222286878
7787,0.005819028222286878,7787,0.008728542333430317,0.005819028222286878
7788,0.005819028222286878,7788,0.008728542333430317,0.005819028222286878
7789,0.005819028222286878,7789,0.008728542333430317,0.005819028222286878
7790,0.005819028222286878,7790,0.008728542333430317,0.005819028222286878
7791,0.005819028222286878,7791,0.008728542333430317,0.005819028222286878
7792,0.005819028222286878,7792,0.008728542333430317,0.005819028222286878
7793,0.005819028222286878,7793,0.008728542333430317,0.005819028222286878
7794,0.005819028222286878,7794,0.008728542333430317,0.005819028222286878
7795,0.005819028222286878,7795,0.008728542333430317,0.005819028222286878
7796,0.005819028222286878,7796,0.008728542333430317,0.005819028222286878
7797,0.005819028222286878,7797,0.008728542333430317,0.005819028222286878
7798,0.005819028222286878,7798,0.008728542333430317,0.005819028222286878
7799,0.005819028222286878,7799,0.008728542333430317,0.005819028222286878
7800,0.005819028222286878,7800,0.008728542333430317,0.005819028222286878
7801,0.005819028222286878,7801,0.008728542333430317,0.005819028222286878
7802,0.005819028222286878,7802,0.008728542333430317,0.005819028222286878
7803,0.005819028222286878,7803,0.008728542333430317,0.005819028222286878
7804,0.005819028222286878,7804,0.008728542333430317,0.005819028222286878
7805,0.005819028222286878,7805,0.008728542333430317,0.005819028222286878
7806,0.005819028222286878,7806,0.008728542333430317,0.005819028222286878
7807,0.005819028222286878,7807,0.008728542333430317,0.005819028222286878
7808,0.005819028222286878,7808,0.008728542333430317,0.005819028222286878
7809,0.005819028222286878,7809,0.008728542333430317,0.005819028222286878
7810,0.005819028222286878,7810,0.008728542333430317,0.005819028222286878
7811,0.005819028222286878,7811,0.008728542333430317,0.005819028222286878
7812,0.005819028222286878,7812,0.008728542333430317,0.005819028222286878
7813,0.005819028222286878,7813,0.008728542333430317,0.005819028222286878
7814,0.005819028222286878,7814,0.008728542333430317,0.005819028222286878
7815,0.005819028222286878,7815,0.008728542333430317,0.005819028222286878
7816,0.005819028222286878,7816,0.008728542333430317,0.005819028222286878
7817,0.005819028222286878,7817,0.008728542333430317,0.005819028222286878
7818,0.005819028222286878,7818,0.008728542333430317,0.005819028222286878
7819,0.005819028222286878,7819,0.008728542333430317,0.005819028222286878
7820,0.005819028222286878,7820,0.008728542333430317,0.005819028222286878
7821,0.005819028222286878,7821,0.008728542333430317,0.005819028222286878
7822,0.005819028222286878,7822,0.008728542333430317,0.005819028222286878
7823,0.005819028222286878,7823,0.008728542333430317,0.005819028222286878
7824,0.005819028222286878,7824,0.008728542333430317,0.005819028222286878
7825,0.005819028222286878,7825,0.008728542333430317,0.005819028222286878
7826,0.005819028222286878,7826,0.008728542333430317,0.005819028222286878
7827,0.005819028222286878,7827,0.008728542333430317,0.005819028222286878
7828,0.005819028222286878,7828,0.008728542333430317,0.005819028222286878
7829,0.005819028222286878,7829,0.008728542333430317,0.005819028222286878
7830,0.005819028222286878,7830,0.008728542333430317,0.005819028222286878
7831,0.005819028222286878,7831,0.008728542333430317,0.005819028222286878
7832,0.005819028222286878,7832,0.008728542333430317,0.005819028222286878
7833,0.005819028222286878,7833,0.008728542333430317,0.005819028222286878
7834,0.005819028222286878,7834,0.008728542333430317,0.005819028222286878
7835,0.005819028222286878,7835,0.008728542333430317,0.005819028222286878
7836,0.005819028222286878,7836,0.008728542333430317,0.005819028222286878
7837,0.005819028222286878,7837,0.008728542333430317,0.005819028222286878
7838,0.005819028222286878,7838,0.008728542333430317,0.005819028222286878
7839,0.005819028222286878,7839,0.008728542333430317,0.005819028222286878
7840,0.005819028222286878,7840,0.008728542333430317,0.005819028222286878
7841,0.005819028222286878,7841,0.008728542333430317,0.005819028222286878
7842,0.005819028222286878,7842,0.008728542333430317,0.005819028222286878
7843,0.005819028222286878,7843,0.008728542333430317,0.005819028222286878
7844,0.005819028222286878,7844,0.008728542333430317,0.005819028222286878
7845,0.005819028222286878,7845,0.008728542333430317,0.005819028222286878
7846,0.005819028222286878,7846,0.008728542333430317,0.005819028222286878
7847,0.005819028222286878,7847,0.008728542333430317,0.005819028222286878
7848,0.005819028222286878,7848,0.008728542333430317,0.005819028222286878
7849,0.005819028222286878,7849,0.008728542333430317,0.005819028222286878
7850,0.005819028222286878,7850,0.008728542333430317,0.005819028222286878
7851,0.005819028222286878,7851,0.008728542333430317,0.005819028222286878
7852,0.005819028222286878,7852,0.008728542333430317,0.005819028222286878
7853,0.005819028222286878,7853,0.008728542333430317,0.005819028222286878
7854,0.005819028222286878,7854,0.008728542333430317,0.005819028222286878
7855,0.005819028222286878,7855,0.008728542333430317,0.005819028222286878
7856,0.005819028222286878,7856,0.008728542333430317,0.005819028222286878
7857,0.005819028222286878,7857,0.008728542333430317,0.005819028222286878
7858,0.005819028222286878,7858,0.008728542333430317,0.005819028222286878
7859,0.005819028222286878,7859,0.008728542333430317,0.005819028222286878
7860,0.005819028222286878,7860,0.008728542333430317,0.005819028222286878
7861,0.005819028222286878,7861,0.008728542333430317,0.005819028222286878
7862,0.005819028222286878,7862,0.008728542333430317,0.005819028222286878
7863,0.005819028222286878,7863,0.008728542333430317,0.005819028222286878
7864,0.005819028222286878,7864,0.008728542333430317,0.005819028222286878
7865,0.005819028222286878,7865,0.008728542333430317,0.005819028222286878
7866,0.005819028222286878,7866,0.008728542333430317,0.005819028222286878
7867,0.005819028222286878,7867,0.008728542333430317,0.005819028222286878
7868,0.005819028222286878,7868,0.008728542333430317,0.005819028222286878
7869,0.005819028222286878,7869,0.008728542333430317,0.005819028222286878
7870,0.005819028222286878,7870,0.008728542333430317,0.005819028222286878
7871,0.005819028222286878,7871,0.008728542333430317,0.005819028222286878
7872,0.005819028222286878,7872,0.008728542333430317,0.005819028222286878
7873,0.005819028222286878,7873,0.008728542333430317,0.005819028222286878
7874,0.005819028222286878,7874,0.008728542333430317,0.005819028222286878
7875,0.005819028222286878,7875,0.008728542333430317,0.005819028222286878
7876,0.005819028222286878,7876,0.008728542333430317,0.005819028222286878
7877,0.005819028222286878,7877,0.008728542333430317,0.005819028222286878
7878,0.005819028222286878,7878,0.008728542333430317,0.005819028222286878
7879,0.005819028222286878,7879,0.008728542333430317,0.005819028222286878
7880,0.005819028222286878,7880,0.008728542333430317,0.005819028222286878
7881,0.005819028222286878,7881,0.008728542333430317,0.005819028222286878
7882,0.005819028222286878,7882,0.008728542333430317,0.005819028222286878
7883,0.005819028222286878,7883,0.008728542333430317,0.005819028222286878
7884,0.005819028222286878,7884,0.008728542333430317,0.005819028222286878
7885,0.005819028222286878,7885,0.008728542333430317,0.005819028222286878
7886,0.005819028222286878,7886,0.008728542333430317,0.005819028222286878
7887,0.005819028222286878,7887,0.008728542333430317,0.005819028222286878
7888,0.005819028222286878,7888,0.008728542333430317,0.005819028222286878
7889,0.005819028222286878,7889,0.008728542333430317,0.005819028222286878
7890,0.005819028222286878,7890,0.008728542333430317,0.005819028222286878
7891,0.005819028222286878,7891,0.008728542333430317,0.005819028222286878
7892,0.005819028222286878,7892,0.008728542333430317,0.005819028222286878
7893,0.005819028222286878,7893,0.008728542333430317,0.005819028222286878
7894,0.005819028222286878,7894,0.008728542333430317,0.005819028222286878
7895,0.005819028222286878,7895,0.008728542333430317,0.005819028222286878
7896,0.005819028222286878,7896,0.008728542333430317,0.005819028222286878
7897,0.005819028222286878,7897,0.008728542333430317,0.005819028222286878
7898,0.005819028222286878,7898,0.008728542333430317,0.005819028222286878
7899,0.005819028222286878,7899,0.008728542333430317,0.005819028222286878
7900,0.005819028222286878,7900,0.008728542333430317,0.005819028222286878
7901,0.005819028222286878,7901,0.008728542333430317,0.005819028222286878
7902,0.005819028222286878,7902,0.008728542333430317,0.005819028222286878
7903,0.005819028222286878,7903,0.008728542333430317,0.005819028222286878
7904,0.005819028222286878,7904,0.008728542333430317,0.005819028222286878
7905,0.005819028222286878,7905,0.008728542333430317,0.005819028222286878
7906,0.005819028222286878,7906,0.008728542333430317,0.005819028222286878
7907,0.005819028222286878,7907,0.008728542333430317,0.005819028222286878
7908,0.005819028222286878,7908,0.008728542333430317,0.005819028222286878
7909,0.005819028222286878,7909,0.008728542333430317,0.005819028222286878
7910,0.005819028222286878,7910,0.008728542333430317,0.005819028222286878
7911,0.005819028222286878,7911,0.008728542333430317,0.005819028222286878
7912,0.005819028222286878,7912,0.008728542333430317,0.005819028222286878
7913,0.005819028222286878,7913,0.008728542333430317,0.005819028222286878
7914,0.005819028222286878,7914,0.008728542333430317,0.005819028222286878
7915,0.005819028222286878,7915,0.008728542333430317,0.005819028222286878
7916,0.005819028222286878,7916,0.008728542333430317,0.005819028222286878
7917,0.005819028222286878,7917,0.008728542333430317,0.005819028222286878
7918,0.005819028222286878,7918,0.008728542333430317,0.005819028222286878
7919,0.005819028222286878,7919,0.008728542333430317,0.005819028222286878
7920,0.005819028222286878,7920,0.008728542333430317,0.005819028222286878
7921,0.005819028222286878,7921,0.008728542333430317,0.005819028222286878
7922,0.005819028222286878,7922,0.008728542333430317,0.005819028222286878
7923,0.005819028222286878,7923,0.008728542333430317,0.005819028222286878
7924,0.005819028222286878,7924,0.008728542333430317,0.005819028222286878
7925,0.005819028222286878,7925,0.008728542333430317,0.005819028222286878
7926,0.005819028222286878,7926,0.008728542333430317,0.005819028222286878
7927,0.005819028222286878,7927,0.008728542333430317,0.005819028222286878
7928,0.005819028222286878,7928,0.008728542333430317,0.005819028222286878
7929,0.005819028222286878,7929,0.008728542333430317,0.005819028222286878
7930,0.005819028222286878,7930,0.008728542333430317,0.005819028222286878
7931,0.005819028222286878,7931,0.008728542333430317,0.005819028222286878
7932,0.005819028222286878,7932,0.008728542333430317,0.005819028222286878
7933,0.005819028222286878,7933,0.008728542333430317,0.005819028222286878
7934,0.005819028222286878,7934,0.008728542333430317,0.005819028222286878
7935,0.005819028222286878,7935,0.008728542333430317,0.005819028222286878
7936,0.005819028222286878,7936,0.008728542333430317,0.005819028222286878
7937,0.005819028222286878,7937,0.008728542333430317,0.005819028222286878
7938,0.005819028222286878,7938,0.008728542333430317,0.005819028222286878
7939,0.005819028222286878,7939,0.008728542333430317,0.005819028222286878
7940,0.005819028222286878,7940,0.008728542333430317,0.005819028222286878
7941,0.005819028222286878,7941,0.008728542333430317,0.005819028222286878
7942,0.005819028222286878,7942,0.008728542333430317,0.005819028222286878
7943,0.005819028222286878,7943,0.008728542333430317,0.005819028222286878
7944,0.005819028222286878,7944,0.008728542333430317,0.005819028222286878
7945,0.005819028222286878,7945,0.008728542333430317,0.005819028222286878
7946,0.005819028222286878,7946,0.008728542333430317,0.005819028222286878
7947,0.005819028222286878,7947,0.008728542333430317,0.005819028222286878
7948,0.005819028222286878,7948,0.008728542333430317,0.005819028222286878
7949,0.005819028222286878,7949,0.008728542333430317,0.005819028222286878
7950,0.005819028222286878,7950,0.008728542333430317,0.005819028222286878
7951,0.005819028222286878,7951,0.008728542333430317,0.005819028222286878
7952,0.005819028222286878,7952,0.008728542333430317,0.005819028222286878
7953,0.005819028222286878,7953,0.008728542333430317,0.005819028222286878
7954,0.005819028222286878,7954,0.008728542333430317,0.005819028222286878
7955,0.005819028222286878,7955,0.008728542333430317,0.005819028222286878
7956,0.005819028222286878,7956,0.008728542333430317,0.005819028222286878
7957,0.005819028222286878,7957,0.008728542333430317,0.005819028222286878
7958,0.005819028222286878,7958,0.008728542333430317,0.005819028222286878
7959,0.005819028222286878,7959,0.008728542333430317,0.005819028222286878
7960,0.005819028222286878,7960,0.008728542333430317,0.005819028222286878
7961,0.005819028222286878,7961,0.008728542333430317,0.005819028222286878
7962,0.005819028222286878,7962,0.008728542333430317,0.005819028222286878
7963,0.005819028222286878,7963,0.008728542333430317,0.005819028222286878
7964,0.005819028222286878,7964,0.008728542333430317,0.005819028222286878
7965,0.005819028222286878,7965,0.008728542333430317,0.005819028222286878
7966,0.005819028222286878,7966,0.008728542333430317,0.005819028222286878
7967,0.005819028222286878,7967,0.008728542333430317,0.005819028222286878
7968,0.005819028222286878,7968,0.008728542333430317,0.005819028222286878
7969,0.005819028222286878,7969,0.008728542333430317,0.005819028222286878
7970,0.005819028222286878,7970,0.008728542333430317,0.005819028222286878
7971,0.005819028222286878,7971,0.008728542333430317,0.005819028222286878
7972,0.005819028222286878,7972,0.008728542333430317,0.005819028222286878
7973,0.005819028222286878,7973,0.008728542333430317,0.005819028222286878
7974,0.005819028222286878,7974,0.008728542333430317,0.005819028222286878
7975,0.005819028222286878,7975,0.008728542333430317,0.005819028222286878
7976,0.005819028222286878,7976,0.008728542333430317,0.005819028222286878
7977,0.005819028222286878,7977,0.008728542333430317,0.005819028222286878
7978,0.005819028222286878,7978,0.008728542333430317,0.005819028222286878
7979,0.005819028222286878,7979,0.008728542333430317,0.005819028222286878
7980,0.005819028222286878,7980,0.008728542333430317,0.005819028222286878
7981,0.005819028222286878,7981,0.008728542333430317,0.005819028222286878
7982,0.005819028222286878,7982,0.008728542333430317,0.005819028222286878
7983,0.005819028222286878,7983,0.008728542333430317,0.005819028222286878
7984,0.005819028222286878,7984,0.008728542333430317,0.005819028222286878
7985,0.005819028222286878,7985,0.008728542333430317,0.005819028222286878
7986,0.005819028222286878,7986,0.008728542333430317,0.005819028222286878
7987,0.005819028222286878,7987,0.008728542333430317,0.005819028222286878
7988,0.005819028222286878,7988,0.008728542333430317,0.005819028222286878
7989,0.005819028222286878,7989,0.008728542333430317,0.005819028222286878
7990,0.005819028222286878,7990,0.008728542333430317,0.005819028222286878
7991,0.005819028222286878,7991,0.008728542333430317,0.005819028222286878
7992,0.005819028222286878,7992,0.008728542333430317,0.005819028222286878
7993,0.005819028222286878,7993,0.008728542333430317,0.005819028222286878
7994,0.005819028222286878,7994,0.008728542333430317,0.005819028222286878
7995,0.005819028222286878,7995,0.008728542333430317,0.005819028222286878
7996,0.005819028222286878,7996,0.008728542333430317,0.005819028222286878
7997,0.005819028222286878,7997,0.008728542333430317,0.005819028222286878
7998,0.005819028222286878,7998,0.008728542333430317,0.005819028222286878
7999,0.005819028222286878,7999,0.008728542333430317,0.005819028222286878
8000,0.005819028222286878,8000,0.008728542333430317,0.005819028222286878
8001,0.005819028222286878,8001,0.008728542333430317,0.005819028222286878
8002,0.005819028222286878,8002,0.008728542333430317,0.005819028222286878
8003,0.005819028222286878,8003,0.008728542333430317,0.005819028222286878
8004,0.005819028222286878,8004,0.008728542333430317,0.005819028222286878
8005,0.005819028222286878,8005,0.008728542333430317,0.005819028222286878
8006,0.005819028222286878,8006,0.008728542333430317,0.005819028222286878
8007,0.005819028222286878,8007,0.008728542333430317,0.005819028222286878
8008,0.005819028222286878,8008,0.008728542333430317,0.005819028222286878
8009,0.005819028222286878,8009,0.008728542333430317,0.005819028222286878
8010,0.005819028222286878,8010,0.008728542333430317,0.005819028222286878
8011,0.005819028222286878,8011,0.008728542333430317,0.005819028222286878
8012,0.005819028222286878,8012,0.008728542333430317,0.005819028222286878
8013,0.005819028222286878,8013,0.008728542333430317,0.005819028222286878
8014,0.005819028222286878,8014,0.008728542333430317,0.005819028222286878
8015,0.005819028222286878,8015,0.008728542333430317,0.005819028222286878
8016,0.005819028222286878,8016,0.008728542333430317,0.005819028222286878
8017,0.005819028222286878,8017,0.008728542333430317,0.005819028222286878
8018,0.005819028222286878,8018,0.008728542333430317,0.005819028222286878
8019,0.005819028222286878,8019,0.008728542333430317,0.005819028222286878
8020,0.005819028222286878,8020,0.008728542333430317,0.005819028222286878
8021,0.005819028222286878,8021,0.008728542333430317,0.005819028222286878
8022,0.005819028222286878,8022,0.008728542333430317,0.005819028222286878
8023,0.005819028222286878,8023,0.008728542333430317,0.005819028222286878
8024,0.005819028222286878,8024,0.008728542333430317,0.005819028222286878
8025,0.005819028222286878,8025,0.008728542333430317,0.005819028222286878
8026,0.005819028222286878,8026,0.008728542333430317,0.005819028222286878
8027,0.005819028222286878,8027,0.008728542333430317,0.005819028222286878
8028,0.005819028222286878,8028,0.008728542333430317,0.005819028222286878
8029,0.005819028222286878,8029,0.008728542333430317,0.005819028222286878
8030,0.005819028222286878,8030,0.008728542333430317,0.005819028222286878
8031,0.005819028222286878,8031,0.008728542333430317,0.005819028222286878
8032,0.005819028222286878,8032,0.008728542333430317,0.005819028222286878
8033,0.005819028222286878,8033,0.008728542333430317,0.005819028222286878
8034,0.005819028222286878,8034,0.008728542333430317,0.005819028222286878
8035,0.005819028222286878,8035,0.008728542333430317,0.005819028222286878
8036,0.005819028222286878,8036,0.008728542333430317,0.005819028222286878
8037,0.005819028222286878,8037,0.008728542333430317,0.005819028222286878
8038,0.005819028222286878,8038,0.008728542333430317,0.005819028222286878
8039,0.005819028222286878,8039,0.008728542333430317,0.005819028222286878
8040,0.005819028222286878,8040,0.008728542333430317,0.005819028222286878
8041,0.005819028222286878,8041,0.008728542333430317,0.005819028222286878
8042,0.005819028222286878,8042,0.008728542333430317,0.005819028222286878
8043,0.005819028222286878,8043,0.008728542333430317,0.005819028222286878
8044,0.005819028222286878,8044,0.008728542333430317,0.005819028222286878
8045,0.005819028222286878,8045,0.008728542333430317,0.005819028222286878
8046,0.005819028222286878,8046,0.008728542333430317,0.005819028222286878
8047,0.005819028222286878,8047,0.008728542333430317,0.005819028222286878
8048,0.005819028222286878,8048,0.008728542333430317,0.005819028222286878
8049,0.005819028222286878,8049,0.008728542333430317,0.005819028222286878
8050,0.005819028222286878,8050,0.008728542333430317,0.005819028222286878
8051,0.005819028222286878,8051,0.008728542333430317,0.005819028222286878
8052,0.005819028222286878,8052,0.008728542333430317,0.005819028222286878
8053,0.005819028222286878,8053,0.008728542333430317,0.005819028222286878
8054,0.005819028222286878,8054,0.008728542333430317,0.005819028222286878
8055,0.005819028222286878,8055,0.008728542333430317,0.005819028222286878
8056,0.005819028222286878,8056,0.008728542333430317,0.005819028222286878
8057,0.005819028222286878,8057,0.008728542333430317,0.005819028222286878
8058,0.005819028222286878,8058,0.008728542333430317,0.005819028222286878
8059,0.005819028222286878,8059,0.008728542333430317,0.005819028222286878
8060,0.005819028222286878,8060,0.008728542333430317,0.005819028222286878
8061,0.005819028222286878,8061,0.008728542333430317,0.005819028222286878
8062,0.005819028222286878,8062,0.008728542333430317,0.005819028222286878
8063,0.005819028222286878,8063,0.008728542333430317,0.005819028222286878
8064,0.005819028222286878,8064,0.008728542333430317,0.005819028222286878
8065,0.005819028222286878,8065,0.008728542333430317,0.005819028222286878
8066,0.005819028222286878,8066,0.008728542333430317,0.005819028222286878
8067,0.005819028222286878,8067,0.008728542333430317,0.005819028222286878
8068,0.005819028222286878,8068,0.008728542333430317,0.005819028222286878
8069,0.005819028222286878,8069,0.008728542333430317,0.005819028222286878
8070,0.005819028222286878,8070,0.008728542333430317,0.005819028222286878
8071,0.005819028222286878,8071,0.008728542333430317,0.005819028222286878
8072,0.005819028222286878,8072,0.008728542333430317,0.005819028222286878
8073,0.005819028222286878,8073,0.008728542333430317,0.005819028222286878
8074,0.005819028222286878,8074,0.008728542333430317,0.005819028222286878
8075,0.005819028222286878,8075,0.008728542333430317,0.005819028222286878
8076,0.005819028222286878,8076,0.008728542333430317,0.005819028222286878
8077,0.005819028222286878,8077,0.008728542333430317,0.005819028222286878
8078,0.005819028222286878,8078,0.008728542333430317,0.005819028222286878
8079,0.005819028222286878,8079,0.008728542333430317,0.005819028222286878
8080,0.005819028222286878,8080,0.008728542333430317,0.005819028222286878
8081,0.005819028222286878,8081,0.008728542333430317,0.005819028222286878
8082,0.005819028222286878,8082,0.008728542333430317,0.005819028222286878
8083,0.005819028222286878,8083,0.008728542333430317,0.005819028222286878
8084,0.005819028222286878,8084,0.008728542333430317,0.005819028222286878
8085,0.005819028222286878,8085,0.008728542333430317,0.005819028222286878
8086,0.005819028222286878,8086,0.008728542333430317,0.005819028222286878
8087,0.005819028222286878,8087,0.008728542333430317,0.005819028222286878
8088,0.005819028222286878,8088,0.008728542333430317,0.005819028222286878
8089,0.005819028222286878,8089,0.008728542333430317,0.005819028222286878
8090,0.005819028222286878,8090,0.008728542333430317,0.005819028222286878
8091,0.005819028222286878,8091,0.008728542333430317,0.005819028222286878
8092,0.005819028222286878,8092,0.008728542333430317,0.005819028222286878
8093,0.005819028222286878,8093,0.008728542333430317,0.005819028222286878
8094,0.005819028222286878,8094,0.008728542333430317,0.005819028222286878
8095,0.005819028222286878,8095,0.008728542333430317,0.005819028222286878
8096,0.005819028222286878,8096,0.008728542333430317,0.005819028222286878
8097,0.005819028222286878,8097,0.008728542333430317,0.005819028222286878
8098,0.005819028222286878,8098,0.008728542333430317,0.005819028222286878
8099,0.005819028222286878,8099,0.008728542333430317,0.005819028222286878
8100,0.005819028222286878,8100,0.008728542333430317,0.005819028222286878
8101,0.005819028222286878,8101,0.008728542333430317,0.005819028222286878
8102,0.005819028222286878,8102,0.008728542333430317,0.005819028222286878
8103,0.005819028222286878,8103,0.008728542333430317,0.005819028222286878
8104,0.005819028222286878,8104,0.008728542333430317,0.005819028222286878
8105,0.005819028222286878,8105,0.008728542333430317,0.005819028222286878
8106,0.005819028222286878,8106,0.008728542333430317,0.005819028222286878
8107,0.005819028222286878,8107,0.008728542333430317,0.005819028222286878
8108,0.005819028222286878,8108,0.008728542333430317,0.005819028222286878
8109,0.005819028222286878,8109,0.008728542333430317,0.005819028222286878
8110,0.005819028222286878,8110,0.008728542333430317,0.005819028222286878
8111,0.005819028222286878,8111,0.008728542333430317,0.005819028222286878
8112,0.005819028222286878,8112,0.008728542333430317,0.005819028222286878
8113,0.005819028222286878,8113,0.008728542333430317,0.005819028222286878
8114,0.005819028222286878,8114,0.008728542333430317,0.005819028222286878
8115,0.005819028222286878,8115,0.008728542333430317,0.005819028222286878
8116,0.005819028222286878,8116,0.008728542333430317,0.005819028222286878
8117,0.005819028222286878,8117,0.008728542333430317,0.005819028222286878
8118,0.005819028222286878,8118,0.008728542333430317,0.005819028222286878
8119,0.005819028222286878,8119,0.008728542333430317,0.005819028222286878
8120,0.005819028222286878,8120,0.008728542333430317,0.005819028222286878
8121,0.005819028222286878,8121,0.008728542333430317,0.005819028222286878
8122,0.005819028222286878,8122,0.008728542333430317,0.005819028222286878
8123,0.005819028222286878,8123,0.008728542333430317,0.005819028222286878
8124,0.005819028222286878,8124,0.008728542333430317,0.005819028222286878
8125,0.005819028222286878,8125,0.008728542333430317,0.005819028222286878
8126,0.005819028222286878,8126,0.008728542333430317,0.005819028222286878
8127,0.005819028222286878,8127,0.008728542333430317,0.005819028222286878
8128,0.005819028222286878,8128,0.008728542333430317,0.005819028222286878
8129,0.005819028222286878,8129,0.008728542333430317,0.005819028222286878
8130,0.005819028222286878,8130,0.008728542333430317,0.005819028222286878
8131,0.005819028222286878,8131,0.008728542333430317,0.005819028222286878
8132,0.005819028222286878,8132,0.008728542333430317,0.005819028222286878
8133,0.005819028222286878,8133,0.008728542333430317,0.005819028222286878
8134,0.005819028222286878,8134,0.008728542333430317,0.005819028222286878
8135,0.005819028222286878,8135,0.008728542333430317,0.005819028222286878
8136,0.005819028222286878,8136,0.008728542333430317,0.005819028222286878
8137,0.005819028222286878,8137,0.008728542333430317,0.005819028222286878
8138,0.005819028222286878,8138,0.008728542333430317,0.005819028222286878
8139,0.005819028222286878,8139,0.008728542333430317,0.005819028222286878
8140,0.005819028222286878,8140,0.008728542333430317,0.005819028222286878
8141,0.005819028222286878,8141,0.008728542333430317,0.005819028222286878
8142,0.005819028222286878,8142,0.008728542333430317,0.005819028222286878
8143,0.005819028222286878,8143,0.008728542333430317,0.005819028222286878
8144,0.005819028222286878,8144,0.008728542333430317,0.005819028222286878
8145,0.005819028222286878,8145,0.008728542333430317,0.005819028222286878
8146,0.005819028222286878,8146,0.008728542333430317,0.005819028222286878
8147,0.005819028222286878,8147,0.008728542333430317,0.005819028222286878
8148,0.005819028222286878,8148,0.008728542333430317,0.005819028222286878
8149,0.005819028222286878,8149,0.008728542333430317,0.005819028222286878
8150,0.005819028222286878,8150,0.008728542333430317,0.005819028222286878
8151,0.005819028222286878,8151,0.008728542333430317,0.005819028222286878
8152,0.005819028222286878,8152,0.008728542333430317,0.005819028222286878
8153,0.005819028222286878,8153,0.008728542333430317,0.005819028222286878
8154,0.005819028222286878,8154,0.008728542333430317,0.005819028222286878
8155,0.005819028222286878,8155,0.008728542333430317,0.005819028222286878
8156,0.005819028222286878,8156,0.008728542333430317,0.005819028222286878
8157,0.005819028222286878,8157,0.008728542333430317,0.005819028222286878
8158,0.005819028222286878,8158,0.008728542333430317,0.005819028222286878
8159,0.005819028222286878,8159,0.008728542333430317,0.005819028222286878
8160,0.005819028222286878,8160,0.008728542333430317,0.005819028222286878
8161,0.005819028222286878,8161,0.008728542333430317,0.005819028222286878
8162,0.005819028222286878,8162,0.008728542333430317,0.005819028222286878
8163,0.005819028222286878,8163,0.008728542333430317,0.005819028222286878
8164,0.005819028222286878,8164,0.008728542333430317,0.005819028222286878
8165,0.005819028222286878,8165,0.008728542333430317,0.005819028222286878
8166,0.005819028222286878,8166,0.008728542333430317,0.005819028222286878
8167,0.005819028222286878,8167,0.008728542333430317,0.005819028222286878
8168,0.005819028222286878,8168,0.008728542333430317,0.005819028222286878
8169,0.005819028222286878,8169,0.008728542333430317,0.005819028222286878
8170,0.005819028222286878,8170,0.008728542333430317,0.005819028222286878
8171,0.005819028222286878,8171,0.008728542333430317,0.005819028222286878
8172,0.005819028222286878,8172,0.008728542333430317,0.005819028222286878
8173,0.005819028222286878,8173,0.008728542333430317,0.005819028222286878
8174,0.005819028222286878,8174,0.008728542333430317,0.005819028222286878
8175,0.005819028222286878,8175,0.008728542333430317,0.005819028222286878
8176,0.005819028222286878,8176,0.008728542333430317,0.005819028222286878
8177,0.005819028222286878,8177,0.008728542333430317,0.005819028222286878
8178,0.005819028222286878,8178,0.008728542333430317,0.005819028222286878
8179,0.005819028222286878,8179,0.008728542333430317,0.005819028222286878
8180,0.005819028222286878,8180,0.008728542333430317,0.005819028222286878
8181,0.005819028222286878,8181,0.008728542333430317,0.005819028222286878
8182,0.005819028222286878,8182,0.008728542333430317,0.005819028222286878
8183,0.005819028222286878,8183,0.008728542333430317,0.005819028222286878
8184,0.005819028222286878,8184,0.008728542333430317,0.005819028222286878
8185,0.005819028222286878,8185,0.008728542333430317,0.005819028222286878
8186,0.005819028222286878,8186,0.008728542333430317,0.005819028222286878
8187,0.005819028222286878,8187,0.008728542333430317,0.005819028222286878
8188,0.005819028222286878,8188,0.008728542333430317,0.005819028222286878
8189,0.005819028222286878,8189,0.008728542333430317,0.005819028222286878
8190,0.005819028222286878,8190,0.008728542333430317,0.005819028222286878
8191,0.005819028222286878,8191,0.008728542333430317,0.005819028222286878
8192,0.005819028222286878,8192,0.008728542333430317,0.005819028222286878
8193,0.005819028222286878,8193,0.008728542333430317,0.005819028222286878
8194,0.005819028222286878,8194,0.008728542333430317,0.005819028222286878
8195,0.005819028222286878,8195,0.008728542333430317,0.005819028222286878
8196,0.005819028222286878,8196,0.008728542333430317,0.005819028222286878
8197,0.005819028222286878,8197,0.008728542333430317,0.005819028222286878
8198,0.005819028222286878,8198,0.008728542333430317,0.005819028222286878
8199,0.005819028222286878,8199,0.008728542333430317,0.005819028222286878
8200,0.005819028222286878,8200,0.008728542333430317,0.005819028222286878
8201,0.005819028222286878,8201,0.008728542333430317,0.005819028222286878
8202,0.005819028222286878,8202,0.008728542333430317,0.005819028222286878
8203,0.005819028222286878,8203,0.008728542333430317,0.005819028222286878
8204,0.005819028222286878,8204,0.008728542333430317,0.005819028222286878
8205,0.005819028222286878,8205,0.008728542333430317,0.005819028222286878
8206,0.005819028222286878,8206,0.008728542333430317,0.005819028222286878
8207,0.005819028222286878,8207,0.008728542333430317,0.005819028222286878
8208,0.005819028222286878,8208,0.008728542333430317,0.005819028222286878
8209,0.005819028222286878,8209,0.008728542333430317,0.005819028222286878
8210,0.005819028222286878,8210,0.008728542333430317,0.005819028222286878
8211,0.005819028222286878,8211,0.008728542333430317,0.005819028222286878
8212,0.005819028222286878,8212,0.008728542333430317,0.005819028222286878
8213,0.005819028222286878,8213,0.008728542333430317,0.005819028222286878
8214,0.005819028222286878,8214,0.008728542333430317,0.005819028222286878
8215,0.005819028222286878,8215,0.008728542333430317,0.005819028222286878
8216,0.005819028222286878,8216,0.008728542333430317,0.005819028222286878
8217,0.005819028222286878,8217,0.008728542333430317,0.005819028222286878
8218,0.005819028222286878,8218,0.008728542333430317,0.005819028222286878
8219,0.005819028222286878,8219,0.008728542333430317,0.005819028222286878
8220,0.005819028222286878,8220,0.008728542333430317,0.005819028222286878
8221,0.005819028222286878,8221,0.008728542333430317,0.005819028222286878
8222,0.005819028222286878,8222,0.008728542333430317,0.005819028222286878
8223,0.005819028222286878,8223,0.008728542333430317,0.005819028222286878
8224,0.005819028222286878,8224,0.008728542333430317,0.005819028222286878
8225,0.005819028222286878,8225,0.008728542333430317,0.005819028222286878
8226,0.005819028222286878,8226,0.008728542333430317,0.005819028222286878
8227,0.005819028222286878,8227,0.008728542333430317,0.005819028222286878
8228,0.005819028222286878,8228,0.008728542333430317,0.005819028222286878
8229,0.005819028222286878,8229,0.008728542333430317,0.005819028222286878
8230,0.005819028222286878,8230,0.008728542333430317,0.005819028222286878
8231,0.005819028222286878,8231,0.008728542333430317,0.005819028222286878
8232,0.005819028222286878,8232,0.008728542333430317,0.005819028222286878
8233,0.005819028222286878,8233,0.008728542333430317,0.005819028222286878
8234,0.005819028222286878,8234,0.008728542333430317,0.005819028222286878
8235,0.005819028222286878,8235,0.008728542333430317,0.005819028222286878
8236,0.005819028222286878,8236,0.008728542333430317,0.005819028222286878
8237,0.005819028222286878,8237,0.008728542333430317,0.005819028222286878
8238,0.005819028222286878,8238,0.008728542333430317,0.005819028222286878
8239,0.005819028222286878,8239,0.008728542333430317,0.005819028222286878
8240,0.005819028222286878,8240,0.008728542333430317,0.005819028222286878
8241,0.005819028222286878,8241,0.008728542333430317,0.005819028222286878
8242,0.005819028222286878,8242,0.008728542333430317,0.005819028222286878
8243,0.005819028222286878,8243,0.008728542333430317,0.005819028222286878
8244,0.005819028222286878,8244,0.008728542333430317,0.005819028222286878
8245,0.005819028222286878,8245,0.008728542333430317,0.005819028222286878
8246,0.005819028222286878,8246,0.008728542333430317,0.005819028222286878
8247,0.005819028222286878,8247,0.008728542333430317,0.005819028222286878
8248,0.005819028222286878,8248,0.008728542333430317,0.005819028222286878
8249,0.005819028222286878,8249,0.008728542333430317,0.005819028222286878
8250,0.005819028222286878,8250,0.008728542333430317,0.005819028222286878
8251,0.005819028222286878,8251,0.008728542333430317,0.005819028222286878
8252,0.005819028222286878,8252,0.008728542333430317,0.005819028222286878
8253,0.005819028222286878,8253,0.008728542333430317,0.005819028222286878
8254,0.005819028222286878,8254,0.008728542333430317,0.005819028222286878
8255,0.005819028222286878,8255,0.008728542333430317,0.005819028222286878
8256,0.005819028222286878,8256,0.008728542333430317,0.005819028222286878
8257,0.005819028222286878,8257,0.008728542333430317,0.005819028222286878
8258,0.005819028222286878,8258,0.008728542333430317,0.005819028222286878
8259,0.005819028222286878,8259,0.008728542333430317,0.005819028222286878
8260,0.005819028222286878,8260,0.008728542333430317,0.005819028222286878
8261,0.005819028222286878,8261,0.008728542333430317,0.005819028222286878
8262,0.005819028222286878,8262,0.008728542333430317,0.005819028222286878
8263,0.005819028222286878,8263,0.008728542333430317,0.005819028222286878
8264,0.005819028222286878,8264,0.008728542333430317,0.005819028222286878
8265,0.005819028222286878,8265,0.008728542333430317,0.005819028222286878
8266,0.005819028222286878,8266,0.008728542333430317,0.005819028222286878
8267,0.005819028222286878,8267,0.008728542333430317,0.005819028222286878
8268,0.005819028222286878,8268,0.008728542333430317,0.005819028222286878
8269,0.005819028222286878,8269,0.008728542333430317,0.005819028222286878
8270,0.005819028222286878,8270,0.008728542333430317,0.005819028222286878
8271,0.005819028222286878,8271,0.008728542333430317,0.005819028222286878
8272,0.005819028222286878,8272,0.008728542333430317,0.005819028222286878
8273,0.005819028222286878,8273,0.008728542333430317,0.005819028222286878
8274,0.005819028222286878,8274,0.008728542333430317,0.005819028222286878
8275,0.005819028222286878,8275,0.008728542333430317,0.005819028222286878
8276,0.005819028222286878,8276,0.008728542333430317,0.005819028222286878
8277,0.005819028222286878,8277,0.008728542333430317,0.005819028222286878
8278,0.005819028222286878,8278,0.008728542333430317,0.005819028222286878
8279,0.005819028222286878,8279,0.008728542333430317,0.005819028222286878
8280,0.005819028222286878,8280,0.008728542333430317,0.005819028222286878
8281,0.005819028222286878,8281,0.008728542333430317,0.005819028222286878
8282,0.005819028222286878,8282,0.008728542333430317,0.005819028222286878
8283,0.005819028222286878,8283,0.008728542333430317,0.005819028222286878
8284,0.005819028222286878,8284,0.008728542333430317,0.005819028222286878
8285,0.005819028222286878,8285,0.008728542333430317,0.005819028222286878
8286,0.005819028222286878,8286,0.008728542333430317,0.005819028222286878
8287,0.005819028222286878,8287,0.008728542333430317,0.005819028222286878
8288,0.005819028222286878,8288,0.008728542333430317,0.005819028222286878
8289,0.005819028222286878,8289,0.008728542333430317,0.005819028222286878
8290,0.005819028222286878,8290,0.008728542333430317,0.005819028222286878
8291,0.005819028222286878,8291,0.008728542333430317,0.005819028222286878
8292,0.005819028222286878,8292,0.008728542333430317,0.005819028222286878
8293,0.005819028222286878,8293,0.008728542333430317,0.005819028222286878
8294,0.005819028222286878,8294,0.008728542333430317,0.005819028222286878
8295,0.005819028222286878,8295,0.008728542333430317,0.005819028222286878
8296,0.005819028222286878,8296,0.008728542333430317,0.005819028222286878
8297,0.005819028222286878,8297,0.008728542333430317,0.005819028222286878
8298,0.005819028222286878,8298,0.008728542333430317,0.005819028222286878
8299,0.005819028222286878,8299,0.008728542333430317,0.005819028222286878
8300,0.005819028222286878,8300,0.008728542333430317,0.005819028222286878
8301,0.005819028222286878,8301,0.008728542333430317,0.005819028222286878
8302,0.005819028222286878,8302,0.008728542333430317,0.005819028222286878
8303,0.005819028222286878,8303,0.008728542333430317,0.005819028222286878
8304,0.005819028222286878,8304,0.008728542333430317,0.005819028222286878
8305,0.005819028222286878,8305,0.008728542333430317,0.005819028222286878
8306,0.005819028222286878,8306,0.008728542333430317,0.005819028222286878
8307,0.005819028222286878,8307,0.008728542333430317,0.005819028222286878
8308,0.005819028222286878,8308,0.008728542333430317,0.005819028222286878
8309,0.005819028222286878,8309,0.008728542333430317,0.005819028222286878
8310,0.005819028222286878,8310,0.008728542333430317,0.005819028222286878
8311,0.005819028222286878,8311,0.008728542333430317,0.005819028222286878
8312,0.005819028222286878,8312,0.008728542333430317,0.005819028222286878
8313,0.005819028222286878,8313,0.008728542333430317,0.005819028222286878
8314,0.005819028222286878,8314,0.008728542333430317,0.005819028222286878
8315,0.005819028222286878,8315,0.008728542333430317,0.005819028222286878
8316,0.005819028222286878,8316,0.008728542333430317,0.005819028222286878
8317,0.005819028222286878,8317,0.008728542333430317,0.005819028222286878
8318,0.005819028222286878,8318,0.008728542333430317,0.005819028222286878
8319,0.005819028222286878,8319,0.008728542333430317,0.005819028222286878
8320,0.005819028222286878,8320,0.008728542333430317,0.005819028222286878
8321,0.005819028222286878,8321,0.008728542333430317,0.005819028222286878
8322,0.005819028222286878,8322,0.008728542333430317,0.005819028222286878
8323,0.005819028222286878,8323,0.008728542333430317,0.005819028222286878
8324,0.005819028222286878,8324,0.008728542333430317,0.005819028222286878
8325,0.005819028222286878,8325,0.008728542333430317,0.005819028222286878
8326,0.005819028222286878,8326,0.008728542333430317,0.005819028222286878
8327,0.005819028222286878,8327,0.008728542333430317,0.005819028222286878
8328,0.005819028222286878,8328,0.008728542333430317,0.005819028222286878
8329,0.005819028222286878,8329,0.008728542333430317,0.005819028222286878
8330,0.005819028222286878,8330,0.008728542333430317,0.005819028222286878
8331,0.005819028222286878,8331,0.008728542333430317,0.005819028222286878
8332,0.005819028222286878,8332,0.008728542333430317,0.005819028222286878
8333,0.005819028222286878,8333,0.008728542333430317,0.005819028222286878
8334,0.005819028222286878,8334,0.008728542333430317,0.005819028222286878
8335,0.005819028222286878,8335,0.008728542333430317,0.005819028222286878
8336,0.005819028222286878,8336,0.008728542333430317,0.005819028222286878
8337,0.005819028222286878,8337,0.008728542333430317,0.005819028222286878
8338,0.005819028222286878,8338,0.008728542333430317,0.005819028222286878
8339,0.005819028222286878,8339,0.008728542333430317,0.005819028222286878
8340,0.005819028222286878,8340,0.008728542333430317,0.005819028222286878
8341,0.005819028222286878,8341,0.008728542333430317,0.005819028222286878
8342,0.005819028222286878,8342,0.008728542333430317,0.005819028222286878
8343,0.005819028222286878,8343,0.008728542333430317,0.005819028222286878
8344,0.005819028222286878,8344,0.008728542333430317,0.005819028222286878
8345,0.005819028222286878,8345,0.008728542333430317,0.005819028222286878
8346,0.005819028222286878,8346,0.008728542333430317,0.005819028222286878
8347,0.005819028222286878,8347,0.008728542333430317,0.005819028222286878
8348,0.005819028222286878,8348,0.008728542333430317,0.005819028222286878
8349,0.005819028222286878,8349,0.008728542333430317,0.005819028222286878
8350,0.005819028222286878,8350,0.008728542333430317,0.005819028222286878
8351,0.005819028222286878,8351,0.008728542333430317,0.005819028222286878
8352,0.005819028222286878,8352,0.008728542333430317,0.005819028222286878
8353,0.005819028222286878,8353,0.008728542333430317,0.005819028222286878
8354,0.005819028222286878,8354,0.008728542333430317,0.005819028222286878
8355,0.005819028222286878,8355,0.008728542333430317,0.005819028222286878
8356,0.005819028222286878,8356,0.008728542333430317,0.005819028222286878
8357,0.005819028222286878,8357,0.008728542333430317,0.005819028222286878
8358,0.005819028222286878,8358,0.008728542333430317,0.005819028222286878
8359,0.005819028222286878,8359,0.008728542333430317,0.005819028222286878
8360,0.005819028222286878,8360,0.008728542333430317,0.005819028222286878
8361,0.005819028222286878,8361,0.008728542333430317,0.005819028222286878
8362,0.005819028222286878,8362,0.008728542333430317,0.005819028222286878
8363,0.005819028222286878,8363,0.008728542333430317,0.005819028222286878
8364,0.005819028222286878,8364,0.008728542333430317,0.005819028222286878
8365,0.005819028222286878,8365,0.008728542333430317,0.005819028222286878
8366,0.005819028222286878,8366,0.008728542333430317,0.005819028222286878
8367,0.005819028222286878,8367,0.008728542333430317,0.005819028222286878
8368,0.005819028222286878,8368,0.008728542333430317,0.005819028222286878
8369,0.005819028222286878,8369,0.008728542333430317,0.005819028222286878
8370,0.005819028222286878,8370,0.008728542333430317,0.005819028222286878
8371,0.005819028222286878,8371,0.008728542333430317,0.005819028222286878
8372,0.005819028222286878,8372,0.008728542333430317,0.005819028222286878
8373,0.005819028222286878,8373,0.008728542333430317,0.005819028222286878
8374,0.005819028222286878,8374,0.008728542333430317,0.005819028222286878
8375,0.005819028222286878,8375,0.008728542333430317,0.005819028222286878
8376,0.005819028222286878,8376,0.008728542333430317,0.005819028222286878
8377,0.005819028222286878,8377,0.008728542333430317,0.005819028222286878
8378,0.005819028222286878,8378,0.008728542333430317,0.005819028222286878
8379,0.005819028222286878,8379,0.008728542333430317,0.005819028222286878
8380,0.005819028222286878,8380,0.008728542333430317,0.005819028222286878
8381,0.005819028222286878,8381,0.008728542333430317,0.005819028222286878
8382,0.005819028222286878,8382,0.008728542333430317,0.005819028222286878
8383,0.005819028222286878,8383,0.008728542333430317,0.005819028222286878
8384,0.005819028222286878,8384,0.008728542333430317,0.005819028222286878
8385,0.005819028222286878,8385,0.008728542333430317,0.005819028222286878
8386,0.005819028222286878,8386,0.008728542333430317,0.005819028222286878
8387,0.005819028222286878,8387,0.008728542333430317,0.005819028222286878
8388,0.005819028222286878,8388,0.008728542333430317,0.005819028222286878
8389,0.005819028222286878,8389,0.008728542333430317,0.005819028222286878
8390,0.005819028222286878,8390,0.008728542333430317,0.005819028222286878
8391,0.005819028222286878,8391,0.008728542333430317,0.005819028222286878
8392,0.005819028222286878,8392,0.008728542333430317,0.005819028222286878
8393,0.005819028222286878,8393,0.008728542333430317,0.005819028222286878
8394,0.005819028222286878,8394,0.008728542333430317,0.005819028222286878
8395,0.005819028222286878,8395,0.008728542333430317,0.005819028222286878
8396,0.005819028222286878,8396,0.008728542333430317,0.005819028222286878
8397,0.005819028222286878,8397,0.008728542333430317,0.005819028222286878
8398,0.005819028222286878,8398,0.008728542333430317,0.005819028222286878
8399,0.005819028222286878,8399,0.008728542333430317,0.005819028222286878
8400,0.005819028222286878,8400,0.008728542333430317,0.005819028222286878
8401,0.005819028222286878,8401,0.008728542333430317,0.005819028222286878
8402,0.005819028222286878,8402,0.008728542333430317,0.005819028222286878
8403,0.005819028222286878,8403,0.008728542333430317,0.005819028222286878
8404,0.005819028222286878,8404,0.008728542333430317,0.005819028222286878
8405,0.005819028222286878,8405,0.008728542333430317,0.005819028222286878
8406,0.005819028222286878,8406,0.008728542333430317,0.005819028222286878
8407,0.005819028222286878,8407,0.008728542333430317,0.005819028222286878
8408,0.005819028222286878,8408,0.008728542333430317,0.005819028222286878
8409,0.005819028222286878,8409,0.008728542333430317,0.005819028222286878
8410,0.005819028222286878,8410,0.008728542333430317,0.005819028222286878
8411,0.005819028222286878,8411,0.008728542333430317,0.005819028222286878
8412,0.005819028222286878,8412,0.008728542333430317,0.005819028222286878
8413,0.005819028222286878,8413,0.008728542333430317,0.005819028222286878
8414,0.005819028222286878,8414,0.008728542333430317,0.005819028222286878
8415,0.005819028222286878,8415,0.008728542333430317,0.005819028222286878
8416,0.005819028222286878,8416,0.008728542333430317,0.005819028222286878
8417,0.005819028222286878,8417,0.008728542333430317,0.005819028222286878
8418,0.005819028222286878,8418,0.008728542333430317,0.005819028222286878
8419,0.005819028222286878,8419,0.008728542333430317,0.005819028222286878
8420,0.005819028222286878,8420,0.008728542333430317,0.005819028222286878
8421,0.005819028222286878,8421,0.008728542333430317,0.005819028222286878
8422,0.005819028222286878,8422,0.008728542333430317,0.005819028222286878
8423,0.005819028222286878,8423,0.008728542333430317,0.005819028222286878
8424,0.005819028222286878,8424,0.008728542333430317,0.005819028222286878
8425,0.005819028222286878,8425,0.008728542333430317,0.005819028222286878
8426,0.005819028222286878,8426,0.008728542333430317,0.005819028222286878
8427,0.005819028222286878,8427,0.008728542333430317,0.005819028222286878
8428,0.005819028222286878,8428,0.008728542333430317,0.005819028222286878
8429,0.005819028222286878,8429,0.008728542333430317,0.005819028222286878
8430,0.005819028222286878,8430,0.008728542333430317,0.005819028222286878
8431,0.005819028222286878,8431,0.008728542333430317,0.005819028222286878
8432,0.005819028222286878,8432,0.008728542333430317,0.005819028222286878
8433,0.005819028222286878,8433,0.008728542333430317,0.005819028222286878
8434,0.005819028222286878,8434,0.008728542333430317,0.005819028222286878
8435,0.005819028222286878,8435,0.008728542333430317,0.005819028222286878
8436,0.005819028222286878,8436,0.008728542333430317,0.005819028222286878
8437,0.005819028222286878,8437,0.008728542333430317,0.005819028222286878
8438,0.005819028222286878,8438,0.008728542333430317,0.005819028222286878
8439,0.005819028222286878,8439,0.008728542333430317,0.005819028222286878
8440,0.005819028222286878,8440,0.008728542333430317,0.005819028222286878
8441,0.005819028222286878,8441,0.008728542333430317,0.005819028222286878
8442,0.005819028222286878,8442,0.008728542333430317,0.005819028222286878
8443,0.005819028222286878,8443,0.008728542333430317,0.005819028222286878
8444,0.005819028222286878,8444,0.008728542333430317,0.005819028222286878
8445,0.005819028222286878,8445,0.008728542333430317,0.005819028222286878
8446,0.005819028222286878,8446,0.008728542333430317,0.005819028222286878
8447,0.005819028222286878,8447,0.008728542333430317,0.005819028222286878
8448,0.005819028222286878,8448,0.008728542333430317,0.005819028222286878
8449,0.005819028222286878,8449,0.008728542333430317,0.005819028222286878
8450,0.005819028222286878,8450,0.008728542333430317,0.005819028222286878
8451,0.005819028222286878,8451,0.008728542333430317,0.005819028222286878
8452,0.005819028222286878,8452,0.008728542333430317,0.005819028222286878
8453,0.005819028222286878,8453,0.008728542333430317,0.005819028222286878
8454,0.005819028222286878,8454,0.008728542333430317,0.005819028222286878
8455,0.005819028222286878,8455,0.008728542333430317,0.005819028222286878
8456,0.005819028222286878,8456,0.008728542333430317,0.005819028222286878
8457,0.005819028222286878,8457,0.008728542333430317,0.005819028222286878
8458,0.005819028222286878,8458,0.008728542333430317,0.005819028222286878
8459,0.005819028222286878,8459,0.008728542333430317,0.005819028222286878
8460,0.005819028222286878,8460,0.008728542333430317,0.005819028222286878
8461,0.005819028222286878,8461,0.008728542333430317,0.005819028222286878
8462,0.005819028222286878,8462,0.008728542333430317,0.005819028222286878
8463,0.005819028222286878,8463,0.008728542333430317,0.005819028222286878
8464,0.005819028222286878,8464,0.008728542333430317,0.005819028222286878
8465,0.005819028222286878,8465,0.008728542333430317,0.005819028222286878
8466,0.005819028222286878,8466,0.008728542333430317,0.005819028222286878
8467,0.005819028222286878,8467,0.008728542333430317,0.005819028222286878
8468,0.005819028222286878,8468,0.008728542333430317,0.005819028222286878
8469,0.005819028222286878,8469,0.008728542333430317,0.005819028222286878
8470,0.005819028222286878,8470,0.008728542333430317,0.005819028222286878
8471,0.005819028222286878,8471,0.008728542333430317,0.005819028222286878
8472,0.005819028222286878,8472,0.008728542333430317,0.005819028222286878
8473,0.005819028222286878,8473,0.008728542333430317,0.005819028222286878
8474,0.005819028222286878,8474,0.008728542333430317,0.005819028222286878
8475,0.005819028222286878,8475,0.008728542333430317,0.005819028222286878
8476,0.005819028222286878,8476,0.008728542333430317,0.005819028222286878
8477,0.005819028222286878,8477,0.008728542333430317,0.005819028222286878
8478,0.005819028222286878,8478,0.008728542333430317,0.005819028222286878
8479,0.005819028222286878,8479,0.008728542333430317,0.005819028222286878
8480,0.005819028222286878,8480,0.008728542333430317,0.005819028222286878
8481,0.005819028222286878,8481,0.008728542333430317,0.005819028222286878
8482,0.005819028222286878,8482,0.008728542333430317,0.005819028222286878
8483,0.005819028222286878,8483,0.008728542333430317,0.005819028222286878
8484,0.005819028222286878,8484,0.008728542333430317,0.005819028222286878
8485,0.005819028222286878,8485,0.008728542333430317,0.005819028222286878
8486,0.005819028222286878,8486,0.008728542333430317,0.005819028222286878
8487,0.005819028222286878,8487,0.008728542333430317,0.005819028222286878
8488,0.005819028222286878,8488,0.008728542333430317,0.005819028222286878
8489,0.005819028222286878,8489,0.008728542333430317,0.005819028222286878
8490,0.005819028222286878,8490,0.008728542333430317,0.005819028222286878
8491,0.005819028222286878,8491,0.008728542333430317,0.005819028222286878
8492,0.005819028222286878,8492,0.008728542333430317,0.005819028222286878
8493,0.005819028222286878,8493,0.008728542333430317,0.005819028222286878
8494,0.005819028222286878,8494,0.008728542333430317,0.005819028222286878
8495,0.005819028222286878,8495,0.008728542333430317,0.005819028222286878
8496,0.005819028222286878,8496,0.008728542333430317,0.005819028222286878
8497,0.005819028222286878,8497,0.008728542333430317,0.005819028222286878
8498,0.005819028222286878,8498,0.008728542333430317,0.005819028222286878
8499,0.005819028222286878,8499,0.008728542333430317,0.005819028222286878
8500,0.005819028222286878,8500,0.008728542333430317,0.005819028222286878
8501,0.005819028222286878,8501,0.008728542333430317,0.005819028222286878
8502,0.005819028222286878,8502,0.008728542333430317,0.005819028222286878
8503,0.005819028222286878,8503,0.008728542333430317,0.005819028222286878
8504,0.005819028222286878,8504,0.008728542333430317,0.005819028222286878
8505,0.005819028222286878,8505,0.008728542333430317,0.005819028222286878
8506,0.005819028222286878,8506,0.008728542333430317,0.005819028222286878
8507,0.005819028222286878,8507,0.008728542333430317,0.005819028222286878
8508,0.005819028222286878,8508,0.008728542333430317,0.005819028222286878
8509,0.005819028222286878,8509,0.008728542333430317,0.005819028222286878
8510,0.005819028222286878,8510,0.008728542333430317,0.005819028222286878
8511,0.005819028222286878,8511,0.008728542333430317,0.005819028222286878
8512,0.005819028222286878,8512,0.008728542333430317,0.005819028222286878
8513,0.005819028222286878,8513,0.008728542333430317,0.005819028222286878
8514,0.005819028222286878,8514,0.008728542333430317,0.005819028222286878
8515,0.005819028222286878,8515,0.008728542333430317,0.005819028222286878
8516,0.005819028222286878,8516,0.008728542333430317,0.005819028222286878
8517,0.005819028222286878,8517,0.008728542333430317,0.005819028222286878
8518,0.005819028222286878,8518,0.008728542333430317,0.005819028222286878
8519,0.005819028222286878,8519,0.008728542333430317,0.005819028222286878
8520,0.005819028222286878,8520,0.008728542333430317,0.005819028222286878
8521,0.005819028222286878,8521,0.008728542333430317,0.005819028222286878
8522,0.005819028222286878,8522,0.008728542333430317,0.005819028222286878
8523,0.005819028222286878,8523,0.008728542333430317,0.005819028222286878
8524,0.005819028222286878,8524,0.008728542333430317,0.005819028222286878
8525,0.005819028222286878,8525,0.008728542333430317,0.005819028222286878
8526,0.005819028222286878,8526,0.008728542333430317,0.005819028222286878
8527,0.005819028222286878,8527,0.008728542333430317,0.005819028222286878
8528,0.005819028222286878,8528,0.008728542333430317,0.005819028222286878
8529,0.005819028222286878,8529,0.008728542333430317,0.005819028222286878
8530,0.005819028222286878,8530,0.008728542333430317,0.005819028222286878
8531,0.005819028222286878,8531,0.008728542333430317,0.005819028222286878
8532,0.005819028222286878,8532,0.008728542333430317,0.005819028222286878
8533,0.005819028222286878,8533,0.008728542333430317,0.005819028222286878
8534,0.005819028222286878,8534,0.008728542333430317,0.005819028222286878
8535,0.005819028222286878,8535,0.008728542333430317,0.005819028222286878
8536,0.005819028222286878,8536,0.008728542333430317,0.005819028222286878
8537,0.005819028222286878,8537,0.008728542333430317,0.005819028222286878
8538,0.005819028222286878,8538,0.008728542333430317,0.005819028222286878
8539,0.005819028222286878,8539,0.008728542333430317,0.005819028222286878
8540,0.005819028222286878,8540,0.008728542333430317,0.005819028222286878
8541,0.005819028222286878,8541,0.008728542333430317,0.005819028222286878
8542,0.005819028222286878,8542,0.008728542333430317,0.005819028222286878
8543,0.005819028222286878,8543,0.008728542333430317,0.005819028222286878
8544,0.005819028222286878,8544,0.008728542333430317,0.005819028222286878
8545,0.005819028222286878,8545,0.008728542333430317,0.005819028222286878
8546,0.005819028222286878,8546,0.008728542333430317,0.005819028222286878
8547,0.005819028222286878,8547,0.008728542333430317,0.005819028222286878
8548,0.005819028222286878,8548,0.008728542333430317,0.005819028222286878
8549,0.005819028222286878,8549,0.008728542333430317,0.005819028222286878
8550,0.005819028222286878,8550,0.008728542333430317,0.005819028222286878
8551,0.005819028222286878,8551,0.008728542333430317,0.005819028222286878
8552,0.005819028222286878,8552,0.008728542333430317,0.005819028222286878
8553,0.005819028222286878,8553,0.008728542333430317,0.005819028222286878
8554,0.005819028222286878,8554,0.008728542333430317,0.005819028222286878
8555,0.005819028222286878,8555,0.008728542333430317,0.005819028222286878
8556,0.005819028222286878,8556,0.008728542333430317,0.005819028222286878
8557,0.005819028222286878,8557,0.008728542333430317,0.005819028222286878
8558,0.005819028222286878,8558,0.008728542333430317,0.005819028222286878
8559,0.005819028222286878,8559,0.008728542333430317,0.005819028222286878
8560,0.005819028222286878,8560,0.008728542333430317,0.005819028222286878
8561,0.005819028222286878,8561,0.008728542333430317,0.005819028222286878
8562,0.005819028222286878,8562,0.008728542333430317,0.005819028222286878
8563,0.005819028222286878,8563,0.008728542333430317,0.005819028222286878
8564,0.005819028222286878,8564,0.008728542333430317,0.005819028222286878
8565,0.005819028222286878,8565,0.008728542333430317,0.005819028222286878
8566,0.005819028222286878,8566,0.008728542333430317,0.005819028222286878
8567,0.005819028222286878,8567,0.008728542333430317,0.005819028222286878
8568,0.005819028222286878,8568,0.008728542333430317,0.005819028222286878
8569,0.005819028222286878,8569,0.008728542333430317,0.005819028222286878
8570,0.005819028222286878,8570,0.008728542333430317,0.005819028222286878
8571,0.005819028222286878,8571,0.008728542333430317,0.005819028222286878
8572,0.005819028222286878,8572,0.008728542333430317,0.005819028222286878
8573,0.005819028222286878,8573,0.008728542333430317,0.005819028222286878
8574,0.005819028222286878,8574,0.008728542333430317,0.005819028222286878
8575,0.005819028222286878,8575,0.008728542333430317,0.005819028222286878
8576,0.005819028222286878,8576,0.008728542333430317,0.005819028222286878
8577,0.005819028222286878,8577,0.008728542333430317,0.005819028222286878
8578,0.005819028222286878,8578,0.008728542333430317,0.005819028222286878
8579,0.005819028222286878,8579,0.008728542333430317,0.005819028222286878
8580,0.005819028222286878,8580,0.008728542333430317,0.005819028222286878
8581,0.005819028222286878,8581,0.008728542333430317,0.005819028222286878
8582,0.005819028222286878,8582,0.008728542333430317,0.005819028222286878
8583,0.005819028222286878,8583,0.008728542333430317,0.005819028222286878
8584,0.005819028222286878,8584,0.008728542333430317,0.005819028222286878
8585,0.005819028222286878,8585,0.008728542333430317,0.005819028222286878
8586,0.005819028222286878,8586,0.008728542333430317,0.005819028222286878
8587,0.005819028222286878,8587,0.008728542333430317,0.005819028222286878
8588,0.005819028222286878,8588,0.008728542333430317,0.005819028222286878
8589,0.005819028222286878,8589,0.008728542333430317,0.005819028222286878
8590,0.005819028222286878,8590,0.008728542333430317,0.005819028222286878
8591,0.005819028222286878,8591,0.008728542333430317,0.005819028222286878
8592,0.005819028222286878,8592,0.008728542333430317,0.005819028222286878
8593,0.005819028222286878,8593,0.008728542333430317,0.005819028222286878
8594,0.005819028222286878,8594,0.008728542333430317,0.005819028222286878
8595,0.005819028222286878,8595,0.008728542333430317,0.005819028222286878
8596,0.005819028222286878,8596,0.008728542333430317,0.005819028222286878
8597,0.005819028222286878,8597,0.008728542333430317,0.005819028222286878
8598,0.005819028222286878,8598,0.008728542333430317,0.005819028222286878
8599,0.005819028222286878,8599,0.008728542333430317,0.005819028222286878
8600,0.005819028222286878,8600,0.008728542333430317,0.005819028222286878
8601,0.005819028222286878,8601,0.008728542333430317,0.005819028222286878
8602,0.005819028222286878,8602,0.008728542333430317,0.005819028222286878
8603,0.005819028222286878,8603,0.008728542333430317,0.005819028222286878
8604,0.005819028222286878,8604,0.008728542333430317,0.005819028222286878
8605,0.005819028222286878,8605,0.008728542333430317,0.005819028222286878
8606,0.005819028222286878,8606,0.008728542333430317,0.005819028222286878
8607,0.005819028222286878,8607,0.008728542333430317,0.005819028222286878
8608,0.005819028222286878,8608,0.008728542333430317,0.005819028222286878
8609,0.005819028222286878,8609,0.008728542333430317,0.005819028222286878
8610,0.005819028222286878,8610,0.008728542333430317,0.005819028222286878
8611,0.005819028222286878,8611,0.008728542333430317,0.005819028222286878
8612,0.005819028222286878,8612,0.008728542333430317,0.005819028222286878
8613,0.005819028222286878,8613,0.008728542333430317,0.005819028222286878
8614,0.005819028222286878,8614,0.008728542333430317,0.005819028222286878
8615,0.005819028222286878,8615,0.008728542333430317,0.005819028222286878
8616,0.005819028222286878,8616,0.008728542333430317,0.005819028222286878
8617,0.005819028222286878,8617,0.008728542333430317,0.005819028222286878
8618,0.005819028222286878,8618,0.008728542333430317,0.005819028222286878
8619,0.005819028222286878,8619,0.008728542333430317,0.005819028222286878
8620,0.005819028222286878,8620,0.008728542333430317,0.005819028222286878
8621,0.005819028222286878,8621,0.008728542333430317,0.005819028222286878
8622,0.005819028222286878,8622,0.008728542333430317,0.005819028222286878
8623,0.005819028222286878,8623,0.008728542333430317,0.005819028222286878
8624,0.005819028222286878,8624,0.008728542333430317,0.005819028222286878
8625,0.005819028222286878,8625,0.008728542333430317,0.005819028222286878
8626,0.005819028222286878,8626,0.008728542333430317,0.005819028222286878
8627,0.005819028222286878,8627,0.008728542333430317,0.005819028222286878
8628,0.005819028222286878,8628,0.008728542333430317,0.005819028222286878
8629,0.005819028222286878,8629,0.008728542333430317,0.005819028222286878
8630,0.005819028222286878,8630,0.008728542333430317,0.005819028222286878
8631,0.005819028222286878,8631,0.008728542333430317,0.005819028222286878
8632,0.005819028222286878,8632,0.008728542333430317,0.005819028222286878
8633,0.005819028222286878,8633,0.008728542333430317,0.005819028222286878
8634,0.005819028222286878,8634,0.008728542333430317,0.005819028222286878
8635,0.005819028222286878,8635,0.008728542333430317,0.005819028222286878
8636,0.005819028222286878,8636,0.008728542333430317,0.005819028222286878
8637,0.005819028222286878,8637,0.008728542333430317,0.005819028222286878
8638,0.005819028222286878,8638,0.008728542333430317,0.005819028222286878
8639,0.005819028222286878,8639,0.008728542333430317,0.005819028222286878
8640,0.005819028222286878,8640,0.008728542333430317,0.005819028222286878
8641,0.005819028222286878,8641,0.008728542333430317,0.005819028222286878
8642,0.005819028222286878,8642,0.008728542333430317,0.005819028222286878
8643,0.005819028222286878,8643,0.008728542333430317,0.005819028222286878
8644,0.005819028222286878,8644,0.008728542333430317,0.005819028222286878
8645,0.005819028222286878,8645,0.008728542333430317,0.005819028222286878
8646,0.005819028222286878,8646,0.008728542333430317,0.005819028222286878
8647,0.005819028222286878,8647,0.008728542333430317,0.005819028222286878
8648,0.005819028222286878,8648,0.008728542333430317,0.005819028222286878
8649,0.005819028222286878,8649,0.008728542333430317,0.005819028222286878
8650,0.005819028222286878,8650,0.008728542333430317,0.005819028222286878
8651,0.005819028222286878,8651,0.008728542333430317,0.005819028222286878
8652,0.005819028222286878,8652,0.008728542333430317,0.005819028222286878
8653,0.005819028222286878,8653,0.008728542333430317,0.005819028222286878
8654,0.005819028222286878,8654,0.008728542333430317,0.005819028222286878
8655,0.005819028222286878,8655,0.008728542333430317,0.005819028222286878
8656,0.005819028222286878,8656,0.008728542333430317,0.005819028222286878
8657,0.005819028222286878,8657,0.008728542333430317,0.005819028222286878
8658,0.005819028222286878,8658,0.008728542333430317,0.005819028222286878
8659,0.005819028222286878,8659,0.008728542333430317,0.005819028222286878
8660,0.005819028222286878,8660,0.008728542333430317,0.005819028222286878
8661,0.005819028222286878,8661,0.008728542333430317,0.005819028222286878
8662,0.005819028222286878,8662,0.008728542333430317,0.005819028222286878
8663,0.005819028222286878,8663,0.008728542333430317,0.005819028222286878
8664,0.005819028222286878,8664,0.008728542333430317,0.005819028222286878
8665,0.005819028222286878,8665,0.008728542333430317,0.005819028222286878
8666,0.005819028222286878,8666,0.008728542333430317,0.005819028222286878
8667,0.005819028222286878,8667,0.008728542333430317,0.005819028222286878
8668,0.005819028222286878,8668,0.008728542333430317,0.005819028222286878
8669,0.005819028222286878,8669,0.008728542333430317,0.005819028222286878
8670,0.005819028222286878,8670,0.008728542333430317,0.005819028222286878
8671,0.005819028222286878,8671,0.008728542333430317,0.005819028222286878
8672,0.005819028222286878,8672,0.008728542333430317,0.005819028222286878
8673,0.005819028222286878,8673,0.008728542333430317,0.005819028222286878
8674,0.005819028222286878,8674,0.008728542333430317,0.005819028222286878
8675,0.005819028222286878,8675,0.008728542333430317,0.005819028222286878
8676,0.005819028222286878,8676,0.008728542333430317,0.005819028222286878
8677,0.005819028222286878,8677,0.008728542333430317,0.005819028222286878
8678,0.005819028222286878,8678,0.008728542333430317,0.005819028222286878
8679,0.005819028222286878,8679,0.008728542333430317,0.005819028222286878
8680,0.005819028222286878,8680,0.008728542333430317,0.005819028222286878
8681,0.005819028222286878,8681,0.008728542333430317,0.005819028222286878
8682,0.005819028222286878,8682,0.008728542333430317,0.005819028222286878
8683,0.005819028222286878,8683,0.008728542333430317,0.005819028222286878
8684,0.005819028222286878,8684,0.008728542333430317,0.005819028222286878
8685,0.005819028222286878,8685,0.008728542333430317,0.005819028222286878
8686,0.005819028222286878,8686,0.008728542333430317,0.005819028222286878
8687,0.005819028222286878,8687,0.008728542333430317,0.005819028222286878
8688,0.005819028222286878,8688,0.008728542333430317,0.005819028222286878
8689,0.005819028222286878,8689,0.008728542333430317,0.005819028222286878
8690,0.005819028222286878,8690,0.008728542333430317,0.005819028222286878
8691,0.005819028222286878,8691,0.008728542333430317,0.005819028222286878
8692,0.005819028222286878,8692,0.008728542333430317,0.005819028222286878
8693,0.005819028222286878,8693,0.008728542333430317,0.005819028222286878
8694,0.005819028222286878,8694,0.008728542333430317,0.005819028222286878
8695,0.005819028222286878,8695,0.008728542333430317,0.005819028222286878
8696,0.005819028222286878,8696,0.008728542333430317,0.005819028222286878
8697,0.005819028222286878,8697,0.008728542333430317,0.005819028222286878
8698,0.005819028222286878,8698,0.008728542333430317,0.005819028222286878
8699,0.005819028222286878,8699,0.008728542333430317,0.005819028222286878
8700,0.005819028222286878,8700,0.008728542333430317,0.005819028222286878
8701,0.005819028222286878,8701,0.008728542333430317,0.005819028222286878
8702,0.005819028222286878,8702,0.008728542333430317,0.005819028222286878
8703,0.005819028222286878,8703,0.008728542333430317,0.005819028222286878
8704,0.005819028222286878,8704,0.008728542333430317,0.005819028222286878
8705,0.005819028222286878,8705,0.008728542333430317,0.005819028222286878
8706,0.005819028222286878,8706,0.008728542333430317,0.005819028222286878
8707,0.005819028222286878,8707,0.008728542333430317,0.005819028222286878
8708,0.005819028222286878,8708,0.008728542333430317,0.005819028222286878
8709,0.005819028222286878,8709,0.008728542333430317,0.005819028222286878
8710,0.005819028222286878,8710,0.008728542333430317,0.005819028222286878
8711,0.005819028222286878,8711,0.008728542333430317,0.005819028222286878
8712,0.005819028222286878,8712,0.008728542333430317,0.005819028222286878
8713,0.005819028222286878,8713,0.008728542333430317,0.005819028222286878
8714,0.005819028222286878,8714,0.008728542333430317,0.005819028222286878
8715,0.005819028222286878,8715,0.008728542333430317,0.005819028222286878
8716,0.005819028222286878,8716,0.008728542333430317,0.005819028222286878
8717,0.005819028222286878,8717,0.008728542333430317,0.005819028222286878
8718,0.005819028222286878,8718,0.008728542333430317,0.005819028222286878
8719,0.005819028222286878,8719,0.008728542333430317,0.005819028222286878
8720,0.005819028222286878,8720,0.008728542333430317,0.005819028222286878
8721,0.005819028222286878,8721,0.008728542333430317,0.005819028222286878
8722,0.005819028222286878,8722,0.008728542333430317,0.005819028222286878
8723,0.005819028222286878,8723,0.008728542333430317,0.005819028222286878
8724,0.005819028222286878,8724,0.008728542333430317,0.005819028222286878
8725,0.005819028222286878,8725,0.008728542333430317,0.005819028222286878
8726,0.005819028222286878,8726,0.008728542333430317,0.005819028222286878
8727,0.005819028222286878,8727,0.008728542333430317,0.005819028222286878
8728,0.005819028222286878,8728,0.008728542333430317,0.005819028222286878
8729,0.005819028222286878,8729,0.008728542333430317,0.005819028222286878
8730,0.005819028222286878,8730,0.008728542333430317,0.005819028222286878
8731,0.005819028222286878,8731,0.008728542333430317,0.005819028222286878
8732,0.005819028222286878,8732,0.008728542333430317,0.005819028222286878
8733,0.005819028222286878,8733,0.008728542333430317,0.005819028222286878
8734,0.005819028222286878,8734,0.008728542333430317,0.005819028222286878
8735,0.005819028222286878,8735,0.008728542333430317,0.005819028222286878
8736,0.005819028222286878,8736,0.008728542333430317,0.005819028222286878
8737,0.005819028222286878,8737,0.008728542333430317,0.005819028222286878
8738,0.005819028222286878,8738,0.008728542333430317,0.005819028222286878
8739,0.005819028222286878,8739,0.008728542333430317,0.005819028222286878
8740,0.005819028222286878,8740,0.008728542333430317,0.005819028222286878
8741,0.005819028222286878,8741,0.008728542333430317,0.005819028222286878
8742,0.005819028222286878,8742,0.008728542333430317,0.005819028222286878
8743,0.005819028222286878,8743,0.008728542333430317,0.005819028222286878
8744,0.005819028222286878,8744,0.008728542333430317,0.005819028222286878
8745,0.005819028222286878,8745,0.008728542333430317,0.005819028222286878
8746,0.005819028222286878,8746,0.008728542333430317,0.005819028222286878
8747,0.005819028222286878,8747,0.008728542333430317,0.005819028222286878
8748,0.005819028222286878,8748,0.008728542333430317,0.005819028222286878
8749,0.005819028222286878,8749,0.008728542333430317,0.005819028222286878
8750,0.005819028222286878,8750,0.008728542333430317,0.005819028222286878
8751,0.005819028222286878,8751,0.008728542333430317,0.005819028222286878
8752,0.005819028222286878,8752,0.008728542333430317,0.005819028222286878
8753,0.005819028222286878,8753,0.008728542333430317,0.005819028222286878
8754,0.005819028222286878,8754,0.008728542333430317,0.005819028222286878
8755,0.005819028222286878,8755,0.008728542333430317,0.005819028222286878
8756,0.005819028222286878,8756,0.008728542333430317,0.005819028222286878
8757,0.005819028222286878,8757,0.008728542333430317,0.005819028222286878
8758,0.005819028222286878,8758,0.008728542333430317,0.005819028222286878
8759,0.005819028222286878,8759,0.008728542333430317,0.005819028222286878
8760,0.005819028222286878,8760,0.008728542333430317,0.005819028222286878
8761,0.005819028222286878,8761,0.008728542333430317,0.005819028222286878
8762,0.005819028222286878,8762,0.008728542333430317,0.005819028222286878
8763,0.005819028222286878,8763,0.008728542333430317,0.005819028222286878
8764,0.005819028222286878,8764,0.008728542333430317,0.005819028222286878
8765,0.005819028222286878,8765,0.008728542333430317,0.005819028222286878
8766,0.005819028222286878,8766,0.008728542333430317,0.005819028222286878
8767,0.005819028222286878,8767,0.008728542333430317,0.005819028222286878
8768,0.005819028222286878,8768,0.008728542333430317,0.005819028222286878
8769,0.005819028222286878,8769,0.008728542333430317,0.005819028222286878
8770,0.005819028222286878,8770,0.008728542333430317,0.005819028222286878
8771,0.005819028222286878,8771,0.008728542333430317,0.005819028222286878
8772,0.005819028222286878,8772,0.008728542333430317,0.005819028222286878
8773,0.005819028222286878,8773,0.008728542333430317,0.005819028222286878
8774,0.005819028222286878,8774,0.008728542333430317,0.005819028222286878
8775,0.005819028222286878,8775,0.008728542333430317,0.005819028222286878
8776,0.005819028222286878,8776,0.008728542333430317,0.005819028222286878
8777,0.005819028222286878,8777,0.008728542333430317,0.005819028222286878
8778,0.005819028222286878,8778,0.008728542333430317,0.005819028222286878
8779,0.005819028222286878,8779,0.008728542333430317,0.005819028222286878
8780,0.005819028222286878,8780,0.008728542333430317,0.005819028222286878
8781,0.005819028222286878,8781,0.008728542333430317,0.005819028222286878
8782,0.005819028222286878,8782,0.008728542333430317,0.005819028222286878
8783,0.005819028222286878,8783,0.008728542333430317,0.005819028222286878
8784,0.005819028222286878,8784,0.008728542333430317,0.005819028222286878
8785,0.005819028222286878,8785,0.008728542333430317,0.005819028222286878
8786,0.005819028222286878,8786,0.008728542333430317,0.005819028222286878
8787,0.005819028222286878,8787,0.008728542333430317,0.005819028222286878
8788,0.005819028222286878,8788,0.008728542333430317,0.005819028222286878
8789,0.005819028222286878,8789,0.008728542333430317,0.005819028222286878
8790,0.005819028222286878,8790,0.008728542333430317,0.005819028222286878
8791,0.005819028222286878,8791,0.008728542333430317,0.005819028222286878
8792,0.005819028222286878,8792,0.008728542333430317,0.005819028222286878
8793,0.005819028222286878,8793,0.008728542333430317,0.005819028222286878
8794,0.005819028222286878,8794,0.008728542333430317,0.005819028222286878
8795,0.005819028222286878,8795,0.008728542333430317,0.005819028222286878
8796,0.005819028222286878,8796,0.008728542333430317,0.005819028222286878
8797,0.005819028222286878,8797,0.008728542333430317,0.005819028222286878
8798,0.005819028222286878,8798,0.008728542333430317,0.005819028222286878
8799,0.005819028222286878,8799,0.008728542333430317,0.005819028222286878
8800,0.005819028222286878,8800,0.008728542333430317,0.005819028222286878
8801,0.005819028222286878,8801,0.008728542333430317,0.005819028222286878
8802,0.005819028222286878,8802,0.008728542333430317,0.005819028222286878
8803,0.005819028222286878,8803,0.008728542333430317,0.005819028222286878
8804,0.005819028222286878,8804,0.008728542333430317,0.005819028222286878
8805,0.005819028222286878,8805,0.008728542333430317,0.005819028222286878
8806,0.005819028222286878,8806,0.008728542333430317,0.005819028222286878
8807,0.005819028222286878,8807,0.008728542333430317,0.005819028222286878
8808,0.005819028222286878,8808,0.008728542333430317,0.005819028222286878
8809,0.005819028222286878,8809,0.008728542333430317,0.005819028222286878
8810,0.005819028222286878,8810,0.008728542333430317,0.005819028222286878
8811,0.005819028222286878,8811,0.008728542333430317,0.005819028222286878
8812,0.005819028222286878,8812,0.008728542333430317,0.005819028222286878
8813,0.005819028222286878,8813,0.008728542333430317,0.005819028222286878
8814,0.005819028222286878,8814,0.008728542333430317,0.005819028222286878
8815,0.005819028222286878,8815,0.008728542333430317,0.005819028222286878
8816,0.005819028222286878,8816,0.008728542333430317,0.005819028222286878
8817,0.005819028222286878,8817,0.008728542333430317,0.005819028222286878
8818,0.005819028222286878,8818,0.008728542333430317,0.005819028222286878
8819,0.005819028222286878,8819,0.008728542333430317,0.005819028222286878
8820,0.005819028222286878,8820,0.008728542333430317,0.005819028222286878
8821,0.005819028222286878,8821,0.008728542333430317,0.005819028222286878
8822,0.005819028222286878,8822,0.008728542333430317,0.005819028222286878
8823,0.005819028222286878,8823,0.008728542333430317,0.005819028222286878
8824,0.005819028222286878,8824,0.008728542333430317,0.005819028222286878
8825,0.005819028222286878,8825,0.008728542333430317,0.005819028222286878
8826,0.005819028222286878,8826,0.008728542333430317,0.005819028222286878
8827,0.005819028222286878,8827,0.008728542333430317,0.005819028222286878
8828,0.005819028222286878,8828,0.008728542333430317,0.005819028222286878
8829,0.005819028222286878,8829,0.008728542333430317,0.005819028222286878
8830,0.005819028222286878,8830,0.008728542333430317,0.005819028222286878
8831,0.005819028222286878,8831,0.008728542333430317,0.005819028222286878
8832,0.005819028222286878,8832,0.008728542333430317,0.005819028222286878
8833,0.005819028222286878,8833,0.008728542333430317,0.005819028222286878
8834,0.005819028222286878,8834,0.008728542333430317,0.005819028222286878
8835,0.005819028222286878,8835,0.008728542333430317,0.005819028222286878
8836,0.005819028222286878,8836,0.008728542333430317,0.005819028222286878
8837,0.005819028222286878,8837,0.008728542333430317,0.005819028222286878
8838,0.005819028222286878,8838,0.008728542333430317,0.005819028222286878
8839,0.005819028222286878,8839,0.008728542333430317,0.005819028222286878
8840,0.005819028222286878,8840,0.008728542333430317,0.005819028222286878
8841,0.005819028222286878,8841,0.008728542333430317,0.005819028222286878
8842,0.005819028222286878,8842,0.008728542333430317,0.005819028222286878
8843,0.005819028222286878,8843,0.008728542333430317,0.005819028222286878
8844,0.005819028222286878,8844,0.008728542333430317,0.005819028222286878
8845,0.005819028222286878,8845,0.008728542333430317,0.005819028222286878
8846,0.005819028222286878,8846,0.008728542333430317,0.005819028222286878
8847,0.005819028222286878,8847,0.008728542333430317,0.005819028222286878
8848,0.005819028222286878,8848,0.008728542333430317,0.005819028222286878
8849,0.005819028222286878,8849,0.008728542333430317,0.005819028222286878
8850,0.005819028222286878,8850,0.008728542333430317,0.005819028222286878
8851,0.005819028222286878,8851,0.008728542333430317,0.005819028222286878
8852,0.005819028222286878,8852,0.008728542333430317,0.005819028222286878
8853,0.005819028222286878,8853,0.008728542333430317,0.005819028222286878
8854,0.005819028222286878,8854,0.008728542333430317,0.005819028222286878
8855,0.005819028222286878,8855,0.008728542333430317,0.005819028222286878
8856,0.005819028222286878,8856,0.008728542333430317,0.005819028222286878
8857,0.005819028222286878,8857,0.008728542333430317,0.005819028222286878
8858,0.005819028222286878,8858,0.008728542333430317,0.005819028222286878
8859,0.005819028222286878,8859,0.008728542333430317,0.005819028222286878
8860,0.005819028222286878,8860,0.008728542333430317,0.005819028222286878
8861,0.005819028222286878,8861,0.008728542333430317,0.005819028222286878
8862,0.005819028222286878,8862,0.008728542333430317,0.005819028222286878
8863,0.005819028222286878,8863,0.008728542333430317,0.005819028222286878
8864,0.005819028222286878,8864,0.008728542333430317,0.005819028222286878
8865,0.005819028222286878,8865,0.008728542333430317,0.005819028222286878
8866,0.005819028222286878,8866,0.008728542333430317,0.005819028222286878
8867,0.005819028222286878,8867,0.008728542333430317,0.005819028222286878
8868,0.005819028222286878,8868,0.008728542333430317,0.005819028222286878
8869,0.005819028222286878,8869,0.008728542333430317,0.005819028222286878
8870,0.005819028222286878,8870,0.008728542333430317,0.005819028222286878
8871,0.005819028222286878,8871,0.008728542333430317,0.005819028222286878
8872,0.005819028222286878,8872,0.008728542333430317,0.005819028222286878
8873,0.005819028222286878,8873,0.008728542333430317,0.005819028222286878
8874,0.005819028222286878,8874,0.008728542333430317,0.005819028222286878
8875,0.005819028222286878,8875,0.008728542333430317,0.005819028222286878
8876,0.005819028222286878,8876,0.008728542333430317,0.005819028222286878
8877,0.005819028222286878,8877,0.008728542333430317,0.005819028222286878
8878,0.005819028222286878,8878,0.008728542333430317,0.005819028222286878
8879,0.005819028222286878,8879,0.008728542333430317,0.005819028222286878
8880,0.005819028222286878,8880,0.008728542333430317,0.005819028222286878
8881,0.005819028222286878,8881,0.008728542333430317,0.005819028222286878
8882,0.005819028222286878,8882,0.008728542333430317,0.005819028222286878
8883,0.005819028222286878,8883,0.008728542333430317,0.005819028222286878
8884,0.005819028222286878,8884,0.008728542333430317,0.005819028222286878
8885,0.005819028222286878,8885,0.008728542333430317,0.005819028222286878
8886,0.005819028222286878,8886,0.008728542333430317,0.005819028222286878
8887,0.005819028222286878,8887,0.008728542333430317,0.005819028222286878
8888,0.005819028222286878,8888,0.008728542333430317,0.005819028222286878
8889,0.005819028222286878,8889,0.008728542333430317,0.005819028222286878
8890,0.005819028222286878,8890,0.008728542333430317,0.005819028222286878
8891,0.005819028222286878,8891,0.008728542333430317,0.005819028222286878
8892,0.005819028222286878,8892,0.008728542333430317,0.005819028222286878
8893,0.005819028222286878,8893,0.008728542333430317,0.005819028222286878
8894,0.005819028222286878,8894,0.008728542333430317,0.005819028222286878
8895,0.005819028222286878,8895,0.008728542333430317,0.005819028222286878
8896,0.005819028222286878,8896,0.008728542333430317,0.005819028222286878
8897,0.005819028222286878,8897,0.008728542333430317,0.005819028222286878
8898,0.005819028222286878,8898,0.008728542333430317,0.005819028222286878
8899,0.005819028222286878,8899,0.008728542333430317,0.005819028222286878
8900,0.005819028222286878,8900,0.008728542333430317,0.005819028222286878
8901,0.005819028222286878,8901,0.008728542333430317,0.005819028222286878
8902,0.005819028222286878,8902,0.008728542333430317,0.005819028222286878
8903,0.005819028222286878,8903,0.008728542333430317,0.005819028222286878
8904,0.005819028222286878,8904,0.008728542333430317,0.005819028222286878
8905,0.005819028222286878,8905,0.008728542333430317,0.005819028222286878
8906,0.005819028222286878,8906,0.008728542333430317,0.005819028222286878
8907,0.005819028222286878,8907,0.008728542333430317,0.005819028222286878
8908,0.005819028222286878,8908,0.008728542333430317,0.005819028222286878
8909,0.005819028222286878,8909,0.008728542333430317,0.005819028222286878
8910,0.005819028222286878,8910,0.008728542333430317,0.005819028222286878
8911,0.005819028222286878,8911,0.008728542333430317,0.005819028222286878
8912,0.005819028222286878,8912,0.008728542333430317,0.005819028222286878
8913,0.005819028222286878,8913,0.008728542333430317,0.005819028222286878
8914,0.005819028222286878,8914,0.008728542333430317,0.005819028222286878
8915,0.005819028222286878,8915,0.008728542333430317,0.005819028222286878
8916,0.005819028222286878,8916,0.008728542333430317,0.005819028222286878
8917,0.005819028222286878,8917,0.008728542333430317,0.005819028222286878
8918,0.005819028222286878,8918,0.008728542333430317,0.005819028222286878
8919,0.005819028222286878,8919,0.008728542333430317,0.005819028222286878
8920,0.005819028222286878,8920,0.008728542333430317,0.005819028222286878
8921,0.005819028222286878,8921,0.008728542333430317,0.005819028222286878
8922,0.005819028222286878,8922,0.008728542333430317,0.005819028222286878
8923,0.005819028222286878,8923,0.008728542333430317,0.005819028222286878
8924,0.005819028222286878,8924,0.008728542333430317,0.005819028222286878
8925,0.005819028222286878,8925,0.008728542333430317,0.005819028222286878
8926,0.005819028222286878,8926,0.008728542333430317,0.005819028222286878
8927,0.005819028222286878,8927,0.008728542333430317,0.005819028222286878
8928,0.005819028222286878,8928,0.008728542333430317,0.005819028222286878
8929,0.005819028222286878,8929,0.008728542333430317,0.005819028222286878
8930,0.005819028222286878,8930,0.008728542333430317,0.005819028222286878
8931,0.005819028222286878,8931,0.008728542333430317,0.005819028222286878
8932,0.005819028222286878,8932,0.008728542333430317,0.005819028222286878
8933,0.005819028222286878,8933,0.008728542333430317,0.005819028222286878
8934,0.005819028222286878,8934,0.008728542333430317,0.005819028222286878
8935,0.005819028222286878,8935,0.008728542333430317,0.005819028222286878
8936,0.005819028222286878,8936,0.008728542333430317,0.005819028222286878
8937,0.005819028222286878,8937,0.008728542333430317,0.005819028222286878
8938,0.005819028222286878,8938,0.008728542333430317,0.005819028222286878
8939,0.005819028222286878,8939,0.008728542333430317,0.005819028222286878
8940,0.005819028222286878,8940,0.008728542333430317,0.005819028222286878
8941,0.005819028222286878,8941,0.008728542333430317,0.005819028222286878
8942,0.005819028222286878,8942,0.008728542333430317,0.005819028222286878
8943,0.005819028222286878,8943,0.008728542333430317,0.005819028222286878
8944,0.005819028222286878,8944,0.008728542333430317,0.005819028222286878
8945,0.005819028222286878,8945,0.008728542333430317,0.005819028222286878
8946,0.005819028222286878,8946,0.008728542333430317,0.005819028222286878
8947,0.005819028222286878,8947,0.008728542333430317,0.005819028222286878
8948,0.005819028222286878,8948,0.008728542333430317,0.005819028222286878
8949,0.005819028222286878,8949,0.008728542333430317,0.005819028222286878
8950,0.005819028222286878,8950,0.008728542333430317,0.005819028222286878
8951,0.005819028222286878,8951,0.008728542333430317,0.005819028222286878
8952,0.005819028222286878,8952,0.008728542333430317,0.005819028222286878
8953,0.005819028222286878,8953,0.008728542333430317,0.005819028222286878
8954,0.005819028222286878,8954,0.008728542333430317,0.005819028222286878
8955,0.005819028222286878,8955,0.008728542333430317,0.005819028222286878
8956,0.005819028222286878,8956,0.008728542333430317,0.005819028222286878
8957,0.005819028222286878,8957,0.008728542333430317,0.005819028222286878
8958,0.005819028222286878,8958,0.008728542333430317,0.005819028222286878
8959,0.005819028222286878,8959,0.008728542333430317,0.005819028222286878
8960,0.005819028222286878,8960,0.008728542333430317,0.005819028222286878
8961,0.005819028222286878,8961,0.008728542333430317,0.005819028222286878
8962,0.005819028222286878,8962,0.008728542333430317,0.005819028222286878
8963,0.005819028222286878,8963,0.008728542333430317,0.005819028222286878
8964,0.005819028222286878,8964,0.008728542333430317,0.005819028222286878
8965,0.005819028222286878,8965,0.008728542333430317,0.005819028222286878
8966,0.005819028222286878,8966,0.008728542333430317,0.005819028222286878
8967,0.005819028222286878,8967,0.008728542333430317,0.005819028222286878
8968,0.005819028222286878,8968,0.008728542333430317,0.005819028222286878
8969,0.005819028222286878,8969,0.008728542333430317,0.005819028222286878
8970,0.005819028222286878,8970,0.008728542333430317,0.005819028222286878
8971,0.005819028222286878,8971,0.008728542333430317,0.005819028222286878
8972,0.005819028222286878,8972,0.008728542333430317,0.005819028222286878
8973,0.005819028222286878,8973,0.008728542333430317,0.005819028222286878
8974,0.005819028222286878,8974,0.008728542333430317,0.005819028222286878
8975,0.005819028222286878,8975,0.008728542333430317,0.005819028222286878
8976,0.005819028222286878,8976,0.008728542333430317,0.005819028222286878
8977,0.005819028222286878,8977,0.008728542333430317,0.005819028222286878
8978,0.005819028222286878,8978,0.008728542333430317,0.005819028222286878
8979,0.005819028222286878,8979,0.008728542333430317,0.005819028222286878
8980,0.005819028222286878,8980,0.008728542333430317,0.005819028222286878
8981,0.005819028222286878,8981,0.008728542333430317,0.005819028222286878
8982,0.005819028222286878,8982,0.008728542333430317,0.005819028222286878
8983,0.005819028222286878,8983,0.008728542333430317,0.005819028222286878
8984,0.005819028222286878,8984,0.008728542333430317,0.005819028222286878
8985,0.005819028222286878,8985,0.008728542333430317,0.005819028222286878
8986,0.005819028222286878,8986,0.008728542333430317,0.005819028222286878
8987,0.005819028222286878,8987,0.008728542333430317,0.005819028222286878
8988,0.005819028222286878,8988,0.008728542333430317,0.005819028222286878
8989,0.005819028222286878,8989,0.008728542333430317,0.005819028222286878
8990,0.005819028222286878,8990,0.008728542333430317,0.005819028222286878
8991,0.005819028222286878,8991,0.008728542333430317,0.005819028222286878
8992,0.005819028222286878,8992,0.008728542333430317,0.005819028222286878
8993,0.005819028222286878,8993,0.008728542333430317,0.005819028222286878
8994,0.005819028222286878,8994,0.008728542333430317,0.005819028222286878
8995,0.005819028222286878,8995,0.008728542333430317,0.005819028222286878
8996,0.005819028222286878,8996,0.008728542333430317,0.005819028222286878
8997,0.005819028222286878,8997,0.008728542333430317,0.005819028222286878
8998,0.005819028222286878,8998,0.008728542333430317,0.005819028222286878
8999,0.005819028222286878,8999,0.008728542333430317,0.005819028222286878
9000,0.005819028222286878,9000,0.008728542333430317,0.005819028222286878
9001,0.005819028222286878,9001,0.008728542333430317,0.005819028222286878
9002,0.005819028222286878,9002,0.008728542333430317,0.005819028222286878
9003,0.005819028222286878,9003,0.008728542333430317,0.005819028222286878
9004,0.005819028222286878,9004,0.008728542333430317,0.005819028222286878
9005,0.005819028222286878,9005,0.008728542333430317,0.005819028222286878
9006,0.005819028222286878,9006,0.008728542333430317,0.005819028222286878
9007,0.005819028222286878,9007,0.008728542333430317,0.005819028222286878
9008,0.005819028222286878,9008,0.008728542333430317,0.005819028222286878
9009,0.005819028222286878,9009,0.008728542333430317,0.005819028222286878
9010,0.005819028222286878,9010,0.008728542333430317,0.005819028222286878
9011,0.005819028222286878,9011,0.008728542333430317,0.005819028222286878
9012,0.005819028222286878,9012,0.008728542333430317,0.005819028222286878
9013,0.005819028222286878,9013,0.008728542333430317,0.005819028222286878
9014,0.005819028222286878,9014,0.008728542333430317,0.005819028222286878
9015,0.005819028222286878,9015,0.008728542333430317,0.005819028222286878
9016,0.005819028222286878,9016,0.008728542333430317,0.005819028222286878
9017,0.005819028222286878,9017,0.008728542333430317,0.005819028222286878
9018,0.005819028222286878,9018,0.008728542333430317,0.005819028222286878
9019,0.005819028222286878,9019,0.008728542333430317,0.005819028222286878
9020,0.005819028222286878,9020,0.008728542333430317,0.005819028222286878
9021,0.005819028222286878,9021,0.008728542333430317,0.005819028222286878
9022,0.005819028222286878,9022,0.008728542333430317,0.005819028222286878
9023,0.005819028222286878,9023,0.008728542333430317,0.005819028222286878
9024,0.005819028222286878,9024,0.008728542333430317,0.005819028222286878
9025,0.005819028222286878,9025,0.008728542333430317,0.005819028222286878
9026,0.005819028222286878,9026,0.008728542333430317,0.005819028222286878
9027,0.005819028222286878,9027,0.008728542333430317,0.005819028222286878
9028,0.005819028222286878,9028,0.008728542333430317,0.005819028222286878
9029,0.005819028222286878,9029,0.008728542333430317,0.005819028222286878
9030,0.005819028222286878,9030,0.008728542333430317,0.005819028222286878
9031,0.005819028222286878,9031,0.008728542333430317,0.005819028222286878
9032,0.005819028222286878,9032,0.008728542333430317,0.005819028222286878
9033,0.005819028222286878,9033,0.008728542333430317,0.005819028222286878
9034,0.005819028222286878,9034,0.008728542333430317,0.005819028222286878
9035,0.005819028222286878,9035,0.008728542333430317,0.005819028222286878
9036,0.005819028222286878,9036,0.008728542333430317,0.005819028222286878
9037,0.005819028222286878,9037,0.008728542333430317,0.005819028222286878
9038,0.005819028222286878,9038,0.008728542333430317,0.005819028222286878
9039,0.005819028222286878,9039,0.008728542333430317,0.005819028222286878
9040,0.005819028222286878,9040,0.008728542333430317,0.005819028222286878
9041,0.005819028222286878,9041,0.008728542333430317,0.005819028222286878
9042,0.005819028222286878,9042,0.008728542333430317,0.005819028222286878
9043,0.005819028222286878,9043,0.008728542333430317,0.005819028222286878
9044,0.005819028222286878,9044,0.008728542333430317,0.005819028222286878
9045,0.005819028222286878,9045,0.008728542333430317,0.005819028222286878
9046,0.005819028222286878,9046,0.008728542333430317,0.005819028222286878
9047,0.005819028222286878,9047,0.008728542333430317,0.005819028222286878
9048,0.005819028222286878,9048,0.008728542333430317,0.005819028222286878
9049,0.005819028222286878,9049,0.008728542333430317,0.005819028222286878
9050,0.005819028222286878,9050,0.008728542333430317,0.005819028222286878
9051,0.005819028222286878,9051,0.008728542333430317,0.005819028222286878
9052,0.005819028222286878,9052,0.008728542333430317,0.005819028222286878
9053,0.005819028222286878,9053,0.008728542333430317,0.005819028222286878
9054,0.005819028222286878,9054,0.008728542333430317,0.005819028222286878
9055,0.005819028222286878,9055,0.008728542333430317,0.005819028222286878
9056,0.005819028222286878,9056,0.008728542333430317,0.005819028222286878
9057,0.005819028222286878,9057,0.008728542333430317,0.005819028222286878
9058,0.005819028222286878,9058,0.008728542333430317,0.005819028222286878
9059,0.005819028222286878,9059,0.008728542333430317,0.005819028222286878
9060,0.005819028222286878,9060,0.008728542333430317,0.005819028222286878
9061,0.005819028222286878,9061,0.008728542333430317,0.005819028222286878
9062,0.005819028222286878,9062,0.008728542333430317,0.005819028222286878
9063,0.005819028222286878,9063,0.008728542333430317,0.005819028222286878
9064,0.005819028222286878,9064,0.008728542333430317,0.005819028222286878
9065,0.005819028222286878,9065,0.008728542333430317,0.005819028222286878
9066,0.005819028222286878,9066,0.008728542333430317,0.005819028222286878
9067,0.005819028222286878,9067,0.008728542333430317,0.005819028222286878
9068,0.005819028222286878,9068,0.008728542333430317,0.005819028222286878
9069,0.005819028222286878,9069,0.008728542333430317,0.005819028222286878
9070,0.005819028222286878,9070,0.008728542333430317,0.005819028222286878
9071,0.005819028222286878,9071,0.008728542333430317,0.005819028222286878
9072,0.005819028222286878,9072,0.008728542333430317,0.005819028222286878
9073,0.005819028222286878,9073,0.008728542333430317,0.005819028222286878
9074,0.005819028222286878,9074,0.008728542333430317,0.005819028222286878
9075,0.005819028222286878,9075,0.008728542333430317,0.005819028222286878
9076,0.005819028222286878,9076,0.008728542333430317,0.005819028222286878
9077,0.005819028222286878,9077,0.008728542333430317,0.005819028222286878
9078,0.005819028222286878,9078,0.008728542333430317,0.005819028222286878
9079,0.005819028222286878,9079,0.008728542333430317,0.005819028222286878
9080,0.005819028222286878,9080,0.008728542333430317,0.005819028222286878
9081,0.005819028222286878,9081,0.008728542333430317,0.005819028222286878
9082,0.005819028222286878,9082,0.008728542333430317,0.005819028222286878
9083,0.005819028222286878,9083,0.008728542333430317,0.005819028222286878
9084,0.005819028222286878,9084,0.008728542333430317,0.005819028222286878
9085,0.005819028222286878,9085,0.008728542333430317,0.005819028222286878
9086,0.005819028222286878,9086,0.008728542333430317,0.005819028222286878
9087,0.005819028222286878,9087,0.008728542333430317,0.005819028222286878
9088,0.005819028222286878,9088,0.008728542333430317,0.005819028222286878
9089,0.005819028222286878,9089,0.008728542333430317,0.005819028222286878
9090,0.005819028222286878,9090,0.008728542333430317,0.005819028222286878
9091,0.005819028222286878,9091,0.008728542333430317,0.005819028222286878
9092,0.005819028222286878,9092,0.008728542333430317,0.005819028222286878
9093,0.005819028222286878,9093,0.008728542333430317,0.005819028222286878
9094,0.005819028222286878,9094,0.008728542333430317,0.005819028222286878
9095,0.005819028222286878,9095,0.008728542333430317,0.005819028222286878
9096,0.005819028222286878,9096,0.008728542333430317,0.005819028222286878
9097,0.005819028222286878,9097,0.008728542333430317,0.005819028222286878
9098,0.005819028222286878,9098,0.008728542333430317,0.005819028222286878
9099,0.005819028222286878,9099,0.008728542333430317,0.005819028222286878
9100,0.005819028222286878,9100,0.008728542333430317,0.005819028222286878
9101,0.005819028222286878,9101,0.008728542333430317,0.005819028222286878
9102,0.005819028222286878,9102,0.008728542333430317,0.005819028222286878
9103,0.005819028222286878,9103,0.008728542333430317,0.005819028222286878
9104,0.005819028222286878,9104,0.008728542333430317,0.005819028222286878
9105,0.005819028222286878,9105,0.008728542333430317,0.005819028222286878
9106,0.005819028222286878,9106,0.008728542333430317,0.005819028222286878
9107,0.005819028222286878,9107,0.008728542333430317,0.005819028222286878
9108,0.005819028222286878,9108,0.008728542333430317,0.005819028222286878
9109,0.005819028222286878,9109,0.008728542333430317,0.005819028222286878
9110,0.005819028222286878,9110,0.008728542333430317,0.005819028222286878
9111,0.005819028222286878,9111,0.008728542333430317,0.005819028222286878
9112,0.005819028222286878,9112,0.008728542333430317,0.005819028222286878
9113,0.005819028222286878,9113,0.008728542333430317,0.005819028222286878
9114,0.005819028222286878,9114,0.008728542333430317,0.005819028222286878
9115,0.005819028222286878,9115,0.008728542333430317,0.005819028222286878
9116,0.005819028222286878,9116,0.008728542333430317,0.005819028222286878
9117,0.005819028222286878,9117,0.008728542333430317,0.005819028222286878
9118,0.005819028222286878,9118,0.008728542333430317,0.005819028222286878
9119,0.005819028222286878,9119,0.008728542333430317,0.005819028222286878
9120,0.005819028222286878,9120,0.008728542333430317,0.005819028222286878
9121,0.005819028222286878,9121,0.008728542333430317,0.005819028222286878
9122,0.005819028222286878,9122,0.008728542333430317,0.005819028222286878
9123,0.005819028222286878,9123,0.008728542333430317,0.005819028222286878
9124,0.005819028222286878,9124,0.008728542333430317,0.005819028222286878
9125,0.005819028222286878,9125,0.008728542333430317,0.005819028222286878
9126,0.005819028222286878,9126,0.008728542333430317,0.005819028222286878
9127,0.005819028222286878,9127,0.008728542333430317,0.005819028222286878
9128,0.005819028222286878,9128,0.008728542333430317,0.005819028222286878
9129,0.005819028222286878,9129,0.008728542333430317,0.005819028222286878
9130,0.005819028222286878,9130,0.008728542333430317,0.005819028222286878
9131,0.005819028222286878,9131,0.008728542333430317,0.005819028222286878
9132,0.005819028222286878,9132,0.008728542333430317,0.005819028222286878
9133,0.005819028222286878,9133,0.008728542333430317,0.005819028222286878
9134,0.005819028222286878,9134,0.008728542333430317,0.005819028222286878
9135,0.005819028222286878,9135,0.008728542333430317,0.005819028222286878
9136,0.005819028222286878,9136,0.008728542333430317,0.005819028222286878
9137,0.005819028222286878,9137,0.008728542333430317,0.005819028222286878
9138,0.005819028222286878,9138,0.008728542333430317,0.005819028222286878
9139,0.005819028222286878,9139,0.008728542333430317,0.005819028222286878
9140,0.005819028222286878,9140,0.008728542333430317,0.005819028222286878
9141,0.005819028222286878,9141,0.008728542333430317,0.005819028222286878
9142,0.005819028222286878,9142,0.008728542333430317,0.005819028222286878
9143,0.005819028222286878,9143,0.008728542333430317,0.005819028222286878
9144,0.005819028222286878,9144,0.008728542333430317,0.005819028222286878
9145,0.005819028222286878,9145,0.008728542333430317,0.005819028222286878
9146,0.005819028222286878,9146,0.008728542333430317,0.005819028222286878
9147,0.005819028222286878,9147,0.008728542333430317,0.005819028222286878
9148,0.005819028222286878,9148,0.008728542333430317,0.005819028222286878
9149,0.005819028222286878,9149,0.008728542333430317,0.005819028222286878
9150,0.005819028222286878,9150,0.008728542333430317,0.005819028222286878
9151,0.005819028222286878,9151,0.008728542333430317,0.005819028222286878
9152,0.005819028222286878,9152,0.008728542333430317,0.005819028222286878
9153,0.005819028222286878,9153,0.008728542333430317,0.005819028222286878
9154,0.005819028222286878,9154,0.008728542333430317,0.005819028222286878
9155,0.005819028222286878,9155,0.008728542333430317,0.005819028222286878
9156,0.005819028222286878,9156,0.008728542333430317,0.005819028222286878
9157,0.005819028222286878,9157,0.008728542333430317,0.005819028222286878
9158,0.005819028222286878,9158,0.008728542333430317,0.005819028222286878
9159,0.005819028222286878,9159,0.008728542333430317,0.005819028222286878
9160,0.005819028222286878,9160,0.008728542333430317,0.005819028222286878
9161,0.005819028222286878,9161,0.008728542333430317,0.005819028222286878
9162,0.005819028222286878,9162,0.008728542333430317,0.005819028222286878
9163,0.005819028222286878,9163,0.008728542333430317,0.005819028222286878
9164,0.005819028222286878,9164,0.008728542333430317,0.005819028222286878
9165,0.005819028222286878,9165,0.008728542333430317,0.005819028222286878
9166,0.005819028222286878,9166,0.008728542333430317,0.005819028222286878
9167,0.005819028222286878,9167,0.008728542333430317,0.005819028222286878
9168,0.005819028222286878,9168,0.008728542333430317,0.005819028222286878
9169,0.005819028222286878,9169,0.008728542333430317,0.005819028222286878
9170,0.005819028222286878,9170,0.008728542333430317,0.005819028222286878
9171,0.005819028222286878,9171,0.008728542333430317,0.005819028222286878
9172,0.005819028222286878,9172,0.008728542333430317,0.005819028222286878
9173,0.005819028222286878,9173,0.008728542333430317,0.005819028222286878
9174,0.005819028222286878,9174,0.008728542333430317,0.005819028222286878
9175,0.005819028222286878,9175,0.008728542333430317,0.005819028222286878
9176,0.005819028222286878,9176,0.008728542333430317,0.005819028222286878
9177,0.005819028222286878,9177,0.008728542333430317,0.005819028222286878
9178,0.005819028222286878,9178,0.008728542333430317,0.005819028222286878
9179,0.005819028222286878,9179,0.008728542333430317,0.005819028222286878
9180,0.005819028222286878,9180,0.008728542333430317,0.005819028222286878
9181,0.005819028222286878,9181,0.008728542333430317,0.005819028222286878
9182,0.005819028222286878,9182,0.008728542333430317,0.005819028222286878
9183,0.005819028222286878,9183,0.008728542333430317,0.005819028222286878
9184,0.005819028222286878,9184,0.008728542333430317,0.005819028222286878
9185,0.005819028222286878,9185,0.008728542333430317,0.005819028222286878
9186,0.005819028222286878,9186,0.008728542333430317,0.005819028222286878
9187,0.005819028222286878,9187,0.008728542333430317,0.005819028222286878
9188,0.005819028222286878,9188,0.008728542333430317,0.005819028222286878
9189,0.005819028222286878,9189,0.008728542333430317,0.005819028222286878
9190,0.005819028222286878,9190,0.008728542333430317,0.005819028222286878
9191,0.005819028222286878,9191,0.008728542333430317,0.005819028222286878
9192,0.005819028222286878,9192,0.008728542333430317,0.005819028222286878
9193,0.005819028222286878,9193,0.008728542333430317,0.005819028222286878
9194,0.005819028222286878,9194,0.008728542333430317,0.005819028222286878
9195,0.005819028222286878,9195,0.008728542333430317,0.005819028222286878
9196,0.005819028222286878,9196,0.008728542333430317,0.005819028222286878
9197,0.005819028222286878,9197,0.008728542333430317,0.005819028222286878
9198,0.005819028222286878,9198,0.008728542333430317,0.005819028222286878
9199,0.005819028222286878,9199,0.008728542333430317,0.005819028222286878
9200,0.005819028222286878,9200,0.008728542333430317,0.005819028222286878
9201,0.005819028222286878,9201,0.008728542333430317,0.005819028222286878
9202,0.005819028222286878,9202,0.008728542333430317,0.005819028222286878
9203,0.005819028222286878,9203,0.008728542333430317,0.005819028222286878
9204,0.005819028222286878,9204,0.008728542333430317,0.005819028222286878
9205,0.005819028222286878,9205,0.008728542333430317,0.005819028222286878
9206,0.005819028222286878,9206,0.008728542333430317,0.005819028222286878
9207,0.005819028222286878,9207,0.008728542333430317,0.005819028222286878
9208,0.005819028222286878,9208,0.008728542333430317,0.005819028222286878
9209,0.005819028222286878,9209,0.008728542333430317,0.005819028222286878
9210,0.005819028222286878,9210,0.008728542333430317,0.005819028222286878
9211,0.005819028222286878,9211,0.008728542333430317,0.005819028222286878
9212,0.005819028222286878,9212,0.008728542333430317,0.005819028222286878
9213,0.005819028222286878,9213,0.008728542333430317,0.005819028222286878
9214,0.005819028222286878,9214,0.008728542333430317,0.005819028222286878
9215,0.005819028222286878,9215,0.008728542333430317,0.005819028222286878
9216,0.005819028222286878,9216,0.008728542333430317,0.005819028222286878
9217,0.005819028222286878,9217,0.008728542333430317,0.005819028222286878
9218,0.005819028222286878,9218,0.008728542333430317,0.005819028222286878
9219,0.005819028222286878,9219,0.008728542333430317,0.005819028222286878
9220,0.005819028222286878,9220,0.008728542333430317,0.005819028222286878
9221,0.005819028222286878,9221,0.008728542333430317,0.005819028222286878
9222,0.005819028222286878,9222,0.008728542333430317,0.005819028222286878
9223,0.005819028222286878,9223,0.008728542333430317,0.005819028222286878
9224,0.005819028222286878,9224,0.008728542333430317,0.005819028222286878
9225,0.005819028222286878,9225,0.008728542333430317,0.005819028222286878
9226,0.005819028222286878,9226,0.008728542333430317,0.005819028222286878
9227,0.005819028222286878,9227,0.008728542333430317,0.005819028222286878
9228,0.005819028222286878,9228,0.008728542333430317,0.005819028222286878
9229,0.005819028222286878,9229,0.008728542333430317,0.005819028222286878
9230,0.005819028222286878,9230,0.008728542333430317,0.005819028222286878
9231,0.005819028222286878,9231,0.008728542333430317,0.005819028222286878
9232,0.005819028222286878,9232,0.008728542333430317,0.005819028222286878
9233,0.005819028222286878,9233,0.008728542333430317,0.005819028222286878
9234,0.005819028222286878,9234,0.008728542333430317,0.005819028222286878
9235,0.005819028222286878,9235,0.008728542333430317,0.005819028222286878
9236,0.005819028222286878,9236,0.008728542333430317,0.005819028222286878
9237,0.005819028222286878,9237,0.008728542333430317,0.005819028222286878
9238,0.005819028222286878,9238,0.008728542333430317,0.005819028222286878
9239,0.005819028222286878,9239,0.008728542333430317,0.005819028222286878
9240,0.005819028222286878,9240,0.008728542333430317,0.005819028222286878
9241,0.005819028222286878,9241,0.008728542333430317,0.005819028222286878
9242,0.005819028222286878,9242,0.008728542333430317,0.005819028222286878
9243,0.005819028222286878,9243,0.008728542333430317,0.005819028222286878
9244,0.005819028222286878,9244,0.008728542333430317,0.005819028222286878
9245,0.005819028222286878,9245,0.008728542333430317,0.005819028222286878
9246,0.005819028222286878,9246,0.008728542333430317,0.005819028222286878
9247,0.005819028222286878,9247,0.008728542333430317,0.005819028222286878
9248,0.005819028222286878,9248,0.008728542333430317,0.005819028222286878
9249,0.005819028222286878,9249,0.008728542333430317,0.005819028222286878
9250,0.005819028222286878,9250,0.008728542333430317,0.005819028222286878
9251,0.005819028222286878,9251,0.008728542333430317,0.005819028222286878
9252,0.005819028222286878,9252,0.008728542333430317,0.005819028222286878
9253,0.005819028222286878,9253,0.008728542333430317,0.005819028222286878
9254,0.005819028222286878,9254,0.008728542333430317,0.005819028222286878
9255,0.005819028222286878,9255,0.008728542333430317,0.005819028222286878
9256,0.005819028222286878,9256,0.008728542333430317,0.005819028222286878
9257,0.005819028222286878,9257,0.008728542333430317,0.005819028222286878
9258,0.005819028222286878,9258,0.008728542333430317,0.005819028222286878
9259,0.005819028222286878,9259,0.008728542333430317,0.005819028222286878
9260,0.005819028222286878,9260,0.008728542333430317,0.005819028222286878
9261,0.005819028222286878,9261,0.008728542333430317,0.005819028222286878
9262,0.005819028222286878,9262,0.008728542333430317,0.005819028222286878
9263,0.005819028222286878,9263,0.008728542333430317,0.005819028222286878
9264,0.005819028222286878,9264,0.008728542333430317,0.005819028222286878
9265,0.005819028222286878,9265,0.008728542333430317,0.005819028222286878
9266,0.005819028222286878,9266,0.008728542333430317,0.005819028222286878
9267,0.005819028222286878,9267,0.008728542333430317,0.005819028222286878
9268,0.005819028222286878,9268,0.008728542333430317,0.005819028222286878
9269,0.005819028222286878,9269,0.008728542333430317,0.005819028222286878
9270,0.005819028222286878,9270,0.008728542333430317,0.005819028222286878
9271,0.005819028222286878,9271,0.008728542333430317,0.005819028222286878
9272,0.005819028222286878,9272,0.008728542333430317,0.005819028222286878
9273,0.005819028222286878,9273,0.008728542333430317,0.005819028222286878
9274,0.005819028222286878,9274,0.008728542333430317,0.005819028222286878
9275,0.005819028222286878,9275,0.008728542333430317,0.005819028222286878
9276,0.005819028222286878,9276,0.008728542333430317,0.005819028222286878
9277,0.005819028222286878,9277,0.008728542333430317,0.005819028222286878
9278,0.005819028222286878,9278,0.008728542333430317,0.005819028222286878
9279,0.005819028222286878,9279,0.008728542333430317,0.005819028222286878
9280,0.005819028222286878,9280,0.008728542333430317,0.005819028222286878
9281,0.005819028222286878,9281,0.008728542333430317,0.005819028222286878
9282,0.005819028222286878,9282,0.008728542333430317,0.005819028222286878
9283,0.005819028222286878,9283,0.008728542333430317,0.005819028222286878
9284,0.005819028222286878,9284,0.008728542333430317,0.005819028222286878
9285,0.005819028222286878,9285,0.008728542333430317,0.005819028222286878
9286,0.005819028222286878,9286,0.008728542333430317,0.005819028222286878
9287,0.005819028222286878,9287,0.008728542333430317,0.005819028222286878
9288,0.005819028222286878,9288,0.008728542333430317,0.005819028222286878
9289,0.005819028222286878,9289,0.008728542333430317,0.005819028222286878
9290,0.005819028222286878,9290,0.008728542333430317,0.005819028222286878
9291,0.005819028222286878,9291,0.008728542333430317,0.005819028222286878
9292,0.005819028222286878,9292,0.008728542333430317,0.005819028222286878
9293,0.005819028222286878,9293,0.008728542333430317,0.005819028222286878
9294,0.005819028222286878,9294,0.008728542333430317,0.005819028222286878
9295,0.005819028222286878,9295,0.008728542333430317,0.005819028222286878
9296,0.005819028222286878,9296,0.008728542333430317,0.005819028222286878
9297,0.005819028222286878,9297,0.008728542333430317,0.005819028222286878
9298,0.005819028222286878,9298,0.008728542333430317,0.005819028222286878
9299,0.005819028222286878,9299,0.008728542333430317,0.005819028222286878
9300,0.005819028222286878,9300,0.008728542333430317,0.005819028222286878
9301,0.005819028222286878,9301,0.008728542333430317,0.005819028222286878
9302,0.005819028222286878,9302,0.008728542333430317,0.005819028222286878
9303,0.005819028222286878,9303,0.008728542333430317,0.005819028222286878
9304,0.005819028222286878,9304,0.008728542333430317,0.005819028222286878
9305,0.005819028222286878,9305,0.008728542333430317,0.005819028222286878
9306,0.005819028222286878,9306,0.008728542333430317,0.005819028222286878
9307,0.005819028222286878,9307,0.008728542333430317,0.005819028222286878
9308,0.005819028222286878,9308,0.008728542333430317,0.005819028222286878
9309,0.005819028222286878,9309,0.008728542333430317,0.005819028222286878
9310,0.005819028222286878,9310,0.008728542333430317,0.005819028222286878
9311,0.005819028222286878,9311,0.008728542333430317,0.005819028222286878
9312,0.005819028222286878,9312,0.008728542333430317,0.005819028222286878
9313,0.005819028222286878,9313,0.008728542333430317,0.005819028222286878
9314,0.005819028222286878,9314,0.008728542333430317,0.005819028222286878
9315,0.005819028222286878,9315,0.008728542333430317,0.005819028222286878
9316,0.005819028222286878,9316,0.008728542333430317,0.005819028222286878
9317,0.005819028222286878,9317,0.008728542333430317,0.005819028222286878
9318,0.005819028222286878,9318,0.008728542333430317,0.005819028222286878
9319,0.005819028222286878,9319,0.008728542333430317,0.005819028222286878
9320,0.005819028222286878,9320,0.008728542333430317,0.005819028222286878
9321,0.005819028222286878,9321,0.008728542333430317,0.005819028222286878
9322,0.005819028222286878,9322,0.008728542333430317,0.005819028222286878
9323,0.005819028222286878,9323,0.008728542333430317,0.005819028222286878
9324,0.005819028222286878,9324,0.008728542333430317,0.005819028222286878
9325,0.005819028222286878,9325,0.008728542333430317,0.005819028222286878
9326,0.005819028222286878,9326,0.008728542333430317,0.005819028222286878
9327,0.005819028222286878,9327,0.008728542333430317,0.005819028222286878
9328,0.005819028222286878,9328,0.008728542333430317,0.005819028222286878
9329,0.005819028222286878,9329,0.008728542333430317,0.005819028222286878
9330,0.005819028222286878,9330,0.008728542333430317,0.005819028222286878
9331,0.005819028222286878,9331,0.008728542333430317,0.005819028222286878
9332,0.005819028222286878,9332,0.008728542333430317,0.005819028222286878
9333,0.005819028222286878,9333,0.008728542333430317,0.005819028222286878
9334,0.005819028222286878,9334,0.008728542333430317,0.005819028222286878
9335,0.005819028222286878,9335,0.008728542333430317,0.005819028222286878
9336,0.005819028222286878,9336,0.008728542333430317,0.005819028222286878
9337,0.005819028222286878,9337,0.008728542333430317,0.005819028222286878
9338,0.005819028222286878,9338,0.008728542333430317,0.005819028222286878
9339,0.005819028222286878,9339,0.008728542333430317,0.005819028222286878
9340,0.005819028222286878,9340,0.008728542333430317,0.005819028222286878
9341,0.005819028222286878,9341,0.008728542333430317,0.005819028222286878
9342,0.005819028222286878,9342,0.008728542333430317,0.005819028222286878
9343,0.005819028222286878,9343,0.008728542333430317,0.005819028222286878
9344,0.005819028222286878,9344,0.008728542333430317,0.005819028222286878
9345,0.005819028222286878,9345,0.008728542333430317,0.005819028222286878
9346,0.005819028222286878,9346,0.008728542333430317,0.005819028222286878
9347,0.005819028222286878,9347,0.008728542333430317,0.005819028222286878
9348,0.005819028222286878,9348,0.008728542333430317,0.005819028222286878
9349,0.005819028222286878,9349,0.008728542333430317,0.005819028222286878
9350,0.005819028222286878,9350,0.008728542333430317,0.005819028222286878
9351,0.005819028222286878,9351,0.008728542333430317,0.005819028222286878
9352,0.005819028222286878,9352,0.008728542333430317,0.005819028222286878
9353,0.005819028222286878,9353,0.008728542333430317,0.005819028222286878
9354,0.005819028222286878,9354,0.008728542333430317,0.005819028222286878
9355,0.005819028222286878,9355,0.008728542333430317,0.005819028222286878
9356,0.005819028222286878,9356,0.008728542333430317,0.005819028222286878
9357,0.005819028222286878,9357,0.008728542333430317,0.005819028222286878
9358,0.005819028222286878,9358,0.008728542333430317,0.005819028222286878
9359,0.005819028222286878,9359,0.008728542333430317,0.005819028222286878
9360,0.005819028222286878,9360,0.008728542333430317,0.005819028222286878
9361,0.005819028222286878,9361,0.008728542333430317,0.005819028222286878
9362,0.005819028222286878,9362,0.008728542333430317,0.005819028222286878
9363,0.005819028222286878,9363,0.008728542333430317,0.005819028222286878
9364,0.005819028222286878,9364,0.008728542333430317,0.005819028222286878
9365,0.005819028222286878,9365,0.008728542333430317,0.005819028222286878
9366,0.005819028222286878,9366,0.008728542333430317,0.005819028222286878
9367,0.005819028222286878,9367,0.008728542333430317,0.005819028222286878
9368,0.005819028222286878,9368,0.008728542333430317,0.005819028222286878
9369,0.005819028222286878,9369,0.008728542333430317,0.005819028222286878
9370,0.005819028222286878,9370,0.008728542333430317,0.005819028222286878
9371,0.005819028222286878,9371,0.008728542333430317,0.005819028222286878
9372,0.005819028222286878,9372,0.008728542333430317,0.005819028222286878
9373,0.005819028222286878,9373,0.008728542333430317,0.005819028222286878
9374,0.005819028222286878,9374,0.008728542333430317,0.005819028222286878
9375,0.005819028222286878,9375,0.008728542333430317,0.005819028222286878
9376,0.005819028222286878,9376,0.008728542333430317,0.005819028222286878
9377,0.005819028222286878,9377,0.008728542333430317,0.005819028222286878
9378,0.005819028222286878,9378,0.008728542333430317,0.005819028222286878
9379,0.005819028222286878,9379,0.008728542333430317,0.005819028222286878
9380,0.005819028222286878,9380,0.008728542333430317,0.005819028222286878
9381,0.005819028222286878,9381,0.008728542333430317,0.005819028222286878
9382,0.005819028222286878,9382,0.008728542333430317,0.005819028222286878
9383,0.005819028222286878,9383,0.008728542333430317,0.005819028222286878
9384,0.005819028222286878,9384,0.008728542333430317,0.005819028222286878
9385,0.005819028222286878,9385,0.008728542333430317,0.005819028222286878
9386,0.005819028222286878,9386,0.008728542333430317,0.005819028222286878
9387,0.005819028222286878,9387,0.008728542333430317,0.005819028222286878
9388,0.005819028222286878,9388,0.008728542333430317,0.005819028222286878
9389,0.005819028222286878,9389,0.008728542333430317,0.005819028222286878
9390,0.005819028222286878,9390,0.008728542333430317,0.005819028222286878
9391,0.005819028222286878,9391,0.008728542333430317,0.005819028222286878
9392,0.005819028222286878,9392,0.008728542333430317,0.005819028222286878
9393,0.005819028222286878,9393,0.008728542333430317,0.005819028222286878
9394,0.005819028222286878,9394,0.008728542333430317,0.005819028222286878
9395,0.005819028222286878,9395,0.008728542333430317,0.005819028222286878
9396,0.005819028222286878,9396,0.008728542333430317,0.005819028222286878
9397,0.005819028222286878,9397,0.008728542333430317,0.005819028222286878
9398,0.005819028222286878,9398,0.008728542333430317,0.005819028222286878
9399,0.005819028222286878,9399,0.008728542333430317,0.005819028222286878
9400,0.005819028222286878,9400,0.008728542333430317,0.005819028222286878
9401,0.005819028222286878,9401,0.008728542333430317,0.005819028222286878
9402,0.005819028222286878,9402,0.008728542333430317,0.005819028222286878
9403,0.005819028222286878,9403,0.008728542333430317,0.005819028222286878
9404,0.005819028222286878,9404,0.008728542333430317,0.005819028222286878
9405,0.005819028222286878,9405,0.008728542333430317,0.005819028222286878
9406,0.005819028222286878,9406,0.008728542333430317,0.005819028222286878
9407,0.005819028222286878,9407,0.008728542333430317,0.005819028222286878
9408,0.005819028222286878,9408,0.008728542333430317,0.005819028222286878
9409,0.005819028222286878,9409,0.008728542333430317,0.005819028222286878
9410,0.005819028222286878,9410,0.008728542333430317,0.005819028222286878
9411,0.005819028222286878,9411,0.008728542333430317,0.005819028222286878
9412,0.005819028222286878,9412,0.008728542333430317,0.005819028222286878
9413,0.005819028222286878,9413,0.008728542333430317,0.005819028222286878
9414,0.005819028222286878,9414,0.008728542333430317,0.005819028222286878
9415,0.005819028222286878,9415,0.008728542333430317,0.005819028222286878
9416,0.005819028222286878,9416,0.008728542333430317,0.005819028222286878
9417,0.005819028222286878,9417,0.008728542333430317,0.005819028222286878
9418,0.005819028222286878,9418,0.008728542333430317,0.005819028222286878
9419,0.005819028222286878,9419,0.008728542333430317,0.005819028222286878
9420,0.005819028222286878,9420,0.008728542333430317,0.005819028222286878
9421,0.005819028222286878,9421,0.008728542333430317,0.005819028222286878
9422,0.005819028222286878,9422,0.008728542333430317,0.005819028222286878
9423,0.005819028222286878,9423,0.008728542333430317,0.005819028222286878
9424,0.005819028222286878,9424,0.008728542333430317,0.005819028222286878
9425,0.005819028222286878,9425,0.008728542333430317,0.005819028222286878
9426,0.005819028222286878,9426,0.008728542333430317,0.005819028222286878
9427,0.005819028222286878,9427,0.008728542333430317,0.005819028222286878
9428,0.005819028222286878,9428,0.008728542333430317,0.005819028222286878
9429,0.005819028222286878,9429,0.008728542333430317,0.005819028222286878
9430,0.005819028222286878,9430,0.008728542333430317,0.005819028222286878
9431,0.005819028222286878,9431,0.008728542333430317,0.005819028222286878
9432,0.005819028222286878,9432,0.008728542333430317,0.005819028222286878
9433,0.005819028222286878,9433,0.008728542333430317,0.005819028222286878
9434,0.005819028222286878,9434,0.008728542333430317,0.005819028222286878
9435,0.005819028222286878,9435,0.008728542333430317,0.005819028222286878
9436,0.005819028222286878,9436,0.008728542333430317,0.005819028222286878
9437,0.005819028222286878,9437,0.008728542333430317,0.005819028222286878
9438,0.005819028222286878,9438,0.008728542333430317,0.005819028222286878
9439,0.005819028222286878,9439,0.008728542333430317,0.005819028222286878
9440,0.005819028222286878,9440,0.008728542333430317,0.005819028222286878
9441,0.005819028222286878,9441,0.008728542333430317,0.005819028222286878
9442,0.005819028222286878,9442,0.008728542333430317,0.005819028222286878
9443,0.005819028222286878,9443,0.008728542333430317,0.005819028222286878
9444,0.005819028222286878,9444,0.008728542333430317,0.005819028222286878
9445,0.005819028222286878,9445,0.008728542333430317,0.005819028222286878
9446,0.005819028222286878,9446,0.008728542333430317,0.005819028222286878
9447,0.005819028222286878,9447,0.008728542333430317,0.005819028222286878
9448,0.005819028222286878,9448,0.008728542333430317,0.005819028222286878
9449,0.005819028222286878,9449,0.008728542333430317,0.005819028222286878
9450,0.005819028222286878,9450,0.008728542333430317,0.005819028222286878
9451,0.005819028222286878,9451,0.008728542333430317,0.005819028222286878
9452,0.005819028222286878,9452,0.008728542333430317,0.005819028222286878
9453,0.005819028222286878,9453,0.008728542333430317,0.005819028222286878
9454,0.005819028222286878,9454,0.008728542333430317,0.005819028222286878
9455,0.005819028222286878,9455,0.008728542333430317,0.005819028222286878
9456,0.005819028222286878,9456,0.008728542333430317,0.005819028222286878
9457,0.005819028222286878,9457,0.008728542333430317,0.005819028222286878
9458,0.005819028222286878,9458,0.008728542333430317,0.005819028222286878
9459,0.005819028222286878,9459,0.008728542333430317,0.005819028222286878
9460,0.005819028222286878,9460,0.008728542333430317,0.005819028222286878
9461,0.005819028222286878,9461,0.008728542333430317,0.005819028222286878
9462,0.005819028222286878,9462,0.008728542333430317,0.005819028222286878
9463,0.005819028222286878,9463,0.008728542333430317,0.005819028222286878
9464,0.005819028222286878,9464,0.008728542333430317,0.005819028222286878
9465,0.005819028222286878,9465,0.008728542333430317,0.005819028222286878
9466,0.005819028222286878,9466,0.008728542333430317,0.005819028222286878
9467,0.005819028222286878,9467,0.008728542333430317,0.005819028222286878
9468,0.005819028222286878,9468,0.008728542333430317,0.005819028222286878
9469,0.005819028222286878,9469,0.008728542333430317,0.005819028222286878
9470,0.005819028222286878,9470,0.008728542333430317,0.005819028222286878
9471,0.005819028222286878,9471,0.008728542333430317,0.005819028222286878
9472,0.005819028222286878,9472,0.008728542333430317,0.005819028222286878
9473,0.005819028222286878,9473,0.008728542333430317,0.005819028222286878
9474,0.005819028222286878,9474,0.008728542333430317,0.005819028222286878
9475,0.005819028222286878,9475,0.008728542333430317,0.005819028222286878
9476,0.005819028222286878,9476,0.008728542333430317,0.005819028222286878
9477,0.005819028222286878,9477,0.008728542333430317,0.005819028222286878
9478,0.005819028222286878,9478,0.008728542333430317,0.005819028222286878
9479,0.005819028222286878,9479,0.008728542333430317,0.005819028222286878
9480,0.005819028222286878,9480,0.008728542333430317,0.005819028222286878
9481,0.005819028222286878,9481,0.008728542333430317,0.005819028222286878
9482,0.005819028222286878,9482,0.008728542333430317,0.005819028222286878
9483,0.005819028222286878,9483,0.008728542333430317,0.005819028222286878
9484,0.005819028222286878,9484,0.008728542333430317,0.005819028222286878
9485,0.005819028222286878,9485,0.008728542333430317,0.005819028222286878
9486,0.005819028222286878,9486,0.008728542333430317,0.005819028222286878
9487,0.005819028222286878,9487,0.008728542333430317,0.005819028222286878
9488,0.005819028222286878,9488,0.008728542333430317,0.005819028222286878
9489,0.005819028222286878,9489,0.008728542333430317,0.005819028222286878
9490,0.005819028222286878,9490,0.008728542333430317,0.005819028222286878
9491,0.005819028222286878,9491,0.008728542333430317,0.005819028222286878
9492,0.005819028222286878,9492,0.008728542333430317,0.005819028222286878
9493,0.005819028222286878,9493,0.008728542333430317,0.005819028222286878
9494,0.005819028222286878,9494,0.008728542333430317,0.005819028222286878
9495,0.005819028222286878,9495,0.008728542333430317,0.005819028222286878
9496,0.005819028222286878,9496,0.008728542333430317,0.005819028222286878
9497,0.005819028222286878,9497,0.008728542333430317,0.005819028222286878
9498,0.005819028222286878,9498,0.008728542333430317,0.005819028222286878
9499,0.005819028222286878,9499,0.008728542333430317,0.005819028222286878
9500,0.005819028222286878,9500,0.008728542333430317,0.005819028222286878
9501,0.005819028222286878,9501,0.008728542333430317,0.005819028222286878
9502,0.005819028222286878,9502,0.008728542333430317,0.005819028222286878
9503,0.005819028222286878,9503,0.008728542333430317,0.005819028222286878
9504,0.005819028222286878,9504,0.008728542333430317,0.005819028222286878
9505,0.005819028222286878,9505,0.008728542333430317,0.005819028222286878
9506,0.005819028222286878,9506,0.008728542333430317,0.005819028222286878
9507,0.005819028222286878,9507,0.008728542333430317,0.005819028222286878
9508,0.005819028222286878,9508,0.008728542333430317,0.005819028222286878
9509,0.005819028222286878,9509,0.008728542333430317,0.005819028222286878
9510,0.005819028222286878,9510,0.008728542333430317,0.005819028222286878
9511,0.005819028222286878,9511,0.008728542333430317,0.005819028222286878
9512,0.005819028222286878,9512,0.008728542333430317,0.005819028222286878
9513,0.005819028222286878,9513,0.008728542333430317,0.005819028222286878
9514,0.005819028222286878,9514,0.008728542333430317,0.005819028222286878
9515,0.005819028222286878,9515,0.008728542333430317,0.005819028222286878
9516,0.005819028222286878,9516,0.008728542333430317,0.005819028222286878
9517,0.005819028222286878,9517,0.008728542333430317,0.005819028222286878
9518,0.005819028222286878,9518,0.008728542333430317,0.005819028222286878
9519,0.005819028222286878,9519,0.008728542333430317,0.005819028222286878
9520,0.005819028222286878,9520,0.008728542333430317,0.005819028222286878
9521,0.005819028222286878,9521,0.008728542333430317,0.005819028222286878
9522,0.005819028222286878,9522,0.008728542333430317,0.005819028222286878
9523,0.005819028222286878,9523,0.008728542333430317,0.005819028222286878
9524,0.005819028222286878,9524,0.008728542333430317,0.005819028222286878
9525,0.005819028222286878,9525,0.008728542333430317,0.005819028222286878
9526,0.005819028222286878,9526,0.008728542333430317,0.005819028222286878
9527,0.005819028222286878,9527,0.008728542333430317,0.005819028222286878
9528,0.005819028222286878,9528,0.008728542333430317,0.005819028222286878
9529,0.005819028222286878,9529,0.008728542333430317,0.005819028222286878
9530,0.005819028222286878,9530,0.008728542333430317,0.005819028222286878
9531,0.005819028222286878,9531,0.008728542333430317,0.005819028222286878
9532,0.005819028222286878,9532,0.008728542333430317,0.005819028222286878
9533,0.005819028222286878,9533,0.008728542333430317,0.005819028222286878
9534,0.005819028222286878,9534,0.008728542333430317,0.005819028222286878
9535,0.005819028222286878,9535,0.008728542333430317,0.005819028222286878
9536,0.005819028222286878,9536,0.008728542333430317,0.005819028222286878
9537,0.005819028222286878,9537,0.008728542333430317,0.005819028222286878
9538,0.005819028222286878,9538,0.008728542333430317,0.005819028222286878
9539,0.005819028222286878,9539,0.008728542333430317,0.005819028222286878
9540,0.005819028222286878,9540,0.008728542333430317,0.005819028222286878
9541,0.005819028222286878,9541,0.008728542333430317,0.005819028222286878
9542,0.005819028222286878,9542,0.008728542333430317,0.005819028222286878
9543,0.005819028222286878,9543,0.008728542333430317,0.005819028222286878
9544,0.005819028222286878,9544,0.008728542333430317,0.005819028222286878
9545,0.005819028222286878,9545,0.008728542333430317,0.005819028222286878
9546,0.005819028222286878,9546,0.008728542333430317,0.005819028222286878
9547,0.005819028222286878,9547,0.008728542333430317,0.005819028222286878
9548,0.005819028222286878,9548,0.008728542333430317,0.005819028222286878
9549,0.005819028222286878,9549,0.008728542333430317,0.005819028222286878
9550,0.005819028222286878,9550,0.008728542333430317,0.005819028222286878
9551,0.005819028222286878,9551,0.008728542333430317,0.005819028222286878
9552,0.005819028222286878,9552,0.008728542333430317,0.005819028222286878
9553,0.005819028222286878,9553,0.008728542333430317,0.005819028222286878
9554,0.005819028222286878,9554,0.008728542333430317,0.005819028222286878
9555,0.005819028222286878,9555,0.008728542333430317,0.005819028222286878
9556,0.005819028222286878,9556,0.008728542333430317,0.005819028222286878
9557,0.005819028222286878,9557,0.008728542333430317,0.005819028222286878
9558,0.005819028222286878,9558,0.008728542333430317,0.005819028222286878
9559,0.005819028222286878,9559,0.008728542333430317,0.005819028222286878
9560,0.005819028222286878,9560,0.008728542333430317,0.005819028222286878
9561,0.005819028222286878,9561,0.008728542333430317,0.005819028222286878
9562,0.005819028222286878,9562,0.008728542333430317,0.005819028222286878
9563,0.005819028222286878,9563,0.008728542333430317,0.005819028222286878
9564,0.005819028222286878,9564,0.008728542333430317,0.005819028222286878
9565,0.005819028222286878,9565,0.008728542333430317,0.005819028222286878
9566,0.005819028222286878,9566,0.008728542333430317,0.005819028222286878
9567,0.005819028222286878,9567,0.008728542333430317,0.005819028222286878
9568,0.005819028222286878,9568,0.008728542333430317,0.005819028222286878
9569,0.005819028222286878,9569,0.008728542333430317,0.005819028222286878
9570,0.005819028222286878,9570,0.008728542333430317,0.005819028222286878
9571,0.005819028222286878,9571,0.008728542333430317,0.005819028222286878
9572,0.005819028222286878,9572,0.008728542333430317,0.005819028222286878
9573,0.005819028222286878,9573,0.008728542333430317,0.005819028222286878
9574,0.005819028222286878,9574,0.008728542333430317,0.005819028222286878
9575,0.005819028222286878,9575,0.008728542333430317,0.005819028222286878
9576,0.005819028222286878,9576,0.008728542333430317,0.005819028222286878
9577,0.005819028222286878,9577,0.008728542333430317,0.005819028222286878
9578,0.005819028222286878,9578,0.008728542333430317,0.005819028222286878
9579,0.005819028222286878,9579,0.008728542333430317,0.005819028222286878
9580,0.005819028222286878,9580,0.008728542333430317,0.005819028222286878
9581,0.005819028222286878,9581,0.008728542333430317,0.005819028222286878
9582,0.005819028222286878,9582,0.008728542333430317,0.005819028222286878
9583,0.005819028222286878,9583,0.008728542333430317,0.005819028222286878
9584,0.005819028222286878,9584,0.008728542333430317,0.005819028222286878
9585,0.005819028222286878,9585,0.008728542333430317,0.005819028222286878
9586,0.005819028222286878,9586,0.008728542333430317,0.005819028222286878
9587,0.005819028222286878,9587,0.008728542333430317,0.005819028222286878
9588,0.005819028222286878,9588,0.008728542333430317,0.005819028222286878
9589,0.005819028222286878,9589,0.008728542333430317,0.005819028222286878
9590,0.005819028222286878,9590,0.008728542333430317,0.005819028222286878
9591,0.005819028222286878,9591,0.008728542333430317,0.005819028222286878
9592,0.005819028222286878,9592,0.008728542333430317,0.005819028222286878
9593,0.005819028222286878,9593,0.008728542333430317,0.005819028222286878
9594,0.005819028222286878,9594,0.008728542333430317,0.005819028222286878
9595,0.005819028222286878,9595,0.008728542333430317,0.005819028222286878
9596,0.005819028222286878,9596,0.008728542333430317,0.005819028222286878
9597,0.005819028222286878,9597,0.008728542333430317,0.005819028222286878
9598,0.005819028222286878,9598,0.008728542333430317,0.005819028222286878
9599,0.005819028222286878,9599,0.008728542333430317,0.005819028222286878
9600,0.005819028222286878,9600,0.008728542333430317,0.005819028222286878
9601,0.005819028222286878,9601,0.008728542333430317,0.005819028222286878
9602,0.005819028222286878,9602,0.008728542333430317,0.005819028222286878
9603,0.005819028222286878,9603,0.008728542333430317,0.005819028222286878
9604,0.005819028222286878,9604,0.008728542333430317,0.005819028222286878
9605,0.005819028222286878,9605,0.008728542333430317,0.005819028222286878
9606,0.005819028222286878,9606,0.008728542333430317,0.005819028222286878
9607,0.005819028222286878,9607,0.008728542333430317,0.005819028222286878
9608,0.005819028222286878,9608,0.008728542333430317,0.005819028222286878
9609,0.005819028222286878,9609,0.008728542333430317,0.005819028222286878
9610,0.005819028222286878,9610,0.008728542333430317,0.005819028222286878
9611,0.005819028222286878,9611,0.008728542333430317,0.005819028222286878
9612,0.005819028222286878,9612,0.008728542333430317,0.005819028222286878
9613,0.005819028222286878,9613,0.008728542333430317,0.005819028222286878
9614,0.005819028222286878,9614,0.008728542333430317,0.005819028222286878
9615,0.005819028222286878,9615,0.008728542333430317,0.005819028222286878
9616,0.005819028222286878,9616,0.008728542333430317,0.005819028222286878
9617,0.005819028222286878,9617,0.008728542333430317,0.005819028222286878
9618,0.005819028222286878,9618,0.008728542333430317,0.005819028222286878
9619,0.005819028222286878,9619,0.008728542333430317,0.005819028222286878
9620,0.005819028222286878,9620,0.008728542333430317,0.005819028222286878
9621,0.005819028222286878,9621,0.008728542333430317,0.005819028222286878
9622,0.005819028222286878,9622,0.008728542333430317,0.005819028222286878
9623,0.005819028222286878,9623,0.008728542333430317,0.005819028222286878
9624,0.005819028222286878,9624,0.008728542333430317,0.005819028222286878
9625,0.005819028222286878,9625,0.008728542333430317,0.005819028222286878
9626,0.005819028222286878,9626,0.008728542333430317,0.005819028222286878
9627,0.005819028222286878,9627,0.008728542333430317,0.005819028222286878
9628,0.005819028222286878,9628,0.008728542333430317,0.005819028222286878
9629,0.005819028222286878,9629,0.008728542333430317,0.005819028222286878
9630,0.005819028222286878,9630,0.008728542333430317,0.005819028222286878
9631,0.005819028222286878,9631,0.008728542333430317,0.005819028222286878
9632,0.005819028222286878,9632,0.008728542333430317,0.005819028222286878
9633,0.005819028222286878,9633,0.008728542333430317,0.005819028222286878
9634,0.005819028222286878,9634,0.008728542333430317,0.005819028222286878
9635,0.005819028222286878,9635,0.008728542333430317,0.005819028222286878
9636,0.005819028222286878,9636,0.008728542333430317,0.005819028222286878
9637,0.005819028222286878,9637,0.008728542333430317,0.005819028222286878
9638,0.005819028222286878,9638,0.008728542333430317,0.005819028222286878
9639,0.005819028222286878,9639,0.008728542333430317,0.005819028222286878
9640,0.005819028222286878,9640,0.008728542333430317,0.005819028222286878
9641,0.005819028222286878,9641,0.008728542333430317,0.005819028222286878
9642,0.005819028222286878,9642,0.008728542333430317,0.005819028222286878
9643,0.005819028222286878,9643,0.008728542333430317,0.005819028222286878
9644,0.005819028222286878,9644,0.008728542333430317,0.005819028222286878
9645,0.005819028222286878,9645,0.008728542333430317,0.005819028222286878
9646,0.005819028222286878,9646,0.008728542333430317,0.005819028222286878
9647,0.005819028222286878,9647,0.008728542333430317,0.005819028222286878
9648,0.005819028222286878,9648,0.008728542333430317,0.005819028222286878
9649,0.005819028222286878,9649,0.008728542333430317,0.005819028222286878
9650,0.005819028222286878,9650,0.008728542333430317,0.005819028222286878
9651,0.005819028222286878,9651,0.008728542333430317,0.005819028222286878
9652,0.005819028222286878,9652,0.008728542333430317,0.005819028222286878
9653,0.005819028222286878,9653,0.008728542333430317,0.005819028222286878
9654,0.005819028222286878,9654,0.008728542333430317,0.005819028222286878
9655,0.005819028222286878,9655,0.008728542333430317,0.005819028222286878
9656,0.005819028222286878,9656,0.008728542333430317,0.005819028222286878
9657,0.005819028222286878,9657,0.008728542333430317,0.005819028222286878
9658,0.005819028222286878,9658,0.008728542333430317,0.005819028222286878
9659,0.005819028222286878,9659,0.008728542333430317,0.005819028222286878
9660,0.005819028222286878,9660,0.008728542333430317,0.005819028222286878
9661,0.005819028222286878,9661,0.008728542333430317,0.005819028222286878
9662,0.005819028222286878,9662,0.008728542333430317,0.005819028222286878
9663,0.005819028222286878,9663,0.008728542333430317,0.005819028222286878
9664,0.005819028222286878,9664,0.008728542333430317,0.005819028222286878
9665,0.005819028222286878,9665,0.008728542333430317,0.005819028222286878
9666,0.005819028222286878,9666,0.008728542333430317,0.005819028222286878
9667,0.005819028222286878,9667,0.008728542333430317,0.005819028222286878
9668,0.005819028222286878,9668,0.008728542333430317,0.005819028222286878
9669,0.005819028222286878,9669,0.008728542333430317,0.005819028222286878
9670,0.005819028222286878,9670,0.008728542333430317,0.005819028222286878
9671,0.005819028222286878,9671,0.008728542333430317,0.005819028222286878
9672,0.005819028222286878,9672,0.008728542333430317,0.005819028222286878
9673,0.005819028222286878,9673,0.008728542333430317,0.005819028222286878
9674,0.005819028222286878,9674,0.008728542333430317,0.005819028222286878
9675,0.005819028222286878,9675,0.008728542333430317,0.005819028222286878
9676,0.005819028222286878,9676,0.008728542333430317,0.005819028222286878
9677,0.005819028222286878,9677,0.008728542333430317,0.005819028222286878
9678,0.005819028222286878,9678,0.008728542333430317,0.005819028222286878
9679,0.005819028222286878,9679,0.008728542333430317,0.005819028222286878
9680,0.005819028222286878,9680,0.008728542333430317,0.005819028222286878
9681,0.005819028222286878,9681,0.008728542333430317,0.005819028222286878
9682,0.005819028222286878,9682,0.008728542333430317,0.005819028222286878
9683,0.005819028222286878,9683,0.008728542333430317,0.005819028222286878
9684,0.005819028222286878,9684,0.008728542333430317,0.005819028222286878
9685,0.005819028222286878,9685,0.008728542333430317,0.005819028222286878
9686,0.005819028222286878,9686,0.008728542333430317,0.005819028222286878
9687,0.005819028222286878,9687,0.008728542333430317,0.005819028222286878
9688,0.005819028222286878,9688,0.008728542333430317,0.005819028222286878
9689,0.005819028222286878,9689,0.008728542333430317,0.005819028222286878
9690,0.005819028222286878,9690,0.008728542333430317,0.005819028222286878
9691,0.005819028222286878,9691,0.008728542333430317,0.005819028222286878
9692,0.005819028222286878,9692,0.008728542333430317,0.005819028222286878
9693,0.005819028222286878,9693,0.008728542333430317,0.005819028222286878
9694,0.005819028222286878,9694,0.008728542333430317,0.005819028222286878
9695,0.005819028222286878,9695,0.008728542333430317,0.005819028222286878
9696,0.005819028222286878,9696,0.008728542333430317,0.005819028222286878
9697,0.005819028222286878,9697,0.008728542333430317,0.005819028222286878
9698,0.005819028222286878,9698,0.008728542333430317,0.005819028222286878
9699,0.005819028222286878,9699,0.008728542333430317,0.005819028222286878
9700,0.005819028222286878,9700,0.008728542333430317,0.005819028222286878
9701,0.005819028222286878,9701,0.008728542333430317,0.005819028222286878
9702,0.005819028222286878,9702,0.008728542333430317,0.005819028222286878
9703,0.005819028222286878,9703,0.008728542333430317,0.005819028222286878
9704,0.005819028222286878,9704,0.008728542333430317,0.005819028222286878
9705,0.005819028222286878,9705,0.008728542333430317,0.005819028222286878
9706,0.005819028222286878,9706,0.008728542333430317,0.005819028222286878
9707,0.005819028222286878,9707,0.008728542333430317,0.005819028222286878
9708,0.005819028222286878,9708,0.008728542333430317,0.005819028222286878
9709,0.005819028222286878,9709,0.008728542333430317,0.005819028222286878
9710,0.005819028222286878,9710,0.008728542333430317,0.005819028222286878
9711,0.005819028222286878,9711,0.008728542333430317,0.005819028222286878
9712,0.005819028222286878,9712,0.008728542333430317,0.005819028222286878
9713,0.005819028222286878,9713,0.008728542333430317,0.005819028222286878
9714,0.005819028222286878,9714,0.008728542333430317,0.005819028222286878
9715,0.005819028222286878,9715,0.008728542333430317,0.005819028222286878
9716,0.005819028222286878,9716,0.008728542333430317,0.005819028222286878
9717,0.005819028222286878,9717,0.008728542333430317,0.005819028222286878
9718,0.005819028222286878,9718,0.008728542333430317,0.005819028222286878
9719,0.005819028222286878,9719,0.008728542333430317,0.005819028222286878
9720,0.005819028222286878,9720,0.008728542333430317,0.005819028222286878
9721,0.005819028222286878,9721,0.008728542333430317,0.005819028222286878
9722,0.005819028222286878,9722,0.008728542333430317,0.005819028222286878
9723,0.005819028222286878,9723,0.008728542333430317,0.005819028222286878
9724,0.005819028222286878,9724,0.008728542333430317,0.005819028222286878
9725,0.005819028222286878,9725,0.008728542333430317,0.005819028222286878
9726,0.005819028222286878,9726,0.008728542333430317,0.005819028222286878
9727,0.005819028222286878,9727,0.008728542333430317,0.005819028222286878
9728,0.005819028222286878,9728,0.008728542333430317,0.005819028222286878
9729,0.005819028222286878,9729,0.008728542333430317,0.005819028222286878
9730,0.005819028222286878,9730,0.008728542333430317,0.005819028222286878
9731,0.005819028222286878,9731,0.008728542333430317,0.005819028222286878
9732,0.005819028222286878,9732,0.008728542333430317,0.005819028222286878
9733,0.005819028222286878,9733,0.008728542333430317,0.005819028222286878
9734,0.005819028222286878,9734,0.008728542333430317,0.005819028222286878
9735,0.005819028222286878,9735,0.008728542333430317,0.005819028222286878
9736,0.005819028222286878,9736,0.008728542333430317,0.005819028222286878
9737,0.005819028222286878,9737,0.008728542333430317,0.005819028222286878
9738,0.005819028222286878,9738,0.008728542333430317,0.005819028222286878
9739,0.005819028222286878,9739,0.008728542333430317,0.005819028222286878
9740,0.005819028222286878,9740,0.008728542333430317,0.005819028222286878
9741,0.005819028222286878,9741,0.008728542333430317,0.005819028222286878
9742,0.005819028222286878,9742,0.008728542333430317,0.005819028222286878
9743,0.005819028222286878,9743,0.008728542333430317,0.005819028222286878
9744,0.005819028222286878,9744,0.008728542333430317,0.005819028222286878
9745,0.005819028222286878,9745,0.008728542333430317,0.005819028222286878
9746,0.005819028222286878,9746,0.008728542333430317,0.005819028222286878
9747,0.005819028222286878,9747,0.008728542333430317,0.005819028222286878
9748,0.005819028222286878,9748,0.008728542333430317,0.005819028222286878
9749,0.005819028222286878,9749,0.008728542333430317,0.005819028222286878
9750,0.005819028222286878,9750,0.008728542333430317,0.005819028222286878
9751,0.005819028222286878,9751,0.008728542333430317,0.005819028222286878
9752,0.005819028222286878,9752,0.008728542333430317,0.005819028222286878
9753,0.005819028222286878,9753,0.008728542333430317,0.005819028222286878
9754,0.005819028222286878,9754,0.008728542333430317,0.005819028222286878
9755,0.005819028222286878,9755,0.008728542333430317,0.005819028222286878
9756,0.005819028222286878,9756,0.008728542333430317,0.005819028222286878
9757,0.005819028222286878,9757,0.008728542333430317,0.005819028222286878
9758,0.005819028222286878,9758,0.008728542333430317,0.005819028222286878
9759,0.005819028222286878,9759,0.008728542333430317,0.005819028222286878
9760,0.005819028222286878,9760,0.008728542333430317,0.005819028222286878
9761,0.005819028222286878,9761,0.008728542333430317,0.005819028222286878
9762,0.005819028222286878,9762,0.008728542333430317,0.005819028222286878
9763,0.005819028222286878,9763,0.008728542333430317,0.005819028222286878
9764,0.005819028222286878,9764,0.008728542333430317,0.005819028222286878
9765,0.005819028222286878,9765,0.008728542333430317,0.005819028222286878
9766,0.005819028222286878,9766,0.008728542333430317,0.005819028222286878
9767,0.005819028222286878,9767,0.008728542333430317,0.005819028222286878
9768,0.005819028222286878,9768,0.008728542333430317,0.005819028222286878
9769,0.005819028222286878,9769,0.008728542333430317,0.005819028222286878
9770,0.005819028222286878,9770,0.008728542333430317,0.005819028222286878
9771,0.005819028222286878,9771,0.008728542333430317,0.005819028222286878
9772,0.005819028222286878,9772,0.008728542333430317,0.005819028222286878
9773,0.005819028222286878,9773,0.008728542333430317,0.005819028222286878
9774,0.005819028222286878,9774,0.008728542333430317,0.005819028222286878
9775,0.005819028222286878,9775,0.008728542333430317,0.005819028222286878
9776,0.005819028222286878,9776,0.008728542333430317,0.005819028222286878
9777,0.005819028222286878,9777,0.008728542333430317,0.005819028222286878
9778,0.005819028222286878,9778,0.008728542333430317,0.005819028222286878
9779,0.005819028222286878,9779,0.008728542333430317,0.005819028222286878
9780,0.005819028222286878,9780,0.008728542333430317,0.005819028222286878
9781,0.005819028222286878,9781,0.008728542333430317,0.005819028222286878
9782,0.005819028222286878,9782,0.008728542333430317,0.005819028222286878
9783,0.005819028222286878,9783,0.008728542333430317,0.005819028222286878
9784,0.005819028222286878,9784,0.008728542333430317,0.005819028222286878
9785,0.005819028222286878,9785,0.008728542333430317,0.005819028222286878
9786,0.005819028222286878,9786,0.008728542333430317,0.005819028222286878
9787,0.005819028222286878,9787,0.008728542333430317,0.005819028222286878
9788,0.005819028222286878,9788,0.008728542333430317,0.005819028222286878
9789,0.005819028222286878,9789,0.008728542333430317,0.005819028222286878
9790,0.005819028222286878,9790,0.008728542333430317,0.005819028222286878
9791,0.005819028222286878,9791,0.008728542333430317,0.005819028222286878
9792,0.005819028222286878,9792,0.008728542333430317,0.005819028222286878
9793,0.005819028222286878,9793,0.008728542333430317,0.005819028222286878
9794,0.005819028222286878,9794,0.008728542333430317,0.005819028222286878
9795,0.005819028222286878,9795,0.008728542333430317,0.005819028222286878
9796,0.005819028222286878,9796,0.008728542333430317,0.005819028222286878
9797,0.005819028222286878,9797,0.008728542333430317,0.005819028222286878
9798,0.005819028222286878,9798,0.008728542333430317,0.005819028222286878
9799,0.005819028222286878,9799,0.008728542333430317,0.005819028222286878
9800,0.005819028222286878,9800,0.008728542333430317,0.005819028222286878
9801,0.005819028222286878,9801,0.008728542333430317,0.005819028222286878
9802,0.005819028222286878,9802,0.008728542333430317,0.005819028222286878
9803,0.005819028222286878,9803,0.008728542333430317,0.005819028222286878
9804,0.005819028222286878,9804,0.008728542333430317,0.005819028222286878
9805,0.005819028222286878,9805,0.008728542333430317,0.005819028222286878
9806,0.005819028222286878,9806,0.008728542333430317,0.005819028222286878
9807,0.005819028222286878,9807,0.008728542333430317,0.005819028222286878
9808,0.005819028222286878,9808,0.008728542333430317,0.005819028222286878
9809,0.005819028222286878,9809,0.008728542333430317,0.005819028222286878
9810,0.005819028222286878,9810,0.008728542333430317,0.005819028222286878
9811,0.005819028222286878,9811,0.008728542333430317,0.005819028222286878
9812,0.005819028222286878,9812,0.008728542333430317,0.005819028222286878
9813,0.005819028222286878,9813,0.008728542333430317,0.005819028222286878
9814,0.005819028222286878,9814,0.008728542333430317,0.005819028222286878
9815,0.005819028222286878,9815,0.008728542333430317,0.005819028222286878
9816,0.005819028222286878,9816,0.008728542333430317,0.005819028222286878
9817,0.005819028222286878,9817,0.008728542333430317,0.005819028222286878
9818,0.005819028222286878,9818,0.008728542333430317,0.005819028222286878
9819,0.005819028222286878,9819,0.008728542333430317,0.005819028222286878
9820,0.005819028222286878,9820,0.008728542333430317,0.005819028222286878
9821,0.005819028222286878,9821,0.008728542333430317,0.005819028222286878
9822,0.005819028222286878,9822,0.008728542333430317,0.005819028222286878
9823,0.005819028222286878,9823,0.008728542333430317,0.005819028222286878
9824,0.005819028222286878,9824,0.008728542333430317,0.005819028222286878
9825,0.005819028222286878,9825,0.008728542333430317,0.005819028222286878
9826,0.005819028222286878,9826,0.008728542333430317,0.005819028222286878
9827,0.005819028222286878,9827,0.008728542333430317,0.005819028222286878
9828,0.005819028222286878,9828,0.008728542333430317,0.005819028222286878
9829,0.005819028222286878,9829,0.008728542333430317,0.005819028222286878
9830,0.005819028222286878,9830,0.008728542333430317,0.005819028222286878
9831,0.005819028222286878,9831,0.008728542333430317,0.005819028222286878
9832,0.005819028222286878,9832,0.008728542333430317,0.005819028222286878
9833,0.005819028222286878,9833,0.008728542333430317,0.005819028222286878
9834,0.005819028222286878,9834,0.008728542333430317,0.005819028222286878
9835,0.005819028222286878,9835,0.008728542333430317,0.005819028222286878
9836,0.005819028222286878,9836,0.008728542333430317,0.005819028222286878
9837,0.005819028222286878,9837,0.008728542333430317,0.005819028222286878
9838,0.005819028222286878,9838,0.008728542333430317,0.005819028222286878
9839,0.005819028222286878,9839,0.008728542333430317,0.005819028222286878
9840,0.005819028222286878,9840,0.008728542333430317,0.005819028222286878
9841,0.005819028222286878,9841,0.008728542333430317,0.005819028222286878
9842,0.005819028222286878,9842,0.008728542333430317,0.005819028222286878
9843,0.005819028222286878,9843,0.008728542333430317,0.005819028222286878
9844,0.005819028222286878,9844,0.008728542333430317,0.005819028222286878
9845,0.005819028222286878,9845,0.008728542333430317,0.005819028222286878
9846,0.005819028222286878,9846,0.008728542333430317,0.005819028222286878
9847,0.005819028222286878,9847,0.008728542333430317,0.005819028222286878
9848,0.005819028222286878,9848,0.008728542333430317,0.005819028222286878
9849,0.005819028222286878,9849,0.008728542333430317,0.005819028222286878
9850,0.005819028222286878,9850,0.008728542333430317,0.005819028222286878
9851,0.005819028222286878,9851,0.008728542333430317,0.005819028222286878
9852,0.005819028222286878,9852,0.008728542333430317,0.005819028222286878
9853,0.005819028222286878,9853,0.008728542333430317,0.005819028222286878
9854,0.005819028222286878,9854,0.008728542333430317,0.005819028222286878
9855,0.005819028222286878,9855,0.008728542333430317,0.005819028222286878
9856,0.005819028222286878,9856,0.008728542333430317,0.005819028222286878
9857,0.005819028222286878,9857,0.008728542333430317,0.005819028222286878
9858,0.005819028222286878,9858,0.008728542333430317,0.005819028222286878
9859,0.005819028222286878,9859,0.008728542333430317,0.005819028222286878
9860,0.005819028222286878,9860,0.008728542333430317,0.005819028222286878
9861,0.005819028222286878,9861,0.008728542333430317,0.005819028222286878
9862,0.005819028222286878,9862,0.008728542333430317,0.005819028222286878
9863,0.005819028222286878,9863,0.008728542333430317,0.005819028222286878
9864,0.005819028222286878,9864,0.008728542333430317,0.005819028222286878
9865,0.005819028222286878,9865,0.008728542333430317,0.005819028222286878
9866,0.005819028222286878,9866,0.008728542333430317,0.005819028222286878
9867,0.005819028222286878,9867,0.008728542333430317,0.005819028222286878
9868,0.005819028222286878,9868,0.008728542333430317,0.005819028222286878
9869,0.005819028222286878,9869,0.008728542333430317,0.005819028222286878
9870,0.005819028222286878,9870,0.008728542333430317,0.005819028222286878
9871,0.005819028222286878,9871,0.008728542333430317,0.005819028222286878
9872,0.005819028222286878,9872,0.008728542333430317,0.005819028222286878
9873,0.005819028222286878,9873,0.008728542333430317,0.005819028222286878
9874,0.005819028222286878,9874,0.008728542333430317,0.005819028222286878
9875,0.005819028222286878,9875,0.008728542333430317,0.005819028222286878
9876,0.005819028222286878,9876,0.008728542333430317,0.005819028222286878
9877,0.005819028222286878,9877,0.008728542333430317,0.005819028222286878
9878,0.005819028222286878,9878,0.008728542333430317,0.005819028222286878
9879,0.005819028222286878,9879,0.008728542333430317,0.005819028222286878
9880,0.005819028222286878,9880,0.008728542333430317,0.005819028222286878
9881,0.005819028222286878,9881,0.008728542333430317,0.005819028222286878
9882,0.005819028222286878,9882,0.008728542333430317,0.005819028222286878
9883,0.005819028222286878,9883,0.008728542333430317,0.005819028222286878
9884,0.005819028222286878,9884,0.008728542333430317,0.005819028222286878
9885,0.005819028222286878,9885,0.008728542333430317,0.005819028222286878
9886,0.005819028222286878,9886,0.008728542333430317,0.005819028222286878
9887,0.005819028222286878,9887,0.008728542333430317,0.005819028222286878
9888,0.005819028222286878,9888,0.008728542333430317,0.005819028222286878
9889,0.005819028222286878,9889,0.008728542333430317,0.005819028222286878
9890,0.005819028222286878,9890,0.008728542333430317,0.005819028222286878
9891,0.005819028222286878,9891,0.008728542333430317,0.005819028222286878
9892,0.005819028222286878,9892,0.008728542333430317,0.005819028222286878
9893,0.005819028222286878,9893,0.008728542333430317,0.005819028222286878
9894,0.005819028222286878,9894,0.008728542333430317,0.005819028222286878
9895,0.005819028222286878,9895,0.008728542333430317,0.005819028222286878
9896,0.005819028222286878,9896,0.008728542333430317,0.005819028222286878
9897,0.005819028222286878,9897,0.008728542333430317,0.005819028222286878
9898,0.005819028222286878,9898,0.008728542333430317,0.005819028222286878
9899,0.005819028222286878,9899,0.008728542333430317,0.005819028222286878
9900,0.005819028222286878,9900,0.008728542333430317,0.005819028222286878
9901,0.005819028222286878,9901,0.008728542333430317,0.005819028222286878
9902,0.005819028222286878,9902,0.008728542333430317,0.005819028222286878
9903,0.005819028222286878,9903,0.008728542333430317,0.005819028222286878
9904,0.005819028222286878,9904,0.008728542333430317,0.005819028222286878
9905,0.005819028222286878,9905,0.008728542333430317,0.005819028222286878
9906,0.005819028222286878,9906,0.008728542333430317,0.005819028222286878
9907,0.005819028222286878,9907,0.008728542333430317,0.005819028222286878
9908,0.005819028222286878,9908,0.008728542333430317,0.005819028222286878
9909,0.005819028222286878,9909,0.008728542333430317,0.005819028222286878
9910,0.005819028222286878,9910,0.008728542333430317,0.005819028222286878
9911,0.005819028222286878,9911,0.008728542333430317,0.005819028222286878
9912,0.005819028222286878,9912,0.008728542333430317,0.005819028222286878
9913,0.005819028222286878,9913,0.008728542333430317,0.005819028222286878
9914,0.005819028222286878,9914,0.008728542333430317,0.005819028222286878
9915,0.005819028222286878,9915,0.008728542333430317,0.005819028222286878
9916,0.005819028222286878,9916,0.008728542333430317,0.005819028222286878
9917,0.005819028222286878,9917,0.008728542333430317,0.005819028222286878
9918,0.005819028222286878,9918,0.008728542333430317,0.005819028222286878
9919,0.005819028222286878,9919,0.008728542333430317,0.005819028222286878
9920,0.005819028222286878,9920,0.008728542333430317,0.005819028222286878
9921,0.005819028222286878,9921,0.008728542333430317,0.005819028222286878
9922,0.005819028222286878,9922,0.008728542333430317,0.005819028222286878
9923,0.005819028222286878,9923,0.008728542333430317,0.005819028222286878
9924,0.005819028222286878,9924,0.008728542333430317,0.005819028222286878
9925,0.005819028222286878,9925,0.008728542333430317,0.005819028222286878
9926,0.005819028222286878,9926,0.008728542333430317,0.005819028222286878
9927,0.005819028222286878,9927,0.008728542333430317,0.005819028222286878
9928,0.005819028222286878,9928,0.008728542333430317,0.005819028222286878
9929,0.005819028222286878,9929,0.008728542333430317,0.005819028222286878
9930,0.005819028222286878,9930,0.008728542333430317,0.005819028222286878
9931,0.005819028222286878,9931,0.008728542333430317,0.005819028222286878
9932,0.005819028222286878,9932,0.008728542333430317,0.005819028222286878
9933,0.005819028222286878,9933,0.008728542333430317,0.005819028222286878
9934,0.005819028222286878,9934,0.008728542333430317,0.005819028222286878
9935,0.005819028222286878,9935,0.008728542333430317,0.005819028222286878
9936,0.005819028222286878,9936,0.008728542333430317,0.005819028222286878
9937,0.005819028222286878,9937,0.008728542333430317,0.005819028222286878
9938,0.005819028222286878,9938,0.008728542333430317,0.005819028222286878
9939,0.005819028222286878,9939,0.008728542333430317,0.005819028222286878
9940,0.005819028222286878,9940,0.008728542333430317,0.005819028222286878
9941,0.005819028222286878,9941,0.008728542333430317,0.005819028222286878
9942,0.005819028222286878,9942,0.008728542333430317,0.005819028222286878
9943,0.005819028222286878,9943,0.008728542333430317,0.005819028222286878
9944,0.005819028222286878,9944,0.008728542333430317,0.005819028222286878
9945,0.005819028222286878,9945,0.008728542333430317,0.005819028222286878
9946,0.005819028222286878,9946,0.008728542333430317,0.005819028222286878
9947,0.005819028222286878,9947,0.008728542333430317,0.005819028222286878
9948,0.005819028222286878,9948,0.008728542333430317,0.005819028222286878
9949,0.005819028222286878,9949,0.008728542333430317,0.005819028222286878
9950,0.005819028222286878,9950,0.008728542333430317,0.005819028222286878
9951,0.005819028222286878,9951,0.008728542333430317,0.005819028222286878
9952,0.005819028222286878,9952,0.008728542333430317,0.005819028222286878
9953,0.005819028222286878,9953,0.008728542333430317,0.005819028222286878
9954,0.005819028222286878,9954,0.008728542333430317,0.005819028222286878
9955,0.005819028222286878,9955,0.008728542333430317,0.005819028222286878
9956,0.005819028222286878,9956,0.008728542333430317,0.005819028222286878
9957,0.005819028222286878,9957,0.008728542333430317,0.005819028222286878
9958,0.005819028222286878,9958,0.008728542333430317,0.005819028222286878
9959,0.005819028222286878,9959,0.008728542333430317,0.005819028222286878
9960,0.005819028222286878,9960,0.008728542333430317,0.005819028222286878
9961,0.005819028222286878,9961,0.008728542333430317,0.005819028222286878
9962,0.005819028222286878,9962,0.008728542333430317,0.005819028222286878
9963,0.005819028222286878,9963,0.008728542333430317,0.005819028222286878
9964,0.005819028222286878,9964,0.008728542333430317,0.005819028222286878
9965,0.005819028222286878,9965,0.008728542333430317,0.005819028222286878
9966,0.005819028222286878,9966,0.008728542333430317,0.005819028222286878
9967,0.005819028222286878,9967,0.008728542333430317,0.005819028222286878
9968,0.005819028222286878,9968,0.008728542333430317,0.005819028222286878
9969,0.005819028222286878,9969,0.008728542333430317,0.005819028222286878
9970,0.005819028222286878,9970,0.008728542333430317,0.005819028222286878
9971,0.005819028222286878,9971,0.008728542333430317,0.005819028222286878
9972,0.005819028222286878,9972,0.008728542333430317,0.005819028222286878
9973,0.005819028222286878,9973,0.008728542333430317,0.005819028222286878
9974,0.005819028222286878,9974,0.008728542333430317,0.005819028222286878
9975,0.005819028222286878,9975,0.008728542333430317,0.005819028222286878
9976,0.005819028222286878,9976,0.008728542333430317,0.005819028222286878
9977,0.005819028222286878,9977,0.008728542333430317,0.005819028222286878
9978,0.005819028222286878,9978,0.008728542333430317,0.005819028222286878
9979,0.005819028222286878,9979,0.008728542333430317,0.005819028222286878
9980,0.005819028222286878,9980,0.008728542333430317,0.005819028222286878
9981,0.005819028222286878,9981,0.008728542333430317,0.005819028222286878
9982,0.005819028222286878,9982,0.008728542333430317,0.005819028222286878
9983,0.005819028222286878,9983,0.008728542333430317,0.005819028222286878
9984,0.005819028222286878,9984,0.008728542333430317,0.005819028222286878
9985,0.005819028222286878,9985,0.008728542333430317,0.005819028222286878
9986,0.005819028222286878,9986,0.008728542333430317,0.005819028222286878
9987,0.005819028222286878,9987,0.008728542333430317,0.005819028222286878
9988,0.005819028222286878,9988,0.008728542333430317,0.005819028222286878
9989,0.005819028222286878,9989,0.008728542333430317,0.005819028222286878
9990,0.005819028222286878,9990,0.008728542333430317,0.005819028222286878
9991,0.005819028222286878,9991,0.008728542333430317,0.005819028222286878
9992,0.005819028222286878,9992,0.008728542333430317,0.005819028222286878
9993,0.005819028222286878,9993,0.008728542333430317,0.005819028222286878
9994,0.005819028222286878,9994,0.008728542333430317,0.005819028222286878
9995,0.005819028222286878,9995,0.008728542333430317,0.005819028222286878
9996,0.005819028222286878,9996,0.008728542333430317,0.005819028222286878
9997,0.005819028222286878,9997,0.008728542333430317,0.005819028222286878
9998,0.005819028222286878,9998,0.008728542333430317,0.005819028222286878
9999,0.005819028222286878,9999,0.008728542333430317,0.005819028222286878
