,bpr_unbiased_uncalibrated_large,round,bpr_unbiased_calibrated_linear_time_large,bpr_unbiased_calibrated_constant_large
0,0.8704715371131897,0,0.8550960123538971,0.8669751733541489
1,0.8704857230186462,1,0.8550960123538971,0.8669751733541489
2,0.8704857230186462,2,0.8550960123538971,0.8669751733541489
3,0.8704853802919388,3,0.8551169782876968,0.8669751733541489
4,0.8704853802919388,4,0.8551169782876968,0.8669751733541489
5,0.8704941421747208,5,0.8551169782876968,0.8669751733541489
6,0.8704907298088074,6,0.8551169782876968,0.8669751733541489
7,0.8704907298088074,7,0.8551169782876968,0.8669903576374054
8,0.8704907298088074,8,0.8551169782876968,0.8669903576374054
9,0.8705008327960968,9,0.8551169782876968,0.8669903576374054
10,0.8705008327960968,10,0.8551169782876968,0.8669903576374054
11,0.8705008327960968,11,0.8551169782876968,0.8669903576374054
12,0.8705008327960968,12,0.8551169782876968,0.8669903576374054
13,0.870496392250061,13,0.8551169782876968,0.8669903576374054
14,0.870496392250061,14,0.8551169782876968,0.8669903576374054
15,0.870496392250061,15,0.8551169782876968,0.8669903576374054
16,0.870496392250061,16,0.8551169782876968,0.8669903576374054
17,0.870496392250061,17,0.8551169782876968,0.8669903576374054
18,0.870496392250061,18,0.8551169782876968,0.8669903576374054
19,0.870496392250061,19,0.8551169782876968,0.8669903576374054
20,0.870496392250061,20,0.8551169782876968,0.8669903576374054
21,0.870496392250061,21,0.8551169782876968,0.8669903576374054
22,0.870496392250061,22,0.8551169782876968,0.8669903576374054
23,0.870496392250061,23,0.8551169782876968,0.8669903576374054
24,0.870496392250061,24,0.8551169782876968,0.8669903576374054
25,0.870496392250061,25,0.8551169782876968,0.8669903576374054
26,0.870496392250061,26,0.8551169782876968,0.8669903576374054
27,0.870496392250061,27,0.8551169782876968,0.8669903576374054
28,0.870496392250061,28,0.8551169782876968,0.8669903576374054
29,0.870496392250061,29,0.8551169782876968,0.8669903576374054
30,0.870496392250061,30,0.8551169782876968,0.8669903576374054
31,0.870496392250061,31,0.8551169782876968,0.8669903576374054
32,0.870496392250061,32,0.8551169782876968,0.8669903576374054
33,0.870496392250061,33,0.8551169782876968,0.8669903576374054
34,0.870496392250061,34,0.8551169782876968,0.8669903576374054
35,0.870496392250061,35,0.8551169782876968,0.8669903576374054
36,0.870496392250061,36,0.8551169782876968,0.8669903576374054
37,0.8704935163259506,37,0.8551169782876968,0.8669903576374054
38,0.8704935163259506,38,0.8551169782876968,0.8669903576374054
39,0.8704935163259506,39,0.8551169782876968,0.8669903576374054
40,0.8704935163259506,40,0.8551169782876968,0.8669903576374054
41,0.8704935163259506,41,0.8551169782876968,0.8669903576374054
42,0.8704935163259506,42,0.8551169782876968,0.8669903576374054
43,0.8704935163259506,43,0.8551169782876968,0.8669903576374054
44,0.8704935163259506,44,0.8551169782876968,0.8669903576374054
45,0.8704935163259506,45,0.8551169782876968,0.8669903576374054
46,0.8704935163259506,46,0.8551169782876968,0.8669903576374054
47,0.8704935163259506,47,0.8551169782876968,0.8669903576374054
48,0.8704935163259506,48,0.8551169782876968,0.8669903576374054
49,0.8704935163259506,49,0.8551169782876968,0.8669903576374054
50,0.8704935163259506,50,0.8551169782876968,0.8669903576374054
51,0.8704935163259506,51,0.8551169782876968,0.8669903576374054
52,0.8704935163259506,52,0.8551169782876968,0.8669903576374054
53,0.8704935163259506,53,0.8551169782876968,0.8669903576374054
54,0.8704935163259506,54,0.8551169782876968,0.8669903576374054
55,0.8704935163259506,55,0.8551169782876968,0.8669903576374054
56,0.8704935163259506,56,0.8551169782876968,0.8669903576374054
57,0.8704935163259506,57,0.8551169782876968,0.8669903576374054
58,0.8704935163259506,58,0.8551169782876968,0.8669903576374054
59,0.8704935163259506,59,0.8551169782876968,0.8669903576374054
60,0.8704935163259506,60,0.8551169782876968,0.8669903576374054
61,0.8704935163259506,61,0.8551169782876968,0.8669903576374054
62,0.8704935163259506,62,0.8551169782876968,0.8669903576374054
63,0.8704935163259506,63,0.8551169782876968,0.8669903576374054
64,0.8704935163259506,64,0.8551169782876968,0.8669903576374054
65,0.8704935163259506,65,0.8551169782876968,0.8669903576374054
66,0.8704935163259506,66,0.8551169782876968,0.8669903576374054
67,0.8704935163259506,67,0.8551169782876968,0.8669903576374054
68,0.8704935163259506,68,0.8551169782876968,0.8669903576374054
69,0.8704935163259506,69,0.8551169782876968,0.8669903576374054
70,0.8704935163259506,70,0.8551169782876968,0.8669903576374054
71,0.8704935163259506,71,0.8551169782876968,0.8669903576374054
72,0.8704935163259506,72,0.8551169782876968,0.8669903576374054
73,0.8704935163259506,73,0.8551169782876968,0.8669903576374054
74,0.8704935163259506,74,0.8551169782876968,0.8669903576374054
75,0.8704935163259506,75,0.8551169782876968,0.8669903576374054
76,0.8704956918954849,76,0.8551169782876968,0.8669903576374054
77,0.8704956918954849,77,0.8551169782876968,0.8669903576374054
78,0.8704956918954849,78,0.8551169782876968,0.8669903576374054
79,0.8704956918954849,79,0.8551169782876968,0.8669903576374054
80,0.8704956918954849,80,0.8551169782876968,0.8669903576374054
81,0.8704956918954849,81,0.8551169782876968,0.8669903576374054
82,0.8704956918954849,82,0.8551169782876968,0.8669903576374054
83,0.8704956918954849,83,0.8551169782876968,0.8669903576374054
84,0.8704956918954849,84,0.8551169782876968,0.8669903576374054
85,0.8704956918954849,85,0.8551169782876968,0.8669903576374054
86,0.8704956918954849,86,0.8551169782876968,0.8669903576374054
87,0.8704956918954849,87,0.8551169782876968,0.8669903576374054
88,0.8704956918954849,88,0.8551169782876968,0.8669903576374054
89,0.8704956918954849,89,0.8551169782876968,0.8669903576374054
90,0.8704956918954849,90,0.8551169782876968,0.8669903576374054
91,0.8704956918954849,91,0.8551169782876968,0.8669903576374054
92,0.8704956918954849,92,0.8551169782876968,0.8669903576374054
93,0.8704956918954849,93,0.8551169782876968,0.8669903576374054
94,0.8704956918954849,94,0.8551169782876968,0.8669903576374054
95,0.8704956918954849,95,0.8551169782876968,0.8669903576374054
96,0.8704956918954849,96,0.8551169782876968,0.8669903576374054
97,0.8704956918954849,97,0.8551169782876968,0.8669903576374054
98,0.8704956918954849,98,0.8551169782876968,0.8669903576374054
99,0.8704956918954849,99,0.8551169782876968,0.8669903576374054
100,0.8704956918954849,100,0.8551169782876968,0.8669903576374054
101,0.8704956918954849,101,0.8551169782876968,0.8669903576374054
102,0.8704956918954849,102,0.8551169782876968,0.8669903576374054
103,0.8704972267150879,103,0.8551169782876968,0.8669903576374054
104,0.8704972267150879,104,0.8551169782876968,0.8669903576374054
105,0.8704972267150879,105,0.8551169782876968,0.8669903576374054
106,0.8704972267150879,106,0.8551169782876968,0.8669903576374054
107,0.8704972267150879,107,0.8551169782876968,0.8669903576374054
108,0.8704972267150879,108,0.8551169782876968,0.8669903576374054
109,0.8704972267150879,109,0.8551169782876968,0.8669903576374054
110,0.8704972267150879,110,0.8551169782876968,0.8669903576374054
111,0.8705115616321564,111,0.8551169782876968,0.8669903576374054
112,0.8705115616321564,112,0.8551169782876968,0.8669903576374054
113,0.8705115616321564,113,0.8551169782876968,0.8669903576374054
114,0.8705115616321564,114,0.8551169782876968,0.8669903576374054
115,0.8705115616321564,115,0.8551169782876968,0.8669903576374054
116,0.8705115616321564,116,0.8551169782876968,0.8669903576374054
117,0.8705115616321564,117,0.8551169782876968,0.8669903576374054
118,0.8705115616321564,118,0.8551169782876968,0.8669903576374054
119,0.8705115616321564,119,0.8551169782876968,0.8669903576374054
120,0.8705115616321564,120,0.8551169782876968,0.8669903576374054
121,0.8705115616321564,121,0.8551169782876968,0.8669903576374054
122,0.8705115616321564,122,0.8551169782876968,0.8669903576374054
123,0.8705115616321564,123,0.8551169782876968,0.8669903576374054
124,0.8705115616321564,124,0.8551169782876968,0.8669903576374054
125,0.8705115616321564,125,0.8551169782876968,0.8669903576374054
126,0.8705115616321564,126,0.8551169782876968,0.8669903576374054
127,0.8705115616321564,127,0.8551169782876968,0.8669903576374054
128,0.8705115616321564,128,0.8551169782876968,0.8669903576374054
129,0.8705115616321564,129,0.8551169782876968,0.8669903576374054
130,0.8705115616321564,130,0.8551169782876968,0.8669903576374054
131,0.8705115616321564,131,0.8551169782876968,0.8669903576374054
132,0.8705115616321564,132,0.8551169782876968,0.8669903576374054
133,0.8705115616321564,133,0.8551169782876968,0.8669903576374054
134,0.8705115616321564,134,0.8551169782876968,0.8669903576374054
135,0.8705115616321564,135,0.8551169782876968,0.8669903576374054
136,0.8705115616321564,136,0.8551169782876968,0.8669903576374054
137,0.8705113381147385,137,0.8551169782876968,0.8669903576374054
138,0.8705113381147385,138,0.8551169782876968,0.8669903576374054
139,0.8705113381147385,139,0.8551169782876968,0.8669903576374054
140,0.8705113381147385,140,0.8551169782876968,0.8669903576374054
141,0.8705113381147385,141,0.8551169782876968,0.8669903576374054
142,0.8705113381147385,142,0.8551169782876968,0.8669903576374054
143,0.8705113381147385,143,0.8551169782876968,0.8669903576374054
144,0.8705113381147385,144,0.8551169782876968,0.8669903576374054
145,0.8705113381147385,145,0.8551169782876968,0.8669903576374054
146,0.8705113381147385,146,0.8551169782876968,0.8669903576374054
147,0.8705113381147385,147,0.8551169782876968,0.8669903576374054
148,0.8705113381147385,148,0.8551169782876968,0.8669903576374054
149,0.8705113381147385,149,0.8551169782876968,0.8669903576374054
150,0.8705113381147385,150,0.8551169782876968,0.8669903576374054
151,0.8705113381147385,151,0.8551169782876968,0.8669903576374054
152,0.8705113381147385,152,0.8551169782876968,0.8669903576374054
153,0.8705113381147385,153,0.8551169782876968,0.8669903576374054
154,0.8705113381147385,154,0.8551169782876968,0.8669903576374054
155,0.8705113381147385,155,0.8551169782876968,0.8669903576374054
156,0.8705113381147385,156,0.8551169782876968,0.8669903576374054
157,0.8705113381147385,157,0.8551169782876968,0.8669903576374054
158,0.8705113381147385,158,0.8551169782876968,0.8669903576374054
159,0.8705113381147385,159,0.8551169782876968,0.8669903576374054
160,0.8705113381147385,160,0.8551169782876968,0.8669903576374054
161,0.8705113381147385,161,0.8551169782876968,0.8669903576374054
162,0.8705113381147385,162,0.8551169782876968,0.8669903576374054
163,0.8705113381147385,163,0.8551169782876968,0.8669903576374054
164,0.870509684085846,164,0.8551169782876968,0.8669903576374054
165,0.870509684085846,165,0.8551169782876968,0.8669903576374054
166,0.870509684085846,166,0.8551169782876968,0.8669903576374054
167,0.870509684085846,167,0.8551169782876968,0.8669903576374054
168,0.870509684085846,168,0.8551169782876968,0.8669903576374054
169,0.870509684085846,169,0.8551169782876968,0.8669903576374054
170,0.870509684085846,170,0.8551169782876968,0.8669903576374054
171,0.870509684085846,171,0.8551169782876968,0.8669903576374054
172,0.870509684085846,172,0.8551169782876968,0.8669903576374054
173,0.870509684085846,173,0.8551169782876968,0.8669903576374054
174,0.870509684085846,174,0.8551169782876968,0.8669903576374054
175,0.870509684085846,175,0.8551169782876968,0.8669903576374054
176,0.870509684085846,176,0.8551169782876968,0.8669903576374054
177,0.870509684085846,177,0.8551169782876968,0.8669903576374054
178,0.870509684085846,178,0.8551169782876968,0.8669903576374054
179,0.870509684085846,179,0.8551169782876968,0.8669903576374054
180,0.870509684085846,180,0.8551169782876968,0.8669903576374054
181,0.870509684085846,181,0.8551169782876968,0.8669903576374054
182,0.870509684085846,182,0.8551169782876968,0.8669903576374054
183,0.870509684085846,183,0.8551169782876968,0.8669903576374054
184,0.870509684085846,184,0.8551169782876968,0.8669903576374054
185,0.870509684085846,185,0.8551169782876968,0.8669903576374054
186,0.870509684085846,186,0.8551169782876968,0.8669903576374054
187,0.870509684085846,187,0.8551169782876968,0.8669903576374054
188,0.870509684085846,188,0.8551169782876968,0.8669903576374054
189,0.870509684085846,189,0.8551169782876968,0.8669903576374054
190,0.870509684085846,190,0.8551169782876968,0.8669903576374054
191,0.870509684085846,191,0.8551169782876968,0.8669903576374054
192,0.870509684085846,192,0.8551169782876968,0.8669903576374054
193,0.870509684085846,193,0.8551169782876968,0.8669903576374054
194,0.870509684085846,194,0.8551169782876968,0.8669903576374054
195,0.870509684085846,195,0.8551169782876968,0.8669903576374054
196,0.870509684085846,196,0.8551169782876968,0.8669903576374054
197,0.870509684085846,197,0.8551169782876968,0.8669903576374054
198,0.870509684085846,198,0.8551169782876968,0.8669903576374054
199,0.870509684085846,199,0.8551169782876968,0.8669903576374054
200,0.870509684085846,200,0.8551169782876968,0.8669903576374054
201,0.870509684085846,201,0.8551169782876968,0.8669903576374054
202,0.870509684085846,202,0.8551169782876968,0.8669903576374054
203,0.870509684085846,203,0.8551169782876968,0.8669903576374054
204,0.870509684085846,204,0.8551169782876968,0.8669903576374054
205,0.870509684085846,205,0.8551169782876968,0.8669903576374054
206,0.870509684085846,206,0.8551169782876968,0.8669903576374054
207,0.870509684085846,207,0.8551169782876968,0.8669903576374054
208,0.870509684085846,208,0.8551169782876968,0.8669903576374054
209,0.870509684085846,209,0.8551169782876968,0.8669903576374054
210,0.870509684085846,210,0.8551169782876968,0.8669903576374054
211,0.870509684085846,211,0.8551169782876968,0.8669903576374054
212,0.870509684085846,212,0.8551169782876968,0.8669903576374054
213,0.870509684085846,213,0.8551169782876968,0.8669903576374054
214,0.870509684085846,214,0.8551169782876968,0.8669903576374054
215,0.870509684085846,215,0.8551169782876968,0.8669903576374054
216,0.870509684085846,216,0.8551169782876968,0.8669903576374054
217,0.870509684085846,217,0.8551169782876968,0.8669903576374054
218,0.870509684085846,218,0.8551169782876968,0.8669903576374054
219,0.870509684085846,219,0.8551169782876968,0.8669903576374054
220,0.870509684085846,220,0.8551169782876968,0.8669903576374054
221,0.870509684085846,221,0.8551169782876968,0.8669903576374054
222,0.870509684085846,222,0.8551169782876968,0.8669903576374054
223,0.870509684085846,223,0.8551169782876968,0.8669903576374054
224,0.870509684085846,224,0.8551169782876968,0.8669903576374054
225,0.870509684085846,225,0.8551169782876968,0.8669903576374054
226,0.870509684085846,226,0.8551169782876968,0.8669903576374054
227,0.870509684085846,227,0.8551169782876968,0.8669903576374054
228,0.870509684085846,228,0.8551169782876968,0.8669903576374054
229,0.870509684085846,229,0.8551169782876968,0.8669903576374054
230,0.870509684085846,230,0.8551169782876968,0.8669903576374054
231,0.870509684085846,231,0.8551169782876968,0.8669903576374054
232,0.870509684085846,232,0.8551169782876968,0.8669903576374054
233,0.870509684085846,233,0.8551169782876968,0.8669903576374054
234,0.870509684085846,234,0.8551169782876968,0.8669903576374054
235,0.870509684085846,235,0.8551169782876968,0.8669903576374054
236,0.870509684085846,236,0.8551169782876968,0.8669903576374054
237,0.870509684085846,237,0.8551169782876968,0.8669903576374054
238,0.870509684085846,238,0.8551169782876968,0.8669903576374054
239,0.870509684085846,239,0.8551169782876968,0.8669903576374054
240,0.870509684085846,240,0.8551169782876968,0.8669903576374054
241,0.870509684085846,241,0.8551169782876968,0.8669903576374054
242,0.870509684085846,242,0.8551169782876968,0.8669903576374054
243,0.870509684085846,243,0.8551169782876968,0.8669903576374054
244,0.870509684085846,244,0.8551169782876968,0.8669903576374054
245,0.870509684085846,245,0.8551169782876968,0.8669903576374054
246,0.8705052435398102,246,0.8551169782876968,0.8669903576374054
247,0.8705052435398102,247,0.8551169782876968,0.8669903576374054
248,0.8705052435398102,248,0.8551169782876968,0.8669903576374054
249,0.8705052435398102,249,0.8551169782876968,0.8669903576374054
250,0.8964890986680984,250,0.8723602443933487,0.8824096992611885
251,0.8965056836605072,251,0.8722863048315048,0.8824015483260155
252,0.8965056836605072,252,0.8722704350948334,0.8824015483260155
253,0.8965056836605072,253,0.8722945153713226,0.8824015483260155
254,0.8965056836605072,254,0.872251570224762,0.8824015483260155
255,0.8965056836605072,255,0.8722698241472244,0.8824015483260155
256,0.8965056836605072,256,0.8722763508558273,0.8824015483260155
257,0.8965056836605072,257,0.8722763508558273,0.8824015483260155
258,0.8965056836605072,258,0.8722763508558273,0.8824015483260155
259,0.8965056836605072,259,0.8722590506076813,0.8824015483260155
260,0.8965056836605072,260,0.8722467720508575,0.8824015483260155
261,0.8965056836605072,261,0.8722467720508575,0.8824015483260155
262,0.8965056836605072,262,0.8722467720508575,0.8824015483260155
263,0.8965056836605072,263,0.8722467720508575,0.8824015483260155
264,0.8965056836605072,264,0.8722467720508575,0.8824015483260155
265,0.8965056836605072,265,0.8722467720508575,0.8824015483260155
266,0.8965056836605072,266,0.8722467720508575,0.8824015483260155
267,0.8965056836605072,267,0.8722467720508575,0.8824015483260155
268,0.8965056836605072,268,0.8722467720508575,0.8824015483260155
269,0.8965056836605072,269,0.8722467720508575,0.8824015483260155
270,0.8965056836605072,270,0.8722467720508575,0.8824015483260155
271,0.8965056836605072,271,0.8722467720508575,0.8824015483260155
272,0.8965056836605072,272,0.8722467720508575,0.8824015483260155
273,0.8965056836605072,273,0.8722467720508575,0.8824015483260155
274,0.8965056836605072,274,0.8722467720508575,0.8824015483260155
275,0.8965056836605072,275,0.8722467720508575,0.8824015483260155
276,0.8965056836605072,276,0.8722467720508575,0.8824015483260155
277,0.8965056836605072,277,0.8722467720508575,0.8824015483260155
278,0.8965056836605072,278,0.8722467720508575,0.8824015483260155
279,0.8965056836605072,279,0.8722467720508575,0.8824015483260155
280,0.8965056836605072,280,0.8722467720508575,0.8824015483260155
281,0.8965074568986893,281,0.8722467720508575,0.8824015483260155
282,0.8965074568986893,282,0.8722467720508575,0.8824015483260155
283,0.8965074568986893,283,0.8722467720508575,0.8824015483260155
284,0.8965074568986893,284,0.8722467720508575,0.8824015483260155
285,0.8965074568986893,285,0.8722467720508575,0.8824015483260155
286,0.8965074568986893,286,0.8722467720508575,0.8824015483260155
287,0.8965074568986893,287,0.8722467720508575,0.8824015483260155
288,0.8965074568986893,288,0.8722467720508575,0.8824015483260155
289,0.8965074568986893,289,0.8722467720508575,0.8824015483260155
290,0.8965074568986893,290,0.8722467720508575,0.8824015483260155
291,0.8965074568986893,291,0.8722467720508575,0.8824015483260155
292,0.8965074568986893,292,0.8722467720508575,0.8824015483260155
293,0.8965074568986893,293,0.8722535967826843,0.8824015483260155
294,0.8965074568986893,294,0.8722535967826843,0.8824015483260155
295,0.8965074568986893,295,0.8722535967826843,0.8824015483260155
296,0.8965074568986893,296,0.8722535967826843,0.8824015483260155
297,0.8965074568986893,297,0.8722535967826843,0.8824015483260155
298,0.8965074568986893,298,0.8722535967826843,0.8824015483260155
299,0.8965074568986893,299,0.8722535967826843,0.8824015483260155
300,0.8965074568986893,300,0.8722535967826843,0.8824015483260155
301,0.8965074568986893,301,0.8722535967826843,0.8824015483260155
302,0.8965074568986893,302,0.8722535967826843,0.8824015483260155
303,0.8965074568986893,303,0.8722535967826843,0.8824015483260155
304,0.8965074568986893,304,0.8722535967826843,0.8824015483260155
305,0.8965074568986893,305,0.8722535967826843,0.8824015483260155
306,0.8965074568986893,306,0.8722535967826843,0.8824015483260155
307,0.8965074568986893,307,0.8722535967826843,0.8824015483260155
308,0.8965074568986893,308,0.8722535967826843,0.8824015483260155
309,0.8964998722076416,309,0.8722535967826843,0.8824015483260155
310,0.8964998722076416,310,0.8722513169050217,0.8824015483260155
311,0.8964998722076416,311,0.8722513169050217,0.8824015483260155
312,0.8964998722076416,312,0.8722513169050217,0.8824015483260155
313,0.8964998722076416,313,0.8722513169050217,0.8824015483260155
314,0.8964998722076416,314,0.8722513169050217,0.8824015483260155
315,0.8964998722076416,315,0.8722513169050217,0.8824015483260155
316,0.8964998722076416,316,0.8722513169050217,0.8824015483260155
317,0.8964998722076416,317,0.8722513169050217,0.8824015483260155
318,0.8964998722076416,318,0.8722513169050217,0.8824015483260155
319,0.8964998722076416,319,0.8722513169050217,0.8824015483260155
320,0.8964998722076416,320,0.8722513169050217,0.8824015483260155
321,0.8964998722076416,321,0.8722513169050217,0.8824015483260155
322,0.8964998722076416,322,0.8722513169050217,0.8824015483260155
323,0.8964998722076416,323,0.8722355365753174,0.8824015483260155
324,0.8964998722076416,324,0.8722355365753174,0.8824015483260155
325,0.8964998722076416,325,0.8722355365753174,0.8824015483260155
326,0.8964998722076416,326,0.8722355365753174,0.8824015483260155
327,0.8964998722076416,327,0.8722355365753174,0.8824015483260155
328,0.8964998722076416,328,0.8722355365753174,0.8824015483260155
329,0.8964998722076416,329,0.8722355365753174,0.8824015483260155
330,0.8964998722076416,330,0.8722355365753174,0.8824015483260155
331,0.8964998722076416,331,0.8722355365753174,0.8824015483260155
332,0.8964998722076416,332,0.8722355365753174,0.8824015483260155
333,0.8964998722076416,333,0.8722355365753174,0.8824015483260155
334,0.8964998722076416,334,0.8722355365753174,0.8824015483260155
335,0.8964998722076416,335,0.8722355365753174,0.8824015483260155
336,0.8964998722076416,336,0.8722355365753174,0.8824015483260155
337,0.8964998722076416,337,0.8722355365753174,0.8824015483260155
338,0.8964998722076416,338,0.8722355365753174,0.8824015483260155
339,0.8964998722076416,339,0.8722672462463379,0.8824015483260155
340,0.8964998722076416,340,0.8722672462463379,0.8824015483260155
341,0.8964998722076416,341,0.8722672462463379,0.8824015483260155
342,0.8964998722076416,342,0.8722672462463379,0.8824015483260155
343,0.8964998722076416,343,0.8722722977399826,0.8824015483260155
344,0.8964998722076416,344,0.8722722977399826,0.8824015483260155
345,0.8964998722076416,345,0.8722722977399826,0.8824015483260155
346,0.8964998722076416,346,0.8722722977399826,0.8824015483260155
347,0.8964998722076416,347,0.8722722977399826,0.8824015483260155
348,0.8964998722076416,348,0.8722722977399826,0.8824015483260155
349,0.8964998722076416,349,0.8722722977399826,0.8824015483260155
350,0.8964998722076416,350,0.8722722977399826,0.8824015483260155
351,0.8964998722076416,351,0.8722722977399826,0.8824015483260155
352,0.8964998722076416,352,0.8722722977399826,0.8824015483260155
353,0.8964998722076416,353,0.8722722977399826,0.8824015483260155
354,0.8964998722076416,354,0.8722722977399826,0.8824015483260155
355,0.8964998722076416,355,0.8722722977399826,0.8824015483260155
356,0.8964998722076416,356,0.8722722977399826,0.8824015483260155
357,0.8964998722076416,357,0.8722722977399826,0.8824015483260155
358,0.8964998722076416,358,0.8722722977399826,0.8824015483260155
359,0.8964998722076416,359,0.8722722977399826,0.8824015483260155
360,0.8964998722076416,360,0.8722722977399826,0.8824015483260155
361,0.8964998722076416,361,0.8722722977399826,0.8824015483260155
362,0.8964998722076416,362,0.8722553700208664,0.8824015483260155
363,0.8964998722076416,363,0.8722553700208664,0.8824015483260155
364,0.8964998722076416,364,0.8722553700208664,0.8824015483260155
365,0.8964998722076416,365,0.8722553700208664,0.8824015483260155
366,0.8964998722076416,366,0.8722553700208664,0.8824015483260155
367,0.8964998722076416,367,0.8722553700208664,0.8824015483260155
368,0.8964998722076416,368,0.8722280561923981,0.8824015483260155
369,0.8964998722076416,369,0.8722280561923981,0.8824015483260155
370,0.8964998722076416,370,0.8722280561923981,0.8824015483260155
371,0.8964998722076416,371,0.8722280561923981,0.8824015483260155
372,0.8964998722076416,372,0.8722280561923981,0.8824015483260155
373,0.8964998722076416,373,0.8722280561923981,0.8824015483260155
374,0.8964998722076416,374,0.8722280561923981,0.8824015483260155
375,0.8964998722076416,375,0.872278019785881,0.8824015483260155
376,0.8964998722076416,376,0.872278019785881,0.8824015483260155
377,0.8964998722076416,377,0.872278019785881,0.8824015483260155
378,0.8964998722076416,378,0.872278019785881,0.8824015483260155
379,0.8964998722076416,379,0.872278019785881,0.8824015483260155
380,0.8964998722076416,380,0.872278019785881,0.8824015483260155
381,0.8964998722076416,381,0.872278019785881,0.8824015483260155
382,0.8964998722076416,382,0.872278019785881,0.8824015483260155
383,0.8964998722076416,383,0.872278019785881,0.8824015483260155
384,0.8964998722076416,384,0.872278019785881,0.8824015483260155
385,0.8964998722076416,385,0.872278019785881,0.8824015483260155
386,0.8964998722076416,386,0.872278019785881,0.8824015483260155
387,0.8964998722076416,387,0.872278019785881,0.8824015483260155
388,0.8964998722076416,388,0.872278019785881,0.8824015483260155
389,0.8964998722076416,389,0.872278019785881,0.8824015483260155
390,0.8964998722076416,390,0.872278019785881,0.8824015483260155
391,0.8964998722076416,391,0.8722537308931351,0.8824015483260155
392,0.8964998722076416,392,0.8722537308931351,0.8824015483260155
393,0.8964998722076416,393,0.8722537308931351,0.8824015483260155
394,0.8964998722076416,394,0.8722537308931351,0.8824015483260155
395,0.8964998722076416,395,0.8722537308931351,0.8824015483260155
396,0.8964998722076416,396,0.8722537308931351,0.8824015483260155
397,0.8964998722076416,397,0.8722537308931351,0.8824015483260155
398,0.8964998722076416,398,0.8722537308931351,0.8824015483260155
399,0.8964998722076416,399,0.8722537308931351,0.8824015483260155
400,0.8964998722076416,400,0.8722537308931351,0.8824015483260155
401,0.8964998722076416,401,0.8722537308931351,0.8824015483260155
402,0.8964998722076416,402,0.8722537308931351,0.8824015483260155
403,0.8964998722076416,403,0.8722537308931351,0.8824015483260155
404,0.8964998722076416,404,0.8722537308931351,0.8824015483260155
405,0.8964998722076416,405,0.8722537308931351,0.8824015483260155
406,0.8964998722076416,406,0.8722537308931351,0.8824015483260155
407,0.8964998722076416,407,0.8722537308931351,0.8824015483260155
408,0.8964998722076416,408,0.8722537308931351,0.8824015483260155
409,0.8964998722076416,409,0.8722537308931351,0.8824015483260155
410,0.8964998722076416,410,0.8722537308931351,0.8824015483260155
411,0.8964998722076416,411,0.8722537308931351,0.8824015483260155
412,0.8964998722076416,412,0.8722537308931351,0.8824015483260155
413,0.8964998722076416,413,0.8722537308931351,0.8824015483260155
414,0.8964998722076416,414,0.8722537308931351,0.8824015483260155
415,0.8964998722076416,415,0.8722537308931351,0.8824015483260155
416,0.8964998722076416,416,0.8722537308931351,0.8824015483260155
417,0.8964998722076416,417,0.8722537308931351,0.8824015483260155
418,0.8964998722076416,418,0.8722537308931351,0.8824015483260155
419,0.8964998722076416,419,0.8722537308931351,0.8824015483260155
420,0.8964998722076416,420,0.8722537308931351,0.8824015483260155
421,0.8964998722076416,421,0.8722537308931351,0.8824015483260155
422,0.8964998722076416,422,0.8722537308931351,0.8824015483260155
423,0.8964998722076416,423,0.8722537308931351,0.8824015483260155
424,0.8964998722076416,424,0.8722537308931351,0.8824015483260155
425,0.8964998722076416,425,0.8722537308931351,0.8824015483260155
426,0.8964998722076416,426,0.8722537308931351,0.8824015483260155
427,0.8964998722076416,427,0.8722537308931351,0.8824015483260155
428,0.8964998722076416,428,0.8722537308931351,0.8824015483260155
429,0.8964998722076416,429,0.8722537308931351,0.8824015483260155
430,0.8964998722076416,430,0.8722537308931351,0.8824015483260155
431,0.8964998722076416,431,0.8722537308931351,0.8824015483260155
432,0.8964998722076416,432,0.8722537308931351,0.8824015483260155
433,0.8964998722076416,433,0.8722537308931351,0.8824015483260155
434,0.8964998722076416,434,0.8722537308931351,0.8824015483260155
435,0.8964998722076416,435,0.8722537308931351,0.8824015483260155
436,0.8964998722076416,436,0.8722537308931351,0.8824015483260155
437,0.8964998722076416,437,0.8722537308931351,0.8824015483260155
438,0.8964998722076416,438,0.8722561299800873,0.8824015483260155
439,0.8964998722076416,439,0.8722561299800873,0.8824015483260155
440,0.8964998722076416,440,0.8722561299800873,0.8824015483260155
441,0.8964998722076416,441,0.8722561299800873,0.8824015483260155
442,0.8964998722076416,442,0.8722561299800873,0.8824015483260155
443,0.8964998722076416,443,0.8722561299800873,0.8824015483260155
444,0.8964998722076416,444,0.8722561299800873,0.8824015483260155
445,0.8964998722076416,445,0.8722561299800873,0.8824015483260155
446,0.8964998722076416,446,0.8722561299800873,0.8824015483260155
447,0.8964998722076416,447,0.8722561299800873,0.8824015483260155
448,0.8964998722076416,448,0.8722561299800873,0.8824015483260155
449,0.8964998722076416,449,0.8722561299800873,0.8824015483260155
450,0.8964998722076416,450,0.8722561299800873,0.8824015483260155
451,0.8964998722076416,451,0.8722561299800873,0.8824015483260155
452,0.8964998722076416,452,0.8722561299800873,0.8824015483260155
453,0.8964998722076416,453,0.8722561299800873,0.8824015483260155
454,0.8964998722076416,454,0.8722561299800873,0.8824015483260155
455,0.8964998722076416,455,0.8722561299800873,0.8824015483260155
456,0.8964998722076416,456,0.8722561299800873,0.8824015483260155
457,0.8964998722076416,457,0.8722561299800873,0.8824015483260155
458,0.8964998722076416,458,0.8722561299800873,0.8824015483260155
459,0.8964998722076416,459,0.8722561299800873,0.8824015483260155
460,0.8964998722076416,460,0.8722561299800873,0.8824015483260155
461,0.8964998722076416,461,0.8722561299800873,0.8824015483260155
462,0.8964998722076416,462,0.8722561299800873,0.8824015483260155
463,0.8964998722076416,463,0.8722561299800873,0.8824015483260155
464,0.8964998722076416,464,0.8722561299800873,0.8824015483260155
465,0.8964998722076416,465,0.8722561299800873,0.8824015483260155
466,0.8964998722076416,466,0.8722561299800873,0.8824015483260155
467,0.8964998722076416,467,0.8722561299800873,0.8824015483260155
468,0.8964998722076416,468,0.8722561299800873,0.8824015483260155
469,0.8964998722076416,469,0.8722561299800873,0.8824015483260155
470,0.8964998722076416,470,0.8722561299800873,0.8824015483260155
471,0.8964998722076416,471,0.8722561299800873,0.8824015483260155
472,0.8964998722076416,472,0.8722561299800873,0.8824015483260155
473,0.8964998722076416,473,0.8722561299800873,0.8824015483260155
474,0.8964998722076416,474,0.8722561299800873,0.8824015483260155
475,0.8964998722076416,475,0.8722561299800873,0.8824015483260155
476,0.8964998722076416,476,0.8722561299800873,0.8824015483260155
477,0.8964998722076416,477,0.8722680360078812,0.8824015483260155
478,0.8964998722076416,478,0.8722680360078812,0.8824015483260155
479,0.8964998722076416,479,0.8722680360078812,0.8824015483260155
480,0.8964998722076416,480,0.8722680360078812,0.8824015483260155
481,0.8964998722076416,481,0.8722680360078812,0.8824015483260155
482,0.8964998722076416,482,0.8722680360078812,0.8824015483260155
483,0.8964998722076416,483,0.8722680360078812,0.8824015483260155
484,0.8964998722076416,484,0.8722680360078812,0.8824015483260155
485,0.8964998722076416,485,0.8722680360078812,0.8824015483260155
486,0.8964998722076416,486,0.8722680360078812,0.8824015483260155
487,0.8964998722076416,487,0.8722680360078812,0.8824015483260155
488,0.8964998722076416,488,0.8722680360078812,0.8824015483260155
489,0.8964998722076416,489,0.8722680360078812,0.8824015483260155
490,0.8964998722076416,490,0.8722680360078812,0.8824015483260155
491,0.8964998722076416,491,0.8722680360078812,0.8824015483260155
492,0.8964998722076416,492,0.8722680360078812,0.8824015483260155
493,0.8964998722076416,493,0.8722680360078812,0.8824015483260155
494,0.8964998722076416,494,0.8722680360078812,0.8824015483260155
495,0.8964998722076416,495,0.8722680360078812,0.8824015483260155
496,0.8964998722076416,496,0.8722680360078812,0.8824015483260155
497,0.8964998722076416,497,0.8722680360078812,0.8824015483260155
498,0.8964998722076416,498,0.8722680360078812,0.8824015483260155
499,0.8964998722076416,499,0.8722680360078812,0.8824015483260155
500,0.9065938889980316,500,0.8632763773202896,0.8773457929491997
501,0.9065952450037003,501,0.8632588535547256,0.8773457929491997
502,0.9065952450037003,502,0.8632602095603943,0.8773457929491997
503,0.9065952450037003,503,0.8632602095603943,0.8773457929491997
504,0.9065952450037003,504,0.8632602095603943,0.8773457929491997
505,0.9065952450037003,505,0.8632602095603943,0.8773457929491997
506,0.9065952450037003,506,0.8632602095603943,0.8773457929491997
507,0.9065952450037003,507,0.8632602095603943,0.8773457929491997
508,0.9065952450037003,508,0.8632602095603943,0.8773457929491997
509,0.9065952450037003,509,0.8632602095603943,0.8773457929491997
510,0.9065952450037003,510,0.8632602095603943,0.8773457929491997
511,0.9065952450037003,511,0.8632602095603943,0.8773457929491997
512,0.9065952450037003,512,0.8632602095603943,0.8773457929491997
513,0.9065952450037003,513,0.863286629319191,0.8773457929491997
514,0.9065952450037003,514,0.863286629319191,0.8773457929491997
515,0.9065952450037003,515,0.863286629319191,0.8773457929491997
516,0.9065952450037003,516,0.863286629319191,0.8773457929491997
517,0.9065952450037003,517,0.863286629319191,0.8773457929491997
518,0.9065952450037003,518,0.863286629319191,0.8773457929491997
519,0.9065952450037003,519,0.863286629319191,0.8773457929491997
520,0.9065952450037003,520,0.863286629319191,0.8773457929491997
521,0.9065952450037003,521,0.863286629319191,0.8773457929491997
522,0.9065952450037003,522,0.863286629319191,0.8773457929491997
523,0.9065952450037003,523,0.863286629319191,0.8773457929491997
524,0.9065952450037003,524,0.863286629319191,0.8773457929491997
525,0.9065952450037003,525,0.863286629319191,0.8773457929491997
526,0.9065952450037003,526,0.863286629319191,0.8773457929491997
527,0.9065952450037003,527,0.863286629319191,0.8773457929491997
528,0.9065952450037003,528,0.863286629319191,0.8773457929491997
529,0.9065952450037003,529,0.863286629319191,0.8773457929491997
530,0.9065952450037003,530,0.863286629319191,0.8773457929491997
531,0.9065952450037003,531,0.863286629319191,0.8773457929491997
532,0.9065952450037003,532,0.863286629319191,0.8773457929491997
533,0.9065952450037003,533,0.863286629319191,0.8773457929491997
534,0.9065952450037003,534,0.863286629319191,0.8773457929491997
535,0.9065952450037003,535,0.863286629319191,0.8773457929491997
536,0.9065952450037003,536,0.863286629319191,0.8773457929491997
537,0.9065952450037003,537,0.863286629319191,0.8773457929491997
538,0.9065952450037003,538,0.863286629319191,0.8773457929491997
539,0.9065952450037003,539,0.863286629319191,0.8773457929491997
540,0.9065952450037003,540,0.863286629319191,0.8773457929491997
541,0.9065952450037003,541,0.863286629319191,0.8773457929491997
542,0.9065952450037003,542,0.863286629319191,0.8773457929491997
543,0.9065952450037003,543,0.863286629319191,0.8773457929491997
544,0.9065952450037003,544,0.863286629319191,0.8773457929491997
545,0.9065952450037003,545,0.863286629319191,0.8773457929491997
546,0.9065952450037003,546,0.863286629319191,0.8773457929491997
547,0.9065952450037003,547,0.863286629319191,0.8773457929491997
548,0.9065952450037003,548,0.863286629319191,0.8773457929491997
549,0.9065952450037003,549,0.863286629319191,0.8773457929491997
550,0.9065952450037003,550,0.863286629319191,0.8773457929491997
551,0.9065952450037003,551,0.863286629319191,0.8773457929491997
552,0.9065952450037003,552,0.863286629319191,0.8773457929491997
553,0.9065952450037003,553,0.863286629319191,0.8773457929491997
554,0.9065952450037003,554,0.863286629319191,0.8773457929491997
555,0.9065952450037003,555,0.863286629319191,0.8773457929491997
556,0.9065952450037003,556,0.863286629319191,0.8773457929491997
557,0.9065952450037003,557,0.863286629319191,0.8773457929491997
558,0.9065952450037003,558,0.863286629319191,0.8773457929491997
559,0.9065952450037003,559,0.863286629319191,0.8773457929491997
560,0.9065952450037003,560,0.863286629319191,0.8773457929491997
561,0.9065952450037003,561,0.863286629319191,0.8773457929491997
562,0.9065952450037003,562,0.863286629319191,0.8773457929491997
563,0.9065952450037003,563,0.863286629319191,0.8773457929491997
564,0.9065952450037003,564,0.863286629319191,0.8773457929491997
565,0.9065952450037003,565,0.863286629319191,0.8773457929491997
566,0.9065952450037003,566,0.863286629319191,0.8773457929491997
567,0.9065952450037003,567,0.863286629319191,0.8773457929491997
568,0.9065952450037003,568,0.863286629319191,0.8773457929491997
569,0.9065952450037003,569,0.863286629319191,0.8773457929491997
570,0.9065952450037003,570,0.863286629319191,0.8773457929491997
571,0.9065952450037003,571,0.863286629319191,0.8773457929491997
572,0.9065952450037003,572,0.863286629319191,0.8773457929491997
573,0.9065952450037003,573,0.863286629319191,0.8773457929491997
574,0.9065952450037003,574,0.863286629319191,0.8773457929491997
575,0.9065952450037003,575,0.863286629319191,0.8773457929491997
576,0.9065952450037003,576,0.863286629319191,0.8773457929491997
577,0.9065952450037003,577,0.863286629319191,0.8773457929491997
578,0.9065952450037003,578,0.863286629319191,0.8773457929491997
579,0.9065952450037003,579,0.863286629319191,0.8773457929491997
580,0.9065952450037003,580,0.863286629319191,0.8773457929491997
581,0.9065952450037003,581,0.863286629319191,0.8773457929491997
582,0.9065952450037003,582,0.863286629319191,0.8773457929491997
583,0.9065952450037003,583,0.863286629319191,0.8773457929491997
584,0.9065952450037003,584,0.863286629319191,0.8773457929491997
585,0.9065952450037003,585,0.863286629319191,0.8773457929491997
586,0.9065952450037003,586,0.863286629319191,0.8773457929491997
587,0.9065952450037003,587,0.863286629319191,0.8773457929491997
588,0.9065952450037003,588,0.863286629319191,0.8773457929491997
589,0.9065952450037003,589,0.863286629319191,0.8773457929491997
590,0.9065952450037003,590,0.863286629319191,0.8773457929491997
591,0.9065952450037003,591,0.863286629319191,0.8773457929491997
592,0.9065952450037003,592,0.863286629319191,0.8773457929491997
593,0.9065952450037003,593,0.863286629319191,0.8773457929491997
594,0.9065952450037003,594,0.863286629319191,0.8773457929491997
595,0.9065952450037003,595,0.863286629319191,0.8773457929491997
596,0.9065952450037003,596,0.863286629319191,0.8773457929491997
597,0.9065952450037003,597,0.863286629319191,0.8773457929491997
598,0.9065952450037003,598,0.863286629319191,0.8773457929491997
599,0.9065952450037003,599,0.863286629319191,0.8773457929491997
600,0.9065952450037003,600,0.863286629319191,0.8773457929491997
601,0.9065952450037003,601,0.863286629319191,0.8773457929491997
602,0.9065952450037003,602,0.863286629319191,0.8773457929491997
603,0.9065952450037003,603,0.863286629319191,0.8773457929491997
604,0.9065952450037003,604,0.863286629319191,0.8773457929491997
605,0.9065952450037003,605,0.863286629319191,0.8773457929491997
606,0.9065952450037003,606,0.863286629319191,0.8773457929491997
607,0.9065952450037003,607,0.863286629319191,0.8773457929491997
608,0.9065952450037003,608,0.863286629319191,0.8773457929491997
609,0.9065952450037003,609,0.863286629319191,0.8773457929491997
610,0.9065952450037003,610,0.863286629319191,0.8773457929491997
611,0.9065952450037003,611,0.863286629319191,0.8773457929491997
612,0.9065952450037003,612,0.863286629319191,0.8773457929491997
613,0.9065952450037003,613,0.863286629319191,0.8773457929491997
614,0.9065952450037003,614,0.863286629319191,0.8773457929491997
615,0.9065952450037003,615,0.863286629319191,0.8773457929491997
616,0.9065952450037003,616,0.863286629319191,0.8773457929491997
617,0.9065952450037003,617,0.863286629319191,0.8773457929491997
618,0.9065952450037003,618,0.863286629319191,0.8773457929491997
619,0.9065952450037003,619,0.863286629319191,0.8773457929491997
620,0.9065952450037003,620,0.863286629319191,0.8773457929491997
621,0.9065952450037003,621,0.863286629319191,0.8773457929491997
622,0.9065952450037003,622,0.863286629319191,0.8773457929491997
623,0.9065952450037003,623,0.863286629319191,0.8773457929491997
624,0.9065952450037003,624,0.863286629319191,0.8773457929491997
625,0.9065952450037003,625,0.863286629319191,0.8773457929491997
626,0.9065952450037003,626,0.863286629319191,0.8773457929491997
627,0.9065952450037003,627,0.863286629319191,0.8773457929491997
628,0.9065952450037003,628,0.863286629319191,0.8773457929491997
629,0.9065952450037003,629,0.863286629319191,0.8773457929491997
630,0.9065952450037003,630,0.863286629319191,0.8773457929491997
631,0.9065952450037003,631,0.863286629319191,0.8773457929491997
632,0.9065952450037003,632,0.863286629319191,0.8773457929491997
633,0.9065952450037003,633,0.863286629319191,0.8773457929491997
634,0.9065952450037003,634,0.863286629319191,0.8773457929491997
635,0.9065952450037003,635,0.863286629319191,0.8773457929491997
636,0.9065952450037003,636,0.863286629319191,0.8773457929491997
637,0.9065952450037003,637,0.863286629319191,0.8773457929491997
638,0.9065952450037003,638,0.863286629319191,0.8773457929491997
639,0.9065952450037003,639,0.863286629319191,0.8773457929491997
640,0.9065952450037003,640,0.863286629319191,0.8773457929491997
641,0.9065952450037003,641,0.863286629319191,0.8773457929491997
642,0.9065952450037003,642,0.863286629319191,0.8773457929491997
643,0.9065952450037003,643,0.863286629319191,0.8773457929491997
644,0.9065952450037003,644,0.8632841259241104,0.8773457929491997
645,0.9065952450037003,645,0.8632841259241104,0.8773457929491997
646,0.9065952450037003,646,0.8632841259241104,0.8773457929491997
647,0.9065952450037003,647,0.8632841259241104,0.8773457929491997
648,0.9065952450037003,648,0.8632841259241104,0.8773457929491997
649,0.9065952450037003,649,0.8632841259241104,0.8773457929491997
650,0.9065952450037003,650,0.8632841259241104,0.8773457929491997
651,0.9065952450037003,651,0.8632841259241104,0.8773457929491997
652,0.9065952450037003,652,0.8632841259241104,0.8773457929491997
653,0.9065952450037003,653,0.8632841259241104,0.8773457929491997
654,0.9065952450037003,654,0.8632841259241104,0.8773457929491997
655,0.9065952450037003,655,0.8632841259241104,0.8773457929491997
656,0.9065952450037003,656,0.8632841259241104,0.8773457929491997
657,0.9065952450037003,657,0.8632841259241104,0.8773457929491997
658,0.9065952450037003,658,0.8632841259241104,0.8773457929491997
659,0.9065952450037003,659,0.8632841259241104,0.8773457929491997
660,0.9065952450037003,660,0.8632841259241104,0.8773457929491997
661,0.9065952450037003,661,0.8632841259241104,0.8773457929491997
662,0.9065952450037003,662,0.8632841259241104,0.8773457929491997
663,0.9065952450037003,663,0.8632841259241104,0.8773457929491997
664,0.9065952450037003,664,0.8632841259241104,0.8773457929491997
665,0.9065952450037003,665,0.863279178738594,0.8773457929491997
666,0.9065952450037003,666,0.863279178738594,0.8773457929491997
667,0.9065952450037003,667,0.863279178738594,0.8773457929491997
668,0.9065952450037003,668,0.863279178738594,0.8773457929491997
669,0.9065952450037003,669,0.863279178738594,0.8773457929491997
670,0.9065952450037003,670,0.863279178738594,0.8773457929491997
671,0.9065952450037003,671,0.863279178738594,0.8773457929491997
672,0.9065952450037003,672,0.863279178738594,0.8773457929491997
673,0.9065952450037003,673,0.863279178738594,0.8773457929491997
674,0.9065952450037003,674,0.863279178738594,0.8773457929491997
675,0.9065952450037003,675,0.863279178738594,0.8773457929491997
676,0.9065952450037003,676,0.863279178738594,0.8773457929491997
677,0.9065952450037003,677,0.863279178738594,0.8773457929491997
678,0.9065952450037003,678,0.863279178738594,0.8773457929491997
679,0.9065952450037003,679,0.863279178738594,0.8773457929491997
680,0.9065952450037003,680,0.863279178738594,0.8773457929491997
681,0.9065952450037003,681,0.863279178738594,0.8773457929491997
682,0.9065952450037003,682,0.863279178738594,0.8773457929491997
683,0.9065952450037003,683,0.863279178738594,0.8773457929491997
684,0.9065952450037003,684,0.863279178738594,0.8773457929491997
685,0.9065952450037003,685,0.863279178738594,0.8773457929491997
686,0.9065952450037003,686,0.863279178738594,0.8773457929491997
687,0.9065952450037003,687,0.863279178738594,0.8773457929491997
688,0.9065952450037003,688,0.863279178738594,0.8773457929491997
689,0.9065952450037003,689,0.863279178738594,0.8773457929491997
690,0.9065952450037003,690,0.863279178738594,0.8773457929491997
691,0.9065952450037003,691,0.863279178738594,0.8773457929491997
692,0.9065952450037003,692,0.863279178738594,0.8773457929491997
693,0.9065952450037003,693,0.863279178738594,0.8773457929491997
694,0.9065952450037003,694,0.863279178738594,0.8773457929491997
695,0.9065952450037003,695,0.863279178738594,0.8773457929491997
696,0.9065952450037003,696,0.863279178738594,0.8773457929491997
697,0.9065952450037003,697,0.863279178738594,0.8773457929491997
698,0.9065952450037003,698,0.863279178738594,0.8773457929491997
699,0.9065952450037003,699,0.863279178738594,0.8773457929491997
700,0.9065952450037003,700,0.863279178738594,0.8773457929491997
701,0.9065952450037003,701,0.863279178738594,0.8773457929491997
702,0.9065952450037003,702,0.863279178738594,0.8773457929491997
703,0.9065952450037003,703,0.863279178738594,0.8773457929491997
704,0.9065952450037003,704,0.863279178738594,0.8773457929491997
705,0.9065952450037003,705,0.863279178738594,0.8773457929491997
706,0.9065952450037003,706,0.863279178738594,0.8773457929491997
707,0.9065952450037003,707,0.863279178738594,0.8773457929491997
708,0.9065952450037003,708,0.863279178738594,0.8773457929491997
709,0.9065952450037003,709,0.863279178738594,0.8773457929491997
710,0.9065952450037003,710,0.863279178738594,0.8773457929491997
711,0.9065952450037003,711,0.863279178738594,0.8773457929491997
712,0.9065952450037003,712,0.863279178738594,0.8773457929491997
713,0.9065952450037003,713,0.863279178738594,0.8773457929491997
714,0.9065952450037003,714,0.863279178738594,0.8773457929491997
715,0.9065952450037003,715,0.863279178738594,0.8773457929491997
716,0.9065952450037003,716,0.863279178738594,0.8773457929491997
717,0.9065952450037003,717,0.863279178738594,0.8773457929491997
718,0.9065952450037003,718,0.863279178738594,0.8773457929491997
719,0.9065952450037003,719,0.863279178738594,0.8773457929491997
720,0.9065952450037003,720,0.863279178738594,0.8773457929491997
721,0.9065952450037003,721,0.863279178738594,0.8773457929491997
722,0.9065952450037003,722,0.863279178738594,0.8773457929491997
723,0.9065952450037003,723,0.863279178738594,0.8773457929491997
724,0.9065952450037003,724,0.863279178738594,0.8773457929491997
725,0.9065952450037003,725,0.863279178738594,0.8773457929491997
726,0.9065952450037003,726,0.863279178738594,0.8773457929491997
727,0.9065952450037003,727,0.863279178738594,0.8773457929491997
728,0.9065952450037003,728,0.863279178738594,0.8773457929491997
729,0.9065952450037003,729,0.863279178738594,0.8773457929491997
730,0.9065952450037003,730,0.863279178738594,0.8773457929491997
731,0.9065952450037003,731,0.863279178738594,0.8773457929491997
732,0.9065952450037003,732,0.863279178738594,0.8773457929491997
733,0.9065952450037003,733,0.863279178738594,0.8773457929491997
734,0.9065952450037003,734,0.863279178738594,0.8773457929491997
735,0.9065952450037003,735,0.863279178738594,0.8773457929491997
736,0.9065952450037003,736,0.863279178738594,0.8773457929491997
737,0.9065952450037003,737,0.863279178738594,0.8773457929491997
738,0.9065952450037003,738,0.863279178738594,0.8773457929491997
739,0.9065952450037003,739,0.863279178738594,0.8773457929491997
740,0.9065952450037003,740,0.863279178738594,0.8773457929491997
741,0.9065952450037003,741,0.863279178738594,0.8773457929491997
742,0.9065952450037003,742,0.863279178738594,0.8773457929491997
743,0.9065952450037003,743,0.863279178738594,0.8773457929491997
744,0.9065952450037003,744,0.863279178738594,0.8773457929491997
745,0.9065952450037003,745,0.863279178738594,0.8773457929491997
746,0.9065952450037003,746,0.863279178738594,0.8773457929491997
747,0.9065952450037003,747,0.863279178738594,0.8773457929491997
748,0.9065952450037003,748,0.863279178738594,0.8773457929491997
749,0.9065952450037003,749,0.863279178738594,0.8773457929491997
750,0.9069112837314606,750,0.8583120107650757,0.8761556893587112
751,0.9069112837314606,751,0.858314037322998,0.8761556893587112
752,0.9069112837314606,752,0.858314037322998,0.8761556893587112
753,0.9069112837314606,753,0.858314037322998,0.8761556893587112
754,0.9069112837314606,754,0.858314037322998,0.8761556893587112
755,0.9069112837314606,755,0.858314037322998,0.8761556893587112
756,0.9069112837314606,756,0.858314037322998,0.8761556893587112
757,0.9069112837314606,757,0.858314037322998,0.8761556893587112
758,0.9069112837314606,758,0.858314037322998,0.8761556893587112
759,0.9069112837314606,759,0.858314037322998,0.8761556893587112
760,0.9069112837314606,760,0.858314037322998,0.8761556893587112
761,0.9069112837314606,761,0.858314037322998,0.8761556893587112
762,0.9069112837314606,762,0.858314037322998,0.8761556893587112
763,0.9069112837314606,763,0.858314037322998,0.8761556893587112
764,0.9069112837314606,764,0.858314037322998,0.8761556893587112
765,0.9069112837314606,765,0.858314037322998,0.8761556893587112
766,0.9069112837314606,766,0.858314037322998,0.8761556893587112
767,0.9069112837314606,767,0.858314037322998,0.8761556893587112
768,0.9069112837314606,768,0.858314037322998,0.8761556893587112
769,0.9069112837314606,769,0.858314037322998,0.8761556893587112
770,0.9069112837314606,770,0.858314037322998,0.8761556893587112
771,0.9069112837314606,771,0.858314037322998,0.8761556893587112
772,0.9069112837314606,772,0.858314037322998,0.8761556893587112
773,0.9069112837314606,773,0.858314037322998,0.8761556893587112
774,0.9069112837314606,774,0.858314037322998,0.8761556893587112
775,0.9069112837314606,775,0.858314037322998,0.8761556893587112
776,0.9069112837314606,776,0.858314037322998,0.8761556893587112
777,0.9069112837314606,777,0.858314037322998,0.8761556893587112
778,0.9069112837314606,778,0.858314037322998,0.8761556893587112
779,0.9069112837314606,779,0.858314037322998,0.8761556893587112
780,0.9069112837314606,780,0.858314037322998,0.8761556893587112
781,0.9069112837314606,781,0.858314037322998,0.8761556893587112
782,0.9069112837314606,782,0.858314037322998,0.8761556893587112
783,0.9069112837314606,783,0.858314037322998,0.8761556893587112
784,0.9069112837314606,784,0.858314037322998,0.8761556893587112
785,0.9069112837314606,785,0.858314037322998,0.8761556893587112
786,0.9069112837314606,786,0.858314037322998,0.8761556893587112
787,0.9069112837314606,787,0.858314037322998,0.8761556893587112
788,0.9069112837314606,788,0.858314037322998,0.8761556893587112
789,0.9069112837314606,789,0.858314037322998,0.8761556893587112
790,0.9069112837314606,790,0.858314037322998,0.8761556893587112
791,0.9069112837314606,791,0.858314037322998,0.8761556893587112
792,0.9069112837314606,792,0.858314037322998,0.8761556893587112
793,0.9069112837314606,793,0.858314037322998,0.8761556893587112
794,0.9069112837314606,794,0.858314037322998,0.8761556893587112
795,0.9069112837314606,795,0.858314037322998,0.8761556893587112
796,0.9069112837314606,796,0.858314037322998,0.8761556893587112
797,0.9069112837314606,797,0.858314037322998,0.8761556893587112
798,0.9069112837314606,798,0.858314037322998,0.8761556893587112
799,0.9069112837314606,799,0.858314037322998,0.8761556893587112
800,0.9069112837314606,800,0.858314037322998,0.8761556893587112
801,0.9069112837314606,801,0.858314037322998,0.8761556893587112
802,0.9069112837314606,802,0.858314037322998,0.8761556893587112
803,0.9069112837314606,803,0.858314037322998,0.8761556893587112
804,0.9069112837314606,804,0.858314037322998,0.8761556893587112
805,0.9069112837314606,805,0.858314037322998,0.8761556893587112
806,0.9069112837314606,806,0.858314037322998,0.8761556893587112
807,0.9069112837314606,807,0.858314037322998,0.8761556893587112
808,0.9069112837314606,808,0.858314037322998,0.8761556893587112
809,0.9069112837314606,809,0.858314037322998,0.8761556893587112
810,0.9069112837314606,810,0.858314037322998,0.8761556893587112
811,0.9069112837314606,811,0.858314037322998,0.8761556893587112
812,0.9069112837314606,812,0.858314037322998,0.8761556893587112
813,0.9069112837314606,813,0.858314037322998,0.8761556893587112
814,0.9069112837314606,814,0.858314037322998,0.8761556893587112
815,0.9069112837314606,815,0.858314037322998,0.8761556893587112
816,0.9069112837314606,816,0.858314037322998,0.8761556893587112
817,0.9069112837314606,817,0.858314037322998,0.8761556893587112
818,0.9069112837314606,818,0.858314037322998,0.8761556893587112
819,0.9069112837314606,819,0.858314037322998,0.8761556893587112
820,0.9069112837314606,820,0.858314037322998,0.8761556893587112
821,0.9069112837314606,821,0.858314037322998,0.8761556893587112
822,0.9069112837314606,822,0.858314037322998,0.8761556893587112
823,0.9069112837314606,823,0.858314037322998,0.8761556893587112
824,0.9069112837314606,824,0.858314037322998,0.8761556893587112
825,0.9069112837314606,825,0.858314037322998,0.8761556893587112
826,0.9069112837314606,826,0.858314037322998,0.8761556893587112
827,0.9069112837314606,827,0.858314037322998,0.8761556893587112
828,0.9069112837314606,828,0.858314037322998,0.8761556893587112
829,0.9069112837314606,829,0.858314037322998,0.8761556893587112
830,0.9069112837314606,830,0.858314037322998,0.8761556893587112
831,0.9069112837314606,831,0.858314037322998,0.8761556893587112
832,0.9069112837314606,832,0.858314037322998,0.8761556893587112
833,0.9069112837314606,833,0.858314037322998,0.8761556893587112
834,0.9069112837314606,834,0.858314037322998,0.8761556893587112
835,0.9069112837314606,835,0.858314037322998,0.8761556893587112
836,0.9069112837314606,836,0.858314037322998,0.8761556893587112
837,0.9069112837314606,837,0.858314037322998,0.8761556893587112
838,0.9069112837314606,838,0.858314037322998,0.8761556893587112
839,0.9069112837314606,839,0.858314037322998,0.8761556893587112
840,0.9069112837314606,840,0.858314037322998,0.8761556893587112
841,0.9069112837314606,841,0.858314037322998,0.8761556893587112
842,0.9069112837314606,842,0.858314037322998,0.8761556893587112
843,0.9069112837314606,843,0.858314037322998,0.8761556893587112
844,0.9069112837314606,844,0.858314037322998,0.8761556893587112
845,0.9069112837314606,845,0.858314037322998,0.8761556893587112
846,0.9069112837314606,846,0.858314037322998,0.8761556893587112
847,0.9069112837314606,847,0.858314037322998,0.8761556893587112
848,0.9069112837314606,848,0.858314037322998,0.8761556893587112
849,0.9069112837314606,849,0.858314037322998,0.8761556893587112
850,0.9069112837314606,850,0.858314037322998,0.8761556893587112
851,0.9069112837314606,851,0.858314037322998,0.8761556893587112
852,0.9069112837314606,852,0.858314037322998,0.8761556893587112
853,0.9069112837314606,853,0.858314037322998,0.8761556893587112
854,0.9069112837314606,854,0.858314037322998,0.8761556893587112
855,0.9069112837314606,855,0.858314037322998,0.8761556893587112
856,0.9069112837314606,856,0.858314037322998,0.8761556893587112
857,0.9069112837314606,857,0.858314037322998,0.8761556893587112
858,0.9069112837314606,858,0.858314037322998,0.8761556893587112
859,0.9069112837314606,859,0.858314037322998,0.8761556893587112
860,0.9069112837314606,860,0.858314037322998,0.8761556893587112
861,0.9069112837314606,861,0.858314037322998,0.8761556893587112
862,0.9069112837314606,862,0.858314037322998,0.8761556893587112
863,0.9069112837314606,863,0.858314037322998,0.8761556893587112
864,0.9069112837314606,864,0.858314037322998,0.8761556893587112
865,0.9069112837314606,865,0.858314037322998,0.8761556893587112
866,0.9069112837314606,866,0.858314037322998,0.8761556893587112
867,0.9069112837314606,867,0.858314037322998,0.8761556893587112
868,0.9069112837314606,868,0.858314037322998,0.8761556893587112
869,0.9069112837314606,869,0.858314037322998,0.8761556893587112
870,0.9069112837314606,870,0.858314037322998,0.8761556893587112
871,0.9069112837314606,871,0.858314037322998,0.8761556893587112
872,0.9069112837314606,872,0.858314037322998,0.8761556893587112
873,0.9069112837314606,873,0.858314037322998,0.8761556893587112
874,0.9069112837314606,874,0.858314037322998,0.8761556893587112
875,0.9069112837314606,875,0.858314037322998,0.8761556893587112
876,0.9069112837314606,876,0.858314037322998,0.8761556893587112
877,0.9069112837314606,877,0.858314037322998,0.8761556893587112
878,0.9069112837314606,878,0.858314037322998,0.8761556893587112
879,0.9069112837314606,879,0.858314037322998,0.8761556893587112
880,0.9069112837314606,880,0.858314037322998,0.8761556893587112
881,0.9069112837314606,881,0.858314037322998,0.8761556893587112
882,0.9069112837314606,882,0.858314037322998,0.8761556893587112
883,0.9069112837314606,883,0.858314037322998,0.8761556893587112
884,0.9069112837314606,884,0.858314037322998,0.8761556893587112
885,0.9069112837314606,885,0.858314037322998,0.8761556893587112
886,0.9069112837314606,886,0.858314037322998,0.8761556893587112
887,0.9069112837314606,887,0.858314037322998,0.8761556893587112
888,0.9069112837314606,888,0.858314037322998,0.8761556893587112
889,0.9069112837314606,889,0.858314037322998,0.8761556893587112
890,0.9069112837314606,890,0.858314037322998,0.8761556893587112
891,0.9069112837314606,891,0.858314037322998,0.8761556893587112
892,0.9069112837314606,892,0.858314037322998,0.8761556893587112
893,0.9069112837314606,893,0.858314037322998,0.8761556893587112
894,0.9069112837314606,894,0.858314037322998,0.8761556893587112
895,0.9069112837314606,895,0.858314037322998,0.8761556893587112
896,0.9069112837314606,896,0.858314037322998,0.8761556893587112
897,0.9069112837314606,897,0.858314037322998,0.8761556893587112
898,0.9069112837314606,898,0.858314037322998,0.8761556893587112
899,0.9069112837314606,899,0.858314037322998,0.8761556893587112
900,0.9069112837314606,900,0.858314037322998,0.8761556893587112
901,0.9069112837314606,901,0.858314037322998,0.8761556893587112
902,0.9069112837314606,902,0.858314037322998,0.8761556893587112
903,0.9069112837314606,903,0.858314037322998,0.8761556893587112
904,0.9069112837314606,904,0.858314037322998,0.8761556893587112
905,0.9069112837314606,905,0.858314037322998,0.8761556893587112
906,0.9069112837314606,906,0.858314037322998,0.8761556893587112
907,0.9069112837314606,907,0.858314037322998,0.8761556893587112
908,0.9069112837314606,908,0.858314037322998,0.8761556893587112
909,0.9069112837314606,909,0.858314037322998,0.8761556893587112
910,0.9069112837314606,910,0.858314037322998,0.8761556893587112
911,0.9069112837314606,911,0.858314037322998,0.8761556893587112
912,0.9069112837314606,912,0.858314037322998,0.8761556893587112
913,0.9069112837314606,913,0.858314037322998,0.8761556893587112
914,0.9069112837314606,914,0.858314037322998,0.8761556893587112
915,0.9069112837314606,915,0.858314037322998,0.8761556893587112
916,0.9069112837314606,916,0.858314037322998,0.8761556893587112
917,0.9069112837314606,917,0.858314037322998,0.8761556893587112
918,0.9069112837314606,918,0.858314037322998,0.8761556893587112
919,0.9069112837314606,919,0.858314037322998,0.8761556893587112
920,0.9069112837314606,920,0.858314037322998,0.8761556893587112
921,0.9069112837314606,921,0.858314037322998,0.8761556893587112
922,0.9069112837314606,922,0.858314037322998,0.8761556893587112
923,0.9069112837314606,923,0.858314037322998,0.8761556893587112
924,0.9069112837314606,924,0.858314037322998,0.8761556893587112
925,0.9069112837314606,925,0.858314037322998,0.8761556893587112
926,0.9069112837314606,926,0.858314037322998,0.8761556893587112
927,0.9069112837314606,927,0.858314037322998,0.8761556893587112
928,0.9069112837314606,928,0.858314037322998,0.8761556893587112
929,0.9069112837314606,929,0.858314037322998,0.8761556893587112
930,0.9069112837314606,930,0.858314037322998,0.8761556893587112
931,0.9069112837314606,931,0.858314037322998,0.8761556893587112
932,0.9069112837314606,932,0.858314037322998,0.8761556893587112
933,0.9069112837314606,933,0.858314037322998,0.8761556893587112
934,0.9069112837314606,934,0.858314037322998,0.8761556893587112
935,0.9069112837314606,935,0.858314037322998,0.8761556893587112
936,0.9069112837314606,936,0.858314037322998,0.8761556893587112
937,0.9069112837314606,937,0.858314037322998,0.8761556893587112
938,0.9069112837314606,938,0.858314037322998,0.8761556893587112
939,0.9069112837314606,939,0.858314037322998,0.8761556893587112
940,0.9069112837314606,940,0.858314037322998,0.8761556893587112
941,0.9069112837314606,941,0.858314037322998,0.8761556893587112
942,0.9069112837314606,942,0.858314037322998,0.8761556893587112
943,0.9069112837314606,943,0.858314037322998,0.8761556893587112
944,0.9069112837314606,944,0.858314037322998,0.8761556893587112
945,0.9069112837314606,945,0.858314037322998,0.8761556893587112
946,0.9069112837314606,946,0.858314037322998,0.8761556893587112
947,0.9069112837314606,947,0.858314037322998,0.8761556893587112
948,0.9069112837314606,948,0.858314037322998,0.8761556893587112
949,0.9069112837314606,949,0.858314037322998,0.8761556893587112
950,0.9069112837314606,950,0.858314037322998,0.8761556893587112
951,0.9069112837314606,951,0.858314037322998,0.8761556893587112
952,0.9069112837314606,952,0.858314037322998,0.8761556893587112
953,0.9069112837314606,953,0.858314037322998,0.8761556893587112
954,0.9069112837314606,954,0.858314037322998,0.8761556893587112
955,0.9069112837314606,955,0.858314037322998,0.8761556893587112
956,0.9069112837314606,956,0.858314037322998,0.8761556893587112
957,0.9069112837314606,957,0.858314037322998,0.8761556893587112
958,0.9069112837314606,958,0.858314037322998,0.8761556893587112
959,0.9069112837314606,959,0.858314037322998,0.8761556893587112
960,0.9069112837314606,960,0.858314037322998,0.8761556893587112
961,0.9069112837314606,961,0.858314037322998,0.8761556893587112
962,0.9069112837314606,962,0.858314037322998,0.8761556893587112
963,0.9069112837314606,963,0.858314037322998,0.8761556893587112
964,0.9069112837314606,964,0.858314037322998,0.8761556893587112
965,0.9069112837314606,965,0.858314037322998,0.8761556893587112
966,0.9069112837314606,966,0.858314037322998,0.8761556893587112
967,0.9069112837314606,967,0.858314037322998,0.8761556893587112
968,0.9069112837314606,968,0.858314037322998,0.8761556893587112
969,0.9069112837314606,969,0.858314037322998,0.8761556893587112
970,0.9069112837314606,970,0.858314037322998,0.8761556893587112
971,0.9069112837314606,971,0.858314037322998,0.8761556893587112
972,0.9069112837314606,972,0.858314037322998,0.8761556893587112
973,0.9069112837314606,973,0.858314037322998,0.8761556893587112
974,0.9069112837314606,974,0.858314037322998,0.8761556893587112
975,0.9069112837314606,975,0.858314037322998,0.8761556893587112
976,0.9069112837314606,976,0.858314037322998,0.8761556893587112
977,0.9069112837314606,977,0.858314037322998,0.8761556893587112
978,0.9069112837314606,978,0.858314037322998,0.8761556893587112
979,0.9069112837314606,979,0.858314037322998,0.8761556893587112
980,0.9069112837314606,980,0.858314037322998,0.8761556893587112
981,0.9069112837314606,981,0.858314037322998,0.8761556893587112
982,0.9069112837314606,982,0.858314037322998,0.8761556893587112
983,0.9069112837314606,983,0.858314037322998,0.8761556893587112
984,0.9069112837314606,984,0.858314037322998,0.8761556893587112
985,0.9069112837314606,985,0.858314037322998,0.8761556893587112
986,0.9069112837314606,986,0.858314037322998,0.8761556893587112
987,0.9069112837314606,987,0.858314037322998,0.8761556893587112
988,0.9069112837314606,988,0.858314037322998,0.8761556893587112
989,0.9069112837314606,989,0.858314037322998,0.8761556893587112
990,0.9069112837314606,990,0.858314037322998,0.8761556893587112
991,0.9069112837314606,991,0.858314037322998,0.8761556893587112
992,0.9069112837314606,992,0.858314037322998,0.8761556893587112
993,0.9069112837314606,993,0.858314037322998,0.8761556893587112
994,0.9069112837314606,994,0.858314037322998,0.8761556893587112
995,0.9069112837314606,995,0.858314037322998,0.8761556893587112
996,0.9069112837314606,996,0.858314037322998,0.8761556893587112
997,0.9069112837314606,997,0.858314037322998,0.8761556893587112
998,0.9069112837314606,998,0.858314037322998,0.8761556893587112
999,0.9069112837314606,999,0.858314037322998,0.8761556893587112
1000,0.9067747518420219,1000,0.860847607254982,0.8750965520739555
1001,0.9067714437842369,1001,0.860847607254982,0.8750965520739555
1002,0.9067714437842369,1002,0.860847607254982,0.8750965520739555
1003,0.9067714437842369,1003,0.860847607254982,0.8750965520739555
1004,0.9067714437842369,1004,0.860847607254982,0.8750965520739555
1005,0.9067714437842369,1005,0.860847607254982,0.8750965520739555
1006,0.9067714437842369,1006,0.860847607254982,0.8750965520739555
1007,0.9067714437842369,1007,0.860847607254982,0.8750965520739555
1008,0.9067714437842369,1008,0.860847607254982,0.8750965520739555
1009,0.9067747518420219,1009,0.860847607254982,0.8750965520739555
1010,0.9067747518420219,1010,0.860847607254982,0.8750965520739555
1011,0.9067747518420219,1011,0.860847607254982,0.8750965520739555
1012,0.9067747518420219,1012,0.860847607254982,0.8750965520739555
1013,0.9067747518420219,1013,0.860847607254982,0.8750965520739555
1014,0.9067747518420219,1014,0.860847607254982,0.8750965520739555
1015,0.9067747518420219,1015,0.860847607254982,0.8750965520739555
1016,0.9067747518420219,1016,0.860847607254982,0.8750965520739555
1017,0.9067747518420219,1017,0.860847607254982,0.8750965520739555
1018,0.9067747518420219,1018,0.860847607254982,0.8750965520739555
1019,0.9067747518420219,1019,0.860847607254982,0.8750965520739555
1020,0.9067747518420219,1020,0.860847607254982,0.8750965520739555
1021,0.9067747518420219,1021,0.860847607254982,0.8750965520739555
1022,0.9067747518420219,1022,0.860847607254982,0.8750965520739555
1023,0.9067747518420219,1023,0.860847607254982,0.8750965520739555
1024,0.9067747518420219,1024,0.860847607254982,0.8750965520739555
1025,0.9067747518420219,1025,0.860847607254982,0.8750965520739555
1026,0.9067714437842369,1026,0.860847607254982,0.8750965520739555
1027,0.9067714437842369,1027,0.860847607254982,0.8750965520739555
1028,0.9067714437842369,1028,0.860847607254982,0.8750965520739555
1029,0.9067714437842369,1029,0.860847607254982,0.8750965520739555
1030,0.9067714437842369,1030,0.860847607254982,0.8750965520739555
1031,0.9067714437842369,1031,0.860847607254982,0.8750965520739555
1032,0.9067714437842369,1032,0.860847607254982,0.8750965520739555
1033,0.9067714437842369,1033,0.860847607254982,0.8750965520739555
1034,0.9067714437842369,1034,0.860847607254982,0.8750965520739555
1035,0.9067714437842369,1035,0.860847607254982,0.8750965520739555
1036,0.9067714437842369,1036,0.860847607254982,0.8750965520739555
1037,0.9067714437842369,1037,0.860847607254982,0.8750965520739555
1038,0.9067714437842369,1038,0.860847607254982,0.8750965520739555
1039,0.9067714437842369,1039,0.860847607254982,0.8750965520739555
1040,0.9067714437842369,1040,0.860847607254982,0.8750965520739555
1041,0.9067714437842369,1041,0.860847607254982,0.8750965520739555
1042,0.9067714437842369,1042,0.860847607254982,0.8750965520739555
1043,0.9067714437842369,1043,0.860847607254982,0.8750965520739555
1044,0.9067714437842369,1044,0.860847607254982,0.8750965520739555
1045,0.9067714437842369,1045,0.860847607254982,0.8750965520739555
1046,0.9067714437842369,1046,0.860847607254982,0.8750965520739555
1047,0.9067714437842369,1047,0.860847607254982,0.8750965520739555
1048,0.9067714437842369,1048,0.860847607254982,0.8750965520739555
1049,0.9067714437842369,1049,0.860847607254982,0.8750965520739555
1050,0.9067714437842369,1050,0.860847607254982,0.8750965520739555
1051,0.9067714437842369,1051,0.860847607254982,0.8750965520739555
1052,0.9067714437842369,1052,0.860847607254982,0.8750965520739555
1053,0.9067714437842369,1053,0.860847607254982,0.8750965520739555
1054,0.9067714437842369,1054,0.860847607254982,0.8750965520739555
1055,0.9067714437842369,1055,0.860847607254982,0.8750965520739555
1056,0.9067714437842369,1056,0.860847607254982,0.8750965520739555
1057,0.9067714437842369,1057,0.860847607254982,0.8750965520739555
1058,0.9067714437842369,1058,0.860847607254982,0.8750965520739555
1059,0.9067714437842369,1059,0.860847607254982,0.8750965520739555
1060,0.9067714437842369,1060,0.860847607254982,0.8750965520739555
1061,0.9067714437842369,1061,0.860847607254982,0.8750965520739555
1062,0.9067714437842369,1062,0.860847607254982,0.8750965520739555
1063,0.9067714437842369,1063,0.860847607254982,0.8750965520739555
1064,0.9067714437842369,1064,0.860847607254982,0.8750965520739555
1065,0.9067714437842369,1065,0.860847607254982,0.8750965520739555
1066,0.9067714437842369,1066,0.860847607254982,0.8750965520739555
1067,0.9067714437842369,1067,0.860847607254982,0.8750965520739555
1068,0.9067714437842369,1068,0.860847607254982,0.8750965520739555
1069,0.9067714437842369,1069,0.860847607254982,0.8750965520739555
1070,0.9067714437842369,1070,0.860847607254982,0.8750965520739555
1071,0.9067714437842369,1071,0.860847607254982,0.8750965520739555
1072,0.9067714437842369,1072,0.860847607254982,0.8750965520739555
1073,0.9067714437842369,1073,0.860847607254982,0.8750965520739555
1074,0.9067714437842369,1074,0.860847607254982,0.8750965520739555
1075,0.9067714437842369,1075,0.860847607254982,0.8750965520739555
1076,0.9067714437842369,1076,0.860847607254982,0.8750965520739555
1077,0.9067714437842369,1077,0.860847607254982,0.8750965520739555
1078,0.9067714437842369,1078,0.860847607254982,0.8750965520739555
1079,0.9067714437842369,1079,0.860847607254982,0.8750965520739555
1080,0.9067714437842369,1080,0.860847607254982,0.8750965520739555
1081,0.9067714437842369,1081,0.860847607254982,0.8750965520739555
1082,0.9067714437842369,1082,0.860847607254982,0.8750965520739555
1083,0.9067714437842369,1083,0.860847607254982,0.8750965520739555
1084,0.9067714437842369,1084,0.860847607254982,0.8750965520739555
1085,0.9067714437842369,1085,0.860847607254982,0.8750965520739555
1086,0.9067714437842369,1086,0.860847607254982,0.8750965520739555
1087,0.9067714437842369,1087,0.860847607254982,0.8750965520739555
1088,0.9067714437842369,1088,0.860847607254982,0.8750965520739555
1089,0.9067714437842369,1089,0.860847607254982,0.8750965520739555
1090,0.9067714437842369,1090,0.860847607254982,0.8750965520739555
1091,0.9067714437842369,1091,0.860847607254982,0.8750965520739555
1092,0.9067714437842369,1092,0.860847607254982,0.8750965520739555
1093,0.9067714437842369,1093,0.860847607254982,0.8750965520739555
1094,0.9067714437842369,1094,0.860847607254982,0.8750965520739555
1095,0.9067714437842369,1095,0.860847607254982,0.8750965520739555
1096,0.9067714437842369,1096,0.860847607254982,0.8750965520739555
1097,0.9067714437842369,1097,0.860847607254982,0.8750965520739555
1098,0.9067714437842369,1098,0.860847607254982,0.8750965520739555
1099,0.9067714437842369,1099,0.860847607254982,0.8750965520739555
1100,0.9067714437842369,1100,0.860847607254982,0.8750965520739555
1101,0.9067714437842369,1101,0.860847607254982,0.8750965520739555
1102,0.9067714437842369,1102,0.860847607254982,0.8750965520739555
1103,0.9067714437842369,1103,0.860847607254982,0.8750965520739555
1104,0.9067714437842369,1104,0.860847607254982,0.8750965520739555
1105,0.9067714437842369,1105,0.860847607254982,0.8750965520739555
1106,0.9067714437842369,1106,0.860847607254982,0.8750965520739555
1107,0.9067714437842369,1107,0.860847607254982,0.8750965520739555
1108,0.9067714437842369,1108,0.860847607254982,0.8750965520739555
1109,0.9067714437842369,1109,0.860847607254982,0.8750965520739555
1110,0.9067714437842369,1110,0.860847607254982,0.8750965520739555
1111,0.9067714437842369,1111,0.860847607254982,0.8750965520739555
1112,0.9067714437842369,1112,0.860847607254982,0.8750965520739555
1113,0.9067714437842369,1113,0.860847607254982,0.8750965520739555
1114,0.9067714437842369,1114,0.860847607254982,0.8750965520739555
1115,0.9067714437842369,1115,0.860847607254982,0.8750965520739555
1116,0.9067714437842369,1116,0.860847607254982,0.8750965520739555
1117,0.9067714437842369,1117,0.860847607254982,0.8750965520739555
1118,0.9067714437842369,1118,0.860847607254982,0.8750965520739555
1119,0.9067714437842369,1119,0.860847607254982,0.8750965520739555
1120,0.9067714437842369,1120,0.860847607254982,0.8750965520739555
1121,0.9067714437842369,1121,0.860847607254982,0.8750965520739555
1122,0.9067714437842369,1122,0.860847607254982,0.8750965520739555
1123,0.9067714437842369,1123,0.860847607254982,0.8750965520739555
1124,0.9067714437842369,1124,0.860847607254982,0.8750965520739555
1125,0.9067714437842369,1125,0.860847607254982,0.8750965520739555
1126,0.9067714437842369,1126,0.860847607254982,0.8750965520739555
1127,0.9067714437842369,1127,0.860847607254982,0.8750965520739555
1128,0.9067714437842369,1128,0.860847607254982,0.8750965520739555
1129,0.9067714437842369,1129,0.860847607254982,0.8750965520739555
1130,0.9067714437842369,1130,0.8608595430850983,0.8750965520739555
1131,0.9067714437842369,1131,0.8608595430850983,0.8750965520739555
1132,0.9067714437842369,1132,0.8608595430850983,0.8750965520739555
1133,0.9067747518420219,1133,0.8608595430850983,0.8750965520739555
1134,0.9067747518420219,1134,0.8608595430850983,0.8750965520739555
1135,0.9067747518420219,1135,0.8608595430850983,0.8750965520739555
1136,0.9067747518420219,1136,0.8608595430850983,0.8750965520739555
1137,0.9067747518420219,1137,0.8608595430850983,0.8750965520739555
1138,0.9067747518420219,1138,0.8608595430850983,0.8750965520739555
1139,0.9067747518420219,1139,0.8608595430850983,0.8750965520739555
1140,0.9067747518420219,1140,0.8608595430850983,0.8750965520739555
1141,0.9067747518420219,1141,0.8608595430850983,0.8750965520739555
1142,0.9067747518420219,1142,0.8608595430850983,0.8750965520739555
1143,0.9067747518420219,1143,0.8608595430850983,0.8750965520739555
1144,0.9067747518420219,1144,0.8608595430850983,0.8750965520739555
1145,0.9067747518420219,1145,0.8608595430850983,0.8750965520739555
1146,0.9067747518420219,1146,0.8608595430850983,0.8750965520739555
1147,0.9067747518420219,1147,0.8608595430850983,0.8750965520739555
1148,0.9067747518420219,1148,0.8608595430850983,0.8750965520739555
1149,0.9067747518420219,1149,0.8608595430850983,0.8750965520739555
1150,0.9067747518420219,1150,0.8608595430850983,0.8750965520739555
1151,0.9067747518420219,1151,0.8608595430850983,0.8750965520739555
1152,0.9067747518420219,1152,0.8608595430850983,0.8750965520739555
1153,0.9067747518420219,1153,0.8608595430850983,0.8750965520739555
1154,0.9067747518420219,1154,0.8608595430850983,0.8750965520739555
1155,0.9067747518420219,1155,0.8608595430850983,0.8750965520739555
1156,0.9067747518420219,1156,0.8608595430850983,0.8750965520739555
1157,0.9067747518420219,1157,0.8608595430850983,0.8750965520739555
1158,0.9067747518420219,1158,0.8608595430850983,0.8750965520739555
1159,0.9067747518420219,1159,0.8608595430850983,0.8750965520739555
1160,0.9067747518420219,1160,0.8608595430850983,0.8750965520739555
1161,0.9067747518420219,1161,0.8608595430850983,0.8750965520739555
1162,0.9067747518420219,1162,0.8608595430850983,0.8750965520739555
1163,0.9067747518420219,1163,0.8608595430850983,0.8750965520739555
1164,0.9067747518420219,1164,0.8608595430850983,0.8750965520739555
1165,0.9067747518420219,1165,0.8608595430850983,0.8750965520739555
1166,0.9067747518420219,1166,0.8608595430850983,0.8750965520739555
1167,0.9067747518420219,1167,0.8608595430850983,0.8750965520739555
1168,0.9067747518420219,1168,0.8608595430850983,0.8750965520739555
1169,0.9067747518420219,1169,0.8608595430850983,0.8750965520739555
1170,0.9067747518420219,1170,0.8608595430850983,0.8750965520739555
1171,0.9067747518420219,1171,0.8608595430850983,0.8750965520739555
1172,0.9067747518420219,1172,0.8608595430850983,0.8750965520739555
1173,0.9067747518420219,1173,0.8608595430850983,0.8750965520739555
1174,0.9067747518420219,1174,0.8608595430850983,0.8750965520739555
1175,0.9067747518420219,1175,0.8608595430850983,0.8750965520739555
1176,0.9067747518420219,1176,0.8608595430850983,0.8750965520739555
1177,0.9067747518420219,1177,0.8608595430850983,0.8750965520739555
1178,0.9067747518420219,1178,0.8608595430850983,0.8750965520739555
1179,0.9067747518420219,1179,0.8608595430850983,0.8750965520739555
1180,0.9067747518420219,1180,0.8608595430850983,0.8750965520739555
1181,0.9067714437842369,1181,0.8608595430850983,0.8750965520739555
1182,0.9067714437842369,1182,0.8608595430850983,0.8750965520739555
1183,0.9067714437842369,1183,0.8608595430850983,0.8750965520739555
1184,0.9067714437842369,1184,0.8608595430850983,0.8750965520739555
1185,0.9067714437842369,1185,0.8608595430850983,0.8750965520739555
1186,0.9067714437842369,1186,0.8608595430850983,0.8750965520739555
1187,0.9067714437842369,1187,0.8608595430850983,0.8750965520739555
1188,0.9067714437842369,1188,0.8608595430850983,0.8750965520739555
1189,0.9067714437842369,1189,0.8608595430850983,0.8750965520739555
1190,0.9067714437842369,1190,0.8608595430850983,0.8750965520739555
1191,0.9067714437842369,1191,0.8608595430850983,0.8750965520739555
1192,0.9067714437842369,1192,0.8608595430850983,0.8750965520739555
1193,0.9067714437842369,1193,0.8608595430850983,0.8750965520739555
1194,0.9067747518420219,1194,0.8608595430850983,0.8750965520739555
1195,0.9067747518420219,1195,0.8608595430850983,0.8750965520739555
1196,0.9067747518420219,1196,0.8608595430850983,0.8750965520739555
1197,0.9067747518420219,1197,0.8608595430850983,0.8750965520739555
1198,0.9067747518420219,1198,0.8608595430850983,0.8750965520739555
1199,0.9067747518420219,1199,0.8608595430850983,0.8750965520739555
1200,0.9067747518420219,1200,0.8608595430850983,0.8750965520739555
1201,0.9067747518420219,1201,0.8608595430850983,0.8750965520739555
1202,0.9067747518420219,1202,0.8608595430850983,0.8750965520739555
1203,0.9067747518420219,1203,0.8608595430850983,0.8750965520739555
1204,0.9067747518420219,1204,0.8608595430850983,0.8750965520739555
1205,0.9067714437842369,1205,0.8608595430850983,0.8750965520739555
1206,0.9067714437842369,1206,0.8608595430850983,0.8750965520739555
1207,0.9067714437842369,1207,0.8608595430850983,0.8750965520739555
1208,0.9067714437842369,1208,0.8608595430850983,0.8750965520739555
1209,0.9067714437842369,1209,0.8608595430850983,0.8750965520739555
1210,0.9067714437842369,1210,0.8608595430850983,0.8750965520739555
1211,0.9067714437842369,1211,0.8608595430850983,0.8750965520739555
1212,0.9067714437842369,1212,0.8608595430850983,0.8750965520739555
1213,0.9067714437842369,1213,0.8608595430850983,0.8750965520739555
1214,0.9067714437842369,1214,0.8608595430850983,0.8750965520739555
1215,0.9067714437842369,1215,0.8608595430850983,0.8750965520739555
1216,0.9067714437842369,1216,0.8608595430850983,0.8750965520739555
1217,0.9067714437842369,1217,0.8608595430850983,0.8750965520739555
1218,0.9067747518420219,1218,0.8608595430850983,0.8750965520739555
1219,0.9067747518420219,1219,0.8608595430850983,0.8750965520739555
1220,0.9067747518420219,1220,0.8608595430850983,0.8750965520739555
1221,0.9067747518420219,1221,0.8608595430850983,0.8750965520739555
1222,0.9067747518420219,1222,0.8608595430850983,0.8750965520739555
1223,0.9067747518420219,1223,0.8608595430850983,0.8750965520739555
1224,0.9067747518420219,1224,0.8608595430850983,0.8750965520739555
1225,0.9067747518420219,1225,0.8608595430850983,0.8750965520739555
1226,0.9067747518420219,1226,0.8608595430850983,0.8750965520739555
1227,0.9067747518420219,1227,0.8608595430850983,0.8750965520739555
1228,0.9067747518420219,1228,0.8608595430850983,0.8750965520739555
1229,0.9067747518420219,1229,0.8608595430850983,0.8750965520739555
1230,0.9067747518420219,1230,0.8608595430850983,0.8750965520739555
1231,0.9067747518420219,1231,0.8608595430850983,0.8750965520739555
1232,0.9067747518420219,1232,0.8608595430850983,0.8750965520739555
1233,0.9067747518420219,1233,0.8608595430850983,0.8750965520739555
1234,0.9067747518420219,1234,0.8608595430850983,0.8750965520739555
1235,0.9067747518420219,1235,0.8608595430850983,0.8750965520739555
1236,0.9067747518420219,1236,0.8608595430850983,0.8750965520739555
1237,0.9067747518420219,1237,0.8608595430850983,0.8750965520739555
1238,0.9067747518420219,1238,0.8608595430850983,0.8750965520739555
1239,0.9067747518420219,1239,0.8608595430850983,0.8750965520739555
1240,0.9067747518420219,1240,0.8608595430850983,0.8750965520739555
1241,0.9067747518420219,1241,0.8608595430850983,0.8750965520739555
1242,0.9067747518420219,1242,0.8608595430850983,0.8750965520739555
1243,0.9067747518420219,1243,0.8608595430850983,0.8750965520739555
1244,0.9067747518420219,1244,0.8608595430850983,0.8750965520739555
1245,0.9067747518420219,1245,0.8608595430850983,0.8750965520739555
1246,0.9067747518420219,1246,0.8608595430850983,0.8750965520739555
1247,0.9067747518420219,1247,0.8608595430850983,0.8750965520739555
1248,0.9067747518420219,1248,0.8608595430850983,0.8750965520739555
1249,0.9067747518420219,1249,0.8608595430850983,0.8750965520739555
1250,0.9069661796092987,1250,0.8576460927724838,0.8746398985385895
1251,0.9069661796092987,1251,0.8576275110244751,0.8746398985385895
1252,0.9069661796092987,1252,0.8576275110244751,0.8746398985385895
1253,0.9069661796092987,1253,0.8576275110244751,0.8746398985385895
1254,0.9069661796092987,1254,0.8576275110244751,0.8746398985385895
1255,0.9069661796092987,1255,0.8576275110244751,0.8746398985385895
1256,0.9069661796092987,1256,0.8576275110244751,0.8746398985385895
1257,0.9069661796092987,1257,0.8576275110244751,0.8746398985385895
1258,0.9069661796092987,1258,0.8576275110244751,0.8746398985385895
1259,0.9069661796092987,1259,0.8576275110244751,0.8746398985385895
1260,0.9069661796092987,1260,0.8576275110244751,0.8746398985385895
1261,0.9069661796092987,1261,0.8576275110244751,0.8746398985385895
1262,0.9069661796092987,1262,0.8576275110244751,0.8746398985385895
1263,0.9069661796092987,1263,0.8576275110244751,0.8746398985385895
1264,0.9069661796092987,1264,0.8576275110244751,0.8746398985385895
1265,0.9069661796092987,1265,0.8576275110244751,0.8746398985385895
1266,0.9069661796092987,1266,0.8576275110244751,0.8746398985385895
1267,0.9069661796092987,1267,0.8576275110244751,0.8746398985385895
1268,0.9069661796092987,1268,0.8576275110244751,0.8746398985385895
1269,0.9069661796092987,1269,0.8576275110244751,0.8746398985385895
1270,0.9069661796092987,1270,0.8576275110244751,0.8746398985385895
1271,0.9069661796092987,1271,0.8576275110244751,0.8746398985385895
1272,0.9069661796092987,1272,0.8576275110244751,0.8746398985385895
1273,0.9069661796092987,1273,0.8576275110244751,0.8746398985385895
1274,0.9069661796092987,1274,0.8576275110244751,0.8746398985385895
1275,0.9069661796092987,1275,0.8576275110244751,0.8746398985385895
1276,0.9069661796092987,1276,0.8576275110244751,0.8746398985385895
1277,0.9069661796092987,1277,0.8576275110244751,0.8746398985385895
1278,0.9069661796092987,1278,0.8576275110244751,0.8746398985385895
1279,0.9069661796092987,1279,0.8576275110244751,0.8746398985385895
1280,0.9069661796092987,1280,0.8576275110244751,0.8746398985385895
1281,0.9069661796092987,1281,0.8576275110244751,0.8746398985385895
1282,0.9069661796092987,1282,0.8576275110244751,0.8746398985385895
1283,0.9069661796092987,1283,0.8576275110244751,0.8746398985385895
1284,0.9069661796092987,1284,0.8576275110244751,0.8746398985385895
1285,0.9069661796092987,1285,0.8576275110244751,0.8746398985385895
1286,0.9069661796092987,1286,0.8576275110244751,0.8746398985385895
1287,0.9069661796092987,1287,0.8576275110244751,0.8746398985385895
1288,0.9069661796092987,1288,0.8576275110244751,0.8746398985385895
1289,0.9069661796092987,1289,0.8576275110244751,0.8746398985385895
1290,0.9069661796092987,1290,0.8576275110244751,0.8746398985385895
1291,0.9069661796092987,1291,0.8576275110244751,0.8746398985385895
1292,0.9069661796092987,1292,0.8576275110244751,0.8746398985385895
1293,0.9069661796092987,1293,0.8576275110244751,0.8746398985385895
1294,0.9069661796092987,1294,0.8576275110244751,0.8746398985385895
1295,0.9069661796092987,1295,0.8576275110244751,0.8746398985385895
1296,0.9069661796092987,1296,0.8576275110244751,0.8746398985385895
1297,0.9069661796092987,1297,0.8576275110244751,0.8746398985385895
1298,0.9069661796092987,1298,0.8576275110244751,0.8746398985385895
1299,0.9069661796092987,1299,0.8576275110244751,0.8746398985385895
1300,0.9069661796092987,1300,0.8576275110244751,0.8746398985385895
1301,0.9069661796092987,1301,0.8576275110244751,0.8746398985385895
1302,0.9069661796092987,1302,0.8576275110244751,0.8746398985385895
1303,0.9069661796092987,1303,0.8576275110244751,0.8746398985385895
1304,0.9069661796092987,1304,0.8576275110244751,0.8746398985385895
1305,0.9069661796092987,1305,0.8576275110244751,0.8746398985385895
1306,0.9069661796092987,1306,0.8576275110244751,0.8746398985385895
1307,0.9069661796092987,1307,0.8576275110244751,0.8746398985385895
1308,0.9069661796092987,1308,0.8576275110244751,0.8746398985385895
1309,0.9069661796092987,1309,0.8576275110244751,0.8746398985385895
1310,0.9069661796092987,1310,0.8576275110244751,0.8746398985385895
1311,0.9069661796092987,1311,0.8576275110244751,0.8746398985385895
1312,0.9069661796092987,1312,0.8576275110244751,0.8746398985385895
1313,0.9069661796092987,1313,0.8576275110244751,0.8746398985385895
1314,0.9069661796092987,1314,0.8576275110244751,0.8746398985385895
1315,0.9069661796092987,1315,0.8576275110244751,0.8746398985385895
1316,0.9069661796092987,1316,0.8576275110244751,0.8746398985385895
1317,0.9069661796092987,1317,0.8576275110244751,0.8746398985385895
1318,0.9069661796092987,1318,0.8576275110244751,0.8746398985385895
1319,0.9069661796092987,1319,0.8576275110244751,0.8746398985385895
1320,0.9069661796092987,1320,0.8576275110244751,0.8746398985385895
1321,0.9069661796092987,1321,0.8576275110244751,0.8746398985385895
1322,0.9069661796092987,1322,0.8576275110244751,0.8746398985385895
1323,0.9069661796092987,1323,0.8576275110244751,0.8746398985385895
1324,0.9069661796092987,1324,0.8576275110244751,0.8746398985385895
1325,0.9069661796092987,1325,0.8576275110244751,0.8746398985385895
1326,0.9069661796092987,1326,0.8576275110244751,0.8746398985385895
1327,0.9069661796092987,1327,0.8576275110244751,0.8746398985385895
1328,0.9069661796092987,1328,0.8576275110244751,0.8746398985385895
1329,0.9069661796092987,1329,0.8576275110244751,0.8746398985385895
1330,0.9069661796092987,1330,0.8576275110244751,0.8746398985385895
1331,0.9069661796092987,1331,0.8576275110244751,0.8746398985385895
1332,0.9069661796092987,1332,0.8576275110244751,0.8746398985385895
1333,0.9069661796092987,1333,0.8576275110244751,0.8746398985385895
1334,0.9069661796092987,1334,0.8576275110244751,0.8746398985385895
1335,0.9069661796092987,1335,0.8576275110244751,0.8746398985385895
1336,0.9069661796092987,1336,0.8576275110244751,0.8746398985385895
1337,0.9069661796092987,1337,0.8576275110244751,0.8746398985385895
1338,0.9069661796092987,1338,0.8576275110244751,0.8746398985385895
1339,0.9069661796092987,1339,0.8576275110244751,0.8746398985385895
1340,0.9069661796092987,1340,0.8576275110244751,0.8746398985385895
1341,0.9069661796092987,1341,0.8576275110244751,0.8746398985385895
1342,0.9069661796092987,1342,0.8576275110244751,0.8746398985385895
1343,0.9069661796092987,1343,0.8576275110244751,0.8746398985385895
1344,0.9069661796092987,1344,0.8576275110244751,0.8746398985385895
1345,0.9069661796092987,1345,0.8576275110244751,0.8746398985385895
1346,0.9069661796092987,1346,0.8576275110244751,0.8746398985385895
1347,0.9069661796092987,1347,0.8576275110244751,0.8746398985385895
1348,0.9069661796092987,1348,0.8576275110244751,0.8746398985385895
1349,0.9069661796092987,1349,0.8576275110244751,0.8746398985385895
1350,0.9069661796092987,1350,0.8576275110244751,0.8746398985385895
1351,0.9069661796092987,1351,0.8576275110244751,0.8746398985385895
1352,0.9069661796092987,1352,0.8576275110244751,0.8746398985385895
1353,0.9069661796092987,1353,0.8576275110244751,0.8746398985385895
1354,0.9069661796092987,1354,0.8576275110244751,0.8746398985385895
1355,0.9069661796092987,1355,0.8576275110244751,0.8746398985385895
1356,0.9069661796092987,1356,0.8576275110244751,0.8746398985385895
1357,0.9069661796092987,1357,0.8576275110244751,0.8746398985385895
1358,0.9069661796092987,1358,0.8576275110244751,0.8746398985385895
1359,0.9069661796092987,1359,0.8576275110244751,0.8746398985385895
1360,0.9069661796092987,1360,0.8576275110244751,0.8746398985385895
1361,0.9069661796092987,1361,0.8576275110244751,0.8746398985385895
1362,0.9069661796092987,1362,0.8576275110244751,0.8746398985385895
1363,0.9069661796092987,1363,0.8576275110244751,0.8746398985385895
1364,0.9069661796092987,1364,0.8576275110244751,0.8746398985385895
1365,0.9069661796092987,1365,0.8576275110244751,0.8746398985385895
1366,0.9069661796092987,1366,0.8576275110244751,0.8746398985385895
1367,0.9069661796092987,1367,0.8576275110244751,0.8746398985385895
1368,0.9069661796092987,1368,0.8576275110244751,0.8746398985385895
1369,0.9069661796092987,1369,0.8576275110244751,0.8746398985385895
1370,0.9069661796092987,1370,0.8576275110244751,0.8746398985385895
1371,0.9069661796092987,1371,0.8576275110244751,0.8746398985385895
1372,0.9069661796092987,1372,0.8576275110244751,0.8746398985385895
1373,0.9069661796092987,1373,0.8576275110244751,0.8746398985385895
1374,0.9069661796092987,1374,0.8576275110244751,0.8746398985385895
1375,0.9069661796092987,1375,0.8576275110244751,0.8746398985385895
1376,0.9069661796092987,1376,0.8576275110244751,0.8746398985385895
1377,0.9069661796092987,1377,0.8576275110244751,0.8746398985385895
1378,0.9069661796092987,1378,0.8576275110244751,0.8746398985385895
1379,0.9069661796092987,1379,0.8576275110244751,0.8746398985385895
1380,0.9069661796092987,1380,0.8576275110244751,0.8746398985385895
1381,0.9069661796092987,1381,0.8576275110244751,0.8746398985385895
1382,0.9069661796092987,1382,0.8576275110244751,0.8746398985385895
1383,0.9069661796092987,1383,0.8576275110244751,0.8746398985385895
1384,0.9069661796092987,1384,0.8576275110244751,0.8746398985385895
1385,0.9069661796092987,1385,0.8576275110244751,0.8746398985385895
1386,0.9069661796092987,1386,0.8576275110244751,0.8746398985385895
1387,0.9069661796092987,1387,0.8576275110244751,0.8746398985385895
1388,0.9069661796092987,1388,0.8576275110244751,0.8746398985385895
1389,0.9069661796092987,1389,0.8576275110244751,0.8746398985385895
1390,0.9069661796092987,1390,0.8576275110244751,0.8746398985385895
1391,0.9069661796092987,1391,0.8576275110244751,0.8746398985385895
1392,0.9069661796092987,1392,0.8576275110244751,0.8746398985385895
1393,0.9069661796092987,1393,0.8576275110244751,0.8746398985385895
1394,0.9069661796092987,1394,0.8576275110244751,0.8746398985385895
1395,0.9069661796092987,1395,0.8576275110244751,0.8746398985385895
1396,0.9069661796092987,1396,0.8576275110244751,0.8746398985385895
1397,0.9069661796092987,1397,0.8576275110244751,0.8746398985385895
1398,0.9069661796092987,1398,0.8576275110244751,0.8746398985385895
1399,0.9069661796092987,1399,0.8576275110244751,0.8746398985385895
1400,0.9069661796092987,1400,0.8576275110244751,0.8746398985385895
1401,0.9069661796092987,1401,0.8576275110244751,0.8746398985385895
1402,0.9069661796092987,1402,0.8576275110244751,0.8746398985385895
1403,0.9069661796092987,1403,0.8576275110244751,0.8746398985385895
1404,0.9069661796092987,1404,0.8576275110244751,0.8746398985385895
1405,0.9069661796092987,1405,0.8576275110244751,0.8746398985385895
1406,0.9069661796092987,1406,0.8576275110244751,0.8746398985385895
1407,0.9069661796092987,1407,0.8576275110244751,0.8746398985385895
1408,0.9069661796092987,1408,0.8576275110244751,0.8746398985385895
1409,0.9069661796092987,1409,0.8576275110244751,0.8746398985385895
1410,0.9069661796092987,1410,0.8576275110244751,0.8746398985385895
1411,0.9069661796092987,1411,0.8576275110244751,0.8746398985385895
1412,0.9069661796092987,1412,0.8576275110244751,0.8746398985385895
1413,0.9069661796092987,1413,0.8576275110244751,0.8746398985385895
1414,0.9069661796092987,1414,0.8576275110244751,0.8746398985385895
1415,0.9069661796092987,1415,0.8576275110244751,0.8746398985385895
1416,0.9069661796092987,1416,0.8576275110244751,0.8746398985385895
1417,0.9069661796092987,1417,0.8576275110244751,0.8746398985385895
1418,0.9069661796092987,1418,0.8576275110244751,0.8746398985385895
1419,0.9069661796092987,1419,0.8576275110244751,0.8746398985385895
1420,0.9069661796092987,1420,0.8576275110244751,0.8746398985385895
1421,0.9069661796092987,1421,0.8576275110244751,0.8746398985385895
1422,0.9069661796092987,1422,0.8576275110244751,0.8746398985385895
1423,0.9069661796092987,1423,0.8576275110244751,0.8746398985385895
1424,0.9069661796092987,1424,0.8576275110244751,0.8746398985385895
1425,0.9069661796092987,1425,0.8576275110244751,0.8746398985385895
1426,0.9069661796092987,1426,0.8576275110244751,0.8746398985385895
1427,0.9069661796092987,1427,0.8576275110244751,0.8746398985385895
1428,0.9069661796092987,1428,0.8576275110244751,0.8746398985385895
1429,0.9069661796092987,1429,0.8576275110244751,0.8746398985385895
1430,0.9069661796092987,1430,0.8576275110244751,0.8746398985385895
1431,0.9069661796092987,1431,0.8576275110244751,0.8746398985385895
1432,0.9069661796092987,1432,0.8576275110244751,0.8746398985385895
1433,0.9069661796092987,1433,0.8576275110244751,0.8746398985385895
1434,0.9069661796092987,1434,0.8576275110244751,0.8746398985385895
1435,0.9069661796092987,1435,0.8576275110244751,0.8746398985385895
1436,0.9069661796092987,1436,0.8576275110244751,0.8746398985385895
1437,0.9069661796092987,1437,0.8576275110244751,0.8746398985385895
1438,0.9069661796092987,1438,0.8576275110244751,0.8746398985385895
1439,0.9069661796092987,1439,0.8576275110244751,0.8746398985385895
1440,0.9069661796092987,1440,0.8576275110244751,0.8746398985385895
1441,0.9069661796092987,1441,0.8576275110244751,0.8746398985385895
1442,0.9069661796092987,1442,0.8576275110244751,0.8746398985385895
1443,0.9069661796092987,1443,0.8576275110244751,0.8746398985385895
1444,0.9069661796092987,1444,0.8576275110244751,0.8746398985385895
1445,0.9069661796092987,1445,0.8576275110244751,0.8746398985385895
1446,0.9069661796092987,1446,0.8576275110244751,0.8746398985385895
1447,0.9069661796092987,1447,0.8576275110244751,0.8746398985385895
1448,0.9069661796092987,1448,0.8576275110244751,0.8746398985385895
1449,0.9069661796092987,1449,0.8576275110244751,0.8746398985385895
1450,0.9069661796092987,1450,0.8576275110244751,0.8746398985385895
1451,0.9069661796092987,1451,0.8576275110244751,0.8746398985385895
1452,0.9069661796092987,1452,0.8576275110244751,0.8746398985385895
1453,0.9069661796092987,1453,0.8576275110244751,0.8746398985385895
1454,0.9069661796092987,1454,0.8576275110244751,0.8746398985385895
1455,0.9069661796092987,1455,0.8576275110244751,0.8746398985385895
1456,0.9069661796092987,1456,0.8576275110244751,0.8746398985385895
1457,0.9069661796092987,1457,0.8576275110244751,0.8746398985385895
1458,0.9069661796092987,1458,0.8576275110244751,0.8746398985385895
1459,0.9069661796092987,1459,0.8576275110244751,0.8746398985385895
1460,0.9069661796092987,1460,0.8576275110244751,0.8746398985385895
1461,0.9069661796092987,1461,0.8576275110244751,0.8746398985385895
1462,0.9069661796092987,1462,0.8576275110244751,0.8746398985385895
1463,0.9069661796092987,1463,0.8576275110244751,0.8746398985385895
1464,0.9069661796092987,1464,0.8576275110244751,0.8746398985385895
1465,0.9069661796092987,1465,0.8576275110244751,0.8746398985385895
1466,0.9069661796092987,1466,0.8576275110244751,0.8746398985385895
1467,0.9069661796092987,1467,0.8576275110244751,0.8746398985385895
1468,0.9069661796092987,1468,0.8576275110244751,0.8746398985385895
1469,0.9069661796092987,1469,0.8576275110244751,0.8746398985385895
1470,0.9069661796092987,1470,0.8576275110244751,0.8746398985385895
1471,0.9069661796092987,1471,0.8576275110244751,0.8746398985385895
1472,0.9069661796092987,1472,0.8576275110244751,0.8746398985385895
1473,0.9069661796092987,1473,0.8576275110244751,0.8746398985385895
1474,0.9069661796092987,1474,0.8576275110244751,0.8746398985385895
1475,0.9069661796092987,1475,0.8576275110244751,0.8746398985385895
1476,0.9069661796092987,1476,0.8576275110244751,0.8746398985385895
1477,0.9069661796092987,1477,0.8576275110244751,0.8746398985385895
1478,0.9069661796092987,1478,0.8576275110244751,0.8746398985385895
1479,0.9069661796092987,1479,0.8576275110244751,0.8746398985385895
1480,0.9069661796092987,1480,0.8576275110244751,0.8746398985385895
1481,0.9069661796092987,1481,0.8576275110244751,0.8746398985385895
1482,0.9069661796092987,1482,0.8576275110244751,0.8746398985385895
1483,0.9069661796092987,1483,0.8576275110244751,0.8746398985385895
1484,0.9069661796092987,1484,0.8576275110244751,0.8746398985385895
1485,0.9069661796092987,1485,0.8576275110244751,0.8746398985385895
1486,0.9069661796092987,1486,0.8576275110244751,0.8746398985385895
1487,0.9069661796092987,1487,0.8576275110244751,0.8746398985385895
1488,0.9069661796092987,1488,0.8576275110244751,0.8746398985385895
1489,0.9069661796092987,1489,0.8576275110244751,0.8746398985385895
1490,0.9069661796092987,1490,0.8576275110244751,0.8746398985385895
1491,0.9069661796092987,1491,0.8576275110244751,0.8746398985385895
1492,0.9069661796092987,1492,0.8576275110244751,0.8746398985385895
1493,0.9069661796092987,1493,0.8576275110244751,0.8746398985385895
1494,0.9069661796092987,1494,0.8576275110244751,0.8746398985385895
1495,0.9069661796092987,1495,0.8576275110244751,0.8746398985385895
1496,0.9069661796092987,1496,0.8576275110244751,0.8746398985385895
1497,0.9069661796092987,1497,0.8576275110244751,0.8746398985385895
1498,0.9069661796092987,1498,0.8576275110244751,0.8746398985385895
1499,0.9069661796092987,1499,0.8576275110244751,0.8746398985385895
1500,0.9069680795073509,1500,0.8570057302713394,0.8742412030696869
1501,0.9069680795073509,1501,0.8570057302713394,0.8742412030696869
1502,0.9069680795073509,1502,0.8570057302713394,0.8742412030696869
1503,0.9069680795073509,1503,0.8570057302713394,0.8742412030696869
1504,0.9069680795073509,1504,0.8570057302713394,0.8742412030696869
1505,0.9069680795073509,1505,0.8570057302713394,0.8742412030696869
1506,0.9069680795073509,1506,0.8570057302713394,0.8742412030696869
1507,0.9069680795073509,1507,0.8570057302713394,0.8742412030696869
1508,0.9069680795073509,1508,0.8570057302713394,0.8742412030696869
1509,0.9069680795073509,1509,0.8570057302713394,0.8742412030696869
1510,0.9069680795073509,1510,0.8570057302713394,0.8742412030696869
1511,0.9069680795073509,1511,0.8570057302713394,0.8742412030696869
1512,0.9069680795073509,1512,0.8570057302713394,0.8742412030696869
1513,0.9069680795073509,1513,0.8570057302713394,0.8742412030696869
1514,0.9069680795073509,1514,0.8570057302713394,0.8742412030696869
1515,0.9069680795073509,1515,0.8570057302713394,0.8742412030696869
1516,0.9069680795073509,1516,0.8570057302713394,0.8742412030696869
1517,0.9069680795073509,1517,0.8570057302713394,0.8742412030696869
1518,0.9069680795073509,1518,0.8570057302713394,0.8742412030696869
1519,0.9069680795073509,1519,0.8570057302713394,0.8742412030696869
1520,0.9069680795073509,1520,0.8570057302713394,0.8742412030696869
1521,0.9069680795073509,1521,0.8570057302713394,0.8742412030696869
1522,0.9069680795073509,1522,0.8570057302713394,0.8742412030696869
1523,0.9069680795073509,1523,0.8570057302713394,0.8742412030696869
1524,0.9069680795073509,1524,0.8570057302713394,0.8742412030696869
1525,0.9069680795073509,1525,0.8570057302713394,0.8742412030696869
1526,0.9069680795073509,1526,0.8570057302713394,0.8742412030696869
1527,0.9069680795073509,1527,0.8570057302713394,0.8742412030696869
1528,0.9069680795073509,1528,0.8570057302713394,0.8742412030696869
1529,0.9069680795073509,1529,0.8570057302713394,0.8742412030696869
1530,0.9069680795073509,1530,0.8570057302713394,0.8742412030696869
1531,0.9069680795073509,1531,0.8570057302713394,0.8742412030696869
1532,0.9069680795073509,1532,0.8570057302713394,0.8742412030696869
1533,0.9069680795073509,1533,0.8570057302713394,0.8742412030696869
1534,0.9069680795073509,1534,0.8570057302713394,0.8742412030696869
1535,0.9069680795073509,1535,0.8570057302713394,0.8742412030696869
1536,0.9069680795073509,1536,0.8570057302713394,0.8742412030696869
1537,0.9069680795073509,1537,0.8570057302713394,0.8742412030696869
1538,0.9069680795073509,1538,0.8570057302713394,0.8742412030696869
1539,0.9069680795073509,1539,0.8570057302713394,0.8742412030696869
1540,0.9069680795073509,1540,0.8570057302713394,0.8742412030696869
1541,0.9069680795073509,1541,0.8570057302713394,0.8742412030696869
1542,0.9069680795073509,1542,0.8570057302713394,0.8742412030696869
1543,0.9069680795073509,1543,0.8570057302713394,0.8742412030696869
1544,0.9069680795073509,1544,0.8570057302713394,0.8742412030696869
1545,0.9069680795073509,1545,0.8570057302713394,0.8742412030696869
1546,0.9069680795073509,1546,0.8570057302713394,0.8742412030696869
1547,0.9069680795073509,1547,0.8570057302713394,0.8742412030696869
1548,0.9069680795073509,1548,0.8570057302713394,0.8742412030696869
1549,0.9069680795073509,1549,0.8570057302713394,0.8742412030696869
1550,0.9069680795073509,1550,0.8570057302713394,0.8742412030696869
1551,0.9069680795073509,1551,0.8570057302713394,0.8742412030696869
1552,0.9069680795073509,1552,0.8570057302713394,0.8742412030696869
1553,0.9069680795073509,1553,0.8570057302713394,0.8742412030696869
1554,0.9069680795073509,1554,0.8570057302713394,0.8742412030696869
1555,0.9069680795073509,1555,0.8570057302713394,0.8742412030696869
1556,0.9069680795073509,1556,0.8570057302713394,0.8742412030696869
1557,0.9069680795073509,1557,0.8570057302713394,0.8742412030696869
1558,0.9069680795073509,1558,0.8570057302713394,0.8742412030696869
1559,0.9069680795073509,1559,0.8570057302713394,0.8742412030696869
1560,0.9069680795073509,1560,0.8570057302713394,0.8742412030696869
1561,0.9069680795073509,1561,0.8570057302713394,0.8742412030696869
1562,0.9069680795073509,1562,0.8570057302713394,0.8742412030696869
1563,0.9069680795073509,1563,0.8570057302713394,0.8742412030696869
1564,0.9069680795073509,1564,0.8570057302713394,0.8742412030696869
1565,0.9069680795073509,1565,0.8570057302713394,0.8742412030696869
1566,0.9069680795073509,1566,0.8570057302713394,0.8742412030696869
1567,0.9069680795073509,1567,0.8570057302713394,0.8742412030696869
1568,0.9069680795073509,1568,0.8570057302713394,0.8742412030696869
1569,0.9069680795073509,1569,0.8570057302713394,0.8742412030696869
1570,0.9069680795073509,1570,0.8570057302713394,0.8742412030696869
1571,0.9069680795073509,1571,0.8570057302713394,0.8742412030696869
1572,0.9069680795073509,1572,0.8570057302713394,0.8742412030696869
1573,0.9069680795073509,1573,0.8570057302713394,0.8742412030696869
1574,0.9069680795073509,1574,0.8570057302713394,0.8742412030696869
1575,0.9069680795073509,1575,0.8570057302713394,0.8742412030696869
1576,0.9069680795073509,1576,0.8570057302713394,0.8742412030696869
1577,0.9069680795073509,1577,0.8570057302713394,0.8742412030696869
1578,0.9069680795073509,1578,0.8570057302713394,0.8742412030696869
1579,0.9069680795073509,1579,0.8570057302713394,0.8742412030696869
1580,0.9069680795073509,1580,0.8570057302713394,0.8742412030696869
1581,0.9069680795073509,1581,0.8570057302713394,0.8742412030696869
1582,0.9069680795073509,1582,0.8570057302713394,0.8742412030696869
1583,0.9069680795073509,1583,0.8570057302713394,0.8742412030696869
1584,0.9069680795073509,1584,0.8570057302713394,0.8742412030696869
1585,0.9069680795073509,1585,0.8570057302713394,0.8742412030696869
1586,0.9069680795073509,1586,0.8570057302713394,0.8742412030696869
1587,0.9069680795073509,1587,0.8570057302713394,0.8742412030696869
1588,0.9069680795073509,1588,0.8570057302713394,0.8742412030696869
1589,0.9069680795073509,1589,0.8570057302713394,0.8742412030696869
1590,0.9069680795073509,1590,0.8570057302713394,0.8742412030696869
1591,0.9069680795073509,1591,0.8570057302713394,0.8742412030696869
1592,0.9069680795073509,1592,0.8570057302713394,0.8742412030696869
1593,0.9069680795073509,1593,0.8570057302713394,0.8742412030696869
1594,0.9069680795073509,1594,0.8570057302713394,0.8742412030696869
1595,0.9069680795073509,1595,0.8570057302713394,0.8742412030696869
1596,0.9069680795073509,1596,0.8570057302713394,0.8742412030696869
1597,0.9069680795073509,1597,0.8570057302713394,0.8742412030696869
1598,0.9069680795073509,1598,0.8570057302713394,0.8742412030696869
1599,0.9069680795073509,1599,0.8570057302713394,0.8742412030696869
1600,0.9069680795073509,1600,0.8570057302713394,0.8742412030696869
1601,0.9069680795073509,1601,0.8570057302713394,0.8742412030696869
1602,0.9069680795073509,1602,0.8570057302713394,0.8742412030696869
1603,0.9069680795073509,1603,0.8570057302713394,0.8742412030696869
1604,0.9069680795073509,1604,0.8570057302713394,0.8742412030696869
1605,0.9069680795073509,1605,0.8570057302713394,0.8742412030696869
1606,0.9069680795073509,1606,0.8570057302713394,0.8742412030696869
1607,0.9069680795073509,1607,0.8570057302713394,0.8742412030696869
1608,0.9069680795073509,1608,0.8570057302713394,0.8742412030696869
1609,0.9069680795073509,1609,0.8570057302713394,0.8742412030696869
1610,0.9069680795073509,1610,0.8570057302713394,0.8742412030696869
1611,0.9069680795073509,1611,0.8570057302713394,0.8742412030696869
1612,0.9069680795073509,1612,0.8570057302713394,0.8742412030696869
1613,0.9069680795073509,1613,0.8570057302713394,0.8742412030696869
1614,0.9069680795073509,1614,0.8570291250944138,0.8742412030696869
1615,0.9069680795073509,1615,0.8570291250944138,0.8742412030696869
1616,0.9069680795073509,1616,0.8570291250944138,0.8742412030696869
1617,0.9069680795073509,1617,0.8570291250944138,0.8742412030696869
1618,0.9069680795073509,1618,0.8570291250944138,0.8742412030696869
1619,0.9069680795073509,1619,0.8570291250944138,0.8742412030696869
1620,0.9069680795073509,1620,0.8570291250944138,0.8742412030696869
1621,0.9069680795073509,1621,0.8570291250944138,0.8742412030696869
1622,0.9069680795073509,1622,0.8570291250944138,0.8742412030696869
1623,0.9069680795073509,1623,0.8570291250944138,0.8742412030696869
1624,0.9069680795073509,1624,0.8570291250944138,0.8742412030696869
1625,0.9069680795073509,1625,0.8570291250944138,0.8742412030696869
1626,0.9069680795073509,1626,0.8570291250944138,0.8742412030696869
1627,0.9069680795073509,1627,0.8570291250944138,0.8742412030696869
1628,0.9069680795073509,1628,0.8570291250944138,0.8742412030696869
1629,0.9069680795073509,1629,0.8570291250944138,0.8742412030696869
1630,0.9069680795073509,1630,0.8570291250944138,0.8742412030696869
1631,0.9069680795073509,1631,0.8570291250944138,0.8742412030696869
1632,0.9069680795073509,1632,0.8570291250944138,0.8742412030696869
1633,0.9069680795073509,1633,0.8570291250944138,0.8742412030696869
1634,0.9069680795073509,1634,0.8570291250944138,0.8742412030696869
1635,0.9069680795073509,1635,0.8570291250944138,0.8742412030696869
1636,0.9069680795073509,1636,0.8570291250944138,0.8742412030696869
1637,0.9069680795073509,1637,0.8570291250944138,0.8742412030696869
1638,0.9069680795073509,1638,0.8570291250944138,0.8742412030696869
1639,0.9069680795073509,1639,0.8570291250944138,0.8742412030696869
1640,0.9069680795073509,1640,0.8570291250944138,0.8742412030696869
1641,0.9069680795073509,1641,0.8570291250944138,0.8742412030696869
1642,0.9069680795073509,1642,0.8570291250944138,0.8742412030696869
1643,0.9069680795073509,1643,0.8570291250944138,0.8742412030696869
1644,0.9069680795073509,1644,0.8570291250944138,0.8742412030696869
1645,0.9069680795073509,1645,0.8570291250944138,0.8742412030696869
1646,0.9069680795073509,1646,0.8570291250944138,0.8742412030696869
1647,0.9069680795073509,1647,0.8570291250944138,0.8742412030696869
1648,0.9069680795073509,1648,0.8570291250944138,0.8742412030696869
1649,0.9069680795073509,1649,0.8570291250944138,0.8742412030696869
1650,0.9069680795073509,1650,0.8570291250944138,0.8742412030696869
1651,0.9069680795073509,1651,0.8570291250944138,0.8742412030696869
1652,0.9069680795073509,1652,0.8570291250944138,0.8742412030696869
1653,0.9069680795073509,1653,0.8570291250944138,0.8742412030696869
1654,0.9069680795073509,1654,0.8570291250944138,0.8742412030696869
1655,0.9069680795073509,1655,0.8570291250944138,0.8742412030696869
1656,0.9069680795073509,1656,0.8570291250944138,0.8742412030696869
1657,0.9069680795073509,1657,0.8570291250944138,0.8742412030696869
1658,0.9069680795073509,1658,0.8570291250944138,0.8742412030696869
1659,0.9069680795073509,1659,0.8570291250944138,0.8742412030696869
1660,0.9069680795073509,1660,0.8570291250944138,0.8742412030696869
1661,0.9069680795073509,1661,0.8570291250944138,0.8742412030696869
1662,0.9069680795073509,1662,0.8570291250944138,0.8742412030696869
1663,0.9069680795073509,1663,0.8570291250944138,0.8742412030696869
1664,0.9069680795073509,1664,0.8570291250944138,0.8742412030696869
1665,0.9069680795073509,1665,0.8570291250944138,0.8742412030696869
1666,0.9069680795073509,1666,0.8570291250944138,0.8742412030696869
1667,0.9069680795073509,1667,0.8570291250944138,0.8742412030696869
1668,0.9069680795073509,1668,0.8570291250944138,0.8742412030696869
1669,0.9069680795073509,1669,0.8570291250944138,0.8742412030696869
1670,0.9069680795073509,1670,0.8570291250944138,0.8742412030696869
1671,0.9069680795073509,1671,0.8570291250944138,0.8742412030696869
1672,0.9069680795073509,1672,0.8570291250944138,0.8742412030696869
1673,0.9069680795073509,1673,0.8570291250944138,0.8742412030696869
1674,0.9069680795073509,1674,0.8570291250944138,0.8742412030696869
1675,0.9069680795073509,1675,0.8570291250944138,0.8742412030696869
1676,0.9069680795073509,1676,0.8570291250944138,0.8742412030696869
1677,0.9069680795073509,1677,0.8570291250944138,0.8742412030696869
1678,0.9069680795073509,1678,0.8570291250944138,0.8742412030696869
1679,0.9069680795073509,1679,0.8570291250944138,0.8742412030696869
1680,0.9069680795073509,1680,0.8570291250944138,0.8742412030696869
1681,0.9069680795073509,1681,0.8570291250944138,0.8742412030696869
1682,0.9069680795073509,1682,0.8570291250944138,0.8742412030696869
1683,0.9069680795073509,1683,0.8570291250944138,0.8742412030696869
1684,0.9069680795073509,1684,0.8570291250944138,0.8742412030696869
1685,0.9069680795073509,1685,0.8570291250944138,0.8742412030696869
1686,0.9069680795073509,1686,0.8570291250944138,0.8742412030696869
1687,0.9069680795073509,1687,0.8570291250944138,0.8742412030696869
1688,0.9069680795073509,1688,0.8570291250944138,0.8742412030696869
1689,0.9069680795073509,1689,0.8570291250944138,0.8742412030696869
1690,0.9069680795073509,1690,0.8570291250944138,0.8742412030696869
1691,0.9069680795073509,1691,0.8570291250944138,0.8742412030696869
1692,0.9069680795073509,1692,0.8570291250944138,0.8742412030696869
1693,0.9069680795073509,1693,0.8570291250944138,0.8742412030696869
1694,0.9069680795073509,1694,0.8570291250944138,0.8742412030696869
1695,0.9069680795073509,1695,0.8570291250944138,0.8742412030696869
1696,0.9069680795073509,1696,0.8570291250944138,0.8742412030696869
1697,0.9069680795073509,1697,0.8570291250944138,0.8742412030696869
1698,0.9069680795073509,1698,0.8570291250944138,0.8742412030696869
1699,0.9069680795073509,1699,0.8570291250944138,0.8742412030696869
1700,0.9069680795073509,1700,0.8570291250944138,0.8742412030696869
1701,0.9069680795073509,1701,0.8570291250944138,0.8742412030696869
1702,0.9069680795073509,1702,0.8570291250944138,0.8742412030696869
1703,0.9069680795073509,1703,0.8570291250944138,0.8742412030696869
1704,0.9069680795073509,1704,0.8570291250944138,0.8742412030696869
1705,0.9069680795073509,1705,0.8570291250944138,0.8742412030696869
1706,0.9069680795073509,1706,0.8570291250944138,0.8742412030696869
1707,0.9069680795073509,1707,0.8570291250944138,0.8742412030696869
1708,0.9069680795073509,1708,0.8570291250944138,0.8742412030696869
1709,0.9069680795073509,1709,0.8570291250944138,0.8742412030696869
1710,0.9069680795073509,1710,0.8570291250944138,0.8742412030696869
1711,0.9069680795073509,1711,0.8570291250944138,0.8742412030696869
1712,0.9069680795073509,1712,0.8570291250944138,0.8742412030696869
1713,0.9069680795073509,1713,0.8570291250944138,0.8742412030696869
1714,0.9069680795073509,1714,0.8570291250944138,0.8742412030696869
1715,0.9069680795073509,1715,0.8570291250944138,0.8742412030696869
1716,0.9069680795073509,1716,0.8570291250944138,0.8742412030696869
1717,0.9069680795073509,1717,0.8570291250944138,0.8742412030696869
1718,0.9069680795073509,1718,0.8570291250944138,0.8742412030696869
1719,0.9069680795073509,1719,0.8570291250944138,0.8742412030696869
1720,0.9069680795073509,1720,0.8570291250944138,0.8742412030696869
1721,0.9069680795073509,1721,0.8570291250944138,0.8742412030696869
1722,0.9069680795073509,1722,0.8570291250944138,0.8742412030696869
1723,0.9069680795073509,1723,0.8570291250944138,0.8742412030696869
1724,0.9069680795073509,1724,0.8570291250944138,0.8742412030696869
1725,0.9069680795073509,1725,0.8570291250944138,0.8742412030696869
1726,0.9069680795073509,1726,0.8570291250944138,0.8742412030696869
1727,0.9069680795073509,1727,0.8570291250944138,0.8742412030696869
1728,0.9069680795073509,1728,0.8570291250944138,0.8742412030696869
1729,0.9069680795073509,1729,0.8570291250944138,0.8742412030696869
1730,0.9069680795073509,1730,0.8570291250944138,0.8742412030696869
1731,0.9069680795073509,1731,0.8570291250944138,0.8742412030696869
1732,0.9069680795073509,1732,0.8570291250944138,0.8742412030696869
1733,0.9069680795073509,1733,0.8570291250944138,0.8742412030696869
1734,0.9069680795073509,1734,0.8570291250944138,0.8742412030696869
1735,0.9069680795073509,1735,0.8570291250944138,0.8742412030696869
1736,0.9069680795073509,1736,0.8570291250944138,0.8742412030696869
1737,0.9069680795073509,1737,0.8570291250944138,0.8742412030696869
1738,0.9069680795073509,1738,0.8570291250944138,0.8742412030696869
1739,0.9069680795073509,1739,0.8570291250944138,0.8742412030696869
1740,0.9069680795073509,1740,0.8570291250944138,0.8742412030696869
1741,0.9069680795073509,1741,0.8570291250944138,0.8742412030696869
1742,0.9069680795073509,1742,0.8570291250944138,0.8742412030696869
1743,0.9069680795073509,1743,0.8570291250944138,0.8742412030696869
1744,0.9069680795073509,1744,0.8570291250944138,0.8742412030696869
1745,0.9069680795073509,1745,0.8570291250944138,0.8742412030696869
1746,0.9069680795073509,1746,0.8570291250944138,0.8742412030696869
1747,0.9069680795073509,1747,0.8570291250944138,0.8742412030696869
1748,0.9069680795073509,1748,0.8570291250944138,0.8742412030696869
1749,0.9069680795073509,1749,0.8570291250944138,0.8742412030696869
1750,0.9072721898555756,1750,0.8542031049728394,0.8736032992601395
1751,0.9072721898555756,1751,0.8541983366012573,0.8736032992601395
1752,0.9072721898555756,1752,0.8541983366012573,0.8736032992601395
1753,0.9072721898555756,1753,0.8541983366012573,0.8736032992601395
1754,0.9072721898555756,1754,0.8541983366012573,0.8736032992601395
1755,0.9072721898555756,1755,0.8541983366012573,0.8736032992601395
1756,0.9072721898555756,1756,0.8541983366012573,0.8736032992601395
1757,0.9072721898555756,1757,0.8541983366012573,0.8736032992601395
1758,0.9072721898555756,1758,0.8541983366012573,0.8736032992601395
1759,0.9072721898555756,1759,0.8541983366012573,0.8736032992601395
1760,0.9072721898555756,1760,0.8541983366012573,0.8736032992601395
1761,0.9072721898555756,1761,0.8541983366012573,0.8736032992601395
1762,0.9072721898555756,1762,0.8541983366012573,0.8736032992601395
1763,0.9072721898555756,1763,0.8541983366012573,0.8736032992601395
1764,0.9072721898555756,1764,0.8541983366012573,0.8736032992601395
1765,0.9072721898555756,1765,0.8541983366012573,0.8736032992601395
1766,0.9072721898555756,1766,0.8541983366012573,0.8736032992601395
1767,0.9072721898555756,1767,0.8541983366012573,0.8736032992601395
1768,0.9072721898555756,1768,0.8541983366012573,0.8736032992601395
1769,0.9072721898555756,1769,0.8541983366012573,0.8736032992601395
1770,0.9072721898555756,1770,0.8542068749666214,0.8736032992601395
1771,0.9072721898555756,1771,0.8542068749666214,0.8736032992601395
1772,0.9072721898555756,1772,0.8542068749666214,0.8736032992601395
1773,0.9072721898555756,1773,0.8542068749666214,0.8736032992601395
1774,0.9072721898555756,1774,0.8542068749666214,0.8736032992601395
1775,0.9072721898555756,1775,0.8542068749666214,0.8736032992601395
1776,0.9072721898555756,1776,0.8542068749666214,0.8736032992601395
1777,0.9072721898555756,1777,0.8542068749666214,0.8736032992601395
1778,0.9072721898555756,1778,0.8542068749666214,0.8736032992601395
1779,0.9072721898555756,1779,0.8542068749666214,0.8736032992601395
1780,0.9072721898555756,1780,0.8542068749666214,0.8736032992601395
1781,0.9072721898555756,1781,0.8542116433382034,0.8736032992601395
1782,0.9072721898555756,1782,0.8542116433382034,0.8736032992601395
1783,0.9072721898555756,1783,0.8542116433382034,0.8736032992601395
1784,0.9072721898555756,1784,0.8542116433382034,0.8736032992601395
1785,0.9072721898555756,1785,0.8542116433382034,0.8736032992601395
1786,0.9072721898555756,1786,0.8542116433382034,0.8736032992601395
1787,0.9072721898555756,1787,0.8542116433382034,0.8736032992601395
1788,0.9072721898555756,1788,0.8542116433382034,0.8736032992601395
1789,0.9072721898555756,1789,0.8542116433382034,0.8736032992601395
1790,0.9072721898555756,1790,0.8542116433382034,0.8736032992601395
1791,0.9072721898555756,1791,0.8542116433382034,0.8736032992601395
1792,0.9072721898555756,1792,0.8542116433382034,0.8736032992601395
1793,0.9072721898555756,1793,0.8542116433382034,0.8736032992601395
1794,0.9072721898555756,1794,0.8542116433382034,0.8736032992601395
1795,0.9072721898555756,1795,0.8542116433382034,0.8736032992601395
1796,0.9072721898555756,1796,0.8542116433382034,0.8736032992601395
1797,0.9072721898555756,1797,0.8542116433382034,0.8736032992601395
1798,0.9072721898555756,1798,0.8542116433382034,0.8736032992601395
1799,0.9072721898555756,1799,0.8542116433382034,0.8736032992601395
1800,0.9072721898555756,1800,0.8542116433382034,0.8736032992601395
1801,0.9072721898555756,1801,0.8542116433382034,0.8736032992601395
1802,0.9072721898555756,1802,0.8542116433382034,0.8736032992601395
1803,0.9072721898555756,1803,0.8542116433382034,0.8736032992601395
1804,0.9072721898555756,1804,0.8542116433382034,0.8736032992601395
1805,0.9072721898555756,1805,0.8542116433382034,0.8736032992601395
1806,0.9072721898555756,1806,0.8542116433382034,0.8736032992601395
1807,0.9072721898555756,1807,0.8542116433382034,0.8736032992601395
1808,0.9072721898555756,1808,0.8542116433382034,0.8736032992601395
1809,0.9072721898555756,1809,0.8542116433382034,0.8736032992601395
1810,0.9072721898555756,1810,0.8542116433382034,0.8736032992601395
1811,0.9072721898555756,1811,0.8542116433382034,0.8736032992601395
1812,0.9072721898555756,1812,0.8542116433382034,0.8736032992601395
1813,0.9072721898555756,1813,0.8542116433382034,0.8736032992601395
1814,0.9072721898555756,1814,0.8542116433382034,0.8736032992601395
1815,0.9072721898555756,1815,0.8542116433382034,0.8736032992601395
1816,0.9072721898555756,1816,0.8542116433382034,0.8736032992601395
1817,0.9072721898555756,1817,0.8542116433382034,0.8736032992601395
1818,0.9072721898555756,1818,0.8542116433382034,0.8736032992601395
1819,0.9072721898555756,1819,0.8542116433382034,0.8736032992601395
1820,0.9072721898555756,1820,0.8542116433382034,0.8736032992601395
1821,0.9072721898555756,1821,0.8542116433382034,0.8736032992601395
1822,0.9072721898555756,1822,0.8542116433382034,0.8736032992601395
1823,0.9072721898555756,1823,0.8542116433382034,0.8736032992601395
1824,0.9072721898555756,1824,0.8542116433382034,0.8736032992601395
1825,0.9072721898555756,1825,0.8542116433382034,0.8736032992601395
1826,0.9072721898555756,1826,0.8542116433382034,0.8736032992601395
1827,0.9072721898555756,1827,0.8542116433382034,0.8736032992601395
1828,0.9072721898555756,1828,0.8542116433382034,0.8736032992601395
1829,0.9072721898555756,1829,0.8542116433382034,0.8736032992601395
1830,0.9072721898555756,1830,0.8542116433382034,0.8736032992601395
1831,0.9072721898555756,1831,0.8542116433382034,0.8736032992601395
1832,0.9072721898555756,1832,0.8542116433382034,0.8736032992601395
1833,0.9072721898555756,1833,0.8542116433382034,0.8736032992601395
1834,0.9072721898555756,1834,0.8542116433382034,0.8736032992601395
1835,0.9072721898555756,1835,0.8542116433382034,0.8736032992601395
1836,0.9072721898555756,1836,0.8542116433382034,0.8736032992601395
1837,0.9072721898555756,1837,0.8542116433382034,0.8736032992601395
1838,0.9072721898555756,1838,0.8542116433382034,0.8736032992601395
1839,0.9072721898555756,1839,0.8542116433382034,0.8736032992601395
1840,0.9072721898555756,1840,0.8542116433382034,0.8736032992601395
1841,0.9072721898555756,1841,0.8542116433382034,0.8736032992601395
1842,0.9072721898555756,1842,0.8542116433382034,0.8736032992601395
1843,0.9072721898555756,1843,0.8542116433382034,0.8736032992601395
1844,0.9072721898555756,1844,0.8542116433382034,0.8736032992601395
1845,0.9072721898555756,1845,0.8542116433382034,0.8736032992601395
1846,0.9072721898555756,1846,0.8542116433382034,0.8736032992601395
1847,0.9072721898555756,1847,0.8542116433382034,0.8736032992601395
1848,0.9072721898555756,1848,0.8542116433382034,0.8736032992601395
1849,0.9072721898555756,1849,0.8542116433382034,0.8736032992601395
1850,0.9072721898555756,1850,0.8542116433382034,0.8736032992601395
1851,0.9072721898555756,1851,0.8542116433382034,0.8736032992601395
1852,0.9072721898555756,1852,0.8542116433382034,0.8736032992601395
1853,0.9072721898555756,1853,0.8542116433382034,0.8736032992601395
1854,0.9072721898555756,1854,0.8542116433382034,0.8736032992601395
1855,0.9072721898555756,1855,0.8542116433382034,0.8736032992601395
1856,0.9072721898555756,1856,0.8542116433382034,0.8736032992601395
1857,0.9072721898555756,1857,0.8542116433382034,0.8736032992601395
1858,0.9072721898555756,1858,0.8542116433382034,0.8736032992601395
1859,0.9072721898555756,1859,0.8542116433382034,0.8736032992601395
1860,0.9072721898555756,1860,0.8542116433382034,0.8736032992601395
1861,0.9072721898555756,1861,0.8542116433382034,0.8736032992601395
1862,0.9072721898555756,1862,0.8542116433382034,0.8736032992601395
1863,0.9072721898555756,1863,0.8542116433382034,0.8736032992601395
1864,0.9072721898555756,1864,0.8542116433382034,0.8736032992601395
1865,0.9072721898555756,1865,0.8542116433382034,0.8736032992601395
1866,0.9072721898555756,1866,0.8542116433382034,0.8736032992601395
1867,0.9072721898555756,1867,0.8542116433382034,0.8736032992601395
1868,0.9072721898555756,1868,0.8542116433382034,0.8736032992601395
1869,0.9072721898555756,1869,0.8542116433382034,0.8736032992601395
1870,0.9072721898555756,1870,0.8542116433382034,0.8736032992601395
1871,0.9072721898555756,1871,0.8542116433382034,0.8736032992601395
1872,0.9072721898555756,1872,0.8542116433382034,0.8736032992601395
1873,0.9072721898555756,1873,0.8542116433382034,0.8736032992601395
1874,0.9072721898555756,1874,0.8542116433382034,0.8736032992601395
1875,0.9072721898555756,1875,0.8542116433382034,0.8736032992601395
1876,0.9072721898555756,1876,0.8542116433382034,0.8736032992601395
1877,0.9072721898555756,1877,0.8542116433382034,0.8736032992601395
1878,0.9072721898555756,1878,0.8542116433382034,0.8736032992601395
1879,0.9072721898555756,1879,0.8542116433382034,0.8736032992601395
1880,0.9072721898555756,1880,0.8542116433382034,0.8736032992601395
1881,0.9072721898555756,1881,0.8542116433382034,0.8736032992601395
1882,0.9072721898555756,1882,0.8542116433382034,0.8736032992601395
1883,0.9072721898555756,1883,0.8542116433382034,0.8736032992601395
1884,0.9072721898555756,1884,0.8542116433382034,0.8736032992601395
1885,0.9072721898555756,1885,0.8542116433382034,0.8736032992601395
1886,0.9072721898555756,1886,0.8542116433382034,0.8736032992601395
1887,0.9072721898555756,1887,0.8542116433382034,0.8736032992601395
1888,0.9072721898555756,1888,0.8542116433382034,0.8736032992601395
1889,0.9072721898555756,1889,0.8542116433382034,0.8736032992601395
1890,0.9072721898555756,1890,0.8542116433382034,0.8736032992601395
1891,0.9072721898555756,1891,0.8542116433382034,0.8736032992601395
1892,0.9072721898555756,1892,0.8542116433382034,0.8736032992601395
1893,0.9072721898555756,1893,0.8542116433382034,0.8736032992601395
1894,0.9072721898555756,1894,0.8542116433382034,0.8736032992601395
1895,0.9072721898555756,1895,0.8542116433382034,0.8736032992601395
1896,0.9072721898555756,1896,0.8542116433382034,0.8736032992601395
1897,0.9072721898555756,1897,0.8542116433382034,0.8736032992601395
1898,0.9072721898555756,1898,0.8542116433382034,0.8736032992601395
1899,0.9072721898555756,1899,0.8542116433382034,0.8736032992601395
1900,0.9072721898555756,1900,0.8542116433382034,0.8736032992601395
1901,0.9072721898555756,1901,0.8542116433382034,0.8736032992601395
1902,0.9072721898555756,1902,0.8542116433382034,0.8736032992601395
1903,0.9072721898555756,1903,0.8542116433382034,0.8736032992601395
1904,0.9072721898555756,1904,0.8542116433382034,0.8736032992601395
1905,0.9072721898555756,1905,0.8542116433382034,0.8736032992601395
1906,0.9072721898555756,1906,0.8542116433382034,0.8736032992601395
1907,0.9072721898555756,1907,0.8542116433382034,0.8736032992601395
1908,0.9072721898555756,1908,0.8542116433382034,0.8736032992601395
1909,0.9072721898555756,1909,0.8542116433382034,0.8736032992601395
1910,0.9072721898555756,1910,0.8542116433382034,0.8736032992601395
1911,0.9072721898555756,1911,0.8542116433382034,0.8736032992601395
1912,0.9072721898555756,1912,0.8542116433382034,0.8736032992601395
1913,0.9072721898555756,1913,0.8542116433382034,0.8736032992601395
1914,0.9072721898555756,1914,0.8542116433382034,0.8736032992601395
1915,0.9072721898555756,1915,0.8542116433382034,0.8736032992601395
1916,0.9072721898555756,1916,0.8542116433382034,0.8736032992601395
1917,0.9072721898555756,1917,0.8542116433382034,0.8736032992601395
1918,0.9072721898555756,1918,0.8542116433382034,0.8736032992601395
1919,0.9072721898555756,1919,0.8542116433382034,0.8736032992601395
1920,0.9072721898555756,1920,0.8542116433382034,0.8736032992601395
1921,0.9072721898555756,1921,0.8542116433382034,0.8736032992601395
1922,0.9072721898555756,1922,0.8542116433382034,0.8736032992601395
1923,0.9072721898555756,1923,0.8542116433382034,0.8736032992601395
1924,0.9072721898555756,1924,0.8542116433382034,0.8736032992601395
1925,0.9072721898555756,1925,0.8542116433382034,0.8736032992601395
1926,0.9072721898555756,1926,0.8542116433382034,0.8736032992601395
1927,0.9072721898555756,1927,0.8542116433382034,0.8736032992601395
1928,0.9072721898555756,1928,0.8542116433382034,0.8736032992601395
1929,0.9072721898555756,1929,0.8542116433382034,0.8736032992601395
1930,0.9072721898555756,1930,0.8542116433382034,0.8736032992601395
1931,0.9072721898555756,1931,0.8542116433382034,0.8736032992601395
1932,0.9072721898555756,1932,0.8542116433382034,0.8736032992601395
1933,0.9072721898555756,1933,0.8542116433382034,0.8736032992601395
1934,0.9072721898555756,1934,0.8542116433382034,0.8736032992601395
1935,0.9072721898555756,1935,0.8542116433382034,0.8736032992601395
1936,0.9072721898555756,1936,0.8542116433382034,0.8736032992601395
1937,0.9072721898555756,1937,0.8542116433382034,0.8736032992601395
1938,0.9072721898555756,1938,0.8542116433382034,0.8736032992601395
1939,0.9072721898555756,1939,0.8542116433382034,0.8736032992601395
1940,0.9072721898555756,1940,0.8542116433382034,0.8736032992601395
1941,0.9072721898555756,1941,0.8542116433382034,0.8736032992601395
1942,0.9072721898555756,1942,0.8542116433382034,0.8736032992601395
1943,0.9072721898555756,1943,0.8542116433382034,0.8736032992601395
1944,0.9072721898555756,1944,0.8542116433382034,0.8736032992601395
1945,0.9072721898555756,1945,0.8542116433382034,0.8736032992601395
1946,0.9072721898555756,1946,0.8542116433382034,0.8736032992601395
1947,0.9072721898555756,1947,0.8542116433382034,0.8736032992601395
1948,0.9072721898555756,1948,0.8542116433382034,0.8736032992601395
1949,0.9072721898555756,1949,0.8542116433382034,0.8736032992601395
1950,0.9072721898555756,1950,0.8542116433382034,0.8736032992601395
1951,0.9072721898555756,1951,0.8542116433382034,0.8736032992601395
1952,0.9072721898555756,1952,0.8542116433382034,0.8736032992601395
1953,0.9072721898555756,1953,0.8542116433382034,0.8736032992601395
1954,0.9072721898555756,1954,0.8542116433382034,0.8736032992601395
1955,0.9072721898555756,1955,0.8542116433382034,0.8736032992601395
1956,0.9072721898555756,1956,0.8542116433382034,0.8736032992601395
1957,0.9072721898555756,1957,0.8542116433382034,0.8736032992601395
1958,0.9072721898555756,1958,0.8542116433382034,0.8736032992601395
1959,0.9072721898555756,1959,0.8542116433382034,0.8736032992601395
1960,0.9072721898555756,1960,0.8542116433382034,0.8736032992601395
1961,0.9072721898555756,1961,0.8542116433382034,0.8736032992601395
1962,0.9072721898555756,1962,0.8542116433382034,0.8736032992601395
1963,0.9072721898555756,1963,0.8542116433382034,0.8736032992601395
1964,0.9072721898555756,1964,0.8542116433382034,0.8736032992601395
1965,0.9072721898555756,1965,0.8542116433382034,0.8736032992601395
1966,0.9072721898555756,1966,0.8542116433382034,0.8736032992601395
1967,0.9072721898555756,1967,0.8542116433382034,0.8736032992601395
1968,0.9072721898555756,1968,0.8542116433382034,0.8736032992601395
1969,0.9072721898555756,1969,0.8542116433382034,0.8736032992601395
1970,0.9072721898555756,1970,0.8542116433382034,0.8736032992601395
1971,0.9072721898555756,1971,0.8542116433382034,0.8736032992601395
1972,0.9072721898555756,1972,0.8542116433382034,0.8736032992601395
1973,0.9072721898555756,1973,0.8542116433382034,0.8736032992601395
1974,0.9072721898555756,1974,0.8542116433382034,0.8736032992601395
1975,0.9072721898555756,1975,0.8542116433382034,0.8736032992601395
1976,0.9072721898555756,1976,0.8542116433382034,0.8736032992601395
1977,0.9072721898555756,1977,0.8542116433382034,0.8736032992601395
1978,0.9072721898555756,1978,0.8542116433382034,0.8736032992601395
1979,0.9072721898555756,1979,0.8542116433382034,0.8736032992601395
1980,0.9072721898555756,1980,0.8542116433382034,0.8736032992601395
1981,0.9072721898555756,1981,0.8542116433382034,0.8736032992601395
1982,0.9072721898555756,1982,0.8542116433382034,0.8736032992601395
1983,0.9072721898555756,1983,0.8542116433382034,0.8736032992601395
1984,0.9072721898555756,1984,0.8542116433382034,0.8736032992601395
1985,0.9072721898555756,1985,0.8542116433382034,0.8736032992601395
1986,0.9072721898555756,1986,0.8542116433382034,0.8736032992601395
1987,0.9072721898555756,1987,0.8542116433382034,0.8736032992601395
1988,0.9072721898555756,1988,0.8542116433382034,0.8736032992601395
1989,0.9072721898555756,1989,0.8542116433382034,0.8736032992601395
1990,0.9072721898555756,1990,0.8542116433382034,0.8736032992601395
1991,0.9072721898555756,1991,0.8542116433382034,0.8736032992601395
1992,0.9072721898555756,1992,0.8542116433382034,0.8736032992601395
1993,0.9072721898555756,1993,0.8542116433382034,0.8736032992601395
1994,0.9072721898555756,1994,0.8542116433382034,0.8736032992601395
1995,0.9072721898555756,1995,0.8542116433382034,0.8736032992601395
1996,0.9072721898555756,1996,0.8542116433382034,0.8736032992601395
1997,0.9072721898555756,1997,0.8542116433382034,0.8736032992601395
1998,0.9072721898555756,1998,0.8542116433382034,0.8736032992601395
1999,0.9072721898555756,1999,0.8542116433382034,0.8736032992601395
2000,0.9074320197105408,2000,0.8492169678211212,0.8734297901391983
2001,0.9074320197105408,2001,0.8492203503847122,0.8734297901391983
2002,0.9074320197105408,2002,0.8492203503847122,0.8734297901391983
2003,0.9074320197105408,2003,0.8492203503847122,0.8734297901391983
2004,0.9074320197105408,2004,0.8492203503847122,0.8734297901391983
2005,0.9074320197105408,2005,0.8492203503847122,0.8734297901391983
2006,0.9074320197105408,2006,0.8492203503847122,0.8734297901391983
2007,0.9074320197105408,2007,0.8492203503847122,0.8734297901391983
2008,0.9074320197105408,2008,0.8492203503847122,0.8734297901391983
2009,0.9074320197105408,2009,0.8492203503847122,0.8734297901391983
2010,0.9074320197105408,2010,0.8492203503847122,0.8734297901391983
2011,0.9074320197105408,2011,0.8492203503847122,0.8734297901391983
2012,0.9074320197105408,2012,0.8492203503847122,0.8734297901391983
2013,0.9074320197105408,2013,0.8492203503847122,0.8734297901391983
2014,0.9074320197105408,2014,0.8492203503847122,0.8734297901391983
2015,0.9074320197105408,2015,0.8492203503847122,0.8734297901391983
2016,0.9074320197105408,2016,0.8492203503847122,0.8734297901391983
2017,0.9074320197105408,2017,0.8492203503847122,0.8734297901391983
2018,0.9074320197105408,2018,0.8492203503847122,0.8734297901391983
2019,0.9074320197105408,2019,0.8492203503847122,0.8734297901391983
2020,0.9074320197105408,2020,0.8492203503847122,0.8734297901391983
2021,0.9074320197105408,2021,0.8492203503847122,0.8734297901391983
2022,0.9074320197105408,2022,0.8492203503847122,0.8734297901391983
2023,0.9074320197105408,2023,0.8492203503847122,0.8734297901391983
2024,0.9074320197105408,2024,0.8492203503847122,0.8734297901391983
2025,0.9074320197105408,2025,0.8492203503847122,0.8734297901391983
2026,0.9074320197105408,2026,0.8492203503847122,0.8734297901391983
2027,0.9074320197105408,2027,0.8492203503847122,0.8734297901391983
2028,0.9074320197105408,2028,0.8492203503847122,0.8734297901391983
2029,0.9074320197105408,2029,0.8492203503847122,0.8734297901391983
2030,0.9074320197105408,2030,0.8492203503847122,0.8734297901391983
2031,0.9074320197105408,2031,0.8492203503847122,0.8734297901391983
2032,0.9074320197105408,2032,0.8492203503847122,0.8734297901391983
2033,0.9074320197105408,2033,0.8492203503847122,0.8734297901391983
2034,0.9074320197105408,2034,0.8492203503847122,0.8734297901391983
2035,0.9074320197105408,2035,0.8492203503847122,0.8734297901391983
2036,0.9074320197105408,2036,0.8492203503847122,0.8734297901391983
2037,0.9074320197105408,2037,0.8492203503847122,0.8734297901391983
2038,0.9074320197105408,2038,0.8492203503847122,0.8734297901391983
2039,0.9074320197105408,2039,0.8492203503847122,0.8734297901391983
2040,0.9074320197105408,2040,0.8492203503847122,0.8734297901391983
2041,0.9074320197105408,2041,0.8492203503847122,0.8734297901391983
2042,0.9074320197105408,2042,0.8492203503847122,0.8734297901391983
2043,0.9074320197105408,2043,0.8492203503847122,0.8734297901391983
2044,0.9074320197105408,2044,0.8492203503847122,0.8734297901391983
2045,0.9074320197105408,2045,0.8492203503847122,0.8734297901391983
2046,0.9074320197105408,2046,0.8492203503847122,0.8734297901391983
2047,0.9074320197105408,2047,0.8492203503847122,0.8734297901391983
2048,0.9074320197105408,2048,0.8492203503847122,0.8734297901391983
2049,0.9074320197105408,2049,0.8492203503847122,0.8734297901391983
2050,0.9074320197105408,2050,0.8492203503847122,0.8734297901391983
2051,0.9074320197105408,2051,0.8492203503847122,0.8734297901391983
2052,0.9074320197105408,2052,0.8492203503847122,0.8734297901391983
2053,0.9074320197105408,2053,0.8492203503847122,0.8734297901391983
2054,0.9074320197105408,2054,0.8492203503847122,0.8734297901391983
2055,0.9074320197105408,2055,0.8492203503847122,0.8734297901391983
2056,0.9074320197105408,2056,0.8492203503847122,0.8734297901391983
2057,0.9074320197105408,2057,0.8492203503847122,0.8734297901391983
2058,0.9074320197105408,2058,0.8492203503847122,0.8734297901391983
2059,0.9074320197105408,2059,0.8492203503847122,0.8734297901391983
2060,0.9074320197105408,2060,0.8492203503847122,0.8734297901391983
2061,0.9074320197105408,2061,0.8492251336574554,0.8734297901391983
2062,0.9074320197105408,2062,0.8492251336574554,0.8734297901391983
2063,0.9074320197105408,2063,0.8492251336574554,0.8734297901391983
2064,0.9074320197105408,2064,0.8492251336574554,0.8734297901391983
2065,0.9074320197105408,2065,0.8492251336574554,0.8734297901391983
2066,0.9074320197105408,2066,0.8492251336574554,0.8734297901391983
2067,0.9074320197105408,2067,0.8492251336574554,0.8734297901391983
2068,0.9074320197105408,2068,0.8492251336574554,0.8734297901391983
2069,0.9074320197105408,2069,0.8492251336574554,0.8734297901391983
2070,0.9074320197105408,2070,0.8492251336574554,0.8734297901391983
2071,0.9074320197105408,2071,0.8492251336574554,0.8734297901391983
2072,0.9074320197105408,2072,0.8492251336574554,0.8734297901391983
2073,0.9074320197105408,2073,0.8492251336574554,0.8734297901391983
2074,0.9074320197105408,2074,0.8492251336574554,0.8734297901391983
2075,0.9074320197105408,2075,0.8492251336574554,0.8734297901391983
2076,0.9074320197105408,2076,0.8492251336574554,0.8734297901391983
2077,0.9074320197105408,2077,0.8492251336574554,0.8734297901391983
2078,0.9074320197105408,2078,0.8492251336574554,0.8734297901391983
2079,0.9074320197105408,2079,0.8492251336574554,0.8734297901391983
2080,0.9074320197105408,2080,0.8492251336574554,0.8734297901391983
2081,0.9074320197105408,2081,0.8492251336574554,0.8734297901391983
2082,0.9074320197105408,2082,0.8492251336574554,0.8734297901391983
2083,0.9074320197105408,2083,0.8492251336574554,0.8734297901391983
2084,0.9074320197105408,2084,0.8492251336574554,0.8734297901391983
2085,0.9074320197105408,2085,0.8492251336574554,0.8734297901391983
2086,0.9074320197105408,2086,0.8492251336574554,0.8734297901391983
2087,0.9074320197105408,2087,0.8492251336574554,0.8734297901391983
2088,0.9074320197105408,2088,0.8492251336574554,0.8734297901391983
2089,0.9074320197105408,2089,0.8492251336574554,0.8734297901391983
2090,0.9074320197105408,2090,0.8492251336574554,0.8734297901391983
2091,0.9074320197105408,2091,0.8492251336574554,0.8734297901391983
2092,0.9074320197105408,2092,0.8492251336574554,0.8734297901391983
2093,0.9074320197105408,2093,0.8492251336574554,0.8734297901391983
2094,0.9074320197105408,2094,0.8492251336574554,0.8734297901391983
2095,0.9074320197105408,2095,0.8492251336574554,0.8734297901391983
2096,0.9074320197105408,2096,0.8492251336574554,0.8734297901391983
2097,0.9074320197105408,2097,0.8492251336574554,0.8734297901391983
2098,0.9074320197105408,2098,0.8492251336574554,0.8734297901391983
2099,0.9074320197105408,2099,0.8492251336574554,0.8734297901391983
2100,0.9074320197105408,2100,0.8492251336574554,0.8734297901391983
2101,0.9074320197105408,2101,0.8492251336574554,0.8734297901391983
2102,0.9074320197105408,2102,0.8492251336574554,0.8734297901391983
2103,0.9074320197105408,2103,0.8492251336574554,0.8734297901391983
2104,0.9074320197105408,2104,0.8492251336574554,0.8734297901391983
2105,0.9074320197105408,2105,0.8492251336574554,0.8734297901391983
2106,0.9074320197105408,2106,0.8492251336574554,0.8734297901391983
2107,0.9074320197105408,2107,0.8492251336574554,0.8734297901391983
2108,0.9074320197105408,2108,0.8492251336574554,0.8734297901391983
2109,0.9074320197105408,2109,0.8492251336574554,0.8734297901391983
2110,0.9074320197105408,2110,0.8492251336574554,0.8734297901391983
2111,0.9074320197105408,2111,0.8492251336574554,0.8734297901391983
2112,0.9074320197105408,2112,0.8492251336574554,0.8734297901391983
2113,0.9074320197105408,2113,0.8492251336574554,0.8734297901391983
2114,0.9074320197105408,2114,0.8492251336574554,0.8734297901391983
2115,0.9074320197105408,2115,0.8492251336574554,0.8734297901391983
2116,0.9074320197105408,2116,0.8492251336574554,0.8734297901391983
2117,0.9074320197105408,2117,0.8492251336574554,0.8734297901391983
2118,0.9074320197105408,2118,0.8492251336574554,0.8734297901391983
2119,0.9074320197105408,2119,0.8492251336574554,0.8734297901391983
2120,0.9074320197105408,2120,0.8492251336574554,0.8734297901391983
2121,0.9074320197105408,2121,0.8492251336574554,0.8734297901391983
2122,0.9074320197105408,2122,0.8492251336574554,0.8734297901391983
2123,0.9074320197105408,2123,0.8492251336574554,0.8734297901391983
2124,0.9074320197105408,2124,0.8492251336574554,0.8734297901391983
2125,0.9074320197105408,2125,0.8492251336574554,0.8734297901391983
2126,0.9074320197105408,2126,0.8492251336574554,0.8734297901391983
2127,0.9074320197105408,2127,0.8492251336574554,0.8734297901391983
2128,0.9074320197105408,2128,0.8492251336574554,0.8734297901391983
2129,0.9074320197105408,2129,0.8492251336574554,0.8734297901391983
2130,0.9074320197105408,2130,0.8492251336574554,0.8734297901391983
2131,0.9074320197105408,2131,0.8492251336574554,0.8734297901391983
2132,0.9074320197105408,2132,0.8492251336574554,0.8734297901391983
2133,0.9074320197105408,2133,0.8492251336574554,0.8734297901391983
2134,0.9074320197105408,2134,0.8492251336574554,0.8734297901391983
2135,0.9074320197105408,2135,0.8492251336574554,0.8734297901391983
2136,0.9074320197105408,2136,0.8492251336574554,0.8734297901391983
2137,0.9074320197105408,2137,0.8492251336574554,0.8734297901391983
2138,0.9074320197105408,2138,0.8492251336574554,0.8734297901391983
2139,0.9074320197105408,2139,0.8492251336574554,0.8734297901391983
2140,0.9074320197105408,2140,0.8492251336574554,0.8734297901391983
2141,0.9074320197105408,2141,0.8492251336574554,0.8734297901391983
2142,0.9074320197105408,2142,0.8492251336574554,0.8734297901391983
2143,0.9074320197105408,2143,0.8492251336574554,0.8734297901391983
2144,0.9074320197105408,2144,0.8492251336574554,0.8734297901391983
2145,0.9074320197105408,2145,0.8492251336574554,0.8734297901391983
2146,0.9074320197105408,2146,0.8492251336574554,0.8734297901391983
2147,0.9074320197105408,2147,0.8492251336574554,0.8734297901391983
2148,0.9074320197105408,2148,0.8492251336574554,0.8734297901391983
2149,0.9074320197105408,2149,0.8492251336574554,0.8734297901391983
2150,0.9074320197105408,2150,0.8492251336574554,0.8734297901391983
2151,0.9074320197105408,2151,0.8492251336574554,0.8734297901391983
2152,0.9074320197105408,2152,0.8492251336574554,0.8734297901391983
2153,0.9074320197105408,2153,0.8492251336574554,0.8734297901391983
2154,0.9074320197105408,2154,0.8492251336574554,0.8734297901391983
2155,0.9074320197105408,2155,0.8492251336574554,0.8734297901391983
2156,0.9074320197105408,2156,0.8492251336574554,0.8734297901391983
2157,0.9074320197105408,2157,0.8492251336574554,0.8734297901391983
2158,0.9074320197105408,2158,0.8492251336574554,0.8734297901391983
2159,0.9074320197105408,2159,0.8492251336574554,0.8734297901391983
2160,0.9074320197105408,2160,0.8492251336574554,0.8734297901391983
2161,0.9074320197105408,2161,0.8492251336574554,0.8734297901391983
2162,0.9074320197105408,2162,0.8492251336574554,0.8734297901391983
2163,0.9074320197105408,2163,0.8492251336574554,0.8734297901391983
2164,0.9074320197105408,2164,0.8492251336574554,0.8734297901391983
2165,0.9074320197105408,2165,0.8492251336574554,0.8734297901391983
2166,0.9074320197105408,2166,0.8492251336574554,0.8734297901391983
2167,0.9074320197105408,2167,0.8492251336574554,0.8734297901391983
2168,0.9074320197105408,2168,0.8492251336574554,0.8734297901391983
2169,0.9074320197105408,2169,0.8492251336574554,0.8734297901391983
2170,0.9074320197105408,2170,0.8492251336574554,0.8734297901391983
2171,0.9074320197105408,2171,0.8492251336574554,0.8734297901391983
2172,0.9074320197105408,2172,0.8492251336574554,0.8734297901391983
2173,0.9074320197105408,2173,0.8492251336574554,0.8734297901391983
2174,0.9074320197105408,2174,0.8492251336574554,0.8734297901391983
2175,0.9074320197105408,2175,0.8492251336574554,0.8734297901391983
2176,0.9074320197105408,2176,0.8492251336574554,0.8734297901391983
2177,0.9074320197105408,2177,0.8492251336574554,0.8734297901391983
2178,0.9074320197105408,2178,0.8492251336574554,0.8734297901391983
2179,0.9074320197105408,2179,0.8492251336574554,0.8734297901391983
2180,0.9074320197105408,2180,0.8492251336574554,0.8734297901391983
2181,0.9074320197105408,2181,0.8492251336574554,0.8734297901391983
2182,0.9074320197105408,2182,0.8492251336574554,0.8734297901391983
2183,0.9074320197105408,2183,0.8492251336574554,0.8734297901391983
2184,0.9074320197105408,2184,0.8492251336574554,0.8734297901391983
2185,0.9074320197105408,2185,0.8492251336574554,0.8734297901391983
2186,0.9074320197105408,2186,0.8492251336574554,0.8734297901391983
2187,0.9074320197105408,2187,0.8492251336574554,0.8734297901391983
2188,0.9074320197105408,2188,0.8492251336574554,0.8734297901391983
2189,0.9074320197105408,2189,0.8492251336574554,0.8734297901391983
2190,0.9074320197105408,2190,0.8492251336574554,0.8734297901391983
2191,0.9074320197105408,2191,0.8492251336574554,0.8734297901391983
2192,0.9074320197105408,2192,0.8492251336574554,0.8734297901391983
2193,0.9074320197105408,2193,0.8492251336574554,0.8734297901391983
2194,0.9074320197105408,2194,0.8492251336574554,0.8734297901391983
2195,0.9074320197105408,2195,0.8492251336574554,0.8734297901391983
2196,0.9074320197105408,2196,0.8492251336574554,0.8734297901391983
2197,0.9074320197105408,2197,0.8492251336574554,0.8734297901391983
2198,0.9074320197105408,2198,0.8492251336574554,0.8734297901391983
2199,0.9074320197105408,2199,0.8492251336574554,0.8734297901391983
2200,0.9074320197105408,2200,0.8492251336574554,0.8734297901391983
2201,0.9074320197105408,2201,0.8492251336574554,0.8734297901391983
2202,0.9074320197105408,2202,0.8492251336574554,0.8734297901391983
2203,0.9074320197105408,2203,0.8492251336574554,0.8734297901391983
2204,0.9074320197105408,2204,0.8492251336574554,0.8734297901391983
2205,0.9074320197105408,2205,0.8492251336574554,0.8734297901391983
2206,0.9074320197105408,2206,0.8492251336574554,0.8734297901391983
2207,0.9074320197105408,2207,0.8492251336574554,0.8734297901391983
2208,0.9074320197105408,2208,0.8492251336574554,0.8734297901391983
2209,0.9074320197105408,2209,0.8492251336574554,0.8734297901391983
2210,0.9074320197105408,2210,0.8492251336574554,0.8734297901391983
2211,0.9074320197105408,2211,0.8492251336574554,0.8734297901391983
2212,0.9074320197105408,2212,0.8492251336574554,0.8734297901391983
2213,0.9074320197105408,2213,0.8492251336574554,0.8734297901391983
2214,0.9074320197105408,2214,0.8492251336574554,0.8734297901391983
2215,0.9074320197105408,2215,0.8492251336574554,0.8734297901391983
2216,0.9074320197105408,2216,0.8492251336574554,0.8734297901391983
2217,0.9074320197105408,2217,0.8492251336574554,0.8734297901391983
2218,0.9074320197105408,2218,0.8492251336574554,0.8734297901391983
2219,0.9074320197105408,2219,0.8492251336574554,0.8734297901391983
2220,0.9074320197105408,2220,0.8492251336574554,0.8734297901391983
2221,0.9074320197105408,2221,0.8492251336574554,0.8734297901391983
2222,0.9074320197105408,2222,0.8492251336574554,0.8734297901391983
2223,0.9074320197105408,2223,0.8492251336574554,0.8734297901391983
2224,0.9074320197105408,2224,0.8492251336574554,0.8734297901391983
2225,0.9074320197105408,2225,0.8492251336574554,0.8734297901391983
2226,0.9074320197105408,2226,0.8492251336574554,0.8734297901391983
2227,0.9074320197105408,2227,0.8492251336574554,0.8734297901391983
2228,0.9074320197105408,2228,0.8492251336574554,0.8734297901391983
2229,0.9074320197105408,2229,0.8492251336574554,0.8734297901391983
2230,0.9074320197105408,2230,0.8492251336574554,0.8734297901391983
2231,0.9074320197105408,2231,0.8492251336574554,0.8734297901391983
2232,0.9074320197105408,2232,0.8492251336574554,0.8734297901391983
2233,0.9074320197105408,2233,0.8492251336574554,0.8734297901391983
2234,0.9074320197105408,2234,0.8492251336574554,0.8734297901391983
2235,0.9074320197105408,2235,0.8492251336574554,0.8734297901391983
2236,0.9074320197105408,2236,0.8492251336574554,0.8734297901391983
2237,0.9074320197105408,2237,0.8492251336574554,0.8734297901391983
2238,0.9074320197105408,2238,0.8492251336574554,0.8734297901391983
2239,0.9074320197105408,2239,0.8492251336574554,0.8734297901391983
2240,0.9074320197105408,2240,0.8492251336574554,0.8734297901391983
2241,0.9074320197105408,2241,0.8492251336574554,0.8734297901391983
2242,0.9074320197105408,2242,0.8492251336574554,0.8734297901391983
2243,0.9074320197105408,2243,0.8492251336574554,0.8734297901391983
2244,0.9074320197105408,2244,0.8492251336574554,0.8734297901391983
2245,0.9074320197105408,2245,0.8492251336574554,0.8734297901391983
2246,0.9074320197105408,2246,0.8492251336574554,0.8734297901391983
2247,0.9074320197105408,2247,0.8492251336574554,0.8734297901391983
2248,0.9074320197105408,2248,0.8492251336574554,0.8734297901391983
2249,0.9074320197105408,2249,0.8492251336574554,0.8734297901391983
2250,0.9077426046133041,2250,0.8471194207668304,0.8728719800710678
2251,0.9077426046133041,2251,0.8471146672964096,0.8728719800710678
2252,0.9077426046133041,2252,0.8471146672964096,0.8728719800710678
2253,0.9077426046133041,2253,0.8471146672964096,0.8728719800710678
2254,0.9077426046133041,2254,0.8471146672964096,0.8728719800710678
2255,0.9077426046133041,2255,0.8471146672964096,0.8728719800710678
2256,0.9077426046133041,2256,0.8471146672964096,0.8728719800710678
2257,0.9077426046133041,2257,0.8471146672964096,0.8728719800710678
2258,0.9077426046133041,2258,0.8471146672964096,0.8728719800710678
2259,0.9077426046133041,2259,0.8471146672964096,0.8728719800710678
2260,0.9077426046133041,2260,0.8471146672964096,0.8728719800710678
2261,0.9077426046133041,2261,0.8471146672964096,0.8728719800710678
2262,0.9077426046133041,2262,0.8471146672964096,0.8728719800710678
2263,0.9077426046133041,2263,0.8471146672964096,0.8728719800710678
2264,0.9077426046133041,2264,0.8471146672964096,0.8728719800710678
2265,0.9077426046133041,2265,0.8471146672964096,0.8728719800710678
2266,0.9077426046133041,2266,0.8471146672964096,0.8728719800710678
2267,0.9077426046133041,2267,0.8471146672964096,0.8728719800710678
2268,0.9077426046133041,2268,0.8471146672964096,0.8728719800710678
2269,0.9077426046133041,2269,0.8471146672964096,0.8728719800710678
2270,0.9077426046133041,2270,0.8471146672964096,0.8728719800710678
2271,0.9077426046133041,2271,0.8471146672964096,0.8728719800710678
2272,0.9077426046133041,2272,0.8471146672964096,0.8728719800710678
2273,0.9077426046133041,2273,0.8471146672964096,0.8728719800710678
2274,0.9077426046133041,2274,0.8471146672964096,0.8728719800710678
2275,0.9077426046133041,2275,0.8471146672964096,0.8728719800710678
2276,0.9077426046133041,2276,0.8471146672964096,0.8728719800710678
2277,0.9077426046133041,2277,0.8471146672964096,0.8728719800710678
2278,0.9077426046133041,2278,0.8471146672964096,0.8728719800710678
2279,0.9077426046133041,2279,0.8471146672964096,0.8728719800710678
2280,0.9077426046133041,2280,0.8471146672964096,0.8728719800710678
2281,0.9077426046133041,2281,0.8471146672964096,0.8728719800710678
2282,0.9077426046133041,2282,0.8471146672964096,0.8728719800710678
2283,0.9077426046133041,2283,0.8471146672964096,0.8728719800710678
2284,0.9077426046133041,2284,0.8471146672964096,0.8728719800710678
2285,0.9077426046133041,2285,0.8471146672964096,0.8728719800710678
2286,0.9077426046133041,2286,0.8471146672964096,0.8728719800710678
2287,0.9077426046133041,2287,0.8471146672964096,0.8728719800710678
2288,0.9077426046133041,2288,0.8471146672964096,0.8728719800710678
2289,0.9077426046133041,2289,0.8471146672964096,0.8728719800710678
2290,0.9077426046133041,2290,0.8471146672964096,0.8728719800710678
2291,0.9077426046133041,2291,0.8471146672964096,0.8728719800710678
2292,0.9077426046133041,2292,0.8471146672964096,0.8728719800710678
2293,0.9077426046133041,2293,0.8471146672964096,0.8728719800710678
2294,0.9077426046133041,2294,0.8471146672964096,0.8728719800710678
2295,0.9077426046133041,2295,0.8471146672964096,0.8728719800710678
2296,0.9077426046133041,2296,0.8471146672964096,0.8728719800710678
2297,0.9077426046133041,2297,0.8471146672964096,0.8728719800710678
2298,0.9077426046133041,2298,0.8471146672964096,0.8728719800710678
2299,0.9077426046133041,2299,0.8471146672964096,0.8728719800710678
2300,0.9077426046133041,2300,0.8471146672964096,0.8728719800710678
2301,0.9077426046133041,2301,0.8471146672964096,0.8728719800710678
2302,0.9077426046133041,2302,0.8471146672964096,0.8728719800710678
2303,0.9077426046133041,2303,0.8471146672964096,0.8728719800710678
2304,0.9077426046133041,2304,0.8471146672964096,0.8728719800710678
2305,0.9077426046133041,2305,0.8471146672964096,0.8728719800710678
2306,0.9077426046133041,2306,0.8471146672964096,0.8728719800710678
2307,0.9077426046133041,2307,0.8471146672964096,0.8728719800710678
2308,0.9077426046133041,2308,0.8471146672964096,0.8728719800710678
2309,0.9077426046133041,2309,0.8471146672964096,0.8728719800710678
2310,0.9077426046133041,2310,0.8471146672964096,0.8728719800710678
2311,0.9077426046133041,2311,0.8471146672964096,0.8728719800710678
2312,0.9077426046133041,2312,0.8471146672964096,0.8728719800710678
2313,0.9077426046133041,2313,0.8471146672964096,0.8728719800710678
2314,0.9077426046133041,2314,0.8471146672964096,0.8728719800710678
2315,0.9077426046133041,2315,0.8471146672964096,0.8728719800710678
2316,0.9077426046133041,2316,0.8471146672964096,0.8728719800710678
2317,0.9077426046133041,2317,0.8471146672964096,0.8728719800710678
2318,0.9077426046133041,2318,0.8471146672964096,0.8728719800710678
2319,0.9077426046133041,2319,0.8471146672964096,0.8728719800710678
2320,0.9077426046133041,2320,0.8471146672964096,0.8728719800710678
2321,0.9077426046133041,2321,0.8471146672964096,0.8728719800710678
2322,0.9077426046133041,2322,0.8471146672964096,0.8728719800710678
2323,0.9077426046133041,2323,0.8471146672964096,0.8728719800710678
2324,0.9077426046133041,2324,0.8471146672964096,0.8728719800710678
2325,0.9077426046133041,2325,0.8471146672964096,0.8728719800710678
2326,0.9077426046133041,2326,0.8471146672964096,0.8728719800710678
2327,0.9077426046133041,2327,0.8471146672964096,0.8728719800710678
2328,0.9077426046133041,2328,0.8471146672964096,0.8728719800710678
2329,0.9077426046133041,2329,0.8471146672964096,0.8728719800710678
2330,0.9077426046133041,2330,0.8471146672964096,0.8728719800710678
2331,0.9077426046133041,2331,0.8471146672964096,0.8728719800710678
2332,0.9077426046133041,2332,0.8471194207668304,0.8728719800710678
2333,0.9077426046133041,2333,0.8471194207668304,0.8728719800710678
2334,0.9077426046133041,2334,0.8471194207668304,0.8728719800710678
2335,0.9077426046133041,2335,0.8471194207668304,0.8728719800710678
2336,0.9077426046133041,2336,0.8471194207668304,0.8728719800710678
2337,0.9077426046133041,2337,0.8471194207668304,0.8728719800710678
2338,0.9077426046133041,2338,0.8471194207668304,0.8728719800710678
2339,0.9077426046133041,2339,0.8471194207668304,0.8728719800710678
2340,0.9077426046133041,2340,0.8471194207668304,0.8728719800710678
2341,0.9077426046133041,2341,0.8471194207668304,0.8728719800710678
2342,0.9077426046133041,2342,0.8471194207668304,0.8728719800710678
2343,0.9077426046133041,2343,0.8471194207668304,0.8728719800710678
2344,0.9077426046133041,2344,0.8471194207668304,0.8728719800710678
2345,0.9077426046133041,2345,0.8471194207668304,0.8728719800710678
2346,0.9077426046133041,2346,0.8471194207668304,0.8728719800710678
2347,0.9077426046133041,2347,0.8471194207668304,0.8728719800710678
2348,0.9077426046133041,2348,0.8471194207668304,0.8728719800710678
2349,0.9077426046133041,2349,0.8471194207668304,0.8728719800710678
2350,0.9077426046133041,2350,0.8471194207668304,0.8728719800710678
2351,0.9077426046133041,2351,0.8471194207668304,0.8728719800710678
2352,0.9077426046133041,2352,0.8471194207668304,0.8728719800710678
2353,0.9077426046133041,2353,0.8471194207668304,0.8728719800710678
2354,0.9077426046133041,2354,0.8471194207668304,0.8728719800710678
2355,0.9077426046133041,2355,0.8471194207668304,0.8728719800710678
2356,0.9077426046133041,2356,0.8471194207668304,0.8728719800710678
2357,0.9077426046133041,2357,0.8471194207668304,0.8728719800710678
2358,0.9077426046133041,2358,0.8471194207668304,0.8728719800710678
2359,0.9077426046133041,2359,0.8471194207668304,0.8728719800710678
2360,0.9077426046133041,2360,0.8471194207668304,0.8728719800710678
2361,0.9077426046133041,2361,0.8471194207668304,0.8728719800710678
2362,0.9077426046133041,2362,0.8471194207668304,0.8728719800710678
2363,0.9077426046133041,2363,0.8471194207668304,0.8728719800710678
2364,0.9077426046133041,2364,0.8471194207668304,0.8728719800710678
2365,0.9077426046133041,2365,0.8471194207668304,0.8728719800710678
2366,0.9077426046133041,2366,0.8471194207668304,0.8728719800710678
2367,0.9077426046133041,2367,0.8471194207668304,0.8728719800710678
2368,0.9077426046133041,2368,0.8471194207668304,0.8728719800710678
2369,0.9077426046133041,2369,0.8471194207668304,0.8728719800710678
2370,0.9077426046133041,2370,0.8471194207668304,0.8728719800710678
2371,0.9077426046133041,2371,0.8471194207668304,0.8728719800710678
2372,0.9077426046133041,2372,0.8471194207668304,0.8728719800710678
2373,0.9077426046133041,2373,0.8471194207668304,0.8728719800710678
2374,0.9077426046133041,2374,0.8471194207668304,0.8728719800710678
2375,0.9077426046133041,2375,0.8471194207668304,0.8728719800710678
2376,0.9077426046133041,2376,0.8471194207668304,0.8728719800710678
2377,0.9077426046133041,2377,0.8471194207668304,0.8728719800710678
2378,0.9077426046133041,2378,0.8471194207668304,0.8728719800710678
2379,0.9077426046133041,2379,0.8471194207668304,0.8728719800710678
2380,0.9077426046133041,2380,0.8471194207668304,0.8728719800710678
2381,0.9077426046133041,2381,0.8471194207668304,0.8728719800710678
2382,0.9077426046133041,2382,0.8471194207668304,0.8728719800710678
2383,0.9077426046133041,2383,0.8471194207668304,0.8728719800710678
2384,0.9077426046133041,2384,0.8471194207668304,0.8728719800710678
2385,0.9077426046133041,2385,0.8471194207668304,0.8728719800710678
2386,0.9077426046133041,2386,0.8471194207668304,0.8728719800710678
2387,0.9077426046133041,2387,0.8471194207668304,0.8728719800710678
2388,0.9077426046133041,2388,0.8471194207668304,0.8728719800710678
2389,0.9077426046133041,2389,0.8471194207668304,0.8728719800710678
2390,0.9077426046133041,2390,0.8471194207668304,0.8728719800710678
2391,0.9077426046133041,2391,0.8471194207668304,0.8728719800710678
2392,0.9077426046133041,2392,0.8471194207668304,0.8728719800710678
2393,0.9077426046133041,2393,0.8471194207668304,0.8728719800710678
2394,0.9077426046133041,2394,0.8471194207668304,0.8728719800710678
2395,0.9077426046133041,2395,0.8471194207668304,0.8728719800710678
2396,0.9077426046133041,2396,0.8471194207668304,0.8728719800710678
2397,0.9077426046133041,2397,0.8471194207668304,0.8728719800710678
2398,0.9077426046133041,2398,0.8471194207668304,0.8728719800710678
2399,0.9077426046133041,2399,0.8471194207668304,0.8728719800710678
2400,0.9077426046133041,2400,0.8471194207668304,0.8728719800710678
2401,0.9077426046133041,2401,0.8471194207668304,0.8728719800710678
2402,0.9077426046133041,2402,0.8471194207668304,0.8728719800710678
2403,0.9077426046133041,2403,0.8471194207668304,0.8728719800710678
2404,0.9077426046133041,2404,0.8471194207668304,0.8728719800710678
2405,0.9077426046133041,2405,0.8471194207668304,0.8728719800710678
2406,0.9077426046133041,2406,0.8471194207668304,0.8728719800710678
2407,0.9077426046133041,2407,0.8471194207668304,0.8728719800710678
2408,0.9077426046133041,2408,0.8471194207668304,0.8728719800710678
2409,0.9077426046133041,2409,0.8471194207668304,0.8728719800710678
2410,0.9077426046133041,2410,0.8471194207668304,0.8728719800710678
2411,0.9077426046133041,2411,0.8471194207668304,0.8728719800710678
2412,0.9077426046133041,2412,0.8471194207668304,0.8728719800710678
2413,0.9077426046133041,2413,0.8471194207668304,0.8728719800710678
2414,0.9077426046133041,2414,0.8471194207668304,0.8728719800710678
2415,0.9077426046133041,2415,0.8471194207668304,0.8728719800710678
2416,0.9077426046133041,2416,0.8471194207668304,0.8728719800710678
2417,0.9077426046133041,2417,0.8471194207668304,0.8728719800710678
2418,0.9077426046133041,2418,0.8471194207668304,0.8728719800710678
2419,0.9077426046133041,2419,0.8471194207668304,0.8728719800710678
2420,0.9077426046133041,2420,0.8471194207668304,0.8728719800710678
2421,0.9077426046133041,2421,0.8471194207668304,0.8728719800710678
2422,0.9077426046133041,2422,0.8471194207668304,0.8728719800710678
2423,0.9077426046133041,2423,0.8471194207668304,0.8728719800710678
2424,0.9077426046133041,2424,0.8471194207668304,0.8728719800710678
2425,0.9077426046133041,2425,0.8471194207668304,0.8728719800710678
2426,0.9077426046133041,2426,0.8471194207668304,0.8728719800710678
2427,0.9077426046133041,2427,0.8471194207668304,0.8728719800710678
2428,0.9077426046133041,2428,0.8471194207668304,0.8728719800710678
2429,0.9077426046133041,2429,0.8471194207668304,0.8728719800710678
2430,0.9077426046133041,2430,0.8471194207668304,0.8728719800710678
2431,0.9077426046133041,2431,0.8471194207668304,0.8728719800710678
2432,0.9077426046133041,2432,0.8471194207668304,0.8728719800710678
2433,0.9077426046133041,2433,0.8471194207668304,0.8728719800710678
2434,0.9077426046133041,2434,0.8471194207668304,0.8728719800710678
2435,0.9077426046133041,2435,0.8471194207668304,0.8728719800710678
2436,0.9077426046133041,2436,0.8471194207668304,0.8728719800710678
2437,0.9077426046133041,2437,0.8471194207668304,0.8728719800710678
2438,0.9077426046133041,2438,0.8471194207668304,0.8728719800710678
2439,0.9077426046133041,2439,0.8471194207668304,0.8728719800710678
2440,0.9077426046133041,2440,0.8471194207668304,0.8728719800710678
2441,0.9077426046133041,2441,0.8471194207668304,0.8728719800710678
2442,0.9077426046133041,2442,0.8471194207668304,0.8728719800710678
2443,0.9077426046133041,2443,0.8471194207668304,0.8728719800710678
2444,0.9077426046133041,2444,0.8471194207668304,0.8728719800710678
2445,0.9077426046133041,2445,0.8471194207668304,0.8728719800710678
2446,0.9077426046133041,2446,0.8471194207668304,0.8728719800710678
2447,0.9077426046133041,2447,0.8471194207668304,0.8728719800710678
2448,0.9077426046133041,2448,0.8471194207668304,0.8728719800710678
2449,0.9077426046133041,2449,0.8471194207668304,0.8728719800710678
2450,0.9077426046133041,2450,0.8471194207668304,0.8728719800710678
2451,0.9077426046133041,2451,0.8471194207668304,0.8728719800710678
2452,0.9077426046133041,2452,0.8471194207668304,0.8728719800710678
2453,0.9077426046133041,2453,0.8471194207668304,0.8728719800710678
2454,0.9077426046133041,2454,0.8471194207668304,0.8728719800710678
2455,0.9077426046133041,2455,0.8471194207668304,0.8728719800710678
2456,0.9077426046133041,2456,0.8471194207668304,0.8728719800710678
2457,0.9077426046133041,2457,0.8471194207668304,0.8728719800710678
2458,0.9077426046133041,2458,0.8471194207668304,0.8728719800710678
2459,0.9077426046133041,2459,0.8471194207668304,0.8728719800710678
2460,0.9077426046133041,2460,0.8471194207668304,0.8728719800710678
2461,0.9077426046133041,2461,0.8471194207668304,0.8728719800710678
2462,0.9077426046133041,2462,0.8471194207668304,0.8728719800710678
2463,0.9077426046133041,2463,0.8471194207668304,0.8728719800710678
2464,0.9077426046133041,2464,0.8471194207668304,0.8728719800710678
2465,0.9077426046133041,2465,0.8471194207668304,0.8728719800710678
2466,0.9077426046133041,2466,0.8471194207668304,0.8728719800710678
2467,0.9077426046133041,2467,0.8471194207668304,0.8728719800710678
2468,0.9077426046133041,2468,0.8471194207668304,0.8728719800710678
2469,0.9077426046133041,2469,0.8471194207668304,0.8728719800710678
2470,0.9077426046133041,2470,0.8471194207668304,0.8728719800710678
2471,0.9077426046133041,2471,0.8471194207668304,0.8728719800710678
2472,0.9077426046133041,2472,0.8471194207668304,0.8728719800710678
2473,0.9077426046133041,2473,0.8471194207668304,0.8728719800710678
2474,0.9077426046133041,2474,0.8471194207668304,0.8728719800710678
2475,0.9077426046133041,2475,0.8471194207668304,0.8728719800710678
2476,0.9077426046133041,2476,0.8471194207668304,0.8728719800710678
2477,0.9077426046133041,2477,0.8471194207668304,0.8728719800710678
2478,0.9077426046133041,2478,0.8471194207668304,0.8728719800710678
2479,0.9077426046133041,2479,0.8471194207668304,0.8728719800710678
2480,0.9077426046133041,2480,0.8471194207668304,0.8728719800710678
2481,0.9077426046133041,2481,0.8471194207668304,0.8728719800710678
2482,0.9077426046133041,2482,0.8471194207668304,0.8728719800710678
2483,0.9077426046133041,2483,0.8471194207668304,0.8728719800710678
2484,0.9077426046133041,2484,0.8471194207668304,0.8728719800710678
2485,0.9077426046133041,2485,0.8471194207668304,0.8728719800710678
2486,0.9077426046133041,2486,0.8471194207668304,0.8728719800710678
2487,0.9077426046133041,2487,0.8471194207668304,0.8728719800710678
2488,0.9077426046133041,2488,0.8471194207668304,0.8728719800710678
2489,0.9077426046133041,2489,0.8471194207668304,0.8728719800710678
2490,0.9077426046133041,2490,0.8471194207668304,0.8728719800710678
2491,0.9077426046133041,2491,0.8471194207668304,0.8728719800710678
2492,0.9077426046133041,2492,0.8471194207668304,0.8728719800710678
2493,0.9077426046133041,2493,0.8471194207668304,0.8728719800710678
2494,0.9077426046133041,2494,0.8471194207668304,0.8728719800710678
2495,0.9077426046133041,2495,0.8471194207668304,0.8728719800710678
2496,0.9077426046133041,2496,0.8471194207668304,0.8728719800710678
2497,0.9077426046133041,2497,0.8471194207668304,0.8728719800710678
2498,0.9077426046133041,2498,0.8471194207668304,0.8728719800710678
2499,0.9077426046133041,2499,0.8471194207668304,0.8728719800710678
2500,0.9080285951495171,2500,0.8472502529621124,0.8683284372091293
2501,0.9080285951495171,2501,0.8472454845905304,0.8683284372091293
2502,0.9080285951495171,2502,0.8472454845905304,0.8683284372091293
2503,0.9080285951495171,2503,0.8472454845905304,0.8683284372091293
2504,0.9080285951495171,2504,0.8472454845905304,0.8683284372091293
2505,0.9080285951495171,2505,0.8472454845905304,0.8683284372091293
2506,0.9080285951495171,2506,0.8472454845905304,0.8683284372091293
2507,0.9080285951495171,2507,0.8472454845905304,0.8683284372091293
2508,0.9080285951495171,2508,0.8472454845905304,0.8683284372091293
2509,0.9080285951495171,2509,0.8472454845905304,0.8683284372091293
2510,0.9080285951495171,2510,0.8472454845905304,0.8683284372091293
2511,0.9080285951495171,2511,0.8472454845905304,0.8683284372091293
2512,0.9080285951495171,2512,0.8472454845905304,0.8683284372091293
2513,0.9080285951495171,2513,0.8472454845905304,0.8683284372091293
2514,0.9080285951495171,2514,0.8472454845905304,0.8683284372091293
2515,0.9080285951495171,2515,0.8472454845905304,0.8683284372091293
2516,0.9080285951495171,2516,0.8472454845905304,0.8683284372091293
2517,0.9080285951495171,2517,0.8472454845905304,0.8683284372091293
2518,0.9080285951495171,2518,0.8472454845905304,0.8683284372091293
2519,0.9080285951495171,2519,0.8472454845905304,0.8683284372091293
2520,0.9080285951495171,2520,0.8472454845905304,0.8683284372091293
2521,0.9080285951495171,2521,0.8472454845905304,0.8683284372091293
2522,0.9080285951495171,2522,0.8472454845905304,0.8683284372091293
2523,0.9080285951495171,2523,0.8472454845905304,0.8683284372091293
2524,0.9080285951495171,2524,0.8472454845905304,0.8683284372091293
2525,0.9080285951495171,2525,0.8472454845905304,0.8683284372091293
2526,0.9080285951495171,2526,0.8472454845905304,0.8683284372091293
2527,0.9080285951495171,2527,0.8472454845905304,0.8683284372091293
2528,0.9080285951495171,2528,0.8472454845905304,0.8683284372091293
2529,0.9080285951495171,2529,0.8472454845905304,0.8683284372091293
2530,0.9080285951495171,2530,0.8472454845905304,0.8683284372091293
2531,0.9080285951495171,2531,0.8472454845905304,0.8683284372091293
2532,0.9080285951495171,2532,0.8472454845905304,0.8683284372091293
2533,0.9080285951495171,2533,0.8472454845905304,0.8683284372091293
2534,0.9080285951495171,2534,0.8472454845905304,0.8683284372091293
2535,0.9080285951495171,2535,0.8472454845905304,0.8683284372091293
2536,0.9080285951495171,2536,0.8472454845905304,0.8683284372091293
2537,0.9080285951495171,2537,0.8472454845905304,0.8683284372091293
2538,0.9080285951495171,2538,0.8472454845905304,0.8683284372091293
2539,0.9080285951495171,2539,0.8472454845905304,0.8683284372091293
2540,0.9080285951495171,2540,0.8472454845905304,0.8683284372091293
2541,0.9080285951495171,2541,0.8472454845905304,0.8683284372091293
2542,0.9080285951495171,2542,0.8472454845905304,0.8683284372091293
2543,0.9080285951495171,2543,0.8472454845905304,0.8683284372091293
2544,0.9080285951495171,2544,0.8472454845905304,0.8683284372091293
2545,0.9080285951495171,2545,0.8472454845905304,0.8683284372091293
2546,0.9080285951495171,2546,0.8472454845905304,0.8683284372091293
2547,0.9080285951495171,2547,0.8472454845905304,0.8683284372091293
2548,0.9080285951495171,2548,0.8472454845905304,0.8683284372091293
2549,0.9080285951495171,2549,0.8472454845905304,0.8683284372091293
2550,0.9080285951495171,2550,0.8472454845905304,0.8683284372091293
2551,0.9080285951495171,2551,0.8472454845905304,0.8683284372091293
2552,0.9080285951495171,2552,0.8472454845905304,0.8683284372091293
2553,0.9080285951495171,2553,0.8472454845905304,0.8683284372091293
2554,0.9080285951495171,2554,0.8472454845905304,0.8683284372091293
2555,0.9080285951495171,2555,0.8472454845905304,0.8683284372091293
2556,0.9080285951495171,2556,0.8472454845905304,0.8683284372091293
2557,0.9080285951495171,2557,0.8472454845905304,0.8683284372091293
2558,0.9080285951495171,2558,0.8472454845905304,0.8683284372091293
2559,0.9080285951495171,2559,0.8472454845905304,0.8683284372091293
2560,0.9080285951495171,2560,0.8472454845905304,0.8683284372091293
2561,0.9080285951495171,2561,0.8472454845905304,0.8683284372091293
2562,0.9080285951495171,2562,0.8472454845905304,0.8683284372091293
2563,0.9080285951495171,2563,0.8472454845905304,0.8683284372091293
2564,0.9080285951495171,2564,0.8472454845905304,0.8683284372091293
2565,0.9080285951495171,2565,0.8472454845905304,0.8683284372091293
2566,0.9080285951495171,2566,0.8472454845905304,0.8683284372091293
2567,0.9080285951495171,2567,0.8472454845905304,0.8683284372091293
2568,0.9080285951495171,2568,0.8472454845905304,0.8683284372091293
2569,0.9080285951495171,2569,0.8472454845905304,0.8683284372091293
2570,0.9080285951495171,2570,0.8472454845905304,0.8683284372091293
2571,0.9080285951495171,2571,0.8472454845905304,0.8683284372091293
2572,0.9080285951495171,2572,0.8472454845905304,0.8683284372091293
2573,0.9080285951495171,2573,0.8472454845905304,0.8683284372091293
2574,0.9080285951495171,2574,0.8472454845905304,0.8683284372091293
2575,0.9080285951495171,2575,0.8472454845905304,0.8683284372091293
2576,0.9080285951495171,2576,0.8472454845905304,0.8683284372091293
2577,0.9080285951495171,2577,0.8472454845905304,0.8683284372091293
2578,0.9080285951495171,2578,0.8472454845905304,0.8683284372091293
2579,0.9080285951495171,2579,0.8472454845905304,0.8683284372091293
2580,0.9080285951495171,2580,0.8472454845905304,0.8683284372091293
2581,0.9080285951495171,2581,0.8472454845905304,0.8683284372091293
2582,0.9080285951495171,2582,0.8472454845905304,0.8683284372091293
2583,0.9080285951495171,2583,0.8472454845905304,0.8683284372091293
2584,0.9080285951495171,2584,0.8472454845905304,0.8683284372091293
2585,0.9080285951495171,2585,0.8472454845905304,0.8683284372091293
2586,0.9080285951495171,2586,0.8472454845905304,0.8683284372091293
2587,0.9080285951495171,2587,0.8472454845905304,0.8683284372091293
2588,0.9080285951495171,2588,0.8472454845905304,0.8683284372091293
2589,0.9080285951495171,2589,0.8472454845905304,0.8683284372091293
2590,0.9080285951495171,2590,0.8472454845905304,0.8683284372091293
2591,0.9080285951495171,2591,0.8472454845905304,0.8683284372091293
2592,0.9080285951495171,2592,0.8472454845905304,0.8683284372091293
2593,0.9080285951495171,2593,0.8472454845905304,0.8683284372091293
2594,0.9080285951495171,2594,0.8472454845905304,0.8683284372091293
2595,0.9080285951495171,2595,0.8472454845905304,0.8683284372091293
2596,0.9080285951495171,2596,0.8472454845905304,0.8683284372091293
2597,0.9080285951495171,2597,0.8472454845905304,0.8683284372091293
2598,0.9080285951495171,2598,0.8472454845905304,0.8683284372091293
2599,0.9080285951495171,2599,0.8472454845905304,0.8683284372091293
2600,0.9080285951495171,2600,0.8472454845905304,0.8683284372091293
2601,0.9080285951495171,2601,0.8472454845905304,0.8683284372091293
2602,0.9080285951495171,2602,0.8472454845905304,0.8683284372091293
2603,0.9080285951495171,2603,0.8472454845905304,0.8683284372091293
2604,0.9080285951495171,2604,0.8472502529621124,0.8683284372091293
2605,0.9080285951495171,2605,0.8472502529621124,0.8683284372091293
2606,0.9080285951495171,2606,0.8472502529621124,0.8683284372091293
2607,0.9080285951495171,2607,0.8472502529621124,0.8683284372091293
2608,0.9080285951495171,2608,0.8472502529621124,0.8683284372091293
2609,0.9080285951495171,2609,0.8472502529621124,0.8683284372091293
2610,0.9080285951495171,2610,0.8472502529621124,0.8683284372091293
2611,0.9080285951495171,2611,0.8472502529621124,0.8683284372091293
2612,0.9080285951495171,2612,0.8472502529621124,0.8683284372091293
2613,0.9080285951495171,2613,0.8472502529621124,0.8683284372091293
2614,0.9080285951495171,2614,0.8472502529621124,0.8683284372091293
2615,0.9080285951495171,2615,0.8472502529621124,0.8683284372091293
2616,0.9080285951495171,2616,0.8472502529621124,0.8683284372091293
2617,0.9080285951495171,2617,0.8472502529621124,0.8683284372091293
2618,0.9080285951495171,2618,0.8472502529621124,0.8683284372091293
2619,0.9080285951495171,2619,0.8472502529621124,0.8683284372091293
2620,0.9080285951495171,2620,0.8472502529621124,0.8683284372091293
2621,0.9080285951495171,2621,0.8472502529621124,0.8683284372091293
2622,0.9080285951495171,2622,0.8472502529621124,0.8683284372091293
2623,0.9080285951495171,2623,0.8472502529621124,0.8683284372091293
2624,0.9080285951495171,2624,0.8472502529621124,0.8683284372091293
2625,0.9080285951495171,2625,0.8472502529621124,0.8683284372091293
2626,0.9080285951495171,2626,0.8472502529621124,0.8683284372091293
2627,0.9080285951495171,2627,0.8472502529621124,0.8683284372091293
2628,0.9080285951495171,2628,0.8472502529621124,0.8683284372091293
2629,0.9080285951495171,2629,0.8472502529621124,0.8683284372091293
2630,0.9080285951495171,2630,0.8472502529621124,0.8683284372091293
2631,0.9080285951495171,2631,0.8472502529621124,0.8683284372091293
2632,0.9080285951495171,2632,0.8472502529621124,0.8683284372091293
2633,0.9080285951495171,2633,0.8472502529621124,0.8683284372091293
2634,0.9080285951495171,2634,0.8472502529621124,0.8683284372091293
2635,0.9080285951495171,2635,0.8472502529621124,0.8683284372091293
2636,0.9080285951495171,2636,0.8472502529621124,0.8683284372091293
2637,0.9080285951495171,2637,0.8472502529621124,0.8683284372091293
2638,0.9080285951495171,2638,0.8472502529621124,0.8683284372091293
2639,0.9080285951495171,2639,0.8472502529621124,0.8683284372091293
2640,0.9080285951495171,2640,0.8472502529621124,0.8683284372091293
2641,0.9080285951495171,2641,0.8472502529621124,0.8683284372091293
2642,0.9080285951495171,2642,0.8472502529621124,0.8683284372091293
2643,0.9080285951495171,2643,0.8472502529621124,0.8683284372091293
2644,0.9080285951495171,2644,0.8472502529621124,0.8683284372091293
2645,0.9080285951495171,2645,0.8472502529621124,0.8683284372091293
2646,0.9080285951495171,2646,0.8472502529621124,0.8683284372091293
2647,0.9080285951495171,2647,0.8472502529621124,0.8683284372091293
2648,0.9080285951495171,2648,0.8472502529621124,0.8683284372091293
2649,0.9080285951495171,2649,0.8472502529621124,0.8683284372091293
2650,0.9080285951495171,2650,0.8472502529621124,0.8683284372091293
2651,0.9080285951495171,2651,0.8472502529621124,0.8683284372091293
2652,0.9080285951495171,2652,0.8472502529621124,0.8683284372091293
2653,0.9080285951495171,2653,0.8472502529621124,0.8683284372091293
2654,0.9080285951495171,2654,0.8472502529621124,0.8683284372091293
2655,0.9080285951495171,2655,0.8472502529621124,0.8683284372091293
2656,0.9080285951495171,2656,0.8472502529621124,0.8683284372091293
2657,0.9080285951495171,2657,0.8472502529621124,0.8683284372091293
2658,0.9080285951495171,2658,0.8472502529621124,0.8683284372091293
2659,0.9080285951495171,2659,0.8472502529621124,0.8683284372091293
2660,0.9080285951495171,2660,0.8472502529621124,0.8683284372091293
2661,0.9080285951495171,2661,0.8472502529621124,0.8683284372091293
2662,0.9080285951495171,2662,0.8472502529621124,0.8683284372091293
2663,0.9080285951495171,2663,0.8472502529621124,0.8683284372091293
2664,0.9080285951495171,2664,0.8472502529621124,0.8683284372091293
2665,0.9080285951495171,2665,0.8472502529621124,0.8683284372091293
2666,0.9080285951495171,2666,0.8472502529621124,0.8683284372091293
2667,0.9080285951495171,2667,0.8472502529621124,0.8683284372091293
2668,0.9080285951495171,2668,0.8472502529621124,0.8683284372091293
2669,0.9080285951495171,2669,0.8472502529621124,0.8683284372091293
2670,0.9080285951495171,2670,0.8472502529621124,0.8683284372091293
2671,0.9080285951495171,2671,0.8472502529621124,0.8683284372091293
2672,0.9080285951495171,2672,0.8472502529621124,0.8683284372091293
2673,0.9080285951495171,2673,0.8472502529621124,0.8683284372091293
2674,0.9080285951495171,2674,0.8472502529621124,0.8683284372091293
2675,0.9080285951495171,2675,0.8472502529621124,0.8683284372091293
2676,0.9080285951495171,2676,0.8472502529621124,0.8683284372091293
2677,0.9080285951495171,2677,0.8472502529621124,0.8683284372091293
2678,0.9080285951495171,2678,0.8472502529621124,0.8683284372091293
2679,0.9080285951495171,2679,0.8472502529621124,0.8683284372091293
2680,0.9080285951495171,2680,0.8472502529621124,0.8683284372091293
2681,0.9080285951495171,2681,0.8472502529621124,0.8683284372091293
2682,0.9080285951495171,2682,0.8472502529621124,0.8683284372091293
2683,0.9080285951495171,2683,0.8472502529621124,0.8683284372091293
2684,0.9080285951495171,2684,0.8472502529621124,0.8683284372091293
2685,0.9080285951495171,2685,0.8472502529621124,0.8683284372091293
2686,0.9080285951495171,2686,0.8472502529621124,0.8683284372091293
2687,0.9080285951495171,2687,0.8472502529621124,0.8683284372091293
2688,0.9080285951495171,2688,0.8472502529621124,0.8683284372091293
2689,0.9080285951495171,2689,0.8472502529621124,0.8683284372091293
2690,0.9080285951495171,2690,0.8472502529621124,0.8683284372091293
2691,0.9080285951495171,2691,0.8472502529621124,0.8683284372091293
2692,0.9080285951495171,2692,0.8472502529621124,0.8683284372091293
2693,0.9080285951495171,2693,0.8472502529621124,0.8683284372091293
2694,0.9080285951495171,2694,0.8472502529621124,0.8683284372091293
2695,0.9080285951495171,2695,0.8472502529621124,0.8683284372091293
2696,0.9080285951495171,2696,0.8472502529621124,0.8683284372091293
2697,0.9080285951495171,2697,0.8472502529621124,0.8683284372091293
2698,0.9080285951495171,2698,0.8472502529621124,0.8683284372091293
2699,0.9080285951495171,2699,0.8472502529621124,0.8683284372091293
2700,0.9080285951495171,2700,0.8472502529621124,0.8683284372091293
2701,0.9080285951495171,2701,0.8472502529621124,0.8683284372091293
2702,0.9080285951495171,2702,0.8472502529621124,0.8683284372091293
2703,0.9080285951495171,2703,0.8472502529621124,0.8683284372091293
2704,0.9080285951495171,2704,0.8472502529621124,0.8683284372091293
2705,0.9080285951495171,2705,0.8472502529621124,0.8683284372091293
2706,0.9080285951495171,2706,0.8472502529621124,0.8683284372091293
2707,0.9080285951495171,2707,0.8472502529621124,0.8683284372091293
2708,0.9080285951495171,2708,0.8472502529621124,0.8683284372091293
2709,0.9080285951495171,2709,0.8472502529621124,0.8683284372091293
2710,0.9080285951495171,2710,0.8472502529621124,0.8683284372091293
2711,0.9080285951495171,2711,0.8472502529621124,0.8683284372091293
2712,0.9080285951495171,2712,0.8472502529621124,0.8683284372091293
2713,0.9080285951495171,2713,0.8472502529621124,0.8683284372091293
2714,0.9080285951495171,2714,0.8472502529621124,0.8683284372091293
2715,0.9080285951495171,2715,0.8472502529621124,0.8683284372091293
2716,0.9080285951495171,2716,0.8472502529621124,0.8683284372091293
2717,0.9080285951495171,2717,0.8472502529621124,0.8683284372091293
2718,0.9080285951495171,2718,0.8472502529621124,0.8683284372091293
2719,0.9080285951495171,2719,0.8472502529621124,0.8683284372091293
2720,0.9080285951495171,2720,0.8472502529621124,0.8683284372091293
2721,0.9080285951495171,2721,0.8472502529621124,0.8683284372091293
2722,0.9080285951495171,2722,0.8472502529621124,0.8683284372091293
2723,0.9080285951495171,2723,0.8472502529621124,0.8683284372091293
2724,0.9080285951495171,2724,0.8472502529621124,0.8683284372091293
2725,0.9080285951495171,2725,0.8472502529621124,0.8683284372091293
2726,0.9080285951495171,2726,0.8472502529621124,0.8683284372091293
2727,0.9080285951495171,2727,0.8472502529621124,0.8683284372091293
2728,0.9080285951495171,2728,0.8472502529621124,0.8683284372091293
2729,0.9080285951495171,2729,0.8472502529621124,0.8683284372091293
2730,0.9080285951495171,2730,0.8472502529621124,0.8683284372091293
2731,0.9080285951495171,2731,0.8472502529621124,0.8683284372091293
2732,0.9080285951495171,2732,0.8472502529621124,0.8683284372091293
2733,0.9080285951495171,2733,0.8472502529621124,0.8683284372091293
2734,0.9080285951495171,2734,0.8472502529621124,0.8683284372091293
2735,0.9080285951495171,2735,0.8472502529621124,0.8683284372091293
2736,0.9080285951495171,2736,0.8472502529621124,0.8683284372091293
2737,0.9080285951495171,2737,0.8472502529621124,0.8683284372091293
2738,0.9080285951495171,2738,0.8472502529621124,0.8683284372091293
2739,0.9080285951495171,2739,0.8472502529621124,0.8683284372091293
2740,0.9080285951495171,2740,0.8472502529621124,0.8683284372091293
2741,0.9080285951495171,2741,0.8472502529621124,0.8683284372091293
2742,0.9080285951495171,2742,0.8472502529621124,0.8683284372091293
2743,0.9080285951495171,2743,0.8472502529621124,0.8683284372091293
2744,0.9080285951495171,2744,0.8472502529621124,0.8683284372091293
2745,0.9080285951495171,2745,0.8472502529621124,0.8683284372091293
2746,0.9080285951495171,2746,0.8472502529621124,0.8683284372091293
2747,0.9080285951495171,2747,0.8472502529621124,0.8683284372091293
2748,0.9080285951495171,2748,0.8472502529621124,0.8683284372091293
2749,0.9080285951495171,2749,0.8472502529621124,0.8683284372091293
2750,0.907924048602581,2750,0.8470524251461029,0.8720525652170181
2751,0.907924048602581,2751,0.8470476567745209,0.8720525652170181
2752,0.907924048602581,2752,0.8470476567745209,0.8720525652170181
2753,0.907924048602581,2753,0.8470476567745209,0.8720525652170181
2754,0.907924048602581,2754,0.8470476567745209,0.8720525652170181
2755,0.907924048602581,2755,0.8470476567745209,0.8720525652170181
2756,0.907924048602581,2756,0.8470476567745209,0.8720525652170181
2757,0.907924048602581,2757,0.8470476567745209,0.8720525652170181
2758,0.907924048602581,2758,0.8470476567745209,0.8720525652170181
2759,0.907924048602581,2759,0.8470476567745209,0.8720525652170181
2760,0.907924048602581,2760,0.8470476567745209,0.8720525652170181
2761,0.907924048602581,2761,0.8470476567745209,0.8720525652170181
2762,0.907924048602581,2762,0.8470476567745209,0.8720525652170181
2763,0.907924048602581,2763,0.8470476567745209,0.8720525652170181
2764,0.907924048602581,2764,0.8470476567745209,0.8720525652170181
2765,0.907924048602581,2765,0.8470476567745209,0.8720525652170181
2766,0.907924048602581,2766,0.8470476567745209,0.8720525652170181
2767,0.907924048602581,2767,0.8470476567745209,0.8720525652170181
2768,0.907924048602581,2768,0.8470476567745209,0.8720525652170181
2769,0.907924048602581,2769,0.8470476567745209,0.8720525652170181
2770,0.907924048602581,2770,0.8470476567745209,0.8720525652170181
2771,0.907924048602581,2771,0.8470476567745209,0.8720525652170181
2772,0.907924048602581,2772,0.8470476567745209,0.8720525652170181
2773,0.907924048602581,2773,0.8470476567745209,0.8720525652170181
2774,0.907924048602581,2774,0.8470476567745209,0.8720525652170181
2775,0.907924048602581,2775,0.8470476567745209,0.8720525652170181
2776,0.907924048602581,2776,0.8470476567745209,0.8720525652170181
2777,0.907924048602581,2777,0.8470476567745209,0.8720525652170181
2778,0.907924048602581,2778,0.8470476567745209,0.8720525652170181
2779,0.907924048602581,2779,0.8470476567745209,0.8720525652170181
2780,0.907924048602581,2780,0.8470476567745209,0.8720525652170181
2781,0.907924048602581,2781,0.8470476567745209,0.8720525652170181
2782,0.907924048602581,2782,0.8470476567745209,0.8720525652170181
2783,0.907924048602581,2783,0.8470476567745209,0.8720525652170181
2784,0.907924048602581,2784,0.8470476567745209,0.8720525652170181
2785,0.907924048602581,2785,0.8470476567745209,0.8720525652170181
2786,0.907924048602581,2786,0.8470476567745209,0.8720525652170181
2787,0.907924048602581,2787,0.8470476567745209,0.8720525652170181
2788,0.907924048602581,2788,0.8470476567745209,0.8720525652170181
2789,0.907924048602581,2789,0.8470476567745209,0.8720525652170181
2790,0.907924048602581,2790,0.8470476567745209,0.8720525652170181
2791,0.907924048602581,2791,0.8470476567745209,0.8720525652170181
2792,0.907924048602581,2792,0.8470476567745209,0.8720525652170181
2793,0.907924048602581,2793,0.8470476567745209,0.8720525652170181
2794,0.907924048602581,2794,0.8470476567745209,0.8720525652170181
2795,0.907924048602581,2795,0.8470476567745209,0.8720525652170181
2796,0.907924048602581,2796,0.8470476567745209,0.8720525652170181
2797,0.907924048602581,2797,0.8470476567745209,0.8720525652170181
2798,0.907924048602581,2798,0.8470476567745209,0.8720525652170181
2799,0.907924048602581,2799,0.8470476567745209,0.8720525652170181
2800,0.907924048602581,2800,0.8470476567745209,0.8720525652170181
2801,0.907924048602581,2801,0.8470476567745209,0.8720525652170181
2802,0.907924048602581,2802,0.8470476567745209,0.8720525652170181
2803,0.907924048602581,2803,0.8470476567745209,0.8720525652170181
2804,0.907924048602581,2804,0.8470476567745209,0.8720525652170181
2805,0.907924048602581,2805,0.8470476567745209,0.8720525652170181
2806,0.907924048602581,2806,0.8470476567745209,0.8720525652170181
2807,0.907924048602581,2807,0.8470476567745209,0.8720525652170181
2808,0.907924048602581,2808,0.8470476567745209,0.8720525652170181
2809,0.907924048602581,2809,0.8470476567745209,0.8720525652170181
2810,0.907924048602581,2810,0.8470476567745209,0.8720525652170181
2811,0.907924048602581,2811,0.8470476567745209,0.8720525652170181
2812,0.907924048602581,2812,0.8470476567745209,0.8720525652170181
2813,0.907924048602581,2813,0.8470476567745209,0.8720525652170181
2814,0.907924048602581,2814,0.8470476567745209,0.8720525652170181
2815,0.907924048602581,2815,0.8470476567745209,0.8720525652170181
2816,0.907924048602581,2816,0.8470476567745209,0.8720525652170181
2817,0.907924048602581,2817,0.8470476567745209,0.8720525652170181
2818,0.907924048602581,2818,0.8470476567745209,0.8720525652170181
2819,0.907924048602581,2819,0.8470476567745209,0.8720525652170181
2820,0.907924048602581,2820,0.8470476567745209,0.8720525652170181
2821,0.907924048602581,2821,0.8470476567745209,0.8720525652170181
2822,0.907924048602581,2822,0.8470476567745209,0.8720525652170181
2823,0.907924048602581,2823,0.8470476567745209,0.8720525652170181
2824,0.907924048602581,2824,0.8470476567745209,0.8720525652170181
2825,0.907924048602581,2825,0.8470476567745209,0.8720525652170181
2826,0.907924048602581,2826,0.8470476567745209,0.8720525652170181
2827,0.907924048602581,2827,0.8470476567745209,0.8720525652170181
2828,0.907924048602581,2828,0.8470476567745209,0.8720525652170181
2829,0.907924048602581,2829,0.8470476567745209,0.8720525652170181
2830,0.907924048602581,2830,0.8470476567745209,0.8720525652170181
2831,0.907924048602581,2831,0.8470476567745209,0.8720525652170181
2832,0.907924048602581,2832,0.8470476567745209,0.8720525652170181
2833,0.907924048602581,2833,0.8470476567745209,0.8720525652170181
2834,0.907924048602581,2834,0.8470476567745209,0.8720525652170181
2835,0.907924048602581,2835,0.8470476567745209,0.8720525652170181
2836,0.907924048602581,2836,0.8470476567745209,0.8720525652170181
2837,0.907924048602581,2837,0.8470476567745209,0.8720525652170181
2838,0.907924048602581,2838,0.8470476567745209,0.8720525652170181
2839,0.907924048602581,2839,0.8470476567745209,0.8720525652170181
2840,0.907924048602581,2840,0.8470476567745209,0.8720525652170181
2841,0.907924048602581,2841,0.8470476567745209,0.8720525652170181
2842,0.907924048602581,2842,0.8470476567745209,0.8720525652170181
2843,0.907924048602581,2843,0.8470476567745209,0.8720525652170181
2844,0.907924048602581,2844,0.8470476567745209,0.8720525652170181
2845,0.907924048602581,2845,0.8470476567745209,0.8720525652170181
2846,0.907924048602581,2846,0.8470476567745209,0.8720525652170181
2847,0.907924048602581,2847,0.8470476567745209,0.8720525652170181
2848,0.907924048602581,2848,0.8470476567745209,0.8720525652170181
2849,0.907924048602581,2849,0.8470476567745209,0.8720525652170181
2850,0.907924048602581,2850,0.8470476567745209,0.8720525652170181
2851,0.907924048602581,2851,0.8470476567745209,0.8720525652170181
2852,0.907924048602581,2852,0.8470476567745209,0.8720525652170181
2853,0.907924048602581,2853,0.8470476567745209,0.8720525652170181
2854,0.907924048602581,2854,0.8470476567745209,0.8720525652170181
2855,0.907924048602581,2855,0.8470476567745209,0.8720525652170181
2856,0.907924048602581,2856,0.8470476567745209,0.8720525652170181
2857,0.907924048602581,2857,0.8470476567745209,0.8720525652170181
2858,0.907924048602581,2858,0.8470476567745209,0.8720525652170181
2859,0.907924048602581,2859,0.8470476567745209,0.8720525652170181
2860,0.907924048602581,2860,0.8470476567745209,0.8720525652170181
2861,0.907924048602581,2861,0.8470476567745209,0.8720525652170181
2862,0.907924048602581,2862,0.8470476567745209,0.8720525652170181
2863,0.907924048602581,2863,0.8470476567745209,0.8720525652170181
2864,0.907924048602581,2864,0.8470476567745209,0.8720525652170181
2865,0.907924048602581,2865,0.8470476567745209,0.8720525652170181
2866,0.907924048602581,2866,0.8470476567745209,0.8720525652170181
2867,0.907924048602581,2867,0.8470476567745209,0.8720525652170181
2868,0.907924048602581,2868,0.8470476567745209,0.8720525652170181
2869,0.907924048602581,2869,0.8470476567745209,0.8720525652170181
2870,0.907924048602581,2870,0.8470476567745209,0.8720525652170181
2871,0.907924048602581,2871,0.8470476567745209,0.8720525652170181
2872,0.907924048602581,2872,0.8470476567745209,0.8720525652170181
2873,0.907924048602581,2873,0.8470476567745209,0.8720525652170181
2874,0.907924048602581,2874,0.8470476567745209,0.8720525652170181
2875,0.907924048602581,2875,0.8470476567745209,0.8720525652170181
2876,0.907924048602581,2876,0.8470476567745209,0.8720525652170181
2877,0.907924048602581,2877,0.8470476567745209,0.8720525652170181
2878,0.907924048602581,2878,0.8470476567745209,0.8720525652170181
2879,0.907924048602581,2879,0.8470476567745209,0.8720525652170181
2880,0.907924048602581,2880,0.8470476567745209,0.8720525652170181
2881,0.907924048602581,2881,0.8470476567745209,0.8720525652170181
2882,0.907924048602581,2882,0.8470476567745209,0.8720525652170181
2883,0.907924048602581,2883,0.8470476567745209,0.8720525652170181
2884,0.907924048602581,2884,0.8470476567745209,0.8720525652170181
2885,0.907924048602581,2885,0.8470476567745209,0.8720525652170181
2886,0.907924048602581,2886,0.8470476567745209,0.8720525652170181
2887,0.907924048602581,2887,0.8470476567745209,0.8720525652170181
2888,0.907924048602581,2888,0.8470476567745209,0.8720525652170181
2889,0.907924048602581,2889,0.8470476567745209,0.8720525652170181
2890,0.907924048602581,2890,0.8470476567745209,0.8720525652170181
2891,0.907924048602581,2891,0.8470476567745209,0.8720525652170181
2892,0.907924048602581,2892,0.8470476567745209,0.8720525652170181
2893,0.907924048602581,2893,0.8470476567745209,0.8720525652170181
2894,0.907924048602581,2894,0.8470476567745209,0.8720525652170181
2895,0.907924048602581,2895,0.8470476567745209,0.8720525652170181
2896,0.907924048602581,2896,0.8470476567745209,0.8720525652170181
2897,0.907924048602581,2897,0.8470476567745209,0.8720525652170181
2898,0.907924048602581,2898,0.8470476567745209,0.8720525652170181
2899,0.907924048602581,2899,0.8470476567745209,0.8720525652170181
2900,0.907924048602581,2900,0.8470476567745209,0.8720525652170181
2901,0.907924048602581,2901,0.8470476567745209,0.8720525652170181
2902,0.907924048602581,2902,0.8470476567745209,0.8720525652170181
2903,0.907924048602581,2903,0.8470476567745209,0.8720525652170181
2904,0.907924048602581,2904,0.8470476567745209,0.8720525652170181
2905,0.907924048602581,2905,0.8470476567745209,0.8720525652170181
2906,0.907924048602581,2906,0.8470476567745209,0.8720525652170181
2907,0.907924048602581,2907,0.8470476567745209,0.8720525652170181
2908,0.907924048602581,2908,0.8470476567745209,0.8720525652170181
2909,0.907924048602581,2909,0.8470476567745209,0.8720525652170181
2910,0.907924048602581,2910,0.8470476567745209,0.8720525652170181
2911,0.907924048602581,2911,0.8470476567745209,0.8720525652170181
2912,0.907924048602581,2912,0.8470476567745209,0.8720525652170181
2913,0.907924048602581,2913,0.8470476567745209,0.8720525652170181
2914,0.907924048602581,2914,0.8470476567745209,0.8720525652170181
2915,0.907924048602581,2915,0.8470476567745209,0.8720525652170181
2916,0.907924048602581,2916,0.8470476567745209,0.8720525652170181
2917,0.907924048602581,2917,0.8470476567745209,0.8720525652170181
2918,0.907924048602581,2918,0.8470476567745209,0.8720525652170181
2919,0.907924048602581,2919,0.8470476567745209,0.8720525652170181
2920,0.907924048602581,2920,0.8470476567745209,0.8720525652170181
2921,0.907924048602581,2921,0.8470476567745209,0.8720525652170181
2922,0.907924048602581,2922,0.8470476567745209,0.8720525652170181
2923,0.907924048602581,2923,0.8470476567745209,0.8720525652170181
2924,0.907924048602581,2924,0.8470476567745209,0.8720525652170181
2925,0.907924048602581,2925,0.8470476567745209,0.8720525652170181
2926,0.907924048602581,2926,0.8470476567745209,0.8720525652170181
2927,0.907924048602581,2927,0.8470476567745209,0.8720525652170181
2928,0.907924048602581,2928,0.8470476567745209,0.8720525652170181
2929,0.907924048602581,2929,0.8470476567745209,0.8720525652170181
2930,0.907924048602581,2930,0.8470476567745209,0.8720525652170181
2931,0.907924048602581,2931,0.8470476567745209,0.8720525652170181
2932,0.907924048602581,2932,0.8470476567745209,0.8720525652170181
2933,0.907924048602581,2933,0.8470476567745209,0.8720525652170181
2934,0.907924048602581,2934,0.8470476567745209,0.8720525652170181
2935,0.907924048602581,2935,0.8470476567745209,0.8720525652170181
2936,0.907924048602581,2936,0.8470476567745209,0.8720525652170181
2937,0.907924048602581,2937,0.8470476567745209,0.8720525652170181
2938,0.907924048602581,2938,0.8470476567745209,0.8720525652170181
2939,0.907924048602581,2939,0.8470476567745209,0.8720525652170181
2940,0.907924048602581,2940,0.8470476567745209,0.8720525652170181
2941,0.907924048602581,2941,0.8470476567745209,0.8720525652170181
2942,0.907924048602581,2942,0.8470476567745209,0.8720525652170181
2943,0.907924048602581,2943,0.8470476567745209,0.8720525652170181
2944,0.907924048602581,2944,0.8470476567745209,0.8720525652170181
2945,0.907924048602581,2945,0.8470476567745209,0.8720525652170181
2946,0.907924048602581,2946,0.8470476567745209,0.8720525652170181
2947,0.907924048602581,2947,0.8470476567745209,0.8720525652170181
2948,0.907924048602581,2948,0.8470476567745209,0.8720525652170181
2949,0.907924048602581,2949,0.8470476567745209,0.8720525652170181
2950,0.907924048602581,2950,0.8470476567745209,0.8720525652170181
2951,0.907924048602581,2951,0.8470476567745209,0.8720525652170181
2952,0.907924048602581,2952,0.8470476567745209,0.8720525652170181
2953,0.907924048602581,2953,0.8470476567745209,0.8720525652170181
2954,0.907924048602581,2954,0.8470476567745209,0.8720525652170181
2955,0.907924048602581,2955,0.8470476567745209,0.8720525652170181
2956,0.907924048602581,2956,0.8470476567745209,0.8720525652170181
2957,0.907924048602581,2957,0.8470476567745209,0.8720525652170181
2958,0.907924048602581,2958,0.8470476567745209,0.8720525652170181
2959,0.907924048602581,2959,0.8470476567745209,0.8720525652170181
2960,0.907924048602581,2960,0.8470476567745209,0.8720525652170181
2961,0.907924048602581,2961,0.8470476567745209,0.8720525652170181
2962,0.907924048602581,2962,0.8470476567745209,0.8720525652170181
2963,0.907924048602581,2963,0.8470476567745209,0.8720525652170181
2964,0.907924048602581,2964,0.8470476567745209,0.8720525652170181
2965,0.907924048602581,2965,0.8470476567745209,0.8720525652170181
2966,0.907924048602581,2966,0.8470476567745209,0.8720525652170181
2967,0.907924048602581,2967,0.8470476567745209,0.8720525652170181
2968,0.907924048602581,2968,0.8470476567745209,0.8720525652170181
2969,0.907924048602581,2969,0.8470476567745209,0.8720525652170181
2970,0.907924048602581,2970,0.8470476567745209,0.8720525652170181
2971,0.907924048602581,2971,0.8470476567745209,0.8720525652170181
2972,0.907924048602581,2972,0.8470476567745209,0.8720525652170181
2973,0.907924048602581,2973,0.8470476567745209,0.8720525652170181
2974,0.907924048602581,2974,0.8470476567745209,0.8720525652170181
2975,0.907924048602581,2975,0.8470476567745209,0.8720525652170181
2976,0.907924048602581,2976,0.8470476567745209,0.8720525652170181
2977,0.907924048602581,2977,0.8470476567745209,0.8720525652170181
2978,0.907924048602581,2978,0.8470476567745209,0.8720525652170181
2979,0.907924048602581,2979,0.8470476567745209,0.8720525652170181
2980,0.907924048602581,2980,0.8470476567745209,0.8720525652170181
2981,0.907924048602581,2981,0.8470476567745209,0.8720525652170181
2982,0.907924048602581,2982,0.8470476567745209,0.8720525652170181
2983,0.907924048602581,2983,0.8470476567745209,0.8720525652170181
2984,0.907924048602581,2984,0.8470476567745209,0.8720525652170181
2985,0.907924048602581,2985,0.8470476567745209,0.8720525652170181
2986,0.907924048602581,2986,0.8470476567745209,0.8720525652170181
2987,0.907924048602581,2987,0.8470476567745209,0.8720525652170181
2988,0.907924048602581,2988,0.8470476567745209,0.8720525652170181
2989,0.907924048602581,2989,0.8470476567745209,0.8720525652170181
2990,0.907924048602581,2990,0.8470476567745209,0.8720525652170181
2991,0.907924048602581,2991,0.8470476567745209,0.8720525652170181
2992,0.907924048602581,2992,0.8470476567745209,0.8720525652170181
2993,0.907924048602581,2993,0.8470476567745209,0.8720525652170181
2994,0.907924048602581,2994,0.8470476567745209,0.8720525652170181
2995,0.907924048602581,2995,0.8470476567745209,0.8720525652170181
2996,0.907924048602581,2996,0.8470476567745209,0.8720525652170181
2997,0.907924048602581,2997,0.8470476567745209,0.8720525652170181
2998,0.907924048602581,2998,0.8470476567745209,0.8720525652170181
2999,0.907924048602581,2999,0.8470476567745209,0.8720525652170181
3000,0.9082594141364098,3000,0.8470591455698013,0.8708807080984116
3001,0.9082594141364098,3001,0.8470591455698013,0.8708807080984116
3002,0.9082594141364098,3002,0.8470591455698013,0.8708807080984116
3003,0.9082594141364098,3003,0.8470591455698013,0.8708807080984116
3004,0.9082594141364098,3004,0.8470591455698013,0.8708807080984116
3005,0.9082594141364098,3005,0.8470591455698013,0.8708807080984116
3006,0.9082594141364098,3006,0.8470591455698013,0.8708807080984116
3007,0.9082594141364098,3007,0.8470591455698013,0.8708807080984116
3008,0.9082594141364098,3008,0.8470591455698013,0.8708807080984116
3009,0.9082594141364098,3009,0.8470591455698013,0.8708807080984116
3010,0.9082594141364098,3010,0.8470591455698013,0.8708807080984116
3011,0.9082594141364098,3011,0.8470591455698013,0.8708807080984116
3012,0.9082594141364098,3012,0.8470591455698013,0.8708807080984116
3013,0.9082594141364098,3013,0.8470591455698013,0.8708807080984116
3014,0.9082594141364098,3014,0.8470591455698013,0.8708807080984116
3015,0.9082594141364098,3015,0.8470591455698013,0.8708807080984116
3016,0.9082594141364098,3016,0.8470591455698013,0.8708807080984116
3017,0.9082594141364098,3017,0.8470591455698013,0.8708807080984116
3018,0.9082594141364098,3018,0.8470591455698013,0.8708807080984116
3019,0.9082594141364098,3019,0.8470591455698013,0.8708807080984116
3020,0.9082594141364098,3020,0.8470591455698013,0.8708807080984116
3021,0.9082594141364098,3021,0.8470591455698013,0.8708807080984116
3022,0.9082594141364098,3022,0.8470591455698013,0.8708807080984116
3023,0.9082594141364098,3023,0.8470591455698013,0.8708807080984116
3024,0.9082594141364098,3024,0.8470591455698013,0.8708807080984116
3025,0.9082594141364098,3025,0.8470591455698013,0.8708807080984116
3026,0.9082594141364098,3026,0.8470591455698013,0.8708807080984116
3027,0.9082594141364098,3027,0.8470591455698013,0.8708807080984116
3028,0.9082594141364098,3028,0.8470591455698013,0.8708807080984116
3029,0.9082594141364098,3029,0.8470591455698013,0.8708807080984116
3030,0.9082594141364098,3030,0.8470591455698013,0.8708807080984116
3031,0.9082594141364098,3031,0.8470591455698013,0.8708807080984116
3032,0.9082594141364098,3032,0.8470591455698013,0.8708807080984116
3033,0.9082594141364098,3033,0.8470591455698013,0.8708807080984116
3034,0.9082594141364098,3034,0.8470591455698013,0.8708807080984116
3035,0.9082594141364098,3035,0.8470591455698013,0.8708807080984116
3036,0.9082594141364098,3036,0.8470591455698013,0.8708807080984116
3037,0.9082594141364098,3037,0.8470591455698013,0.8708807080984116
3038,0.9082594141364098,3038,0.8470591455698013,0.8708807080984116
3039,0.9082594141364098,3039,0.8470591455698013,0.8708807080984116
3040,0.9082594141364098,3040,0.8470591455698013,0.8708807080984116
3041,0.9082594141364098,3041,0.8470639139413834,0.8708807080984116
3042,0.9082594141364098,3042,0.8470639139413834,0.8708807080984116
3043,0.9082594141364098,3043,0.8470639139413834,0.8708807080984116
3044,0.9082594141364098,3044,0.8470639139413834,0.8708807080984116
3045,0.9082594141364098,3045,0.8470639139413834,0.8708807080984116
3046,0.9082594141364098,3046,0.8470639139413834,0.8708807080984116
3047,0.9082594141364098,3047,0.8470639139413834,0.8708807080984116
3048,0.9082594141364098,3048,0.8470639139413834,0.8708807080984116
3049,0.9082594141364098,3049,0.8470639139413834,0.8708807080984116
3050,0.9082594141364098,3050,0.8470639139413834,0.8708807080984116
3051,0.9082594141364098,3051,0.8470639139413834,0.8708807080984116
3052,0.9082594141364098,3052,0.8470639139413834,0.8708807080984116
3053,0.9082594141364098,3053,0.8470639139413834,0.8708807080984116
3054,0.9082594141364098,3054,0.8470639139413834,0.8708807080984116
3055,0.9082594141364098,3055,0.8470639139413834,0.8708807080984116
3056,0.9082594141364098,3056,0.8470639139413834,0.8708807080984116
3057,0.9082594141364098,3057,0.8470639139413834,0.8708807080984116
3058,0.9082594141364098,3058,0.8470639139413834,0.8708807080984116
3059,0.9082594141364098,3059,0.8470639139413834,0.8708807080984116
3060,0.9082594141364098,3060,0.8470639139413834,0.8708807080984116
3061,0.9082594141364098,3061,0.8470639139413834,0.8708807080984116
3062,0.9082594141364098,3062,0.8470639139413834,0.8708807080984116
3063,0.9082594141364098,3063,0.8470639139413834,0.8708807080984116
3064,0.9082594141364098,3064,0.8470639139413834,0.8708807080984116
3065,0.9082594141364098,3065,0.8470639139413834,0.8708807080984116
3066,0.9082594141364098,3066,0.8470639139413834,0.8708807080984116
3067,0.9082594141364098,3067,0.8470639139413834,0.8708807080984116
3068,0.9082594141364098,3068,0.8470639139413834,0.8708807080984116
3069,0.9082594141364098,3069,0.8470639139413834,0.8708807080984116
3070,0.9082594141364098,3070,0.8470639139413834,0.8708807080984116
3071,0.9082594141364098,3071,0.8470639139413834,0.8708807080984116
3072,0.9082594141364098,3072,0.8470639139413834,0.8708807080984116
3073,0.9082594141364098,3073,0.8470639139413834,0.8708807080984116
3074,0.9082594141364098,3074,0.8470639139413834,0.8708807080984116
3075,0.9082594141364098,3075,0.8470639139413834,0.8708807080984116
3076,0.9082594141364098,3076,0.8470639139413834,0.8708807080984116
3077,0.9082594141364098,3077,0.8470639139413834,0.8708807080984116
3078,0.9082594141364098,3078,0.8470639139413834,0.8708807080984116
3079,0.9082594141364098,3079,0.8470639139413834,0.8708807080984116
3080,0.9082594141364098,3080,0.8470639139413834,0.8708807080984116
3081,0.9082594141364098,3081,0.8470639139413834,0.8708807080984116
3082,0.9082594141364098,3082,0.8470639139413834,0.8708807080984116
3083,0.9082594141364098,3083,0.8470639139413834,0.8708807080984116
3084,0.9082594141364098,3084,0.8470639139413834,0.8708807080984116
3085,0.9082594141364098,3085,0.8470639139413834,0.8708807080984116
3086,0.9082594141364098,3086,0.8470639139413834,0.8708807080984116
3087,0.9082594141364098,3087,0.8470639139413834,0.8708807080984116
3088,0.9082594141364098,3088,0.8470639139413834,0.8708807080984116
3089,0.9082594141364098,3089,0.8470639139413834,0.8708807080984116
3090,0.9082594141364098,3090,0.8470639139413834,0.8708807080984116
3091,0.9082594141364098,3091,0.8470639139413834,0.8708807080984116
3092,0.9082594141364098,3092,0.8470639139413834,0.8708807080984116
3093,0.9082594141364098,3093,0.8470639139413834,0.8708807080984116
3094,0.9082594141364098,3094,0.8470639139413834,0.8708807080984116
3095,0.9082594141364098,3095,0.8470639139413834,0.8708807080984116
3096,0.9082594141364098,3096,0.8470639139413834,0.8708807080984116
3097,0.9082594141364098,3097,0.8470639139413834,0.8708807080984116
3098,0.9082594141364098,3098,0.8470639139413834,0.8708807080984116
3099,0.9082594141364098,3099,0.8470639139413834,0.8708807080984116
3100,0.9082594141364098,3100,0.8470639139413834,0.8708807080984116
3101,0.9082594141364098,3101,0.8470639139413834,0.8708807080984116
3102,0.9082594141364098,3102,0.8470639139413834,0.8708807080984116
3103,0.9082594141364098,3103,0.8470639139413834,0.8708807080984116
3104,0.9082594141364098,3104,0.8470639139413834,0.8708807080984116
3105,0.9082594141364098,3105,0.8470639139413834,0.8708807080984116
3106,0.9082594141364098,3106,0.8470639139413834,0.8708807080984116
3107,0.9082594141364098,3107,0.8470639139413834,0.8708807080984116
3108,0.9082594141364098,3108,0.8470639139413834,0.8708807080984116
3109,0.9082594141364098,3109,0.8470639139413834,0.8708807080984116
3110,0.9082594141364098,3110,0.8470639139413834,0.8708807080984116
3111,0.9082594141364098,3111,0.8470639139413834,0.8708807080984116
3112,0.9082594141364098,3112,0.8470639139413834,0.8708807080984116
3113,0.9082594141364098,3113,0.8470639139413834,0.8708807080984116
3114,0.9082594141364098,3114,0.8470639139413834,0.8708807080984116
3115,0.9082594141364098,3115,0.8470639139413834,0.8708807080984116
3116,0.9082594141364098,3116,0.8470639139413834,0.8708807080984116
3117,0.9082594141364098,3117,0.8470639139413834,0.8708807080984116
3118,0.9082594141364098,3118,0.8470639139413834,0.8708807080984116
3119,0.9082594141364098,3119,0.8470639139413834,0.8708807080984116
3120,0.9082594141364098,3120,0.8470639139413834,0.8708807080984116
3121,0.9082594141364098,3121,0.8470639139413834,0.8708807080984116
3122,0.9082594141364098,3122,0.8470639139413834,0.8708807080984116
3123,0.9082594141364098,3123,0.8470639139413834,0.8708807080984116
3124,0.9082594141364098,3124,0.8470639139413834,0.8708807080984116
3125,0.9082594141364098,3125,0.8470639139413834,0.8708807080984116
3126,0.9082594141364098,3126,0.8470639139413834,0.8708807080984116
3127,0.9082594141364098,3127,0.8470639139413834,0.8708807080984116
3128,0.9082594141364098,3128,0.8470639139413834,0.8708807080984116
3129,0.9082594141364098,3129,0.8470639139413834,0.8708807080984116
3130,0.9082594141364098,3130,0.8470639139413834,0.8708807080984116
3131,0.9082594141364098,3131,0.8470639139413834,0.8708807080984116
3132,0.9082594141364098,3132,0.8470639139413834,0.8708807080984116
3133,0.9082594141364098,3133,0.8470639139413834,0.8708807080984116
3134,0.9082594141364098,3134,0.8470639139413834,0.8708807080984116
3135,0.9082594141364098,3135,0.8470639139413834,0.8708807080984116
3136,0.9082594141364098,3136,0.8470639139413834,0.8708807080984116
3137,0.9082594141364098,3137,0.8470639139413834,0.8708807080984116
3138,0.9082594141364098,3138,0.8470639139413834,0.8708807080984116
3139,0.9082594141364098,3139,0.8470639139413834,0.8708807080984116
3140,0.9082594141364098,3140,0.8470639139413834,0.8708807080984116
3141,0.9082594141364098,3141,0.8470639139413834,0.8708807080984116
3142,0.9082594141364098,3142,0.8470639139413834,0.8708807080984116
3143,0.9082594141364098,3143,0.8470639139413834,0.8708807080984116
3144,0.9082594141364098,3144,0.8470639139413834,0.8708807080984116
3145,0.9082594141364098,3145,0.8470639139413834,0.8708807080984116
3146,0.9082594141364098,3146,0.8470639139413834,0.8708807080984116
3147,0.9082594141364098,3147,0.8470639139413834,0.8708807080984116
3148,0.9082594141364098,3148,0.8470639139413834,0.8708807080984116
3149,0.9082594141364098,3149,0.8470639139413834,0.8708807080984116
3150,0.9082594141364098,3150,0.8470639139413834,0.8708807080984116
3151,0.9082594141364098,3151,0.8470639139413834,0.8708807080984116
3152,0.9082594141364098,3152,0.8470639139413834,0.8708807080984116
3153,0.9082594141364098,3153,0.8470639139413834,0.8708807080984116
3154,0.9082594141364098,3154,0.8470639139413834,0.8708807080984116
3155,0.9082594141364098,3155,0.8470639139413834,0.8708807080984116
3156,0.9082594141364098,3156,0.8470639139413834,0.8708807080984116
3157,0.9082594141364098,3157,0.8470639139413834,0.8708807080984116
3158,0.9082594141364098,3158,0.8470639139413834,0.8708807080984116
3159,0.9082594141364098,3159,0.8470639139413834,0.8708807080984116
3160,0.9082594141364098,3160,0.8470639139413834,0.8708807080984116
3161,0.9082594141364098,3161,0.8470639139413834,0.8708807080984116
3162,0.9082594141364098,3162,0.8470639139413834,0.8708807080984116
3163,0.9082594141364098,3163,0.8470639139413834,0.8708807080984116
3164,0.9082594141364098,3164,0.8470639139413834,0.8708807080984116
3165,0.9082594141364098,3165,0.8470639139413834,0.8708807080984116
3166,0.9082594141364098,3166,0.8470639139413834,0.8708807080984116
3167,0.9082594141364098,3167,0.8470639139413834,0.8708807080984116
3168,0.9082594141364098,3168,0.8470639139413834,0.8708807080984116
3169,0.9082594141364098,3169,0.8470639139413834,0.8708807080984116
3170,0.9082594141364098,3170,0.8470639139413834,0.8708807080984116
3171,0.9082594141364098,3171,0.8470639139413834,0.8708807080984116
3172,0.9082594141364098,3172,0.8470639139413834,0.8708807080984116
3173,0.9082594141364098,3173,0.8470639139413834,0.8708807080984116
3174,0.9082594141364098,3174,0.8470639139413834,0.8708807080984116
3175,0.9082594141364098,3175,0.8470639139413834,0.8708807080984116
3176,0.9082594141364098,3176,0.8470639139413834,0.8708807080984116
3177,0.9082594141364098,3177,0.8470639139413834,0.8708807080984116
3178,0.9082594141364098,3178,0.8470639139413834,0.8708807080984116
3179,0.9082594141364098,3179,0.8470639139413834,0.8708807080984116
3180,0.9082594141364098,3180,0.8470639139413834,0.8708807080984116
3181,0.9082594141364098,3181,0.8470639139413834,0.8708807080984116
3182,0.9082594141364098,3182,0.8470639139413834,0.8708807080984116
3183,0.9082594141364098,3183,0.8470639139413834,0.8708807080984116
3184,0.9082594141364098,3184,0.8470639139413834,0.8708807080984116
3185,0.9082594141364098,3185,0.8470639139413834,0.8708807080984116
3186,0.9082594141364098,3186,0.8470639139413834,0.8708807080984116
3187,0.9082594141364098,3187,0.8470639139413834,0.8708807080984116
3188,0.9082594141364098,3188,0.8470639139413834,0.8708807080984116
3189,0.9082594141364098,3189,0.8470639139413834,0.8708807080984116
3190,0.9082594141364098,3190,0.8470639139413834,0.8708807080984116
3191,0.9082594141364098,3191,0.8470639139413834,0.8708807080984116
3192,0.9082594141364098,3192,0.8470639139413834,0.8708807080984116
3193,0.9082594141364098,3193,0.8470639139413834,0.8708807080984116
3194,0.9082594141364098,3194,0.8470639139413834,0.8708807080984116
3195,0.9082594141364098,3195,0.8470639139413834,0.8708807080984116
3196,0.9082594141364098,3196,0.8470639139413834,0.8708807080984116
3197,0.9082594141364098,3197,0.8470639139413834,0.8708807080984116
3198,0.9082594141364098,3198,0.8470639139413834,0.8708807080984116
3199,0.9082594141364098,3199,0.8470639139413834,0.8708807080984116
3200,0.9082594141364098,3200,0.8470639139413834,0.8708807080984116
3201,0.9082594141364098,3201,0.8470639139413834,0.8708807080984116
3202,0.9082594141364098,3202,0.8470639139413834,0.8708807080984116
3203,0.9082594141364098,3203,0.8470639139413834,0.8708807080984116
3204,0.9082594141364098,3204,0.8470639139413834,0.8708807080984116
3205,0.9082594141364098,3205,0.8470639139413834,0.8708807080984116
3206,0.9082594141364098,3206,0.8470639139413834,0.8708807080984116
3207,0.9082594141364098,3207,0.8470639139413834,0.8708807080984116
3208,0.9082594141364098,3208,0.8470639139413834,0.8708807080984116
3209,0.9082594141364098,3209,0.8470639139413834,0.8708807080984116
3210,0.9082594141364098,3210,0.8470639139413834,0.8708807080984116
3211,0.9082594141364098,3211,0.8470639139413834,0.8708807080984116
3212,0.9082594141364098,3212,0.8470639139413834,0.8708807080984116
3213,0.9082594141364098,3213,0.8470639139413834,0.8708807080984116
3214,0.9082594141364098,3214,0.8470639139413834,0.8708807080984116
3215,0.9082594141364098,3215,0.8470639139413834,0.8708807080984116
3216,0.9082594141364098,3216,0.8470639139413834,0.8708807080984116
3217,0.9082594141364098,3217,0.8470639139413834,0.8708807080984116
3218,0.9082594141364098,3218,0.8470639139413834,0.8708807080984116
3219,0.9082594141364098,3219,0.8470639139413834,0.8708807080984116
3220,0.9082594141364098,3220,0.8470639139413834,0.8708807080984116
3221,0.9082594141364098,3221,0.8470639139413834,0.8708807080984116
3222,0.9082594141364098,3222,0.8470639139413834,0.8708807080984116
3223,0.9082594141364098,3223,0.8470639139413834,0.8708807080984116
3224,0.9082594141364098,3224,0.8470639139413834,0.8708807080984116
3225,0.9082594141364098,3225,0.8470639139413834,0.8708807080984116
3226,0.9082594141364098,3226,0.8470639139413834,0.8708807080984116
3227,0.9082594141364098,3227,0.8470639139413834,0.8708807080984116
3228,0.9082594141364098,3228,0.8470639139413834,0.8708807080984116
3229,0.9082594141364098,3229,0.8470639139413834,0.8708807080984116
3230,0.9082594141364098,3230,0.8470639139413834,0.8708807080984116
3231,0.9082594141364098,3231,0.8470639139413834,0.8708807080984116
3232,0.9082594141364098,3232,0.8470639139413834,0.8708807080984116
3233,0.9082594141364098,3233,0.8470639139413834,0.8708807080984116
3234,0.9082594141364098,3234,0.8470639139413834,0.8708807080984116
3235,0.9082594141364098,3235,0.8470639139413834,0.8708807080984116
3236,0.9082594141364098,3236,0.8470639139413834,0.8708807080984116
3237,0.9082594141364098,3237,0.8470639139413834,0.8708807080984116
3238,0.9082594141364098,3238,0.8470639139413834,0.8708807080984116
3239,0.9082594141364098,3239,0.8470639139413834,0.8708807080984116
3240,0.9082594141364098,3240,0.8470639139413834,0.8708807080984116
3241,0.9082594141364098,3241,0.8470639139413834,0.8708807080984116
3242,0.9082594141364098,3242,0.8470639139413834,0.8708807080984116
3243,0.9082594141364098,3243,0.8470639139413834,0.8708807080984116
3244,0.9082594141364098,3244,0.8470639139413834,0.8708807080984116
3245,0.9082594141364098,3245,0.8470639139413834,0.8708807080984116
3246,0.9082594141364098,3246,0.8470639139413834,0.8708807080984116
3247,0.9082594141364098,3247,0.8470639139413834,0.8708807080984116
3248,0.9082594141364098,3248,0.8470639139413834,0.8708807080984116
3249,0.9082594141364098,3249,0.8470639139413834,0.8708807080984116
3250,0.9084209576249123,3250,0.846853569149971,0.8679444491863251
3251,0.9084209576249123,3251,0.8468488156795502,0.8679444491863251
3252,0.9084209576249123,3252,0.8468488156795502,0.8679444491863251
3253,0.9084209576249123,3253,0.8468488156795502,0.8679444491863251
3254,0.9084209576249123,3254,0.8468488156795502,0.8679444491863251
3255,0.9084209576249123,3255,0.8468488156795502,0.8679444491863251
3256,0.9084209576249123,3256,0.8468488156795502,0.8679444491863251
3257,0.9084209576249123,3257,0.8468488156795502,0.8679444491863251
3258,0.9084209576249123,3258,0.8468488156795502,0.8679444491863251
3259,0.9084209576249123,3259,0.8468488156795502,0.8679444491863251
3260,0.9084209576249123,3260,0.8468488156795502,0.8679444491863251
3261,0.9084209576249123,3261,0.8468488156795502,0.8679444491863251
3262,0.9084209576249123,3262,0.8468488156795502,0.8679444491863251
3263,0.9084209576249123,3263,0.8468488156795502,0.8679444491863251
3264,0.9084209576249123,3264,0.8468488156795502,0.8679444491863251
3265,0.9084209576249123,3265,0.8468488156795502,0.8679444491863251
3266,0.9084209576249123,3266,0.8468488156795502,0.8679444491863251
3267,0.9084209576249123,3267,0.8468488156795502,0.8679444491863251
3268,0.9084209576249123,3268,0.8468488156795502,0.8679444491863251
3269,0.9084209576249123,3269,0.8468488156795502,0.8679444491863251
3270,0.9084209576249123,3270,0.8468488156795502,0.8679444491863251
3271,0.9084209576249123,3271,0.8468488156795502,0.8679444491863251
3272,0.9084209576249123,3272,0.8468488156795502,0.8679444491863251
3273,0.9084209576249123,3273,0.8468488156795502,0.8679444491863251
3274,0.9084209576249123,3274,0.8468488156795502,0.8679444491863251
3275,0.9084209576249123,3275,0.8468488156795502,0.8679444491863251
3276,0.9084209576249123,3276,0.8468488156795502,0.8679444491863251
3277,0.9084209576249123,3277,0.8468488156795502,0.8679444491863251
3278,0.9084209576249123,3278,0.8468488156795502,0.8679444491863251
3279,0.9084209576249123,3279,0.8468488156795502,0.8679444491863251
3280,0.9084209576249123,3280,0.8468488156795502,0.8679444491863251
3281,0.9084209576249123,3281,0.8468488156795502,0.8679444491863251
3282,0.9084209576249123,3282,0.8468488156795502,0.8679444491863251
3283,0.9084209576249123,3283,0.8468488156795502,0.8679444491863251
3284,0.9084209576249123,3284,0.8468488156795502,0.8679444491863251
3285,0.9084209576249123,3285,0.8468488156795502,0.8679444491863251
3286,0.9084209576249123,3286,0.8468488156795502,0.8679444491863251
3287,0.9084209576249123,3287,0.8468488156795502,0.8679444491863251
3288,0.9084209576249123,3288,0.8468488156795502,0.8679444491863251
3289,0.9084209576249123,3289,0.8468488156795502,0.8679444491863251
3290,0.9084209576249123,3290,0.8468488156795502,0.8679444491863251
3291,0.9084209576249123,3291,0.8468488156795502,0.8679444491863251
3292,0.9084209576249123,3292,0.8468488156795502,0.8679444491863251
3293,0.9084209576249123,3293,0.8468488156795502,0.8679444491863251
3294,0.9084209576249123,3294,0.8468488156795502,0.8679444491863251
3295,0.9084209576249123,3295,0.8468488156795502,0.8679444491863251
3296,0.9084209576249123,3296,0.8468488156795502,0.8679444491863251
3297,0.9084209576249123,3297,0.8468488156795502,0.8679444491863251
3298,0.9084209576249123,3298,0.8468488156795502,0.8679444491863251
3299,0.9084209576249123,3299,0.8468488156795502,0.8679444491863251
3300,0.9084209576249123,3300,0.8468488156795502,0.8679444491863251
3301,0.9084209576249123,3301,0.8468488156795502,0.8679444491863251
3302,0.9084209576249123,3302,0.8468488156795502,0.8679444491863251
3303,0.9084209576249123,3303,0.8468488156795502,0.8679444491863251
3304,0.9084209576249123,3304,0.8468488156795502,0.8679444491863251
3305,0.9084209576249123,3305,0.8468488156795502,0.8679444491863251
3306,0.9084209576249123,3306,0.8468488156795502,0.8679444491863251
3307,0.9084209576249123,3307,0.8468488156795502,0.8679444491863251
3308,0.9084209576249123,3308,0.8468488156795502,0.8679444491863251
3309,0.9084209576249123,3309,0.8468488156795502,0.8679444491863251
3310,0.9084209576249123,3310,0.8468488156795502,0.8679444491863251
3311,0.9084209576249123,3311,0.8468488156795502,0.8679444491863251
3312,0.9084209576249123,3312,0.8468488156795502,0.8679444491863251
3313,0.9084209576249123,3313,0.8468488156795502,0.8679444491863251
3314,0.9084209576249123,3314,0.8468488156795502,0.8679444491863251
3315,0.9084209576249123,3315,0.8468488156795502,0.8679444491863251
3316,0.9084209576249123,3316,0.8468488156795502,0.8679444491863251
3317,0.9084209576249123,3317,0.8468488156795502,0.8679444491863251
3318,0.9084209576249123,3318,0.8468488156795502,0.8679444491863251
3319,0.9084209576249123,3319,0.8468488156795502,0.8679444491863251
3320,0.9084209576249123,3320,0.8468488156795502,0.8679444491863251
3321,0.9084209576249123,3321,0.8468488156795502,0.8679444491863251
3322,0.9084209576249123,3322,0.8468488156795502,0.8679444491863251
3323,0.9084209576249123,3323,0.8468488156795502,0.8679444491863251
3324,0.9084209576249123,3324,0.8468488156795502,0.8679444491863251
3325,0.9084209576249123,3325,0.8468488156795502,0.8679444491863251
3326,0.9084209576249123,3326,0.8468488156795502,0.8679444491863251
3327,0.9084209576249123,3327,0.8468488156795502,0.8679444491863251
3328,0.9084209576249123,3328,0.8468488156795502,0.8679444491863251
3329,0.9084209576249123,3329,0.8468488156795502,0.8679444491863251
3330,0.9084209576249123,3330,0.8468488156795502,0.8679444491863251
3331,0.9084209576249123,3331,0.8468488156795502,0.8679444491863251
3332,0.9084209576249123,3332,0.8468488156795502,0.8679444491863251
3333,0.9084209576249123,3333,0.8468488156795502,0.8679444491863251
3334,0.9084209576249123,3334,0.8468488156795502,0.8679444491863251
3335,0.9084209576249123,3335,0.8468488156795502,0.8679444491863251
3336,0.9084209576249123,3336,0.8468488156795502,0.8679444491863251
3337,0.9084209576249123,3337,0.8468488156795502,0.8679444491863251
3338,0.9084209576249123,3338,0.8468488156795502,0.8679444491863251
3339,0.9084209576249123,3339,0.8468488156795502,0.8679444491863251
3340,0.9084209576249123,3340,0.8468488156795502,0.8679444491863251
3341,0.9084209576249123,3341,0.8468488156795502,0.8679444491863251
3342,0.9084209576249123,3342,0.8468488156795502,0.8679444491863251
3343,0.9084209576249123,3343,0.8468488156795502,0.8679444491863251
3344,0.9084209576249123,3344,0.8468488156795502,0.8679444491863251
3345,0.9084209576249123,3345,0.8468488156795502,0.8679444491863251
3346,0.9084209576249123,3346,0.8468488156795502,0.8679444491863251
3347,0.9084209576249123,3347,0.8468488156795502,0.8679444491863251
3348,0.9084209576249123,3348,0.8468488156795502,0.8679444491863251
3349,0.9084209576249123,3349,0.8468488156795502,0.8679444491863251
3350,0.9084209576249123,3350,0.8468488156795502,0.8679444491863251
3351,0.9084209576249123,3351,0.8468488156795502,0.8679444491863251
3352,0.9084209576249123,3352,0.8468488156795502,0.8679444491863251
3353,0.9084209576249123,3353,0.8468488156795502,0.8679444491863251
3354,0.9084209576249123,3354,0.8468488156795502,0.8679444491863251
3355,0.9084209576249123,3355,0.8468488156795502,0.8679444491863251
3356,0.9084209576249123,3356,0.8468488156795502,0.8679444491863251
3357,0.9084209576249123,3357,0.8468488156795502,0.8679444491863251
3358,0.9084209576249123,3358,0.8468488156795502,0.8679444491863251
3359,0.9084209576249123,3359,0.8468488156795502,0.8679444491863251
3360,0.9084209576249123,3360,0.8468488156795502,0.8679444491863251
3361,0.9084209576249123,3361,0.8468488156795502,0.8679444491863251
3362,0.9084209576249123,3362,0.8468488156795502,0.8679444491863251
3363,0.9084209576249123,3363,0.8468488156795502,0.8679444491863251
3364,0.9084209576249123,3364,0.8468488156795502,0.8679444491863251
3365,0.9084209576249123,3365,0.8468488156795502,0.8679444491863251
3366,0.9084209576249123,3366,0.8468488156795502,0.8679444491863251
3367,0.9084209576249123,3367,0.8468488156795502,0.8679444491863251
3368,0.9084209576249123,3368,0.8468488156795502,0.8679444491863251
3369,0.9084209576249123,3369,0.8468488156795502,0.8679444491863251
3370,0.9084209576249123,3370,0.8468488156795502,0.8679444491863251
3371,0.9084209576249123,3371,0.8468488156795502,0.8679444491863251
3372,0.9084209576249123,3372,0.8468488156795502,0.8679444491863251
3373,0.9084209576249123,3373,0.8468488156795502,0.8679444491863251
3374,0.9084209576249123,3374,0.8468488156795502,0.8679444491863251
3375,0.9084209576249123,3375,0.8468488156795502,0.8679444491863251
3376,0.9084209576249123,3376,0.8468488156795502,0.8679444491863251
3377,0.9084209576249123,3377,0.8468488156795502,0.8679444491863251
3378,0.9084209576249123,3378,0.8468488156795502,0.8679444491863251
3379,0.9084209576249123,3379,0.8468488156795502,0.8679444491863251
3380,0.9084209576249123,3380,0.8468488156795502,0.8679444491863251
3381,0.9084209576249123,3381,0.8468488156795502,0.8679444491863251
3382,0.9084209576249123,3382,0.8468488156795502,0.8679444491863251
3383,0.9084209576249123,3383,0.8468488156795502,0.8679444491863251
3384,0.9084209576249123,3384,0.8468488156795502,0.8679444491863251
3385,0.9084209576249123,3385,0.8468488156795502,0.8679444491863251
3386,0.9084209576249123,3386,0.8468488156795502,0.8679444491863251
3387,0.9084209576249123,3387,0.8468488156795502,0.8679444491863251
3388,0.9084209576249123,3388,0.8468488156795502,0.8679444491863251
3389,0.9084209576249123,3389,0.8468488156795502,0.8679444491863251
3390,0.9084209576249123,3390,0.8468488156795502,0.8679444491863251
3391,0.9084209576249123,3391,0.8468488156795502,0.8679444491863251
3392,0.9084209576249123,3392,0.846853569149971,0.8679444491863251
3393,0.9084209576249123,3393,0.846853569149971,0.8679444491863251
3394,0.9084209576249123,3394,0.846853569149971,0.8679444491863251
3395,0.9084209576249123,3395,0.846853569149971,0.8679444491863251
3396,0.9084209576249123,3396,0.846853569149971,0.8679444491863251
3397,0.9084209576249123,3397,0.846853569149971,0.8679444491863251
3398,0.9084209576249123,3398,0.846853569149971,0.8679444491863251
3399,0.9084209576249123,3399,0.846853569149971,0.8679444491863251
3400,0.9084209576249123,3400,0.846853569149971,0.8679444491863251
3401,0.9084209576249123,3401,0.846853569149971,0.8679444491863251
3402,0.9084209576249123,3402,0.846853569149971,0.8679444491863251
3403,0.9084209576249123,3403,0.846853569149971,0.8679444491863251
3404,0.9084209576249123,3404,0.846853569149971,0.8679444491863251
3405,0.9084209576249123,3405,0.846853569149971,0.8679444491863251
3406,0.9084209576249123,3406,0.846853569149971,0.8679444491863251
3407,0.9084209576249123,3407,0.846853569149971,0.8679444491863251
3408,0.9084209576249123,3408,0.846853569149971,0.8679444491863251
3409,0.9084209576249123,3409,0.846853569149971,0.8679444491863251
3410,0.9084209576249123,3410,0.846853569149971,0.8679444491863251
3411,0.9084209576249123,3411,0.846853569149971,0.8679444491863251
3412,0.9084209576249123,3412,0.846853569149971,0.8679444491863251
3413,0.9084209576249123,3413,0.846853569149971,0.8679444491863251
3414,0.9084209576249123,3414,0.846853569149971,0.8679444491863251
3415,0.9084209576249123,3415,0.846853569149971,0.8679444491863251
3416,0.9084209576249123,3416,0.846853569149971,0.8679444491863251
3417,0.9084209576249123,3417,0.846853569149971,0.8679444491863251
3418,0.9084209576249123,3418,0.846853569149971,0.8679444491863251
3419,0.9084209576249123,3419,0.846853569149971,0.8679444491863251
3420,0.9084209576249123,3420,0.846853569149971,0.8679444491863251
3421,0.9084209576249123,3421,0.846853569149971,0.8679444491863251
3422,0.9084209576249123,3422,0.846853569149971,0.8679444491863251
3423,0.9084209576249123,3423,0.846853569149971,0.8679444491863251
3424,0.9084209576249123,3424,0.846853569149971,0.8679444491863251
3425,0.9084209576249123,3425,0.846853569149971,0.8679444491863251
3426,0.9084209576249123,3426,0.846853569149971,0.8679444491863251
3427,0.9084209576249123,3427,0.846853569149971,0.8679444491863251
3428,0.9084209576249123,3428,0.846853569149971,0.8679444491863251
3429,0.9084209576249123,3429,0.846853569149971,0.8679444491863251
3430,0.9084209576249123,3430,0.846853569149971,0.8679444491863251
3431,0.9084209576249123,3431,0.846853569149971,0.8679444491863251
3432,0.9084209576249123,3432,0.846853569149971,0.8679444491863251
3433,0.9084209576249123,3433,0.846853569149971,0.8679444491863251
3434,0.9084209576249123,3434,0.846853569149971,0.8679444491863251
3435,0.9084209576249123,3435,0.846853569149971,0.8679444491863251
3436,0.9084209576249123,3436,0.846853569149971,0.8679444491863251
3437,0.9084209576249123,3437,0.846853569149971,0.8679444491863251
3438,0.9084209576249123,3438,0.846853569149971,0.8679444491863251
3439,0.9084209576249123,3439,0.846853569149971,0.8679444491863251
3440,0.9084209576249123,3440,0.846853569149971,0.8679444491863251
3441,0.9084209576249123,3441,0.846853569149971,0.8679444491863251
3442,0.9084209576249123,3442,0.846853569149971,0.8679444491863251
3443,0.9084209576249123,3443,0.846853569149971,0.8679444491863251
3444,0.9084209576249123,3444,0.846853569149971,0.8679444491863251
3445,0.9084209576249123,3445,0.846853569149971,0.8679444491863251
3446,0.9084209576249123,3446,0.846853569149971,0.8679444491863251
3447,0.9084209576249123,3447,0.846853569149971,0.8679444491863251
3448,0.9084209576249123,3448,0.846853569149971,0.8679444491863251
3449,0.9084209576249123,3449,0.846853569149971,0.8679444491863251
3450,0.9084209576249123,3450,0.846853569149971,0.8679444491863251
3451,0.9084209576249123,3451,0.846853569149971,0.8679444491863251
3452,0.9084209576249123,3452,0.846853569149971,0.8679444491863251
3453,0.9084209576249123,3453,0.846853569149971,0.8679444491863251
3454,0.9084209576249123,3454,0.846853569149971,0.8679444491863251
3455,0.9084209576249123,3455,0.846853569149971,0.8679444491863251
3456,0.9084209576249123,3456,0.846853569149971,0.8679444491863251
3457,0.9084209576249123,3457,0.846853569149971,0.8679444491863251
3458,0.9084209576249123,3458,0.846853569149971,0.8679444491863251
3459,0.9084209576249123,3459,0.846853569149971,0.8679444491863251
3460,0.9084209576249123,3460,0.846853569149971,0.8679444491863251
3461,0.9084209576249123,3461,0.846853569149971,0.8679444491863251
3462,0.9084209576249123,3462,0.846853569149971,0.8679444491863251
3463,0.9084209576249123,3463,0.846853569149971,0.8679444491863251
3464,0.9084209576249123,3464,0.846853569149971,0.8679444491863251
3465,0.9084209576249123,3465,0.846853569149971,0.8679444491863251
3466,0.9084209576249123,3466,0.846853569149971,0.8679444491863251
3467,0.9084209576249123,3467,0.846853569149971,0.8679444491863251
3468,0.9084209576249123,3468,0.846853569149971,0.8679444491863251
3469,0.9084209576249123,3469,0.846853569149971,0.8679444491863251
3470,0.9084209576249123,3470,0.846853569149971,0.8679444491863251
3471,0.9084209576249123,3471,0.846853569149971,0.8679444491863251
3472,0.9084209576249123,3472,0.846853569149971,0.8679444491863251
3473,0.9084209576249123,3473,0.846853569149971,0.8679444491863251
3474,0.9084209576249123,3474,0.846853569149971,0.8679444491863251
3475,0.9084209576249123,3475,0.846853569149971,0.8679444491863251
3476,0.9084209576249123,3476,0.846853569149971,0.8679444491863251
3477,0.9084209576249123,3477,0.846853569149971,0.8679444491863251
3478,0.9084209576249123,3478,0.846853569149971,0.8679444491863251
3479,0.9084209576249123,3479,0.846853569149971,0.8679444491863251
3480,0.9084209576249123,3480,0.846853569149971,0.8679444491863251
3481,0.9084209576249123,3481,0.846853569149971,0.8679444491863251
3482,0.9084209576249123,3482,0.846853569149971,0.8679444491863251
3483,0.9084209576249123,3483,0.846853569149971,0.8679444491863251
3484,0.9084209576249123,3484,0.846853569149971,0.8679444491863251
3485,0.9084209576249123,3485,0.846853569149971,0.8679444491863251
3486,0.9084209576249123,3486,0.846853569149971,0.8679444491863251
3487,0.9084209576249123,3487,0.846853569149971,0.8679444491863251
3488,0.9084209576249123,3488,0.846853569149971,0.8679444491863251
3489,0.9084209576249123,3489,0.846853569149971,0.8679444491863251
3490,0.9084209576249123,3490,0.846853569149971,0.8679444491863251
3491,0.9084209576249123,3491,0.846853569149971,0.8679444491863251
3492,0.9084209576249123,3492,0.846853569149971,0.8679444491863251
3493,0.9084209576249123,3493,0.846853569149971,0.8679444491863251
3494,0.9084209576249123,3494,0.846853569149971,0.8679444491863251
3495,0.9084209576249123,3495,0.846853569149971,0.8679444491863251
3496,0.9084209576249123,3496,0.846853569149971,0.8679444491863251
3497,0.9084209576249123,3497,0.846853569149971,0.8679444491863251
3498,0.9084209576249123,3498,0.846853569149971,0.8679444491863251
3499,0.9084209576249123,3499,0.846853569149971,0.8679444491863251
3500,0.9085787311196327,3500,0.8467242568731308,0.8681317269802094
3501,0.9085787311196327,3501,0.84671950340271,0.8681317269802094
3502,0.9085787311196327,3502,0.84671950340271,0.8681317269802094
3503,0.9085787311196327,3503,0.84671950340271,0.8681317269802094
3504,0.9085787311196327,3504,0.84671950340271,0.8681317269802094
3505,0.9085787311196327,3505,0.84671950340271,0.8681317269802094
3506,0.9085787311196327,3506,0.84671950340271,0.8681317269802094
3507,0.9085787311196327,3507,0.84671950340271,0.8681317269802094
3508,0.9085787311196327,3508,0.84671950340271,0.8681317269802094
3509,0.9085787311196327,3509,0.84671950340271,0.8681317269802094
3510,0.9085787311196327,3510,0.84671950340271,0.8681317269802094
3511,0.9085787311196327,3511,0.84671950340271,0.8681317269802094
3512,0.9085787311196327,3512,0.84671950340271,0.8681317269802094
3513,0.9085787311196327,3513,0.84671950340271,0.8681317269802094
3514,0.9085787311196327,3514,0.84671950340271,0.8681317269802094
3515,0.9085787311196327,3515,0.84671950340271,0.8681317269802094
3516,0.9085787311196327,3516,0.84671950340271,0.8681317269802094
3517,0.9085787311196327,3517,0.84671950340271,0.8681317269802094
3518,0.9085787311196327,3518,0.84671950340271,0.8681317269802094
3519,0.9085787311196327,3519,0.84671950340271,0.8681317269802094
3520,0.9085787311196327,3520,0.84671950340271,0.8681317269802094
3521,0.9085787311196327,3521,0.84671950340271,0.8681317269802094
3522,0.9085787311196327,3522,0.84671950340271,0.8681317269802094
3523,0.9085787311196327,3523,0.84671950340271,0.8681317269802094
3524,0.9085787311196327,3524,0.84671950340271,0.8681317269802094
3525,0.9085787311196327,3525,0.84671950340271,0.8681317269802094
3526,0.9085787311196327,3526,0.84671950340271,0.8681317269802094
3527,0.9085787311196327,3527,0.84671950340271,0.8681317269802094
3528,0.9085787311196327,3528,0.84671950340271,0.8681317269802094
3529,0.9085787311196327,3529,0.84671950340271,0.8681317269802094
3530,0.9085787311196327,3530,0.84671950340271,0.8681317269802094
3531,0.9085787311196327,3531,0.84671950340271,0.8681317269802094
3532,0.9085787311196327,3532,0.84671950340271,0.8681317269802094
3533,0.9085787311196327,3533,0.84671950340271,0.8681317269802094
3534,0.9085787311196327,3534,0.84671950340271,0.8681317269802094
3535,0.9085787311196327,3535,0.84671950340271,0.8681317269802094
3536,0.9085787311196327,3536,0.84671950340271,0.8681317269802094
3537,0.9085787311196327,3537,0.84671950340271,0.8681317269802094
3538,0.9085787311196327,3538,0.84671950340271,0.8681317269802094
3539,0.9085787311196327,3539,0.84671950340271,0.8681317269802094
3540,0.9085787311196327,3540,0.84671950340271,0.8681317269802094
3541,0.9085787311196327,3541,0.84671950340271,0.8681317269802094
3542,0.9085787311196327,3542,0.84671950340271,0.8681317269802094
3543,0.9085787311196327,3543,0.84671950340271,0.8681317269802094
3544,0.9085787311196327,3544,0.84671950340271,0.8681317269802094
3545,0.9085787311196327,3545,0.84671950340271,0.8681317269802094
3546,0.9085787311196327,3546,0.84671950340271,0.8681317269802094
3547,0.9085787311196327,3547,0.84671950340271,0.8681317269802094
3548,0.9085787311196327,3548,0.84671950340271,0.8681317269802094
3549,0.9085787311196327,3549,0.84671950340271,0.8681317269802094
3550,0.9085787311196327,3550,0.84671950340271,0.8681317269802094
3551,0.9085787311196327,3551,0.84671950340271,0.8681317269802094
3552,0.9085787311196327,3552,0.84671950340271,0.8681317269802094
3553,0.9085787311196327,3553,0.84671950340271,0.8681317269802094
3554,0.9085787311196327,3554,0.84671950340271,0.8681317269802094
3555,0.9085787311196327,3555,0.84671950340271,0.8681317269802094
3556,0.9085787311196327,3556,0.84671950340271,0.8681317269802094
3557,0.9085787311196327,3557,0.84671950340271,0.8681317269802094
3558,0.9085787311196327,3558,0.84671950340271,0.8681317269802094
3559,0.9085787311196327,3559,0.84671950340271,0.8681317269802094
3560,0.9085787311196327,3560,0.84671950340271,0.8681317269802094
3561,0.9085787311196327,3561,0.84671950340271,0.8681317269802094
3562,0.9085787311196327,3562,0.84671950340271,0.8681317269802094
3563,0.9085787311196327,3563,0.84671950340271,0.8681317269802094
3564,0.9085787311196327,3564,0.84671950340271,0.8681317269802094
3565,0.9085787311196327,3565,0.84671950340271,0.8681317269802094
3566,0.9085787311196327,3566,0.84671950340271,0.8681317269802094
3567,0.9085787311196327,3567,0.84671950340271,0.8681317269802094
3568,0.9085787311196327,3568,0.84671950340271,0.8681317269802094
3569,0.9085787311196327,3569,0.84671950340271,0.8681317269802094
3570,0.9085787311196327,3570,0.84671950340271,0.8681317269802094
3571,0.9085787311196327,3571,0.84671950340271,0.8681317269802094
3572,0.9085787311196327,3572,0.84671950340271,0.8681317269802094
3573,0.9085787311196327,3573,0.84671950340271,0.8681317269802094
3574,0.9085787311196327,3574,0.84671950340271,0.8681317269802094
3575,0.9085787311196327,3575,0.84671950340271,0.8681317269802094
3576,0.9085787311196327,3576,0.84671950340271,0.8681317269802094
3577,0.9085787311196327,3577,0.84671950340271,0.8681317269802094
3578,0.9085787311196327,3578,0.84671950340271,0.8681317269802094
3579,0.9085787311196327,3579,0.84671950340271,0.8681317269802094
3580,0.9085787311196327,3580,0.84671950340271,0.8681317269802094
3581,0.9085787311196327,3581,0.84671950340271,0.8681317269802094
3582,0.9085787311196327,3582,0.84671950340271,0.8681317269802094
3583,0.9085787311196327,3583,0.84671950340271,0.8681317269802094
3584,0.9085787311196327,3584,0.84671950340271,0.8681317269802094
3585,0.9085787311196327,3585,0.84671950340271,0.8681317269802094
3586,0.9085787311196327,3586,0.84671950340271,0.8681317269802094
3587,0.9085787311196327,3587,0.84671950340271,0.8681317269802094
3588,0.9085787311196327,3588,0.84671950340271,0.8681317269802094
3589,0.9085787311196327,3589,0.84671950340271,0.8681317269802094
3590,0.9085787311196327,3590,0.84671950340271,0.8681317269802094
3591,0.9085787311196327,3591,0.84671950340271,0.8681317269802094
3592,0.9085787311196327,3592,0.84671950340271,0.8681317269802094
3593,0.9085787311196327,3593,0.84671950340271,0.8681317269802094
3594,0.9085787311196327,3594,0.84671950340271,0.8681317269802094
3595,0.9085787311196327,3595,0.84671950340271,0.8681317269802094
3596,0.9085787311196327,3596,0.84671950340271,0.8681317269802094
3597,0.9085787311196327,3597,0.84671950340271,0.8681317269802094
3598,0.9085787311196327,3598,0.84671950340271,0.8681317269802094
3599,0.9085787311196327,3599,0.84671950340271,0.8681317269802094
3600,0.9085787311196327,3600,0.84671950340271,0.8681317269802094
3601,0.9085787311196327,3601,0.84671950340271,0.8681317269802094
3602,0.9085787311196327,3602,0.84671950340271,0.8681317269802094
3603,0.9085787311196327,3603,0.84671950340271,0.8681317269802094
3604,0.9085787311196327,3604,0.84671950340271,0.8681317269802094
3605,0.9085787311196327,3605,0.84671950340271,0.8681317269802094
3606,0.9085787311196327,3606,0.84671950340271,0.8681317269802094
3607,0.9085787311196327,3607,0.84671950340271,0.8681317269802094
3608,0.9085787311196327,3608,0.84671950340271,0.8681317269802094
3609,0.9085787311196327,3609,0.84671950340271,0.8681317269802094
3610,0.9085787311196327,3610,0.84671950340271,0.8681317269802094
3611,0.9085787311196327,3611,0.84671950340271,0.8681317269802094
3612,0.9085787311196327,3612,0.84671950340271,0.8681317269802094
3613,0.9085787311196327,3613,0.84671950340271,0.8681317269802094
3614,0.9085787311196327,3614,0.84671950340271,0.8681317269802094
3615,0.9085787311196327,3615,0.84671950340271,0.8681317269802094
3616,0.9085787311196327,3616,0.84671950340271,0.8681317269802094
3617,0.9085787311196327,3617,0.84671950340271,0.8681317269802094
3618,0.9085787311196327,3618,0.84671950340271,0.8681317269802094
3619,0.9085787311196327,3619,0.84671950340271,0.8681317269802094
3620,0.9085787311196327,3620,0.84671950340271,0.8681317269802094
3621,0.9085787311196327,3621,0.84671950340271,0.8681317269802094
3622,0.9085787311196327,3622,0.84671950340271,0.8681317269802094
3623,0.9085787311196327,3623,0.84671950340271,0.8681317269802094
3624,0.9085787311196327,3624,0.84671950340271,0.8681317269802094
3625,0.9085787311196327,3625,0.84671950340271,0.8681317269802094
3626,0.9085787311196327,3626,0.84671950340271,0.8681317269802094
3627,0.9085787311196327,3627,0.84671950340271,0.8681317269802094
3628,0.9085787311196327,3628,0.84671950340271,0.8681317269802094
3629,0.9085787311196327,3629,0.84671950340271,0.8681317269802094
3630,0.9085787311196327,3630,0.84671950340271,0.8681317269802094
3631,0.9085787311196327,3631,0.84671950340271,0.8681317269802094
3632,0.9085787311196327,3632,0.84671950340271,0.8681317269802094
3633,0.9085787311196327,3633,0.84671950340271,0.8681317269802094
3634,0.9085787311196327,3634,0.84671950340271,0.8681317269802094
3635,0.9085787311196327,3635,0.84671950340271,0.8681317269802094
3636,0.9085787311196327,3636,0.84671950340271,0.8681317269802094
3637,0.9085787311196327,3637,0.84671950340271,0.8681317269802094
3638,0.9085787311196327,3638,0.84671950340271,0.8681317269802094
3639,0.9085787311196327,3639,0.84671950340271,0.8681317269802094
3640,0.9085787311196327,3640,0.84671950340271,0.8681317269802094
3641,0.9085787311196327,3641,0.84671950340271,0.8681317269802094
3642,0.9085787311196327,3642,0.84671950340271,0.8681317269802094
3643,0.9085787311196327,3643,0.84671950340271,0.8681317269802094
3644,0.9085787311196327,3644,0.84671950340271,0.8681317269802094
3645,0.9085787311196327,3645,0.84671950340271,0.8681317269802094
3646,0.9085787311196327,3646,0.84671950340271,0.8681317269802094
3647,0.9085787311196327,3647,0.84671950340271,0.8681317269802094
3648,0.9085787311196327,3648,0.84671950340271,0.8681317269802094
3649,0.9085787311196327,3649,0.84671950340271,0.8681317269802094
3650,0.9085787311196327,3650,0.84671950340271,0.8681317269802094
3651,0.9085787311196327,3651,0.84671950340271,0.8681317269802094
3652,0.9085787311196327,3652,0.84671950340271,0.8681317269802094
3653,0.9085787311196327,3653,0.84671950340271,0.8681317269802094
3654,0.9085787311196327,3654,0.84671950340271,0.8681317269802094
3655,0.9085787311196327,3655,0.84671950340271,0.8681317269802094
3656,0.9085787311196327,3656,0.84671950340271,0.8681317269802094
3657,0.9085787311196327,3657,0.84671950340271,0.8681317269802094
3658,0.9085787311196327,3658,0.84671950340271,0.8681317269802094
3659,0.9085787311196327,3659,0.84671950340271,0.8681317269802094
3660,0.9085787311196327,3660,0.84671950340271,0.8681317269802094
3661,0.9085787311196327,3661,0.84671950340271,0.8681317269802094
3662,0.9085787311196327,3662,0.84671950340271,0.8681317269802094
3663,0.9085787311196327,3663,0.84671950340271,0.8681317269802094
3664,0.9085787311196327,3664,0.84671950340271,0.8681317269802094
3665,0.9085787311196327,3665,0.84671950340271,0.8681317269802094
3666,0.9085787311196327,3666,0.84671950340271,0.8681317269802094
3667,0.9085787311196327,3667,0.84671950340271,0.8681317269802094
3668,0.9085787311196327,3668,0.84671950340271,0.8681317269802094
3669,0.9085787311196327,3669,0.84671950340271,0.8681317269802094
3670,0.9085787311196327,3670,0.84671950340271,0.8681317269802094
3671,0.9085787311196327,3671,0.84671950340271,0.8681317269802094
3672,0.9085787311196327,3672,0.84671950340271,0.8681317269802094
3673,0.9085787311196327,3673,0.84671950340271,0.8681317269802094
3674,0.9085787311196327,3674,0.84671950340271,0.8681317269802094
3675,0.9085787311196327,3675,0.84671950340271,0.8681317269802094
3676,0.9085787311196327,3676,0.84671950340271,0.8681317269802094
3677,0.9085787311196327,3677,0.84671950340271,0.8681317269802094
3678,0.9085787311196327,3678,0.84671950340271,0.8681317269802094
3679,0.9085787311196327,3679,0.84671950340271,0.8681317269802094
3680,0.9085787311196327,3680,0.84671950340271,0.8681317269802094
3681,0.9085787311196327,3681,0.84671950340271,0.8681317269802094
3682,0.9085787311196327,3682,0.84671950340271,0.8681317269802094
3683,0.9085787311196327,3683,0.84671950340271,0.8681317269802094
3684,0.9085787311196327,3684,0.84671950340271,0.8681317269802094
3685,0.9085787311196327,3685,0.84671950340271,0.8681317269802094
3686,0.9085787311196327,3686,0.84671950340271,0.8681317269802094
3687,0.9085787311196327,3687,0.84671950340271,0.8681317269802094
3688,0.9085787311196327,3688,0.84671950340271,0.8681317269802094
3689,0.9085787311196327,3689,0.84671950340271,0.8681317269802094
3690,0.9085787311196327,3690,0.84671950340271,0.8681317269802094
3691,0.9085787311196327,3691,0.84671950340271,0.8681317269802094
3692,0.9085787311196327,3692,0.84671950340271,0.8681317269802094
3693,0.9085787311196327,3693,0.84671950340271,0.8681317269802094
3694,0.9085787311196327,3694,0.84671950340271,0.8681317269802094
3695,0.9085787311196327,3695,0.84671950340271,0.8681317269802094
3696,0.9085787311196327,3696,0.84671950340271,0.8681317269802094
3697,0.9085787311196327,3697,0.84671950340271,0.8681317269802094
3698,0.9085787311196327,3698,0.84671950340271,0.8681317269802094
3699,0.9085787311196327,3699,0.84671950340271,0.8681317269802094
3700,0.9085787311196327,3700,0.84671950340271,0.8681317269802094
3701,0.9085787311196327,3701,0.84671950340271,0.8681317269802094
3702,0.9085787311196327,3702,0.84671950340271,0.8681317269802094
3703,0.9085787311196327,3703,0.84671950340271,0.8681317269802094
3704,0.9085787311196327,3704,0.84671950340271,0.8681317269802094
3705,0.9085787311196327,3705,0.84671950340271,0.8681317269802094
3706,0.9085787311196327,3706,0.84671950340271,0.8681317269802094
3707,0.9085787311196327,3707,0.84671950340271,0.8681317269802094
3708,0.9085787311196327,3708,0.84671950340271,0.8681317269802094
3709,0.9085787311196327,3709,0.84671950340271,0.8681317269802094
3710,0.9085787311196327,3710,0.84671950340271,0.8681317269802094
3711,0.9085787311196327,3711,0.84671950340271,0.8681317269802094
3712,0.9085787311196327,3712,0.84671950340271,0.8681317269802094
3713,0.9085787311196327,3713,0.84671950340271,0.8681317269802094
3714,0.9085787311196327,3714,0.84671950340271,0.8681317269802094
3715,0.9085787311196327,3715,0.84671950340271,0.8681317269802094
3716,0.9085787311196327,3716,0.84671950340271,0.8681317269802094
3717,0.9085787311196327,3717,0.84671950340271,0.8681317269802094
3718,0.9085787311196327,3718,0.84671950340271,0.8681317269802094
3719,0.9085787311196327,3719,0.84671950340271,0.8681317269802094
3720,0.9085787311196327,3720,0.84671950340271,0.8681317269802094
3721,0.9085787311196327,3721,0.84671950340271,0.8681317269802094
3722,0.9085787311196327,3722,0.84671950340271,0.8681317269802094
3723,0.9085787311196327,3723,0.84671950340271,0.8681317269802094
3724,0.9085787311196327,3724,0.84671950340271,0.8681317269802094
3725,0.9085787311196327,3725,0.84671950340271,0.8681317269802094
3726,0.9085787311196327,3726,0.84671950340271,0.8681317269802094
3727,0.9085787311196327,3727,0.84671950340271,0.8681317269802094
3728,0.9085787311196327,3728,0.84671950340271,0.8681317269802094
3729,0.9085787311196327,3729,0.84671950340271,0.8681317269802094
3730,0.9085787311196327,3730,0.84671950340271,0.8681317269802094
3731,0.9085787311196327,3731,0.84671950340271,0.8681317269802094
3732,0.9085787311196327,3732,0.84671950340271,0.8681317269802094
3733,0.9085787311196327,3733,0.84671950340271,0.8681317269802094
3734,0.9085787311196327,3734,0.84671950340271,0.8681317269802094
3735,0.9085787311196327,3735,0.84671950340271,0.8681317269802094
3736,0.9085787311196327,3736,0.84671950340271,0.8681317269802094
3737,0.9085787311196327,3737,0.84671950340271,0.8681317269802094
3738,0.9085787311196327,3738,0.84671950340271,0.8681317269802094
3739,0.9085787311196327,3739,0.84671950340271,0.8681317269802094
3740,0.9085787311196327,3740,0.84671950340271,0.8681317269802094
3741,0.9085787311196327,3741,0.84671950340271,0.8681317269802094
3742,0.9085787311196327,3742,0.84671950340271,0.8681317269802094
3743,0.9085787311196327,3743,0.84671950340271,0.8681317269802094
3744,0.9085787311196327,3744,0.84671950340271,0.8681317269802094
3745,0.9085787311196327,3745,0.84671950340271,0.8681317269802094
3746,0.9085787311196327,3746,0.84671950340271,0.8681317269802094
3747,0.9085787311196327,3747,0.84671950340271,0.8681317269802094
3748,0.9085787311196327,3748,0.84671950340271,0.8681317269802094
3749,0.9085787311196327,3749,0.84671950340271,0.8681317269802094
3750,0.9090601950883865,3750,0.8446434587240219,0.867798462510109
3751,0.9090601950883865,3751,0.8446434587240219,0.867798462510109
3752,0.9090601950883865,3752,0.8446434587240219,0.867798462510109
3753,0.9090601950883865,3753,0.8446434587240219,0.867798462510109
3754,0.9090601950883865,3754,0.8446434587240219,0.867798462510109
3755,0.9090601950883865,3755,0.8446434587240219,0.867798462510109
3756,0.9090601950883865,3756,0.8446482270956039,0.867798462510109
3757,0.9090601950883865,3757,0.8446482270956039,0.867798462510109
3758,0.9090601950883865,3758,0.8446482270956039,0.867798462510109
3759,0.9090601950883865,3759,0.8446482270956039,0.867798462510109
3760,0.9090601950883865,3760,0.8446482270956039,0.867798462510109
3761,0.9090601950883865,3761,0.8446482270956039,0.867798462510109
3762,0.9090601950883865,3762,0.8446482270956039,0.867798462510109
3763,0.9090601950883865,3763,0.8446482270956039,0.867798462510109
3764,0.9090601950883865,3764,0.8446482270956039,0.867798462510109
3765,0.9090601950883865,3765,0.8446482270956039,0.867798462510109
3766,0.9090601950883865,3766,0.8446482270956039,0.867798462510109
3767,0.9090601950883865,3767,0.8446482270956039,0.867798462510109
3768,0.9090601950883865,3768,0.8446482270956039,0.867798462510109
3769,0.9090601950883865,3769,0.8446482270956039,0.867798462510109
3770,0.9090601950883865,3770,0.8446482270956039,0.867798462510109
3771,0.9090601950883865,3771,0.8446482270956039,0.867798462510109
3772,0.9090601950883865,3772,0.8446482270956039,0.867798462510109
3773,0.9090601950883865,3773,0.8446482270956039,0.867798462510109
3774,0.9090601950883865,3774,0.8446482270956039,0.867798462510109
3775,0.9090601950883865,3775,0.8446482270956039,0.867798462510109
3776,0.9090601950883865,3776,0.8446482270956039,0.867798462510109
3777,0.9090601950883865,3777,0.8446482270956039,0.867798462510109
3778,0.9090601950883865,3778,0.8446482270956039,0.867798462510109
3779,0.9090601950883865,3779,0.8446482270956039,0.867798462510109
3780,0.9090601950883865,3780,0.8446482270956039,0.867798462510109
3781,0.9090601950883865,3781,0.8446482270956039,0.867798462510109
3782,0.9090601950883865,3782,0.8446482270956039,0.867798462510109
3783,0.9090601950883865,3783,0.8446482270956039,0.867798462510109
3784,0.9090601950883865,3784,0.8446482270956039,0.867798462510109
3785,0.9090601950883865,3785,0.8446482270956039,0.867798462510109
3786,0.9090601950883865,3786,0.8446482270956039,0.867798462510109
3787,0.9090601950883865,3787,0.8446482270956039,0.867798462510109
3788,0.9090601950883865,3788,0.8446482270956039,0.867798462510109
3789,0.9090601950883865,3789,0.8446482270956039,0.867798462510109
3790,0.9090601950883865,3790,0.8446482270956039,0.867798462510109
3791,0.9090601950883865,3791,0.8446482270956039,0.867798462510109
3792,0.9090601950883865,3792,0.8446482270956039,0.867798462510109
3793,0.9090601950883865,3793,0.8446482270956039,0.867798462510109
3794,0.9090601950883865,3794,0.8446482270956039,0.867798462510109
3795,0.9090601950883865,3795,0.8446482270956039,0.867798462510109
3796,0.9090601950883865,3796,0.8446482270956039,0.867798462510109
3797,0.9090601950883865,3797,0.8446482270956039,0.867798462510109
3798,0.9090601950883865,3798,0.8446482270956039,0.867798462510109
3799,0.9090601950883865,3799,0.8446482270956039,0.867798462510109
3800,0.9090601950883865,3800,0.8446482270956039,0.867798462510109
3801,0.9090601950883865,3801,0.8446482270956039,0.867798462510109
3802,0.9090601950883865,3802,0.8446482270956039,0.867798462510109
3803,0.9090601950883865,3803,0.8446482270956039,0.867798462510109
3804,0.9090601950883865,3804,0.8446482270956039,0.867798462510109
3805,0.9090601950883865,3805,0.8446482270956039,0.867798462510109
3806,0.9090601950883865,3806,0.8446482270956039,0.867798462510109
3807,0.9090601950883865,3807,0.8446482270956039,0.867798462510109
3808,0.9090601950883865,3808,0.8446482270956039,0.867798462510109
3809,0.9090601950883865,3809,0.8446482270956039,0.867798462510109
3810,0.9090601950883865,3810,0.8446482270956039,0.867798462510109
3811,0.9090601950883865,3811,0.8446482270956039,0.867798462510109
3812,0.9090601950883865,3812,0.8446482270956039,0.867798462510109
3813,0.9090601950883865,3813,0.8446482270956039,0.867798462510109
3814,0.9090601950883865,3814,0.8446482270956039,0.867798462510109
3815,0.9090601950883865,3815,0.8446482270956039,0.867798462510109
3816,0.9090601950883865,3816,0.8446482270956039,0.867798462510109
3817,0.9090601950883865,3817,0.8446482270956039,0.867798462510109
3818,0.9090601950883865,3818,0.8446482270956039,0.867798462510109
3819,0.9090601950883865,3819,0.8446482270956039,0.867798462510109
3820,0.9090601950883865,3820,0.8446482270956039,0.867798462510109
3821,0.9090601950883865,3821,0.8446482270956039,0.867798462510109
3822,0.9090601950883865,3822,0.8446482270956039,0.867798462510109
3823,0.9090601950883865,3823,0.8446482270956039,0.867798462510109
3824,0.9090601950883865,3824,0.8446482270956039,0.867798462510109
3825,0.9090601950883865,3825,0.8446482270956039,0.867798462510109
3826,0.9090601950883865,3826,0.8446482270956039,0.867798462510109
3827,0.9090601950883865,3827,0.8446482270956039,0.867798462510109
3828,0.9090601950883865,3828,0.8446482270956039,0.867798462510109
3829,0.9090601950883865,3829,0.8446482270956039,0.867798462510109
3830,0.9090601950883865,3830,0.8446482270956039,0.867798462510109
3831,0.9090601950883865,3831,0.8446482270956039,0.867798462510109
3832,0.9090601950883865,3832,0.8446482270956039,0.867798462510109
3833,0.9090601950883865,3833,0.8446482270956039,0.867798462510109
3834,0.9090601950883865,3834,0.8446482270956039,0.867798462510109
3835,0.9090601950883865,3835,0.8446482270956039,0.867798462510109
3836,0.9090601950883865,3836,0.8446482270956039,0.867798462510109
3837,0.9090601950883865,3837,0.8446482270956039,0.867798462510109
3838,0.9090601950883865,3838,0.8446482270956039,0.867798462510109
3839,0.9090601950883865,3839,0.8446482270956039,0.867798462510109
3840,0.9090601950883865,3840,0.8446482270956039,0.867798462510109
3841,0.9090601950883865,3841,0.8446482270956039,0.867798462510109
3842,0.9090601950883865,3842,0.8446482270956039,0.867798462510109
3843,0.9090601950883865,3843,0.8446482270956039,0.867798462510109
3844,0.9090601950883865,3844,0.8446482270956039,0.867798462510109
3845,0.9090601950883865,3845,0.8446482270956039,0.867798462510109
3846,0.9090601950883865,3846,0.8446482270956039,0.867798462510109
3847,0.9090601950883865,3847,0.8446482270956039,0.867798462510109
3848,0.9090601950883865,3848,0.8446482270956039,0.867798462510109
3849,0.9090601950883865,3849,0.8446482270956039,0.867798462510109
3850,0.9090601950883865,3850,0.8446482270956039,0.867798462510109
3851,0.9090601950883865,3851,0.8446482270956039,0.867798462510109
3852,0.9090601950883865,3852,0.8446482270956039,0.867798462510109
3853,0.9090601950883865,3853,0.8446482270956039,0.867798462510109
3854,0.9090601950883865,3854,0.8446482270956039,0.867798462510109
3855,0.9090601950883865,3855,0.8446482270956039,0.867798462510109
3856,0.9090601950883865,3856,0.8446482270956039,0.867798462510109
3857,0.9090601950883865,3857,0.8446482270956039,0.867798462510109
3858,0.9090601950883865,3858,0.8446482270956039,0.867798462510109
3859,0.9090601950883865,3859,0.8446482270956039,0.867798462510109
3860,0.9090601950883865,3860,0.8446482270956039,0.867798462510109
3861,0.9090601950883865,3861,0.8446482270956039,0.867798462510109
3862,0.9090601950883865,3862,0.8446482270956039,0.867798462510109
3863,0.9090601950883865,3863,0.8446482270956039,0.867798462510109
3864,0.9090601950883865,3864,0.8446482270956039,0.867798462510109
3865,0.9090601950883865,3865,0.8446482270956039,0.867798462510109
3866,0.9090601950883865,3866,0.8446482270956039,0.867798462510109
3867,0.9090601950883865,3867,0.8446482270956039,0.867798462510109
3868,0.9090601950883865,3868,0.8446482270956039,0.867798462510109
3869,0.9090601950883865,3869,0.8446482270956039,0.867798462510109
3870,0.9090601950883865,3870,0.8446482270956039,0.867798462510109
3871,0.9090601950883865,3871,0.8446482270956039,0.867798462510109
3872,0.9090601950883865,3872,0.8446482270956039,0.867798462510109
3873,0.9090601950883865,3873,0.8446482270956039,0.867798462510109
3874,0.9090601950883865,3874,0.8446482270956039,0.867798462510109
3875,0.9090601950883865,3875,0.8446482270956039,0.867798462510109
3876,0.9090601950883865,3876,0.8446482270956039,0.867798462510109
3877,0.9090601950883865,3877,0.8446482270956039,0.867798462510109
3878,0.9090601950883865,3878,0.8446482270956039,0.867798462510109
3879,0.9090601950883865,3879,0.8446482270956039,0.867798462510109
3880,0.9090601950883865,3880,0.8446482270956039,0.867798462510109
3881,0.9090601950883865,3881,0.8446482270956039,0.867798462510109
3882,0.9090601950883865,3882,0.8446482270956039,0.867798462510109
3883,0.9090601950883865,3883,0.8446482270956039,0.867798462510109
3884,0.9090601950883865,3884,0.8446482270956039,0.867798462510109
3885,0.9090601950883865,3885,0.8446482270956039,0.867798462510109
3886,0.9090601950883865,3886,0.8446482270956039,0.867798462510109
3887,0.9090601950883865,3887,0.8446482270956039,0.867798462510109
3888,0.9090601950883865,3888,0.8446482270956039,0.867798462510109
3889,0.9090601950883865,3889,0.8446482270956039,0.867798462510109
3890,0.9090601950883865,3890,0.8446482270956039,0.867798462510109
3891,0.9090601950883865,3891,0.8446482270956039,0.867798462510109
3892,0.9090601950883865,3892,0.8446482270956039,0.867798462510109
3893,0.9090601950883865,3893,0.8446482270956039,0.867798462510109
3894,0.9090601950883865,3894,0.8446482270956039,0.867798462510109
3895,0.9090601950883865,3895,0.8446482270956039,0.867798462510109
3896,0.9090601950883865,3896,0.8446482270956039,0.867798462510109
3897,0.9090601950883865,3897,0.8446482270956039,0.867798462510109
3898,0.9090601950883865,3898,0.8446482270956039,0.867798462510109
3899,0.9090601950883865,3899,0.8446482270956039,0.867798462510109
3900,0.9090601950883865,3900,0.8446482270956039,0.867798462510109
3901,0.9090601950883865,3901,0.8446482270956039,0.867798462510109
3902,0.9090601950883865,3902,0.8446482270956039,0.867798462510109
3903,0.9090601950883865,3903,0.8446482270956039,0.867798462510109
3904,0.9090601950883865,3904,0.8446482270956039,0.867798462510109
3905,0.9090601950883865,3905,0.8446482270956039,0.867798462510109
3906,0.9090601950883865,3906,0.8446482270956039,0.867798462510109
3907,0.9090601950883865,3907,0.8446482270956039,0.867798462510109
3908,0.9090601950883865,3908,0.8446482270956039,0.867798462510109
3909,0.9090601950883865,3909,0.8446482270956039,0.867798462510109
3910,0.9090601950883865,3910,0.8446482270956039,0.867798462510109
3911,0.9090601950883865,3911,0.8446482270956039,0.867798462510109
3912,0.9090601950883865,3912,0.8446482270956039,0.867798462510109
3913,0.9090601950883865,3913,0.8446482270956039,0.867798462510109
3914,0.9090601950883865,3914,0.8446482270956039,0.867798462510109
3915,0.9090601950883865,3915,0.8446482270956039,0.867798462510109
3916,0.9090601950883865,3916,0.8446482270956039,0.867798462510109
3917,0.9090601950883865,3917,0.8446482270956039,0.867798462510109
3918,0.9090601950883865,3918,0.8446482270956039,0.867798462510109
3919,0.9090601950883865,3919,0.8446482270956039,0.867798462510109
3920,0.9090601950883865,3920,0.8446482270956039,0.867798462510109
3921,0.9090601950883865,3921,0.8446482270956039,0.867798462510109
3922,0.9090601950883865,3922,0.8446482270956039,0.867798462510109
3923,0.9090601950883865,3923,0.8446482270956039,0.867798462510109
3924,0.9090601950883865,3924,0.8446482270956039,0.867798462510109
3925,0.9090601950883865,3925,0.8446482270956039,0.867798462510109
3926,0.9090601950883865,3926,0.8446482270956039,0.867798462510109
3927,0.9090601950883865,3927,0.8446482270956039,0.867798462510109
3928,0.9090601950883865,3928,0.8446482270956039,0.867798462510109
3929,0.9090601950883865,3929,0.8446482270956039,0.867798462510109
3930,0.9090601950883865,3930,0.8446482270956039,0.867798462510109
3931,0.9090601950883865,3931,0.8446482270956039,0.867798462510109
3932,0.9090601950883865,3932,0.8446482270956039,0.867798462510109
3933,0.9090601950883865,3933,0.8446482270956039,0.867798462510109
3934,0.9090601950883865,3934,0.8446482270956039,0.867798462510109
3935,0.9090601950883865,3935,0.8446482270956039,0.867798462510109
3936,0.9090601950883865,3936,0.8446482270956039,0.867798462510109
3937,0.9090601950883865,3937,0.8446482270956039,0.867798462510109
3938,0.9090601950883865,3938,0.8446482270956039,0.867798462510109
3939,0.9090601950883865,3939,0.8446482270956039,0.867798462510109
3940,0.9090601950883865,3940,0.8446482270956039,0.867798462510109
3941,0.9090601950883865,3941,0.8446482270956039,0.867798462510109
3942,0.9090601950883865,3942,0.8446482270956039,0.867798462510109
3943,0.9090601950883865,3943,0.8446482270956039,0.867798462510109
3944,0.9090601950883865,3944,0.8446482270956039,0.867798462510109
3945,0.9090601950883865,3945,0.8446482270956039,0.867798462510109
3946,0.9090601950883865,3946,0.8446482270956039,0.867798462510109
3947,0.9090601950883865,3947,0.8446482270956039,0.867798462510109
3948,0.9090601950883865,3948,0.8446482270956039,0.867798462510109
3949,0.9090601950883865,3949,0.8446482270956039,0.867798462510109
3950,0.9090601950883865,3950,0.8446482270956039,0.867798462510109
3951,0.9090601950883865,3951,0.8446482270956039,0.867798462510109
3952,0.9090601950883865,3952,0.8446482270956039,0.867798462510109
3953,0.9090601950883865,3953,0.8446482270956039,0.867798462510109
3954,0.9090601950883865,3954,0.8446482270956039,0.867798462510109
3955,0.9090601950883865,3955,0.8446482270956039,0.867798462510109
3956,0.9090601950883865,3956,0.8446482270956039,0.867798462510109
3957,0.9090601950883865,3957,0.8446482270956039,0.867798462510109
3958,0.9090601950883865,3958,0.8446482270956039,0.867798462510109
3959,0.9090601950883865,3959,0.8446482270956039,0.867798462510109
3960,0.9090601950883865,3960,0.8446482270956039,0.867798462510109
3961,0.9090601950883865,3961,0.8446482270956039,0.867798462510109
3962,0.9090601950883865,3962,0.8446482270956039,0.867798462510109
3963,0.9090601950883865,3963,0.8446482270956039,0.867798462510109
3964,0.9090601950883865,3964,0.8446482270956039,0.867798462510109
3965,0.9090601950883865,3965,0.8446482270956039,0.867798462510109
3966,0.9090601950883865,3966,0.8446482270956039,0.867798462510109
3967,0.9090601950883865,3967,0.8446482270956039,0.867798462510109
3968,0.9090601950883865,3968,0.8446482270956039,0.867798462510109
3969,0.9090601950883865,3969,0.8446482270956039,0.867798462510109
3970,0.9090601950883865,3970,0.8446482270956039,0.867798462510109
3971,0.9090601950883865,3971,0.8446482270956039,0.867798462510109
3972,0.9090601950883865,3972,0.8446482270956039,0.867798462510109
3973,0.9090601950883865,3973,0.8446482270956039,0.867798462510109
3974,0.9090601950883865,3974,0.8446482270956039,0.867798462510109
3975,0.9090601950883865,3975,0.8446482270956039,0.867798462510109
3976,0.9090601950883865,3976,0.8446482270956039,0.867798462510109
3977,0.9090601950883865,3977,0.8446482270956039,0.867798462510109
3978,0.9090601950883865,3978,0.8446482270956039,0.867798462510109
3979,0.9090601950883865,3979,0.8446482270956039,0.867798462510109
3980,0.9090601950883865,3980,0.8446482270956039,0.867798462510109
3981,0.9090601950883865,3981,0.8446482270956039,0.867798462510109
3982,0.9090601950883865,3982,0.8446482270956039,0.867798462510109
3983,0.9090601950883865,3983,0.8446482270956039,0.867798462510109
3984,0.9090601950883865,3984,0.8446482270956039,0.867798462510109
3985,0.9090601950883865,3985,0.8446482270956039,0.867798462510109
3986,0.9090601950883865,3986,0.8446482270956039,0.867798462510109
3987,0.9090601950883865,3987,0.8446482270956039,0.867798462510109
3988,0.9090601950883865,3988,0.8446482270956039,0.867798462510109
3989,0.9090601950883865,3989,0.8446482270956039,0.867798462510109
3990,0.9090601950883865,3990,0.8446482270956039,0.867798462510109
3991,0.9090601950883865,3991,0.8446482270956039,0.867798462510109
3992,0.9090601950883865,3992,0.8446482270956039,0.867798462510109
3993,0.9090601950883865,3993,0.8446482270956039,0.867798462510109
3994,0.9090601950883865,3994,0.8446482270956039,0.867798462510109
3995,0.9090601950883865,3995,0.8446482270956039,0.867798462510109
3996,0.9090601950883865,3996,0.8446482270956039,0.867798462510109
3997,0.9090601950883865,3997,0.8446482270956039,0.867798462510109
3998,0.9090601950883865,3998,0.8446482270956039,0.867798462510109
3999,0.9090601950883865,3999,0.8446482270956039,0.867798462510109
4000,0.9088822305202484,4000,0.8439749181270599,0.8677683025598526
4001,0.9088822305202484,4001,0.8439701646566391,0.8677683025598526
4002,0.9088822305202484,4002,0.8439701646566391,0.8677683025598526
4003,0.9088822305202484,4003,0.8439701646566391,0.8677683025598526
4004,0.9088822305202484,4004,0.8439701646566391,0.8677683025598526
4005,0.9088822305202484,4005,0.8439701646566391,0.8677683025598526
4006,0.9088822305202484,4006,0.8439701646566391,0.8677683025598526
4007,0.9088822305202484,4007,0.8439701646566391,0.8677683025598526
4008,0.9088822305202484,4008,0.8439701646566391,0.8677683025598526
4009,0.9088822305202484,4009,0.8439701646566391,0.8677683025598526
4010,0.9088822305202484,4010,0.8439701646566391,0.8677683025598526
4011,0.9088822305202484,4011,0.8439701646566391,0.8677683025598526
4012,0.9088822305202484,4012,0.8439701646566391,0.8677683025598526
4013,0.9088822305202484,4013,0.8439701646566391,0.8677683025598526
4014,0.9088822305202484,4014,0.8439701646566391,0.8677683025598526
4015,0.9088822305202484,4015,0.8439701646566391,0.8677683025598526
4016,0.9088822305202484,4016,0.8439701646566391,0.8677683025598526
4017,0.9088822305202484,4017,0.8439701646566391,0.8677683025598526
4018,0.9088822305202484,4018,0.8439701646566391,0.8677683025598526
4019,0.9088822305202484,4019,0.8439701646566391,0.8677683025598526
4020,0.9088822305202484,4020,0.8439701646566391,0.8677683025598526
4021,0.9088822305202484,4021,0.8439701646566391,0.8677683025598526
4022,0.9088822305202484,4022,0.8439701646566391,0.8677683025598526
4023,0.9088822305202484,4023,0.8439701646566391,0.8677683025598526
4024,0.9088822305202484,4024,0.8439701646566391,0.8677683025598526
4025,0.9088822305202484,4025,0.8439701646566391,0.8677683025598526
4026,0.9088822305202484,4026,0.8439701646566391,0.8677683025598526
4027,0.9088822305202484,4027,0.8439701646566391,0.8677683025598526
4028,0.9088822305202484,4028,0.8439701646566391,0.8677683025598526
4029,0.9088822305202484,4029,0.8439701646566391,0.8677683025598526
4030,0.9088822305202484,4030,0.8439701646566391,0.8677683025598526
4031,0.9088822305202484,4031,0.8439701646566391,0.8677683025598526
4032,0.9088822305202484,4032,0.8439701646566391,0.8677683025598526
4033,0.9088822305202484,4033,0.8439701646566391,0.8677683025598526
4034,0.9088822305202484,4034,0.8439701646566391,0.8677683025598526
4035,0.9088822305202484,4035,0.8439701646566391,0.8677683025598526
4036,0.9088822305202484,4036,0.8439701646566391,0.8677683025598526
4037,0.9088822305202484,4037,0.8439701646566391,0.8677683025598526
4038,0.9088822305202484,4038,0.8439701646566391,0.8677683025598526
4039,0.9088822305202484,4039,0.8439701646566391,0.8677683025598526
4040,0.9088822305202484,4040,0.8439701646566391,0.8677683025598526
4041,0.9088822305202484,4041,0.8439701646566391,0.8677683025598526
4042,0.9088822305202484,4042,0.8439701646566391,0.8677683025598526
4043,0.9088822305202484,4043,0.8439701646566391,0.8677683025598526
4044,0.9088822305202484,4044,0.8439701646566391,0.8677683025598526
4045,0.9088822305202484,4045,0.8439701646566391,0.8677683025598526
4046,0.9088822305202484,4046,0.8439701646566391,0.8677683025598526
4047,0.9088822305202484,4047,0.8439701646566391,0.8677683025598526
4048,0.9088822305202484,4048,0.8439701646566391,0.8677683025598526
4049,0.9088822305202484,4049,0.8439701646566391,0.8677683025598526
4050,0.9088822305202484,4050,0.8439701646566391,0.8677683025598526
4051,0.9088822305202484,4051,0.8439701646566391,0.8677683025598526
4052,0.9088822305202484,4052,0.8439749181270599,0.8677683025598526
4053,0.9088822305202484,4053,0.8439749181270599,0.8677683025598526
4054,0.9088822305202484,4054,0.8439749181270599,0.8677683025598526
4055,0.9088822305202484,4055,0.8439749181270599,0.8677683025598526
4056,0.9088822305202484,4056,0.8439749181270599,0.8677683025598526
4057,0.9088822305202484,4057,0.8439749181270599,0.8677683025598526
4058,0.9088822305202484,4058,0.8439749181270599,0.8677683025598526
4059,0.9088822305202484,4059,0.8439749181270599,0.8677683025598526
4060,0.9088822305202484,4060,0.8439749181270599,0.8677683025598526
4061,0.9088822305202484,4061,0.8439749181270599,0.8677683025598526
4062,0.9088822305202484,4062,0.8439749181270599,0.8677683025598526
4063,0.9088822305202484,4063,0.8439749181270599,0.8677683025598526
4064,0.9088822305202484,4064,0.8439749181270599,0.8677683025598526
4065,0.9088822305202484,4065,0.8439749181270599,0.8677683025598526
4066,0.9088822305202484,4066,0.8439749181270599,0.8677683025598526
4067,0.9088822305202484,4067,0.8439749181270599,0.8677683025598526
4068,0.9088822305202484,4068,0.8439749181270599,0.8677683025598526
4069,0.9088822305202484,4069,0.8439749181270599,0.8677683025598526
4070,0.9088822305202484,4070,0.8439749181270599,0.8677683025598526
4071,0.9088822305202484,4071,0.8439749181270599,0.8677683025598526
4072,0.9088822305202484,4072,0.8439749181270599,0.8677683025598526
4073,0.9088822305202484,4073,0.8439749181270599,0.8677683025598526
4074,0.9088822305202484,4074,0.8439749181270599,0.8677683025598526
4075,0.9088822305202484,4075,0.8439749181270599,0.8677683025598526
4076,0.9088822305202484,4076,0.8439749181270599,0.8677683025598526
4077,0.9088822305202484,4077,0.8439749181270599,0.8677683025598526
4078,0.9088822305202484,4078,0.8439749181270599,0.8677683025598526
4079,0.9088822305202484,4079,0.8439749181270599,0.8677683025598526
4080,0.9088822305202484,4080,0.8439749181270599,0.8677683025598526
4081,0.9088822305202484,4081,0.8439749181270599,0.8677683025598526
4082,0.9088822305202484,4082,0.8439749181270599,0.8677683025598526
4083,0.9088822305202484,4083,0.8439749181270599,0.8677683025598526
4084,0.9088822305202484,4084,0.8439749181270599,0.8677683025598526
4085,0.9088822305202484,4085,0.8439749181270599,0.8677683025598526
4086,0.9088822305202484,4086,0.8439749181270599,0.8677683025598526
4087,0.9088822305202484,4087,0.8439749181270599,0.8677683025598526
4088,0.9088822305202484,4088,0.8439749181270599,0.8677683025598526
4089,0.9088822305202484,4089,0.8439749181270599,0.8677683025598526
4090,0.9088822305202484,4090,0.8439749181270599,0.8677683025598526
4091,0.9088822305202484,4091,0.8439749181270599,0.8677683025598526
4092,0.9088822305202484,4092,0.8439749181270599,0.8677683025598526
4093,0.9088822305202484,4093,0.8439749181270599,0.8677683025598526
4094,0.9088822305202484,4094,0.8439749181270599,0.8677683025598526
4095,0.9088822305202484,4095,0.8439749181270599,0.8677683025598526
4096,0.9088822305202484,4096,0.8439749181270599,0.8677683025598526
4097,0.9088822305202484,4097,0.8439749181270599,0.8677683025598526
4098,0.9088822305202484,4098,0.8439749181270599,0.8677683025598526
4099,0.9088822305202484,4099,0.8439749181270599,0.8677683025598526
4100,0.9088822305202484,4100,0.8439749181270599,0.8677683025598526
4101,0.9088822305202484,4101,0.8439749181270599,0.8677683025598526
4102,0.9088822305202484,4102,0.8439749181270599,0.8677683025598526
4103,0.9088822305202484,4103,0.8439749181270599,0.8677683025598526
4104,0.9088822305202484,4104,0.8439749181270599,0.8677683025598526
4105,0.9088822305202484,4105,0.8439749181270599,0.8677683025598526
4106,0.9088822305202484,4106,0.8439749181270599,0.8677683025598526
4107,0.9088822305202484,4107,0.8439749181270599,0.8677683025598526
4108,0.9088822305202484,4108,0.8439749181270599,0.8677683025598526
4109,0.9088822305202484,4109,0.8439749181270599,0.8677683025598526
4110,0.9088822305202484,4110,0.8439749181270599,0.8677683025598526
4111,0.9088822305202484,4111,0.8439749181270599,0.8677683025598526
4112,0.9088822305202484,4112,0.8439749181270599,0.8677683025598526
4113,0.9088822305202484,4113,0.8439749181270599,0.8677683025598526
4114,0.9088822305202484,4114,0.8439749181270599,0.8677683025598526
4115,0.9088822305202484,4115,0.8439749181270599,0.8677683025598526
4116,0.9088822305202484,4116,0.8439749181270599,0.8677683025598526
4117,0.9088822305202484,4117,0.8439749181270599,0.8677683025598526
4118,0.9088822305202484,4118,0.8439749181270599,0.8677683025598526
4119,0.9088822305202484,4119,0.8439749181270599,0.8677683025598526
4120,0.9088822305202484,4120,0.8439749181270599,0.8677683025598526
4121,0.9088822305202484,4121,0.8439749181270599,0.8677683025598526
4122,0.9088822305202484,4122,0.8439749181270599,0.8677683025598526
4123,0.9088822305202484,4123,0.8439749181270599,0.8677683025598526
4124,0.9088822305202484,4124,0.8439749181270599,0.8677683025598526
4125,0.9088822305202484,4125,0.8439749181270599,0.8677683025598526
4126,0.9088822305202484,4126,0.8439749181270599,0.8677683025598526
4127,0.9088822305202484,4127,0.8439749181270599,0.8677683025598526
4128,0.9088822305202484,4128,0.8439749181270599,0.8677683025598526
4129,0.9088822305202484,4129,0.8439749181270599,0.8677683025598526
4130,0.9088822305202484,4130,0.8439749181270599,0.8677683025598526
4131,0.9088822305202484,4131,0.8439749181270599,0.8677683025598526
4132,0.9088822305202484,4132,0.8439749181270599,0.8677683025598526
4133,0.9088822305202484,4133,0.8439749181270599,0.8677683025598526
4134,0.9088822305202484,4134,0.8439749181270599,0.8677683025598526
4135,0.9088822305202484,4135,0.8439749181270599,0.8677683025598526
4136,0.9088822305202484,4136,0.8439749181270599,0.8677683025598526
4137,0.9088822305202484,4137,0.8439749181270599,0.8677683025598526
4138,0.9088822305202484,4138,0.8439749181270599,0.8677683025598526
4139,0.9088822305202484,4139,0.8439749181270599,0.8677683025598526
4140,0.9088822305202484,4140,0.8439749181270599,0.8677683025598526
4141,0.9088822305202484,4141,0.8439749181270599,0.8677683025598526
4142,0.9088822305202484,4142,0.8439749181270599,0.8677683025598526
4143,0.9088822305202484,4143,0.8439749181270599,0.8677683025598526
4144,0.9088822305202484,4144,0.8439749181270599,0.8677683025598526
4145,0.9088822305202484,4145,0.8439749181270599,0.8677683025598526
4146,0.9088822305202484,4146,0.8439749181270599,0.8677683025598526
4147,0.9088822305202484,4147,0.8439749181270599,0.8677683025598526
4148,0.9088822305202484,4148,0.8439749181270599,0.8677683025598526
4149,0.9088822305202484,4149,0.8439749181270599,0.8677683025598526
4150,0.9088822305202484,4150,0.8439749181270599,0.8677683025598526
4151,0.9088822305202484,4151,0.8439749181270599,0.8677683025598526
4152,0.9088822305202484,4152,0.8439749181270599,0.8677683025598526
4153,0.9088822305202484,4153,0.8439749181270599,0.8677683025598526
4154,0.9088822305202484,4154,0.8439749181270599,0.8677683025598526
4155,0.9088822305202484,4155,0.8439749181270599,0.8677683025598526
4156,0.9088822305202484,4156,0.8439749181270599,0.8677683025598526
4157,0.9088822305202484,4157,0.8439749181270599,0.8677683025598526
4158,0.9088822305202484,4158,0.8439749181270599,0.8677683025598526
4159,0.9088822305202484,4159,0.8439749181270599,0.8677683025598526
4160,0.9088822305202484,4160,0.8439749181270599,0.8677683025598526
4161,0.9088822305202484,4161,0.8439749181270599,0.8677683025598526
4162,0.9088822305202484,4162,0.8439749181270599,0.8677683025598526
4163,0.9088822305202484,4163,0.8439749181270599,0.8677683025598526
4164,0.9088822305202484,4164,0.8439749181270599,0.8677683025598526
4165,0.9088822305202484,4165,0.8439749181270599,0.8677683025598526
4166,0.9088822305202484,4166,0.8439749181270599,0.8677683025598526
4167,0.9088822305202484,4167,0.8439749181270599,0.8677683025598526
4168,0.9088822305202484,4168,0.8439749181270599,0.8677683025598526
4169,0.9088822305202484,4169,0.8439749181270599,0.8677683025598526
4170,0.9088822305202484,4170,0.8439749181270599,0.8677683025598526
4171,0.9088822305202484,4171,0.8439749181270599,0.8677683025598526
4172,0.9088822305202484,4172,0.8439749181270599,0.8677683025598526
4173,0.9088822305202484,4173,0.8439749181270599,0.8677683025598526
4174,0.9088822305202484,4174,0.8439749181270599,0.8677683025598526
4175,0.9088822305202484,4175,0.8439749181270599,0.8677683025598526
4176,0.9088822305202484,4176,0.8439749181270599,0.8677683025598526
4177,0.9088822305202484,4177,0.8439749181270599,0.8677683025598526
4178,0.9088822305202484,4178,0.8439749181270599,0.8677683025598526
4179,0.9088822305202484,4179,0.8439749181270599,0.8677683025598526
4180,0.9088822305202484,4180,0.8439749181270599,0.8677683025598526
4181,0.9088822305202484,4181,0.8439749181270599,0.8677683025598526
4182,0.9088822305202484,4182,0.8439749181270599,0.8677683025598526
4183,0.9088822305202484,4183,0.8439749181270599,0.8677683025598526
4184,0.9088822305202484,4184,0.8439749181270599,0.8677683025598526
4185,0.9088822305202484,4185,0.8439749181270599,0.8677683025598526
4186,0.9088822305202484,4186,0.8439749181270599,0.8677683025598526
4187,0.9088822305202484,4187,0.8439749181270599,0.8677683025598526
4188,0.9088822305202484,4188,0.8439749181270599,0.8677683025598526
4189,0.9088822305202484,4189,0.8439749181270599,0.8677683025598526
4190,0.9088822305202484,4190,0.8439749181270599,0.8677683025598526
4191,0.9088822305202484,4191,0.8439749181270599,0.8677683025598526
4192,0.9088822305202484,4192,0.8439749181270599,0.8677683025598526
4193,0.9088822305202484,4193,0.8439749181270599,0.8677683025598526
4194,0.9088822305202484,4194,0.8439749181270599,0.8677683025598526
4195,0.9088822305202484,4195,0.8439749181270599,0.8677683025598526
4196,0.9088822305202484,4196,0.8439749181270599,0.8677683025598526
4197,0.9088822305202484,4197,0.8439749181270599,0.8677683025598526
4198,0.9088822305202484,4198,0.8439749181270599,0.8677683025598526
4199,0.9088822305202484,4199,0.8439749181270599,0.8677683025598526
4200,0.9088822305202484,4200,0.8439749181270599,0.8677683025598526
4201,0.9088822305202484,4201,0.8439749181270599,0.8677683025598526
4202,0.9088822305202484,4202,0.8439749181270599,0.8677683025598526
4203,0.9088822305202484,4203,0.8439749181270599,0.8677683025598526
4204,0.9088822305202484,4204,0.8439749181270599,0.8677683025598526
4205,0.9088822305202484,4205,0.8439749181270599,0.8677683025598526
4206,0.9088822305202484,4206,0.8439749181270599,0.8677683025598526
4207,0.9088822305202484,4207,0.8439749181270599,0.8677683025598526
4208,0.9088822305202484,4208,0.8439749181270599,0.8677683025598526
4209,0.9088822305202484,4209,0.8439749181270599,0.8677683025598526
4210,0.9088822305202484,4210,0.8439749181270599,0.8677683025598526
4211,0.9088822305202484,4211,0.8439749181270599,0.8677683025598526
4212,0.9088822305202484,4212,0.8439749181270599,0.8677683025598526
4213,0.9088822305202484,4213,0.8439749181270599,0.8677683025598526
4214,0.9088822305202484,4214,0.8439749181270599,0.8677683025598526
4215,0.9088822305202484,4215,0.8439749181270599,0.8677683025598526
4216,0.9088822305202484,4216,0.8439749181270599,0.8677683025598526
4217,0.9088822305202484,4217,0.8439749181270599,0.8677683025598526
4218,0.9088822305202484,4218,0.8439749181270599,0.8677683025598526
4219,0.9088822305202484,4219,0.8439749181270599,0.8677683025598526
4220,0.9088822305202484,4220,0.8439749181270599,0.8677683025598526
4221,0.9088822305202484,4221,0.8439749181270599,0.8677683025598526
4222,0.9088822305202484,4222,0.8439749181270599,0.8677683025598526
4223,0.9088822305202484,4223,0.8439749181270599,0.8677683025598526
4224,0.9088822305202484,4224,0.8439749181270599,0.8677683025598526
4225,0.9088822305202484,4225,0.8439749181270599,0.8677683025598526
4226,0.9088822305202484,4226,0.8439749181270599,0.8677683025598526
4227,0.9088822305202484,4227,0.8439749181270599,0.8677683025598526
4228,0.9088822305202484,4228,0.8439749181270599,0.8677683025598526
4229,0.9088822305202484,4229,0.8439749181270599,0.8677683025598526
4230,0.9088822305202484,4230,0.8439749181270599,0.8677683025598526
4231,0.9088822305202484,4231,0.8439749181270599,0.8677683025598526
4232,0.9088822305202484,4232,0.8439749181270599,0.8677683025598526
4233,0.9088822305202484,4233,0.8439749181270599,0.8677683025598526
4234,0.9088822305202484,4234,0.8439749181270599,0.8677683025598526
4235,0.9088822305202484,4235,0.8439749181270599,0.8677683025598526
4236,0.9088822305202484,4236,0.8439749181270599,0.8677683025598526
4237,0.9088822305202484,4237,0.8439749181270599,0.8677683025598526
4238,0.9088822305202484,4238,0.8439749181270599,0.8677683025598526
4239,0.9088822305202484,4239,0.8439749181270599,0.8677683025598526
4240,0.9088822305202484,4240,0.8439749181270599,0.8677683025598526
4241,0.9088822305202484,4241,0.8439749181270599,0.8677683025598526
4242,0.9088822305202484,4242,0.8439749181270599,0.8677683025598526
4243,0.9088822305202484,4243,0.8439749181270599,0.8677683025598526
4244,0.9088822305202484,4244,0.8439749181270599,0.8677683025598526
4245,0.9088822305202484,4245,0.8439749181270599,0.8677683025598526
4246,0.9088822305202484,4246,0.8439749181270599,0.8677683025598526
4247,0.9088822305202484,4247,0.8439749181270599,0.8677683025598526
4248,0.9088822305202484,4248,0.8439749181270599,0.8677683025598526
4249,0.9088822305202484,4249,0.8439749181270599,0.8677683025598526
4250,0.9094037562608719,4250,0.8441687077283859,0.8677747845649719
4251,0.9094037562608719,4251,0.8441639691591263,0.8677747845649719
4252,0.9094037562608719,4252,0.8441639691591263,0.8677747845649719
4253,0.9094037562608719,4253,0.8441639691591263,0.8677747845649719
4254,0.9094037562608719,4254,0.8441639691591263,0.8677747845649719
4255,0.9094037562608719,4255,0.8441639691591263,0.8677747845649719
4256,0.9094037562608719,4256,0.8441639691591263,0.8677747845649719
4257,0.9094037562608719,4257,0.8441639691591263,0.8677747845649719
4258,0.9094037562608719,4258,0.8441639691591263,0.8677747845649719
4259,0.9094037562608719,4259,0.8441639691591263,0.8677747845649719
4260,0.9094037562608719,4260,0.8441639691591263,0.8677747845649719
4261,0.9094037562608719,4261,0.8441639691591263,0.8677747845649719
4262,0.9094037562608719,4262,0.8441639691591263,0.8677747845649719
4263,0.9094037562608719,4263,0.8441639691591263,0.8677747845649719
4264,0.9094037562608719,4264,0.8441639691591263,0.8677747845649719
4265,0.9094037562608719,4265,0.8441639691591263,0.8677747845649719
4266,0.9094037562608719,4266,0.8441639691591263,0.8677747845649719
4267,0.9094037562608719,4267,0.8441639691591263,0.8677747845649719
4268,0.9094037562608719,4268,0.8441639691591263,0.8677747845649719
4269,0.9094037562608719,4269,0.8441639691591263,0.8677747845649719
4270,0.9094037562608719,4270,0.8441639691591263,0.8677747845649719
4271,0.9094037562608719,4271,0.8441639691591263,0.8677747845649719
4272,0.9094037562608719,4272,0.8441639691591263,0.8677747845649719
4273,0.9094037562608719,4273,0.8441639691591263,0.8677747845649719
4274,0.9094037562608719,4274,0.8441639691591263,0.8677747845649719
4275,0.9094037562608719,4275,0.8441639691591263,0.8677747845649719
4276,0.9094037562608719,4276,0.8441639691591263,0.8677747845649719
4277,0.9094037562608719,4277,0.8441639691591263,0.8677747845649719
4278,0.9094037562608719,4278,0.8441639691591263,0.8677747845649719
4279,0.9094037562608719,4279,0.8441639691591263,0.8677747845649719
4280,0.9094037562608719,4280,0.8441639691591263,0.8677747845649719
4281,0.9094037562608719,4281,0.8441639691591263,0.8677747845649719
4282,0.9094037562608719,4282,0.8441639691591263,0.8677747845649719
4283,0.9094037562608719,4283,0.8441639691591263,0.8677747845649719
4284,0.9094037562608719,4284,0.8441639691591263,0.8677747845649719
4285,0.9094037562608719,4285,0.8441639691591263,0.8677747845649719
4286,0.9094037562608719,4286,0.8441639691591263,0.8677747845649719
4287,0.9094037562608719,4287,0.8441639691591263,0.8677747845649719
4288,0.9094037562608719,4288,0.8441639691591263,0.8677747845649719
4289,0.9094037562608719,4289,0.8441639691591263,0.8677747845649719
4290,0.9094037562608719,4290,0.8441639691591263,0.8677747845649719
4291,0.9094037562608719,4291,0.8441639691591263,0.8677747845649719
4292,0.9094037562608719,4292,0.8441639691591263,0.8677747845649719
4293,0.9094037562608719,4293,0.8441639691591263,0.8677747845649719
4294,0.9094037562608719,4294,0.8441639691591263,0.8677747845649719
4295,0.9094037562608719,4295,0.8441639691591263,0.8677747845649719
4296,0.9094037562608719,4296,0.8441639691591263,0.8677747845649719
4297,0.9094037562608719,4297,0.8441639691591263,0.8677747845649719
4298,0.9094037562608719,4298,0.8441639691591263,0.8677747845649719
4299,0.9094037562608719,4299,0.8441639691591263,0.8677747845649719
4300,0.9094037562608719,4300,0.8441639691591263,0.8677747845649719
4301,0.9094037562608719,4301,0.8441639691591263,0.8677747845649719
4302,0.9094037562608719,4302,0.8441639691591263,0.8677747845649719
4303,0.9094037562608719,4303,0.8441639691591263,0.8677747845649719
4304,0.9094037562608719,4304,0.8441639691591263,0.8677747845649719
4305,0.9094037562608719,4305,0.8441639691591263,0.8677747845649719
4306,0.9094037562608719,4306,0.8441639691591263,0.8677747845649719
4307,0.9094037562608719,4307,0.8441639691591263,0.8677747845649719
4308,0.9094037562608719,4308,0.8441639691591263,0.8677747845649719
4309,0.9094037562608719,4309,0.8441639691591263,0.8677747845649719
4310,0.9094037562608719,4310,0.8441639691591263,0.8677747845649719
4311,0.9094037562608719,4311,0.8441639691591263,0.8677747845649719
4312,0.9094037562608719,4312,0.8441639691591263,0.8677747845649719
4313,0.9094037562608719,4313,0.8441639691591263,0.8677747845649719
4314,0.9094037562608719,4314,0.8441639691591263,0.8677747845649719
4315,0.9094037562608719,4315,0.8441639691591263,0.8677747845649719
4316,0.9094037562608719,4316,0.8441639691591263,0.8677747845649719
4317,0.9094037562608719,4317,0.8441639691591263,0.8677747845649719
4318,0.9094037562608719,4318,0.8441639691591263,0.8677747845649719
4319,0.9094037562608719,4319,0.8441639691591263,0.8677747845649719
4320,0.9094037562608719,4320,0.8441639691591263,0.8677747845649719
4321,0.9094037562608719,4321,0.8441639691591263,0.8677747845649719
4322,0.9094037562608719,4322,0.8441639691591263,0.8677747845649719
4323,0.9094037562608719,4323,0.8441639691591263,0.8677747845649719
4324,0.9094037562608719,4324,0.8441639691591263,0.8677747845649719
4325,0.9094037562608719,4325,0.8441639691591263,0.8677747845649719
4326,0.9094037562608719,4326,0.8441639691591263,0.8677747845649719
4327,0.9094037562608719,4327,0.8441639691591263,0.8677747845649719
4328,0.9094037562608719,4328,0.8441639691591263,0.8677747845649719
4329,0.9094037562608719,4329,0.8441639691591263,0.8677747845649719
4330,0.9094037562608719,4330,0.8441639691591263,0.8677747845649719
4331,0.9094037562608719,4331,0.8441639691591263,0.8677747845649719
4332,0.9094037562608719,4332,0.8441639691591263,0.8677747845649719
4333,0.9094037562608719,4333,0.844149649143219,0.8677747845649719
4334,0.9094037562608719,4334,0.844149649143219,0.8677747845649719
4335,0.9094037562608719,4335,0.844149649143219,0.8677747845649719
4336,0.9094037562608719,4336,0.844149649143219,0.8677747845649719
4337,0.9094037562608719,4337,0.844149649143219,0.8677747845649719
4338,0.9094037562608719,4338,0.844149649143219,0.8677747845649719
4339,0.9094037562608719,4339,0.844149649143219,0.8677747845649719
4340,0.9094037562608719,4340,0.844149649143219,0.8677747845649719
4341,0.9094037562608719,4341,0.844149649143219,0.8677747845649719
4342,0.9094037562608719,4342,0.844149649143219,0.8677747845649719
4343,0.9094037562608719,4343,0.844149649143219,0.8677747845649719
4344,0.9094037562608719,4344,0.844149649143219,0.8677747845649719
4345,0.9094037562608719,4345,0.844149649143219,0.8677747845649719
4346,0.9094037562608719,4346,0.844149649143219,0.8677747845649719
4347,0.9094037562608719,4347,0.844149649143219,0.8677747845649719
4348,0.9094037562608719,4348,0.844149649143219,0.8677747845649719
4349,0.9094037562608719,4349,0.844149649143219,0.8677747845649719
4350,0.9094037562608719,4350,0.844149649143219,0.8677747845649719
4351,0.9094037562608719,4351,0.844149649143219,0.8677747845649719
4352,0.9094037562608719,4352,0.844149649143219,0.8677747845649719
4353,0.9094037562608719,4353,0.844149649143219,0.8677747845649719
4354,0.9094037562608719,4354,0.844149649143219,0.8677747845649719
4355,0.9094037562608719,4355,0.844149649143219,0.8677747845649719
4356,0.9094037562608719,4356,0.844149649143219,0.8677747845649719
4357,0.9094037562608719,4357,0.844149649143219,0.8677747845649719
4358,0.9094037562608719,4358,0.844149649143219,0.8677747845649719
4359,0.9094037562608719,4359,0.844149649143219,0.8677747845649719
4360,0.9094037562608719,4360,0.844149649143219,0.8677747845649719
4361,0.9094037562608719,4361,0.844149649143219,0.8677747845649719
4362,0.9094037562608719,4362,0.844149649143219,0.8677747845649719
4363,0.9094037562608719,4363,0.844149649143219,0.8677747845649719
4364,0.9094037562608719,4364,0.844149649143219,0.8677747845649719
4365,0.9094037562608719,4365,0.844149649143219,0.8677747845649719
4366,0.9094037562608719,4366,0.844149649143219,0.8677747845649719
4367,0.9094037562608719,4367,0.844149649143219,0.8677747845649719
4368,0.9094037562608719,4368,0.844149649143219,0.8677747845649719
4369,0.9094037562608719,4369,0.844149649143219,0.8677747845649719
4370,0.9094037562608719,4370,0.844149649143219,0.8677747845649719
4371,0.9094037562608719,4371,0.844149649143219,0.8677747845649719
4372,0.9094037562608719,4372,0.844149649143219,0.8677747845649719
4373,0.9094037562608719,4373,0.844149649143219,0.8677747845649719
4374,0.9094037562608719,4374,0.844149649143219,0.8677747845649719
4375,0.9094037562608719,4375,0.844149649143219,0.8677747845649719
4376,0.9094037562608719,4376,0.844149649143219,0.8677747845649719
4377,0.9094037562608719,4377,0.844149649143219,0.8677747845649719
4378,0.9094037562608719,4378,0.844149649143219,0.8677747845649719
4379,0.9094037562608719,4379,0.844149649143219,0.8677747845649719
4380,0.9094037562608719,4380,0.844149649143219,0.8677747845649719
4381,0.9094037562608719,4381,0.844149649143219,0.8677747845649719
4382,0.9094037562608719,4382,0.844149649143219,0.8677747845649719
4383,0.9094037562608719,4383,0.844149649143219,0.8677747845649719
4384,0.9094037562608719,4384,0.844149649143219,0.8677747845649719
4385,0.9094037562608719,4385,0.844149649143219,0.8677747845649719
4386,0.9094037562608719,4386,0.844149649143219,0.8677747845649719
4387,0.9094037562608719,4387,0.844149649143219,0.8677747845649719
4388,0.9094037562608719,4388,0.844149649143219,0.8677747845649719
4389,0.9094037562608719,4389,0.844149649143219,0.8677747845649719
4390,0.9094037562608719,4390,0.844149649143219,0.8677747845649719
4391,0.9094037562608719,4391,0.844149649143219,0.8677747845649719
4392,0.9094037562608719,4392,0.844149649143219,0.8677747845649719
4393,0.9094037562608719,4393,0.844149649143219,0.8677747845649719
4394,0.9094037562608719,4394,0.844149649143219,0.8677747845649719
4395,0.9094037562608719,4395,0.844149649143219,0.8677747845649719
4396,0.9094037562608719,4396,0.844149649143219,0.8677747845649719
4397,0.9094037562608719,4397,0.8441450595855713,0.8677747845649719
4398,0.9094037562608719,4398,0.8441450595855713,0.8677747845649719
4399,0.9094037562608719,4399,0.8441450595855713,0.8677747845649719
4400,0.9094037562608719,4400,0.8441450595855713,0.8677747845649719
4401,0.9094037562608719,4401,0.8441450595855713,0.8677747845649719
4402,0.9094037562608719,4402,0.8441450595855713,0.8677747845649719
4403,0.9094037562608719,4403,0.8441450595855713,0.8677747845649719
4404,0.9094037562608719,4404,0.8441450595855713,0.8677747845649719
4405,0.9094037562608719,4405,0.8441450595855713,0.8677747845649719
4406,0.9094037562608719,4406,0.8441450595855713,0.8677747845649719
4407,0.9094037562608719,4407,0.8441450595855713,0.8677747845649719
4408,0.9094037562608719,4408,0.8441450595855713,0.8677747845649719
4409,0.9094037562608719,4409,0.8441450595855713,0.8677747845649719
4410,0.9094037562608719,4410,0.8441450595855713,0.8677747845649719
4411,0.9094037562608719,4411,0.8441450595855713,0.8677747845649719
4412,0.9094037562608719,4412,0.8441450595855713,0.8677747845649719
4413,0.9094037562608719,4413,0.8441450595855713,0.8677747845649719
4414,0.9094037562608719,4414,0.8441450595855713,0.8677747845649719
4415,0.9094037562608719,4415,0.8441450595855713,0.8677747845649719
4416,0.9094037562608719,4416,0.8441450595855713,0.8677747845649719
4417,0.9094037562608719,4417,0.8441450595855713,0.8677747845649719
4418,0.9094037562608719,4418,0.8441450595855713,0.8677747845649719
4419,0.9094037562608719,4419,0.8441450595855713,0.8677747845649719
4420,0.9094037562608719,4420,0.8441450595855713,0.8677747845649719
4421,0.9094037562608719,4421,0.8441450595855713,0.8677747845649719
4422,0.9094037562608719,4422,0.8441450595855713,0.8677747845649719
4423,0.9094037562608719,4423,0.8441450595855713,0.8677747845649719
4424,0.9094037562608719,4424,0.8441450595855713,0.8677747845649719
4425,0.9094037562608719,4425,0.8441450595855713,0.8677747845649719
4426,0.9094037562608719,4426,0.8441450595855713,0.8677747845649719
4427,0.9094037562608719,4427,0.8441450595855713,0.8677747845649719
4428,0.9094037562608719,4428,0.8441450595855713,0.8677747845649719
4429,0.9094037562608719,4429,0.8441450595855713,0.8677747845649719
4430,0.9094037562608719,4430,0.8441450595855713,0.8677747845649719
4431,0.9094037562608719,4431,0.8441450595855713,0.8677747845649719
4432,0.9094037562608719,4432,0.8441450595855713,0.8677747845649719
4433,0.9094037562608719,4433,0.8441450595855713,0.8677747845649719
4434,0.9094037562608719,4434,0.8441450595855713,0.8677747845649719
4435,0.9094037562608719,4435,0.8441450595855713,0.8677747845649719
4436,0.9094037562608719,4436,0.8441450595855713,0.8677747845649719
4437,0.9094037562608719,4437,0.8441450595855713,0.8677747845649719
4438,0.9094037562608719,4438,0.8441450595855713,0.8677747845649719
4439,0.9094037562608719,4439,0.8441450595855713,0.8677747845649719
4440,0.9094037562608719,4440,0.8441450595855713,0.8677747845649719
4441,0.9094037562608719,4441,0.8441450595855713,0.8677747845649719
4442,0.9094037562608719,4442,0.8441450595855713,0.8677747845649719
4443,0.9094037562608719,4443,0.8441450595855713,0.8677747845649719
4444,0.9094037562608719,4444,0.8441450595855713,0.8677747845649719
4445,0.9094037562608719,4445,0.8441450595855713,0.8677747845649719
4446,0.9094037562608719,4446,0.8441450595855713,0.8677747845649719
4447,0.9094037562608719,4447,0.8441450595855713,0.8677747845649719
4448,0.9094037562608719,4448,0.8441450595855713,0.8677747845649719
4449,0.9094037562608719,4449,0.8441450595855713,0.8677747845649719
4450,0.9094037562608719,4450,0.8441450595855713,0.8677747845649719
4451,0.9094037562608719,4451,0.8441450595855713,0.8677747845649719
4452,0.9094037562608719,4452,0.8441450595855713,0.8677747845649719
4453,0.9094037562608719,4453,0.8441450595855713,0.8677747845649719
4454,0.9094037562608719,4454,0.8441450595855713,0.8677747845649719
4455,0.9094037562608719,4455,0.8441450595855713,0.8677747845649719
4456,0.9094037562608719,4456,0.8441450595855713,0.8677747845649719
4457,0.9094037562608719,4457,0.8441450595855713,0.8677747845649719
4458,0.9094037562608719,4458,0.8441450595855713,0.8677747845649719
4459,0.9094037562608719,4459,0.8441450595855713,0.8677747845649719
4460,0.9094037562608719,4460,0.8441450595855713,0.8677747845649719
4461,0.9094037562608719,4461,0.8441450595855713,0.8677747845649719
4462,0.9094037562608719,4462,0.8441450595855713,0.8677747845649719
4463,0.9094037562608719,4463,0.8441450595855713,0.8677747845649719
4464,0.9094037562608719,4464,0.8441450595855713,0.8677747845649719
4465,0.9094037562608719,4465,0.8441450595855713,0.8677747845649719
4466,0.9094037562608719,4466,0.8441450595855713,0.8677747845649719
4467,0.9094037562608719,4467,0.8441450595855713,0.8677747845649719
4468,0.9094037562608719,4468,0.8441450595855713,0.8677747845649719
4469,0.9094037562608719,4469,0.8441450595855713,0.8677747845649719
4470,0.9094037562608719,4470,0.8441450595855713,0.8677747845649719
4471,0.9094037562608719,4471,0.8441450595855713,0.8677747845649719
4472,0.9094037562608719,4472,0.8441450595855713,0.8677747845649719
4473,0.9094037562608719,4473,0.8441450595855713,0.8677747845649719
4474,0.9094037562608719,4474,0.8441450595855713,0.8677747845649719
4475,0.9094037562608719,4475,0.8441450595855713,0.8677747845649719
4476,0.9094037562608719,4476,0.8441450595855713,0.8677747845649719
4477,0.9094037562608719,4477,0.8441450595855713,0.8677747845649719
4478,0.9094037562608719,4478,0.8441450595855713,0.8677747845649719
4479,0.9094037562608719,4479,0.8441450595855713,0.8677747845649719
4480,0.9094037562608719,4480,0.8441450595855713,0.8677747845649719
4481,0.9094037562608719,4481,0.8441450595855713,0.8677747845649719
4482,0.9094037562608719,4482,0.8441450595855713,0.8677747845649719
4483,0.9094037562608719,4483,0.8441450595855713,0.8677747845649719
4484,0.9094037562608719,4484,0.8441450595855713,0.8677747845649719
4485,0.9094037562608719,4485,0.8441450595855713,0.8677747845649719
4486,0.9094037562608719,4486,0.8441450595855713,0.8677747845649719
4487,0.9094037562608719,4487,0.8441450595855713,0.8677747845649719
4488,0.9094037562608719,4488,0.8441450595855713,0.8677747845649719
4489,0.9094037562608719,4489,0.8441450595855713,0.8677747845649719
4490,0.9094037562608719,4490,0.8441450595855713,0.8677747845649719
4491,0.9094037562608719,4491,0.8441450595855713,0.8677747845649719
4492,0.9094037562608719,4492,0.8441450595855713,0.8677747845649719
4493,0.9094037562608719,4493,0.8441450595855713,0.8677747845649719
4494,0.9094037562608719,4494,0.8441450595855713,0.8677747845649719
4495,0.9094037562608719,4495,0.8441450595855713,0.8677747845649719
4496,0.9094037562608719,4496,0.8441450595855713,0.8677747845649719
4497,0.9094037562608719,4497,0.8441450595855713,0.8677747845649719
4498,0.9094037562608719,4498,0.8441450595855713,0.8677747845649719
4499,0.9094037562608719,4499,0.8441450595855713,0.8677747845649719
4500,0.9094873294234276,4500,0.8465151637792587,0.8678760230541229
4501,0.9094873294234276,4501,0.8465340584516525,0.8678760230541229
4502,0.9094873294234276,4502,0.8465340584516525,0.8678760230541229
4503,0.9094873294234276,4503,0.8465340584516525,0.8678760230541229
4504,0.9094873294234276,4504,0.8465340584516525,0.8678760230541229
4505,0.9094873294234276,4505,0.8465340584516525,0.8678760230541229
4506,0.9094873294234276,4506,0.8465340584516525,0.8678760230541229
4507,0.9094873294234276,4507,0.8465340584516525,0.8678760230541229
4508,0.9094873294234276,4508,0.8465340584516525,0.8678760230541229
4509,0.9094873294234276,4509,0.8465340584516525,0.8678760230541229
4510,0.9094873294234276,4510,0.8465340584516525,0.8678760230541229
4511,0.9094873294234276,4511,0.8465340584516525,0.8678760230541229
4512,0.9094873294234276,4512,0.8465340584516525,0.8678760230541229
4513,0.9094873294234276,4513,0.8465340584516525,0.8678760230541229
4514,0.9094873294234276,4514,0.8465340584516525,0.8678760230541229
4515,0.9094873294234276,4515,0.8465340584516525,0.8678760230541229
4516,0.9094873294234276,4516,0.8465340584516525,0.8678760230541229
4517,0.9094873294234276,4517,0.8465340584516525,0.8678760230541229
4518,0.9094873294234276,4518,0.8465340584516525,0.8678760230541229
4519,0.9094873294234276,4519,0.8465340584516525,0.8678760230541229
4520,0.9094873294234276,4520,0.8465340584516525,0.8678760230541229
4521,0.9094873294234276,4521,0.8465340584516525,0.8678760230541229
4522,0.9094873294234276,4522,0.8465340584516525,0.8678760230541229
4523,0.9094873294234276,4523,0.8465340584516525,0.8678760230541229
4524,0.9094873294234276,4524,0.8465340584516525,0.8678760230541229
4525,0.9094873294234276,4525,0.8465340584516525,0.8678760230541229
4526,0.9094873294234276,4526,0.8465340584516525,0.8678760230541229
4527,0.9094873294234276,4527,0.8465340584516525,0.8678760230541229
4528,0.9094873294234276,4528,0.8465340584516525,0.8678760230541229
4529,0.9094873294234276,4529,0.8465340584516525,0.8678760230541229
4530,0.9094873294234276,4530,0.8465340584516525,0.8678760230541229
4531,0.9094873294234276,4531,0.8465340584516525,0.8678760230541229
4532,0.9094873294234276,4532,0.8465340584516525,0.8678760230541229
4533,0.9094873294234276,4533,0.8465340584516525,0.8678760230541229
4534,0.9094873294234276,4534,0.8465340584516525,0.8678760230541229
4535,0.9094873294234276,4535,0.8465340584516525,0.8678760230541229
4536,0.9094873294234276,4536,0.8465340584516525,0.8678760230541229
4537,0.9094873294234276,4537,0.8465340584516525,0.8678760230541229
4538,0.9094873294234276,4538,0.8465340584516525,0.8678760230541229
4539,0.9094873294234276,4539,0.8465340584516525,0.8678760230541229
4540,0.9094873294234276,4540,0.8465340584516525,0.8678760230541229
4541,0.9094873294234276,4541,0.8465340584516525,0.8678760230541229
4542,0.9094873294234276,4542,0.8465340584516525,0.8678760230541229
4543,0.9094873294234276,4543,0.8465340584516525,0.8678760230541229
4544,0.9094873294234276,4544,0.8465340584516525,0.8678760230541229
4545,0.9094873294234276,4545,0.8465340584516525,0.8678760230541229
4546,0.9094873294234276,4546,0.8465340584516525,0.8678760230541229
4547,0.9094873294234276,4547,0.8465340584516525,0.8678760230541229
4548,0.9094873294234276,4548,0.8465340584516525,0.8678760230541229
4549,0.9094873294234276,4549,0.8465340584516525,0.8678760230541229
4550,0.9094873294234276,4550,0.8465340584516525,0.8678760230541229
4551,0.9094873294234276,4551,0.8465340584516525,0.8678760230541229
4552,0.9094873294234276,4552,0.8465340584516525,0.8678760230541229
4553,0.9094873294234276,4553,0.8465340584516525,0.8678760230541229
4554,0.9094873294234276,4554,0.8465340584516525,0.8678760230541229
4555,0.9094873294234276,4555,0.8465340584516525,0.8678760230541229
4556,0.9094873294234276,4556,0.8465340584516525,0.8678760230541229
4557,0.9094873294234276,4557,0.8465340584516525,0.8678760230541229
4558,0.9094873294234276,4558,0.8465340584516525,0.8678760230541229
4559,0.9094873294234276,4559,0.8465340584516525,0.8678760230541229
4560,0.9094873294234276,4560,0.8465340584516525,0.8678760230541229
4561,0.9094873294234276,4561,0.8465340584516525,0.8678760230541229
4562,0.9094873294234276,4562,0.8465340584516525,0.8678760230541229
4563,0.9094873294234276,4563,0.8465388268232346,0.8678760230541229
4564,0.9094873294234276,4564,0.8465388268232346,0.8678760230541229
4565,0.9094873294234276,4565,0.8465388268232346,0.8678760230541229
4566,0.9094873294234276,4566,0.8465388268232346,0.8678760230541229
4567,0.9094873294234276,4567,0.8465388268232346,0.8678760230541229
4568,0.9094873294234276,4568,0.8465388268232346,0.8678760230541229
4569,0.9094873294234276,4569,0.8465388268232346,0.8678760230541229
4570,0.9094873294234276,4570,0.8465388268232346,0.8678760230541229
4571,0.9094873294234276,4571,0.8465388268232346,0.8678760230541229
4572,0.9094873294234276,4572,0.8465388268232346,0.8678760230541229
4573,0.9094873294234276,4573,0.8465388268232346,0.8678760230541229
4574,0.9094873294234276,4574,0.8465388268232346,0.8678760230541229
4575,0.9094873294234276,4575,0.8465388268232346,0.8678760230541229
4576,0.9094873294234276,4576,0.8465388268232346,0.8678760230541229
4577,0.9094873294234276,4577,0.8465388268232346,0.8678760230541229
4578,0.9094873294234276,4578,0.8465388268232346,0.8678760230541229
4579,0.9094873294234276,4579,0.8465388268232346,0.8678760230541229
4580,0.9094873294234276,4580,0.8465388268232346,0.8678760230541229
4581,0.9094873294234276,4581,0.8465388268232346,0.8678760230541229
4582,0.9094873294234276,4582,0.8465388268232346,0.8678760230541229
4583,0.9094873294234276,4583,0.8465388268232346,0.8678760230541229
4584,0.9094873294234276,4584,0.8465388268232346,0.8678760230541229
4585,0.9094873294234276,4585,0.8465388268232346,0.8678760230541229
4586,0.9094873294234276,4586,0.8465388268232346,0.8678760230541229
4587,0.9094873294234276,4587,0.8465388268232346,0.8678760230541229
4588,0.9094873294234276,4588,0.8465388268232346,0.8678760230541229
4589,0.9094873294234276,4589,0.8465388268232346,0.8678760230541229
4590,0.9094873294234276,4590,0.8465388268232346,0.8678760230541229
4591,0.9094873294234276,4591,0.8465388268232346,0.8678760230541229
4592,0.9094873294234276,4592,0.8465388268232346,0.8678760230541229
4593,0.9094873294234276,4593,0.8465388268232346,0.8678760230541229
4594,0.9094873294234276,4594,0.8465388268232346,0.8678760230541229
4595,0.9094873294234276,4595,0.8465388268232346,0.8678760230541229
4596,0.9094873294234276,4596,0.8465388268232346,0.8678760230541229
4597,0.9094873294234276,4597,0.8465388268232346,0.8678760230541229
4598,0.9094873294234276,4598,0.8465388268232346,0.8678760230541229
4599,0.9094873294234276,4599,0.8465388268232346,0.8678760230541229
4600,0.9094873294234276,4600,0.8465388268232346,0.8678760230541229
4601,0.9094873294234276,4601,0.8465388268232346,0.8678760230541229
4602,0.9094873294234276,4602,0.8465388268232346,0.8678760230541229
4603,0.9094873294234276,4603,0.8465388268232346,0.8678760230541229
4604,0.9094873294234276,4604,0.8465388268232346,0.8678760230541229
4605,0.9094873294234276,4605,0.8465388268232346,0.8678760230541229
4606,0.9094873294234276,4606,0.8465388268232346,0.8678760230541229
4607,0.9094873294234276,4607,0.8465388268232346,0.8678760230541229
4608,0.9094873294234276,4608,0.8465388268232346,0.8678760230541229
4609,0.9094873294234276,4609,0.8465388268232346,0.8678760230541229
4610,0.9094873294234276,4610,0.8465388268232346,0.8678760230541229
4611,0.9094873294234276,4611,0.8465388268232346,0.8678760230541229
4612,0.9094873294234276,4612,0.8465388268232346,0.8678760230541229
4613,0.9094873294234276,4613,0.8465388268232346,0.8678760230541229
4614,0.9094873294234276,4614,0.8465388268232346,0.8678760230541229
4615,0.9094873294234276,4615,0.8465388268232346,0.8678760230541229
4616,0.9094873294234276,4616,0.8465388268232346,0.8678760230541229
4617,0.9094873294234276,4617,0.8465388268232346,0.8678760230541229
4618,0.9094873294234276,4618,0.8465388268232346,0.8678760230541229
4619,0.9094873294234276,4619,0.8465388268232346,0.8678760230541229
4620,0.9094873294234276,4620,0.8465388268232346,0.8678760230541229
4621,0.9094873294234276,4621,0.8465388268232346,0.8678760230541229
4622,0.9094873294234276,4622,0.8465388268232346,0.8678760230541229
4623,0.9094873294234276,4623,0.8465388268232346,0.8678760230541229
4624,0.9094873294234276,4624,0.8465388268232346,0.8678760230541229
4625,0.9094873294234276,4625,0.8465388268232346,0.8678760230541229
4626,0.9094873294234276,4626,0.8465388268232346,0.8678760230541229
4627,0.9094873294234276,4627,0.8465388268232346,0.8678760230541229
4628,0.9094873294234276,4628,0.8465388268232346,0.8678760230541229
4629,0.9094873294234276,4629,0.8465388268232346,0.8678760230541229
4630,0.9094873294234276,4630,0.8465388268232346,0.8678760230541229
4631,0.9094873294234276,4631,0.8465388268232346,0.8678760230541229
4632,0.9094873294234276,4632,0.8465388268232346,0.8678760230541229
4633,0.9094873294234276,4633,0.8465388268232346,0.8678760230541229
4634,0.9094873294234276,4634,0.8465388268232346,0.8678760230541229
4635,0.9094873294234276,4635,0.8465388268232346,0.8678760230541229
4636,0.9094873294234276,4636,0.8465388268232346,0.8678760230541229
4637,0.9094873294234276,4637,0.8465388268232346,0.8678760230541229
4638,0.9094873294234276,4638,0.8465388268232346,0.8678760230541229
4639,0.9094873294234276,4639,0.8465388268232346,0.8678760230541229
4640,0.9094873294234276,4640,0.8465388268232346,0.8678760230541229
4641,0.9094873294234276,4641,0.8465388268232346,0.8678760230541229
4642,0.9094873294234276,4642,0.8465388268232346,0.8678760230541229
4643,0.9094873294234276,4643,0.8465388268232346,0.8678760230541229
4644,0.9094873294234276,4644,0.8465388268232346,0.8678760230541229
4645,0.9094873294234276,4645,0.8465388268232346,0.8678760230541229
4646,0.9094873294234276,4646,0.8465388268232346,0.8678760230541229
4647,0.9094873294234276,4647,0.8465388268232346,0.8678760230541229
4648,0.9094873294234276,4648,0.8465388268232346,0.8678760230541229
4649,0.9094873294234276,4649,0.8465388268232346,0.8678760230541229
4650,0.9094873294234276,4650,0.8465388268232346,0.8678760230541229
4651,0.9094873294234276,4651,0.8465388268232346,0.8678760230541229
4652,0.9094873294234276,4652,0.8465388268232346,0.8678760230541229
4653,0.9094873294234276,4653,0.8465388268232346,0.8678760230541229
4654,0.9094873294234276,4654,0.8465388268232346,0.8678760230541229
4655,0.9094873294234276,4655,0.8465388268232346,0.8678760230541229
4656,0.9094873294234276,4656,0.8465388268232346,0.8678760230541229
4657,0.9094873294234276,4657,0.8465388268232346,0.8678760230541229
4658,0.9094873294234276,4658,0.8465388268232346,0.8678760230541229
4659,0.9094873294234276,4659,0.8465388268232346,0.8678760230541229
4660,0.9094873294234276,4660,0.8465388268232346,0.8678760230541229
4661,0.9094873294234276,4661,0.8465388268232346,0.8678760230541229
4662,0.9094873294234276,4662,0.8465388268232346,0.8678760230541229
4663,0.9094873294234276,4663,0.8465388268232346,0.8678760230541229
4664,0.9094873294234276,4664,0.8465388268232346,0.8678760230541229
4665,0.9094873294234276,4665,0.8465388268232346,0.8678760230541229
4666,0.9094873294234276,4666,0.8465388268232346,0.8678760230541229
4667,0.9094873294234276,4667,0.8465388268232346,0.8678760230541229
4668,0.9094873294234276,4668,0.8465388268232346,0.8678760230541229
4669,0.9094873294234276,4669,0.8465388268232346,0.8678760230541229
4670,0.9094873294234276,4670,0.8465388268232346,0.8678760230541229
4671,0.9094873294234276,4671,0.8465388268232346,0.8678760230541229
4672,0.9094873294234276,4672,0.8465388268232346,0.8678760230541229
4673,0.9094873294234276,4673,0.8465388268232346,0.8678760230541229
4674,0.9094873294234276,4674,0.8465388268232346,0.8678760230541229
4675,0.9094873294234276,4675,0.8465388268232346,0.8678760230541229
4676,0.9094873294234276,4676,0.8465388268232346,0.8678760230541229
4677,0.9094873294234276,4677,0.8465388268232346,0.8678760230541229
4678,0.9094873294234276,4678,0.8465388268232346,0.8678760230541229
4679,0.9094873294234276,4679,0.8465388268232346,0.8678760230541229
4680,0.9094873294234276,4680,0.8465388268232346,0.8678760230541229
4681,0.9094873294234276,4681,0.8465388268232346,0.8678760230541229
4682,0.9094873294234276,4682,0.8465388268232346,0.8678760230541229
4683,0.9094873294234276,4683,0.8465388268232346,0.8678760230541229
4684,0.9094873294234276,4684,0.8465388268232346,0.8678760230541229
4685,0.9094873294234276,4685,0.8465388268232346,0.8678760230541229
4686,0.9094873294234276,4686,0.8465388268232346,0.8678760230541229
4687,0.9094873294234276,4687,0.8465388268232346,0.8678760230541229
4688,0.9094873294234276,4688,0.8465388268232346,0.8678760230541229
4689,0.9094873294234276,4689,0.8465388268232346,0.8678760230541229
4690,0.9094873294234276,4690,0.8465388268232346,0.8678760230541229
4691,0.9094873294234276,4691,0.8465388268232346,0.8678760230541229
4692,0.9094873294234276,4692,0.8465388268232346,0.8678760230541229
4693,0.9094873294234276,4693,0.8465388268232346,0.8678760230541229
4694,0.9094873294234276,4694,0.8465388268232346,0.8678760230541229
4695,0.9094873294234276,4695,0.8465388268232346,0.8678760230541229
4696,0.9094873294234276,4696,0.8465388268232346,0.8678760230541229
4697,0.9094873294234276,4697,0.8465388268232346,0.8678760230541229
4698,0.9094873294234276,4698,0.8465388268232346,0.8678760230541229
4699,0.9094873294234276,4699,0.8465388268232346,0.8678760230541229
4700,0.9094873294234276,4700,0.8465388268232346,0.8678760230541229
4701,0.9094873294234276,4701,0.8465388268232346,0.8678760230541229
4702,0.9094873294234276,4702,0.8465388268232346,0.8678760230541229
4703,0.9094873294234276,4703,0.8465388268232346,0.8678760230541229
4704,0.9094873294234276,4704,0.8465388268232346,0.8678760230541229
4705,0.9094873294234276,4705,0.8465388268232346,0.8678760230541229
4706,0.9094873294234276,4706,0.8465388268232346,0.8678760230541229
4707,0.9094873294234276,4707,0.8465388268232346,0.8678760230541229
4708,0.9094873294234276,4708,0.8465388268232346,0.8678760230541229
4709,0.9094873294234276,4709,0.8465388268232346,0.8678760230541229
4710,0.9094873294234276,4710,0.8465388268232346,0.8678760230541229
4711,0.9094873294234276,4711,0.8465388268232346,0.8678760230541229
4712,0.9094873294234276,4712,0.8465388268232346,0.8678760230541229
4713,0.9094873294234276,4713,0.8465388268232346,0.8678760230541229
4714,0.9094873294234276,4714,0.8465388268232346,0.8678760230541229
4715,0.9094873294234276,4715,0.8465388268232346,0.8678760230541229
4716,0.9094873294234276,4716,0.8465388268232346,0.8678760230541229
4717,0.9094873294234276,4717,0.8465388268232346,0.8678760230541229
4718,0.9094873294234276,4718,0.8465388268232346,0.8678760230541229
4719,0.9094873294234276,4719,0.8465388268232346,0.8678760230541229
4720,0.9094873294234276,4720,0.8465388268232346,0.8678760230541229
4721,0.9094873294234276,4721,0.8465388268232346,0.8678760230541229
4722,0.9094873294234276,4722,0.8465388268232346,0.8678760230541229
4723,0.9094873294234276,4723,0.8465388268232346,0.8678760230541229
4724,0.9094873294234276,4724,0.8465388268232346,0.8678760230541229
4725,0.9094873294234276,4725,0.8465388268232346,0.8678760230541229
4726,0.9094873294234276,4726,0.8465388268232346,0.8678760230541229
4727,0.9094873294234276,4727,0.8465388268232346,0.8678760230541229
4728,0.9094873294234276,4728,0.8465388268232346,0.8678760230541229
4729,0.9094873294234276,4729,0.8465388268232346,0.8678760230541229
4730,0.9094873294234276,4730,0.8465388268232346,0.8678760230541229
4731,0.9094873294234276,4731,0.8465388268232346,0.8678760230541229
4732,0.9094873294234276,4732,0.8465388268232346,0.8678760230541229
4733,0.9094873294234276,4733,0.8465388268232346,0.8678760230541229
4734,0.9094873294234276,4734,0.8465388268232346,0.8678760230541229
4735,0.9094873294234276,4735,0.8465388268232346,0.8678760230541229
4736,0.9094873294234276,4736,0.8465388268232346,0.8678760230541229
4737,0.9094873294234276,4737,0.8465388268232346,0.8678760230541229
4738,0.9094873294234276,4738,0.8465388268232346,0.8678760230541229
4739,0.9094873294234276,4739,0.8465388268232346,0.8678760230541229
4740,0.9094873294234276,4740,0.8465388268232346,0.8678760230541229
4741,0.9094873294234276,4741,0.8465388268232346,0.8678760230541229
4742,0.9094873294234276,4742,0.8465388268232346,0.8678760230541229
4743,0.9094873294234276,4743,0.8465388268232346,0.8678760230541229
4744,0.9094873294234276,4744,0.8465388268232346,0.8678760230541229
4745,0.9094873294234276,4745,0.8465388268232346,0.8678760230541229
4746,0.9094873294234276,4746,0.8465388268232346,0.8678760230541229
4747,0.9094873294234276,4747,0.8465388268232346,0.8678760230541229
4748,0.9094873294234276,4748,0.8465388268232346,0.8678760230541229
4749,0.9094873294234276,4749,0.8465388268232346,0.8678760230541229
4750,0.9097053706645966,4750,0.8439643979072571,0.8681754022836685
4751,0.9097053706645966,4751,0.843959629535675,0.8681754022836685
4752,0.9097053706645966,4752,0.843959629535675,0.8681754022836685
4753,0.9097053706645966,4753,0.843959629535675,0.8681754022836685
4754,0.9097053706645966,4754,0.843959629535675,0.8681754022836685
4755,0.9097053706645966,4755,0.843959629535675,0.8681754022836685
4756,0.9097053706645966,4756,0.843959629535675,0.8681754022836685
4757,0.9097053706645966,4757,0.843959629535675,0.8681754022836685
4758,0.9097053706645966,4758,0.843959629535675,0.8681754022836685
4759,0.9097053706645966,4759,0.843959629535675,0.8681754022836685
4760,0.9097053706645966,4760,0.843959629535675,0.8681754022836685
4761,0.9097053706645966,4761,0.843959629535675,0.8681754022836685
4762,0.9097053706645966,4762,0.843959629535675,0.8681754022836685
4763,0.9097053706645966,4763,0.843959629535675,0.8681754022836685
4764,0.9097053706645966,4764,0.843959629535675,0.8681754022836685
4765,0.9097053706645966,4765,0.843959629535675,0.8681754022836685
4766,0.9097053706645966,4766,0.843959629535675,0.8681754022836685
4767,0.9097053706645966,4767,0.843959629535675,0.8681754022836685
4768,0.9097053706645966,4768,0.843959629535675,0.8681754022836685
4769,0.9097053706645966,4769,0.843959629535675,0.8681754022836685
4770,0.9097053706645966,4770,0.843959629535675,0.8681754022836685
4771,0.9097053706645966,4771,0.843959629535675,0.8681754022836685
4772,0.9097053706645966,4772,0.843959629535675,0.8681754022836685
4773,0.9097053706645966,4773,0.843959629535675,0.8681754022836685
4774,0.9097053706645966,4774,0.843959629535675,0.8681754022836685
4775,0.9097053706645966,4775,0.843959629535675,0.8681754022836685
4776,0.9097053706645966,4776,0.843959629535675,0.8681754022836685
4777,0.9097053706645966,4777,0.843959629535675,0.8681754022836685
4778,0.9097053706645966,4778,0.843959629535675,0.8681754022836685
4779,0.9097053706645966,4779,0.843959629535675,0.8681754022836685
4780,0.9097053706645966,4780,0.843959629535675,0.8681754022836685
4781,0.9097053706645966,4781,0.843959629535675,0.8681754022836685
4782,0.9097053706645966,4782,0.843959629535675,0.8681754022836685
4783,0.9097053706645966,4783,0.843959629535675,0.8681754022836685
4784,0.9097053706645966,4784,0.843959629535675,0.8681754022836685
4785,0.9097053706645966,4785,0.843959629535675,0.8681754022836685
4786,0.9097053706645966,4786,0.843959629535675,0.8681754022836685
4787,0.9097053706645966,4787,0.843959629535675,0.8681754022836685
4788,0.9097053706645966,4788,0.843959629535675,0.8681754022836685
4789,0.9097053706645966,4789,0.843959629535675,0.8681754022836685
4790,0.9097053706645966,4790,0.843959629535675,0.8681754022836685
4791,0.9097053706645966,4791,0.843959629535675,0.8681754022836685
4792,0.9097053706645966,4792,0.843959629535675,0.8681754022836685
4793,0.9097053706645966,4793,0.843959629535675,0.8681754022836685
4794,0.9097053706645966,4794,0.843959629535675,0.8681754022836685
4795,0.9097053706645966,4795,0.843959629535675,0.8681754022836685
4796,0.9097053706645966,4796,0.843959629535675,0.8681754022836685
4797,0.9097053706645966,4797,0.843959629535675,0.8681754022836685
4798,0.9097053706645966,4798,0.843959629535675,0.8681754022836685
4799,0.9097053706645966,4799,0.843959629535675,0.8681754022836685
4800,0.9097053706645966,4800,0.843959629535675,0.8681754022836685
4801,0.9097053706645966,4801,0.843959629535675,0.8681754022836685
4802,0.9097053706645966,4802,0.843959629535675,0.8681754022836685
4803,0.9097053706645966,4803,0.843959629535675,0.8681754022836685
4804,0.9097053706645966,4804,0.843959629535675,0.8681754022836685
4805,0.9097053706645966,4805,0.843959629535675,0.8681754022836685
4806,0.9097053706645966,4806,0.843959629535675,0.8681754022836685
4807,0.9097053706645966,4807,0.843959629535675,0.8681754022836685
4808,0.9097053706645966,4808,0.843959629535675,0.8681754022836685
4809,0.9097053706645966,4809,0.843959629535675,0.8681754022836685
4810,0.9097053706645966,4810,0.843959629535675,0.8681754022836685
4811,0.9097053706645966,4811,0.843959629535675,0.8681754022836685
4812,0.9097053706645966,4812,0.843959629535675,0.8681754022836685
4813,0.9097053706645966,4813,0.843959629535675,0.8681754022836685
4814,0.9097053706645966,4814,0.843959629535675,0.8681754022836685
4815,0.9097053706645966,4815,0.843959629535675,0.8681754022836685
4816,0.9097053706645966,4816,0.843959629535675,0.8681754022836685
4817,0.9097053706645966,4817,0.843959629535675,0.8681754022836685
4818,0.9097053706645966,4818,0.843959629535675,0.8681754022836685
4819,0.9097053706645966,4819,0.843959629535675,0.8681754022836685
4820,0.9097053706645966,4820,0.843959629535675,0.8681754022836685
4821,0.9097053706645966,4821,0.843959629535675,0.8681754022836685
4822,0.9097053706645966,4822,0.843959629535675,0.8681754022836685
4823,0.9097053706645966,4823,0.843959629535675,0.8681754022836685
4824,0.9097053706645966,4824,0.843959629535675,0.8681754022836685
4825,0.9097053706645966,4825,0.843959629535675,0.8681754022836685
4826,0.9097053706645966,4826,0.843959629535675,0.8681754022836685
4827,0.9097053706645966,4827,0.843959629535675,0.8681754022836685
4828,0.9097053706645966,4828,0.843959629535675,0.8681754022836685
4829,0.9097053706645966,4829,0.843945324420929,0.8681754022836685
4830,0.9097053706645966,4830,0.843945324420929,0.8681754022836685
4831,0.9097053706645966,4831,0.843945324420929,0.8681754022836685
4832,0.9097053706645966,4832,0.843945324420929,0.8681754022836685
4833,0.9097053706645966,4833,0.843945324420929,0.8681754022836685
4834,0.9097053706645966,4834,0.843945324420929,0.8681754022836685
4835,0.9097053706645966,4835,0.843945324420929,0.8681754022836685
4836,0.9097053706645966,4836,0.843945324420929,0.8681754022836685
4837,0.9097053706645966,4837,0.843945324420929,0.8681754022836685
4838,0.9097053706645966,4838,0.843945324420929,0.8681754022836685
4839,0.9097053706645966,4839,0.843945324420929,0.8681754022836685
4840,0.9097053706645966,4840,0.843945324420929,0.8681754022836685
4841,0.9097053706645966,4841,0.843945324420929,0.8681754022836685
4842,0.9097053706645966,4842,0.843945324420929,0.8681754022836685
4843,0.9097053706645966,4843,0.843945324420929,0.8681754022836685
4844,0.9097053706645966,4844,0.843945324420929,0.8681754022836685
4845,0.9097053706645966,4845,0.843945324420929,0.8681754022836685
4846,0.9097053706645966,4846,0.843945324420929,0.8681754022836685
4847,0.9097053706645966,4847,0.843945324420929,0.8681754022836685
4848,0.9097053706645966,4848,0.843945324420929,0.8681754022836685
4849,0.9097053706645966,4849,0.843945324420929,0.8681754022836685
4850,0.9097053706645966,4850,0.843945324420929,0.8681754022836685
4851,0.9097053706645966,4851,0.843945324420929,0.8681754022836685
4852,0.9097053706645966,4852,0.843945324420929,0.8681754022836685
4853,0.9097053706645966,4853,0.843945324420929,0.8681754022836685
4854,0.9097053706645966,4854,0.843945324420929,0.8681754022836685
4855,0.9097053706645966,4855,0.843945324420929,0.8681754022836685
4856,0.9097053706645966,4856,0.843945324420929,0.8681754022836685
4857,0.9097053706645966,4857,0.843945324420929,0.8681754022836685
4858,0.9097053706645966,4858,0.843945324420929,0.8681754022836685
4859,0.9097053706645966,4859,0.843945324420929,0.8681754022836685
4860,0.9097053706645966,4860,0.843945324420929,0.8681754022836685
4861,0.9097053706645966,4861,0.843945324420929,0.8681754022836685
4862,0.9097053706645966,4862,0.843945324420929,0.8681754022836685
4863,0.9097053706645966,4863,0.843945324420929,0.8681754022836685
4864,0.9097053706645966,4864,0.843945324420929,0.8681754022836685
4865,0.9097053706645966,4865,0.843945324420929,0.8681754022836685
4866,0.9097053706645966,4866,0.843945324420929,0.8681754022836685
4867,0.9097053706645966,4867,0.843945324420929,0.8681754022836685
4868,0.9097053706645966,4868,0.843945324420929,0.8681754022836685
4869,0.9097053706645966,4869,0.843945324420929,0.8681754022836685
4870,0.9097053706645966,4870,0.843945324420929,0.8681754022836685
4871,0.9097053706645966,4871,0.843945324420929,0.8681754022836685
4872,0.9097053706645966,4872,0.843945324420929,0.8681754022836685
4873,0.9097053706645966,4873,0.843945324420929,0.8681754022836685
4874,0.9097053706645966,4874,0.843945324420929,0.8681754022836685
4875,0.9097053706645966,4875,0.843945324420929,0.8681754022836685
4876,0.9097053706645966,4876,0.843945324420929,0.8681754022836685
4877,0.9097053706645966,4877,0.843945324420929,0.8681754022836685
4878,0.9097053706645966,4878,0.843945324420929,0.8681754022836685
4879,0.9097053706645966,4879,0.843945324420929,0.8681754022836685
4880,0.9097053706645966,4880,0.843945324420929,0.8681754022836685
4881,0.9097053706645966,4881,0.843945324420929,0.8681754022836685
4882,0.9097053706645966,4882,0.843945324420929,0.8681754022836685
4883,0.9097053706645966,4883,0.843945324420929,0.8681754022836685
4884,0.9097053706645966,4884,0.843945324420929,0.8681754022836685
4885,0.9097053706645966,4885,0.843945324420929,0.8681754022836685
4886,0.9097053706645966,4886,0.843945324420929,0.8681754022836685
4887,0.9097053706645966,4887,0.843945324420929,0.8681754022836685
4888,0.9097053706645966,4888,0.843945324420929,0.8681754022836685
4889,0.9097053706645966,4889,0.843945324420929,0.8681754022836685
4890,0.9097053706645966,4890,0.843945324420929,0.8681754022836685
4891,0.9097053706645966,4891,0.843945324420929,0.8681754022836685
4892,0.9097053706645966,4892,0.843945324420929,0.8681754022836685
4893,0.9097053706645966,4893,0.843945324420929,0.8681754022836685
4894,0.9097053706645966,4894,0.843945324420929,0.8681754022836685
4895,0.9097053706645966,4895,0.843945324420929,0.8681754022836685
4896,0.9097053706645966,4896,0.843945324420929,0.8681754022836685
4897,0.9097053706645966,4897,0.843945324420929,0.8681754022836685
4898,0.9097053706645966,4898,0.843945324420929,0.8681754022836685
4899,0.9097053706645966,4899,0.843945324420929,0.8681754022836685
4900,0.9097053706645966,4900,0.843945324420929,0.8681754022836685
4901,0.9097053706645966,4901,0.843945324420929,0.8681754022836685
4902,0.9097053706645966,4902,0.843945324420929,0.8681754022836685
4903,0.9097053706645966,4903,0.843945324420929,0.8681754022836685
4904,0.9097053706645966,4904,0.843945324420929,0.8681754022836685
4905,0.9097053706645966,4905,0.843945324420929,0.8681754022836685
4906,0.9097053706645966,4906,0.843945324420929,0.8681754022836685
4907,0.9097053706645966,4907,0.843945324420929,0.8681754022836685
4908,0.9097053706645966,4908,0.843945324420929,0.8681754022836685
4909,0.9097053706645966,4909,0.843945324420929,0.8681754022836685
4910,0.9097053706645966,4910,0.843945324420929,0.8681754022836685
4911,0.9097053706645966,4911,0.843945324420929,0.8681754022836685
4912,0.9097053706645966,4912,0.843945324420929,0.8681754022836685
4913,0.9097053706645966,4913,0.843945324420929,0.8681754022836685
4914,0.9097053706645966,4914,0.843945324420929,0.8681754022836685
4915,0.9097053706645966,4915,0.843945324420929,0.8681754022836685
4916,0.9097053706645966,4916,0.843945324420929,0.8681754022836685
4917,0.9097053706645966,4917,0.843945324420929,0.8681754022836685
4918,0.9097053706645966,4918,0.843945324420929,0.8681754022836685
4919,0.9097053706645966,4919,0.843945324420929,0.8681754022836685
4920,0.9097053706645966,4920,0.843945324420929,0.8681754022836685
4921,0.9097053706645966,4921,0.843945324420929,0.8681754022836685
4922,0.9097053706645966,4922,0.843945324420929,0.8681754022836685
4923,0.9097053706645966,4923,0.843945324420929,0.8681754022836685
4924,0.9097053706645966,4924,0.843945324420929,0.8681754022836685
4925,0.9097053706645966,4925,0.843945324420929,0.8681754022836685
4926,0.9097053706645966,4926,0.843945324420929,0.8681754022836685
4927,0.9097053706645966,4927,0.843945324420929,0.8681754022836685
4928,0.9097053706645966,4928,0.843945324420929,0.8681754022836685
4929,0.9097053706645966,4929,0.843945324420929,0.8681754022836685
4930,0.9097053706645966,4930,0.843945324420929,0.8681754022836685
4931,0.9097053706645966,4931,0.843945324420929,0.8681754022836685
4932,0.9097053706645966,4932,0.843945324420929,0.8681754022836685
4933,0.9097053706645966,4933,0.843945324420929,0.8681754022836685
4934,0.9097053706645966,4934,0.843945324420929,0.8681754022836685
4935,0.9097053706645966,4935,0.843945324420929,0.8681754022836685
4936,0.9097053706645966,4936,0.843945324420929,0.8681754022836685
4937,0.9097053706645966,4937,0.843945324420929,0.8681754022836685
4938,0.9097053706645966,4938,0.843945324420929,0.8681754022836685
4939,0.9097053706645966,4939,0.843945324420929,0.8681754022836685
4940,0.9097053706645966,4940,0.843945324420929,0.8681754022836685
4941,0.9097053706645966,4941,0.843945324420929,0.8681754022836685
4942,0.9097053706645966,4942,0.843945324420929,0.8681754022836685
4943,0.9097053706645966,4943,0.843945324420929,0.8681754022836685
4944,0.9097053706645966,4944,0.843945324420929,0.8681754022836685
4945,0.9097053706645966,4945,0.843945324420929,0.8681754022836685
4946,0.9097053706645966,4946,0.843945324420929,0.8681754022836685
4947,0.9097053706645966,4947,0.843945324420929,0.8681754022836685
4948,0.9097053706645966,4948,0.843945324420929,0.8681754022836685
4949,0.9097053706645966,4949,0.843945324420929,0.8681754022836685
4950,0.9097053706645966,4950,0.843945324420929,0.8681754022836685
4951,0.9097053706645966,4951,0.843945324420929,0.8681754022836685
4952,0.9097053706645966,4952,0.843945324420929,0.8681754022836685
4953,0.9097053706645966,4953,0.843945324420929,0.8681754022836685
4954,0.9097053706645966,4954,0.843945324420929,0.8681754022836685
4955,0.9097053706645966,4955,0.843945324420929,0.8681754022836685
4956,0.9097053706645966,4956,0.843945324420929,0.8681754022836685
4957,0.9097053706645966,4957,0.843945324420929,0.8681754022836685
4958,0.9097053706645966,4958,0.843945324420929,0.8681754022836685
4959,0.9097053706645966,4959,0.843945324420929,0.8681754022836685
4960,0.9097053706645966,4960,0.843945324420929,0.8681754022836685
4961,0.9097053706645966,4961,0.843945324420929,0.8681754022836685
4962,0.9097053706645966,4962,0.843945324420929,0.8681754022836685
4963,0.9097053706645966,4963,0.843945324420929,0.8681754022836685
4964,0.9097053706645966,4964,0.843945324420929,0.8681754022836685
4965,0.9097053706645966,4965,0.843945324420929,0.8681754022836685
4966,0.9097053706645966,4966,0.843945324420929,0.8681754022836685
4967,0.9097053706645966,4967,0.843945324420929,0.8681754022836685
4968,0.9097053706645966,4968,0.843945324420929,0.8681754022836685
4969,0.9097053706645966,4969,0.843945324420929,0.8681754022836685
4970,0.9097053706645966,4970,0.843945324420929,0.8681754022836685
4971,0.9097053706645966,4971,0.843945324420929,0.8681754022836685
4972,0.9097053706645966,4972,0.843945324420929,0.8681754022836685
4973,0.9097053706645966,4973,0.843945324420929,0.8681754022836685
4974,0.9097053706645966,4974,0.843945324420929,0.8681754022836685
4975,0.9097053706645966,4975,0.843945324420929,0.8681754022836685
4976,0.9097053706645966,4976,0.843945324420929,0.8681754022836685
4977,0.9097053706645966,4977,0.843945324420929,0.8681754022836685
4978,0.9097053706645966,4978,0.843945324420929,0.8681754022836685
4979,0.9097053706645966,4979,0.843945324420929,0.8681754022836685
4980,0.9097053706645966,4980,0.843945324420929,0.8681754022836685
4981,0.9097053706645966,4981,0.843945324420929,0.8681754022836685
4982,0.9097053706645966,4982,0.843945324420929,0.8681754022836685
4983,0.9097053706645966,4983,0.843945324420929,0.8681754022836685
4984,0.9097053706645966,4984,0.843945324420929,0.8681754022836685
4985,0.9097053706645966,4985,0.843945324420929,0.8681754022836685
4986,0.9097053706645966,4986,0.843945324420929,0.8681754022836685
4987,0.9097053706645966,4987,0.843945324420929,0.8681754022836685
4988,0.9097053706645966,4988,0.843945324420929,0.8681754022836685
4989,0.9097053706645966,4989,0.843945324420929,0.8681754022836685
4990,0.9097053706645966,4990,0.843945324420929,0.8681754022836685
4991,0.9097053706645966,4991,0.843945324420929,0.8681754022836685
4992,0.9097053706645966,4992,0.843945324420929,0.8681754022836685
4993,0.9097053706645966,4993,0.843945324420929,0.8681754022836685
4994,0.9097053706645966,4994,0.843945324420929,0.8681754022836685
4995,0.9097053706645966,4995,0.843945324420929,0.8681754022836685
4996,0.9097053706645966,4996,0.843945324420929,0.8681754022836685
4997,0.9097053706645966,4997,0.843945324420929,0.8681754022836685
4998,0.9097053706645966,4998,0.843945324420929,0.8681754022836685
4999,0.9097053706645966,4999,0.843945324420929,0.8681754022836685
5000,0.9099246263504028,5000,0.8461712449789047,0.8681427389383316
5001,0.9099246263504028,5001,0.8461855500936508,0.8681427389383316
5002,0.9099246263504028,5002,0.8461855500936508,0.8681427389383316
5003,0.9099246263504028,5003,0.8461855500936508,0.8681427389383316
5004,0.9099246263504028,5004,0.8461855500936508,0.8681427389383316
5005,0.9099246263504028,5005,0.8461855500936508,0.8681427389383316
5006,0.9099246263504028,5006,0.8461855500936508,0.8681427389383316
5007,0.9099246263504028,5007,0.8461855500936508,0.8681427389383316
5008,0.9099246263504028,5008,0.8461855500936508,0.8681427389383316
5009,0.9099246263504028,5009,0.8461855500936508,0.8681427389383316
5010,0.9099246263504028,5010,0.8461855500936508,0.8681427389383316
5011,0.9099246263504028,5011,0.8461855500936508,0.8681427389383316
5012,0.9099246263504028,5012,0.8461855500936508,0.8681427389383316
5013,0.9099246263504028,5013,0.8461855500936508,0.8681427389383316
5014,0.9099246263504028,5014,0.8461855500936508,0.8681427389383316
5015,0.9099246263504028,5015,0.8461855500936508,0.8681427389383316
5016,0.9099246263504028,5016,0.8461855500936508,0.8681427389383316
5017,0.9099246263504028,5017,0.8461855500936508,0.8681427389383316
5018,0.9099246263504028,5018,0.8461855500936508,0.8681427389383316
5019,0.9099246263504028,5019,0.8461855500936508,0.8681427389383316
5020,0.9099246263504028,5020,0.8461855500936508,0.8681427389383316
5021,0.9099246263504028,5021,0.8461855500936508,0.8681427389383316
5022,0.9099246263504028,5022,0.8461855500936508,0.8681427389383316
5023,0.9099246263504028,5023,0.8461855500936508,0.8681427389383316
5024,0.9099246263504028,5024,0.8461855500936508,0.8681427389383316
5025,0.9099246263504028,5025,0.8461855500936508,0.8681427389383316
5026,0.9099246263504028,5026,0.8461855500936508,0.8681427389383316
5027,0.9099246263504028,5027,0.8461855500936508,0.8681427389383316
5028,0.9099246263504028,5028,0.8461855500936508,0.8681427389383316
5029,0.9099246263504028,5029,0.8461855500936508,0.8681427389383316
5030,0.9099246263504028,5030,0.8461855500936508,0.8681427389383316
5031,0.9099246263504028,5031,0.8461855500936508,0.8681427389383316
5032,0.9099246263504028,5032,0.8461855500936508,0.8681427389383316
5033,0.9099246263504028,5033,0.8461855500936508,0.8681427389383316
5034,0.9099246263504028,5034,0.8461855500936508,0.8681427389383316
5035,0.9099246263504028,5035,0.8461855500936508,0.8681427389383316
5036,0.9099246263504028,5036,0.8461855500936508,0.8681427389383316
5037,0.9099246263504028,5037,0.8461855500936508,0.8681427389383316
5038,0.9099246263504028,5038,0.8461855500936508,0.8681427389383316
5039,0.9099246263504028,5039,0.8461855500936508,0.8681427389383316
5040,0.9099246263504028,5040,0.8461855500936508,0.8681427389383316
5041,0.9099246263504028,5041,0.8461855500936508,0.8681427389383316
5042,0.9099246263504028,5042,0.8461855500936508,0.8681427389383316
5043,0.9099246263504028,5043,0.8461855500936508,0.8681427389383316
5044,0.9099246263504028,5044,0.8461855500936508,0.8681427389383316
5045,0.9099246263504028,5045,0.8461855500936508,0.8681427389383316
5046,0.9099246263504028,5046,0.8461855500936508,0.8681427389383316
5047,0.9099246263504028,5047,0.8461855500936508,0.8681427389383316
5048,0.9099246263504028,5048,0.8461855500936508,0.8681427389383316
5049,0.9099246263504028,5049,0.8461855500936508,0.8681427389383316
5050,0.9099246263504028,5050,0.8461855500936508,0.8681427389383316
5051,0.9099246263504028,5051,0.8461855500936508,0.8681427389383316
5052,0.9099246263504028,5052,0.8461855500936508,0.8681427389383316
5053,0.9099246263504028,5053,0.8461855500936508,0.8681427389383316
5054,0.9099246263504028,5054,0.8461855500936508,0.8681427389383316
5055,0.9099246263504028,5055,0.8461855500936508,0.8681427389383316
5056,0.9099246263504028,5056,0.8461855500936508,0.8681427389383316
5057,0.9099246263504028,5057,0.8461855500936508,0.8681427389383316
5058,0.9099246263504028,5058,0.8461855500936508,0.8681427389383316
5059,0.9099246263504028,5059,0.8461855500936508,0.8681427389383316
5060,0.9099246263504028,5060,0.8461855500936508,0.8681427389383316
5061,0.9099246263504028,5061,0.8461855500936508,0.8681427389383316
5062,0.9099246263504028,5062,0.8461903184652328,0.8681427389383316
5063,0.9099246263504028,5063,0.8461903184652328,0.8681427389383316
5064,0.9099246263504028,5064,0.8461903184652328,0.8681427389383316
5065,0.9099246263504028,5065,0.8461903184652328,0.8681427389383316
5066,0.9099246263504028,5066,0.8461903184652328,0.8681427389383316
5067,0.9099246263504028,5067,0.8461903184652328,0.8681427389383316
5068,0.9099246263504028,5068,0.8461903184652328,0.8681427389383316
5069,0.9099246263504028,5069,0.8461903184652328,0.8681427389383316
5070,0.9099246263504028,5070,0.8461903184652328,0.8681427389383316
5071,0.9099246263504028,5071,0.8461903184652328,0.8681427389383316
5072,0.9099246263504028,5072,0.8461903184652328,0.8681427389383316
5073,0.9099246263504028,5073,0.8461903184652328,0.8681427389383316
5074,0.9099246263504028,5074,0.8461903184652328,0.8681427389383316
5075,0.9099246263504028,5075,0.8461903184652328,0.8681427389383316
5076,0.9099246263504028,5076,0.8461903184652328,0.8681427389383316
5077,0.9099246263504028,5077,0.8461903184652328,0.8681427389383316
5078,0.9099246263504028,5078,0.8461903184652328,0.8681427389383316
5079,0.9099246263504028,5079,0.8461903184652328,0.8681427389383316
5080,0.9099246263504028,5080,0.8461903184652328,0.8681427389383316
5081,0.9099246263504028,5081,0.8461903184652328,0.8681427389383316
5082,0.9099246263504028,5082,0.8461903184652328,0.8681427389383316
5083,0.9099246263504028,5083,0.8461903184652328,0.8681427389383316
5084,0.9099246263504028,5084,0.8461903184652328,0.8681427389383316
5085,0.9099246263504028,5085,0.8461903184652328,0.8681427389383316
5086,0.9099246263504028,5086,0.8461903184652328,0.8681427389383316
5087,0.9099246263504028,5087,0.8461903184652328,0.8681427389383316
5088,0.9099246263504028,5088,0.8461903184652328,0.8681427389383316
5089,0.9099246263504028,5089,0.8461903184652328,0.8681427389383316
5090,0.9099246263504028,5090,0.8461903184652328,0.8681427389383316
5091,0.9099246263504028,5091,0.8461903184652328,0.8681427389383316
5092,0.9099246263504028,5092,0.8461903184652328,0.8681427389383316
5093,0.9099246263504028,5093,0.8461903184652328,0.8681427389383316
5094,0.9099246263504028,5094,0.8461903184652328,0.8681427389383316
5095,0.9099246263504028,5095,0.8461903184652328,0.8681427389383316
5096,0.9099246263504028,5096,0.8461903184652328,0.8681427389383316
5097,0.9099246263504028,5097,0.8461903184652328,0.8681427389383316
5098,0.9099246263504028,5098,0.8461903184652328,0.8681427389383316
5099,0.9099246263504028,5099,0.8461903184652328,0.8681427389383316
5100,0.9099246263504028,5100,0.8461903184652328,0.8681427389383316
5101,0.9099246263504028,5101,0.8461903184652328,0.8681427389383316
5102,0.9099246263504028,5102,0.8461903184652328,0.8681427389383316
5103,0.9099246263504028,5103,0.8461903184652328,0.8681427389383316
5104,0.9099246263504028,5104,0.8461903184652328,0.8681427389383316
5105,0.9099246263504028,5105,0.8461903184652328,0.8681427389383316
5106,0.9099246263504028,5106,0.8461903184652328,0.8681427389383316
5107,0.9099246263504028,5107,0.8461903184652328,0.8681427389383316
5108,0.9099246263504028,5108,0.8461903184652328,0.8681427389383316
5109,0.9099246263504028,5109,0.8461903184652328,0.8681427389383316
5110,0.9099246263504028,5110,0.8461903184652328,0.8681427389383316
5111,0.9099246263504028,5111,0.8461903184652328,0.8681427389383316
5112,0.9099246263504028,5112,0.8461903184652328,0.8681427389383316
5113,0.9099246263504028,5113,0.8461903184652328,0.8681427389383316
5114,0.9099246263504028,5114,0.8461903184652328,0.8681427389383316
5115,0.9099246263504028,5115,0.8461903184652328,0.8681427389383316
5116,0.9099246263504028,5116,0.8461903184652328,0.8681427389383316
5117,0.9099246263504028,5117,0.8461903184652328,0.8681427389383316
5118,0.9099246263504028,5118,0.8461903184652328,0.8681427389383316
5119,0.9099246263504028,5119,0.8461903184652328,0.8681427389383316
5120,0.9099246263504028,5120,0.8461903184652328,0.8681427389383316
5121,0.9099246263504028,5121,0.8461903184652328,0.8681427389383316
5122,0.9099246263504028,5122,0.8461903184652328,0.8681427389383316
5123,0.9099246263504028,5123,0.8461903184652328,0.8681427389383316
5124,0.9099246263504028,5124,0.8461903184652328,0.8681427389383316
5125,0.9099246263504028,5125,0.8461903184652328,0.8681427389383316
5126,0.9099246263504028,5126,0.8461903184652328,0.8681427389383316
5127,0.9099246263504028,5127,0.8461903184652328,0.8681427389383316
5128,0.9099246263504028,5128,0.8461903184652328,0.8681427389383316
5129,0.9099246263504028,5129,0.8461903184652328,0.8681427389383316
5130,0.9099246263504028,5130,0.8461903184652328,0.8681427389383316
5131,0.9099246263504028,5131,0.8461903184652328,0.8681427389383316
5132,0.9099246263504028,5132,0.8461903184652328,0.8681427389383316
5133,0.9099246263504028,5133,0.8461903184652328,0.8681427389383316
5134,0.9099246263504028,5134,0.8461903184652328,0.8681427389383316
5135,0.9099246263504028,5135,0.8461903184652328,0.8681427389383316
5136,0.9099246263504028,5136,0.8461903184652328,0.8681427389383316
5137,0.9099246263504028,5137,0.8461903184652328,0.8681427389383316
5138,0.9099246263504028,5138,0.8461903184652328,0.8681427389383316
5139,0.9099246263504028,5139,0.8461903184652328,0.8681427389383316
5140,0.9099246263504028,5140,0.8461903184652328,0.8681427389383316
5141,0.9099246263504028,5141,0.8461903184652328,0.8681427389383316
5142,0.9099246263504028,5142,0.8461903184652328,0.8681427389383316
5143,0.9099246263504028,5143,0.8461903184652328,0.8681427389383316
5144,0.9099246263504028,5144,0.8461903184652328,0.8681427389383316
5145,0.9099246263504028,5145,0.8461903184652328,0.8681427389383316
5146,0.9099246263504028,5146,0.8461903184652328,0.8681427389383316
5147,0.9099246263504028,5147,0.8461903184652328,0.8681427389383316
5148,0.9099246263504028,5148,0.8461903184652328,0.8681427389383316
5149,0.9099246263504028,5149,0.8461903184652328,0.8681427389383316
5150,0.9099246263504028,5150,0.8461903184652328,0.8681427389383316
5151,0.9099246263504028,5151,0.8461903184652328,0.8681427389383316
5152,0.9099246263504028,5152,0.8461903184652328,0.8681427389383316
5153,0.9099246263504028,5153,0.8461903184652328,0.8681427389383316
5154,0.9099246263504028,5154,0.8461903184652328,0.8681427389383316
5155,0.9099246263504028,5155,0.8461903184652328,0.8681427389383316
5156,0.9099246263504028,5156,0.8461903184652328,0.8681427389383316
5157,0.9099246263504028,5157,0.8461903184652328,0.8681427389383316
5158,0.9099246263504028,5158,0.8461903184652328,0.8681427389383316
5159,0.9099246263504028,5159,0.8461903184652328,0.8681427389383316
5160,0.9099246263504028,5160,0.8461903184652328,0.8681427389383316
5161,0.9099246263504028,5161,0.8461903184652328,0.8681427389383316
5162,0.9099246263504028,5162,0.8461903184652328,0.8681427389383316
5163,0.9099246263504028,5163,0.8461903184652328,0.8681427389383316
5164,0.9099246263504028,5164,0.8461903184652328,0.8681427389383316
5165,0.9099246263504028,5165,0.8461903184652328,0.8681427389383316
5166,0.9099246263504028,5166,0.8461903184652328,0.8681427389383316
5167,0.9099246263504028,5167,0.8461903184652328,0.8681427389383316
5168,0.9099246263504028,5168,0.8461903184652328,0.8681427389383316
5169,0.9099246263504028,5169,0.8461903184652328,0.8681427389383316
5170,0.9099246263504028,5170,0.8461903184652328,0.8681427389383316
5171,0.9099246263504028,5171,0.8461903184652328,0.8681427389383316
5172,0.9099246263504028,5172,0.8461903184652328,0.8681427389383316
5173,0.9099246263504028,5173,0.8461903184652328,0.8681427389383316
5174,0.9099246263504028,5174,0.8461903184652328,0.8681427389383316
5175,0.9099246263504028,5175,0.8461903184652328,0.8681427389383316
5176,0.9099246263504028,5176,0.8461903184652328,0.8681427389383316
5177,0.9099246263504028,5177,0.8461903184652328,0.8681427389383316
5178,0.9099246263504028,5178,0.8461903184652328,0.8681427389383316
5179,0.9099246263504028,5179,0.8461903184652328,0.8681427389383316
5180,0.9099246263504028,5180,0.8461903184652328,0.8681427389383316
5181,0.9099246263504028,5181,0.8461903184652328,0.8681427389383316
5182,0.9099246263504028,5182,0.8461903184652328,0.8681427389383316
5183,0.9099246263504028,5183,0.8461903184652328,0.8681427389383316
5184,0.9099246263504028,5184,0.8461903184652328,0.8681427389383316
5185,0.9099246263504028,5185,0.8461903184652328,0.8681427389383316
5186,0.9099246263504028,5186,0.8461903184652328,0.8681427389383316
5187,0.9099246263504028,5187,0.8461903184652328,0.8681427389383316
5188,0.9099246263504028,5188,0.8461903184652328,0.8681427389383316
5189,0.9099246263504028,5189,0.8461903184652328,0.8681427389383316
5190,0.9099246263504028,5190,0.8461903184652328,0.8681427389383316
5191,0.9099246263504028,5191,0.8461903184652328,0.8681427389383316
5192,0.9099246263504028,5192,0.8461903184652328,0.8681427389383316
5193,0.9099246263504028,5193,0.8461903184652328,0.8681427389383316
5194,0.9099246263504028,5194,0.8461903184652328,0.8681427389383316
5195,0.9099246263504028,5195,0.8461903184652328,0.8681427389383316
5196,0.9099246263504028,5196,0.8461903184652328,0.8681427389383316
5197,0.9099246263504028,5197,0.8461903184652328,0.8681427389383316
5198,0.9099246263504028,5198,0.8461903184652328,0.8681427389383316
5199,0.9099246263504028,5199,0.8461903184652328,0.8681427389383316
5200,0.9099246263504028,5200,0.8461903184652328,0.8681427389383316
5201,0.9099246263504028,5201,0.8461903184652328,0.8681427389383316
5202,0.9099246263504028,5202,0.8461903184652328,0.8681427389383316
5203,0.9099246263504028,5203,0.8461903184652328,0.8681427389383316
5204,0.9099246263504028,5204,0.8461903184652328,0.8681427389383316
5205,0.9099246263504028,5205,0.8461903184652328,0.8681427389383316
5206,0.9099246263504028,5206,0.8461903184652328,0.8681427389383316
5207,0.9099246263504028,5207,0.8461903184652328,0.8681427389383316
5208,0.9099246263504028,5208,0.8461903184652328,0.8681427389383316
5209,0.9099246263504028,5209,0.8461903184652328,0.8681427389383316
5210,0.9099246263504028,5210,0.8461903184652328,0.8681427389383316
5211,0.9099246263504028,5211,0.8461903184652328,0.8681427389383316
5212,0.9099246263504028,5212,0.8461903184652328,0.8681427389383316
5213,0.9099246263504028,5213,0.8461903184652328,0.8681427389383316
5214,0.9099246263504028,5214,0.8461903184652328,0.8681427389383316
5215,0.9099246263504028,5215,0.8461903184652328,0.8681427389383316
5216,0.9099246263504028,5216,0.8461903184652328,0.8681427389383316
5217,0.9099246263504028,5217,0.8461903184652328,0.8681427389383316
5218,0.9099246263504028,5218,0.8461903184652328,0.8681427389383316
5219,0.9099246263504028,5219,0.8461903184652328,0.8681427389383316
5220,0.9099246263504028,5220,0.8461903184652328,0.8681427389383316
5221,0.9099246263504028,5221,0.8461903184652328,0.8681427389383316
5222,0.9099246263504028,5222,0.8461903184652328,0.8681427389383316
5223,0.9099246263504028,5223,0.8461903184652328,0.8681427389383316
5224,0.9099246263504028,5224,0.8461903184652328,0.8681427389383316
5225,0.9099246263504028,5225,0.8461903184652328,0.8681427389383316
5226,0.9099246263504028,5226,0.8461903184652328,0.8681427389383316
5227,0.9099246263504028,5227,0.8461903184652328,0.8681427389383316
5228,0.9099246263504028,5228,0.8461903184652328,0.8681427389383316
5229,0.9099246263504028,5229,0.8461903184652328,0.8681427389383316
5230,0.9099246263504028,5230,0.8461903184652328,0.8681427389383316
5231,0.9099246263504028,5231,0.8461903184652328,0.8681427389383316
5232,0.9099246263504028,5232,0.8461903184652328,0.8681427389383316
5233,0.9099246263504028,5233,0.8461903184652328,0.8681427389383316
5234,0.9099246263504028,5234,0.8461903184652328,0.8681427389383316
5235,0.9099246263504028,5235,0.8461903184652328,0.8681427389383316
5236,0.9099246263504028,5236,0.8461903184652328,0.8681427389383316
5237,0.9099246263504028,5237,0.8461903184652328,0.8681427389383316
5238,0.9099246263504028,5238,0.8461903184652328,0.8681427389383316
5239,0.9099246263504028,5239,0.8461903184652328,0.8681427389383316
5240,0.9099246263504028,5240,0.8461903184652328,0.8681427389383316
5241,0.9099246263504028,5241,0.8461903184652328,0.8681427389383316
5242,0.9099246263504028,5242,0.8461903184652328,0.8681427389383316
5243,0.9099246263504028,5243,0.8461903184652328,0.8681427389383316
5244,0.9099246263504028,5244,0.8461903184652328,0.8681427389383316
5245,0.9099246263504028,5245,0.8461903184652328,0.8681427389383316
5246,0.9099246263504028,5246,0.8461903184652328,0.8681427389383316
5247,0.9099246263504028,5247,0.8461903184652328,0.8681427389383316
5248,0.9099246263504028,5248,0.8461903184652328,0.8681427389383316
5249,0.9099246263504028,5249,0.8461903184652328,0.8681427389383316
5250,0.9100325554609299,5250,0.8439800590276718,0.8684279173612595
5251,0.9100325554609299,5251,0.8439752906560898,0.8684279173612595
5252,0.9100325554609299,5252,0.8439752906560898,0.8684279173612595
5253,0.9100325554609299,5253,0.8439752906560898,0.8684279173612595
5254,0.9100325554609299,5254,0.8439752906560898,0.8684279173612595
5255,0.9100325554609299,5255,0.8439752906560898,0.8684279173612595
5256,0.9100325554609299,5256,0.8439752906560898,0.8684279173612595
5257,0.9100325554609299,5257,0.8439752906560898,0.8684279173612595
5258,0.9100325554609299,5258,0.8439752906560898,0.8684279173612595
5259,0.9100325554609299,5259,0.8439752906560898,0.8684279173612595
5260,0.9100325554609299,5260,0.8439752906560898,0.8684279173612595
5261,0.9100325554609299,5261,0.8439752906560898,0.8684279173612595
5262,0.9100325554609299,5262,0.8439752906560898,0.8684279173612595
5263,0.9100325554609299,5263,0.8439752906560898,0.8684279173612595
5264,0.9100325554609299,5264,0.8439752906560898,0.8684279173612595
5265,0.9100325554609299,5265,0.8439752906560898,0.8684279173612595
5266,0.9100325554609299,5266,0.8439752906560898,0.8684279173612595
5267,0.9100325554609299,5267,0.8439752906560898,0.8684279173612595
5268,0.9100325554609299,5268,0.8439752906560898,0.8684279173612595
5269,0.9100325554609299,5269,0.8439752906560898,0.8684279173612595
5270,0.9100325554609299,5270,0.8439752906560898,0.8684279173612595
5271,0.9100325554609299,5271,0.8439752906560898,0.8684279173612595
5272,0.9100325554609299,5272,0.8439752906560898,0.8684279173612595
5273,0.9100325554609299,5273,0.8439752906560898,0.8684279173612595
5274,0.9100325554609299,5274,0.8439752906560898,0.8684279173612595
5275,0.9100325554609299,5275,0.8439752906560898,0.8684279173612595
5276,0.9100325554609299,5276,0.8439752906560898,0.8684279173612595
5277,0.9100325554609299,5277,0.8439752906560898,0.8684279173612595
5278,0.9100325554609299,5278,0.843992754817009,0.8684279173612595
5279,0.9100325554609299,5279,0.843992754817009,0.8684279173612595
5280,0.9100325554609299,5280,0.843992754817009,0.8684279173612595
5281,0.9100325554609299,5281,0.843992754817009,0.8684279173612595
5282,0.9100325554609299,5282,0.843992754817009,0.8684279173612595
5283,0.9100325554609299,5283,0.843992754817009,0.8684279173612595
5284,0.9100325554609299,5284,0.843992754817009,0.8684279173612595
5285,0.9100325554609299,5285,0.843992754817009,0.8684279173612595
5286,0.9100325554609299,5286,0.843992754817009,0.8684279173612595
5287,0.9100325554609299,5287,0.843992754817009,0.8684279173612595
5288,0.9100325554609299,5288,0.843992754817009,0.8684279173612595
5289,0.9100325554609299,5289,0.843992754817009,0.8684279173612595
5290,0.9100325554609299,5290,0.843992754817009,0.8684279173612595
5291,0.9100325554609299,5291,0.843992754817009,0.8684279173612595
5292,0.9100325554609299,5292,0.843992754817009,0.8684279173612595
5293,0.9100325554609299,5293,0.843992754817009,0.8684279173612595
5294,0.9100325554609299,5294,0.843992754817009,0.8684279173612595
5295,0.9100325554609299,5295,0.8439784348011017,0.8684279173612595
5296,0.9100325554609299,5296,0.8439784348011017,0.8684279173612595
5297,0.9100325554609299,5297,0.8439784348011017,0.8684279173612595
5298,0.9100325554609299,5298,0.8439784348011017,0.8684279173612595
5299,0.9100325554609299,5299,0.8439784348011017,0.8684279173612595
5300,0.9100325554609299,5300,0.8439784348011017,0.8684279173612595
5301,0.9100325554609299,5301,0.8439784348011017,0.8684279173612595
5302,0.9100325554609299,5302,0.8439784348011017,0.8684279173612595
5303,0.9100325554609299,5303,0.8439784348011017,0.8684279173612595
5304,0.9100325554609299,5304,0.8439784348011017,0.8684279173612595
5305,0.9100325554609299,5305,0.8439784348011017,0.8684279173612595
5306,0.9100325554609299,5306,0.8439784348011017,0.8684279173612595
5307,0.9100325554609299,5307,0.8439784348011017,0.8684279173612595
5308,0.9100325554609299,5308,0.8439784348011017,0.8684279173612595
5309,0.9100325554609299,5309,0.8439784348011017,0.8684279173612595
5310,0.9100325554609299,5310,0.8439784348011017,0.8684279173612595
5311,0.9100325554609299,5311,0.8439784348011017,0.8684279173612595
5312,0.9100325554609299,5312,0.8439784348011017,0.8684279173612595
5313,0.9100325554609299,5313,0.8439784348011017,0.8684279173612595
5314,0.9100325554609299,5314,0.8439784348011017,0.8684279173612595
5315,0.9100325554609299,5315,0.8439784348011017,0.8684279173612595
5316,0.9100325554609299,5316,0.8439784348011017,0.8684279173612595
5317,0.9100325554609299,5317,0.8439784348011017,0.8684279173612595
5318,0.9100325554609299,5318,0.8439784348011017,0.8684279173612595
5319,0.9100325554609299,5319,0.8439784348011017,0.8684279173612595
5320,0.9100325554609299,5320,0.8439784348011017,0.8684279173612595
5321,0.9100325554609299,5321,0.8439784348011017,0.8684279173612595
5322,0.9100325554609299,5322,0.8439784348011017,0.8684279173612595
5323,0.9100325554609299,5323,0.8439784348011017,0.8684279173612595
5324,0.9100325554609299,5324,0.8439784348011017,0.8684279173612595
5325,0.9100325554609299,5325,0.8439784348011017,0.8684279173612595
5326,0.9100325554609299,5326,0.8439784348011017,0.8684279173612595
5327,0.9100325554609299,5327,0.8439784348011017,0.8684279173612595
5328,0.9100325554609299,5328,0.8439784348011017,0.8684279173612595
5329,0.9100325554609299,5329,0.8439784348011017,0.8684279173612595
5330,0.9100325554609299,5330,0.8439784348011017,0.8684279173612595
5331,0.9100325554609299,5331,0.8439784348011017,0.8684279173612595
5332,0.9100325554609299,5332,0.8439784348011017,0.8684279173612595
5333,0.9100325554609299,5333,0.8439784348011017,0.8684279173612595
5334,0.9100325554609299,5334,0.8439784348011017,0.8684279173612595
5335,0.9100325554609299,5335,0.8439784348011017,0.8684279173612595
5336,0.9100325554609299,5336,0.8439784348011017,0.8684279173612595
5337,0.9100325554609299,5337,0.8439784348011017,0.8684279173612595
5338,0.9100325554609299,5338,0.8439784348011017,0.8684279173612595
5339,0.9100325554609299,5339,0.8439784348011017,0.8684279173612595
5340,0.9100325554609299,5340,0.8439784348011017,0.8684279173612595
5341,0.9100325554609299,5341,0.8439784348011017,0.8684279173612595
5342,0.9100325554609299,5342,0.8439784348011017,0.8684279173612595
5343,0.9100325554609299,5343,0.8439784348011017,0.8684279173612595
5344,0.9100325554609299,5344,0.8439784348011017,0.8684279173612595
5345,0.9100325554609299,5345,0.8439784348011017,0.8684279173612595
5346,0.9100325554609299,5346,0.8439784348011017,0.8684279173612595
5347,0.9100325554609299,5347,0.8439784348011017,0.8684279173612595
5348,0.9100325554609299,5348,0.8439784348011017,0.8684279173612595
5349,0.9100325554609299,5349,0.8439784348011017,0.8684279173612595
5350,0.9100325554609299,5350,0.8439784348011017,0.8684279173612595
5351,0.9100325554609299,5351,0.8439784348011017,0.8684279173612595
5352,0.9100325554609299,5352,0.8439784348011017,0.8684279173612595
5353,0.9100325554609299,5353,0.8439784348011017,0.8684279173612595
5354,0.9100325554609299,5354,0.8439784348011017,0.8684279173612595
5355,0.9100325554609299,5355,0.8439784348011017,0.8684279173612595
5356,0.9100325554609299,5356,0.8439784348011017,0.8684279173612595
5357,0.9100325554609299,5357,0.8439784348011017,0.8684279173612595
5358,0.9100325554609299,5358,0.8439784348011017,0.8684279173612595
5359,0.9100325554609299,5359,0.8439784348011017,0.8684279173612595
5360,0.9100325554609299,5360,0.8439784348011017,0.8684279173612595
5361,0.9100325554609299,5361,0.8439784348011017,0.8684279173612595
5362,0.9100325554609299,5362,0.8439784348011017,0.8684279173612595
5363,0.9100325554609299,5363,0.8439784348011017,0.8684279173612595
5364,0.9100325554609299,5364,0.8439784348011017,0.8684279173612595
5365,0.9100325554609299,5365,0.8439784348011017,0.8684279173612595
5366,0.9100325554609299,5366,0.8439784348011017,0.8684279173612595
5367,0.9100325554609299,5367,0.8439784348011017,0.8684279173612595
5368,0.9100325554609299,5368,0.8439784348011017,0.8684279173612595
5369,0.9100325554609299,5369,0.8439784348011017,0.8684279173612595
5370,0.9100325554609299,5370,0.8439784348011017,0.8684279173612595
5371,0.9100325554609299,5371,0.8439784348011017,0.8684279173612595
5372,0.9100325554609299,5372,0.8439784348011017,0.8684279173612595
5373,0.9100325554609299,5373,0.8439784348011017,0.8684279173612595
5374,0.9100325554609299,5374,0.8439784348011017,0.8684279173612595
5375,0.9100325554609299,5375,0.8439784348011017,0.8684279173612595
5376,0.9100325554609299,5376,0.8439784348011017,0.8684279173612595
5377,0.9100325554609299,5377,0.8439784348011017,0.8684279173612595
5378,0.9100325554609299,5378,0.8439784348011017,0.8684279173612595
5379,0.9100325554609299,5379,0.8439784348011017,0.8684279173612595
5380,0.9100325554609299,5380,0.8439784348011017,0.8684279173612595
5381,0.9100325554609299,5381,0.8439784348011017,0.8684279173612595
5382,0.9100325554609299,5382,0.8439784348011017,0.8684279173612595
5383,0.9100325554609299,5383,0.8439784348011017,0.8684279173612595
5384,0.9100325554609299,5384,0.8439784348011017,0.8684279173612595
5385,0.9100325554609299,5385,0.8439784348011017,0.8684279173612595
5386,0.9100325554609299,5386,0.8439784348011017,0.8684279173612595
5387,0.9100325554609299,5387,0.8439784348011017,0.8684279173612595
5388,0.9100325554609299,5388,0.8439784348011017,0.8684279173612595
5389,0.9100325554609299,5389,0.8439784348011017,0.8684279173612595
5390,0.9100325554609299,5390,0.8439784348011017,0.8684279173612595
5391,0.9100325554609299,5391,0.8439784348011017,0.8684279173612595
5392,0.9100325554609299,5392,0.8439784348011017,0.8684279173612595
5393,0.9100325554609299,5393,0.8439784348011017,0.8684279173612595
5394,0.9100325554609299,5394,0.8439784348011017,0.8684279173612595
5395,0.9100325554609299,5395,0.8439784348011017,0.8684279173612595
5396,0.9100325554609299,5396,0.8439784348011017,0.8684279173612595
5397,0.9100325554609299,5397,0.8439784348011017,0.8684279173612595
5398,0.9100325554609299,5398,0.8439784348011017,0.8684279173612595
5399,0.9100325554609299,5399,0.8439784348011017,0.8684279173612595
5400,0.9100325554609299,5400,0.8439784348011017,0.8684279173612595
5401,0.9100325554609299,5401,0.8439784348011017,0.8684279173612595
5402,0.9100325554609299,5402,0.8439784348011017,0.8684279173612595
5403,0.9100325554609299,5403,0.8439784348011017,0.8684279173612595
5404,0.9100325554609299,5404,0.8439784348011017,0.8684279173612595
5405,0.9100325554609299,5405,0.8439784348011017,0.8684279173612595
5406,0.9100325554609299,5406,0.8439784348011017,0.8684279173612595
5407,0.9100325554609299,5407,0.8439784348011017,0.8684279173612595
5408,0.9100325554609299,5408,0.8439784348011017,0.8684279173612595
5409,0.9100325554609299,5409,0.8439784348011017,0.8684279173612595
5410,0.9100325554609299,5410,0.8439784348011017,0.8684279173612595
5411,0.9100325554609299,5411,0.8439784348011017,0.8684279173612595
5412,0.9100325554609299,5412,0.8439784348011017,0.8684279173612595
5413,0.9100325554609299,5413,0.8439784348011017,0.8684279173612595
5414,0.9100325554609299,5414,0.8439784348011017,0.8684279173612595
5415,0.9100325554609299,5415,0.8439784348011017,0.8684279173612595
5416,0.9100325554609299,5416,0.8439784348011017,0.8684279173612595
5417,0.9100325554609299,5417,0.8439784348011017,0.8684279173612595
5418,0.9100325554609299,5418,0.8439784348011017,0.8684279173612595
5419,0.9100325554609299,5419,0.8439784348011017,0.8684279173612595
5420,0.9100325554609299,5420,0.8439784348011017,0.8684279173612595
5421,0.9100325554609299,5421,0.8439784348011017,0.8684279173612595
5422,0.9100325554609299,5422,0.8439784348011017,0.8684279173612595
5423,0.9100325554609299,5423,0.8439784348011017,0.8684279173612595
5424,0.9100325554609299,5424,0.8439784348011017,0.8684279173612595
5425,0.9100325554609299,5425,0.8439784348011017,0.8684279173612595
5426,0.9100325554609299,5426,0.8439784348011017,0.8684279173612595
5427,0.9100325554609299,5427,0.8439784348011017,0.8684279173612595
5428,0.9100325554609299,5428,0.8439784348011017,0.8684279173612595
5429,0.9100325554609299,5429,0.8439784348011017,0.8684279173612595
5430,0.9100325554609299,5430,0.8439784348011017,0.8684279173612595
5431,0.9100325554609299,5431,0.8439784348011017,0.8684279173612595
5432,0.9100325554609299,5432,0.8439784348011017,0.8684279173612595
5433,0.9100325554609299,5433,0.8439784348011017,0.8684279173612595
5434,0.9100325554609299,5434,0.8439784348011017,0.8684279173612595
5435,0.9100325554609299,5435,0.8439784348011017,0.8684279173612595
5436,0.9100325554609299,5436,0.8439784348011017,0.8684279173612595
5437,0.9100325554609299,5437,0.8439784348011017,0.8684279173612595
5438,0.9100325554609299,5438,0.8439784348011017,0.8684279173612595
5439,0.9100325554609299,5439,0.8439784348011017,0.8684279173612595
5440,0.9100325554609299,5440,0.8439784348011017,0.8684279173612595
5441,0.9100325554609299,5441,0.8439784348011017,0.8684279173612595
5442,0.9100325554609299,5442,0.8439784348011017,0.8684279173612595
5443,0.9100325554609299,5443,0.8439784348011017,0.8684279173612595
5444,0.9100325554609299,5444,0.8439784348011017,0.8684279173612595
5445,0.9100325554609299,5445,0.8439784348011017,0.8684279173612595
5446,0.9100325554609299,5446,0.8439784348011017,0.8684279173612595
5447,0.9100325554609299,5447,0.8439784348011017,0.8684279173612595
5448,0.9100325554609299,5448,0.8439784348011017,0.8684279173612595
5449,0.9100325554609299,5449,0.8439784348011017,0.8684279173612595
5450,0.9100325554609299,5450,0.8439784348011017,0.8684279173612595
5451,0.9100325554609299,5451,0.8439784348011017,0.8684279173612595
5452,0.9100325554609299,5452,0.8439784348011017,0.8684279173612595
5453,0.9100325554609299,5453,0.8439784348011017,0.8684279173612595
5454,0.9100325554609299,5454,0.8439784348011017,0.8684279173612595
5455,0.9100325554609299,5455,0.8439784348011017,0.8684279173612595
5456,0.9100325554609299,5456,0.8439784348011017,0.8684279173612595
5457,0.9100325554609299,5457,0.8439784348011017,0.8684279173612595
5458,0.9100325554609299,5458,0.8439784348011017,0.8684279173612595
5459,0.9100325554609299,5459,0.8439784348011017,0.8684279173612595
5460,0.9100325554609299,5460,0.8439784348011017,0.8684279173612595
5461,0.9100325554609299,5461,0.8439784348011017,0.8684279173612595
5462,0.9100325554609299,5462,0.8439784348011017,0.8684279173612595
5463,0.9100325554609299,5463,0.8439784348011017,0.8684279173612595
5464,0.9100325554609299,5464,0.8439784348011017,0.8684279173612595
5465,0.9100325554609299,5465,0.8439784348011017,0.8684279173612595
5466,0.9100325554609299,5466,0.8439784348011017,0.8684279173612595
5467,0.9100325554609299,5467,0.8439784348011017,0.8684279173612595
5468,0.9100325554609299,5468,0.8439784348011017,0.8684279173612595
5469,0.9100325554609299,5469,0.8439784348011017,0.8684279173612595
5470,0.9100325554609299,5470,0.8439784348011017,0.8684279173612595
5471,0.9100325554609299,5471,0.8439784348011017,0.8684279173612595
5472,0.9100325554609299,5472,0.8439784348011017,0.8684279173612595
5473,0.9100325554609299,5473,0.8439784348011017,0.8684279173612595
5474,0.9100325554609299,5474,0.8439784348011017,0.8684279173612595
5475,0.9100325554609299,5475,0.8439784348011017,0.8684279173612595
5476,0.9100325554609299,5476,0.8439784348011017,0.8684279173612595
5477,0.9100325554609299,5477,0.8439784348011017,0.8684279173612595
5478,0.9100325554609299,5478,0.8439784348011017,0.8684279173612595
5479,0.9100325554609299,5479,0.8439784348011017,0.8684279173612595
5480,0.9100325554609299,5480,0.8439784348011017,0.8684279173612595
5481,0.9100325554609299,5481,0.8439784348011017,0.8684279173612595
5482,0.9100325554609299,5482,0.8439784348011017,0.8684279173612595
5483,0.9100325554609299,5483,0.8439784348011017,0.8684279173612595
5484,0.9100325554609299,5484,0.8439784348011017,0.8684279173612595
5485,0.9100325554609299,5485,0.8439784348011017,0.8684279173612595
5486,0.9100325554609299,5486,0.8439784348011017,0.8684279173612595
5487,0.9100325554609299,5487,0.8439784348011017,0.8684279173612595
5488,0.9100325554609299,5488,0.8439784348011017,0.8684279173612595
5489,0.9100325554609299,5489,0.8439784348011017,0.8684279173612595
5490,0.9100325554609299,5490,0.8439784348011017,0.8684279173612595
5491,0.9100325554609299,5491,0.8439784348011017,0.8684279173612595
5492,0.9100325554609299,5492,0.8439784348011017,0.8684279173612595
5493,0.9100325554609299,5493,0.8439784348011017,0.8684279173612595
5494,0.9100325554609299,5494,0.8439784348011017,0.8684279173612595
5495,0.9100325554609299,5495,0.8439784348011017,0.8684279173612595
5496,0.9100325554609299,5496,0.8439784348011017,0.8684279173612595
5497,0.9100325554609299,5497,0.8439784348011017,0.8684279173612595
5498,0.9100325554609299,5498,0.8439784348011017,0.8684279173612595
5499,0.9100325554609299,5499,0.8439784348011017,0.8684279173612595
5500,0.9101512506604195,5500,0.843980461359024,0.8687403202056885
5501,0.9101512506604195,5501,0.8439772874116898,0.8687403202056885
5502,0.9101512506604195,5502,0.8439772874116898,0.8687403202056885
5503,0.9101512506604195,5503,0.8439772874116898,0.8687403202056885
5504,0.9101512506604195,5504,0.8439772874116898,0.8687403202056885
5505,0.9101512506604195,5505,0.8439772874116898,0.8687403202056885
5506,0.9101512506604195,5506,0.8439772874116898,0.8687403202056885
5507,0.9101512506604195,5507,0.8439772874116898,0.8687403202056885
5508,0.9101512506604195,5508,0.8439772874116898,0.8687403202056885
5509,0.9101512506604195,5509,0.8439772874116898,0.8687403202056885
5510,0.9101512506604195,5510,0.8439772874116898,0.8687403202056885
5511,0.9101512506604195,5511,0.8439772874116898,0.8687403202056885
5512,0.9101512506604195,5512,0.8439772874116898,0.8687403202056885
5513,0.9101512506604195,5513,0.8439772874116898,0.8687403202056885
5514,0.9101512506604195,5514,0.8439772874116898,0.8687403202056885
5515,0.9101512506604195,5515,0.8439772874116898,0.8687403202056885
5516,0.9101512506604195,5516,0.8439772874116898,0.8687403202056885
5517,0.9101512506604195,5517,0.8439772874116898,0.8687403202056885
5518,0.9101512506604195,5518,0.8439772874116898,0.8687403202056885
5519,0.9101512506604195,5519,0.8439772874116898,0.8687403202056885
5520,0.9101512506604195,5520,0.8439772874116898,0.8687403202056885
5521,0.9101512506604195,5521,0.8439772874116898,0.8687403202056885
5522,0.9101512506604195,5522,0.8439772874116898,0.8687403202056885
5523,0.9101512506604195,5523,0.8439772874116898,0.8687403202056885
5524,0.9101512506604195,5524,0.8439772874116898,0.8687403202056885
5525,0.9101512506604195,5525,0.8439772874116898,0.8687403202056885
5526,0.9101512506604195,5526,0.8439772874116898,0.8687403202056885
5527,0.9101512506604195,5527,0.8439772874116898,0.8687403202056885
5528,0.9101512506604195,5528,0.8439772874116898,0.8687403202056885
5529,0.9101512506604195,5529,0.8439772874116898,0.8687403202056885
5530,0.9101512506604195,5530,0.8439772874116898,0.8687403202056885
5531,0.9101512506604195,5531,0.8439772874116898,0.8687403202056885
5532,0.9101512506604195,5532,0.8439772874116898,0.8687403202056885
5533,0.9101512506604195,5533,0.8439772874116898,0.8687403202056885
5534,0.9101512506604195,5534,0.8439772874116898,0.8687403202056885
5535,0.9101512506604195,5535,0.8439772874116898,0.8687403202056885
5536,0.9101512506604195,5536,0.8439772874116898,0.8687403202056885
5537,0.9101512506604195,5537,0.8439772874116898,0.8687403202056885
5538,0.9101512506604195,5538,0.8439772874116898,0.8687403202056885
5539,0.9101512506604195,5539,0.8439772874116898,0.8687403202056885
5540,0.9101512506604195,5540,0.8439772874116898,0.8687403202056885
5541,0.9101512506604195,5541,0.8439772874116898,0.8687403202056885
5542,0.9101512506604195,5542,0.8439772874116898,0.8687403202056885
5543,0.9101512506604195,5543,0.8439772874116898,0.8687403202056885
5544,0.9101512506604195,5544,0.8439772874116898,0.8687403202056885
5545,0.9101512506604195,5545,0.8439772874116898,0.8687403202056885
5546,0.9101512506604195,5546,0.8439772874116898,0.8687403202056885
5547,0.9101512506604195,5547,0.8439772874116898,0.8687403202056885
5548,0.9101512506604195,5548,0.8439772874116898,0.8687403202056885
5549,0.9101512506604195,5549,0.8439772874116898,0.8687403202056885
5550,0.9101512506604195,5550,0.8439772874116898,0.8687403202056885
5551,0.9101512506604195,5551,0.8439772874116898,0.8687403202056885
5552,0.9101512506604195,5552,0.8439772874116898,0.8687403202056885
5553,0.9101512506604195,5553,0.8439772874116898,0.8687403202056885
5554,0.9101512506604195,5554,0.8439772874116898,0.8687403202056885
5555,0.9101512506604195,5555,0.8439772874116898,0.8687403202056885
5556,0.9101512506604195,5556,0.8439772874116898,0.8687403202056885
5557,0.9101512506604195,5557,0.8439772874116898,0.8687403202056885
5558,0.9101512506604195,5558,0.8439772874116898,0.8687403202056885
5559,0.9101512506604195,5559,0.8439772874116898,0.8687403202056885
5560,0.9101512506604195,5560,0.843994751572609,0.8687403202056885
5561,0.9101512506604195,5561,0.843994751572609,0.8687403202056885
5562,0.9101512506604195,5562,0.843994751572609,0.8687403202056885
5563,0.9101512506604195,5563,0.843994751572609,0.8687403202056885
5564,0.9101512506604195,5564,0.843994751572609,0.8687403202056885
5565,0.9101512506604195,5565,0.843994751572609,0.8687403202056885
5566,0.9101512506604195,5566,0.843994751572609,0.8687403202056885
5567,0.9101512506604195,5567,0.843994751572609,0.8687403202056885
5568,0.9101512506604195,5568,0.843994751572609,0.8687403202056885
5569,0.9101512506604195,5569,0.843994751572609,0.8687403202056885
5570,0.9101512506604195,5570,0.843994751572609,0.8687403202056885
5571,0.9101512506604195,5571,0.843994751572609,0.8687403202056885
5572,0.9101512506604195,5572,0.843994751572609,0.8687403202056885
5573,0.9101512506604195,5573,0.843994751572609,0.8687403202056885
5574,0.9101512506604195,5574,0.843994751572609,0.8687403202056885
5575,0.9101512506604195,5575,0.843994751572609,0.8687403202056885
5576,0.9101512506604195,5576,0.843994751572609,0.8687403202056885
5577,0.9101512506604195,5577,0.843994751572609,0.8687403202056885
5578,0.9101512506604195,5578,0.843994751572609,0.8687403202056885
5579,0.9101512506604195,5579,0.843994751572609,0.8687403202056885
5580,0.9101512506604195,5580,0.843994751572609,0.8687403202056885
5581,0.9101512506604195,5581,0.843994751572609,0.8687403202056885
5582,0.9101512506604195,5582,0.843994751572609,0.8687403202056885
5583,0.9101512506604195,5583,0.843994751572609,0.8687403202056885
5584,0.9101512506604195,5584,0.843994751572609,0.8687403202056885
5585,0.9101512506604195,5585,0.843994751572609,0.8687403202056885
5586,0.9101512506604195,5586,0.843994751572609,0.8687403202056885
5587,0.9101512506604195,5587,0.843994751572609,0.8687403202056885
5588,0.9101512506604195,5588,0.843994751572609,0.8687403202056885
5589,0.9101512506604195,5589,0.843994751572609,0.8687403202056885
5590,0.9101512506604195,5590,0.843994751572609,0.8687403202056885
5591,0.9101512506604195,5591,0.843994751572609,0.8687403202056885
5592,0.9101512506604195,5592,0.843994751572609,0.8687403202056885
5593,0.9101512506604195,5593,0.843994751572609,0.8687403202056885
5594,0.9101512506604195,5594,0.843994751572609,0.8687403202056885
5595,0.9101512506604195,5595,0.843994751572609,0.8687403202056885
5596,0.9101512506604195,5596,0.843994751572609,0.8687403202056885
5597,0.9101512506604195,5597,0.843994751572609,0.8687403202056885
5598,0.9101512506604195,5598,0.843994751572609,0.8687403202056885
5599,0.9101512506604195,5599,0.843994751572609,0.8687403202056885
5600,0.9101512506604195,5600,0.843994751572609,0.8687403202056885
5601,0.9101512506604195,5601,0.843994751572609,0.8687403202056885
5602,0.9101512506604195,5602,0.843994751572609,0.8687403202056885
5603,0.9101512506604195,5603,0.843994751572609,0.8687403202056885
5604,0.9101512506604195,5604,0.843994751572609,0.8687403202056885
5605,0.9101512506604195,5605,0.843999519944191,0.8687403202056885
5606,0.9101512506604195,5606,0.843999519944191,0.8687403202056885
5607,0.9101512506604195,5607,0.843999519944191,0.8687403202056885
5608,0.9101512506604195,5608,0.843999519944191,0.8687403202056885
5609,0.9101512506604195,5609,0.843999519944191,0.8687403202056885
5610,0.9101512506604195,5610,0.843999519944191,0.8687403202056885
5611,0.9101512506604195,5611,0.843999519944191,0.8687403202056885
5612,0.9101512506604195,5612,0.843999519944191,0.8687403202056885
5613,0.9101512506604195,5613,0.843999519944191,0.8687403202056885
5614,0.9101512506604195,5614,0.843999519944191,0.8687403202056885
5615,0.9101512506604195,5615,0.843999519944191,0.8687403202056885
5616,0.9101512506604195,5616,0.843999519944191,0.8687403202056885
5617,0.9101512506604195,5617,0.843999519944191,0.8687403202056885
5618,0.9101512506604195,5618,0.843999519944191,0.8687403202056885
5619,0.9101512506604195,5619,0.843999519944191,0.8687403202056885
5620,0.9101512506604195,5620,0.843999519944191,0.8687403202056885
5621,0.9101512506604195,5621,0.843999519944191,0.8687403202056885
5622,0.9101512506604195,5622,0.843999519944191,0.8687403202056885
5623,0.9101512506604195,5623,0.843999519944191,0.8687403202056885
5624,0.9101512506604195,5624,0.843999519944191,0.8687403202056885
5625,0.9101512506604195,5625,0.843999519944191,0.8687403202056885
5626,0.9101512506604195,5626,0.843999519944191,0.8687403202056885
5627,0.9101512506604195,5627,0.843999519944191,0.8687403202056885
5628,0.9101512506604195,5628,0.843999519944191,0.8687403202056885
5629,0.9101512506604195,5629,0.843999519944191,0.8687403202056885
5630,0.9101512506604195,5630,0.843999519944191,0.8687403202056885
5631,0.9101512506604195,5631,0.843999519944191,0.8687403202056885
5632,0.9101512506604195,5632,0.843999519944191,0.8687403202056885
5633,0.9101512506604195,5633,0.843999519944191,0.8687403202056885
5634,0.9101512506604195,5634,0.843999519944191,0.8687403202056885
5635,0.9101512506604195,5635,0.843999519944191,0.8687403202056885
5636,0.9101512506604195,5636,0.843999519944191,0.8687403202056885
5637,0.9101512506604195,5637,0.843999519944191,0.8687403202056885
5638,0.9101512506604195,5638,0.843999519944191,0.8687403202056885
5639,0.9101512506604195,5639,0.843999519944191,0.8687403202056885
5640,0.9101512506604195,5640,0.843999519944191,0.8687403202056885
5641,0.9101512506604195,5641,0.843999519944191,0.8687403202056885
5642,0.9101512506604195,5642,0.843999519944191,0.8687403202056885
5643,0.9101512506604195,5643,0.843999519944191,0.8687403202056885
5644,0.9101512506604195,5644,0.843999519944191,0.8687403202056885
5645,0.9101512506604195,5645,0.843999519944191,0.8687403202056885
5646,0.9101512506604195,5646,0.8439852148294449,0.8687403202056885
5647,0.9101512506604195,5647,0.8439852148294449,0.8687403202056885
5648,0.9101512506604195,5648,0.8439852148294449,0.8687403202056885
5649,0.9101512506604195,5649,0.8439852148294449,0.8687403202056885
5650,0.9101512506604195,5650,0.8439852148294449,0.8687403202056885
5651,0.9101512506604195,5651,0.8439852148294449,0.8687403202056885
5652,0.9101512506604195,5652,0.8439852148294449,0.8687403202056885
5653,0.9101512506604195,5653,0.8439852148294449,0.8687403202056885
5654,0.9101512506604195,5654,0.8439852148294449,0.8687403202056885
5655,0.9101512506604195,5655,0.8439852148294449,0.8687403202056885
5656,0.9101512506604195,5656,0.8439852148294449,0.8687403202056885
5657,0.9101512506604195,5657,0.8439852148294449,0.8687403202056885
5658,0.9101512506604195,5658,0.8439852148294449,0.8687403202056885
5659,0.9101512506604195,5659,0.8439852148294449,0.8687403202056885
5660,0.9101512506604195,5660,0.8439852148294449,0.8687403202056885
5661,0.9101512506604195,5661,0.8439852148294449,0.8687403202056885
5662,0.9101512506604195,5662,0.8439852148294449,0.8687403202056885
5663,0.9101512506604195,5663,0.8439852148294449,0.8687403202056885
5664,0.9101512506604195,5664,0.8439852148294449,0.8687403202056885
5665,0.9101512506604195,5665,0.8439852148294449,0.8687403202056885
5666,0.9101512506604195,5666,0.8439852148294449,0.8687403202056885
5667,0.9101512506604195,5667,0.8439852148294449,0.8687403202056885
5668,0.9101512506604195,5668,0.8439852148294449,0.8687403202056885
5669,0.9101512506604195,5669,0.8439852148294449,0.8687403202056885
5670,0.9101512506604195,5670,0.8439852148294449,0.8687403202056885
5671,0.9101512506604195,5671,0.8439852148294449,0.8687403202056885
5672,0.9101512506604195,5672,0.8439852148294449,0.8687403202056885
5673,0.9101512506604195,5673,0.8439852148294449,0.8687403202056885
5674,0.9101512506604195,5674,0.8439852148294449,0.8687403202056885
5675,0.9101512506604195,5675,0.8439852148294449,0.8687403202056885
5676,0.9101512506604195,5676,0.8439852148294449,0.8687403202056885
5677,0.9101512506604195,5677,0.8439852148294449,0.8687403202056885
5678,0.9101512506604195,5678,0.8439852148294449,0.8687403202056885
5679,0.9101512506604195,5679,0.8439852148294449,0.8687403202056885
5680,0.9101512506604195,5680,0.8439852148294449,0.8687403202056885
5681,0.9101512506604195,5681,0.8439852148294449,0.8687403202056885
5682,0.9101512506604195,5682,0.8439852148294449,0.8687403202056885
5683,0.9101512506604195,5683,0.8439852148294449,0.8687403202056885
5684,0.9101512506604195,5684,0.8439852148294449,0.8687403202056885
5685,0.9101512506604195,5685,0.8439852148294449,0.8687403202056885
5686,0.9101512506604195,5686,0.8439852148294449,0.8687403202056885
5687,0.9101512506604195,5687,0.8439852148294449,0.8687403202056885
5688,0.9101512506604195,5688,0.8439852148294449,0.8687403202056885
5689,0.9101512506604195,5689,0.8439852148294449,0.8687403202056885
5690,0.9101512506604195,5690,0.8439852148294449,0.8687403202056885
5691,0.9101512506604195,5691,0.8439852148294449,0.8687403202056885
5692,0.9101512506604195,5692,0.8439852148294449,0.8687403202056885
5693,0.9101512506604195,5693,0.8439852148294449,0.8687403202056885
5694,0.9101512506604195,5694,0.8439852148294449,0.8687403202056885
5695,0.9101512506604195,5695,0.8439852148294449,0.8687403202056885
5696,0.9101512506604195,5696,0.8439852148294449,0.8687403202056885
5697,0.9101512506604195,5697,0.8439852148294449,0.8687403202056885
5698,0.9101512506604195,5698,0.8439852148294449,0.8687403202056885
5699,0.9101512506604195,5699,0.8439852148294449,0.8687403202056885
5700,0.9101512506604195,5700,0.8439852148294449,0.8687403202056885
5701,0.9101512506604195,5701,0.8439852148294449,0.8687403202056885
5702,0.9101512506604195,5702,0.8439852148294449,0.8687403202056885
5703,0.9101512506604195,5703,0.8439852148294449,0.8687403202056885
5704,0.9101512506604195,5704,0.8439852148294449,0.8687403202056885
5705,0.9101512506604195,5705,0.8439852148294449,0.8687403202056885
5706,0.9101512506604195,5706,0.8439852148294449,0.8687403202056885
5707,0.9101512506604195,5707,0.8439852148294449,0.8687403202056885
5708,0.9101512506604195,5708,0.8439852148294449,0.8687403202056885
5709,0.9101512506604195,5709,0.8439852148294449,0.8687403202056885
5710,0.9101512506604195,5710,0.8439852148294449,0.8687403202056885
5711,0.9101512506604195,5711,0.8439852148294449,0.8687403202056885
5712,0.9101512506604195,5712,0.8439852148294449,0.8687403202056885
5713,0.9101512506604195,5713,0.8439852148294449,0.8687403202056885
5714,0.9101512506604195,5714,0.8439852148294449,0.8687403202056885
5715,0.9101512506604195,5715,0.8439852148294449,0.8687403202056885
5716,0.9101512506604195,5716,0.8439852148294449,0.8687403202056885
5717,0.9101512506604195,5717,0.8439852148294449,0.8687403202056885
5718,0.9101512506604195,5718,0.8439852148294449,0.8687403202056885
5719,0.9101512506604195,5719,0.8439852148294449,0.8687403202056885
5720,0.9101512506604195,5720,0.8439852148294449,0.8687403202056885
5721,0.9101512506604195,5721,0.8439852148294449,0.8687403202056885
5722,0.9101512506604195,5722,0.8439852148294449,0.8687403202056885
5723,0.9101512506604195,5723,0.8439852148294449,0.8687403202056885
5724,0.9101512506604195,5724,0.8439852148294449,0.8687403202056885
5725,0.9101512506604195,5725,0.8439852148294449,0.8687403202056885
5726,0.9101512506604195,5726,0.8439852148294449,0.8687403202056885
5727,0.9101512506604195,5727,0.8439852148294449,0.8687403202056885
5728,0.9101512506604195,5728,0.8439852148294449,0.8687403202056885
5729,0.9101512506604195,5729,0.8439852148294449,0.8687403202056885
5730,0.9101512506604195,5730,0.8439852148294449,0.8687403202056885
5731,0.9101512506604195,5731,0.8439852148294449,0.8687403202056885
5732,0.9101512506604195,5732,0.8439852148294449,0.8687403202056885
5733,0.9101512506604195,5733,0.8439852148294449,0.8687403202056885
5734,0.9101512506604195,5734,0.8439852148294449,0.8687403202056885
5735,0.9101512506604195,5735,0.8439852148294449,0.8687403202056885
5736,0.9101512506604195,5736,0.8439852148294449,0.8687403202056885
5737,0.9101512506604195,5737,0.8439852148294449,0.8687403202056885
5738,0.9101512506604195,5738,0.8439852148294449,0.8687403202056885
5739,0.9101512506604195,5739,0.8439852148294449,0.8687403202056885
5740,0.9101512506604195,5740,0.8439852148294449,0.8687403202056885
5741,0.9101512506604195,5741,0.8439852148294449,0.8687403202056885
5742,0.9101512506604195,5742,0.8439852148294449,0.8687403202056885
5743,0.9101512506604195,5743,0.8439852148294449,0.8687403202056885
5744,0.9101512506604195,5744,0.8439852148294449,0.8687403202056885
5745,0.9101512506604195,5745,0.8439852148294449,0.8687403202056885
5746,0.9101512506604195,5746,0.8439852148294449,0.8687403202056885
5747,0.9101512506604195,5747,0.8439852148294449,0.8687403202056885
5748,0.9101512506604195,5748,0.8439852148294449,0.8687403202056885
5749,0.9101512506604195,5749,0.8439852148294449,0.8687403202056885
5750,0.9103386551141739,5750,0.8439791947603226,0.8684701025485992
5751,0.9103386551141739,5751,0.8439712524414062,0.8684701025485992
5752,0.9103386551141739,5752,0.8439712524414062,0.8684701025485992
5753,0.9103386551141739,5753,0.8439712524414062,0.8684701025485992
5754,0.9103386551141739,5754,0.8439712524414062,0.8684701025485992
5755,0.9103386551141739,5755,0.8439712524414062,0.8684701025485992
5756,0.9103386551141739,5756,0.8439712524414062,0.8684701025485992
5757,0.9103386551141739,5757,0.8439712524414062,0.8684701025485992
5758,0.9103386551141739,5758,0.8439712524414062,0.8684701025485992
5759,0.9103386551141739,5759,0.8439712524414062,0.8684701025485992
5760,0.9103386551141739,5760,0.8439712524414062,0.8684701025485992
5761,0.9103386551141739,5761,0.8439712524414062,0.8684701025485992
5762,0.9103386551141739,5762,0.8439712524414062,0.8684701025485992
5763,0.9103386551141739,5763,0.8439712524414062,0.8684701025485992
5764,0.9103386551141739,5764,0.8439712524414062,0.8684701025485992
5765,0.9103386551141739,5765,0.8439712524414062,0.8684701025485992
5766,0.9103386551141739,5766,0.8439712524414062,0.8684701025485992
5767,0.9103386551141739,5767,0.8439712524414062,0.8684701025485992
5768,0.9103386551141739,5768,0.8439712524414062,0.8684701025485992
5769,0.9103386551141739,5769,0.8439712524414062,0.8684701025485992
5770,0.9103386551141739,5770,0.8439712524414062,0.8684701025485992
5771,0.9103386551141739,5771,0.8439712524414062,0.8684701025485992
5772,0.9103386551141739,5772,0.8439712524414062,0.8684701025485992
5773,0.9103386551141739,5773,0.8439712524414062,0.8684701025485992
5774,0.9103386551141739,5774,0.8439712524414062,0.8684701025485992
5775,0.9103386551141739,5775,0.8439712524414062,0.8684701025485992
5776,0.9103386551141739,5776,0.8439712524414062,0.8684701025485992
5777,0.9103386551141739,5777,0.8439712524414062,0.8684701025485992
5778,0.9103386551141739,5778,0.8439712524414062,0.8684701025485992
5779,0.9103386551141739,5779,0.8439712524414062,0.8684701025485992
5780,0.9103386551141739,5780,0.8439712524414062,0.8684701025485992
5781,0.9103386551141739,5781,0.8439712524414062,0.8684701025485992
5782,0.9103386551141739,5782,0.8439712524414062,0.8684701025485992
5783,0.9103386551141739,5783,0.8439712524414062,0.8684701025485992
5784,0.9103386551141739,5784,0.8439712524414062,0.8684701025485992
5785,0.9103386551141739,5785,0.8439712524414062,0.8684701025485992
5786,0.9103386551141739,5786,0.8439712524414062,0.8684701025485992
5787,0.9103386551141739,5787,0.8439712524414062,0.8684701025485992
5788,0.9103386551141739,5788,0.8439712524414062,0.8684701025485992
5789,0.9103386551141739,5789,0.8439712524414062,0.8684701025485992
5790,0.9103386551141739,5790,0.8439712524414062,0.8684701025485992
5791,0.9103386551141739,5791,0.8439712524414062,0.8684701025485992
5792,0.9103386551141739,5792,0.8439712524414062,0.8684701025485992
5793,0.9103386551141739,5793,0.8439712524414062,0.8684701025485992
5794,0.9103386551141739,5794,0.8439712524414062,0.8684701025485992
5795,0.9103386551141739,5795,0.8439712524414062,0.8684701025485992
5796,0.9103386551141739,5796,0.8439712524414062,0.8684701025485992
5797,0.9103386551141739,5797,0.8439712524414062,0.8684701025485992
5798,0.9103386551141739,5798,0.8439712524414062,0.8684701025485992
5799,0.9103386551141739,5799,0.8439712524414062,0.8684701025485992
5800,0.9103386551141739,5800,0.8439712524414062,0.8684701025485992
5801,0.9103386551141739,5801,0.8439712524414062,0.8684701025485992
5802,0.9103386551141739,5802,0.8439712524414062,0.8684701025485992
5803,0.9103386551141739,5803,0.8439712524414062,0.8684701025485992
5804,0.9103386551141739,5804,0.8439712524414062,0.8684701025485992
5805,0.9103386551141739,5805,0.8439712524414062,0.8684701025485992
5806,0.9103386551141739,5806,0.8439712524414062,0.8684701025485992
5807,0.9103386551141739,5807,0.8439712524414062,0.8684701025485992
5808,0.9103386551141739,5808,0.8439712524414062,0.8684701025485992
5809,0.9103386551141739,5809,0.8439712524414062,0.8684701025485992
5810,0.9103386551141739,5810,0.8439712524414062,0.8684701025485992
5811,0.9103386551141739,5811,0.8439712524414062,0.8684701025485992
5812,0.9103386551141739,5812,0.8439712524414062,0.8684701025485992
5813,0.9103386551141739,5813,0.8439712524414062,0.8684701025485992
5814,0.9103386551141739,5814,0.8439712524414062,0.8684701025485992
5815,0.9103386551141739,5815,0.8439712524414062,0.8684701025485992
5816,0.9103386551141739,5816,0.8439712524414062,0.8684701025485992
5817,0.9103386551141739,5817,0.8439666628837585,0.8684701025485992
5818,0.9103386551141739,5818,0.8439666628837585,0.8684701025485992
5819,0.9103386551141739,5819,0.8439666628837585,0.8684701025485992
5820,0.9103386551141739,5820,0.8439666628837585,0.8684701025485992
5821,0.9103386551141739,5821,0.8439666628837585,0.8684701025485992
5822,0.9103386551141739,5822,0.8439666628837585,0.8684701025485992
5823,0.9103386551141739,5823,0.8439666628837585,0.8684701025485992
5824,0.9103386551141739,5824,0.8439666628837585,0.8684701025485992
5825,0.9103386551141739,5825,0.8439666628837585,0.8684701025485992
5826,0.9103386551141739,5826,0.8439666628837585,0.8684701025485992
5827,0.9103386551141739,5827,0.8439666628837585,0.8684701025485992
5828,0.9103386551141739,5828,0.8439666628837585,0.8684701025485992
5829,0.9103386551141739,5829,0.8439666628837585,0.8684701025485992
5830,0.9103386551141739,5830,0.8439666628837585,0.8684701025485992
5831,0.9103386551141739,5831,0.8439666628837585,0.8684701025485992
5832,0.9103386551141739,5832,0.8439666628837585,0.8684701025485992
5833,0.9103386551141739,5833,0.8439666628837585,0.8684701025485992
5834,0.9103386551141739,5834,0.8439666628837585,0.8684701025485992
5835,0.9103386551141739,5835,0.8439666628837585,0.8684701025485992
5836,0.9103386551141739,5836,0.8439666628837585,0.8684701025485992
5837,0.9103386551141739,5837,0.8439666628837585,0.8684701025485992
5838,0.9103386551141739,5838,0.8439666628837585,0.8684701025485992
5839,0.9103386551141739,5839,0.8439666628837585,0.8684701025485992
5840,0.9103386551141739,5840,0.8439666628837585,0.8684701025485992
5841,0.9103386551141739,5841,0.8439666628837585,0.8684701025485992
5842,0.9103386551141739,5842,0.8439666628837585,0.8684701025485992
5843,0.9103386551141739,5843,0.8439666628837585,0.8684701025485992
5844,0.9103386551141739,5844,0.8439666628837585,0.8684701025485992
5845,0.9103386551141739,5845,0.8439666628837585,0.8684701025485992
5846,0.9103386551141739,5846,0.8439666628837585,0.8684701025485992
5847,0.9103386551141739,5847,0.8439666628837585,0.8684701025485992
5848,0.9103386551141739,5848,0.8439666628837585,0.8684701025485992
5849,0.9103386551141739,5849,0.8439666628837585,0.8684701025485992
5850,0.9103386551141739,5850,0.8439666628837585,0.8684701025485992
5851,0.9103386551141739,5851,0.8439666628837585,0.8684701025485992
5852,0.9103386551141739,5852,0.8439523726701736,0.8684701025485992
5853,0.9103386551141739,5853,0.8439523726701736,0.8684701025485992
5854,0.9103386551141739,5854,0.8439523726701736,0.8684701025485992
5855,0.9103386551141739,5855,0.8439523726701736,0.8684701025485992
5856,0.9103386551141739,5856,0.8439523726701736,0.8684701025485992
5857,0.9103386551141739,5857,0.8439523726701736,0.8684701025485992
5858,0.9103386551141739,5858,0.8439523726701736,0.8684701025485992
5859,0.9103386551141739,5859,0.8439523726701736,0.8684701025485992
5860,0.9103386551141739,5860,0.8439523726701736,0.8684701025485992
5861,0.9103386551141739,5861,0.8439523726701736,0.8684701025485992
5862,0.9103386551141739,5862,0.8439523726701736,0.8684701025485992
5863,0.9103386551141739,5863,0.8439523726701736,0.8684701025485992
5864,0.9103386551141739,5864,0.8439523726701736,0.8684701025485992
5865,0.9103386551141739,5865,0.8439523726701736,0.8684701025485992
5866,0.9103386551141739,5866,0.8439523726701736,0.8684701025485992
5867,0.9103386551141739,5867,0.8439523726701736,0.8684701025485992
5868,0.9103386551141739,5868,0.8439523726701736,0.8684701025485992
5869,0.9103386551141739,5869,0.8439523726701736,0.8684701025485992
5870,0.9103386551141739,5870,0.8439523726701736,0.8684701025485992
5871,0.9103386551141739,5871,0.8439523726701736,0.8684701025485992
5872,0.9103386551141739,5872,0.8439523726701736,0.8684701025485992
5873,0.9103386551141739,5873,0.8439523726701736,0.8684701025485992
5874,0.9103386551141739,5874,0.8439523726701736,0.8684701025485992
5875,0.9103386551141739,5875,0.8439523726701736,0.8684701025485992
5876,0.9103386551141739,5876,0.8439523726701736,0.8684701025485992
5877,0.9103386551141739,5877,0.8439523726701736,0.8684701025485992
5878,0.9103386551141739,5878,0.8439523726701736,0.8684701025485992
5879,0.9103386551141739,5879,0.8439523726701736,0.8684701025485992
5880,0.9103386551141739,5880,0.8439523726701736,0.8684701025485992
5881,0.9103386551141739,5881,0.8439523726701736,0.8684701025485992
5882,0.9103386551141739,5882,0.8439523726701736,0.8684701025485992
5883,0.9103386551141739,5883,0.8439523726701736,0.8684701025485992
5884,0.9103386551141739,5884,0.8439523726701736,0.8684701025485992
5885,0.9103386551141739,5885,0.8439523726701736,0.8684701025485992
5886,0.9103386551141739,5886,0.8439523726701736,0.8684701025485992
5887,0.9103386551141739,5887,0.8439523726701736,0.8684701025485992
5888,0.9103386551141739,5888,0.8439523726701736,0.8684701025485992
5889,0.9103386551141739,5889,0.8439523726701736,0.8684701025485992
5890,0.9103386551141739,5890,0.8439523726701736,0.8684701025485992
5891,0.9103386551141739,5891,0.8439523726701736,0.8684701025485992
5892,0.9103386551141739,5892,0.8439523726701736,0.8684701025485992
5893,0.9103386551141739,5893,0.8439523726701736,0.8684701025485992
5894,0.9103386551141739,5894,0.8439523726701736,0.8684701025485992
5895,0.9103386551141739,5895,0.8439523726701736,0.8684701025485992
5896,0.9103386551141739,5896,0.8439523726701736,0.8684701025485992
5897,0.9103386551141739,5897,0.8439523726701736,0.8684701025485992
5898,0.9103386551141739,5898,0.8439523726701736,0.8684701025485992
5899,0.9103386551141739,5899,0.8439571261405945,0.8684701025485992
5900,0.9103386551141739,5900,0.8439571261405945,0.8684701025485992
5901,0.9103386551141739,5901,0.8439571261405945,0.8684701025485992
5902,0.9103386551141739,5902,0.8439571261405945,0.8684701025485992
5903,0.9103386551141739,5903,0.8439571261405945,0.8684701025485992
5904,0.9103386551141739,5904,0.8439571261405945,0.8684701025485992
5905,0.9103386551141739,5905,0.8439571261405945,0.8684701025485992
5906,0.9103386551141739,5906,0.8439571261405945,0.8684701025485992
5907,0.9103386551141739,5907,0.8439571261405945,0.8684701025485992
5908,0.9103386551141739,5908,0.8439571261405945,0.8684701025485992
5909,0.9103386551141739,5909,0.8439571261405945,0.8684701025485992
5910,0.9103386551141739,5910,0.8439571261405945,0.8684701025485992
5911,0.9103386551141739,5911,0.8439571261405945,0.8684701025485992
5912,0.9103386551141739,5912,0.8439571261405945,0.8684701025485992
5913,0.9103386551141739,5913,0.8439571261405945,0.8684701025485992
5914,0.9103386551141739,5914,0.8439571261405945,0.8684701025485992
5915,0.9103386551141739,5915,0.8439571261405945,0.8684701025485992
5916,0.9103386551141739,5916,0.8439571261405945,0.8684701025485992
5917,0.9103386551141739,5917,0.8439571261405945,0.8684701025485992
5918,0.9103386551141739,5918,0.8439571261405945,0.8684701025485992
5919,0.9103386551141739,5919,0.8439571261405945,0.8684701025485992
5920,0.9103386551141739,5920,0.8439571261405945,0.8684701025485992
5921,0.9103386551141739,5921,0.8439571261405945,0.8684701025485992
5922,0.9103386551141739,5922,0.8439571261405945,0.8684701025485992
5923,0.9103386551141739,5923,0.8439571261405945,0.8684701025485992
5924,0.9103386551141739,5924,0.8439571261405945,0.8684701025485992
5925,0.9103386551141739,5925,0.8439571261405945,0.8684701025485992
5926,0.9103386551141739,5926,0.8439571261405945,0.8684701025485992
5927,0.9103386551141739,5927,0.8439571261405945,0.8684701025485992
5928,0.9103386551141739,5928,0.8439571261405945,0.8684701025485992
5929,0.9103386551141739,5929,0.8439571261405945,0.8684701025485992
5930,0.9103386551141739,5930,0.8439571261405945,0.8684701025485992
5931,0.9103386551141739,5931,0.8439571261405945,0.8684701025485992
5932,0.9103386551141739,5932,0.8439571261405945,0.8684701025485992
5933,0.9103386551141739,5933,0.8439571261405945,0.8684701025485992
5934,0.9103386551141739,5934,0.8439571261405945,0.8684701025485992
5935,0.9103386551141739,5935,0.8439571261405945,0.8684701025485992
5936,0.9103386551141739,5936,0.8439571261405945,0.8684701025485992
5937,0.9103386551141739,5937,0.8439571261405945,0.8684701025485992
5938,0.9103386551141739,5938,0.8439571261405945,0.8684701025485992
5939,0.9103386551141739,5939,0.8439571261405945,0.8684701025485992
5940,0.9103386551141739,5940,0.8439746052026749,0.8684701025485992
5941,0.9103386551141739,5941,0.8439746052026749,0.8684701025485992
5942,0.9103386551141739,5942,0.8439746052026749,0.8684701025485992
5943,0.9103386551141739,5943,0.8439746052026749,0.8684701025485992
5944,0.9103386551141739,5944,0.8439746052026749,0.8684701025485992
5945,0.9103386551141739,5945,0.8439746052026749,0.8684701025485992
5946,0.9103386551141739,5946,0.8439746052026749,0.8684701025485992
5947,0.9103386551141739,5947,0.8439746052026749,0.8684701025485992
5948,0.9103386551141739,5948,0.8439746052026749,0.8684701025485992
5949,0.9103386551141739,5949,0.8439746052026749,0.8684701025485992
5950,0.9103386551141739,5950,0.8439746052026749,0.8684701025485992
5951,0.9103386551141739,5951,0.8439746052026749,0.8684701025485992
5952,0.9103386551141739,5952,0.8439746052026749,0.8684701025485992
5953,0.9103386551141739,5953,0.8439746052026749,0.8684701025485992
5954,0.9103386551141739,5954,0.8439746052026749,0.8684701025485992
5955,0.9103386551141739,5955,0.8439746052026749,0.8684701025485992
5956,0.9103386551141739,5956,0.8439746052026749,0.8684701025485992
5957,0.9103386551141739,5957,0.8439746052026749,0.8684701025485992
5958,0.9103386551141739,5958,0.8439746052026749,0.8684701025485992
5959,0.9103386551141739,5959,0.8439746052026749,0.8684701025485992
5960,0.9103386551141739,5960,0.8439746052026749,0.8684701025485992
5961,0.9103386551141739,5961,0.8439746052026749,0.8684701025485992
5962,0.9103386551141739,5962,0.8439746052026749,0.8684701025485992
5963,0.9103386551141739,5963,0.8439746052026749,0.8684701025485992
5964,0.9103386551141739,5964,0.8439746052026749,0.8684701025485992
5965,0.9103386551141739,5965,0.8439746052026749,0.8684701025485992
5966,0.9103386551141739,5966,0.8439746052026749,0.8684701025485992
5967,0.9103386551141739,5967,0.8439746052026749,0.8684701025485992
5968,0.9103386551141739,5968,0.8439746052026749,0.8684701025485992
5969,0.9103386551141739,5969,0.8439746052026749,0.8684701025485992
5970,0.9103386551141739,5970,0.8439746052026749,0.8684701025485992
5971,0.9103386551141739,5971,0.8439746052026749,0.8684701025485992
5972,0.9103386551141739,5972,0.8439746052026749,0.8684701025485992
5973,0.9103386551141739,5973,0.8439746052026749,0.8684701025485992
5974,0.9103386551141739,5974,0.8439746052026749,0.8684701025485992
5975,0.9103386551141739,5975,0.8439746052026749,0.8684701025485992
5976,0.9103386551141739,5976,0.8439746052026749,0.8684701025485992
5977,0.9103386551141739,5977,0.8439746052026749,0.8684701025485992
5978,0.9103386551141739,5978,0.8439746052026749,0.8684701025485992
5979,0.9103386551141739,5979,0.8439746052026749,0.8684701025485992
5980,0.9103386551141739,5980,0.8439746052026749,0.8684701025485992
5981,0.9103386551141739,5981,0.8439746052026749,0.8684701025485992
5982,0.9103386551141739,5982,0.8439746052026749,0.8684701025485992
5983,0.9103386551141739,5983,0.8439746052026749,0.8684701025485992
5984,0.9103386551141739,5984,0.8439746052026749,0.8684701025485992
5985,0.9103386551141739,5985,0.8439746052026749,0.8684701025485992
5986,0.9103386551141739,5986,0.8439746052026749,0.8684701025485992
5987,0.9103386551141739,5987,0.8439746052026749,0.8684701025485992
5988,0.9103386551141739,5988,0.8439746052026749,0.8684701025485992
5989,0.9103386551141739,5989,0.8439746052026749,0.8684701025485992
5990,0.9103386551141739,5990,0.8439746052026749,0.8684701025485992
5991,0.9103386551141739,5991,0.8439746052026749,0.8684701025485992
5992,0.9103386551141739,5992,0.8439746052026749,0.8684701025485992
5993,0.9103386551141739,5993,0.8439746052026749,0.8684701025485992
5994,0.9103386551141739,5994,0.8439746052026749,0.8684701025485992
5995,0.9103386551141739,5995,0.8439746052026749,0.8684701025485992
5996,0.9103386551141739,5996,0.8439746052026749,0.8684701025485992
5997,0.9103386551141739,5997,0.8439746052026749,0.8684701025485992
5998,0.9103386551141739,5998,0.8439746052026749,0.8684701025485992
5999,0.9103386551141739,5999,0.8439746052026749,0.8684701025485992
6000,0.9104252532124519,6000,0.8438381105661392,0.8684763759374619
6001,0.9104252532124519,6001,0.8438347727060318,0.8684763759374619
6002,0.9104252532124519,6002,0.843852236866951,0.8684763759374619
6003,0.9104252532124519,6003,0.8438476324081421,0.8684763759374619
6004,0.9104252532124519,6004,0.8438476324081421,0.8684763759374619
6005,0.9104252532124519,6005,0.8438476324081421,0.8684763759374619
6006,0.9104252532124519,6006,0.8438476324081421,0.8684763759374619
6007,0.9104252532124519,6007,0.8438476324081421,0.8684763759374619
6008,0.9104252532124519,6008,0.8438476324081421,0.8684763759374619
6009,0.9104252532124519,6009,0.8438476324081421,0.8684763759374619
6010,0.9104252532124519,6010,0.8438476324081421,0.8684763759374619
6011,0.9104252532124519,6011,0.8438476324081421,0.8684763759374619
6012,0.9104252532124519,6012,0.8438476324081421,0.8684763759374619
6013,0.9104252532124519,6013,0.8438476324081421,0.8684763759374619
6014,0.9104252532124519,6014,0.8438476324081421,0.8684763759374619
6015,0.9104252532124519,6015,0.8438476324081421,0.8684763759374619
6016,0.9104252532124519,6016,0.8438476324081421,0.8684763759374619
6017,0.9104252532124519,6017,0.8438476324081421,0.8684763759374619
6018,0.9104252532124519,6018,0.8438476324081421,0.8684763759374619
6019,0.9104252532124519,6019,0.8438476324081421,0.8684763759374619
6020,0.9104252532124519,6020,0.8438476324081421,0.8684763759374619
6021,0.9104252532124519,6021,0.8438476324081421,0.8684763759374619
6022,0.9104252532124519,6022,0.8438476324081421,0.8684763759374619
6023,0.9104252532124519,6023,0.8438476324081421,0.8684763759374619
6024,0.9104252532124519,6024,0.8438476324081421,0.8684763759374619
6025,0.9104252532124519,6025,0.8438476324081421,0.8684763759374619
6026,0.9104252532124519,6026,0.8438476324081421,0.8684763759374619
6027,0.9104252532124519,6027,0.8438476324081421,0.8684763759374619
6028,0.9104252532124519,6028,0.8438476324081421,0.8684763759374619
6029,0.9104252532124519,6029,0.8438476324081421,0.8684763759374619
6030,0.9104252532124519,6030,0.8438476324081421,0.8684763759374619
6031,0.9104252532124519,6031,0.8438476324081421,0.8684763759374619
6032,0.9104252532124519,6032,0.8438476324081421,0.8684763759374619
6033,0.9104252532124519,6033,0.8438524007797241,0.8684763759374619
6034,0.9104252532124519,6034,0.8438524007797241,0.8684763759374619
6035,0.9104252532124519,6035,0.8438524007797241,0.8684763759374619
6036,0.9104252532124519,6036,0.8438524007797241,0.8684763759374619
6037,0.9104252532124519,6037,0.8438524007797241,0.8684763759374619
6038,0.9104252532124519,6038,0.8438524007797241,0.8684763759374619
6039,0.9104252532124519,6039,0.8438524007797241,0.8684763759374619
6040,0.9104252532124519,6040,0.8438524007797241,0.8684763759374619
6041,0.9104252532124519,6041,0.8438524007797241,0.8684763759374619
6042,0.9104252532124519,6042,0.8438524007797241,0.8684763759374619
6043,0.9104252532124519,6043,0.8438524007797241,0.8684763759374619
6044,0.9104252532124519,6044,0.8438524007797241,0.8684763759374619
6045,0.9104252532124519,6045,0.8438524007797241,0.8684763759374619
6046,0.9104252532124519,6046,0.8438524007797241,0.8684763759374619
6047,0.9104252532124519,6047,0.8438524007797241,0.8684763759374619
6048,0.9104252532124519,6048,0.8438524007797241,0.8684763759374619
6049,0.9104252532124519,6049,0.8438524007797241,0.8684763759374619
6050,0.9104252532124519,6050,0.8438524007797241,0.8684763759374619
6051,0.9104252532124519,6051,0.8438524007797241,0.8684763759374619
6052,0.9104252532124519,6052,0.8438524007797241,0.8684763759374619
6053,0.9104252532124519,6053,0.8438524007797241,0.8684763759374619
6054,0.9104252532124519,6054,0.8438524007797241,0.8684763759374619
6055,0.9104252532124519,6055,0.8438524007797241,0.8684763759374619
6056,0.9104252532124519,6056,0.8438524007797241,0.8684763759374619
6057,0.9104252532124519,6057,0.8438524007797241,0.8684763759374619
6058,0.9104252532124519,6058,0.8438524007797241,0.8684763759374619
6059,0.9104252532124519,6059,0.8438524007797241,0.8684763759374619
6060,0.9104252532124519,6060,0.8438524007797241,0.8684763759374619
6061,0.9104252532124519,6061,0.8438524007797241,0.8684763759374619
6062,0.9104252532124519,6062,0.8438524007797241,0.8684763759374619
6063,0.9104252532124519,6063,0.8438381105661392,0.8684763759374619
6064,0.9104252532124519,6064,0.8438381105661392,0.8684763759374619
6065,0.9104252532124519,6065,0.8438381105661392,0.8684763759374619
6066,0.9104252532124519,6066,0.8438381105661392,0.8684763759374619
6067,0.9104252532124519,6067,0.8438381105661392,0.8684763759374619
6068,0.9104252532124519,6068,0.8438381105661392,0.8684763759374619
6069,0.9104252532124519,6069,0.8438381105661392,0.8684763759374619
6070,0.9104252532124519,6070,0.8438381105661392,0.8684763759374619
6071,0.9104252532124519,6071,0.8438381105661392,0.8684763759374619
6072,0.9104252532124519,6072,0.8438381105661392,0.8684763759374619
6073,0.9104252532124519,6073,0.8438381105661392,0.8684763759374619
6074,0.9104252532124519,6074,0.8438381105661392,0.8684763759374619
6075,0.9104252532124519,6075,0.8438381105661392,0.8684763759374619
6076,0.9104252532124519,6076,0.8438381105661392,0.8684763759374619
6077,0.9104252532124519,6077,0.8438381105661392,0.8684763759374619
6078,0.9104252532124519,6078,0.8438381105661392,0.8684763759374619
6079,0.9104252532124519,6079,0.8438381105661392,0.8684763759374619
6080,0.9104252532124519,6080,0.8438381105661392,0.8684763759374619
6081,0.9104252532124519,6081,0.8438381105661392,0.8684763759374619
6082,0.9104252532124519,6082,0.8438381105661392,0.8684763759374619
6083,0.9104252532124519,6083,0.8438381105661392,0.8684763759374619
6084,0.9104252532124519,6084,0.8438381105661392,0.8684763759374619
6085,0.9104252532124519,6085,0.8438381105661392,0.8684763759374619
6086,0.9104252532124519,6086,0.8438381105661392,0.8684763759374619
6087,0.9104252532124519,6087,0.8438381105661392,0.8684763759374619
6088,0.9104252532124519,6088,0.8438381105661392,0.8684763759374619
6089,0.9104252532124519,6089,0.8438381105661392,0.8684763759374619
6090,0.9104252532124519,6090,0.8438381105661392,0.8684763759374619
6091,0.9104252532124519,6091,0.8438381105661392,0.8684763759374619
6092,0.9104252532124519,6092,0.8438381105661392,0.8684763759374619
6093,0.9104252532124519,6093,0.8438381105661392,0.8684763759374619
6094,0.9104252532124519,6094,0.8438381105661392,0.8684763759374619
6095,0.9104252532124519,6095,0.8438381105661392,0.8684763759374619
6096,0.9104252532124519,6096,0.8438381105661392,0.8684763759374619
6097,0.9104252532124519,6097,0.8438381105661392,0.8684763759374619
6098,0.9104252532124519,6098,0.8438381105661392,0.8684763759374619
6099,0.9104252532124519,6099,0.8438381105661392,0.8684763759374619
6100,0.9104252532124519,6100,0.8438381105661392,0.8684763759374619
6101,0.9104252532124519,6101,0.8438381105661392,0.8684763759374619
6102,0.9104252532124519,6102,0.8438381105661392,0.8684763759374619
6103,0.9104252532124519,6103,0.8438381105661392,0.8684763759374619
6104,0.9104252532124519,6104,0.8438381105661392,0.8684763759374619
6105,0.9104252532124519,6105,0.8438381105661392,0.8684763759374619
6106,0.9104252532124519,6106,0.8438381105661392,0.8684763759374619
6107,0.9104252532124519,6107,0.8438381105661392,0.8684763759374619
6108,0.9104252532124519,6108,0.8438381105661392,0.8684763759374619
6109,0.9104252532124519,6109,0.8438381105661392,0.8684763759374619
6110,0.9104252532124519,6110,0.8438381105661392,0.8684763759374619
6111,0.9104252532124519,6111,0.8438381105661392,0.8684763759374619
6112,0.9104252532124519,6112,0.8438381105661392,0.8684763759374619
6113,0.9104252532124519,6113,0.8438381105661392,0.8684763759374619
6114,0.9104252532124519,6114,0.8438381105661392,0.8684763759374619
6115,0.9104252532124519,6115,0.8438381105661392,0.8684763759374619
6116,0.9104252532124519,6116,0.8438381105661392,0.8684763759374619
6117,0.9104252532124519,6117,0.8438381105661392,0.8684763759374619
6118,0.9104252532124519,6118,0.8438381105661392,0.8684763759374619
6119,0.9104252532124519,6119,0.8438381105661392,0.8684763759374619
6120,0.9104252532124519,6120,0.8438381105661392,0.8684763759374619
6121,0.9104252532124519,6121,0.8438381105661392,0.8684763759374619
6122,0.9104252532124519,6122,0.8438381105661392,0.8684763759374619
6123,0.9104252532124519,6123,0.8438381105661392,0.8684763759374619
6124,0.9104252532124519,6124,0.8438381105661392,0.8684763759374619
6125,0.9104252532124519,6125,0.8438381105661392,0.8684763759374619
6126,0.9104252532124519,6126,0.8438381105661392,0.8684763759374619
6127,0.9104252532124519,6127,0.8438381105661392,0.8684763759374619
6128,0.9104252532124519,6128,0.8438381105661392,0.8684763759374619
6129,0.9104252532124519,6129,0.8438381105661392,0.8684763759374619
6130,0.9104252532124519,6130,0.8438381105661392,0.8684763759374619
6131,0.9104252532124519,6131,0.8438381105661392,0.8684763759374619
6132,0.9104252532124519,6132,0.8438381105661392,0.8684763759374619
6133,0.9104252532124519,6133,0.8438381105661392,0.8684763759374619
6134,0.9104252532124519,6134,0.8438381105661392,0.8684763759374619
6135,0.9104252532124519,6135,0.8438381105661392,0.8684763759374619
6136,0.9104252532124519,6136,0.8438381105661392,0.8684763759374619
6137,0.9104252532124519,6137,0.8438381105661392,0.8684763759374619
6138,0.9104252532124519,6138,0.8438381105661392,0.8684763759374619
6139,0.9104252532124519,6139,0.8438381105661392,0.8684763759374619
6140,0.9104252532124519,6140,0.8438381105661392,0.8684763759374619
6141,0.9104252532124519,6141,0.8438381105661392,0.8684763759374619
6142,0.9104252532124519,6142,0.8438381105661392,0.8684763759374619
6143,0.9104252532124519,6143,0.8438381105661392,0.8684763759374619
6144,0.9104252532124519,6144,0.8438381105661392,0.8684763759374619
6145,0.9104252532124519,6145,0.8438381105661392,0.8684763759374619
6146,0.9104252532124519,6146,0.8438381105661392,0.8684763759374619
6147,0.9104252532124519,6147,0.8438381105661392,0.8684763759374619
6148,0.9104252532124519,6148,0.8438381105661392,0.8684763759374619
6149,0.9104252532124519,6149,0.8438381105661392,0.8684763759374619
6150,0.9104252532124519,6150,0.8438381105661392,0.8684763759374619
6151,0.9104252532124519,6151,0.8438381105661392,0.8684763759374619
6152,0.9104252532124519,6152,0.8438381105661392,0.8684763759374619
6153,0.9104252532124519,6153,0.8438381105661392,0.8684763759374619
6154,0.9104252532124519,6154,0.8438381105661392,0.8684763759374619
6155,0.9104252532124519,6155,0.8438381105661392,0.8684763759374619
6156,0.9104252532124519,6156,0.8438381105661392,0.8684763759374619
6157,0.9104252532124519,6157,0.8438381105661392,0.8684763759374619
6158,0.9104252532124519,6158,0.8438381105661392,0.8684763759374619
6159,0.9104252532124519,6159,0.8438381105661392,0.8684763759374619
6160,0.9104252532124519,6160,0.8438381105661392,0.8684763759374619
6161,0.9104252532124519,6161,0.8438381105661392,0.8684763759374619
6162,0.9104252532124519,6162,0.8438381105661392,0.8684763759374619
6163,0.9104252532124519,6163,0.8438381105661392,0.8684763759374619
6164,0.9104252532124519,6164,0.8438381105661392,0.8684763759374619
6165,0.9104252532124519,6165,0.8438381105661392,0.8684763759374619
6166,0.9104252532124519,6166,0.8438381105661392,0.8684763759374619
6167,0.9104252532124519,6167,0.8438381105661392,0.8684763759374619
6168,0.9104252532124519,6168,0.8438381105661392,0.8684763759374619
6169,0.9104252532124519,6169,0.8438381105661392,0.8684763759374619
6170,0.9104252532124519,6170,0.8438381105661392,0.8684763759374619
6171,0.9104252532124519,6171,0.8438381105661392,0.8684763759374619
6172,0.9104252532124519,6172,0.8438381105661392,0.8684763759374619
6173,0.9104252532124519,6173,0.8438381105661392,0.8684763759374619
6174,0.9104252532124519,6174,0.8438381105661392,0.8684763759374619
6175,0.9104252532124519,6175,0.8438381105661392,0.8684763759374619
6176,0.9104252532124519,6176,0.8438381105661392,0.8684763759374619
6177,0.9104252532124519,6177,0.8438381105661392,0.8684763759374619
6178,0.9104252532124519,6178,0.8438381105661392,0.8684763759374619
6179,0.9104252532124519,6179,0.8438381105661392,0.8684763759374619
6180,0.9104252532124519,6180,0.8438381105661392,0.8684763759374619
6181,0.9104252532124519,6181,0.8438381105661392,0.8684763759374619
6182,0.9104252532124519,6182,0.8438381105661392,0.8684763759374619
6183,0.9104252532124519,6183,0.8438381105661392,0.8684763759374619
6184,0.9104252532124519,6184,0.8438381105661392,0.8684763759374619
6185,0.9104252532124519,6185,0.8438381105661392,0.8684763759374619
6186,0.9104252532124519,6186,0.8438381105661392,0.8684763759374619
6187,0.9104252532124519,6187,0.8438381105661392,0.8684763759374619
6188,0.9104252532124519,6188,0.8438381105661392,0.8684763759374619
6189,0.9104252532124519,6189,0.8438381105661392,0.8684763759374619
6190,0.9104252532124519,6190,0.8438381105661392,0.8684763759374619
6191,0.9104252532124519,6191,0.8438381105661392,0.8684763759374619
6192,0.9104252532124519,6192,0.8438381105661392,0.8684763759374619
6193,0.9104252532124519,6193,0.8438381105661392,0.8684763759374619
6194,0.9104252532124519,6194,0.8438381105661392,0.8684763759374619
6195,0.9104252532124519,6195,0.8438381105661392,0.8684763759374619
6196,0.9104252532124519,6196,0.8438381105661392,0.8684763759374619
6197,0.9104252532124519,6197,0.8438381105661392,0.8684763759374619
6198,0.9104252532124519,6198,0.8438381105661392,0.8684763759374619
6199,0.9104252532124519,6199,0.8438381105661392,0.8684763759374619
6200,0.9104252532124519,6200,0.8438381105661392,0.8684763759374619
6201,0.9104252532124519,6201,0.8438381105661392,0.8684763759374619
6202,0.9104252532124519,6202,0.8438381105661392,0.8684763759374619
6203,0.9104252532124519,6203,0.8438381105661392,0.8684763759374619
6204,0.9104252532124519,6204,0.8438381105661392,0.8684763759374619
6205,0.9104252532124519,6205,0.8438381105661392,0.8684763759374619
6206,0.9104252532124519,6206,0.8438381105661392,0.8684763759374619
6207,0.9104252532124519,6207,0.8438381105661392,0.8684763759374619
6208,0.9104252532124519,6208,0.8438381105661392,0.8684763759374619
6209,0.9104252532124519,6209,0.8438381105661392,0.8684763759374619
6210,0.9104252532124519,6210,0.8438381105661392,0.8684763759374619
6211,0.9104252532124519,6211,0.8438381105661392,0.8684763759374619
6212,0.9104252532124519,6212,0.8438381105661392,0.8684763759374619
6213,0.9104252532124519,6213,0.8438381105661392,0.8684763759374619
6214,0.9104252532124519,6214,0.8438381105661392,0.8684763759374619
6215,0.9104252532124519,6215,0.8438381105661392,0.8684763759374619
6216,0.9104252532124519,6216,0.8438381105661392,0.8684763759374619
6217,0.9104252532124519,6217,0.8438381105661392,0.8684763759374619
6218,0.9104252532124519,6218,0.8438381105661392,0.8684763759374619
6219,0.9104252532124519,6219,0.8438381105661392,0.8684763759374619
6220,0.9104252532124519,6220,0.8438381105661392,0.8684763759374619
6221,0.9104252532124519,6221,0.8438381105661392,0.8684763759374619
6222,0.9104252532124519,6222,0.8438381105661392,0.8684763759374619
6223,0.9104252532124519,6223,0.8438381105661392,0.8684763759374619
6224,0.9104252532124519,6224,0.8438381105661392,0.8684763759374619
6225,0.9104252532124519,6225,0.8438381105661392,0.8684763759374619
6226,0.9104252532124519,6226,0.8438381105661392,0.8684763759374619
6227,0.9104252532124519,6227,0.8438381105661392,0.8684763759374619
6228,0.9104252532124519,6228,0.8438381105661392,0.8684763759374619
6229,0.9104252532124519,6229,0.8438381105661392,0.8684763759374619
6230,0.9104252532124519,6230,0.8438381105661392,0.8684763759374619
6231,0.9104252532124519,6231,0.8438381105661392,0.8684763759374619
6232,0.9104252532124519,6232,0.8438381105661392,0.8684763759374619
6233,0.9104252532124519,6233,0.8438381105661392,0.8684763759374619
6234,0.9104252532124519,6234,0.8438381105661392,0.8684763759374619
6235,0.9104252532124519,6235,0.8438381105661392,0.8684763759374619
6236,0.9104252532124519,6236,0.8438381105661392,0.8684763759374619
6237,0.9104252532124519,6237,0.8438381105661392,0.8684763759374619
6238,0.9104252532124519,6238,0.8438381105661392,0.8684763759374619
6239,0.9104252532124519,6239,0.8438381105661392,0.8684763759374619
6240,0.9104252532124519,6240,0.8438381105661392,0.8684763759374619
6241,0.9104252532124519,6241,0.8438381105661392,0.8684763759374619
6242,0.9104252532124519,6242,0.8438381105661392,0.8684763759374619
6243,0.9104252532124519,6243,0.8438381105661392,0.8684763759374619
6244,0.9104252532124519,6244,0.8438381105661392,0.8684763759374619
6245,0.9104252532124519,6245,0.8438381105661392,0.8684763759374619
6246,0.9104252532124519,6246,0.8438381105661392,0.8684763759374619
6247,0.9104252532124519,6247,0.8438381105661392,0.8684763759374619
6248,0.9104252532124519,6248,0.8438381105661392,0.8684763759374619
6249,0.9104252532124519,6249,0.8438381105661392,0.8684763759374619
6250,0.9104471355676651,6250,0.8438113778829575,0.8683937937021255
6251,0.9104471355676651,6251,0.84380804002285,0.8683937937021255
6252,0.9104471355676651,6252,0.84380804002285,0.8683937937021255
6253,0.9104471355676651,6253,0.84380804002285,0.8683937937021255
6254,0.9104471355676651,6254,0.84380804002285,0.8683937937021255
6255,0.9104471355676651,6255,0.84380804002285,0.8683937937021255
6256,0.9104471355676651,6256,0.84380804002285,0.8683937937021255
6257,0.9104471355676651,6257,0.84380804002285,0.8683937937021255
6258,0.9104471355676651,6258,0.84380804002285,0.8683937937021255
6259,0.9104471355676651,6259,0.84380804002285,0.8683937937021255
6260,0.9104471355676651,6260,0.84380804002285,0.8683937937021255
6261,0.9104471355676651,6261,0.84380804002285,0.8683937937021255
6262,0.9104471355676651,6262,0.84380804002285,0.8683937937021255
6263,0.9104471355676651,6263,0.84380804002285,0.8683937937021255
6264,0.9104471355676651,6264,0.84380804002285,0.8683937937021255
6265,0.9104471355676651,6265,0.84380804002285,0.8683937937021255
6266,0.9104471355676651,6266,0.84380804002285,0.8683937937021255
6267,0.9104471355676651,6267,0.84380804002285,0.8683937937021255
6268,0.9104471355676651,6268,0.84380804002285,0.8683937937021255
6269,0.9104471355676651,6269,0.84380804002285,0.8683937937021255
6270,0.9104471355676651,6270,0.84380804002285,0.8683937937021255
6271,0.9104471355676651,6271,0.84380804002285,0.8683937937021255
6272,0.9104471355676651,6272,0.84380804002285,0.8683937937021255
6273,0.9104471355676651,6273,0.84380804002285,0.8683937937021255
6274,0.9104471355676651,6274,0.8438128083944321,0.8683937937021255
6275,0.9104471355676651,6275,0.8438128083944321,0.8683937937021255
6276,0.9104471355676651,6276,0.8438128083944321,0.8683937937021255
6277,0.9104471355676651,6277,0.8438128083944321,0.8683937937021255
6278,0.9104471355676651,6278,0.8438128083944321,0.8683937937021255
6279,0.9104471355676651,6279,0.8438128083944321,0.8683937937021255
6280,0.9104471355676651,6280,0.8438128083944321,0.8683937937021255
6281,0.9104471355676651,6281,0.8438128083944321,0.8683937937021255
6282,0.9104471355676651,6282,0.8438128083944321,0.8683937937021255
6283,0.9104471355676651,6283,0.8438128083944321,0.8683937937021255
6284,0.9104471355676651,6284,0.8438128083944321,0.8683937937021255
6285,0.9104471355676651,6285,0.8438128083944321,0.8683937937021255
6286,0.9104471355676651,6286,0.8438128083944321,0.8683937937021255
6287,0.9104471355676651,6287,0.8438128083944321,0.8683937937021255
6288,0.9104471355676651,6288,0.8438128083944321,0.8683937937021255
6289,0.9104471355676651,6289,0.8438128083944321,0.8683937937021255
6290,0.9104471355676651,6290,0.8438128083944321,0.8683937937021255
6291,0.9104471355676651,6291,0.8438128083944321,0.8683937937021255
6292,0.9104471355676651,6292,0.8438128083944321,0.8683937937021255
6293,0.9104471355676651,6293,0.8438128083944321,0.8683937937021255
6294,0.9104471355676651,6294,0.8438128083944321,0.8683937937021255
6295,0.9104471355676651,6295,0.8438128083944321,0.8683937937021255
6296,0.9104471355676651,6296,0.8438128083944321,0.8683937937021255
6297,0.9104471355676651,6297,0.8437985181808472,0.8683937937021255
6298,0.9104471355676651,6298,0.8437985181808472,0.8683937937021255
6299,0.9104471355676651,6299,0.8437985181808472,0.8683937937021255
6300,0.9104471355676651,6300,0.8437985181808472,0.8683937937021255
6301,0.9104471355676651,6301,0.8437985181808472,0.8683937937021255
6302,0.9104471355676651,6302,0.8437985181808472,0.8683937937021255
6303,0.9104471355676651,6303,0.8437985181808472,0.8683937937021255
6304,0.9104471355676651,6304,0.8437985181808472,0.8683937937021255
6305,0.9104471355676651,6305,0.8437985181808472,0.8683937937021255
6306,0.9104471355676651,6306,0.8437985181808472,0.8683937937021255
6307,0.9104471355676651,6307,0.8437985181808472,0.8683937937021255
6308,0.9104471355676651,6308,0.8437985181808472,0.8683937937021255
6309,0.9104471355676651,6309,0.8437985181808472,0.8683937937021255
6310,0.9104471355676651,6310,0.8437985181808472,0.8683937937021255
6311,0.9104471355676651,6311,0.8437985181808472,0.8683937937021255
6312,0.9104471355676651,6312,0.8437985181808472,0.8683937937021255
6313,0.9104471355676651,6313,0.8437985181808472,0.8683937937021255
6314,0.9104471355676651,6314,0.8437985181808472,0.8683937937021255
6315,0.9104471355676651,6315,0.8437985181808472,0.8683937937021255
6316,0.9104471355676651,6316,0.8437985181808472,0.8683937937021255
6317,0.9104471355676651,6317,0.8437985181808472,0.8683937937021255
6318,0.9104471355676651,6318,0.8437985181808472,0.8683937937021255
6319,0.9104471355676651,6319,0.8437985181808472,0.8683937937021255
6320,0.9104471355676651,6320,0.8437985181808472,0.8683937937021255
6321,0.9104471355676651,6321,0.8437985181808472,0.8683937937021255
6322,0.9104471355676651,6322,0.8437985181808472,0.8683937937021255
6323,0.9104471355676651,6323,0.8437985181808472,0.8683937937021255
6324,0.9104471355676651,6324,0.8437985181808472,0.8683937937021255
6325,0.9104471355676651,6325,0.8437985181808472,0.8683937937021255
6326,0.9104471355676651,6326,0.8437985181808472,0.8683937937021255
6327,0.9104471355676651,6327,0.8437985181808472,0.8683937937021255
6328,0.9104471355676651,6328,0.8437985181808472,0.8683937937021255
6329,0.9104471355676651,6329,0.8437985181808472,0.8683937937021255
6330,0.9104471355676651,6330,0.8437985181808472,0.8683937937021255
6331,0.9104471355676651,6331,0.8437985181808472,0.8683937937021255
6332,0.9104471355676651,6332,0.8437985181808472,0.8683937937021255
6333,0.9104471355676651,6333,0.8437985181808472,0.8683937937021255
6334,0.9104471355676651,6334,0.8437985181808472,0.8683937937021255
6335,0.9104471355676651,6335,0.8437985181808472,0.8683937937021255
6336,0.9104471355676651,6336,0.8437985181808472,0.8683937937021255
6337,0.9104471355676651,6337,0.8437985181808472,0.8683937937021255
6338,0.9104471355676651,6338,0.8437985181808472,0.8683937937021255
6339,0.9104471355676651,6339,0.8437985181808472,0.8683937937021255
6340,0.9104471355676651,6340,0.8437985181808472,0.8683937937021255
6341,0.9104471355676651,6341,0.8437985181808472,0.8683937937021255
6342,0.9104471355676651,6342,0.8437985181808472,0.8683937937021255
6343,0.9104471355676651,6343,0.8437985181808472,0.8683937937021255
6344,0.9104471355676651,6344,0.8437985181808472,0.8683937937021255
6345,0.9104471355676651,6345,0.8437985181808472,0.8683937937021255
6346,0.9104471355676651,6346,0.8437985181808472,0.8683937937021255
6347,0.9104471355676651,6347,0.8437985181808472,0.8683937937021255
6348,0.9104471355676651,6348,0.8437985181808472,0.8683937937021255
6349,0.9104471355676651,6349,0.8437985181808472,0.8683937937021255
6350,0.9104471355676651,6350,0.8437985181808472,0.8683937937021255
6351,0.9104471355676651,6351,0.8437985181808472,0.8683937937021255
6352,0.9104471355676651,6352,0.8437985181808472,0.8683937937021255
6353,0.9104471355676651,6353,0.8437985181808472,0.8683937937021255
6354,0.9104471355676651,6354,0.8437985181808472,0.8683937937021255
6355,0.9104471355676651,6355,0.8437985181808472,0.8683937937021255
6356,0.9104471355676651,6356,0.8437985181808472,0.8683937937021255
6357,0.9104471355676651,6357,0.8437985181808472,0.8683937937021255
6358,0.9104471355676651,6358,0.8437985181808472,0.8683937937021255
6359,0.9104471355676651,6359,0.8437985181808472,0.8683937937021255
6360,0.9104471355676651,6360,0.8437985181808472,0.8683937937021255
6361,0.9104471355676651,6361,0.8437985181808472,0.8683937937021255
6362,0.9104471355676651,6362,0.8437985181808472,0.8683937937021255
6363,0.9104471355676651,6363,0.8437985181808472,0.8683937937021255
6364,0.9104471355676651,6364,0.8437985181808472,0.8683937937021255
6365,0.9104471355676651,6365,0.8437985181808472,0.8683937937021255
6366,0.9104471355676651,6366,0.8437985181808472,0.8683937937021255
6367,0.9104471355676651,6367,0.8437985181808472,0.8683937937021255
6368,0.9104471355676651,6368,0.8437985181808472,0.8683937937021255
6369,0.9104471355676651,6369,0.8437985181808472,0.8683937937021255
6370,0.9104471355676651,6370,0.8437985181808472,0.8683937937021255
6371,0.9104471355676651,6371,0.8437985181808472,0.8683937937021255
6372,0.9104471355676651,6372,0.8437985181808472,0.8683937937021255
6373,0.9104471355676651,6373,0.8437985181808472,0.8683937937021255
6374,0.9104471355676651,6374,0.8437985181808472,0.8683937937021255
6375,0.9104471355676651,6375,0.8437985181808472,0.8683937937021255
6376,0.9104471355676651,6376,0.8437985181808472,0.8683937937021255
6377,0.9104471355676651,6377,0.8437985181808472,0.8683937937021255
6378,0.9104471355676651,6378,0.8437985181808472,0.8683937937021255
6379,0.9104471355676651,6379,0.8437985181808472,0.8683937937021255
6380,0.9104471355676651,6380,0.8437985181808472,0.8683937937021255
6381,0.9104471355676651,6381,0.8437985181808472,0.8683937937021255
6382,0.9104471355676651,6382,0.8437985181808472,0.8683937937021255
6383,0.9104471355676651,6383,0.8437985181808472,0.8683937937021255
6384,0.9104471355676651,6384,0.8437985181808472,0.8683937937021255
6385,0.9104471355676651,6385,0.8437985181808472,0.8683937937021255
6386,0.9104471355676651,6386,0.8437985181808472,0.8683937937021255
6387,0.9104471355676651,6387,0.8437985181808472,0.8683937937021255
6388,0.9104471355676651,6388,0.8437985181808472,0.8683937937021255
6389,0.9104471355676651,6389,0.8437985181808472,0.8683937937021255
6390,0.9104471355676651,6390,0.8437985181808472,0.8683937937021255
6391,0.9104471355676651,6391,0.8437985181808472,0.8683937937021255
6392,0.9104471355676651,6392,0.8437985181808472,0.8683937937021255
6393,0.9104471355676651,6393,0.8437985181808472,0.8683937937021255
6394,0.9104471355676651,6394,0.8437985181808472,0.8683937937021255
6395,0.9104471355676651,6395,0.8437985181808472,0.8683937937021255
6396,0.9104471355676651,6396,0.8437985181808472,0.8683937937021255
6397,0.9104471355676651,6397,0.8437985181808472,0.8683937937021255
6398,0.9104471355676651,6398,0.8437985181808472,0.8683937937021255
6399,0.9104471355676651,6399,0.8437985181808472,0.8683937937021255
6400,0.9104471355676651,6400,0.8437985181808472,0.8683937937021255
6401,0.9104471355676651,6401,0.8437985181808472,0.8683937937021255
6402,0.9104471355676651,6402,0.8437985181808472,0.8683937937021255
6403,0.9104471355676651,6403,0.8437985181808472,0.8683937937021255
6404,0.9104471355676651,6404,0.8437985181808472,0.8683937937021255
6405,0.9104471355676651,6405,0.8437985181808472,0.8683937937021255
6406,0.9104471355676651,6406,0.8437985181808472,0.8683937937021255
6407,0.9104471355676651,6407,0.8437985181808472,0.8683937937021255
6408,0.9104471355676651,6408,0.8437985181808472,0.8683937937021255
6409,0.9104471355676651,6409,0.8437985181808472,0.8683937937021255
6410,0.9104471355676651,6410,0.8437985181808472,0.8683937937021255
6411,0.9104471355676651,6411,0.8437985181808472,0.8683937937021255
6412,0.9104471355676651,6412,0.8437985181808472,0.8683937937021255
6413,0.9104471355676651,6413,0.8437985181808472,0.8683937937021255
6414,0.9104471355676651,6414,0.8437985181808472,0.8683937937021255
6415,0.9104471355676651,6415,0.8437985181808472,0.8683937937021255
6416,0.9104471355676651,6416,0.8437985181808472,0.8683937937021255
6417,0.9104471355676651,6417,0.8437985181808472,0.8683937937021255
6418,0.9104471355676651,6418,0.8437985181808472,0.8683937937021255
6419,0.9104471355676651,6419,0.8437985181808472,0.8683937937021255
6420,0.9104471355676651,6420,0.8437985181808472,0.8683937937021255
6421,0.9104471355676651,6421,0.8437985181808472,0.8683937937021255
6422,0.9104471355676651,6422,0.8437985181808472,0.8683937937021255
6423,0.9104471355676651,6423,0.8437985181808472,0.8683937937021255
6424,0.9104471355676651,6424,0.8437985181808472,0.8683937937021255
6425,0.9104471355676651,6425,0.8437985181808472,0.8683937937021255
6426,0.9104471355676651,6426,0.8437985181808472,0.8683937937021255
6427,0.9104471355676651,6427,0.8437985181808472,0.8683937937021255
6428,0.9104471355676651,6428,0.8437985181808472,0.8683937937021255
6429,0.9104471355676651,6429,0.8437985181808472,0.8683937937021255
6430,0.9104471355676651,6430,0.8437985181808472,0.8683937937021255
6431,0.9104471355676651,6431,0.8437985181808472,0.8683937937021255
6432,0.9104471355676651,6432,0.8437985181808472,0.8683937937021255
6433,0.9104471355676651,6433,0.8437985181808472,0.8683937937021255
6434,0.9104471355676651,6434,0.8437985181808472,0.8683937937021255
6435,0.9104471355676651,6435,0.8437985181808472,0.8683937937021255
6436,0.9104471355676651,6436,0.8437985181808472,0.8683937937021255
6437,0.9104471355676651,6437,0.8437985181808472,0.8683937937021255
6438,0.9104471355676651,6438,0.8437985181808472,0.8683937937021255
6439,0.9104471355676651,6439,0.8437985181808472,0.8683937937021255
6440,0.9104471355676651,6440,0.8437985181808472,0.8683937937021255
6441,0.9104471355676651,6441,0.8437985181808472,0.8683937937021255
6442,0.9104471355676651,6442,0.8437985181808472,0.8683937937021255
6443,0.9104471355676651,6443,0.8437985181808472,0.8683937937021255
6444,0.9104471355676651,6444,0.8437985181808472,0.8683937937021255
6445,0.9104471355676651,6445,0.8437985181808472,0.8683937937021255
6446,0.9104471355676651,6446,0.8437985181808472,0.8683937937021255
6447,0.9104471355676651,6447,0.8437985181808472,0.8683937937021255
6448,0.9104471355676651,6448,0.8437985181808472,0.8683937937021255
6449,0.9104471355676651,6449,0.8437985181808472,0.8683937937021255
6450,0.9104471355676651,6450,0.8437985181808472,0.8683937937021255
6451,0.9104471355676651,6451,0.8437985181808472,0.8683937937021255
6452,0.9104471355676651,6452,0.8437985181808472,0.8683937937021255
6453,0.9104471355676651,6453,0.8437985181808472,0.8683937937021255
6454,0.9104471355676651,6454,0.8437985181808472,0.8683937937021255
6455,0.9104471355676651,6455,0.8437985181808472,0.8683937937021255
6456,0.9104471355676651,6456,0.8437985181808472,0.8683937937021255
6457,0.9104471355676651,6457,0.8437985181808472,0.8683937937021255
6458,0.9104471355676651,6458,0.8437985181808472,0.8683937937021255
6459,0.9104471355676651,6459,0.8437985181808472,0.8683937937021255
6460,0.9104471355676651,6460,0.8437985181808472,0.8683937937021255
6461,0.9104471355676651,6461,0.8437985181808472,0.8683937937021255
6462,0.9104471355676651,6462,0.8437985181808472,0.8683937937021255
6463,0.9104471355676651,6463,0.8437985181808472,0.8683937937021255
6464,0.9104471355676651,6464,0.8437985181808472,0.8683937937021255
6465,0.9104471355676651,6465,0.8437985181808472,0.8683937937021255
6466,0.9104471355676651,6466,0.8437985181808472,0.8683937937021255
6467,0.9104471355676651,6467,0.8437985181808472,0.8683937937021255
6468,0.9104471355676651,6468,0.8437985181808472,0.8683937937021255
6469,0.9104471355676651,6469,0.8437985181808472,0.8683937937021255
6470,0.9104471355676651,6470,0.8437985181808472,0.8683937937021255
6471,0.9104471355676651,6471,0.8437985181808472,0.8683937937021255
6472,0.9104471355676651,6472,0.8437985181808472,0.8683937937021255
6473,0.9104471355676651,6473,0.8437985181808472,0.8683937937021255
6474,0.9104471355676651,6474,0.8437985181808472,0.8683937937021255
6475,0.9104471355676651,6475,0.8437985181808472,0.8683937937021255
6476,0.9104471355676651,6476,0.8437985181808472,0.8683937937021255
6477,0.9104471355676651,6477,0.8437985181808472,0.8683937937021255
6478,0.9104471355676651,6478,0.8437985181808472,0.8683937937021255
6479,0.9104471355676651,6479,0.8437985181808472,0.8683937937021255
6480,0.9104471355676651,6480,0.8437985181808472,0.8683937937021255
6481,0.9104471355676651,6481,0.8437985181808472,0.8683937937021255
6482,0.9104471355676651,6482,0.8437985181808472,0.8683937937021255
6483,0.9104471355676651,6483,0.8437985181808472,0.8683937937021255
6484,0.9104471355676651,6484,0.8437985181808472,0.8683937937021255
6485,0.9104471355676651,6485,0.8437985181808472,0.8683937937021255
6486,0.9104471355676651,6486,0.8437985181808472,0.8683937937021255
6487,0.9104471355676651,6487,0.8437985181808472,0.8683937937021255
6488,0.9104471355676651,6488,0.8437985181808472,0.8683937937021255
6489,0.9104471355676651,6489,0.8437985181808472,0.8683937937021255
6490,0.9104471355676651,6490,0.8437985181808472,0.8683937937021255
6491,0.9104471355676651,6491,0.8437985181808472,0.8683937937021255
6492,0.9104471355676651,6492,0.8437985181808472,0.8683937937021255
6493,0.9104471355676651,6493,0.8437985181808472,0.8683937937021255
6494,0.9104471355676651,6494,0.8437985181808472,0.8683937937021255
6495,0.9104471355676651,6495,0.8437985181808472,0.8683937937021255
6496,0.9104471355676651,6496,0.8437985181808472,0.8683937937021255
6497,0.9104471355676651,6497,0.8437985181808472,0.8683937937021255
6498,0.9104471355676651,6498,0.8437985181808472,0.8683937937021255
6499,0.9104471355676651,6499,0.8437985181808472,0.8683937937021255
6500,0.9104332998394966,6500,0.8436795920133591,0.8683668375015259
6501,0.9104332998394966,6501,0.8436860144138336,0.8683668375015259
6502,0.9104332998394966,6502,0.8436860144138336,0.8683668375015259
6503,0.9104332998394966,6503,0.8436860144138336,0.8683668375015259
6504,0.9104332998394966,6504,0.8436860144138336,0.8683668375015259
6505,0.9104332998394966,6505,0.8436860144138336,0.8683668375015259
6506,0.9104332998394966,6506,0.8436860144138336,0.8683668375015259
6507,0.9104332998394966,6507,0.8436860144138336,0.8683668375015259
6508,0.9104332998394966,6508,0.8436860144138336,0.8683668375015259
6509,0.9104332998394966,6509,0.8436860144138336,0.8683668375015259
6510,0.9104332998394966,6510,0.8436860144138336,0.8683668375015259
6511,0.9104332998394966,6511,0.8436860144138336,0.8683668375015259
6512,0.9104332998394966,6512,0.8436860144138336,0.8683668375015259
6513,0.9104332998394966,6513,0.8436860144138336,0.8683668375015259
6514,0.9104332998394966,6514,0.8436860144138336,0.8683668375015259
6515,0.9104332998394966,6515,0.8436860144138336,0.8683668375015259
6516,0.9104332998394966,6516,0.8436860144138336,0.8683668375015259
6517,0.9104332998394966,6517,0.8436860144138336,0.8683668375015259
6518,0.9104332998394966,6518,0.8436860144138336,0.8683668375015259
6519,0.9104332998394966,6519,0.8436860144138336,0.8683668375015259
6520,0.9104332998394966,6520,0.8436860144138336,0.8683668375015259
6521,0.9104332998394966,6521,0.8436860144138336,0.8683668375015259
6522,0.9104332998394966,6522,0.8436860144138336,0.8683668375015259
6523,0.9104332998394966,6523,0.8436860144138336,0.8683668375015259
6524,0.9104332998394966,6524,0.8436860144138336,0.8683668375015259
6525,0.9104332998394966,6525,0.8436860144138336,0.8683668375015259
6526,0.9104332998394966,6526,0.8436860144138336,0.8683668375015259
6527,0.9104332998394966,6527,0.8436717092990875,0.8683668375015259
6528,0.9104332998394966,6528,0.8436717092990875,0.8683668375015259
6529,0.9104332998394966,6529,0.8436717092990875,0.8683668375015259
6530,0.9104332998394966,6530,0.8436717092990875,0.8683668375015259
6531,0.9104332998394966,6531,0.8436717092990875,0.8683668375015259
6532,0.9104332998394966,6532,0.8436717092990875,0.8683668375015259
6533,0.9104332998394966,6533,0.8436717092990875,0.8683668375015259
6534,0.9104332998394966,6534,0.8436717092990875,0.8683668375015259
6535,0.9104332998394966,6535,0.8436717092990875,0.8683668375015259
6536,0.9104332998394966,6536,0.8436717092990875,0.8683668375015259
6537,0.9104332998394966,6537,0.8436717092990875,0.8683668375015259
6538,0.9104332998394966,6538,0.8436717092990875,0.8683668375015259
6539,0.9104332998394966,6539,0.8436717092990875,0.8683668375015259
6540,0.9104332998394966,6540,0.8436795920133591,0.8683668375015259
6541,0.9104332998394966,6541,0.8436795920133591,0.8683668375015259
6542,0.9104332998394966,6542,0.8436795920133591,0.8683668375015259
6543,0.9104332998394966,6543,0.8436795920133591,0.8683668375015259
6544,0.9104332998394966,6544,0.8436795920133591,0.8683668375015259
6545,0.9104332998394966,6545,0.8436795920133591,0.8683668375015259
6546,0.9104332998394966,6546,0.8436795920133591,0.8683668375015259
6547,0.9104332998394966,6547,0.8436795920133591,0.8683668375015259
6548,0.9104332998394966,6548,0.8436795920133591,0.8683668375015259
6549,0.9104332998394966,6549,0.8436795920133591,0.8683668375015259
6550,0.9104332998394966,6550,0.8436795920133591,0.8683668375015259
6551,0.9104332998394966,6551,0.8436795920133591,0.8683668375015259
6552,0.9104332998394966,6552,0.8436795920133591,0.8683668375015259
6553,0.9104332998394966,6553,0.8436795920133591,0.8683668375015259
6554,0.9104332998394966,6554,0.8436795920133591,0.8683668375015259
6555,0.9104332998394966,6555,0.8436795920133591,0.8683668375015259
6556,0.9104332998394966,6556,0.8436795920133591,0.8683668375015259
6557,0.9104332998394966,6557,0.8436795920133591,0.8683668375015259
6558,0.9104332998394966,6558,0.8436795920133591,0.8683668375015259
6559,0.9104332998394966,6559,0.8436795920133591,0.8683668375015259
6560,0.9104332998394966,6560,0.8436795920133591,0.8683668375015259
6561,0.9104332998394966,6561,0.8436795920133591,0.8683668375015259
6562,0.9104332998394966,6562,0.8436795920133591,0.8683668375015259
6563,0.9104332998394966,6563,0.8436795920133591,0.8683668375015259
6564,0.9104332998394966,6564,0.8436795920133591,0.8683668375015259
6565,0.9104332998394966,6565,0.8436795920133591,0.8683668375015259
6566,0.9104332998394966,6566,0.8436795920133591,0.8683668375015259
6567,0.9104332998394966,6567,0.8436795920133591,0.8683668375015259
6568,0.9104332998394966,6568,0.8436795920133591,0.8683668375015259
6569,0.9104332998394966,6569,0.8436795920133591,0.8683668375015259
6570,0.9104332998394966,6570,0.8436795920133591,0.8683668375015259
6571,0.9104332998394966,6571,0.8436795920133591,0.8683668375015259
6572,0.9104332998394966,6572,0.8436795920133591,0.8683668375015259
6573,0.9104332998394966,6573,0.8436795920133591,0.8683668375015259
6574,0.9104332998394966,6574,0.8436795920133591,0.8683668375015259
6575,0.9104332998394966,6575,0.8436795920133591,0.8683668375015259
6576,0.9104332998394966,6576,0.8436795920133591,0.8683668375015259
6577,0.9104332998394966,6577,0.8436795920133591,0.8683668375015259
6578,0.9104332998394966,6578,0.8436795920133591,0.8683668375015259
6579,0.9104332998394966,6579,0.8436795920133591,0.8683668375015259
6580,0.9104332998394966,6580,0.8436795920133591,0.8683668375015259
6581,0.9104332998394966,6581,0.8436795920133591,0.8683668375015259
6582,0.9104332998394966,6582,0.8436795920133591,0.8683668375015259
6583,0.9104332998394966,6583,0.8436795920133591,0.8683668375015259
6584,0.9104332998394966,6584,0.8436795920133591,0.8683668375015259
6585,0.9104332998394966,6585,0.8436795920133591,0.8683668375015259
6586,0.9104332998394966,6586,0.8436795920133591,0.8683668375015259
6587,0.9104332998394966,6587,0.8436795920133591,0.8683668375015259
6588,0.9104332998394966,6588,0.8436795920133591,0.8683668375015259
6589,0.9104332998394966,6589,0.8436795920133591,0.8683668375015259
6590,0.9104332998394966,6590,0.8436795920133591,0.8683668375015259
6591,0.9104332998394966,6591,0.8436795920133591,0.8683668375015259
6592,0.9104332998394966,6592,0.8436795920133591,0.8683668375015259
6593,0.9104332998394966,6593,0.8436795920133591,0.8683668375015259
6594,0.9104332998394966,6594,0.8436795920133591,0.8683668375015259
6595,0.9104332998394966,6595,0.8436795920133591,0.8683668375015259
6596,0.9104332998394966,6596,0.8436795920133591,0.8683668375015259
6597,0.9104332998394966,6597,0.8436795920133591,0.8683668375015259
6598,0.9104332998394966,6598,0.8436795920133591,0.8683668375015259
6599,0.9104332998394966,6599,0.8436795920133591,0.8683668375015259
6600,0.9104332998394966,6600,0.8436795920133591,0.8683668375015259
6601,0.9104332998394966,6601,0.8436795920133591,0.8683668375015259
6602,0.9104332998394966,6602,0.8436795920133591,0.8683668375015259
6603,0.9104332998394966,6603,0.8436795920133591,0.8683668375015259
6604,0.9104332998394966,6604,0.8436795920133591,0.8683668375015259
6605,0.9104332998394966,6605,0.8436795920133591,0.8683668375015259
6606,0.9104332998394966,6606,0.8436795920133591,0.8683668375015259
6607,0.9104332998394966,6607,0.8436795920133591,0.8683668375015259
6608,0.9104332998394966,6608,0.8436795920133591,0.8683668375015259
6609,0.9104332998394966,6609,0.8436795920133591,0.8683668375015259
6610,0.9104332998394966,6610,0.8436795920133591,0.8683668375015259
6611,0.9104332998394966,6611,0.8436795920133591,0.8683668375015259
6612,0.9104332998394966,6612,0.8436795920133591,0.8683668375015259
6613,0.9104332998394966,6613,0.8436795920133591,0.8683668375015259
6614,0.9104332998394966,6614,0.8436795920133591,0.8683668375015259
6615,0.9104332998394966,6615,0.8436795920133591,0.8683668375015259
6616,0.9104332998394966,6616,0.8436795920133591,0.8683668375015259
6617,0.9104332998394966,6617,0.8436795920133591,0.8683668375015259
6618,0.9104332998394966,6618,0.8436795920133591,0.8683668375015259
6619,0.9104332998394966,6619,0.8436795920133591,0.8683668375015259
6620,0.9104332998394966,6620,0.8436795920133591,0.8683668375015259
6621,0.9104332998394966,6621,0.8436795920133591,0.8683668375015259
6622,0.9104332998394966,6622,0.8436795920133591,0.8683668375015259
6623,0.9104332998394966,6623,0.8436795920133591,0.8683668375015259
6624,0.9104332998394966,6624,0.8436795920133591,0.8683668375015259
6625,0.9104332998394966,6625,0.8436795920133591,0.8683668375015259
6626,0.9104332998394966,6626,0.8436795920133591,0.8683668375015259
6627,0.9104332998394966,6627,0.8436795920133591,0.8683668375015259
6628,0.9104332998394966,6628,0.8436795920133591,0.8683668375015259
6629,0.9104332998394966,6629,0.8436795920133591,0.8683668375015259
6630,0.9104332998394966,6630,0.8436795920133591,0.8683668375015259
6631,0.9104332998394966,6631,0.8436795920133591,0.8683668375015259
6632,0.9104332998394966,6632,0.8436795920133591,0.8683668375015259
6633,0.9104332998394966,6633,0.8436795920133591,0.8683668375015259
6634,0.9104332998394966,6634,0.8436795920133591,0.8683668375015259
6635,0.9104332998394966,6635,0.8436795920133591,0.8683668375015259
6636,0.9104332998394966,6636,0.8436795920133591,0.8683668375015259
6637,0.9104332998394966,6637,0.8436795920133591,0.8683668375015259
6638,0.9104332998394966,6638,0.8436795920133591,0.8683668375015259
6639,0.9104332998394966,6639,0.8436795920133591,0.8683668375015259
6640,0.9104332998394966,6640,0.8436795920133591,0.8683668375015259
6641,0.9104332998394966,6641,0.8436795920133591,0.8683668375015259
6642,0.9104332998394966,6642,0.8436795920133591,0.8683668375015259
6643,0.9104332998394966,6643,0.8436795920133591,0.8683668375015259
6644,0.9104332998394966,6644,0.8436795920133591,0.8683668375015259
6645,0.9104332998394966,6645,0.8436795920133591,0.8683668375015259
6646,0.9104332998394966,6646,0.8436795920133591,0.8683668375015259
6647,0.9104332998394966,6647,0.8436795920133591,0.8683668375015259
6648,0.9104332998394966,6648,0.8436795920133591,0.8683668375015259
6649,0.9104332998394966,6649,0.8436795920133591,0.8683668375015259
6650,0.9104332998394966,6650,0.8436795920133591,0.8683668375015259
6651,0.9104332998394966,6651,0.8436795920133591,0.8683668375015259
6652,0.9104332998394966,6652,0.8436795920133591,0.8683668375015259
6653,0.9104332998394966,6653,0.8436795920133591,0.8683668375015259
6654,0.9104332998394966,6654,0.8436795920133591,0.8683668375015259
6655,0.9104332998394966,6655,0.8436795920133591,0.8683668375015259
6656,0.9104332998394966,6656,0.8436795920133591,0.8683668375015259
6657,0.9104332998394966,6657,0.8436795920133591,0.8683668375015259
6658,0.9104332998394966,6658,0.8436795920133591,0.8683668375015259
6659,0.9104332998394966,6659,0.8436795920133591,0.8683668375015259
6660,0.9104332998394966,6660,0.8436795920133591,0.8683668375015259
6661,0.9104332998394966,6661,0.8436795920133591,0.8683668375015259
6662,0.9104332998394966,6662,0.8436795920133591,0.8683668375015259
6663,0.9104332998394966,6663,0.8436795920133591,0.8683668375015259
6664,0.9104332998394966,6664,0.8436795920133591,0.8683668375015259
6665,0.9104332998394966,6665,0.8436795920133591,0.8683668375015259
6666,0.9104332998394966,6666,0.8436795920133591,0.8683668375015259
6667,0.9104332998394966,6667,0.8436795920133591,0.8683668375015259
6668,0.9104332998394966,6668,0.8436795920133591,0.8683668375015259
6669,0.9104332998394966,6669,0.8436795920133591,0.8683668375015259
6670,0.9104332998394966,6670,0.8436795920133591,0.8683668375015259
6671,0.9104332998394966,6671,0.8436795920133591,0.8683668375015259
6672,0.9104332998394966,6672,0.8436795920133591,0.8683668375015259
6673,0.9104332998394966,6673,0.8436795920133591,0.8683668375015259
6674,0.9104332998394966,6674,0.8436795920133591,0.8683668375015259
6675,0.9104332998394966,6675,0.8436795920133591,0.8683668375015259
6676,0.9104332998394966,6676,0.8436795920133591,0.8683668375015259
6677,0.9104332998394966,6677,0.8436795920133591,0.8683668375015259
6678,0.9104332998394966,6678,0.8436795920133591,0.8683668375015259
6679,0.9104332998394966,6679,0.8436795920133591,0.8683668375015259
6680,0.9104332998394966,6680,0.8436795920133591,0.8683668375015259
6681,0.9104332998394966,6681,0.8436795920133591,0.8683668375015259
6682,0.9104332998394966,6682,0.8436795920133591,0.8683668375015259
6683,0.9104332998394966,6683,0.8436795920133591,0.8683668375015259
6684,0.9104332998394966,6684,0.8436795920133591,0.8683668375015259
6685,0.9104332998394966,6685,0.8436795920133591,0.8683668375015259
6686,0.9104332998394966,6686,0.8436795920133591,0.8683668375015259
6687,0.9104332998394966,6687,0.8436795920133591,0.8683668375015259
6688,0.9104332998394966,6688,0.8436795920133591,0.8683668375015259
6689,0.9104332998394966,6689,0.8436795920133591,0.8683668375015259
6690,0.9104332998394966,6690,0.8436795920133591,0.8683668375015259
6691,0.9104332998394966,6691,0.8436795920133591,0.8683668375015259
6692,0.9104332998394966,6692,0.8436795920133591,0.8683668375015259
6693,0.9104332998394966,6693,0.8436795920133591,0.8683668375015259
6694,0.9104332998394966,6694,0.8436795920133591,0.8683668375015259
6695,0.9104332998394966,6695,0.8436795920133591,0.8683668375015259
6696,0.9104332998394966,6696,0.8436795920133591,0.8683668375015259
6697,0.9104332998394966,6697,0.8436795920133591,0.8683668375015259
6698,0.9104332998394966,6698,0.8436795920133591,0.8683668375015259
6699,0.9104332998394966,6699,0.8436795920133591,0.8683668375015259
6700,0.9104332998394966,6700,0.8436795920133591,0.8683668375015259
6701,0.9104332998394966,6701,0.8436795920133591,0.8683668375015259
6702,0.9104332998394966,6702,0.8436795920133591,0.8683668375015259
6703,0.9104332998394966,6703,0.8436795920133591,0.8683668375015259
6704,0.9104332998394966,6704,0.8436795920133591,0.8683668375015259
6705,0.9104332998394966,6705,0.8436795920133591,0.8683668375015259
6706,0.9104332998394966,6706,0.8436795920133591,0.8683668375015259
6707,0.9104332998394966,6707,0.8436795920133591,0.8683668375015259
6708,0.9104332998394966,6708,0.8436795920133591,0.8683668375015259
6709,0.9104332998394966,6709,0.8436795920133591,0.8683668375015259
6710,0.9104332998394966,6710,0.8436795920133591,0.8683668375015259
6711,0.9104332998394966,6711,0.8436795920133591,0.8683668375015259
6712,0.9104332998394966,6712,0.8436795920133591,0.8683668375015259
6713,0.9104332998394966,6713,0.8436795920133591,0.8683668375015259
6714,0.9104332998394966,6714,0.8436795920133591,0.8683668375015259
6715,0.9104332998394966,6715,0.8436795920133591,0.8683668375015259
6716,0.9104332998394966,6716,0.8436795920133591,0.8683668375015259
6717,0.9104332998394966,6717,0.8436795920133591,0.8683668375015259
6718,0.9104332998394966,6718,0.8436795920133591,0.8683668375015259
6719,0.9104332998394966,6719,0.8436795920133591,0.8683668375015259
6720,0.9104332998394966,6720,0.8436795920133591,0.8683668375015259
6721,0.9104332998394966,6721,0.8436795920133591,0.8683668375015259
6722,0.9104332998394966,6722,0.8436795920133591,0.8683668375015259
6723,0.9104332998394966,6723,0.8436795920133591,0.8683668375015259
6724,0.9104332998394966,6724,0.8436795920133591,0.8683668375015259
6725,0.9104332998394966,6725,0.8436795920133591,0.8683668375015259
6726,0.9104332998394966,6726,0.8436795920133591,0.8683668375015259
6727,0.9104332998394966,6727,0.8436795920133591,0.8683668375015259
6728,0.9104332998394966,6728,0.8436795920133591,0.8683668375015259
6729,0.9104332998394966,6729,0.8436795920133591,0.8683668375015259
6730,0.9104332998394966,6730,0.8436795920133591,0.8683668375015259
6731,0.9104332998394966,6731,0.8436795920133591,0.8683668375015259
6732,0.9104332998394966,6732,0.8436795920133591,0.8683668375015259
6733,0.9104332998394966,6733,0.8436795920133591,0.8683668375015259
6734,0.9104332998394966,6734,0.8436795920133591,0.8683668375015259
6735,0.9104332998394966,6735,0.8436795920133591,0.8683668375015259
6736,0.9104332998394966,6736,0.8436795920133591,0.8683668375015259
6737,0.9104332998394966,6737,0.8436795920133591,0.8683668375015259
6738,0.9104332998394966,6738,0.8436795920133591,0.8683668375015259
6739,0.9104332998394966,6739,0.8436795920133591,0.8683668375015259
6740,0.9104332998394966,6740,0.8436795920133591,0.8683668375015259
6741,0.9104332998394966,6741,0.8436795920133591,0.8683668375015259
6742,0.9104332998394966,6742,0.8436795920133591,0.8683668375015259
6743,0.9104332998394966,6743,0.8436795920133591,0.8683668375015259
6744,0.9104332998394966,6744,0.8436795920133591,0.8683668375015259
6745,0.9104332998394966,6745,0.8436795920133591,0.8683668375015259
6746,0.9104332998394966,6746,0.8436795920133591,0.8683668375015259
6747,0.9104332998394966,6747,0.8436795920133591,0.8683668375015259
6748,0.9104332998394966,6748,0.8436795920133591,0.8683668375015259
6749,0.9104332998394966,6749,0.8436795920133591,0.8683668375015259
6750,0.9103202894330025,6750,0.843741163611412,0.8681132942438126
6751,0.9103202894330025,6751,0.8437476009130478,0.8681132942438126
6752,0.9103202894330025,6752,0.8437476009130478,0.8681132942438126
6753,0.9103202894330025,6753,0.8437476009130478,0.8681132942438126
6754,0.9103202894330025,6754,0.8437476009130478,0.8681132942438126
6755,0.9103202894330025,6755,0.8437476009130478,0.8681132942438126
6756,0.9103202894330025,6756,0.8437476009130478,0.8681132942438126
6757,0.9103202894330025,6757,0.8437476009130478,0.8681132942438126
6758,0.9103202894330025,6758,0.8437476009130478,0.8681132942438126
6759,0.9103202894330025,6759,0.8437476009130478,0.8681132942438126
6760,0.9103202894330025,6760,0.8437476009130478,0.8681132942438126
6761,0.9103202894330025,6761,0.8437476009130478,0.8681132942438126
6762,0.9103202894330025,6762,0.8437476009130478,0.8681132942438126
6763,0.9103202894330025,6763,0.8437476009130478,0.8681132942438126
6764,0.9103202894330025,6764,0.8437476009130478,0.8681132942438126
6765,0.9103202894330025,6765,0.8437476009130478,0.8681132942438126
6766,0.9103202894330025,6766,0.8437476009130478,0.8681132942438126
6767,0.9103202894330025,6767,0.8437476009130478,0.8681132942438126
6768,0.9103202894330025,6768,0.8437476009130478,0.8681132942438126
6769,0.9103202894330025,6769,0.8437476009130478,0.8681132942438126
6770,0.9103202894330025,6770,0.8437476009130478,0.8681132942438126
6771,0.9103202894330025,6771,0.8437476009130478,0.8681132942438126
6772,0.9103202894330025,6772,0.8437476009130478,0.8681132942438126
6773,0.9103202894330025,6773,0.8437476009130478,0.8681132942438126
6774,0.9103202894330025,6774,0.8437476009130478,0.8681132942438126
6775,0.9103202894330025,6775,0.8437476009130478,0.8681132942438126
6776,0.9103202894330025,6776,0.8437476009130478,0.8681132942438126
6777,0.9103202894330025,6777,0.8437476009130478,0.8681132942438126
6778,0.9103202894330025,6778,0.8437476009130478,0.8681132942438126
6779,0.9103202894330025,6779,0.8437476009130478,0.8681132942438126
6780,0.9103202894330025,6780,0.8437476009130478,0.8681132942438126
6781,0.9103202894330025,6781,0.8437476009130478,0.8681132942438126
6782,0.9103202894330025,6782,0.8437476009130478,0.8681132942438126
6783,0.9103202894330025,6783,0.8437476009130478,0.8681132942438126
6784,0.9103202894330025,6784,0.8437476009130478,0.8681132942438126
6785,0.9103202894330025,6785,0.8437476009130478,0.8681132942438126
6786,0.9103202894330025,6786,0.8437476009130478,0.8681132942438126
6787,0.9103202894330025,6787,0.8437476009130478,0.8681132942438126
6788,0.9103202894330025,6788,0.8437476009130478,0.8681132942438126
6789,0.9103202894330025,6789,0.8437476009130478,0.8681132942438126
6790,0.9103202894330025,6790,0.8437476009130478,0.8681132942438126
6791,0.9103202894330025,6791,0.8437476009130478,0.8681132942438126
6792,0.9103202894330025,6792,0.8437476009130478,0.8681132942438126
6793,0.9103202894330025,6793,0.8437476009130478,0.8681132942438126
6794,0.9103202894330025,6794,0.8437476009130478,0.8681132942438126
6795,0.9103202894330025,6795,0.8437476009130478,0.8681132942438126
6796,0.9103202894330025,6796,0.8437476009130478,0.8681132942438126
6797,0.9103202894330025,6797,0.8437476009130478,0.8681132942438126
6798,0.9103202894330025,6798,0.8437476009130478,0.8681132942438126
6799,0.9103202894330025,6799,0.8437476009130478,0.8681132942438126
6800,0.9103202894330025,6800,0.8437476009130478,0.8681132942438126
6801,0.9103202894330025,6801,0.8437476009130478,0.8681132942438126
6802,0.9103202894330025,6802,0.8437476009130478,0.8681132942438126
6803,0.9103202894330025,6803,0.8437476009130478,0.8681132942438126
6804,0.9103202894330025,6804,0.8437476009130478,0.8681132942438126
6805,0.9103202894330025,6805,0.8437476009130478,0.8681132942438126
6806,0.9103202894330025,6806,0.8437476009130478,0.8681132942438126
6807,0.9103202894330025,6807,0.8437429964542389,0.8681132942438126
6808,0.9103202894330025,6808,0.8437429964542389,0.8681132942438126
6809,0.9103202894330025,6809,0.8437429964542389,0.8681132942438126
6810,0.9103202894330025,6810,0.8437429964542389,0.8681132942438126
6811,0.9103202894330025,6811,0.8437429964542389,0.8681132942438126
6812,0.9103202894330025,6812,0.8437429964542389,0.8681132942438126
6813,0.9103202894330025,6813,0.8437429964542389,0.8681132942438126
6814,0.9103202894330025,6814,0.8437429964542389,0.8681132942438126
6815,0.9103202894330025,6815,0.8437429964542389,0.8681132942438126
6816,0.9103202894330025,6816,0.8437429964542389,0.8681132942438126
6817,0.9103202894330025,6817,0.8437429964542389,0.8681132942438126
6818,0.9103202894330025,6818,0.8437429964542389,0.8681132942438126
6819,0.9103202894330025,6819,0.8437429964542389,0.8681132942438126
6820,0.9103202894330025,6820,0.8437429964542389,0.8681132942438126
6821,0.9103202894330025,6821,0.8437429964542389,0.8681132942438126
6822,0.9103202894330025,6822,0.8437429964542389,0.8681132942438126
6823,0.9103202894330025,6823,0.8437429964542389,0.8681132942438126
6824,0.9103202894330025,6824,0.8437429964542389,0.8681132942438126
6825,0.9103202894330025,6825,0.8437429964542389,0.8681132942438126
6826,0.9103202894330025,6826,0.8437429964542389,0.8681132942438126
6827,0.9103202894330025,6827,0.8437429964542389,0.8681132942438126
6828,0.9103202894330025,6828,0.8437429964542389,0.8681132942438126
6829,0.9103202894330025,6829,0.8437429964542389,0.8681132942438126
6830,0.9103202894330025,6830,0.8437429964542389,0.8681132942438126
6831,0.9103202894330025,6831,0.8437429964542389,0.8681132942438126
6832,0.9103202894330025,6832,0.8437429964542389,0.8681132942438126
6833,0.9103202894330025,6833,0.8437429964542389,0.8681132942438126
6834,0.9103202894330025,6834,0.8437429964542389,0.8681132942438126
6835,0.9103202894330025,6835,0.8437429964542389,0.8681132942438126
6836,0.9103202894330025,6836,0.8437429964542389,0.8681132942438126
6837,0.9103202894330025,6837,0.8437429964542389,0.8681132942438126
6838,0.9103202894330025,6838,0.8437429964542389,0.8681132942438126
6839,0.9103202894330025,6839,0.8437429964542389,0.8681132942438126
6840,0.9103202894330025,6840,0.8437429964542389,0.8681132942438126
6841,0.9103202894330025,6841,0.8437429964542389,0.8681132942438126
6842,0.9103202894330025,6842,0.8437429964542389,0.8681132942438126
6843,0.9103202894330025,6843,0.8437429964542389,0.8681132942438126
6844,0.9103202894330025,6844,0.8437429964542389,0.8681132942438126
6845,0.9103202894330025,6845,0.8437429964542389,0.8681132942438126
6846,0.9103202894330025,6846,0.8437429964542389,0.8681132942438126
6847,0.9103202894330025,6847,0.8437429964542389,0.8681132942438126
6848,0.9103202894330025,6848,0.8437429964542389,0.8681132942438126
6849,0.9103202894330025,6849,0.8437429964542389,0.8681132942438126
6850,0.9103202894330025,6850,0.8437429964542389,0.8681132942438126
6851,0.9103202894330025,6851,0.8437429964542389,0.8681132942438126
6852,0.9103202894330025,6852,0.8437429964542389,0.8681132942438126
6853,0.9103202894330025,6853,0.8437429964542389,0.8681132942438126
6854,0.9103202894330025,6854,0.8437429964542389,0.8681132942438126
6855,0.9103202894330025,6855,0.8437429964542389,0.8681132942438126
6856,0.9103202894330025,6856,0.8437429964542389,0.8681132942438126
6857,0.9103202894330025,6857,0.8437429964542389,0.8681132942438126
6858,0.9103202894330025,6858,0.8437429964542389,0.8681132942438126
6859,0.9103202894330025,6859,0.8437429964542389,0.8681132942438126
6860,0.9103202894330025,6860,0.8437429964542389,0.8681132942438126
6861,0.9103202894330025,6861,0.8437429964542389,0.8681132942438126
6862,0.9103202894330025,6862,0.8437429964542389,0.8681132942438126
6863,0.9103202894330025,6863,0.8437429964542389,0.8681132942438126
6864,0.9103202894330025,6864,0.8437429964542389,0.8681132942438126
6865,0.9103202894330025,6865,0.8437429964542389,0.8681132942438126
6866,0.9103202894330025,6866,0.8437429964542389,0.8681132942438126
6867,0.9103202894330025,6867,0.8437429964542389,0.8681132942438126
6868,0.9103202894330025,6868,0.8437429964542389,0.8681132942438126
6869,0.9103202894330025,6869,0.8437429964542389,0.8681132942438126
6870,0.9103202894330025,6870,0.8437429964542389,0.8681132942438126
6871,0.9103202894330025,6871,0.8437429964542389,0.8681132942438126
6872,0.9103202894330025,6872,0.8437429964542389,0.8681132942438126
6873,0.9103202894330025,6873,0.8437429964542389,0.8681132942438126
6874,0.9103202894330025,6874,0.8437429964542389,0.8681132942438126
6875,0.9103202894330025,6875,0.8437429964542389,0.8681132942438126
6876,0.9103202894330025,6876,0.8437429964542389,0.8681132942438126
6877,0.9103202894330025,6877,0.8437429964542389,0.8681132942438126
6878,0.9103202894330025,6878,0.8437429964542389,0.8681132942438126
6879,0.9103202894330025,6879,0.8437429964542389,0.8681132942438126
6880,0.9103202894330025,6880,0.8437429964542389,0.8681132942438126
6881,0.9103202894330025,6881,0.8437429964542389,0.8681132942438126
6882,0.9103202894330025,6882,0.8437429964542389,0.8681132942438126
6883,0.9103202894330025,6883,0.8437429964542389,0.8681132942438126
6884,0.9103202894330025,6884,0.8437429964542389,0.8681132942438126
6885,0.9103202894330025,6885,0.8437429964542389,0.8681132942438126
6886,0.9103202894330025,6886,0.8437429964542389,0.8681132942438126
6887,0.9103202894330025,6887,0.8437429964542389,0.8681132942438126
6888,0.9103202894330025,6888,0.8437429964542389,0.8681132942438126
6889,0.9103202894330025,6889,0.8437429964542389,0.8681132942438126
6890,0.9103202894330025,6890,0.8437429964542389,0.8681132942438126
6891,0.9103202894330025,6891,0.8437429964542389,0.8681132942438126
6892,0.9103202894330025,6892,0.8437429964542389,0.8681132942438126
6893,0.9103202894330025,6893,0.8437429964542389,0.8681132942438126
6894,0.9103202894330025,6894,0.8437429964542389,0.8681132942438126
6895,0.9103202894330025,6895,0.8437429964542389,0.8681132942438126
6896,0.9103202894330025,6896,0.8437429964542389,0.8681132942438126
6897,0.9103202894330025,6897,0.8437429964542389,0.8681132942438126
6898,0.9103202894330025,6898,0.8437429964542389,0.8681132942438126
6899,0.9103202894330025,6899,0.8437429964542389,0.8681132942438126
6900,0.9103202894330025,6900,0.8437429964542389,0.8681132942438126
6901,0.9103202894330025,6901,0.8437429964542389,0.8681132942438126
6902,0.9103202894330025,6902,0.8437429964542389,0.8681132942438126
6903,0.9103202894330025,6903,0.8437429964542389,0.8681132942438126
6904,0.9103202894330025,6904,0.8437429964542389,0.8681132942438126
6905,0.9103202894330025,6905,0.8437429964542389,0.8681132942438126
6906,0.9103202894330025,6906,0.8437429964542389,0.8681132942438126
6907,0.9103202894330025,6907,0.8437429964542389,0.8681132942438126
6908,0.9103202894330025,6908,0.8437429964542389,0.8681132942438126
6909,0.9103202894330025,6909,0.8437429964542389,0.8681132942438126
6910,0.9103202894330025,6910,0.8437429964542389,0.8681132942438126
6911,0.9103202894330025,6911,0.8437429964542389,0.8681132942438126
6912,0.9103202894330025,6912,0.8437429964542389,0.8681132942438126
6913,0.9103202894330025,6913,0.8437429964542389,0.8681132942438126
6914,0.9103202894330025,6914,0.8437429964542389,0.8681132942438126
6915,0.9103202894330025,6915,0.8437429964542389,0.8681132942438126
6916,0.9103202894330025,6916,0.8437508791685104,0.8681132942438126
6917,0.9103202894330025,6917,0.8437508791685104,0.8681132942438126
6918,0.9103202894330025,6918,0.8437508791685104,0.8681132942438126
6919,0.9103202894330025,6919,0.8437508791685104,0.8681132942438126
6920,0.9103202894330025,6920,0.8437508791685104,0.8681132942438126
6921,0.9103202894330025,6921,0.8437508791685104,0.8681132942438126
6922,0.9103202894330025,6922,0.8437508791685104,0.8681132942438126
6923,0.9103202894330025,6923,0.8437508791685104,0.8681132942438126
6924,0.9103202894330025,6924,0.8437508791685104,0.8681132942438126
6925,0.9103202894330025,6925,0.8437365740537643,0.8681132942438126
6926,0.9103202894330025,6926,0.8437365740537643,0.8681132942438126
6927,0.9103202894330025,6927,0.8437365740537643,0.8681132942438126
6928,0.9103202894330025,6928,0.8437365740537643,0.8681132942438126
6929,0.9103202894330025,6929,0.8437365740537643,0.8681132942438126
6930,0.9103202894330025,6930,0.8437365740537643,0.8681132942438126
6931,0.9103202894330025,6931,0.8437365740537643,0.8681132942438126
6932,0.9103202894330025,6932,0.8437365740537643,0.8681132942438126
6933,0.9103202894330025,6933,0.8437365740537643,0.8681132942438126
6934,0.9103202894330025,6934,0.8437365740537643,0.8681132942438126
6935,0.9103202894330025,6935,0.8437365740537643,0.8681132942438126
6936,0.9103202894330025,6936,0.8437365740537643,0.8681132942438126
6937,0.9103202894330025,6937,0.8437365740537643,0.8681132942438126
6938,0.9103202894330025,6938,0.8437365740537643,0.8681132942438126
6939,0.9103202894330025,6939,0.8437365740537643,0.8681132942438126
6940,0.9103202894330025,6940,0.8437365740537643,0.8681132942438126
6941,0.9103202894330025,6941,0.8437365740537643,0.8681132942438126
6942,0.9103202894330025,6942,0.8437365740537643,0.8681132942438126
6943,0.9103202894330025,6943,0.8437365740537643,0.8681132942438126
6944,0.9103202894330025,6944,0.8437365740537643,0.8681132942438126
6945,0.9103202894330025,6945,0.8437365740537643,0.8681132942438126
6946,0.9103202894330025,6946,0.8437365740537643,0.8681132942438126
6947,0.9103202894330025,6947,0.8437365740537643,0.8681132942438126
6948,0.9103202894330025,6948,0.8437365740537643,0.8681132942438126
6949,0.9103202894330025,6949,0.8437365740537643,0.8681132942438126
6950,0.9103202894330025,6950,0.8437365740537643,0.8681132942438126
6951,0.9103202894330025,6951,0.8437365740537643,0.8681132942438126
6952,0.9103202894330025,6952,0.8437365740537643,0.8681132942438126
6953,0.9103202894330025,6953,0.8437365740537643,0.8681132942438126
6954,0.9103202894330025,6954,0.8437365740537643,0.8681132942438126
6955,0.9103202894330025,6955,0.8437365740537643,0.8681132942438126
6956,0.9103202894330025,6956,0.8437365740537643,0.8681132942438126
6957,0.9103202894330025,6957,0.8437365740537643,0.8681132942438126
6958,0.9103202894330025,6958,0.8437365740537643,0.8681132942438126
6959,0.9103202894330025,6959,0.8437365740537643,0.8681132942438126
6960,0.9103202894330025,6960,0.8437365740537643,0.8681132942438126
6961,0.9103202894330025,6961,0.8437365740537643,0.8681132942438126
6962,0.9103202894330025,6962,0.8437365740537643,0.8681132942438126
6963,0.9103202894330025,6963,0.8437365740537643,0.8681132942438126
6964,0.9103202894330025,6964,0.8437365740537643,0.8681132942438126
6965,0.9103202894330025,6965,0.8437365740537643,0.8681132942438126
6966,0.9103202894330025,6966,0.8437365740537643,0.8681132942438126
6967,0.9103202894330025,6967,0.8437365740537643,0.8681132942438126
6968,0.9103202894330025,6968,0.8437365740537643,0.8681132942438126
6969,0.9103202894330025,6969,0.8437365740537643,0.8681132942438126
6970,0.9103202894330025,6970,0.8437365740537643,0.8681132942438126
6971,0.9103202894330025,6971,0.8437365740537643,0.8681132942438126
6972,0.9103202894330025,6972,0.8437365740537643,0.8681132942438126
6973,0.9103202894330025,6973,0.8437365740537643,0.8681132942438126
6974,0.9103202894330025,6974,0.8437365740537643,0.8681132942438126
6975,0.9103202894330025,6975,0.8437365740537643,0.8681132942438126
6976,0.9103202894330025,6976,0.8437365740537643,0.8681132942438126
6977,0.9103202894330025,6977,0.8437365740537643,0.8681132942438126
6978,0.9103202894330025,6978,0.8437365740537643,0.8681132942438126
6979,0.9103202894330025,6979,0.8437365740537643,0.8681132942438126
6980,0.9103202894330025,6980,0.8437365740537643,0.8681132942438126
6981,0.9103202894330025,6981,0.8437365740537643,0.8681132942438126
6982,0.9103202894330025,6982,0.8437365740537643,0.8681132942438126
6983,0.9103202894330025,6983,0.8437365740537643,0.8681132942438126
6984,0.9103202894330025,6984,0.8437365740537643,0.8681132942438126
6985,0.9103202894330025,6985,0.8437365740537643,0.8681132942438126
6986,0.9103202894330025,6986,0.8437365740537643,0.8681132942438126
6987,0.9103202894330025,6987,0.8437365740537643,0.8681132942438126
6988,0.9103202894330025,6988,0.8437365740537643,0.8681132942438126
6989,0.9103202894330025,6989,0.8437365740537643,0.8681132942438126
6990,0.9103202894330025,6990,0.8437365740537643,0.8681132942438126
6991,0.9103202894330025,6991,0.8437365740537643,0.8681132942438126
6992,0.9103202894330025,6992,0.8437365740537643,0.8681132942438126
6993,0.9103202894330025,6993,0.8437365740537643,0.8681132942438126
6994,0.9103202894330025,6994,0.8437365740537643,0.8681132942438126
6995,0.9103202894330025,6995,0.8437365740537643,0.8681132942438126
6996,0.9103202894330025,6996,0.8437365740537643,0.8681132942438126
6997,0.9103202894330025,6997,0.8437365740537643,0.8681132942438126
6998,0.9103202894330025,6998,0.8437365740537643,0.8681132942438126
6999,0.9103202894330025,6999,0.8437365740537643,0.8681132942438126
7000,0.9104763343930244,7000,0.8435790240764618,0.8676730394363403
7001,0.9104763343930244,7001,0.8435900509357452,0.8676730394363403
7002,0.9104763343930244,7002,0.8435900509357452,0.8676730394363403
7003,0.9104763343930244,7003,0.8435900509357452,0.8676730394363403
7004,0.9104763343930244,7004,0.8435900509357452,0.8676730394363403
7005,0.9104763343930244,7005,0.8435900509357452,0.8676730394363403
7006,0.9104763343930244,7006,0.8435900509357452,0.8676730394363403
7007,0.9104763343930244,7007,0.8435900509357452,0.8676730394363403
7008,0.9104763343930244,7008,0.8435900509357452,0.8676730394363403
7009,0.9104763343930244,7009,0.8435900509357452,0.8676730394363403
7010,0.9104763343930244,7010,0.8435900509357452,0.8676730394363403
7011,0.9104763343930244,7011,0.8435900509357452,0.8676730394363403
7012,0.9104763343930244,7012,0.8435900509357452,0.8676730394363403
7013,0.9104763343930244,7013,0.8435900509357452,0.8676730394363403
7014,0.9104763343930244,7014,0.8435900509357452,0.8676730394363403
7015,0.9104763343930244,7015,0.8435900509357452,0.8676730394363403
7016,0.9104763343930244,7016,0.8435900509357452,0.8676730394363403
7017,0.9104763343930244,7017,0.8435900509357452,0.8676730394363403
7018,0.9104763343930244,7018,0.8435900509357452,0.8676730394363403
7019,0.9104763343930244,7019,0.8436075299978256,0.8676730394363403
7020,0.9104763343930244,7020,0.8436075299978256,0.8676730394363403
7021,0.9104763343930244,7021,0.8436075299978256,0.8676730394363403
7022,0.9104763343930244,7022,0.8436075299978256,0.8676730394363403
7023,0.9104763343930244,7023,0.8436075299978256,0.8676730394363403
7024,0.9104763343930244,7024,0.8436075299978256,0.8676730394363403
7025,0.9104763343930244,7025,0.8436075299978256,0.8676730394363403
7026,0.9104763343930244,7026,0.8436075299978256,0.8676730394363403
7027,0.9104763343930244,7027,0.8436075299978256,0.8676730394363403
7028,0.9104763343930244,7028,0.8436075299978256,0.8676730394363403
7029,0.9104763343930244,7029,0.8436075299978256,0.8676730394363403
7030,0.9104763343930244,7030,0.8436075299978256,0.8676730394363403
7031,0.9104763343930244,7031,0.8436075299978256,0.8676730394363403
7032,0.9104763343930244,7032,0.8436075299978256,0.8676730394363403
7033,0.9104763343930244,7033,0.8436075299978256,0.8676730394363403
7034,0.9104763343930244,7034,0.8436075299978256,0.8676730394363403
7035,0.9104763343930244,7035,0.8436075299978256,0.8676730394363403
7036,0.9104763343930244,7036,0.8436075299978256,0.8676730394363403
7037,0.9104763343930244,7037,0.8436075299978256,0.8676730394363403
7038,0.9104763343930244,7038,0.8436075299978256,0.8676730394363403
7039,0.9104763343930244,7039,0.8436075299978256,0.8676730394363403
7040,0.9104763343930244,7040,0.8436075299978256,0.8676730394363403
7041,0.9104763343930244,7041,0.8436075299978256,0.8676730394363403
7042,0.9104763343930244,7042,0.8436075299978256,0.8676730394363403
7043,0.9104763343930244,7043,0.8436075299978256,0.8676730394363403
7044,0.9104763343930244,7044,0.8436075299978256,0.8676730394363403
7045,0.9104763343930244,7045,0.8436075299978256,0.8676730394363403
7046,0.9104763343930244,7046,0.8436075299978256,0.8676730394363403
7047,0.9104763343930244,7047,0.8436075299978256,0.8676730394363403
7048,0.9104763343930244,7048,0.8436075299978256,0.8676730394363403
7049,0.9104763343930244,7049,0.8436075299978256,0.8676730394363403
7050,0.9104763343930244,7050,0.8436075299978256,0.8676730394363403
7051,0.9104763343930244,7051,0.8436075299978256,0.8676730394363403
7052,0.9104763343930244,7052,0.8436075299978256,0.8676730394363403
7053,0.9104763343930244,7053,0.8436075299978256,0.8676730394363403
7054,0.9104763343930244,7054,0.8436075299978256,0.8676730394363403
7055,0.9104763343930244,7055,0.8436075299978256,0.8676730394363403
7056,0.9104763343930244,7056,0.8436075299978256,0.8676730394363403
7057,0.9104763343930244,7057,0.8436075299978256,0.8676730394363403
7058,0.9104763343930244,7058,0.8436075299978256,0.8676730394363403
7059,0.9104763343930244,7059,0.8436075299978256,0.8676730394363403
7060,0.9104763343930244,7060,0.8436075299978256,0.8676730394363403
7061,0.9104763343930244,7061,0.8436075299978256,0.8676730394363403
7062,0.9104763343930244,7062,0.8436075299978256,0.8676730394363403
7063,0.9104763343930244,7063,0.8436075299978256,0.8676730394363403
7064,0.9104763343930244,7064,0.8436075299978256,0.8676730394363403
7065,0.9104763343930244,7065,0.8436075299978256,0.8676730394363403
7066,0.9104763343930244,7066,0.8436075299978256,0.8676730394363403
7067,0.9104763343930244,7067,0.8436075299978256,0.8676730394363403
7068,0.9104763343930244,7068,0.8436075299978256,0.8676730394363403
7069,0.9104763343930244,7069,0.8436075299978256,0.8676730394363403
7070,0.9104763343930244,7070,0.8436075299978256,0.8676730394363403
7071,0.9104763343930244,7071,0.8436075299978256,0.8676730394363403
7072,0.9104763343930244,7072,0.8436075299978256,0.8676730394363403
7073,0.9104763343930244,7073,0.8436075299978256,0.8676730394363403
7074,0.9104763343930244,7074,0.8436075299978256,0.8676730394363403
7075,0.9104763343930244,7075,0.8436075299978256,0.8676730394363403
7076,0.9104763343930244,7076,0.8436075299978256,0.8676730394363403
7077,0.9104763343930244,7077,0.8436075299978256,0.8676730394363403
7078,0.9104763343930244,7078,0.8436075299978256,0.8676730394363403
7079,0.9104763343930244,7079,0.8436075299978256,0.8676730394363403
7080,0.9104763343930244,7080,0.8436075299978256,0.8676730394363403
7081,0.9104763343930244,7081,0.8436075299978256,0.8676730394363403
7082,0.9104763343930244,7082,0.8436075299978256,0.8676730394363403
7083,0.9104763343930244,7083,0.8436075299978256,0.8676730394363403
7084,0.9104763343930244,7084,0.8436075299978256,0.8676730394363403
7085,0.9104763343930244,7085,0.8436075299978256,0.8676730394363403
7086,0.9104763343930244,7086,0.8436075299978256,0.8676730394363403
7087,0.9104763343930244,7087,0.8436075299978256,0.8676730394363403
7088,0.9104763343930244,7088,0.8436075299978256,0.8676730394363403
7089,0.9104763343930244,7089,0.8436075299978256,0.8676730394363403
7090,0.9104763343930244,7090,0.843615397810936,0.8676730394363403
7091,0.9104763343930244,7091,0.843615397810936,0.8676730394363403
7092,0.9104763343930244,7092,0.843615397810936,0.8676730394363403
7093,0.9104763343930244,7093,0.843615397810936,0.8676730394363403
7094,0.9104763343930244,7094,0.843615397810936,0.8676730394363403
7095,0.9104763343930244,7095,0.843615397810936,0.8676730394363403
7096,0.9104763343930244,7096,0.843615397810936,0.8676730394363403
7097,0.9104763343930244,7097,0.843615397810936,0.8676730394363403
7098,0.9104763343930244,7098,0.843615397810936,0.8676730394363403
7099,0.9104763343930244,7099,0.843615397810936,0.8676730394363403
7100,0.9104763343930244,7100,0.843615397810936,0.8676730394363403
7101,0.9104763343930244,7101,0.843615397810936,0.8676730394363403
7102,0.9104763343930244,7102,0.843615397810936,0.8676730394363403
7103,0.9104763343930244,7103,0.843615397810936,0.8676730394363403
7104,0.9104763343930244,7104,0.843615397810936,0.8676730394363403
7105,0.9104763343930244,7105,0.843615397810936,0.8676730394363403
7106,0.9104763343930244,7106,0.8436010926961899,0.8676730394363403
7107,0.9104763343930244,7107,0.8436010926961899,0.8676730394363403
7108,0.9104763343930244,7108,0.8436010926961899,0.8676730394363403
7109,0.9104763343930244,7109,0.8436010926961899,0.8676730394363403
7110,0.9104763343930244,7110,0.8436010926961899,0.8676730394363403
7111,0.9104763343930244,7111,0.8436010926961899,0.8676730394363403
7112,0.9104763343930244,7112,0.8436010926961899,0.8676730394363403
7113,0.9104763343930244,7113,0.8436010926961899,0.8676730394363403
7114,0.9104763343930244,7114,0.8436010926961899,0.8676730394363403
7115,0.9104763343930244,7115,0.8436010926961899,0.8676730394363403
7116,0.9104763343930244,7116,0.8436010926961899,0.8676730394363403
7117,0.9104763343930244,7117,0.8436010926961899,0.8676730394363403
7118,0.9104763343930244,7118,0.8436010926961899,0.8676730394363403
7119,0.9104763343930244,7119,0.8436010926961899,0.8676730394363403
7120,0.9104763343930244,7120,0.8436010926961899,0.8676730394363403
7121,0.9104763343930244,7121,0.8436010926961899,0.8676730394363403
7122,0.9104763343930244,7122,0.8436010926961899,0.8676730394363403
7123,0.9104763343930244,7123,0.8436010926961899,0.8676730394363403
7124,0.9104763343930244,7124,0.8436010926961899,0.8676730394363403
7125,0.9104763343930244,7125,0.8436010926961899,0.8676730394363403
7126,0.9104763343930244,7126,0.8436010926961899,0.8676730394363403
7127,0.9104763343930244,7127,0.8436010926961899,0.8676730394363403
7128,0.9104763343930244,7128,0.8436010926961899,0.8676730394363403
7129,0.9104763343930244,7129,0.8436010926961899,0.8676730394363403
7130,0.9104763343930244,7130,0.8436010926961899,0.8676730394363403
7131,0.9104763343930244,7131,0.8436010926961899,0.8676730394363403
7132,0.9104763343930244,7132,0.8436010926961899,0.8676730394363403
7133,0.9104763343930244,7133,0.8436010926961899,0.8676730394363403
7134,0.9104763343930244,7134,0.8436010926961899,0.8676730394363403
7135,0.9104763343930244,7135,0.8436010926961899,0.8676730394363403
7136,0.9104763343930244,7136,0.8436010926961899,0.8676730394363403
7137,0.9104763343930244,7137,0.8436010926961899,0.8676730394363403
7138,0.9104763343930244,7138,0.8436010926961899,0.8676730394363403
7139,0.9104763343930244,7139,0.8436010926961899,0.8676730394363403
7140,0.9104763343930244,7140,0.8436010926961899,0.8676730394363403
7141,0.9104763343930244,7141,0.8436010926961899,0.8676730394363403
7142,0.9104763343930244,7142,0.8436010926961899,0.8676730394363403
7143,0.9104763343930244,7143,0.8436010926961899,0.8676730394363403
7144,0.9104763343930244,7144,0.8436010926961899,0.8676730394363403
7145,0.9104763343930244,7145,0.8436010926961899,0.8676730394363403
7146,0.9104763343930244,7146,0.8436010926961899,0.8676730394363403
7147,0.9104763343930244,7147,0.8436010926961899,0.8676730394363403
7148,0.9104763343930244,7148,0.8436010926961899,0.8676730394363403
7149,0.9104763343930244,7149,0.8436010926961899,0.8676730394363403
7150,0.9104763343930244,7150,0.8436010926961899,0.8676730394363403
7151,0.9104763343930244,7151,0.8436010926961899,0.8676730394363403
7152,0.9104763343930244,7152,0.8436010926961899,0.8676730394363403
7153,0.9104763343930244,7153,0.8436010926961899,0.8676730394363403
7154,0.9104763343930244,7154,0.8436010926961899,0.8676730394363403
7155,0.9104763343930244,7155,0.8436010926961899,0.8676730394363403
7156,0.9104763343930244,7156,0.8436010926961899,0.8676730394363403
7157,0.9104763343930244,7157,0.8436010926961899,0.8676730394363403
7158,0.9104763343930244,7158,0.8436010926961899,0.8676730394363403
7159,0.9104763343930244,7159,0.8436010926961899,0.8676730394363403
7160,0.9104763343930244,7160,0.8436010926961899,0.8676730394363403
7161,0.9104763343930244,7161,0.8436010926961899,0.8676730394363403
7162,0.9104763343930244,7162,0.8436010926961899,0.8676730394363403
7163,0.9104763343930244,7163,0.8436010926961899,0.8676730394363403
7164,0.9104763343930244,7164,0.8436010926961899,0.8676730394363403
7165,0.9104763343930244,7165,0.8436010926961899,0.8676730394363403
7166,0.9104763343930244,7166,0.8436010926961899,0.8676730394363403
7167,0.9104763343930244,7167,0.8436010926961899,0.8676730394363403
7168,0.9104763343930244,7168,0.8436010926961899,0.8676730394363403
7169,0.9104763343930244,7169,0.8436010926961899,0.8676730394363403
7170,0.9104763343930244,7170,0.8436010926961899,0.8676730394363403
7171,0.9104763343930244,7171,0.8436010926961899,0.8676730394363403
7172,0.9104763343930244,7172,0.8436010926961899,0.8676730394363403
7173,0.9104763343930244,7173,0.8436010926961899,0.8676730394363403
7174,0.9104763343930244,7174,0.8436010926961899,0.8676730394363403
7175,0.9104763343930244,7175,0.8436010926961899,0.8676730394363403
7176,0.9104763343930244,7176,0.8436010926961899,0.8676730394363403
7177,0.9104763343930244,7177,0.8436010926961899,0.8676730394363403
7178,0.9104763343930244,7178,0.8436010926961899,0.8676730394363403
7179,0.9104763343930244,7179,0.8436010926961899,0.8676730394363403
7180,0.9104763343930244,7180,0.8436010926961899,0.8676730394363403
7181,0.9104763343930244,7181,0.8436010926961899,0.8676730394363403
7182,0.9104763343930244,7182,0.8436010926961899,0.8676730394363403
7183,0.9104763343930244,7183,0.8436010926961899,0.8676730394363403
7184,0.9104763343930244,7184,0.8436010926961899,0.8676730394363403
7185,0.9104763343930244,7185,0.8436010926961899,0.8676730394363403
7186,0.9104763343930244,7186,0.8436010926961899,0.8676730394363403
7187,0.9104763343930244,7187,0.8436010926961899,0.8676730394363403
7188,0.9104763343930244,7188,0.8436010926961899,0.8676730394363403
7189,0.9104763343930244,7189,0.8436010926961899,0.8676730394363403
7190,0.9104763343930244,7190,0.8436010926961899,0.8676730394363403
7191,0.9104763343930244,7191,0.8436010926961899,0.8676730394363403
7192,0.9104763343930244,7192,0.8436010926961899,0.8676730394363403
7193,0.9104763343930244,7193,0.8436010926961899,0.8676730394363403
7194,0.9104763343930244,7194,0.8436010926961899,0.8676730394363403
7195,0.9104763343930244,7195,0.8436010926961899,0.8676730394363403
7196,0.9104763343930244,7196,0.8436010926961899,0.8676730394363403
7197,0.9104763343930244,7197,0.8436010926961899,0.8676730394363403
7198,0.9104763343930244,7198,0.8436010926961899,0.8676730394363403
7199,0.9104763343930244,7199,0.8436010926961899,0.8676730394363403
7200,0.9104763343930244,7200,0.8436010926961899,0.8676730394363403
7201,0.9104763343930244,7201,0.8436010926961899,0.8676730394363403
7202,0.9104763343930244,7202,0.8436010926961899,0.8676730394363403
7203,0.9104763343930244,7203,0.8436010926961899,0.8676730394363403
7204,0.9104763343930244,7204,0.8436010926961899,0.8676730394363403
7205,0.9104763343930244,7205,0.8436010926961899,0.8676730394363403
7206,0.9104763343930244,7206,0.8436010926961899,0.8676730394363403
7207,0.9104763343930244,7207,0.8436010926961899,0.8676730394363403
7208,0.9104763343930244,7208,0.8436010926961899,0.8676730394363403
7209,0.9104763343930244,7209,0.8436010926961899,0.8676730394363403
7210,0.9104763343930244,7210,0.8436010926961899,0.8676730394363403
7211,0.9104763343930244,7211,0.8436010926961899,0.8676730394363403
7212,0.9104763343930244,7212,0.8436010926961899,0.8676730394363403
7213,0.9104763343930244,7213,0.8436010926961899,0.8676730394363403
7214,0.9104763343930244,7214,0.8436010926961899,0.8676730394363403
7215,0.9104763343930244,7215,0.8436010926961899,0.8676730394363403
7216,0.9104763343930244,7216,0.8436010926961899,0.8676730394363403
7217,0.9104763343930244,7217,0.8436010926961899,0.8676730394363403
7218,0.9104763343930244,7218,0.8436010926961899,0.8676730394363403
7219,0.9104763343930244,7219,0.8436010926961899,0.8676730394363403
7220,0.9104763343930244,7220,0.8436010926961899,0.8676730394363403
7221,0.9104763343930244,7221,0.8436010926961899,0.8676730394363403
7222,0.9104763343930244,7222,0.8436010926961899,0.8676730394363403
7223,0.9104763343930244,7223,0.8436010926961899,0.8676730394363403
7224,0.9104763343930244,7224,0.8436010926961899,0.8676730394363403
7225,0.9104763343930244,7225,0.8436010926961899,0.8676730394363403
7226,0.9104763343930244,7226,0.8436010926961899,0.8676730394363403
7227,0.9104763343930244,7227,0.8436010926961899,0.8676730394363403
7228,0.9104763343930244,7228,0.8436010926961899,0.8676730394363403
7229,0.9104763343930244,7229,0.8436010926961899,0.8676730394363403
7230,0.9104763343930244,7230,0.8436010926961899,0.8676730394363403
7231,0.9104763343930244,7231,0.8436010926961899,0.8676730394363403
7232,0.9104763343930244,7232,0.8436010926961899,0.8676730394363403
7233,0.9104763343930244,7233,0.8436010926961899,0.8676730394363403
7234,0.9104763343930244,7234,0.8436010926961899,0.8676730394363403
7235,0.9104763343930244,7235,0.8436010926961899,0.8676730394363403
7236,0.9104763343930244,7236,0.843596488237381,0.8676730394363403
7237,0.9104763343930244,7237,0.843596488237381,0.8676730394363403
7238,0.9104763343930244,7238,0.843596488237381,0.8676730394363403
7239,0.9104763343930244,7239,0.843596488237381,0.8676730394363403
7240,0.9104763343930244,7240,0.843596488237381,0.8676730394363403
7241,0.9104763343930244,7241,0.843596488237381,0.8676730394363403
7242,0.9104763343930244,7242,0.843596488237381,0.8676730394363403
7243,0.9104763343930244,7243,0.843596488237381,0.8676730394363403
7244,0.9104763343930244,7244,0.843596488237381,0.8676730394363403
7245,0.9104763343930244,7245,0.843596488237381,0.8676730394363403
7246,0.9104763343930244,7246,0.843596488237381,0.8676730394363403
7247,0.9104763343930244,7247,0.843596488237381,0.8676730394363403
7248,0.9104763343930244,7248,0.843596488237381,0.8676730394363403
7249,0.9104763343930244,7249,0.843596488237381,0.8676730394363403
7250,0.9105501398444176,7250,0.8437067866325378,0.866303950548172
7251,0.9105501398444176,7251,0.8437003493309021,0.866303950548172
7252,0.9105501398444176,7252,0.8437003493309021,0.866303950548172
7253,0.9105501398444176,7253,0.8437003493309021,0.866303950548172
7254,0.9105501398444176,7254,0.8437003493309021,0.866303950548172
7255,0.9105501398444176,7255,0.8437003493309021,0.866303950548172
7256,0.9105501398444176,7256,0.8437003493309021,0.866303950548172
7257,0.9105501398444176,7257,0.8437003493309021,0.866303950548172
7258,0.9105501398444176,7258,0.8437003493309021,0.866303950548172
7259,0.9105501398444176,7259,0.8437003493309021,0.866303950548172
7260,0.9105501398444176,7260,0.8437003493309021,0.866303950548172
7261,0.9105501398444176,7261,0.8437003493309021,0.866303950548172
7262,0.9105501398444176,7262,0.8437003493309021,0.866303950548172
7263,0.9105501398444176,7263,0.8437003493309021,0.866303950548172
7264,0.9105501398444176,7264,0.8437003493309021,0.866303950548172
7265,0.9105501398444176,7265,0.8437003493309021,0.866303950548172
7266,0.9105501398444176,7266,0.8437003493309021,0.866303950548172
7267,0.9105501398444176,7267,0.8437003493309021,0.866303950548172
7268,0.9105501398444176,7268,0.8437003493309021,0.866303950548172
7269,0.9105501398444176,7269,0.8437003493309021,0.866303950548172
7270,0.9105501398444176,7270,0.8437003493309021,0.866303950548172
7271,0.9105501398444176,7271,0.8437003493309021,0.866303950548172
7272,0.9105501398444176,7272,0.8437003493309021,0.866303950548172
7273,0.9105501398444176,7273,0.8437003493309021,0.866303950548172
7274,0.9105501398444176,7274,0.8437003493309021,0.866303950548172
7275,0.9105501398444176,7275,0.8437003493309021,0.866303950548172
7276,0.9105501398444176,7276,0.8437003493309021,0.866303950548172
7277,0.9105501398444176,7277,0.8437003493309021,0.866303950548172
7278,0.9105501398444176,7278,0.8437003493309021,0.866303950548172
7279,0.9105501398444176,7279,0.8437003493309021,0.866303950548172
7280,0.9105501398444176,7280,0.8437003493309021,0.866303950548172
7281,0.9105501398444176,7281,0.8437003493309021,0.866303950548172
7282,0.9105501398444176,7282,0.8437003493309021,0.866303950548172
7283,0.9105501398444176,7283,0.8437003493309021,0.866303950548172
7284,0.9105501398444176,7284,0.8437003493309021,0.866303950548172
7285,0.9105501398444176,7285,0.8437003493309021,0.866303950548172
7286,0.9105501398444176,7286,0.843686044216156,0.866303950548172
7287,0.9105501398444176,7287,0.843686044216156,0.866303950548172
7288,0.9105501398444176,7288,0.843686044216156,0.866303950548172
7289,0.9105501398444176,7289,0.843686044216156,0.866303950548172
7290,0.9105501398444176,7290,0.843686044216156,0.866303950548172
7291,0.9105501398444176,7291,0.843686044216156,0.866303950548172
7292,0.9105501398444176,7292,0.843686044216156,0.866303950548172
7293,0.9105501398444176,7293,0.843686044216156,0.866303950548172
7294,0.9105501398444176,7294,0.843686044216156,0.866303950548172
7295,0.9105501398444176,7295,0.843686044216156,0.866303950548172
7296,0.9105501398444176,7296,0.843686044216156,0.866303950548172
7297,0.9105501398444176,7297,0.843686044216156,0.866303950548172
7298,0.9105501398444176,7298,0.843686044216156,0.866303950548172
7299,0.9105501398444176,7299,0.843686044216156,0.866303950548172
7300,0.9105501398444176,7300,0.843686044216156,0.866303950548172
7301,0.9105501398444176,7301,0.843686044216156,0.866303950548172
7302,0.9105501398444176,7302,0.843686044216156,0.866303950548172
7303,0.9105501398444176,7303,0.843686044216156,0.866303950548172
7304,0.9105501398444176,7304,0.843686044216156,0.866303950548172
7305,0.9105501398444176,7305,0.843686044216156,0.866303950548172
7306,0.9105501398444176,7306,0.843686044216156,0.866303950548172
7307,0.9105501398444176,7307,0.843686044216156,0.866303950548172
7308,0.9105501398444176,7308,0.843686044216156,0.866303950548172
7309,0.9105501398444176,7309,0.843686044216156,0.866303950548172
7310,0.9105501398444176,7310,0.843686044216156,0.866303950548172
7311,0.9105501398444176,7311,0.843686044216156,0.866303950548172
7312,0.9105501398444176,7312,0.843686044216156,0.866303950548172
7313,0.9105501398444176,7313,0.843686044216156,0.866303950548172
7314,0.9105501398444176,7314,0.843686044216156,0.866303950548172
7315,0.9105501398444176,7315,0.843686044216156,0.866303950548172
7316,0.9105501398444176,7316,0.843686044216156,0.866303950548172
7317,0.9105501398444176,7317,0.843686044216156,0.866303950548172
7318,0.9105501398444176,7318,0.843686044216156,0.866303950548172
7319,0.9105501398444176,7319,0.843686044216156,0.866303950548172
7320,0.9105501398444176,7320,0.843686044216156,0.866303950548172
7321,0.9105501398444176,7321,0.843686044216156,0.866303950548172
7322,0.9105501398444176,7322,0.843686044216156,0.866303950548172
7323,0.9105501398444176,7323,0.843686044216156,0.866303950548172
7324,0.9105501398444176,7324,0.843686044216156,0.866303950548172
7325,0.9105501398444176,7325,0.843686044216156,0.866303950548172
7326,0.9105501398444176,7326,0.843686044216156,0.866303950548172
7327,0.9105501398444176,7327,0.843686044216156,0.866303950548172
7328,0.9105501398444176,7328,0.8437035083770752,0.866303950548172
7329,0.9105501398444176,7329,0.8437035083770752,0.866303950548172
7330,0.9105501398444176,7330,0.8437035083770752,0.866303950548172
7331,0.9105501398444176,7331,0.8437035083770752,0.866303950548172
7332,0.9105501398444176,7332,0.8437035083770752,0.866303950548172
7333,0.9105501398444176,7333,0.8437035083770752,0.866303950548172
7334,0.9105501398444176,7334,0.8437035083770752,0.866303950548172
7335,0.9105501398444176,7335,0.8437035083770752,0.866303950548172
7336,0.9105501398444176,7336,0.8437035083770752,0.866303950548172
7337,0.9105501398444176,7337,0.8437035083770752,0.866303950548172
7338,0.9105501398444176,7338,0.8437035083770752,0.866303950548172
7339,0.9105501398444176,7339,0.8437035083770752,0.866303950548172
7340,0.9105501398444176,7340,0.8437035083770752,0.866303950548172
7341,0.9105501398444176,7341,0.8437035083770752,0.866303950548172
7342,0.9105501398444176,7342,0.8437035083770752,0.866303950548172
7343,0.9105501398444176,7343,0.8437035083770752,0.866303950548172
7344,0.9105501398444176,7344,0.8437035083770752,0.866303950548172
7345,0.9105501398444176,7345,0.8437035083770752,0.866303950548172
7346,0.9105501398444176,7346,0.8437035083770752,0.866303950548172
7347,0.9105501398444176,7347,0.8437035083770752,0.866303950548172
7348,0.9105501398444176,7348,0.8437035083770752,0.866303950548172
7349,0.9105501398444176,7349,0.8437035083770752,0.866303950548172
7350,0.9105501398444176,7350,0.8437035083770752,0.866303950548172
7351,0.9105501398444176,7351,0.8437035083770752,0.866303950548172
7352,0.9105501398444176,7352,0.8437035083770752,0.866303950548172
7353,0.9105501398444176,7353,0.8437035083770752,0.866303950548172
7354,0.9105501398444176,7354,0.8437035083770752,0.866303950548172
7355,0.9105501398444176,7355,0.8437035083770752,0.866303950548172
7356,0.9105501398444176,7356,0.8437035083770752,0.866303950548172
7357,0.9105501398444176,7357,0.8437035083770752,0.866303950548172
7358,0.9105501398444176,7358,0.8437035083770752,0.866303950548172
7359,0.9105501398444176,7359,0.8437035083770752,0.866303950548172
7360,0.9105501398444176,7360,0.8437035083770752,0.866303950548172
7361,0.9105501398444176,7361,0.8437035083770752,0.866303950548172
7362,0.9105501398444176,7362,0.8437035083770752,0.866303950548172
7363,0.9105501398444176,7363,0.8437035083770752,0.866303950548172
7364,0.9105501398444176,7364,0.8437035083770752,0.866303950548172
7365,0.9105501398444176,7365,0.8437035083770752,0.866303950548172
7366,0.9105501398444176,7366,0.8437035083770752,0.866303950548172
7367,0.9105501398444176,7367,0.8437035083770752,0.866303950548172
7368,0.9105501398444176,7368,0.8437035083770752,0.866303950548172
7369,0.9105501398444176,7369,0.8437035083770752,0.866303950548172
7370,0.9105501398444176,7370,0.8437035083770752,0.866303950548172
7371,0.9105501398444176,7371,0.8437035083770752,0.866303950548172
7372,0.9105501398444176,7372,0.8437035083770752,0.866303950548172
7373,0.9105501398444176,7373,0.8437035083770752,0.866303950548172
7374,0.9105501398444176,7374,0.8437035083770752,0.866303950548172
7375,0.9105501398444176,7375,0.8437035083770752,0.866303950548172
7376,0.9105501398444176,7376,0.8437035083770752,0.866303950548172
7377,0.9105501398444176,7377,0.8437035083770752,0.866303950548172
7378,0.9105501398444176,7378,0.8437035083770752,0.866303950548172
7379,0.9105501398444176,7379,0.8437035083770752,0.866303950548172
7380,0.9105501398444176,7380,0.8437035083770752,0.866303950548172
7381,0.9105501398444176,7381,0.8437035083770752,0.866303950548172
7382,0.9105501398444176,7382,0.8437035083770752,0.866303950548172
7383,0.9105501398444176,7383,0.8437035083770752,0.866303950548172
7384,0.9105501398444176,7384,0.8437035083770752,0.866303950548172
7385,0.9105501398444176,7385,0.8437035083770752,0.866303950548172
7386,0.9105501398444176,7386,0.8437035083770752,0.866303950548172
7387,0.9105501398444176,7387,0.8437035083770752,0.866303950548172
7388,0.9105501398444176,7388,0.8437035083770752,0.866303950548172
7389,0.9105501398444176,7389,0.8437035083770752,0.866303950548172
7390,0.9105501398444176,7390,0.8437035083770752,0.866303950548172
7391,0.9105501398444176,7391,0.8437035083770752,0.866303950548172
7392,0.9105501398444176,7392,0.8437035083770752,0.866303950548172
7393,0.9105501398444176,7393,0.8437035083770752,0.866303950548172
7394,0.9105501398444176,7394,0.8437035083770752,0.866303950548172
7395,0.9105501398444176,7395,0.8437035083770752,0.866303950548172
7396,0.9105501398444176,7396,0.8437035083770752,0.866303950548172
7397,0.9105501398444176,7397,0.8437035083770752,0.866303950548172
7398,0.9105501398444176,7398,0.8437035083770752,0.866303950548172
7399,0.9105501398444176,7399,0.8437035083770752,0.866303950548172
7400,0.9105501398444176,7400,0.8437035083770752,0.866303950548172
7401,0.9105501398444176,7401,0.8437035083770752,0.866303950548172
7402,0.9105501398444176,7402,0.8437035083770752,0.866303950548172
7403,0.9105501398444176,7403,0.8437035083770752,0.866303950548172
7404,0.9105501398444176,7404,0.8437035083770752,0.866303950548172
7405,0.9105501398444176,7405,0.8437035083770752,0.866303950548172
7406,0.9105501398444176,7406,0.8437035083770752,0.866303950548172
7407,0.9105501398444176,7407,0.8437035083770752,0.866303950548172
7408,0.9105501398444176,7408,0.8437035083770752,0.866303950548172
7409,0.9105501398444176,7409,0.8437035083770752,0.866303950548172
7410,0.9105501398444176,7410,0.8437035083770752,0.866303950548172
7411,0.9105501398444176,7411,0.8437035083770752,0.866303950548172
7412,0.9105501398444176,7412,0.8437035083770752,0.866303950548172
7413,0.9105501398444176,7413,0.8437035083770752,0.866303950548172
7414,0.9105501398444176,7414,0.8437035083770752,0.866303950548172
7415,0.9105501398444176,7415,0.8437035083770752,0.866303950548172
7416,0.9105501398444176,7416,0.8437035083770752,0.866303950548172
7417,0.9105501398444176,7417,0.8437035083770752,0.866303950548172
7418,0.9105501398444176,7418,0.8437035083770752,0.866303950548172
7419,0.9105501398444176,7419,0.8437035083770752,0.866303950548172
7420,0.9105501398444176,7420,0.8437035083770752,0.866303950548172
7421,0.9105501398444176,7421,0.8437035083770752,0.866303950548172
7422,0.9105501398444176,7422,0.8437035083770752,0.866303950548172
7423,0.9105501398444176,7423,0.8437035083770752,0.866303950548172
7424,0.9105501398444176,7424,0.8437035083770752,0.866303950548172
7425,0.9105501398444176,7425,0.8437035083770752,0.866303950548172
7426,0.9105501398444176,7426,0.8437035083770752,0.866303950548172
7427,0.9105501398444176,7427,0.8437035083770752,0.866303950548172
7428,0.9105501398444176,7428,0.8437035083770752,0.866303950548172
7429,0.9105501398444176,7429,0.8437035083770752,0.866303950548172
7430,0.9105501398444176,7430,0.8437035083770752,0.866303950548172
7431,0.9105501398444176,7431,0.8437035083770752,0.866303950548172
7432,0.9105501398444176,7432,0.8437035083770752,0.866303950548172
7433,0.9105501398444176,7433,0.8437035083770752,0.866303950548172
7434,0.9105501398444176,7434,0.8437035083770752,0.866303950548172
7435,0.9105501398444176,7435,0.8437035083770752,0.866303950548172
7436,0.9105501398444176,7436,0.8437035083770752,0.866303950548172
7437,0.9105501398444176,7437,0.8437035083770752,0.866303950548172
7438,0.9105501398444176,7438,0.8437035083770752,0.866303950548172
7439,0.9105501398444176,7439,0.8437035083770752,0.866303950548172
7440,0.9105501398444176,7440,0.8437035083770752,0.866303950548172
7441,0.9105501398444176,7441,0.8437035083770752,0.866303950548172
7442,0.9105501398444176,7442,0.8437035083770752,0.866303950548172
7443,0.9105501398444176,7443,0.8437035083770752,0.866303950548172
7444,0.9105501398444176,7444,0.8437035083770752,0.866303950548172
7445,0.9105501398444176,7445,0.8437035083770752,0.866303950548172
7446,0.9105501398444176,7446,0.8437035083770752,0.866303950548172
7447,0.9105501398444176,7447,0.8437035083770752,0.866303950548172
7448,0.9105501398444176,7448,0.8437035083770752,0.866303950548172
7449,0.9105501398444176,7449,0.8437035083770752,0.866303950548172
7450,0.9105501398444176,7450,0.8437035083770752,0.866303950548172
7451,0.9105501398444176,7451,0.8437035083770752,0.866303950548172
7452,0.9105501398444176,7452,0.8437035083770752,0.866303950548172
7453,0.9105501398444176,7453,0.8437035083770752,0.866303950548172
7454,0.9105501398444176,7454,0.8437035083770752,0.866303950548172
7455,0.9105501398444176,7455,0.8437035083770752,0.866303950548172
7456,0.9105501398444176,7456,0.8437035083770752,0.866303950548172
7457,0.9105501398444176,7457,0.8437035083770752,0.866303950548172
7458,0.9105501398444176,7458,0.8437035083770752,0.866303950548172
7459,0.9105501398444176,7459,0.8437035083770752,0.866303950548172
7460,0.9105501398444176,7460,0.8437035083770752,0.866303950548172
7461,0.9105501398444176,7461,0.8437035083770752,0.866303950548172
7462,0.9105501398444176,7462,0.8437035083770752,0.866303950548172
7463,0.9105501398444176,7463,0.8437035083770752,0.866303950548172
7464,0.9105501398444176,7464,0.8437035083770752,0.866303950548172
7465,0.9105501398444176,7465,0.8437035083770752,0.866303950548172
7466,0.9105501398444176,7466,0.8437035083770752,0.866303950548172
7467,0.9105501398444176,7467,0.8437035083770752,0.866303950548172
7468,0.9105501398444176,7468,0.8437035083770752,0.866303950548172
7469,0.9105501398444176,7469,0.8437035083770752,0.866303950548172
7470,0.9105501398444176,7470,0.8437035083770752,0.866303950548172
7471,0.9105501398444176,7471,0.8437035083770752,0.866303950548172
7472,0.9105501398444176,7472,0.8437035083770752,0.866303950548172
7473,0.9105501398444176,7473,0.8437035083770752,0.866303950548172
7474,0.9105501398444176,7474,0.8437035083770752,0.866303950548172
7475,0.9105501398444176,7475,0.8437035083770752,0.866303950548172
7476,0.9105501398444176,7476,0.8437035083770752,0.866303950548172
7477,0.9105501398444176,7477,0.8437035083770752,0.866303950548172
7478,0.9105501398444176,7478,0.8437035083770752,0.866303950548172
7479,0.9105501398444176,7479,0.8437035083770752,0.866303950548172
7480,0.9105501398444176,7480,0.8437035083770752,0.866303950548172
7481,0.9105501398444176,7481,0.8437035083770752,0.866303950548172
7482,0.9105501398444176,7482,0.8437035083770752,0.866303950548172
7483,0.9105501398444176,7483,0.8437035083770752,0.866303950548172
7484,0.9105501398444176,7484,0.8437035083770752,0.866303950548172
7485,0.9105501398444176,7485,0.8437035083770752,0.866303950548172
7486,0.9105501398444176,7486,0.8437035083770752,0.866303950548172
7487,0.9105501398444176,7487,0.8437035083770752,0.866303950548172
7488,0.9105501398444176,7488,0.8437035083770752,0.866303950548172
7489,0.9105501398444176,7489,0.8437035083770752,0.866303950548172
7490,0.9105501398444176,7490,0.8437035083770752,0.866303950548172
7491,0.9105501398444176,7491,0.8437035083770752,0.866303950548172
7492,0.9105501398444176,7492,0.8437035083770752,0.866303950548172
7493,0.9105501398444176,7493,0.8437035083770752,0.866303950548172
7494,0.9105501398444176,7494,0.8437035083770752,0.866303950548172
7495,0.9105501398444176,7495,0.8437035083770752,0.866303950548172
7496,0.9105501398444176,7496,0.8437035083770752,0.866303950548172
7497,0.9105501398444176,7497,0.8437035083770752,0.866303950548172
7498,0.9105501398444176,7498,0.8437035083770752,0.866303950548172
7499,0.9105501398444176,7499,0.8437035083770752,0.866303950548172
7500,0.9106414318084717,7500,0.8437215685844421,0.8657931387424469
7501,0.9106414318084717,7501,0.843718409538269,0.8657931387424469
7502,0.9106414318084717,7502,0.843718409538269,0.8657931387424469
7503,0.9106414318084717,7503,0.843718409538269,0.8657931387424469
7504,0.9106414318084717,7504,0.843718409538269,0.8657931387424469
7505,0.9106414318084717,7505,0.843718409538269,0.8657931387424469
7506,0.9106414318084717,7506,0.843718409538269,0.8657931387424469
7507,0.9106414318084717,7507,0.843718409538269,0.8657931387424469
7508,0.9106414318084717,7508,0.843718409538269,0.8657931387424469
7509,0.9106414318084717,7509,0.843718409538269,0.8657931387424469
7510,0.9106414318084717,7510,0.843718409538269,0.8657931387424469
7511,0.9106414318084717,7511,0.843718409538269,0.8657931387424469
7512,0.9106414318084717,7512,0.843718409538269,0.8657931387424469
7513,0.9106414318084717,7513,0.843718409538269,0.8657931387424469
7514,0.9106414318084717,7514,0.843718409538269,0.8657931387424469
7515,0.9106414318084717,7515,0.843718409538269,0.8657931387424469
7516,0.9106414318084717,7516,0.843718409538269,0.8657931387424469
7517,0.9106414318084717,7517,0.843718409538269,0.8657931387424469
7518,0.9106414318084717,7518,0.843718409538269,0.8657931387424469
7519,0.9106414318084717,7519,0.843718409538269,0.8657931387424469
7520,0.9106414318084717,7520,0.843718409538269,0.8657931387424469
7521,0.9106414318084717,7521,0.843718409538269,0.8657931387424469
7522,0.9106414318084717,7522,0.843718409538269,0.8657931387424469
7523,0.9106414318084717,7523,0.843718409538269,0.8657931387424469
7524,0.9106414318084717,7524,0.843718409538269,0.8657931387424469
7525,0.9106414318084717,7525,0.843718409538269,0.8657931387424469
7526,0.9106414318084717,7526,0.843718409538269,0.8657931387424469
7527,0.9106414318084717,7527,0.843718409538269,0.8657931387424469
7528,0.9106414318084717,7528,0.843718409538269,0.8657931387424469
7529,0.9106414318084717,7529,0.843718409538269,0.8657931387424469
7530,0.9106414318084717,7530,0.843718409538269,0.8657931387424469
7531,0.9106414318084717,7531,0.843718409538269,0.8657931387424469
7532,0.9106414318084717,7532,0.843718409538269,0.8657931387424469
7533,0.9106414318084717,7533,0.843718409538269,0.8657931387424469
7534,0.9106414318084717,7534,0.843718409538269,0.8657931387424469
7535,0.9106414318084717,7535,0.843718409538269,0.8657931387424469
7536,0.9106414318084717,7536,0.843718409538269,0.8657931387424469
7537,0.9106414318084717,7537,0.843718409538269,0.8657931387424469
7538,0.9106414318084717,7538,0.843718409538269,0.8657931387424469
7539,0.9106414318084717,7539,0.843718409538269,0.8657931387424469
7540,0.9106414318084717,7540,0.843718409538269,0.8657931387424469
7541,0.9106414318084717,7541,0.843718409538269,0.8657931387424469
7542,0.9106414318084717,7542,0.843718409538269,0.8657931387424469
7543,0.9106414318084717,7543,0.843718409538269,0.8657931387424469
7544,0.9106414318084717,7544,0.843718409538269,0.8657931387424469
7545,0.9106414318084717,7545,0.843718409538269,0.8657931387424469
7546,0.9106414318084717,7546,0.843718409538269,0.8657931387424469
7547,0.9106414318084717,7547,0.843718409538269,0.8657931387424469
7548,0.9106414318084717,7548,0.843718409538269,0.8657931387424469
7549,0.9106414318084717,7549,0.843718409538269,0.8657931387424469
7550,0.9106414318084717,7550,0.843718409538269,0.8657931387424469
7551,0.9106414318084717,7551,0.843718409538269,0.8657931387424469
7552,0.9106414318084717,7552,0.843718409538269,0.8657931387424469
7553,0.9106414318084717,7553,0.843718409538269,0.8657931387424469
7554,0.9106414318084717,7554,0.843718409538269,0.8657931387424469
7555,0.9106414318084717,7555,0.843718409538269,0.8657931387424469
7556,0.9106414318084717,7556,0.843718409538269,0.8657931387424469
7557,0.9106414318084717,7557,0.843718409538269,0.8657931387424469
7558,0.9106414318084717,7558,0.843718409538269,0.8657931387424469
7559,0.9106414318084717,7559,0.843718409538269,0.8657931387424469
7560,0.9106414318084717,7560,0.843718409538269,0.8657931387424469
7561,0.9106414318084717,7561,0.843718409538269,0.8657931387424469
7562,0.9106414318084717,7562,0.843718409538269,0.8657931387424469
7563,0.9106414318084717,7563,0.843718409538269,0.8657931387424469
7564,0.9106414318084717,7564,0.843718409538269,0.8657931387424469
7565,0.9106414318084717,7565,0.843718409538269,0.8657931387424469
7566,0.9106414318084717,7566,0.843718409538269,0.8657931387424469
7567,0.9106414318084717,7567,0.843718409538269,0.8657931387424469
7568,0.9106414318084717,7568,0.843718409538269,0.8657931387424469
7569,0.9106414318084717,7569,0.843718409538269,0.8657931387424469
7570,0.9106414318084717,7570,0.843718409538269,0.8657931387424469
7571,0.9106414318084717,7571,0.843718409538269,0.8657931387424469
7572,0.9106414318084717,7572,0.843718409538269,0.8657931387424469
7573,0.9106414318084717,7573,0.843718409538269,0.8657931387424469
7574,0.9106414318084717,7574,0.843718409538269,0.8657931387424469
7575,0.9106414318084717,7575,0.843718409538269,0.8657931387424469
7576,0.9106414318084717,7576,0.843718409538269,0.8657931387424469
7577,0.9106414318084717,7577,0.843718409538269,0.8657931387424469
7578,0.9106414318084717,7578,0.843718409538269,0.8657931387424469
7579,0.9106414318084717,7579,0.843718409538269,0.8657931387424469
7580,0.9106414318084717,7580,0.843718409538269,0.8657931387424469
7581,0.9106414318084717,7581,0.843718409538269,0.8657931387424469
7582,0.9106414318084717,7582,0.843718409538269,0.8657931387424469
7583,0.9106414318084717,7583,0.843718409538269,0.8657931387424469
7584,0.9106414318084717,7584,0.843718409538269,0.8657931387424469
7585,0.9106414318084717,7585,0.843718409538269,0.8657931387424469
7586,0.9106414318084717,7586,0.843718409538269,0.8657931387424469
7587,0.9106414318084717,7587,0.843718409538269,0.8657931387424469
7588,0.9106414318084717,7588,0.843718409538269,0.8657931387424469
7589,0.9106414318084717,7589,0.843718409538269,0.8657931387424469
7590,0.9106414318084717,7590,0.843718409538269,0.8657931387424469
7591,0.9106414318084717,7591,0.843718409538269,0.8657931387424469
7592,0.9106414318084717,7592,0.843718409538269,0.8657931387424469
7593,0.9106414318084717,7593,0.843718409538269,0.8657931387424469
7594,0.9106414318084717,7594,0.843718409538269,0.8657931387424469
7595,0.9106414318084717,7595,0.843718409538269,0.8657931387424469
7596,0.9106414318084717,7596,0.843718409538269,0.8657931387424469
7597,0.9106414318084717,7597,0.843718409538269,0.8657931387424469
7598,0.9106414318084717,7598,0.843718409538269,0.8657931387424469
7599,0.9106414318084717,7599,0.843718409538269,0.8657931387424469
7600,0.9106414318084717,7600,0.843718409538269,0.8657931387424469
7601,0.9106414318084717,7601,0.843718409538269,0.8657931387424469
7602,0.9106414318084717,7602,0.843718409538269,0.8657931387424469
7603,0.9106414318084717,7603,0.843718409538269,0.8657931387424469
7604,0.9106414318084717,7604,0.843718409538269,0.8657931387424469
7605,0.9106414318084717,7605,0.843718409538269,0.8657931387424469
7606,0.9106414318084717,7606,0.843718409538269,0.8657931387424469
7607,0.9106414318084717,7607,0.843718409538269,0.8657931387424469
7608,0.9106414318084717,7608,0.843718409538269,0.8657931387424469
7609,0.9106414318084717,7609,0.843718409538269,0.8657931387424469
7610,0.9106414318084717,7610,0.843718409538269,0.8657931387424469
7611,0.9106414318084717,7611,0.843718409538269,0.8657931387424469
7612,0.9106414318084717,7612,0.843718409538269,0.8657931387424469
7613,0.9106414318084717,7613,0.843718409538269,0.8657931387424469
7614,0.9106414318084717,7614,0.843718409538269,0.8657931387424469
7615,0.9106414318084717,7615,0.843718409538269,0.8657931387424469
7616,0.9106414318084717,7616,0.843718409538269,0.8657931387424469
7617,0.9106414318084717,7617,0.843718409538269,0.8657931387424469
7618,0.9106414318084717,7618,0.843718409538269,0.8657931387424469
7619,0.9106414318084717,7619,0.843718409538269,0.8657931387424469
7620,0.9106414318084717,7620,0.843718409538269,0.8657931387424469
7621,0.9106414318084717,7621,0.843718409538269,0.8657931387424469
7622,0.9106414318084717,7622,0.843718409538269,0.8657931387424469
7623,0.9106414318084717,7623,0.843718409538269,0.8657931387424469
7624,0.9106414318084717,7624,0.843718409538269,0.8657931387424469
7625,0.9106414318084717,7625,0.843718409538269,0.8657931387424469
7626,0.9106414318084717,7626,0.843718409538269,0.8657931387424469
7627,0.9106414318084717,7627,0.843718409538269,0.8657931387424469
7628,0.9106414318084717,7628,0.843718409538269,0.8657931387424469
7629,0.9106414318084717,7629,0.843718409538269,0.8657931387424469
7630,0.9106414318084717,7630,0.843718409538269,0.8657931387424469
7631,0.9106414318084717,7631,0.843718409538269,0.8657931387424469
7632,0.9106414318084717,7632,0.843718409538269,0.8657931387424469
7633,0.9106414318084717,7633,0.843718409538269,0.8657931387424469
7634,0.9106414318084717,7634,0.843718409538269,0.8657931387424469
7635,0.9106414318084717,7635,0.843718409538269,0.8657931387424469
7636,0.9106414318084717,7636,0.843718409538269,0.8657931387424469
7637,0.9106414318084717,7637,0.843718409538269,0.8657931387424469
7638,0.9106414318084717,7638,0.843718409538269,0.8657931387424469
7639,0.9106414318084717,7639,0.843718409538269,0.8657931387424469
7640,0.9106414318084717,7640,0.843718409538269,0.8657931387424469
7641,0.9106414318084717,7641,0.843718409538269,0.8657931387424469
7642,0.9106414318084717,7642,0.843718409538269,0.8657931387424469
7643,0.9106414318084717,7643,0.843718409538269,0.8657931387424469
7644,0.9106414318084717,7644,0.843718409538269,0.8657931387424469
7645,0.9106414318084717,7645,0.843718409538269,0.8657931387424469
7646,0.9106414318084717,7646,0.843718409538269,0.8657931387424469
7647,0.9106414318084717,7647,0.843718409538269,0.8657931387424469
7648,0.9106414318084717,7648,0.843718409538269,0.8657931387424469
7649,0.9106414318084717,7649,0.843718409538269,0.8657931387424469
7650,0.9106414318084717,7650,0.843718409538269,0.8657931387424469
7651,0.9106414318084717,7651,0.843718409538269,0.8657931387424469
7652,0.9106414318084717,7652,0.843718409538269,0.8657931387424469
7653,0.9106414318084717,7653,0.843718409538269,0.8657931387424469
7654,0.9106414318084717,7654,0.843718409538269,0.8657931387424469
7655,0.9106414318084717,7655,0.843718409538269,0.8657931387424469
7656,0.9106414318084717,7656,0.843718409538269,0.8657931387424469
7657,0.9106414318084717,7657,0.843718409538269,0.8657931387424469
7658,0.9106414318084717,7658,0.843718409538269,0.8657931387424469
7659,0.9106414318084717,7659,0.843718409538269,0.8657931387424469
7660,0.9106414318084717,7660,0.843718409538269,0.8657931387424469
7661,0.9106414318084717,7661,0.843718409538269,0.8657931387424469
7662,0.9106414318084717,7662,0.843718409538269,0.8657931387424469
7663,0.9106414318084717,7663,0.8437040895223618,0.8657931387424469
7664,0.9106414318084717,7664,0.8437040895223618,0.8657931387424469
7665,0.9106414318084717,7665,0.8437040895223618,0.8657931387424469
7666,0.9106414318084717,7666,0.8437040895223618,0.8657931387424469
7667,0.9106414318084717,7667,0.8437040895223618,0.8657931387424469
7668,0.9106414318084717,7668,0.8437040895223618,0.8657931387424469
7669,0.9106414318084717,7669,0.8437040895223618,0.8657931387424469
7670,0.9106414318084717,7670,0.8437040895223618,0.8657931387424469
7671,0.9106414318084717,7671,0.8437040895223618,0.8657931387424469
7672,0.9106414318084717,7672,0.8437040895223618,0.8657931387424469
7673,0.9106414318084717,7673,0.8437040895223618,0.8657931387424469
7674,0.9106414318084717,7674,0.8437040895223618,0.8657931387424469
7675,0.9106414318084717,7675,0.8437040895223618,0.8657931387424469
7676,0.9106414318084717,7676,0.8437040895223618,0.8657931387424469
7677,0.9106414318084717,7677,0.8437040895223618,0.8657931387424469
7678,0.9106414318084717,7678,0.8437040895223618,0.8657931387424469
7679,0.9106414318084717,7679,0.8437040895223618,0.8657931387424469
7680,0.9106414318084717,7680,0.8437040895223618,0.8657931387424469
7681,0.9106414318084717,7681,0.8437040895223618,0.8657931387424469
7682,0.9106414318084717,7682,0.8437040895223618,0.8657931387424469
7683,0.9106414318084717,7683,0.8437040895223618,0.8657931387424469
7684,0.9106414318084717,7684,0.8437040895223618,0.8657931387424469
7685,0.9106414318084717,7685,0.8437040895223618,0.8657931387424469
7686,0.9106414318084717,7686,0.8437040895223618,0.8657931387424469
7687,0.9106414318084717,7687,0.8437040895223618,0.8657931387424469
7688,0.9106414318084717,7688,0.8437040895223618,0.8657931387424469
7689,0.9106414318084717,7689,0.8437040895223618,0.8657931387424469
7690,0.9106414318084717,7690,0.8437040895223618,0.8657931387424469
7691,0.9106414318084717,7691,0.8437040895223618,0.8657931387424469
7692,0.9106414318084717,7692,0.8437040895223618,0.8657931387424469
7693,0.9106414318084717,7693,0.8437040895223618,0.8657931387424469
7694,0.9106414318084717,7694,0.8437040895223618,0.8657931387424469
7695,0.9106414318084717,7695,0.8437040895223618,0.8657931387424469
7696,0.9106414318084717,7696,0.8437040895223618,0.8657931387424469
7697,0.9106414318084717,7697,0.8437040895223618,0.8657931387424469
7698,0.9106414318084717,7698,0.8437040895223618,0.8657931387424469
7699,0.9106414318084717,7699,0.8437040895223618,0.8657931387424469
7700,0.9106414318084717,7700,0.8437040895223618,0.8657931387424469
7701,0.9106414318084717,7701,0.8437040895223618,0.8657931387424469
7702,0.9106414318084717,7702,0.8437040895223618,0.8657931387424469
7703,0.9106414318084717,7703,0.8437040895223618,0.8657931387424469
7704,0.9106414318084717,7704,0.8437040895223618,0.8657931387424469
7705,0.9106414318084717,7705,0.8437040895223618,0.8657931387424469
7706,0.9106414318084717,7706,0.8437040895223618,0.8657931387424469
7707,0.9106414318084717,7707,0.8437040895223618,0.8657931387424469
7708,0.9106414318084717,7708,0.8437040895223618,0.8657931387424469
7709,0.9106414318084717,7709,0.8437040895223618,0.8657931387424469
7710,0.9106414318084717,7710,0.8437040895223618,0.8657931387424469
7711,0.9106414318084717,7711,0.8437040895223618,0.8657931387424469
7712,0.9106414318084717,7712,0.8437040895223618,0.8657931387424469
7713,0.9106414318084717,7713,0.8437040895223618,0.8657931387424469
7714,0.9106414318084717,7714,0.8437040895223618,0.8657931387424469
7715,0.9106414318084717,7715,0.8437040895223618,0.8657931387424469
7716,0.9106414318084717,7716,0.8437040895223618,0.8657931387424469
7717,0.9106414318084717,7717,0.8437040895223618,0.8657931387424469
7718,0.9106414318084717,7718,0.8437040895223618,0.8657931387424469
7719,0.9106414318084717,7719,0.8437040895223618,0.8657931387424469
7720,0.9106414318084717,7720,0.8437040895223618,0.8657931387424469
7721,0.9106414318084717,7721,0.8437040895223618,0.8657931387424469
7722,0.9106414318084717,7722,0.8437040895223618,0.8657931387424469
7723,0.9106414318084717,7723,0.8437040895223618,0.8657931387424469
7724,0.9106414318084717,7724,0.8437040895223618,0.8657931387424469
7725,0.9106414318084717,7725,0.8437040895223618,0.8657931387424469
7726,0.9106414318084717,7726,0.8437040895223618,0.8657931387424469
7727,0.9106414318084717,7727,0.8437040895223618,0.8657931387424469
7728,0.9106414318084717,7728,0.8437040895223618,0.8657931387424469
7729,0.9106414318084717,7729,0.8437040895223618,0.8657931387424469
7730,0.9106414318084717,7730,0.8437040895223618,0.8657931387424469
7731,0.9106414318084717,7731,0.8437040895223618,0.8657931387424469
7732,0.9106414318084717,7732,0.8437040895223618,0.8657931387424469
7733,0.9106414318084717,7733,0.8437040895223618,0.8657931387424469
7734,0.9106414318084717,7734,0.8437040895223618,0.8657931387424469
7735,0.9106414318084717,7735,0.8437040895223618,0.8657931387424469
7736,0.9106414318084717,7736,0.8437040895223618,0.8657931387424469
7737,0.9106414318084717,7737,0.8437040895223618,0.8657931387424469
7738,0.9106414318084717,7738,0.8437040895223618,0.8657931387424469
7739,0.9106414318084717,7739,0.8437040895223618,0.8657931387424469
7740,0.9106414318084717,7740,0.8437040895223618,0.8657931387424469
7741,0.9106414318084717,7741,0.8437040895223618,0.8657931387424469
7742,0.9106414318084717,7742,0.8437040895223618,0.8657931387424469
7743,0.9106414318084717,7743,0.8437040895223618,0.8657931387424469
7744,0.9106414318084717,7744,0.8437040895223618,0.8657931387424469
7745,0.9106414318084717,7745,0.8437040895223618,0.8657931387424469
7746,0.9106414318084717,7746,0.8437040895223618,0.8657931387424469
7747,0.9106414318084717,7747,0.8437040895223618,0.8657931387424469
7748,0.9106414318084717,7748,0.8437040895223618,0.8657931387424469
7749,0.9106414318084717,7749,0.8437040895223618,0.8657931387424469
7750,0.9106667563319206,7750,0.8434971421957016,0.8653888255357742
7751,0.9106667563319206,7751,0.8435114473104477,0.8653888255357742
7752,0.9106667563319206,7752,0.8435114473104477,0.8653888255357742
7753,0.9106667563319206,7753,0.8435114473104477,0.8653888255357742
7754,0.9106667563319206,7754,0.8435114473104477,0.8653888255357742
7755,0.9106667563319206,7755,0.8435114473104477,0.8653888255357742
7756,0.9106667563319206,7756,0.8435114473104477,0.8653888255357742
7757,0.9106667563319206,7757,0.8435114473104477,0.8653888255357742
7758,0.9106667563319206,7758,0.8435114473104477,0.8653888255357742
7759,0.9106667563319206,7759,0.8435114473104477,0.8653888255357742
7760,0.9106667563319206,7760,0.8435114473104477,0.8653888255357742
7761,0.9106667563319206,7761,0.8435114473104477,0.8653888255357742
7762,0.9106667563319206,7762,0.8435114473104477,0.8653888255357742
7763,0.9106667563319206,7763,0.8435114473104477,0.8653888255357742
7764,0.9106667563319206,7764,0.8435114473104477,0.8653888255357742
7765,0.9106667563319206,7765,0.8435114473104477,0.8653888255357742
7766,0.9106667563319206,7766,0.8435114473104477,0.8653888255357742
7767,0.9106667563319206,7767,0.8435114473104477,0.8653888255357742
7768,0.9106667563319206,7768,0.8435114473104477,0.8653888255357742
7769,0.9106667563319206,7769,0.8435114473104477,0.8653888255357742
7770,0.9106667563319206,7770,0.8435114473104477,0.8653888255357742
7771,0.9106667563319206,7771,0.8435114473104477,0.8653888255357742
7772,0.9106667563319206,7772,0.8435114473104477,0.8653888255357742
7773,0.9106667563319206,7773,0.8435114473104477,0.8653888255357742
7774,0.9106667563319206,7774,0.8435114473104477,0.8653888255357742
7775,0.9106667563319206,7775,0.8435114473104477,0.8653888255357742
7776,0.9106667563319206,7776,0.8435114473104477,0.8653888255357742
7777,0.9106667563319206,7777,0.8435114473104477,0.8653888255357742
7778,0.9106667563319206,7778,0.8435114473104477,0.8653888255357742
7779,0.9106667563319206,7779,0.8435114473104477,0.8653888255357742
7780,0.9106667563319206,7780,0.8435114473104477,0.8653888255357742
7781,0.9106667563319206,7781,0.8435114473104477,0.8653888255357742
7782,0.9106667563319206,7782,0.8435114473104477,0.8653888255357742
7783,0.9106667563319206,7783,0.8435114473104477,0.8653888255357742
7784,0.9106667563319206,7784,0.8435114473104477,0.8653888255357742
7785,0.9106667563319206,7785,0.8435114473104477,0.8653888255357742
7786,0.9106667563319206,7786,0.8435114473104477,0.8653888255357742
7787,0.9106667563319206,7787,0.8435114473104477,0.8653888255357742
7788,0.9106667563319206,7788,0.8435114473104477,0.8653888255357742
7789,0.9106667563319206,7789,0.8435114473104477,0.8653888255357742
7790,0.9106667563319206,7790,0.8435114473104477,0.8653888255357742
7791,0.9106667563319206,7791,0.8435114473104477,0.8653888255357742
7792,0.9106667563319206,7792,0.8435114473104477,0.8653888255357742
7793,0.9106667563319206,7793,0.8435114473104477,0.8653888255357742
7794,0.9106667563319206,7794,0.8435114473104477,0.8653888255357742
7795,0.9106667563319206,7795,0.8435114473104477,0.8653888255357742
7796,0.9106667563319206,7796,0.8435114473104477,0.8653888255357742
7797,0.9106667563319206,7797,0.8435114473104477,0.8653888255357742
7798,0.9106667563319206,7798,0.8435114473104477,0.8653888255357742
7799,0.9106667563319206,7799,0.8434971421957016,0.8653888255357742
7800,0.9106667563319206,7800,0.8434971421957016,0.8653888255357742
7801,0.9106667563319206,7801,0.8434971421957016,0.8653888255357742
7802,0.9106667563319206,7802,0.8434971421957016,0.8653888255357742
7803,0.9106667563319206,7803,0.8434971421957016,0.8653888255357742
7804,0.9106667563319206,7804,0.8434971421957016,0.8653888255357742
7805,0.9106667563319206,7805,0.8434971421957016,0.8653888255357742
7806,0.9106667563319206,7806,0.8434971421957016,0.8653888255357742
7807,0.9106667563319206,7807,0.8434971421957016,0.8653888255357742
7808,0.9106667563319206,7808,0.8434971421957016,0.8653888255357742
7809,0.9106667563319206,7809,0.8434971421957016,0.8653888255357742
7810,0.9106667563319206,7810,0.8434971421957016,0.8653888255357742
7811,0.9106667563319206,7811,0.8434971421957016,0.8653888255357742
7812,0.9106667563319206,7812,0.8434971421957016,0.8653888255357742
7813,0.9106667563319206,7813,0.8434971421957016,0.8653888255357742
7814,0.9106667563319206,7814,0.8434971421957016,0.8653888255357742
7815,0.9106667563319206,7815,0.8434971421957016,0.8653888255357742
7816,0.9106667563319206,7816,0.8434971421957016,0.8653888255357742
7817,0.9106667563319206,7817,0.8434971421957016,0.8653888255357742
7818,0.9106667563319206,7818,0.8434971421957016,0.8653888255357742
7819,0.9106667563319206,7819,0.8434971421957016,0.8653888255357742
7820,0.9106667563319206,7820,0.8434971421957016,0.8653888255357742
7821,0.9106667563319206,7821,0.8434971421957016,0.8653888255357742
7822,0.9106667563319206,7822,0.8434971421957016,0.8653888255357742
7823,0.9106667563319206,7823,0.8434971421957016,0.8653888255357742
7824,0.9106667563319206,7824,0.8434971421957016,0.8653888255357742
7825,0.9106667563319206,7825,0.8434971421957016,0.8653888255357742
7826,0.9106667563319206,7826,0.8434971421957016,0.8653888255357742
7827,0.9106667563319206,7827,0.8434971421957016,0.8653888255357742
7828,0.9106667563319206,7828,0.8434971421957016,0.8653888255357742
7829,0.9106667563319206,7829,0.8434971421957016,0.8653888255357742
7830,0.9106667563319206,7830,0.8434971421957016,0.8653888255357742
7831,0.9106667563319206,7831,0.8434971421957016,0.8653888255357742
7832,0.9106667563319206,7832,0.8434971421957016,0.8653888255357742
7833,0.9106667563319206,7833,0.8434971421957016,0.8653888255357742
7834,0.9106667563319206,7834,0.8434971421957016,0.8653888255357742
7835,0.9106667563319206,7835,0.8434971421957016,0.8653888255357742
7836,0.9106667563319206,7836,0.8434971421957016,0.8653888255357742
7837,0.9106667563319206,7837,0.8434971421957016,0.8653888255357742
7838,0.9106667563319206,7838,0.8434971421957016,0.8653888255357742
7839,0.9106667563319206,7839,0.8434971421957016,0.8653888255357742
7840,0.9106667563319206,7840,0.8434971421957016,0.8653888255357742
7841,0.9106667563319206,7841,0.8434971421957016,0.8653888255357742
7842,0.9106667563319206,7842,0.8434971421957016,0.8653888255357742
7843,0.9106667563319206,7843,0.8434971421957016,0.8653888255357742
7844,0.9106667563319206,7844,0.8434971421957016,0.8653888255357742
7845,0.9106667563319206,7845,0.8434971421957016,0.8653888255357742
7846,0.9106667563319206,7846,0.8434971421957016,0.8653888255357742
7847,0.9106667563319206,7847,0.8434971421957016,0.8653888255357742
7848,0.9106667563319206,7848,0.8434971421957016,0.8653888255357742
7849,0.9106667563319206,7849,0.8434971421957016,0.8653888255357742
7850,0.9106667563319206,7850,0.8434971421957016,0.8653888255357742
7851,0.9106667563319206,7851,0.8434971421957016,0.8653888255357742
7852,0.9106667563319206,7852,0.8434971421957016,0.8653888255357742
7853,0.9106667563319206,7853,0.8434971421957016,0.8653888255357742
7854,0.9106667563319206,7854,0.8434971421957016,0.8653888255357742
7855,0.9106667563319206,7855,0.8434971421957016,0.8653888255357742
7856,0.9106667563319206,7856,0.8434971421957016,0.8653888255357742
7857,0.9106667563319206,7857,0.8434971421957016,0.8653888255357742
7858,0.9106667563319206,7858,0.8434971421957016,0.8653888255357742
7859,0.9106667563319206,7859,0.8434971421957016,0.8653888255357742
7860,0.9106667563319206,7860,0.8434971421957016,0.8653888255357742
7861,0.9106667563319206,7861,0.8434971421957016,0.8653888255357742
7862,0.9106667563319206,7862,0.8434971421957016,0.8653888255357742
7863,0.9106667563319206,7863,0.8434971421957016,0.8653888255357742
7864,0.9106667563319206,7864,0.8434971421957016,0.8653888255357742
7865,0.9106667563319206,7865,0.8435050249099731,0.8653888255357742
7866,0.9106667563319206,7866,0.8435050249099731,0.8653888255357742
7867,0.9106667563319206,7867,0.8435050249099731,0.8653888255357742
7868,0.9106667563319206,7868,0.8435050249099731,0.8653888255357742
7869,0.9106667563319206,7869,0.8435050249099731,0.8653888255357742
7870,0.9106667563319206,7870,0.8435050249099731,0.8653888255357742
7871,0.9106667563319206,7871,0.8435050249099731,0.8653888255357742
7872,0.9106667563319206,7872,0.8435050249099731,0.8653888255357742
7873,0.9106667563319206,7873,0.8435050249099731,0.8653888255357742
7874,0.9106667563319206,7874,0.8435050249099731,0.8653888255357742
7875,0.9106667563319206,7875,0.8435050249099731,0.8653888255357742
7876,0.9106667563319206,7876,0.8435050249099731,0.8653888255357742
7877,0.9106667563319206,7877,0.8435050249099731,0.8653888255357742
7878,0.9106667563319206,7878,0.8435050249099731,0.8653888255357742
7879,0.9106667563319206,7879,0.8435050249099731,0.8653888255357742
7880,0.9106667563319206,7880,0.8435050249099731,0.8653888255357742
7881,0.9106667563319206,7881,0.8435050249099731,0.8653888255357742
7882,0.9106667563319206,7882,0.8435050249099731,0.8653888255357742
7883,0.9106667563319206,7883,0.8435050249099731,0.8653888255357742
7884,0.9106667563319206,7884,0.8435050249099731,0.8653888255357742
7885,0.9106667563319206,7885,0.8435050249099731,0.8653888255357742
7886,0.9106667563319206,7886,0.8435050249099731,0.8653888255357742
7887,0.9106667563319206,7887,0.8435050249099731,0.8653888255357742
7888,0.9106667563319206,7888,0.8435050249099731,0.8653888255357742
7889,0.9106667563319206,7889,0.8435050249099731,0.8653888255357742
7890,0.9106667563319206,7890,0.8435050249099731,0.8653888255357742
7891,0.9106667563319206,7891,0.8435050249099731,0.8653888255357742
7892,0.9106667563319206,7892,0.8435050249099731,0.8653888255357742
7893,0.9106667563319206,7893,0.8435050249099731,0.8653888255357742
7894,0.9106667563319206,7894,0.8435050249099731,0.8653888255357742
7895,0.9106667563319206,7895,0.8435050249099731,0.8653888255357742
7896,0.9106667563319206,7896,0.8435050249099731,0.8653888255357742
7897,0.9106667563319206,7897,0.8435050249099731,0.8653888255357742
7898,0.9106667563319206,7898,0.8435050249099731,0.8653888255357742
7899,0.9106667563319206,7899,0.8435050249099731,0.8653888255357742
7900,0.9106667563319206,7900,0.8435050249099731,0.8653888255357742
7901,0.9106667563319206,7901,0.8435050249099731,0.8653888255357742
7902,0.9106667563319206,7902,0.8435050249099731,0.8653888255357742
7903,0.9106667563319206,7903,0.8435050249099731,0.8653888255357742
7904,0.9106667563319206,7904,0.8435050249099731,0.8653888255357742
7905,0.9106667563319206,7905,0.8435050249099731,0.8653888255357742
7906,0.9106667563319206,7906,0.8435050249099731,0.8653888255357742
7907,0.9106667563319206,7907,0.8435050249099731,0.8653888255357742
7908,0.9106667563319206,7908,0.8435050249099731,0.8653888255357742
7909,0.9106667563319206,7909,0.8435050249099731,0.8653888255357742
7910,0.9106667563319206,7910,0.8435050249099731,0.8653888255357742
7911,0.9106667563319206,7911,0.8435050249099731,0.8653888255357742
7912,0.9106667563319206,7912,0.8435050249099731,0.8653888255357742
7913,0.9106667563319206,7913,0.8435050249099731,0.8653888255357742
7914,0.9106667563319206,7914,0.8435050249099731,0.8653888255357742
7915,0.9106667563319206,7915,0.8435050249099731,0.8653888255357742
7916,0.9106667563319206,7916,0.8435050249099731,0.8653888255357742
7917,0.9106667563319206,7917,0.8435050249099731,0.8653888255357742
7918,0.9106667563319206,7918,0.8435050249099731,0.8653888255357742
7919,0.9106667563319206,7919,0.8435050249099731,0.8653888255357742
7920,0.9106667563319206,7920,0.8435050249099731,0.8653888255357742
7921,0.9106667563319206,7921,0.8435050249099731,0.8653888255357742
7922,0.9106667563319206,7922,0.8435050249099731,0.8653888255357742
7923,0.9106667563319206,7923,0.8435050249099731,0.8653888255357742
7924,0.9106667563319206,7924,0.8435050249099731,0.8653888255357742
7925,0.9106667563319206,7925,0.8435050249099731,0.8653888255357742
7926,0.9106667563319206,7926,0.8435050249099731,0.8653888255357742
7927,0.9106667563319206,7927,0.8435050249099731,0.8653888255357742
7928,0.9106667563319206,7928,0.8435050249099731,0.8653888255357742
7929,0.9106667563319206,7929,0.8435050249099731,0.8653888255357742
7930,0.9106667563319206,7930,0.8435050249099731,0.8653888255357742
7931,0.9106667563319206,7931,0.8435050249099731,0.8653888255357742
7932,0.9106667563319206,7932,0.8435050249099731,0.8653888255357742
7933,0.9106667563319206,7933,0.8435050249099731,0.8653888255357742
7934,0.9106667563319206,7934,0.8435050249099731,0.8653888255357742
7935,0.9106667563319206,7935,0.8435050249099731,0.8653888255357742
7936,0.9106667563319206,7936,0.8435050249099731,0.8653888255357742
7937,0.9106667563319206,7937,0.8435050249099731,0.8653888255357742
7938,0.9106667563319206,7938,0.8435050249099731,0.8653888255357742
7939,0.9106667563319206,7939,0.8435050249099731,0.8653888255357742
7940,0.9106667563319206,7940,0.8435050249099731,0.8653888255357742
7941,0.9106667563319206,7941,0.8435050249099731,0.8653888255357742
7942,0.9106667563319206,7942,0.8435050249099731,0.8653888255357742
7943,0.9106667563319206,7943,0.8435050249099731,0.8653888255357742
7944,0.9106667563319206,7944,0.8435050249099731,0.8653888255357742
7945,0.9106667563319206,7945,0.8435050249099731,0.8653888255357742
7946,0.9106667563319206,7946,0.8435050249099731,0.8653888255357742
7947,0.9106667563319206,7947,0.8435050249099731,0.8653888255357742
7948,0.9106667563319206,7948,0.8435050249099731,0.8653888255357742
7949,0.9106667563319206,7949,0.8435050249099731,0.8653888255357742
7950,0.9106667563319206,7950,0.8435050249099731,0.8653888255357742
7951,0.9106667563319206,7951,0.8435050249099731,0.8653888255357742
7952,0.9106667563319206,7952,0.8435050249099731,0.8653888255357742
7953,0.9106667563319206,7953,0.8435050249099731,0.8653888255357742
7954,0.9106667563319206,7954,0.8435050249099731,0.8653888255357742
7955,0.9106667563319206,7955,0.8435050249099731,0.8653888255357742
7956,0.9106667563319206,7956,0.8435050249099731,0.8653888255357742
7957,0.9106667563319206,7957,0.8435050249099731,0.8653888255357742
7958,0.9106667563319206,7958,0.8435050249099731,0.8653888255357742
7959,0.9106667563319206,7959,0.8435050249099731,0.8653888255357742
7960,0.9106667563319206,7960,0.8435050249099731,0.8653888255357742
7961,0.9106667563319206,7961,0.8435050249099731,0.8653888255357742
7962,0.9106667563319206,7962,0.8435050249099731,0.8653888255357742
7963,0.9106667563319206,7963,0.8435050249099731,0.8653888255357742
7964,0.9106667563319206,7964,0.8435050249099731,0.8653888255357742
7965,0.9106667563319206,7965,0.8435050249099731,0.8653888255357742
7966,0.9106667563319206,7966,0.8435050249099731,0.8653888255357742
7967,0.9106667563319206,7967,0.8435050249099731,0.8653888255357742
7968,0.9106667563319206,7968,0.8435050249099731,0.8653888255357742
7969,0.9106667563319206,7969,0.8435050249099731,0.8653888255357742
7970,0.9106667563319206,7970,0.8435050249099731,0.8653888255357742
7971,0.9106667563319206,7971,0.8435050249099731,0.8653888255357742
7972,0.9106667563319206,7972,0.8435050249099731,0.8653888255357742
7973,0.9106667563319206,7973,0.8435050249099731,0.8653888255357742
7974,0.9106667563319206,7974,0.8435050249099731,0.8653888255357742
7975,0.9106667563319206,7975,0.8435050249099731,0.8653888255357742
7976,0.9106667563319206,7976,0.8435050249099731,0.8653888255357742
7977,0.9106667563319206,7977,0.8435050249099731,0.8653888255357742
7978,0.9106667563319206,7978,0.8435050249099731,0.8653888255357742
7979,0.9106667563319206,7979,0.8435050249099731,0.8653888255357742
7980,0.9106667563319206,7980,0.8435050249099731,0.8653888255357742
7981,0.9106667563319206,7981,0.8435050249099731,0.8653888255357742
7982,0.9106667563319206,7982,0.8435050249099731,0.8653888255357742
7983,0.9106667563319206,7983,0.8435050249099731,0.8653888255357742
7984,0.9106667563319206,7984,0.8435050249099731,0.8653888255357742
7985,0.9106667563319206,7985,0.8435050249099731,0.8653888255357742
7986,0.9106667563319206,7986,0.8435050249099731,0.8653888255357742
7987,0.9106667563319206,7987,0.8435050249099731,0.8653888255357742
7988,0.9106667563319206,7988,0.8435050249099731,0.8653888255357742
7989,0.9106667563319206,7989,0.8435050249099731,0.8653888255357742
7990,0.9106667563319206,7990,0.8435050249099731,0.8653888255357742
7991,0.9106667563319206,7991,0.8435050249099731,0.8653888255357742
7992,0.9106667563319206,7992,0.8435050249099731,0.8653888255357742
7993,0.9106667563319206,7993,0.8435050249099731,0.8653888255357742
7994,0.9106667563319206,7994,0.8435050249099731,0.8653888255357742
7995,0.9106667563319206,7995,0.8435050249099731,0.8653888255357742
7996,0.9106667563319206,7996,0.8435050249099731,0.8653888255357742
7997,0.9106667563319206,7997,0.8435050249099731,0.8653888255357742
7998,0.9106667563319206,7998,0.8435050249099731,0.8653888255357742
7999,0.9106667563319206,7999,0.8435050249099731,0.8653888255357742
8000,0.9104712754487991,8000,0.8434518724679947,0.8652114719152451
8001,0.9104712754487991,8001,0.8434583097696304,0.8652114719152451
8002,0.9104712754487991,8002,0.8434583097696304,0.8652114719152451
8003,0.9104712754487991,8003,0.8434583097696304,0.8652114719152451
8004,0.9104712754487991,8004,0.8434583097696304,0.8652114719152451
8005,0.9104712754487991,8005,0.8434583097696304,0.8652114719152451
8006,0.9104712754487991,8006,0.8434583097696304,0.8652114719152451
8007,0.9104712754487991,8007,0.8434583097696304,0.8652114719152451
8008,0.9104712754487991,8008,0.8434583097696304,0.8652114719152451
8009,0.9104712754487991,8009,0.843466192483902,0.8652114719152451
8010,0.9104712754487991,8010,0.843466192483902,0.8652114719152451
8011,0.9104712754487991,8011,0.843466192483902,0.8652114719152451
8012,0.9104712754487991,8012,0.843466192483902,0.8652114719152451
8013,0.9104712754487991,8013,0.843466192483902,0.8652114719152451
8014,0.9104712754487991,8014,0.843466192483902,0.8652114719152451
8015,0.9104712754487991,8015,0.843466192483902,0.8652114719152451
8016,0.9104712754487991,8016,0.843466192483902,0.8652114719152451
8017,0.9104712754487991,8017,0.843466192483902,0.8652114719152451
8018,0.9104712754487991,8018,0.843466192483902,0.8652114719152451
8019,0.9104712754487991,8019,0.843466192483902,0.8652114719152451
8020,0.9104712754487991,8020,0.843466192483902,0.8652114719152451
8021,0.9104712754487991,8021,0.843466192483902,0.8652114719152451
8022,0.9104712754487991,8022,0.843466192483902,0.8652114719152451
8023,0.9104712754487991,8023,0.843466192483902,0.8652114719152451
8024,0.9104712754487991,8024,0.843466192483902,0.8652114719152451
8025,0.9104712754487991,8025,0.843466192483902,0.8652114719152451
8026,0.9104712754487991,8026,0.843466192483902,0.8652114719152451
8027,0.9104712754487991,8027,0.843466192483902,0.8652114719152451
8028,0.9104712754487991,8028,0.843466192483902,0.8652114719152451
8029,0.9104712754487991,8029,0.843466192483902,0.8652114719152451
8030,0.9104712754487991,8030,0.843466192483902,0.8652114719152451
8031,0.9104712754487991,8031,0.843466192483902,0.8652114719152451
8032,0.9104712754487991,8032,0.843466192483902,0.8652114719152451
8033,0.9104712754487991,8033,0.843466192483902,0.8652114719152451
8034,0.9104712754487991,8034,0.843466192483902,0.8652114719152451
8035,0.9104712754487991,8035,0.843466192483902,0.8652114719152451
8036,0.9104712754487991,8036,0.843466192483902,0.8652114719152451
8037,0.9104712754487991,8037,0.843466192483902,0.8652114719152451
8038,0.9104712754487991,8038,0.843466192483902,0.8652114719152451
8039,0.9104712754487991,8039,0.843466192483902,0.8652114719152451
8040,0.9104712754487991,8040,0.843466192483902,0.8652114719152451
8041,0.9104712754487991,8041,0.843466192483902,0.8652114719152451
8042,0.9104712754487991,8042,0.843466192483902,0.8652114719152451
8043,0.9104712754487991,8043,0.843466192483902,0.8652114719152451
8044,0.9104712754487991,8044,0.843466192483902,0.8652114719152451
8045,0.9104712754487991,8045,0.843466192483902,0.8652114719152451
8046,0.9104712754487991,8046,0.843466192483902,0.8652114719152451
8047,0.9104712754487991,8047,0.843466192483902,0.8652114719152451
8048,0.9104712754487991,8048,0.843466192483902,0.8652114719152451
8049,0.9104712754487991,8049,0.843466192483902,0.8652114719152451
8050,0.9104712754487991,8050,0.843466192483902,0.8652114719152451
8051,0.9104712754487991,8051,0.843466192483902,0.8652114719152451
8052,0.9104712754487991,8052,0.843466192483902,0.8652114719152451
8053,0.9104712754487991,8053,0.843466192483902,0.8652114719152451
8054,0.9104712754487991,8054,0.843466192483902,0.8652114719152451
8055,0.9104712754487991,8055,0.843466192483902,0.8652114719152451
8056,0.9104712754487991,8056,0.843466192483902,0.8652114719152451
8057,0.9104712754487991,8057,0.843466192483902,0.8652114719152451
8058,0.9104712754487991,8058,0.843466192483902,0.8652114719152451
8059,0.9104712754487991,8059,0.843466192483902,0.8652114719152451
8060,0.9104712754487991,8060,0.843466192483902,0.8652114719152451
8061,0.9104712754487991,8061,0.843466192483902,0.8652114719152451
8062,0.9104712754487991,8062,0.843466192483902,0.8652114719152451
8063,0.9104712754487991,8063,0.843466192483902,0.8652114719152451
8064,0.9104712754487991,8064,0.843466192483902,0.8652114719152451
8065,0.9104712754487991,8065,0.843466192483902,0.8652114719152451
8066,0.9104712754487991,8066,0.843466192483902,0.8652114719152451
8067,0.9104712754487991,8067,0.843466192483902,0.8652114719152451
8068,0.9104712754487991,8068,0.843466192483902,0.8652114719152451
8069,0.9104712754487991,8069,0.843466192483902,0.8652114719152451
8070,0.9104712754487991,8070,0.843466192483902,0.8652114719152451
8071,0.9104712754487991,8071,0.843466192483902,0.8652114719152451
8072,0.9104712754487991,8072,0.843466192483902,0.8652114719152451
8073,0.9104712754487991,8073,0.843466192483902,0.8652114719152451
8074,0.9104712754487991,8074,0.843466192483902,0.8652114719152451
8075,0.9104712754487991,8075,0.843466192483902,0.8652114719152451
8076,0.9104712754487991,8076,0.843466192483902,0.8652114719152451
8077,0.9104712754487991,8077,0.843466192483902,0.8652114719152451
8078,0.9104712754487991,8078,0.843466192483902,0.8652114719152451
8079,0.9104712754487991,8079,0.843466192483902,0.8652114719152451
8080,0.9104712754487991,8080,0.843466192483902,0.8652114719152451
8081,0.9104712754487991,8081,0.843466192483902,0.8652114719152451
8082,0.9104712754487991,8082,0.843466192483902,0.8652114719152451
8083,0.9104712754487991,8083,0.843466192483902,0.8652114719152451
8084,0.9104712754487991,8084,0.843466192483902,0.8652114719152451
8085,0.9104712754487991,8085,0.843466192483902,0.8652114719152451
8086,0.9104712754487991,8086,0.843466192483902,0.8652114719152451
8087,0.9104712754487991,8087,0.843466192483902,0.8652114719152451
8088,0.9104712754487991,8088,0.843466192483902,0.8652114719152451
8089,0.9104712754487991,8089,0.843466192483902,0.8652114719152451
8090,0.9104712754487991,8090,0.843466192483902,0.8652114719152451
8091,0.9104712754487991,8091,0.843466192483902,0.8652114719152451
8092,0.9104712754487991,8092,0.843466192483902,0.8652114719152451
8093,0.9104712754487991,8093,0.843466192483902,0.8652114719152451
8094,0.9104712754487991,8094,0.843466192483902,0.8652114719152451
8095,0.9104712754487991,8095,0.843466192483902,0.8652114719152451
8096,0.9104712754487991,8096,0.843466192483902,0.8652114719152451
8097,0.9104712754487991,8097,0.843466192483902,0.8652114719152451
8098,0.9104712754487991,8098,0.843466192483902,0.8652114719152451
8099,0.9104712754487991,8099,0.843466192483902,0.8652114719152451
8100,0.9104712754487991,8100,0.843466192483902,0.8652114719152451
8101,0.9104712754487991,8101,0.843466192483902,0.8652114719152451
8102,0.9104712754487991,8102,0.843466192483902,0.8652114719152451
8103,0.9104712754487991,8103,0.843466192483902,0.8652114719152451
8104,0.9104712754487991,8104,0.843466192483902,0.8652114719152451
8105,0.9104712754487991,8105,0.843466192483902,0.8652114719152451
8106,0.9104712754487991,8106,0.843466192483902,0.8652114719152451
8107,0.9104712754487991,8107,0.843466192483902,0.8652114719152451
8108,0.9104712754487991,8108,0.843466192483902,0.8652114719152451
8109,0.9104712754487991,8109,0.843466192483902,0.8652114719152451
8110,0.9104712754487991,8110,0.843466192483902,0.8652114719152451
8111,0.9104712754487991,8111,0.843466192483902,0.8652114719152451
8112,0.9104712754487991,8112,0.843466192483902,0.8652114719152451
8113,0.9104712754487991,8113,0.843466192483902,0.8652114719152451
8114,0.9104712754487991,8114,0.843466192483902,0.8652114719152451
8115,0.9104712754487991,8115,0.843466192483902,0.8652114719152451
8116,0.9104712754487991,8116,0.843466192483902,0.8652114719152451
8117,0.9104712754487991,8117,0.843466192483902,0.8652114719152451
8118,0.9104712754487991,8118,0.843466192483902,0.8652114719152451
8119,0.9104712754487991,8119,0.843466192483902,0.8652114719152451
8120,0.9104712754487991,8120,0.843466192483902,0.8652114719152451
8121,0.9104712754487991,8121,0.843466192483902,0.8652114719152451
8122,0.9104712754487991,8122,0.843466192483902,0.8652114719152451
8123,0.9104712754487991,8123,0.843466192483902,0.8652114719152451
8124,0.9104712754487991,8124,0.843466192483902,0.8652114719152451
8125,0.9104712754487991,8125,0.843466192483902,0.8652114719152451
8126,0.9104712754487991,8126,0.843466192483902,0.8652114719152451
8127,0.9104712754487991,8127,0.843466192483902,0.8652114719152451
8128,0.9104712754487991,8128,0.843466192483902,0.8652114719152451
8129,0.9104712754487991,8129,0.843466192483902,0.8652114719152451
8130,0.9104712754487991,8130,0.843466192483902,0.8652114719152451
8131,0.9104712754487991,8131,0.843466192483902,0.8652114719152451
8132,0.9104712754487991,8132,0.843466192483902,0.8652114719152451
8133,0.9104712754487991,8133,0.843466192483902,0.8652114719152451
8134,0.9104712754487991,8134,0.843466192483902,0.8652114719152451
8135,0.9104712754487991,8135,0.843466192483902,0.8652114719152451
8136,0.9104712754487991,8136,0.843466192483902,0.8652114719152451
8137,0.9104712754487991,8137,0.843466192483902,0.8652114719152451
8138,0.9104712754487991,8138,0.843466192483902,0.8652114719152451
8139,0.9104712754487991,8139,0.843466192483902,0.8652114719152451
8140,0.9104712754487991,8140,0.843466192483902,0.8652114719152451
8141,0.9104712754487991,8141,0.843466192483902,0.8652114719152451
8142,0.9104712754487991,8142,0.843466192483902,0.8652114719152451
8143,0.9104712754487991,8143,0.843466192483902,0.8652114719152451
8144,0.9104712754487991,8144,0.843466192483902,0.8652114719152451
8145,0.9104712754487991,8145,0.843466192483902,0.8652114719152451
8146,0.9104712754487991,8146,0.843466192483902,0.8652114719152451
8147,0.9104712754487991,8147,0.843466192483902,0.8652114719152451
8148,0.9104712754487991,8148,0.843466192483902,0.8652114719152451
8149,0.9104712754487991,8149,0.843466192483902,0.8652114719152451
8150,0.9104712754487991,8150,0.843466192483902,0.8652114719152451
8151,0.9104712754487991,8151,0.843466192483902,0.8652114719152451
8152,0.9104712754487991,8152,0.843466192483902,0.8652114719152451
8153,0.9104712754487991,8153,0.843466192483902,0.8652114719152451
8154,0.9104712754487991,8154,0.843466192483902,0.8652114719152451
8155,0.9104712754487991,8155,0.843466192483902,0.8652114719152451
8156,0.9104712754487991,8156,0.843466192483902,0.8652114719152451
8157,0.9104712754487991,8157,0.843466192483902,0.8652114719152451
8158,0.9104712754487991,8158,0.843466192483902,0.8652114719152451
8159,0.9104712754487991,8159,0.843466192483902,0.8652114719152451
8160,0.9104712754487991,8160,0.843466192483902,0.8652114719152451
8161,0.9104712754487991,8161,0.843466192483902,0.8652114719152451
8162,0.9104712754487991,8162,0.843466192483902,0.8652114719152451
8163,0.9104712754487991,8163,0.843466192483902,0.8652114719152451
8164,0.9104712754487991,8164,0.843466192483902,0.8652114719152451
8165,0.9104712754487991,8165,0.843466192483902,0.8652114719152451
8166,0.9104712754487991,8166,0.843466192483902,0.8652114719152451
8167,0.9104712754487991,8167,0.843466192483902,0.8652114719152451
8168,0.9104712754487991,8168,0.843466192483902,0.8652114719152451
8169,0.9104712754487991,8169,0.843466192483902,0.8652114719152451
8170,0.9104712754487991,8170,0.843466192483902,0.8652114719152451
8171,0.9104712754487991,8171,0.843466192483902,0.8652114719152451
8172,0.9104712754487991,8172,0.843466192483902,0.8652114719152451
8173,0.9104712754487991,8173,0.843466192483902,0.8652114719152451
8174,0.9104712754487991,8174,0.843466192483902,0.8652114719152451
8175,0.9104712754487991,8175,0.843466192483902,0.8652114719152451
8176,0.9104712754487991,8176,0.843466192483902,0.8652114719152451
8177,0.9104712754487991,8177,0.843466192483902,0.8652114719152451
8178,0.9104712754487991,8178,0.843466192483902,0.8652114719152451
8179,0.9104712754487991,8179,0.843466192483902,0.8652114719152451
8180,0.9104712754487991,8180,0.843466192483902,0.8652114719152451
8181,0.9104712754487991,8181,0.843466192483902,0.8652114719152451
8182,0.9104712754487991,8182,0.843466192483902,0.8652114719152451
8183,0.9104712754487991,8183,0.843466192483902,0.8652114719152451
8184,0.9104712754487991,8184,0.843466192483902,0.8652114719152451
8185,0.9104712754487991,8185,0.843466192483902,0.8652114719152451
8186,0.9104712754487991,8186,0.843466192483902,0.8652114719152451
8187,0.9104712754487991,8187,0.843466192483902,0.8652114719152451
8188,0.9104712754487991,8188,0.843466192483902,0.8652114719152451
8189,0.9104712754487991,8189,0.843466192483902,0.8652114719152451
8190,0.9104712754487991,8190,0.843466192483902,0.8652114719152451
8191,0.9104712754487991,8191,0.843466192483902,0.8652114719152451
8192,0.9104712754487991,8192,0.843466192483902,0.8652114719152451
8193,0.9104712754487991,8193,0.843466192483902,0.8652114719152451
8194,0.9104712754487991,8194,0.843466192483902,0.8652114719152451
8195,0.9104712754487991,8195,0.843466192483902,0.8652114719152451
8196,0.9104712754487991,8196,0.843466192483902,0.8652114719152451
8197,0.9104712754487991,8197,0.843466192483902,0.8652114719152451
8198,0.9104712754487991,8198,0.843466192483902,0.8652114719152451
8199,0.9104712754487991,8199,0.843466192483902,0.8652114719152451
8200,0.9104712754487991,8200,0.8434836566448212,0.8652114719152451
8201,0.9104712754487991,8201,0.8434836566448212,0.8652114719152451
8202,0.9104712754487991,8202,0.8434836566448212,0.8652114719152451
8203,0.9104712754487991,8203,0.8434836566448212,0.8652114719152451
8204,0.9104712754487991,8204,0.8434836566448212,0.8652114719152451
8205,0.9104712754487991,8205,0.8434836566448212,0.8652114719152451
8206,0.9104712754487991,8206,0.8434836566448212,0.8652114719152451
8207,0.9104712754487991,8207,0.8434836566448212,0.8652114719152451
8208,0.9104712754487991,8208,0.8434836566448212,0.8652114719152451
8209,0.9104712754487991,8209,0.8434836566448212,0.8652114719152451
8210,0.9104712754487991,8210,0.8434836566448212,0.8652114719152451
8211,0.9104712754487991,8211,0.8434836566448212,0.8652114719152451
8212,0.9104712754487991,8212,0.8434836566448212,0.8652114719152451
8213,0.9104712754487991,8213,0.8434836566448212,0.8652114719152451
8214,0.9104712754487991,8214,0.8434836566448212,0.8652114719152451
8215,0.9104712754487991,8215,0.8434836566448212,0.8652114719152451
8216,0.9104712754487991,8216,0.8434836566448212,0.8652114719152451
8217,0.9104712754487991,8217,0.8434836566448212,0.8652114719152451
8218,0.9104712754487991,8218,0.8434836566448212,0.8652114719152451
8219,0.9104712754487991,8219,0.8434836566448212,0.8652114719152451
8220,0.9104712754487991,8220,0.8434836566448212,0.8652114719152451
8221,0.9104712754487991,8221,0.8434836566448212,0.8652114719152451
8222,0.9104712754487991,8222,0.8434836566448212,0.8652114719152451
8223,0.9104712754487991,8223,0.8434836566448212,0.8652114719152451
8224,0.9104712754487991,8224,0.8434836566448212,0.8652114719152451
8225,0.9104712754487991,8225,0.8434836566448212,0.8652114719152451
8226,0.9104712754487991,8226,0.8434836566448212,0.8652114719152451
8227,0.9104712754487991,8227,0.8434836566448212,0.8652114719152451
8228,0.9104712754487991,8228,0.8434836566448212,0.8652114719152451
8229,0.9104712754487991,8229,0.8434836566448212,0.8652114719152451
8230,0.9104712754487991,8230,0.8434836566448212,0.8652114719152451
8231,0.9104712754487991,8231,0.8434836566448212,0.8652114719152451
8232,0.9104712754487991,8232,0.8434836566448212,0.8652114719152451
8233,0.9104712754487991,8233,0.8434836566448212,0.8652114719152451
8234,0.9104712754487991,8234,0.8434836566448212,0.8652114719152451
8235,0.9104712754487991,8235,0.8434836566448212,0.8652114719152451
8236,0.9104712754487991,8236,0.8434836566448212,0.8652114719152451
8237,0.9104712754487991,8237,0.8434836566448212,0.8652114719152451
8238,0.9104712754487991,8238,0.8434836566448212,0.8652114719152451
8239,0.9104712754487991,8239,0.8434836566448212,0.8652114719152451
8240,0.9104712754487991,8240,0.8434836566448212,0.8652114719152451
8241,0.9104712754487991,8241,0.8434836566448212,0.8652114719152451
8242,0.9104712754487991,8242,0.8434836566448212,0.8652114719152451
8243,0.9104712754487991,8243,0.8434836566448212,0.8652114719152451
8244,0.9104712754487991,8244,0.8434836566448212,0.8652114719152451
8245,0.9104712754487991,8245,0.8434836566448212,0.8652114719152451
8246,0.9104712754487991,8246,0.8434836566448212,0.8652114719152451
8247,0.9104712754487991,8247,0.8434836566448212,0.8652114719152451
8248,0.9104712754487991,8248,0.8434836566448212,0.8652114719152451
8249,0.9104712754487991,8249,0.8434836566448212,0.8652114719152451
8250,0.910458467900753,8250,0.8436323404312134,0.8650761246681213
8251,0.910458467900753,8251,0.8436070084571838,0.8650761246681213
8252,0.910458467900753,8252,0.8436070084571838,0.8650761246681213
8253,0.910458467900753,8253,0.8436070084571838,0.8650761246681213
8254,0.910458467900753,8254,0.8436070084571838,0.8650761246681213
8255,0.910458467900753,8255,0.8436070084571838,0.8650761246681213
8256,0.910458467900753,8256,0.8436070084571838,0.8650761246681213
8257,0.910458467900753,8257,0.8436070084571838,0.8650761246681213
8258,0.910458467900753,8258,0.8436070084571838,0.8650761246681213
8259,0.910458467900753,8259,0.8436070084571838,0.8650761246681213
8260,0.910458467900753,8260,0.8436070084571838,0.8650761246681213
8261,0.910458467900753,8261,0.8436070084571838,0.8650761246681213
8262,0.910458467900753,8262,0.8436070084571838,0.8650761246681213
8263,0.910458467900753,8263,0.8436070084571838,0.8650761246681213
8264,0.910458467900753,8264,0.8436070084571838,0.8650761246681213
8265,0.910458467900753,8265,0.8436070084571838,0.8650761246681213
8266,0.910458467900753,8266,0.8436070084571838,0.8650761246681213
8267,0.910458467900753,8267,0.8436070084571838,0.8650761246681213
8268,0.910458467900753,8268,0.8436070084571838,0.8650761246681213
8269,0.910458467900753,8269,0.8436070084571838,0.8650761246681213
8270,0.910458467900753,8270,0.8436148762702942,0.8650761246681213
8271,0.910458467900753,8271,0.8436148762702942,0.8650761246681213
8272,0.910458467900753,8272,0.8436148762702942,0.8650761246681213
8273,0.910458467900753,8273,0.8436148762702942,0.8650761246681213
8274,0.910458467900753,8274,0.8436148762702942,0.8650761246681213
8275,0.910458467900753,8275,0.8436148762702942,0.8650761246681213
8276,0.910458467900753,8276,0.8436148762702942,0.8650761246681213
8277,0.910458467900753,8277,0.8436148762702942,0.8650761246681213
8278,0.910458467900753,8278,0.8436148762702942,0.8650761246681213
8279,0.910458467900753,8279,0.8436148762702942,0.8650761246681213
8280,0.910458467900753,8280,0.8436148762702942,0.8650761246681213
8281,0.910458467900753,8281,0.8436148762702942,0.8650761246681213
8282,0.910458467900753,8282,0.8436148762702942,0.8650761246681213
8283,0.910458467900753,8283,0.8436148762702942,0.8650761246681213
8284,0.910458467900753,8284,0.8436148762702942,0.8650761246681213
8285,0.910458467900753,8285,0.8436148762702942,0.8650761246681213
8286,0.910458467900753,8286,0.8436148762702942,0.8650761246681213
8287,0.910458467900753,8287,0.8436148762702942,0.8650761246681213
8288,0.910458467900753,8288,0.8436148762702942,0.8650761246681213
8289,0.910458467900753,8289,0.8436148762702942,0.8650761246681213
8290,0.910458467900753,8290,0.8436148762702942,0.8650761246681213
8291,0.910458467900753,8291,0.8436148762702942,0.8650761246681213
8292,0.910458467900753,8292,0.8436148762702942,0.8650761246681213
8293,0.910458467900753,8293,0.8436148762702942,0.8650761246681213
8294,0.910458467900753,8294,0.8436148762702942,0.8650761246681213
8295,0.910458467900753,8295,0.8436148762702942,0.8650761246681213
8296,0.910458467900753,8296,0.8436148762702942,0.8650761246681213
8297,0.910458467900753,8297,0.8436148762702942,0.8650761246681213
8298,0.910458467900753,8298,0.8436148762702942,0.8650761246681213
8299,0.910458467900753,8299,0.8436148762702942,0.8650761246681213
8300,0.910458467900753,8300,0.8436148762702942,0.8650761246681213
8301,0.910458467900753,8301,0.8436148762702942,0.8650761246681213
8302,0.910458467900753,8302,0.8436148762702942,0.8650761246681213
8303,0.910458467900753,8303,0.8436148762702942,0.8650761246681213
8304,0.910458467900753,8304,0.8436148762702942,0.8650761246681213
8305,0.910458467900753,8305,0.8436148762702942,0.8650761246681213
8306,0.910458467900753,8306,0.8436148762702942,0.8650761246681213
8307,0.910458467900753,8307,0.8436148762702942,0.8650761246681213
8308,0.910458467900753,8308,0.8436148762702942,0.8650761246681213
8309,0.910458467900753,8309,0.8436148762702942,0.8650761246681213
8310,0.910458467900753,8310,0.8436148762702942,0.8650761246681213
8311,0.910458467900753,8311,0.8436148762702942,0.8650761246681213
8312,0.910458467900753,8312,0.8436148762702942,0.8650761246681213
8313,0.910458467900753,8313,0.8436148762702942,0.8650761246681213
8314,0.910458467900753,8314,0.8436148762702942,0.8650761246681213
8315,0.910458467900753,8315,0.8436148762702942,0.8650761246681213
8316,0.910458467900753,8316,0.8436148762702942,0.8650761246681213
8317,0.910458467900753,8317,0.8436148762702942,0.8650761246681213
8318,0.910458467900753,8318,0.8436148762702942,0.8650761246681213
8319,0.910458467900753,8319,0.8436148762702942,0.8650761246681213
8320,0.910458467900753,8320,0.8436148762702942,0.8650761246681213
8321,0.910458467900753,8321,0.8436148762702942,0.8650761246681213
8322,0.910458467900753,8322,0.8436148762702942,0.8650761246681213
8323,0.910458467900753,8323,0.8436148762702942,0.8650761246681213
8324,0.910458467900753,8324,0.8436148762702942,0.8650761246681213
8325,0.910458467900753,8325,0.8436148762702942,0.8650761246681213
8326,0.910458467900753,8326,0.8436148762702942,0.8650761246681213
8327,0.910458467900753,8327,0.8436148762702942,0.8650761246681213
8328,0.910458467900753,8328,0.8436148762702942,0.8650761246681213
8329,0.910458467900753,8329,0.8436148762702942,0.8650761246681213
8330,0.910458467900753,8330,0.8436148762702942,0.8650761246681213
8331,0.910458467900753,8331,0.8436148762702942,0.8650761246681213
8332,0.910458467900753,8332,0.8436148762702942,0.8650761246681213
8333,0.910458467900753,8333,0.8436148762702942,0.8650761246681213
8334,0.910458467900753,8334,0.8436148762702942,0.8650761246681213
8335,0.910458467900753,8335,0.8436148762702942,0.8650761246681213
8336,0.910458467900753,8336,0.8436148762702942,0.8650761246681213
8337,0.910458467900753,8337,0.8436148762702942,0.8650761246681213
8338,0.910458467900753,8338,0.8436148762702942,0.8650761246681213
8339,0.910458467900753,8339,0.8436148762702942,0.8650761246681213
8340,0.910458467900753,8340,0.8436148762702942,0.8650761246681213
8341,0.910458467900753,8341,0.8436148762702942,0.8650761246681213
8342,0.910458467900753,8342,0.8436148762702942,0.8650761246681213
8343,0.910458467900753,8343,0.8436148762702942,0.8650761246681213
8344,0.910458467900753,8344,0.8436148762702942,0.8650761246681213
8345,0.910458467900753,8345,0.8436148762702942,0.8650761246681213
8346,0.910458467900753,8346,0.8436148762702942,0.8650761246681213
8347,0.910458467900753,8347,0.8436148762702942,0.8650761246681213
8348,0.910458467900753,8348,0.8436148762702942,0.8650761246681213
8349,0.910458467900753,8349,0.8436148762702942,0.8650761246681213
8350,0.910458467900753,8350,0.8436148762702942,0.8650761246681213
8351,0.910458467900753,8351,0.8436148762702942,0.8650761246681213
8352,0.910458467900753,8352,0.8436148762702942,0.8650761246681213
8353,0.910458467900753,8353,0.8436148762702942,0.8650761246681213
8354,0.910458467900753,8354,0.8436148762702942,0.8650761246681213
8355,0.910458467900753,8355,0.8436148762702942,0.8650761246681213
8356,0.910458467900753,8356,0.8436148762702942,0.8650761246681213
8357,0.910458467900753,8357,0.8436148762702942,0.8650761246681213
8358,0.910458467900753,8358,0.8436148762702942,0.8650761246681213
8359,0.910458467900753,8359,0.8436148762702942,0.8650761246681213
8360,0.910458467900753,8360,0.8436148762702942,0.8650761246681213
8361,0.910458467900753,8361,0.8436148762702942,0.8650761246681213
8362,0.910458467900753,8362,0.8436148762702942,0.8650761246681213
8363,0.910458467900753,8363,0.8436148762702942,0.8650761246681213
8364,0.910458467900753,8364,0.8436148762702942,0.8650761246681213
8365,0.910458467900753,8365,0.8436148762702942,0.8650761246681213
8366,0.910458467900753,8366,0.8436148762702942,0.8650761246681213
8367,0.910458467900753,8367,0.8436148762702942,0.8650761246681213
8368,0.910458467900753,8368,0.8436148762702942,0.8650761246681213
8369,0.910458467900753,8369,0.8436148762702942,0.8650761246681213
8370,0.910458467900753,8370,0.8436148762702942,0.8650761246681213
8371,0.910458467900753,8371,0.8436148762702942,0.8650761246681213
8372,0.910458467900753,8372,0.8436148762702942,0.8650761246681213
8373,0.910458467900753,8373,0.8436148762702942,0.8650761246681213
8374,0.910458467900753,8374,0.8436148762702942,0.8650761246681213
8375,0.910458467900753,8375,0.8436148762702942,0.8650761246681213
8376,0.910458467900753,8376,0.8436148762702942,0.8650761246681213
8377,0.910458467900753,8377,0.8436148762702942,0.8650761246681213
8378,0.910458467900753,8378,0.8436148762702942,0.8650761246681213
8379,0.910458467900753,8379,0.8436148762702942,0.8650761246681213
8380,0.910458467900753,8380,0.8436148762702942,0.8650761246681213
8381,0.910458467900753,8381,0.8436148762702942,0.8650761246681213
8382,0.910458467900753,8382,0.8436148762702942,0.8650761246681213
8383,0.910458467900753,8383,0.8436005711555481,0.8650761246681213
8384,0.910458467900753,8384,0.8436005711555481,0.8650761246681213
8385,0.910458467900753,8385,0.8436005711555481,0.8650761246681213
8386,0.910458467900753,8386,0.8436005711555481,0.8650761246681213
8387,0.910458467900753,8387,0.8436005711555481,0.8650761246681213
8388,0.910458467900753,8388,0.8436005711555481,0.8650761246681213
8389,0.910458467900753,8389,0.8436005711555481,0.8650761246681213
8390,0.910458467900753,8390,0.8436005711555481,0.8650761246681213
8391,0.910458467900753,8391,0.8436005711555481,0.8650761246681213
8392,0.910458467900753,8392,0.8436005711555481,0.8650761246681213
8393,0.910458467900753,8393,0.8436005711555481,0.8650761246681213
8394,0.910458467900753,8394,0.8436005711555481,0.8650761246681213
8395,0.910458467900753,8395,0.8436005711555481,0.8650761246681213
8396,0.910458467900753,8396,0.8436005711555481,0.8650761246681213
8397,0.910458467900753,8397,0.8436005711555481,0.8650761246681213
8398,0.910458467900753,8398,0.8436005711555481,0.8650761246681213
8399,0.910458467900753,8399,0.8436005711555481,0.8650761246681213
8400,0.910458467900753,8400,0.8436005711555481,0.8650761246681213
8401,0.910458467900753,8401,0.8436005711555481,0.8650761246681213
8402,0.910458467900753,8402,0.8436005711555481,0.8650761246681213
8403,0.910458467900753,8403,0.8436005711555481,0.8650761246681213
8404,0.910458467900753,8404,0.8436005711555481,0.8650761246681213
8405,0.910458467900753,8405,0.8436005711555481,0.8650761246681213
8406,0.910458467900753,8406,0.8436005711555481,0.8650761246681213
8407,0.910458467900753,8407,0.8436005711555481,0.8650761246681213
8408,0.910458467900753,8408,0.8436005711555481,0.8650761246681213
8409,0.910458467900753,8409,0.8436005711555481,0.8650761246681213
8410,0.910458467900753,8410,0.8436005711555481,0.8650761246681213
8411,0.910458467900753,8411,0.8436005711555481,0.8650761246681213
8412,0.910458467900753,8412,0.8436005711555481,0.8650761246681213
8413,0.910458467900753,8413,0.8436005711555481,0.8650761246681213
8414,0.910458467900753,8414,0.8436005711555481,0.8650761246681213
8415,0.910458467900753,8415,0.8436005711555481,0.8650761246681213
8416,0.910458467900753,8416,0.8436005711555481,0.8650761246681213
8417,0.910458467900753,8417,0.8436005711555481,0.8650761246681213
8418,0.910458467900753,8418,0.8436005711555481,0.8650761246681213
8419,0.910458467900753,8419,0.8436005711555481,0.8650761246681213
8420,0.910458467900753,8420,0.8436005711555481,0.8650761246681213
8421,0.910458467900753,8421,0.8436005711555481,0.8650761246681213
8422,0.910458467900753,8422,0.8436005711555481,0.8650761246681213
8423,0.910458467900753,8423,0.8436005711555481,0.8650761246681213
8424,0.910458467900753,8424,0.8436005711555481,0.8650761246681213
8425,0.910458467900753,8425,0.8436005711555481,0.8650761246681213
8426,0.910458467900753,8426,0.8436005711555481,0.8650761246681213
8427,0.910458467900753,8427,0.8436005711555481,0.8650761246681213
8428,0.910458467900753,8428,0.8436005711555481,0.8650761246681213
8429,0.910458467900753,8429,0.8436005711555481,0.8650761246681213
8430,0.910458467900753,8430,0.8436005711555481,0.8650761246681213
8431,0.910458467900753,8431,0.8436005711555481,0.8650761246681213
8432,0.910458467900753,8432,0.8436005711555481,0.8650761246681213
8433,0.910458467900753,8433,0.8436005711555481,0.8650761246681213
8434,0.910458467900753,8434,0.8436005711555481,0.8650761246681213
8435,0.910458467900753,8435,0.8436005711555481,0.8650761246681213
8436,0.910458467900753,8436,0.8436005711555481,0.8650761246681213
8437,0.910458467900753,8437,0.8436005711555481,0.8650761246681213
8438,0.910458467900753,8438,0.8436005711555481,0.8650761246681213
8439,0.910458467900753,8439,0.8436005711555481,0.8650761246681213
8440,0.910458467900753,8440,0.8436005711555481,0.8650761246681213
8441,0.910458467900753,8441,0.8436005711555481,0.8650761246681213
8442,0.910458467900753,8442,0.8436005711555481,0.8650761246681213
8443,0.910458467900753,8443,0.8436005711555481,0.8650761246681213
8444,0.910458467900753,8444,0.8436005711555481,0.8650761246681213
8445,0.910458467900753,8445,0.8436005711555481,0.8650761246681213
8446,0.910458467900753,8446,0.8436005711555481,0.8650761246681213
8447,0.910458467900753,8447,0.8436005711555481,0.8650761246681213
8448,0.910458467900753,8448,0.8436005711555481,0.8650761246681213
8449,0.910458467900753,8449,0.8436005711555481,0.8650761246681213
8450,0.910458467900753,8450,0.8436005711555481,0.8650761246681213
8451,0.910458467900753,8451,0.8436005711555481,0.8650761246681213
8452,0.910458467900753,8452,0.8436005711555481,0.8650761246681213
8453,0.910458467900753,8453,0.8436005711555481,0.8650761246681213
8454,0.910458467900753,8454,0.8436005711555481,0.8650761246681213
8455,0.910458467900753,8455,0.8436005711555481,0.8650761246681213
8456,0.910458467900753,8456,0.8436005711555481,0.8650761246681213
8457,0.910458467900753,8457,0.8436005711555481,0.8650761246681213
8458,0.910458467900753,8458,0.8436005711555481,0.8650761246681213
8459,0.910458467900753,8459,0.8436005711555481,0.8650761246681213
8460,0.910458467900753,8460,0.8436180353164673,0.8650761246681213
8461,0.910458467900753,8461,0.8436180353164673,0.8650761246681213
8462,0.910458467900753,8462,0.8436180353164673,0.8650761246681213
8463,0.910458467900753,8463,0.8436180353164673,0.8650761246681213
8464,0.910458467900753,8464,0.8436180353164673,0.8650761246681213
8465,0.910458467900753,8465,0.8436180353164673,0.8650761246681213
8466,0.910458467900753,8466,0.8436180353164673,0.8650761246681213
8467,0.910458467900753,8467,0.8436180353164673,0.8650761246681213
8468,0.910458467900753,8468,0.8436180353164673,0.8650761246681213
8469,0.910458467900753,8469,0.8436180353164673,0.8650761246681213
8470,0.910458467900753,8470,0.8436180353164673,0.8650761246681213
8471,0.910458467900753,8471,0.8436180353164673,0.8650761246681213
8472,0.910458467900753,8472,0.8436180353164673,0.8650761246681213
8473,0.910458467900753,8473,0.8436180353164673,0.8650761246681213
8474,0.910458467900753,8474,0.8436180353164673,0.8650761246681213
8475,0.910458467900753,8475,0.8436180353164673,0.8650761246681213
8476,0.910458467900753,8476,0.8436180353164673,0.8650761246681213
8477,0.910458467900753,8477,0.8436180353164673,0.8650761246681213
8478,0.910458467900753,8478,0.8436180353164673,0.8650761246681213
8479,0.910458467900753,8479,0.8436180353164673,0.8650761246681213
8480,0.910458467900753,8480,0.8436180353164673,0.8650761246681213
8481,0.910458467900753,8481,0.8436180353164673,0.8650761246681213
8482,0.910458467900753,8482,0.8436180353164673,0.8650761246681213
8483,0.910458467900753,8483,0.8436180353164673,0.8650761246681213
8484,0.910458467900753,8484,0.8436180353164673,0.8650761246681213
8485,0.910458467900753,8485,0.8436180353164673,0.8650761246681213
8486,0.910458467900753,8486,0.8436180353164673,0.8650761246681213
8487,0.910458467900753,8487,0.8436180353164673,0.8650761246681213
8488,0.910458467900753,8488,0.8436180353164673,0.8650761246681213
8489,0.910458467900753,8489,0.8436180353164673,0.8650761246681213
8490,0.910458467900753,8490,0.8436180353164673,0.8650761246681213
8491,0.910458467900753,8491,0.8436180353164673,0.8650761246681213
8492,0.910458467900753,8492,0.8436180353164673,0.8650761246681213
8493,0.910458467900753,8493,0.8436180353164673,0.8650761246681213
8494,0.910458467900753,8494,0.8436180353164673,0.8650761246681213
8495,0.910458467900753,8495,0.8436180353164673,0.8650761246681213
8496,0.910458467900753,8496,0.8436180353164673,0.8650761246681213
8497,0.910458467900753,8497,0.8436180353164673,0.8650761246681213
8498,0.910458467900753,8498,0.8436180353164673,0.8650761246681213
8499,0.910458467900753,8499,0.8436180353164673,0.8650761246681213
8500,0.9106125459074974,8500,0.8432828187942505,0.8650401681661606
8501,0.9106125459074974,8501,0.843271791934967,0.8650401681661606
8502,0.9106125459074974,8502,0.843271791934967,0.8650401681661606
8503,0.9106125459074974,8503,0.843271791934967,0.8650401681661606
8504,0.9106125459074974,8504,0.843271791934967,0.8650401681661606
8505,0.9106125459074974,8505,0.843271791934967,0.8650401681661606
8506,0.9106125459074974,8506,0.843271791934967,0.8650401681661606
8507,0.9106125459074974,8507,0.843271791934967,0.8650401681661606
8508,0.9106125459074974,8508,0.843271791934967,0.8650401681661606
8509,0.9106125459074974,8509,0.843271791934967,0.8650401681661606
8510,0.9106125459074974,8510,0.843271791934967,0.8650401681661606
8511,0.9106125459074974,8511,0.843271791934967,0.8650401681661606
8512,0.9106125459074974,8512,0.843271791934967,0.8650401681661606
8513,0.9106125459074974,8513,0.843271791934967,0.8650401681661606
8514,0.9106125459074974,8514,0.843271791934967,0.8650401681661606
8515,0.9106125459074974,8515,0.843271791934967,0.8650401681661606
8516,0.9106125459074974,8516,0.843271791934967,0.8650401681661606
8517,0.9106125459074974,8517,0.843271791934967,0.8650401681661606
8518,0.9106125459074974,8518,0.843271791934967,0.8650401681661606
8519,0.9106125459074974,8519,0.843271791934967,0.8650401681661606
8520,0.9106125459074974,8520,0.843271791934967,0.8650401681661606
8521,0.9106125459074974,8521,0.843271791934967,0.8650401681661606
8522,0.9106125459074974,8522,0.843271791934967,0.8650401681661606
8523,0.9106125459074974,8523,0.843271791934967,0.8650401681661606
8524,0.9106125459074974,8524,0.843271791934967,0.8650401681661606
8525,0.9106125459074974,8525,0.843271791934967,0.8650401681661606
8526,0.9106125459074974,8526,0.843271791934967,0.8650401681661606
8527,0.9106125459074974,8527,0.843271791934967,0.8650401681661606
8528,0.9106125459074974,8528,0.843271791934967,0.8650401681661606
8529,0.9106125459074974,8529,0.843271791934967,0.8650401681661606
8530,0.9106125459074974,8530,0.843271791934967,0.8650401681661606
8531,0.9106125459074974,8531,0.843271791934967,0.8650401681661606
8532,0.9106125459074974,8532,0.843271791934967,0.8650401681661606
8533,0.9106125459074974,8533,0.843271791934967,0.8650401681661606
8534,0.9106125459074974,8534,0.843271791934967,0.8650401681661606
8535,0.9106125459074974,8535,0.843271791934967,0.8650401681661606
8536,0.9106125459074974,8536,0.843271791934967,0.8650401681661606
8537,0.9106125459074974,8537,0.843271791934967,0.8650401681661606
8538,0.9106125459074974,8538,0.843271791934967,0.8650401681661606
8539,0.9106125459074974,8539,0.843271791934967,0.8650401681661606
8540,0.9106125459074974,8540,0.843271791934967,0.8650401681661606
8541,0.9106125459074974,8541,0.843271791934967,0.8650401681661606
8542,0.9106125459074974,8542,0.843271791934967,0.8650401681661606
8543,0.9106125459074974,8543,0.843271791934967,0.8650401681661606
8544,0.9106125459074974,8544,0.843271791934967,0.8650401681661606
8545,0.9106125459074974,8545,0.843271791934967,0.8650401681661606
8546,0.9106125459074974,8546,0.843271791934967,0.8650401681661606
8547,0.9106125459074974,8547,0.843271791934967,0.8650401681661606
8548,0.9106125459074974,8548,0.843271791934967,0.8650401681661606
8549,0.9106125459074974,8549,0.843271791934967,0.8650401681661606
8550,0.9106125459074974,8550,0.843271791934967,0.8650401681661606
8551,0.9106125459074974,8551,0.843271791934967,0.8650401681661606
8552,0.9106125459074974,8552,0.843271791934967,0.8650401681661606
8553,0.9106125459074974,8553,0.843271791934967,0.8650401681661606
8554,0.9106125459074974,8554,0.843271791934967,0.8650401681661606
8555,0.9106125459074974,8555,0.843271791934967,0.8650401681661606
8556,0.9106125459074974,8556,0.843271791934967,0.8650401681661606
8557,0.9106125459074974,8557,0.843271791934967,0.8650401681661606
8558,0.9106125459074974,8558,0.843271791934967,0.8650401681661606
8559,0.9106125459074974,8559,0.843271791934967,0.8650401681661606
8560,0.9106125459074974,8560,0.843271791934967,0.8650401681661606
8561,0.9106125459074974,8561,0.843271791934967,0.8650401681661606
8562,0.9106125459074974,8562,0.843271791934967,0.8650401681661606
8563,0.9106125459074974,8563,0.843271791934967,0.8650401681661606
8564,0.9106125459074974,8564,0.843271791934967,0.8650401681661606
8565,0.9106125459074974,8565,0.843271791934967,0.8650401681661606
8566,0.9106125459074974,8566,0.843271791934967,0.8650401681661606
8567,0.9106125459074974,8567,0.843271791934967,0.8650401681661606
8568,0.9106125459074974,8568,0.843271791934967,0.8650401681661606
8569,0.9106125459074974,8569,0.843271791934967,0.8650401681661606
8570,0.9106125459074974,8570,0.843271791934967,0.8650401681661606
8571,0.9106125459074974,8571,0.843271791934967,0.8650401681661606
8572,0.9106125459074974,8572,0.843271791934967,0.8650401681661606
8573,0.9106125459074974,8573,0.843271791934967,0.8650401681661606
8574,0.9106125459074974,8574,0.843271791934967,0.8650401681661606
8575,0.9106125459074974,8575,0.843271791934967,0.8650401681661606
8576,0.9106125459074974,8576,0.843271791934967,0.8650401681661606
8577,0.9106125459074974,8577,0.843271791934967,0.8650401681661606
8578,0.9106125459074974,8578,0.843271791934967,0.8650401681661606
8579,0.9106125459074974,8579,0.843271791934967,0.8650401681661606
8580,0.9106125459074974,8580,0.843271791934967,0.8650401681661606
8581,0.9106125459074974,8581,0.843271791934967,0.8650401681661606
8582,0.9106125459074974,8582,0.843271791934967,0.8650401681661606
8583,0.9106125459074974,8583,0.843271791934967,0.8650401681661606
8584,0.9106125459074974,8584,0.843271791934967,0.8650401681661606
8585,0.9106125459074974,8585,0.843271791934967,0.8650401681661606
8586,0.9106125459074974,8586,0.843271791934967,0.8650401681661606
8587,0.9106125459074974,8587,0.843271791934967,0.8650401681661606
8588,0.9106125459074974,8588,0.843271791934967,0.8650401681661606
8589,0.9106125459074974,8589,0.843271791934967,0.8650401681661606
8590,0.9106125459074974,8590,0.843271791934967,0.8650401681661606
8591,0.9106125459074974,8591,0.843271791934967,0.8650401681661606
8592,0.9106125459074974,8592,0.843271791934967,0.8650401681661606
8593,0.9106125459074974,8593,0.843271791934967,0.8650401681661606
8594,0.9106125459074974,8594,0.843271791934967,0.8650401681661606
8595,0.9106125459074974,8595,0.843271791934967,0.8650401681661606
8596,0.9106125459074974,8596,0.843271791934967,0.8650401681661606
8597,0.9106125459074974,8597,0.843271791934967,0.8650401681661606
8598,0.9106125459074974,8598,0.843271791934967,0.8650401681661606
8599,0.9106125459074974,8599,0.843271791934967,0.8650401681661606
8600,0.9106125459074974,8600,0.843271791934967,0.8650401681661606
8601,0.9106125459074974,8601,0.843271791934967,0.8650401681661606
8602,0.9106125459074974,8602,0.843271791934967,0.8650401681661606
8603,0.9106125459074974,8603,0.843271791934967,0.8650401681661606
8604,0.9106125459074974,8604,0.843271791934967,0.8650401681661606
8605,0.9106125459074974,8605,0.843271791934967,0.8650401681661606
8606,0.9106125459074974,8606,0.843271791934967,0.8650401681661606
8607,0.9106125459074974,8607,0.843271791934967,0.8650401681661606
8608,0.9106125459074974,8608,0.843271791934967,0.8650401681661606
8609,0.9106125459074974,8609,0.843271791934967,0.8650401681661606
8610,0.9106125459074974,8610,0.843271791934967,0.8650401681661606
8611,0.9106125459074974,8611,0.843271791934967,0.8650401681661606
8612,0.9106125459074974,8612,0.843271791934967,0.8650401681661606
8613,0.9106125459074974,8613,0.843271791934967,0.8650401681661606
8614,0.9106125459074974,8614,0.843271791934967,0.8650401681661606
8615,0.9106125459074974,8615,0.843271791934967,0.8650401681661606
8616,0.9106125459074974,8616,0.843271791934967,0.8650401681661606
8617,0.9106125459074974,8617,0.843271791934967,0.8650401681661606
8618,0.9106125459074974,8618,0.843271791934967,0.8650401681661606
8619,0.9106125459074974,8619,0.843271791934967,0.8650401681661606
8620,0.9106125459074974,8620,0.843271791934967,0.8650401681661606
8621,0.9106125459074974,8621,0.843271791934967,0.8650401681661606
8622,0.9106125459074974,8622,0.843271791934967,0.8650401681661606
8623,0.9106125459074974,8623,0.843271791934967,0.8650401681661606
8624,0.9106125459074974,8624,0.843271791934967,0.8650401681661606
8625,0.9106125459074974,8625,0.843271791934967,0.8650401681661606
8626,0.9106125459074974,8626,0.843271791934967,0.8650401681661606
8627,0.9106125459074974,8627,0.843271791934967,0.8650401681661606
8628,0.9106125459074974,8628,0.843271791934967,0.8650401681661606
8629,0.9106125459074974,8629,0.843271791934967,0.8650401681661606
8630,0.9106125459074974,8630,0.843271791934967,0.8650401681661606
8631,0.9106125459074974,8631,0.843271791934967,0.8650401681661606
8632,0.9106125459074974,8632,0.843271791934967,0.8650401681661606
8633,0.9106125459074974,8633,0.843271791934967,0.8650401681661606
8634,0.9106125459074974,8634,0.843271791934967,0.8650401681661606
8635,0.9106125459074974,8635,0.843271791934967,0.8650401681661606
8636,0.9106125459074974,8636,0.843271791934967,0.8650401681661606
8637,0.9106125459074974,8637,0.843271791934967,0.8650401681661606
8638,0.9106125459074974,8638,0.843271791934967,0.8650401681661606
8639,0.9106125459074974,8639,0.843271791934967,0.8650401681661606
8640,0.9106125459074974,8640,0.843271791934967,0.8650401681661606
8641,0.9106125459074974,8641,0.843271791934967,0.8650401681661606
8642,0.9106125459074974,8642,0.843271791934967,0.8650401681661606
8643,0.9106125459074974,8643,0.843271791934967,0.8650401681661606
8644,0.9106125459074974,8644,0.843271791934967,0.8650401681661606
8645,0.9106125459074974,8645,0.843271791934967,0.8650401681661606
8646,0.9106125459074974,8646,0.843271791934967,0.8650401681661606
8647,0.9106125459074974,8647,0.843271791934967,0.8650401681661606
8648,0.9106125459074974,8648,0.843271791934967,0.8650401681661606
8649,0.9106125459074974,8649,0.843271791934967,0.8650401681661606
8650,0.9106125459074974,8650,0.843271791934967,0.8650401681661606
8651,0.9106125459074974,8651,0.843271791934967,0.8650401681661606
8652,0.9106125459074974,8652,0.8432671874761581,0.8650401681661606
8653,0.9106125459074974,8653,0.8432671874761581,0.8650401681661606
8654,0.9106125459074974,8654,0.8432671874761581,0.8650401681661606
8655,0.9106125459074974,8655,0.8432671874761581,0.8650401681661606
8656,0.9106125459074974,8656,0.8432671874761581,0.8650401681661606
8657,0.9106125459074974,8657,0.8432671874761581,0.8650401681661606
8658,0.9106125459074974,8658,0.843252882361412,0.8650401681661606
8659,0.9106125459074974,8659,0.843252882361412,0.8650401681661606
8660,0.9106125459074974,8660,0.843252882361412,0.8650401681661606
8661,0.9106125459074974,8661,0.843252882361412,0.8650401681661606
8662,0.9106125459074974,8662,0.843252882361412,0.8650401681661606
8663,0.9106125459074974,8663,0.843252882361412,0.8650401681661606
8664,0.9106125459074974,8664,0.843252882361412,0.8650401681661606
8665,0.9106125459074974,8665,0.843252882361412,0.8650401681661606
8666,0.9106125459074974,8666,0.843252882361412,0.8650401681661606
8667,0.9106125459074974,8667,0.843252882361412,0.8650401681661606
8668,0.9106125459074974,8668,0.843252882361412,0.8650401681661606
8669,0.9106125459074974,8669,0.843252882361412,0.8650401681661606
8670,0.9106125459074974,8670,0.843252882361412,0.8650401681661606
8671,0.9106125459074974,8671,0.843252882361412,0.8650401681661606
8672,0.9106125459074974,8672,0.8432703614234924,0.8650401681661606
8673,0.9106125459074974,8673,0.8432703614234924,0.8650401681661606
8674,0.9106125459074974,8674,0.8432703614234924,0.8650401681661606
8675,0.9106125459074974,8675,0.8432703614234924,0.8650401681661606
8676,0.9106125459074974,8676,0.8432703614234924,0.8650401681661606
8677,0.9106125459074974,8677,0.8432703614234924,0.8650401681661606
8678,0.9106125459074974,8678,0.8432703614234924,0.8650401681661606
8679,0.9106125459074974,8679,0.8432703614234924,0.8650401681661606
8680,0.9106125459074974,8680,0.8432703614234924,0.8650401681661606
8681,0.9106125459074974,8681,0.8432703614234924,0.8650401681661606
8682,0.9106125459074974,8682,0.8432703614234924,0.8650401681661606
8683,0.9106125459074974,8683,0.8432703614234924,0.8650401681661606
8684,0.9106125459074974,8684,0.8432703614234924,0.8650401681661606
8685,0.9106125459074974,8685,0.8432703614234924,0.8650401681661606
8686,0.9106125459074974,8686,0.8432703614234924,0.8650401681661606
8687,0.9106125459074974,8687,0.8432703614234924,0.8650401681661606
8688,0.9106125459074974,8688,0.8432703614234924,0.8650401681661606
8689,0.9106125459074974,8689,0.8432703614234924,0.8650401681661606
8690,0.9106125459074974,8690,0.8432703614234924,0.8650401681661606
8691,0.9106125459074974,8691,0.8432703614234924,0.8650401681661606
8692,0.9106125459074974,8692,0.8432703614234924,0.8650401681661606
8693,0.9106125459074974,8693,0.8432703614234924,0.8650401681661606
8694,0.9106125459074974,8694,0.8432703614234924,0.8650401681661606
8695,0.9106125459074974,8695,0.8432703614234924,0.8650401681661606
8696,0.9106125459074974,8696,0.8432703614234924,0.8650401681661606
8697,0.9106125459074974,8697,0.8432703614234924,0.8650401681661606
8698,0.9106125459074974,8698,0.8432703614234924,0.8650401681661606
8699,0.9106125459074974,8699,0.8432703614234924,0.8650401681661606
8700,0.9106125459074974,8700,0.8432703614234924,0.8650401681661606
8701,0.9106125459074974,8701,0.8432703614234924,0.8650401681661606
8702,0.9106125459074974,8702,0.8432703614234924,0.8650401681661606
8703,0.9106125459074974,8703,0.8432703614234924,0.8650401681661606
8704,0.9106125459074974,8704,0.8432703614234924,0.8650401681661606
8705,0.9106125459074974,8705,0.8432703614234924,0.8650401681661606
8706,0.9106125459074974,8706,0.8432703614234924,0.8650401681661606
8707,0.9106125459074974,8707,0.8432703614234924,0.8650401681661606
8708,0.9106125459074974,8708,0.8432703614234924,0.8650401681661606
8709,0.9106125459074974,8709,0.8432703614234924,0.8650401681661606
8710,0.9106125459074974,8710,0.8432703614234924,0.8650401681661606
8711,0.9106125459074974,8711,0.8432703614234924,0.8650401681661606
8712,0.9106125459074974,8712,0.8432703614234924,0.8650401681661606
8713,0.9106125459074974,8713,0.8432703614234924,0.8650401681661606
8714,0.9106125459074974,8714,0.8432703614234924,0.8650401681661606
8715,0.9106125459074974,8715,0.8432703614234924,0.8650401681661606
8716,0.9106125459074974,8716,0.8432703614234924,0.8650401681661606
8717,0.9106125459074974,8717,0.8432703614234924,0.8650401681661606
8718,0.9106125459074974,8718,0.8432703614234924,0.8650401681661606
8719,0.9106125459074974,8719,0.8432703614234924,0.8650401681661606
8720,0.9106125459074974,8720,0.8432703614234924,0.8650401681661606
8721,0.9106125459074974,8721,0.8432703614234924,0.8650401681661606
8722,0.9106125459074974,8722,0.8432703614234924,0.8650401681661606
8723,0.9106125459074974,8723,0.8432703614234924,0.8650401681661606
8724,0.9106125459074974,8724,0.8432703614234924,0.8650401681661606
8725,0.9106125459074974,8725,0.8432703614234924,0.8650401681661606
8726,0.9106125459074974,8726,0.8432703614234924,0.8650401681661606
8727,0.9106125459074974,8727,0.8432703614234924,0.8650401681661606
8728,0.9106125459074974,8728,0.8432703614234924,0.8650401681661606
8729,0.9106125459074974,8729,0.8432703614234924,0.8650401681661606
8730,0.9106125459074974,8730,0.8432703614234924,0.8650401681661606
8731,0.9106125459074974,8731,0.8432703614234924,0.8650401681661606
8732,0.9106125459074974,8732,0.8432703614234924,0.8650401681661606
8733,0.9106125459074974,8733,0.8432703614234924,0.8650401681661606
8734,0.9106125459074974,8734,0.8432703614234924,0.8650401681661606
8735,0.9106125459074974,8735,0.8432703614234924,0.8650401681661606
8736,0.9106125459074974,8736,0.8432703614234924,0.8650401681661606
8737,0.9106125459074974,8737,0.8432703614234924,0.8650401681661606
8738,0.9106125459074974,8738,0.8432703614234924,0.8650401681661606
8739,0.9106125459074974,8739,0.8432703614234924,0.8650401681661606
8740,0.9106125459074974,8740,0.8432703614234924,0.8650401681661606
8741,0.9106125459074974,8741,0.8432703614234924,0.8650401681661606
8742,0.9106125459074974,8742,0.8432703614234924,0.8650401681661606
8743,0.9106125459074974,8743,0.8432703614234924,0.8650401681661606
8744,0.9106125459074974,8744,0.8432703614234924,0.8650401681661606
8745,0.9106125459074974,8745,0.8432703614234924,0.8650401681661606
8746,0.9106125459074974,8746,0.8432703614234924,0.8650401681661606
8747,0.9106125459074974,8747,0.8432703614234924,0.8650401681661606
8748,0.9106125459074974,8748,0.8432703614234924,0.8650401681661606
8749,0.9106125459074974,8749,0.8432703614234924,0.8650401681661606
8750,0.9105495065450668,8750,0.843420147895813,0.864824652671814
8751,0.9105495065450668,8751,0.8434215784072876,0.864824652671814
8752,0.9105495065450668,8752,0.8434215784072876,0.864824652671814
8753,0.9105495065450668,8753,0.8434215784072876,0.864824652671814
8754,0.9105495065450668,8754,0.8434215784072876,0.864824652671814
8755,0.9105495065450668,8755,0.8434215784072876,0.864824652671814
8756,0.9105495065450668,8756,0.8434215784072876,0.864824652671814
8757,0.9105495065450668,8757,0.8434215784072876,0.864824652671814
8758,0.9105495065450668,8758,0.8434215784072876,0.864824652671814
8759,0.9105495065450668,8759,0.8434215784072876,0.864824652671814
8760,0.9105495065450668,8760,0.8434215784072876,0.864824652671814
8761,0.9105495065450668,8761,0.8434215784072876,0.864824652671814
8762,0.9105495065450668,8762,0.8434215784072876,0.864824652671814
8763,0.9105495065450668,8763,0.8434215784072876,0.864824652671814
8764,0.9105495065450668,8764,0.8434215784072876,0.864824652671814
8765,0.9105495065450668,8765,0.8434215784072876,0.864824652671814
8766,0.9105495065450668,8766,0.8434215784072876,0.864824652671814
8767,0.9105495065450668,8767,0.8434215784072876,0.864824652671814
8768,0.9105495065450668,8768,0.8434215784072876,0.864824652671814
8769,0.9105495065450668,8769,0.8434215784072876,0.864824652671814
8770,0.9105495065450668,8770,0.8434215784072876,0.864824652671814
8771,0.9105495065450668,8771,0.8434215784072876,0.864824652671814
8772,0.9105495065450668,8772,0.8434215784072876,0.864824652671814
8773,0.9105495065450668,8773,0.8434215784072876,0.864824652671814
8774,0.9105495065450668,8774,0.8434215784072876,0.864824652671814
8775,0.9105495065450668,8775,0.8434215784072876,0.864824652671814
8776,0.9105495065450668,8776,0.8434215784072876,0.864824652671814
8777,0.9105495065450668,8777,0.8434215784072876,0.864824652671814
8778,0.9105495065450668,8778,0.8434215784072876,0.864824652671814
8779,0.9105495065450668,8779,0.8434215784072876,0.864824652671814
8780,0.9105495065450668,8780,0.8434215784072876,0.864824652671814
8781,0.9105495065450668,8781,0.8434215784072876,0.864824652671814
8782,0.9105495065450668,8782,0.8434215784072876,0.864824652671814
8783,0.9105495065450668,8783,0.8434215784072876,0.864824652671814
8784,0.9105495065450668,8784,0.8434215784072876,0.864824652671814
8785,0.9105495065450668,8785,0.8434215784072876,0.864824652671814
8786,0.9105495065450668,8786,0.8434215784072876,0.864824652671814
8787,0.9105495065450668,8787,0.8434215784072876,0.864824652671814
8788,0.9105495065450668,8788,0.8434215784072876,0.864824652671814
8789,0.9105495065450668,8789,0.8434215784072876,0.864824652671814
8790,0.9105495065450668,8790,0.8434215784072876,0.864824652671814
8791,0.9105495065450668,8791,0.8434215784072876,0.864824652671814
8792,0.9105495065450668,8792,0.8434215784072876,0.864824652671814
8793,0.9105495065450668,8793,0.8434215784072876,0.864824652671814
8794,0.9105495065450668,8794,0.8434215784072876,0.864824652671814
8795,0.9105495065450668,8795,0.8434215784072876,0.864824652671814
8796,0.9105495065450668,8796,0.8434215784072876,0.864824652671814
8797,0.9105495065450668,8797,0.8434215784072876,0.864824652671814
8798,0.9105495065450668,8798,0.8434215784072876,0.864824652671814
8799,0.9105495065450668,8799,0.8434215784072876,0.864824652671814
8800,0.9105495065450668,8800,0.8434215784072876,0.864824652671814
8801,0.9105495065450668,8801,0.8434215784072876,0.864824652671814
8802,0.9105495065450668,8802,0.8434215784072876,0.864824652671814
8803,0.9105495065450668,8803,0.8434215784072876,0.864824652671814
8804,0.9105495065450668,8804,0.8434215784072876,0.864824652671814
8805,0.9105495065450668,8805,0.8434215784072876,0.864824652671814
8806,0.9105495065450668,8806,0.8434215784072876,0.864824652671814
8807,0.9105495065450668,8807,0.8434215784072876,0.864824652671814
8808,0.9105495065450668,8808,0.8434215784072876,0.864824652671814
8809,0.9105495065450668,8809,0.8434215784072876,0.864824652671814
8810,0.9105495065450668,8810,0.8434215784072876,0.864824652671814
8811,0.9105495065450668,8811,0.8434215784072876,0.864824652671814
8812,0.9105495065450668,8812,0.8434215784072876,0.864824652671814
8813,0.9105495065450668,8813,0.8434215784072876,0.864824652671814
8814,0.9105495065450668,8814,0.8434215784072876,0.864824652671814
8815,0.9105495065450668,8815,0.8434215784072876,0.864824652671814
8816,0.9105495065450668,8816,0.8434215784072876,0.864824652671814
8817,0.9105495065450668,8817,0.8434215784072876,0.864824652671814
8818,0.9105495065450668,8818,0.8434215784072876,0.864824652671814
8819,0.9105495065450668,8819,0.8434215784072876,0.864824652671814
8820,0.9105495065450668,8820,0.8434215784072876,0.864824652671814
8821,0.9105495065450668,8821,0.8434215784072876,0.864824652671814
8822,0.9105495065450668,8822,0.8434215784072876,0.864824652671814
8823,0.9105495065450668,8823,0.8434215784072876,0.864824652671814
8824,0.9105495065450668,8824,0.8434215784072876,0.864824652671814
8825,0.9105495065450668,8825,0.8434215784072876,0.864824652671814
8826,0.9105495065450668,8826,0.8434215784072876,0.864824652671814
8827,0.9105495065450668,8827,0.8434215784072876,0.864824652671814
8828,0.9105495065450668,8828,0.8434215784072876,0.864824652671814
8829,0.9105495065450668,8829,0.8434215784072876,0.864824652671814
8830,0.9105495065450668,8830,0.8434215784072876,0.864824652671814
8831,0.9105495065450668,8831,0.8434215784072876,0.864824652671814
8832,0.9105495065450668,8832,0.8434215784072876,0.864824652671814
8833,0.9105495065450668,8833,0.8434215784072876,0.864824652671814
8834,0.9105495065450668,8834,0.8434215784072876,0.864824652671814
8835,0.9105495065450668,8835,0.8434215784072876,0.864824652671814
8836,0.9105495065450668,8836,0.8434215784072876,0.864824652671814
8837,0.9105495065450668,8837,0.8434215784072876,0.864824652671814
8838,0.9105495065450668,8838,0.8434215784072876,0.864824652671814
8839,0.9105495065450668,8839,0.8434215784072876,0.864824652671814
8840,0.9105495065450668,8840,0.8434215784072876,0.864824652671814
8841,0.9105495065450668,8841,0.8434215784072876,0.864824652671814
8842,0.9105495065450668,8842,0.8434215784072876,0.864824652671814
8843,0.9105495065450668,8843,0.8434215784072876,0.864824652671814
8844,0.9105495065450668,8844,0.8434215784072876,0.864824652671814
8845,0.9105495065450668,8845,0.8434215784072876,0.864824652671814
8846,0.9105495065450668,8846,0.8434215784072876,0.864824652671814
8847,0.9105495065450668,8847,0.8434215784072876,0.864824652671814
8848,0.9105495065450668,8848,0.8434215784072876,0.864824652671814
8849,0.9105495065450668,8849,0.8434215784072876,0.864824652671814
8850,0.9105495065450668,8850,0.8434215784072876,0.864824652671814
8851,0.9105495065450668,8851,0.8434215784072876,0.864824652671814
8852,0.9105495065450668,8852,0.8434215784072876,0.864824652671814
8853,0.9105495065450668,8853,0.8434215784072876,0.864824652671814
8854,0.9105495065450668,8854,0.8434215784072876,0.864824652671814
8855,0.9105495065450668,8855,0.8434215784072876,0.864824652671814
8856,0.9105495065450668,8856,0.8434215784072876,0.864824652671814
8857,0.9105495065450668,8857,0.8434215784072876,0.864824652671814
8858,0.9105495065450668,8858,0.8434215784072876,0.864824652671814
8859,0.9105495065450668,8859,0.8434215784072876,0.864824652671814
8860,0.9105495065450668,8860,0.8434215784072876,0.864824652671814
8861,0.9105495065450668,8861,0.8434215784072876,0.864824652671814
8862,0.9105495065450668,8862,0.8434215784072876,0.864824652671814
8863,0.9105495065450668,8863,0.8434215784072876,0.864824652671814
8864,0.9105495065450668,8864,0.8434215784072876,0.864824652671814
8865,0.9105495065450668,8865,0.8434215784072876,0.864824652671814
8866,0.9105495065450668,8866,0.8434215784072876,0.864824652671814
8867,0.9105495065450668,8867,0.8434215784072876,0.864824652671814
8868,0.9105495065450668,8868,0.8434215784072876,0.864824652671814
8869,0.9105495065450668,8869,0.8434215784072876,0.864824652671814
8870,0.9105495065450668,8870,0.8434215784072876,0.864824652671814
8871,0.9105495065450668,8871,0.8434215784072876,0.864824652671814
8872,0.9105495065450668,8872,0.8434215784072876,0.864824652671814
8873,0.9105495065450668,8873,0.8434215784072876,0.864824652671814
8874,0.9105495065450668,8874,0.8434215784072876,0.864824652671814
8875,0.9105495065450668,8875,0.8434215784072876,0.864824652671814
8876,0.9105495065450668,8876,0.8434215784072876,0.864824652671814
8877,0.9105495065450668,8877,0.8434215784072876,0.864824652671814
8878,0.9105495065450668,8878,0.8434215784072876,0.864824652671814
8879,0.9105495065450668,8879,0.8434215784072876,0.864824652671814
8880,0.9105495065450668,8880,0.8434215784072876,0.864824652671814
8881,0.9105495065450668,8881,0.8434215784072876,0.864824652671814
8882,0.9105495065450668,8882,0.8434215784072876,0.864824652671814
8883,0.9105495065450668,8883,0.8434215784072876,0.864824652671814
8884,0.9105495065450668,8884,0.8434215784072876,0.864824652671814
8885,0.9105495065450668,8885,0.8434215784072876,0.864824652671814
8886,0.9105495065450668,8886,0.8434215784072876,0.864824652671814
8887,0.9105495065450668,8887,0.8434215784072876,0.864824652671814
8888,0.9105495065450668,8888,0.8434215784072876,0.864824652671814
8889,0.9105495065450668,8889,0.8434215784072876,0.864824652671814
8890,0.9105495065450668,8890,0.8434215784072876,0.864824652671814
8891,0.9105495065450668,8891,0.8434215784072876,0.864824652671814
8892,0.9105495065450668,8892,0.8434215784072876,0.864824652671814
8893,0.9105495065450668,8893,0.8434215784072876,0.864824652671814
8894,0.9105495065450668,8894,0.8434215784072876,0.864824652671814
8895,0.9105495065450668,8895,0.8434215784072876,0.864824652671814
8896,0.9105495065450668,8896,0.8434215784072876,0.864824652671814
8897,0.9105495065450668,8897,0.8434215784072876,0.864824652671814
8898,0.9105495065450668,8898,0.8434215784072876,0.864824652671814
8899,0.9105495065450668,8899,0.8434215784072876,0.864824652671814
8900,0.9105495065450668,8900,0.8434215784072876,0.864824652671814
8901,0.9105495065450668,8901,0.8434215784072876,0.864824652671814
8902,0.9105495065450668,8902,0.8434215784072876,0.864824652671814
8903,0.9105495065450668,8903,0.8434215784072876,0.864824652671814
8904,0.9105495065450668,8904,0.8434215784072876,0.864824652671814
8905,0.9105495065450668,8905,0.8434215784072876,0.864824652671814
8906,0.9105495065450668,8906,0.8434215784072876,0.864824652671814
8907,0.9105495065450668,8907,0.8434215784072876,0.864824652671814
8908,0.9105495065450668,8908,0.8434215784072876,0.864824652671814
8909,0.9105495065450668,8909,0.8434215784072876,0.864824652671814
8910,0.9105495065450668,8910,0.8434215784072876,0.864824652671814
8911,0.9105495065450668,8911,0.8434215784072876,0.864824652671814
8912,0.9105495065450668,8912,0.8434215784072876,0.864824652671814
8913,0.9105495065450668,8913,0.8434072881937027,0.864824652671814
8914,0.9105495065450668,8914,0.8434072881937027,0.864824652671814
8915,0.9105495065450668,8915,0.8434072881937027,0.864824652671814
8916,0.9105495065450668,8916,0.8434072881937027,0.864824652671814
8917,0.9105495065450668,8917,0.8434072881937027,0.864824652671814
8918,0.9105495065450668,8918,0.8434072881937027,0.864824652671814
8919,0.9105495065450668,8919,0.8434072881937027,0.864824652671814
8920,0.9105495065450668,8920,0.8434072881937027,0.864824652671814
8921,0.9105495065450668,8921,0.8434072881937027,0.864824652671814
8922,0.9105495065450668,8922,0.8434072881937027,0.864824652671814
8923,0.9105495065450668,8923,0.8434072881937027,0.864824652671814
8924,0.9105495065450668,8924,0.8434072881937027,0.864824652671814
8925,0.9105495065450668,8925,0.8434072881937027,0.864824652671814
8926,0.9105495065450668,8926,0.8434072881937027,0.864824652671814
8927,0.9105495065450668,8927,0.8434072881937027,0.864824652671814
8928,0.9105495065450668,8928,0.8434072881937027,0.864824652671814
8929,0.9105495065450668,8929,0.8434072881937027,0.864824652671814
8930,0.9105495065450668,8930,0.8434072881937027,0.864824652671814
8931,0.9105495065450668,8931,0.8434072881937027,0.864824652671814
8932,0.9105495065450668,8932,0.8434072881937027,0.864824652671814
8933,0.9105495065450668,8933,0.8434072881937027,0.864824652671814
8934,0.9105495065450668,8934,0.8434072881937027,0.864824652671814
8935,0.9105495065450668,8935,0.8434072881937027,0.864824652671814
8936,0.9105495065450668,8936,0.8434072881937027,0.864824652671814
8937,0.9105495065450668,8937,0.8434072881937027,0.864824652671814
8938,0.9105495065450668,8938,0.8434072881937027,0.864824652671814
8939,0.9105495065450668,8939,0.8434072881937027,0.864824652671814
8940,0.9105495065450668,8940,0.8434072881937027,0.864824652671814
8941,0.9105495065450668,8941,0.8434072881937027,0.864824652671814
8942,0.9105495065450668,8942,0.8434072881937027,0.864824652671814
8943,0.9105495065450668,8943,0.8434072881937027,0.864824652671814
8944,0.9105495065450668,8944,0.8434072881937027,0.864824652671814
8945,0.9105495065450668,8945,0.8434072881937027,0.864824652671814
8946,0.9105495065450668,8946,0.8434072881937027,0.864824652671814
8947,0.9105495065450668,8947,0.8434072881937027,0.864824652671814
8948,0.9105495065450668,8948,0.8434072881937027,0.864824652671814
8949,0.9105495065450668,8949,0.8434072881937027,0.864824652671814
8950,0.9105495065450668,8950,0.8434072881937027,0.864824652671814
8951,0.9105495065450668,8951,0.8434072881937027,0.864824652671814
8952,0.9105495065450668,8952,0.8434072881937027,0.864824652671814
8953,0.9105495065450668,8953,0.8434072881937027,0.864824652671814
8954,0.9105495065450668,8954,0.8434072881937027,0.864824652671814
8955,0.9105495065450668,8955,0.8434072881937027,0.864824652671814
8956,0.9105495065450668,8956,0.8434072881937027,0.864824652671814
8957,0.9105495065450668,8957,0.8434072881937027,0.864824652671814
8958,0.9105495065450668,8958,0.8434072881937027,0.864824652671814
8959,0.9105495065450668,8959,0.8434072881937027,0.864824652671814
8960,0.9105495065450668,8960,0.8434072881937027,0.864824652671814
8961,0.9105495065450668,8961,0.8434072881937027,0.864824652671814
8962,0.9105495065450668,8962,0.8434072881937027,0.864824652671814
8963,0.9105495065450668,8963,0.8434072881937027,0.864824652671814
8964,0.9105495065450668,8964,0.8434072881937027,0.864824652671814
8965,0.9105495065450668,8965,0.8434072881937027,0.864824652671814
8966,0.9105495065450668,8966,0.8434072881937027,0.864824652671814
8967,0.9105495065450668,8967,0.8434072881937027,0.864824652671814
8968,0.9105495065450668,8968,0.8434072881937027,0.864824652671814
8969,0.9105495065450668,8969,0.8434072881937027,0.864824652671814
8970,0.9105495065450668,8970,0.8434072881937027,0.864824652671814
8971,0.9105495065450668,8971,0.8434072881937027,0.864824652671814
8972,0.9105495065450668,8972,0.8434072881937027,0.864824652671814
8973,0.9105495065450668,8973,0.8434072881937027,0.864824652671814
8974,0.9105495065450668,8974,0.8434072881937027,0.864824652671814
8975,0.9105495065450668,8975,0.8434072881937027,0.864824652671814
8976,0.9105495065450668,8976,0.8434072881937027,0.864824652671814
8977,0.9105495065450668,8977,0.8434072881937027,0.864824652671814
8978,0.9105495065450668,8978,0.8434072881937027,0.864824652671814
8979,0.9105495065450668,8979,0.8434072881937027,0.864824652671814
8980,0.9105495065450668,8980,0.8434072881937027,0.864824652671814
8981,0.9105495065450668,8981,0.8434072881937027,0.864824652671814
8982,0.9105495065450668,8982,0.8434072881937027,0.864824652671814
8983,0.9105495065450668,8983,0.8434072881937027,0.864824652671814
8984,0.9105495065450668,8984,0.8434072881937027,0.864824652671814
8985,0.9105495065450668,8985,0.8434072881937027,0.864824652671814
8986,0.9105495065450668,8986,0.8434072881937027,0.864824652671814
8987,0.9105495065450668,8987,0.8434072881937027,0.864824652671814
8988,0.9105495065450668,8988,0.8434072881937027,0.864824652671814
8989,0.9105495065450668,8989,0.8434072881937027,0.864824652671814
8990,0.9105495065450668,8990,0.8434072881937027,0.864824652671814
8991,0.9105495065450668,8991,0.8434072881937027,0.864824652671814
8992,0.9105495065450668,8992,0.8434072881937027,0.864824652671814
8993,0.9105495065450668,8993,0.8434072881937027,0.864824652671814
8994,0.9105495065450668,8994,0.8434072881937027,0.864824652671814
8995,0.9105495065450668,8995,0.8434072881937027,0.864824652671814
8996,0.9105495065450668,8996,0.8434072881937027,0.864824652671814
8997,0.9105495065450668,8997,0.8434072881937027,0.864824652671814
8998,0.9105495065450668,8998,0.8434072881937027,0.864824652671814
8999,0.9105495065450668,8999,0.8434072881937027,0.864824652671814
9000,0.9105274304747581,9000,0.8434726744890213,0.8648338317871094
9001,0.9105274304747581,9001,0.8434869796037674,0.8648338317871094
9002,0.9105274304747581,9002,0.8434869796037674,0.8648338317871094
9003,0.9105274304747581,9003,0.8434869796037674,0.8648338317871094
9004,0.9105274304747581,9004,0.8434869796037674,0.8648338317871094
9005,0.9105274304747581,9005,0.8434869796037674,0.8648338317871094
9006,0.9105274304747581,9006,0.8434869796037674,0.8648338317871094
9007,0.9105274304747581,9007,0.8434869796037674,0.8648338317871094
9008,0.9105274304747581,9008,0.8434869796037674,0.8648338317871094
9009,0.9105274304747581,9009,0.8434869796037674,0.8648338317871094
9010,0.9105274304747581,9010,0.8434869796037674,0.8648338317871094
9011,0.9105274304747581,9011,0.8434869796037674,0.8648338317871094
9012,0.9105274304747581,9012,0.8434869796037674,0.8648338317871094
9013,0.9105274304747581,9013,0.8434869796037674,0.8648338317871094
9014,0.9105274304747581,9014,0.8434869796037674,0.8648338317871094
9015,0.9105274304747581,9015,0.8434869796037674,0.8648338317871094
9016,0.9105274304747581,9016,0.8434869796037674,0.8648338317871094
9017,0.9105274304747581,9017,0.8434869796037674,0.8648338317871094
9018,0.9105274304747581,9018,0.8434869796037674,0.8648338317871094
9019,0.9105274304747581,9019,0.8434869796037674,0.8648338317871094
9020,0.9105274304747581,9020,0.8434869796037674,0.8648338317871094
9021,0.9105274304747581,9021,0.8434869796037674,0.8648338317871094
9022,0.9105274304747581,9022,0.8434869796037674,0.8648338317871094
9023,0.9105274304747581,9023,0.8434869796037674,0.8648338317871094
9024,0.9105274304747581,9024,0.8434869796037674,0.8648338317871094
9025,0.9105274304747581,9025,0.8434869796037674,0.8648338317871094
9026,0.9105274304747581,9026,0.8434869796037674,0.8648338317871094
9027,0.9105274304747581,9027,0.8434869796037674,0.8648338317871094
9028,0.9105274304747581,9028,0.8434869796037674,0.8648338317871094
9029,0.9105274304747581,9029,0.8434869796037674,0.8648338317871094
9030,0.9105274304747581,9030,0.8434869796037674,0.8648338317871094
9031,0.9105274304747581,9031,0.8434869796037674,0.8648338317871094
9032,0.9105274304747581,9032,0.8434869796037674,0.8648338317871094
9033,0.9105274304747581,9033,0.8434869796037674,0.8648338317871094
9034,0.9105274304747581,9034,0.8434869796037674,0.8648338317871094
9035,0.9105274304747581,9035,0.8434869796037674,0.8648338317871094
9036,0.9105274304747581,9036,0.8434948474168777,0.8648338317871094
9037,0.9105274304747581,9037,0.8434948474168777,0.8648338317871094
9038,0.9105274304747581,9038,0.8434948474168777,0.8648338317871094
9039,0.9105274304747581,9039,0.8434948474168777,0.8648338317871094
9040,0.9105274304747581,9040,0.8434948474168777,0.8648338317871094
9041,0.9105274304747581,9041,0.8434948474168777,0.8648338317871094
9042,0.9105274304747581,9042,0.8434948474168777,0.8648338317871094
9043,0.9105274304747581,9043,0.8434948474168777,0.8648338317871094
9044,0.9105274304747581,9044,0.8434948474168777,0.8648338317871094
9045,0.9105274304747581,9045,0.8434948474168777,0.8648338317871094
9046,0.9105274304747581,9046,0.8434948474168777,0.8648338317871094
9047,0.9105274304747581,9047,0.8434948474168777,0.8648338317871094
9048,0.9105274304747581,9048,0.8434948474168777,0.8648338317871094
9049,0.9105274304747581,9049,0.8434948474168777,0.8648338317871094
9050,0.9105274304747581,9050,0.8434948474168777,0.8648338317871094
9051,0.9105274304747581,9051,0.8434948474168777,0.8648338317871094
9052,0.9105274304747581,9052,0.8434948474168777,0.8648338317871094
9053,0.9105274304747581,9053,0.8434948474168777,0.8648338317871094
9054,0.9105274304747581,9054,0.8434948474168777,0.8648338317871094
9055,0.9105274304747581,9055,0.8434948474168777,0.8648338317871094
9056,0.9105274304747581,9056,0.8434948474168777,0.8648338317871094
9057,0.9105274304747581,9057,0.8434948474168777,0.8648338317871094
9058,0.9105274304747581,9058,0.8434948474168777,0.8648338317871094
9059,0.9105274304747581,9059,0.8434948474168777,0.8648338317871094
9060,0.9105274304747581,9060,0.8434948474168777,0.8648338317871094
9061,0.9105274304747581,9061,0.8434948474168777,0.8648338317871094
9062,0.9105274304747581,9062,0.8434948474168777,0.8648338317871094
9063,0.9105274304747581,9063,0.8434948474168777,0.8648338317871094
9064,0.9105274304747581,9064,0.8434948474168777,0.8648338317871094
9065,0.9105274304747581,9065,0.8434948474168777,0.8648338317871094
9066,0.9105274304747581,9066,0.8434948474168777,0.8648338317871094
9067,0.9105274304747581,9067,0.8434948474168777,0.8648338317871094
9068,0.9105274304747581,9068,0.8434948474168777,0.8648338317871094
9069,0.9105274304747581,9069,0.8434948474168777,0.8648338317871094
9070,0.9105274304747581,9070,0.8434948474168777,0.8648338317871094
9071,0.9105274304747581,9071,0.8434948474168777,0.8648338317871094
9072,0.9105274304747581,9072,0.8434948474168777,0.8648338317871094
9073,0.9105274304747581,9073,0.8434948474168777,0.8648338317871094
9074,0.9105274304747581,9074,0.8434948474168777,0.8648338317871094
9075,0.9105274304747581,9075,0.8434948474168777,0.8648338317871094
9076,0.9105274304747581,9076,0.8434948474168777,0.8648338317871094
9077,0.9105274304747581,9077,0.8434948474168777,0.8648338317871094
9078,0.9105274304747581,9078,0.8434948474168777,0.8648338317871094
9079,0.9105274304747581,9079,0.8434948474168777,0.8648338317871094
9080,0.9105274304747581,9080,0.8434948474168777,0.8648338317871094
9081,0.9105274304747581,9081,0.8434948474168777,0.8648338317871094
9082,0.9105274304747581,9082,0.8434948474168777,0.8648338317871094
9083,0.9105274304747581,9083,0.8434948474168777,0.8648338317871094
9084,0.9105274304747581,9084,0.8434948474168777,0.8648338317871094
9085,0.9105274304747581,9085,0.8434948474168777,0.8648338317871094
9086,0.9105274304747581,9086,0.8434948474168777,0.8648338317871094
9087,0.9105274304747581,9087,0.8434948474168777,0.8648338317871094
9088,0.9105274304747581,9088,0.8434948474168777,0.8648338317871094
9089,0.9105274304747581,9089,0.8434948474168777,0.8648338317871094
9090,0.9105274304747581,9090,0.8434948474168777,0.8648338317871094
9091,0.9105274304747581,9091,0.8434948474168777,0.8648338317871094
9092,0.9105274304747581,9092,0.8434948474168777,0.8648338317871094
9093,0.9105274304747581,9093,0.8434948474168777,0.8648338317871094
9094,0.9105274304747581,9094,0.8434948474168777,0.8648338317871094
9095,0.9105274304747581,9095,0.8434948474168777,0.8648338317871094
9096,0.9105274304747581,9096,0.8434948474168777,0.8648338317871094
9097,0.9105274304747581,9097,0.8434948474168777,0.8648338317871094
9098,0.9105274304747581,9098,0.8434948474168777,0.8648338317871094
9099,0.9105274304747581,9099,0.8434948474168777,0.8648338317871094
9100,0.9105274304747581,9100,0.8434948474168777,0.8648338317871094
9101,0.9105274304747581,9101,0.8434948474168777,0.8648338317871094
9102,0.9105274304747581,9102,0.8434948474168777,0.8648338317871094
9103,0.9105274304747581,9103,0.8434948474168777,0.8648338317871094
9104,0.9105274304747581,9104,0.8434948474168777,0.8648338317871094
9105,0.9105274304747581,9105,0.8434948474168777,0.8648338317871094
9106,0.9105274304747581,9106,0.8434948474168777,0.8648338317871094
9107,0.9105274304747581,9107,0.8434948474168777,0.8648338317871094
9108,0.9105274304747581,9108,0.8434948474168777,0.8648338317871094
9109,0.9105274304747581,9109,0.8434948474168777,0.8648338317871094
9110,0.9105274304747581,9110,0.8434948474168777,0.8648338317871094
9111,0.9105274304747581,9111,0.8434948474168777,0.8648338317871094
9112,0.9105274304747581,9112,0.8434948474168777,0.8648338317871094
9113,0.9105274304747581,9113,0.8434948474168777,0.8648338317871094
9114,0.9105274304747581,9114,0.8434948474168777,0.8648338317871094
9115,0.9105274304747581,9115,0.8434948474168777,0.8648338317871094
9116,0.9105274304747581,9116,0.8434948474168777,0.8648338317871094
9117,0.9105274304747581,9117,0.8434948474168777,0.8648338317871094
9118,0.9105274304747581,9118,0.8434948474168777,0.8648338317871094
9119,0.9105274304747581,9119,0.8434948474168777,0.8648338317871094
9120,0.9105274304747581,9120,0.8434948474168777,0.8648338317871094
9121,0.9105274304747581,9121,0.8434948474168777,0.8648338317871094
9122,0.9105274304747581,9122,0.8434948474168777,0.8648338317871094
9123,0.9105274304747581,9123,0.8434948474168777,0.8648338317871094
9124,0.9105274304747581,9124,0.8434948474168777,0.8648338317871094
9125,0.9105274304747581,9125,0.8434948474168777,0.8648338317871094
9126,0.9105274304747581,9126,0.8434948474168777,0.8648338317871094
9127,0.9105274304747581,9127,0.8434948474168777,0.8648338317871094
9128,0.9105274304747581,9128,0.8434948474168777,0.8648338317871094
9129,0.9105274304747581,9129,0.8434948474168777,0.8648338317871094
9130,0.9105274304747581,9130,0.8434948474168777,0.8648338317871094
9131,0.9105274304747581,9131,0.8434948474168777,0.8648338317871094
9132,0.9105274304747581,9132,0.8434948474168777,0.8648338317871094
9133,0.9105274304747581,9133,0.8434948474168777,0.8648338317871094
9134,0.9105274304747581,9134,0.8434948474168777,0.8648338317871094
9135,0.9105274304747581,9135,0.8434948474168777,0.8648338317871094
9136,0.9105274304747581,9136,0.8434948474168777,0.8648338317871094
9137,0.9105274304747581,9137,0.8434948474168777,0.8648338317871094
9138,0.9105274304747581,9138,0.8434948474168777,0.8648338317871094
9139,0.9105274304747581,9139,0.8434948474168777,0.8648338317871094
9140,0.9105274304747581,9140,0.8434948474168777,0.8648338317871094
9141,0.9105274304747581,9141,0.8434948474168777,0.8648338317871094
9142,0.9105274304747581,9142,0.8434948474168777,0.8648338317871094
9143,0.9105274304747581,9143,0.8434948474168777,0.8648338317871094
9144,0.9105274304747581,9144,0.8434948474168777,0.8648338317871094
9145,0.9105274304747581,9145,0.8434948474168777,0.8648338317871094
9146,0.9105274304747581,9146,0.8434948474168777,0.8648338317871094
9147,0.9105274304747581,9147,0.8434948474168777,0.8648338317871094
9148,0.9105274304747581,9148,0.8434948474168777,0.8648338317871094
9149,0.9105274304747581,9149,0.8434948474168777,0.8648338317871094
9150,0.9105274304747581,9150,0.8434948474168777,0.8648338317871094
9151,0.9105274304747581,9151,0.8434948474168777,0.8648338317871094
9152,0.9105274304747581,9152,0.8434948474168777,0.8648338317871094
9153,0.9105274304747581,9153,0.8434948474168777,0.8648338317871094
9154,0.9105274304747581,9154,0.8434948474168777,0.8648338317871094
9155,0.9105274304747581,9155,0.8434948474168777,0.8648338317871094
9156,0.9105274304747581,9156,0.8434948474168777,0.8648338317871094
9157,0.9105274304747581,9157,0.8434948474168777,0.8648338317871094
9158,0.9105274304747581,9158,0.8434948474168777,0.8648338317871094
9159,0.9105274304747581,9159,0.8434948474168777,0.8648338317871094
9160,0.9105274304747581,9160,0.8434948474168777,0.8648338317871094
9161,0.9105274304747581,9161,0.8434948474168777,0.8648338317871094
9162,0.9105274304747581,9162,0.8434948474168777,0.8648338317871094
9163,0.9105274304747581,9163,0.8434948474168777,0.8648338317871094
9164,0.9105274304747581,9164,0.8434948474168777,0.8648338317871094
9165,0.9105274304747581,9165,0.8434948474168777,0.8648338317871094
9166,0.9105274304747581,9166,0.8434948474168777,0.8648338317871094
9167,0.9105274304747581,9167,0.8434948474168777,0.8648338317871094
9168,0.9105274304747581,9168,0.8434948474168777,0.8648338317871094
9169,0.9105274304747581,9169,0.8434805572032928,0.8648338317871094
9170,0.9105274304747581,9170,0.8434805572032928,0.8648338317871094
9171,0.9105274304747581,9171,0.8434805572032928,0.8648338317871094
9172,0.9105274304747581,9172,0.8434805572032928,0.8648338317871094
9173,0.9105274304747581,9173,0.8434805572032928,0.8648338317871094
9174,0.9105274304747581,9174,0.8434805572032928,0.8648338317871094
9175,0.9105274304747581,9175,0.8434805572032928,0.8648338317871094
9176,0.9105274304747581,9176,0.8434805572032928,0.8648338317871094
9177,0.9105274304747581,9177,0.8434805572032928,0.8648338317871094
9178,0.9105274304747581,9178,0.8434805572032928,0.8648338317871094
9179,0.9105274304747581,9179,0.8434805572032928,0.8648338317871094
9180,0.9105274304747581,9180,0.8434805572032928,0.8648338317871094
9181,0.9105274304747581,9181,0.8434805572032928,0.8648338317871094
9182,0.9105274304747581,9182,0.8434805572032928,0.8648338317871094
9183,0.9105274304747581,9183,0.8434805572032928,0.8648338317871094
9184,0.9105274304747581,9184,0.8434805572032928,0.8648338317871094
9185,0.9105274304747581,9185,0.8434805572032928,0.8648338317871094
9186,0.9105274304747581,9186,0.8434805572032928,0.8648338317871094
9187,0.9105274304747581,9187,0.8434805572032928,0.8648338317871094
9188,0.9105274304747581,9188,0.8434805572032928,0.8648338317871094
9189,0.9105274304747581,9189,0.8434805572032928,0.8648338317871094
9190,0.9105274304747581,9190,0.8434805572032928,0.8648338317871094
9191,0.9105274304747581,9191,0.8434805572032928,0.8648338317871094
9192,0.9105274304747581,9192,0.8434805572032928,0.8648338317871094
9193,0.9105274304747581,9193,0.8434805572032928,0.8648338317871094
9194,0.9105274304747581,9194,0.8434805572032928,0.8648338317871094
9195,0.9105274304747581,9195,0.8434805572032928,0.8648338317871094
9196,0.9105274304747581,9196,0.8434805572032928,0.8648338317871094
9197,0.9105274304747581,9197,0.8434805572032928,0.8648338317871094
9198,0.9105274304747581,9198,0.8434805572032928,0.8648338317871094
9199,0.9105274304747581,9199,0.8434805572032928,0.8648338317871094
9200,0.9105274304747581,9200,0.8434805572032928,0.8648338317871094
9201,0.9105274304747581,9201,0.8434805572032928,0.8648338317871094
9202,0.9105274304747581,9202,0.8434805572032928,0.8648338317871094
9203,0.9105274304747581,9203,0.8434805572032928,0.8648338317871094
9204,0.9105274304747581,9204,0.8434805572032928,0.8648338317871094
9205,0.9105274304747581,9205,0.8434805572032928,0.8648338317871094
9206,0.9105274304747581,9206,0.8434805572032928,0.8648338317871094
9207,0.9105274304747581,9207,0.8434805572032928,0.8648338317871094
9208,0.9105274304747581,9208,0.8434805572032928,0.8648338317871094
9209,0.9105274304747581,9209,0.8434805572032928,0.8648338317871094
9210,0.9105274304747581,9210,0.8434805572032928,0.8648338317871094
9211,0.9105274304747581,9211,0.8434805572032928,0.8648338317871094
9212,0.9105274304747581,9212,0.8434805572032928,0.8648338317871094
9213,0.9105274304747581,9213,0.8434805572032928,0.8648338317871094
9214,0.9105274304747581,9214,0.8434805572032928,0.8648338317871094
9215,0.9105274304747581,9215,0.8434805572032928,0.8648338317871094
9216,0.9105274304747581,9216,0.8434805572032928,0.8648338317871094
9217,0.9105274304747581,9217,0.8434805572032928,0.8648338317871094
9218,0.9105274304747581,9218,0.8434805572032928,0.8648338317871094
9219,0.9105274304747581,9219,0.8434805572032928,0.8648338317871094
9220,0.9105274304747581,9220,0.8434805572032928,0.8648338317871094
9221,0.9105274304747581,9221,0.8434805572032928,0.8648338317871094
9222,0.9105274304747581,9222,0.8434805572032928,0.8648338317871094
9223,0.9105274304747581,9223,0.8434805572032928,0.8648338317871094
9224,0.9105274304747581,9224,0.8434805572032928,0.8648338317871094
9225,0.9105274304747581,9225,0.8434805572032928,0.8648338317871094
9226,0.9105274304747581,9226,0.8434805572032928,0.8648338317871094
9227,0.9105274304747581,9227,0.8434805572032928,0.8648338317871094
9228,0.9105274304747581,9228,0.8434805572032928,0.8648338317871094
9229,0.9105274304747581,9229,0.8434805572032928,0.8648338317871094
9230,0.9105274304747581,9230,0.8434805572032928,0.8648338317871094
9231,0.9105274304747581,9231,0.8434805572032928,0.8648338317871094
9232,0.9105274304747581,9232,0.8434805572032928,0.8648338317871094
9233,0.9105274304747581,9233,0.8434805572032928,0.8648338317871094
9234,0.9105274304747581,9234,0.8434805572032928,0.8648338317871094
9235,0.9105274304747581,9235,0.8434805572032928,0.8648338317871094
9236,0.9105274304747581,9236,0.8434805572032928,0.8648338317871094
9237,0.9105274304747581,9237,0.8434805572032928,0.8648338317871094
9238,0.9105274304747581,9238,0.8434805572032928,0.8648338317871094
9239,0.9105274304747581,9239,0.8434805572032928,0.8648338317871094
9240,0.9105274304747581,9240,0.8434805572032928,0.8648338317871094
9241,0.9105274304747581,9241,0.8434805572032928,0.8648338317871094
9242,0.9105274304747581,9242,0.8434805572032928,0.8648338317871094
9243,0.9105274304747581,9243,0.8434805572032928,0.8648338317871094
9244,0.9105274304747581,9244,0.8434805572032928,0.8648338317871094
9245,0.9105274304747581,9245,0.8434805572032928,0.8648338317871094
9246,0.9105274304747581,9246,0.8434805572032928,0.8648338317871094
9247,0.9105274304747581,9247,0.8434805572032928,0.8648338317871094
9248,0.9105274304747581,9248,0.8434805572032928,0.8648338317871094
9249,0.9105274304747581,9249,0.8434805572032928,0.8648338317871094
9250,0.9103569835424423,9250,0.8436760604381561,0.8648584187030792
9251,0.9103569835424423,9251,0.8436824828386307,0.8648584187030792
9252,0.9103569835424423,9252,0.8436824828386307,0.8648584187030792
9253,0.9103569835424423,9253,0.8436824828386307,0.8648584187030792
9254,0.9103569835424423,9254,0.8436824828386307,0.8648584187030792
9255,0.9103569835424423,9255,0.8436824828386307,0.8648584187030792
9256,0.9103569835424423,9256,0.8436824828386307,0.8648584187030792
9257,0.9103569835424423,9257,0.8436824828386307,0.8648584187030792
9258,0.9103569835424423,9258,0.8436824828386307,0.8648584187030792
9259,0.9103569835424423,9259,0.8436824828386307,0.8648584187030792
9260,0.9103569835424423,9260,0.8436824828386307,0.8648584187030792
9261,0.9103569835424423,9261,0.8436824828386307,0.8648584187030792
9262,0.9103569835424423,9262,0.8436824828386307,0.8648584187030792
9263,0.9103569835424423,9263,0.8436681777238846,0.8648584187030792
9264,0.9103569835424423,9264,0.8436681777238846,0.8648584187030792
9265,0.9103569835424423,9265,0.8436681777238846,0.8648584187030792
9266,0.9103569835424423,9266,0.8436681777238846,0.8648584187030792
9267,0.9103569835424423,9267,0.8436681777238846,0.8648584187030792
9268,0.9103569835424423,9268,0.8436681777238846,0.8648584187030792
9269,0.9103569835424423,9269,0.8436681777238846,0.8648584187030792
9270,0.9103569835424423,9270,0.8436681777238846,0.8648584187030792
9271,0.9103569835424423,9271,0.8436681777238846,0.8648584187030792
9272,0.9103569835424423,9272,0.8436681777238846,0.8648584187030792
9273,0.9103569835424423,9273,0.8436681777238846,0.8648584187030792
9274,0.9103569835424423,9274,0.8436681777238846,0.8648584187030792
9275,0.9103569835424423,9275,0.8436681777238846,0.8648584187030792
9276,0.9103569835424423,9276,0.8436681777238846,0.8648584187030792
9277,0.9103569835424423,9277,0.8436681777238846,0.8648584187030792
9278,0.9103569835424423,9278,0.8436681777238846,0.8648584187030792
9279,0.9103569835424423,9279,0.8436681777238846,0.8648584187030792
9280,0.9103569835424423,9280,0.8436681777238846,0.8648584187030792
9281,0.9103569835424423,9281,0.8436681777238846,0.8648584187030792
9282,0.9103569835424423,9282,0.8436681777238846,0.8648584187030792
9283,0.9103569835424423,9283,0.8436681777238846,0.8648584187030792
9284,0.9103569835424423,9284,0.8436681777238846,0.8648584187030792
9285,0.9103569835424423,9285,0.8436681777238846,0.8648584187030792
9286,0.9103569835424423,9286,0.8436681777238846,0.8648584187030792
9287,0.9103569835424423,9287,0.8436681777238846,0.8648584187030792
9288,0.9103569835424423,9288,0.8436681777238846,0.8648584187030792
9289,0.9103569835424423,9289,0.8436681777238846,0.8648584187030792
9290,0.9103569835424423,9290,0.8436681777238846,0.8648584187030792
9291,0.9103569835424423,9291,0.8436681777238846,0.8648584187030792
9292,0.9103569835424423,9292,0.8436681777238846,0.8648584187030792
9293,0.9103569835424423,9293,0.8436681777238846,0.8648584187030792
9294,0.9103569835424423,9294,0.8436681777238846,0.8648584187030792
9295,0.9103569835424423,9295,0.8436681777238846,0.8648584187030792
9296,0.9103569835424423,9296,0.8436681777238846,0.8648584187030792
9297,0.9103569835424423,9297,0.8436681777238846,0.8648584187030792
9298,0.9103569835424423,9298,0.8436681777238846,0.8648584187030792
9299,0.9103569835424423,9299,0.8436681777238846,0.8648584187030792
9300,0.9103569835424423,9300,0.8436681777238846,0.8648584187030792
9301,0.9103569835424423,9301,0.8436681777238846,0.8648584187030792
9302,0.9103569835424423,9302,0.8436681777238846,0.8648584187030792
9303,0.9103569835424423,9303,0.8436681777238846,0.8648584187030792
9304,0.9103569835424423,9304,0.8436681777238846,0.8648584187030792
9305,0.9103569835424423,9305,0.8436681777238846,0.8648584187030792
9306,0.9103569835424423,9306,0.8436681777238846,0.8648584187030792
9307,0.9103569835424423,9307,0.8436681777238846,0.8648584187030792
9308,0.9103569835424423,9308,0.8436681777238846,0.8648584187030792
9309,0.9103569835424423,9309,0.8436681777238846,0.8648584187030792
9310,0.9103569835424423,9310,0.8436681777238846,0.8648584187030792
9311,0.9103569835424423,9311,0.8436681777238846,0.8648584187030792
9312,0.9103569835424423,9312,0.8436681777238846,0.8648584187030792
9313,0.9103569835424423,9313,0.8436681777238846,0.8648584187030792
9314,0.9103569835424423,9314,0.8436681777238846,0.8648584187030792
9315,0.9103569835424423,9315,0.8436681777238846,0.8648584187030792
9316,0.9103569835424423,9316,0.8436681777238846,0.8648584187030792
9317,0.9103569835424423,9317,0.8436681777238846,0.8648584187030792
9318,0.9103569835424423,9318,0.8436681777238846,0.8648584187030792
9319,0.9103569835424423,9319,0.8436681777238846,0.8648584187030792
9320,0.9103569835424423,9320,0.8436681777238846,0.8648584187030792
9321,0.9103569835424423,9321,0.8436681777238846,0.8648584187030792
9322,0.9103569835424423,9322,0.8436681777238846,0.8648584187030792
9323,0.9103569835424423,9323,0.8436681777238846,0.8648584187030792
9324,0.9103569835424423,9324,0.8436681777238846,0.8648584187030792
9325,0.9103569835424423,9325,0.8436681777238846,0.8648584187030792
9326,0.9103569835424423,9326,0.8436681777238846,0.8648584187030792
9327,0.9103569835424423,9327,0.8436681777238846,0.8648584187030792
9328,0.9103569835424423,9328,0.8436681777238846,0.8648584187030792
9329,0.9103569835424423,9329,0.8436681777238846,0.8648584187030792
9330,0.9103569835424423,9330,0.8436681777238846,0.8648584187030792
9331,0.9103569835424423,9331,0.8436681777238846,0.8648584187030792
9332,0.9103569835424423,9332,0.8436681777238846,0.8648584187030792
9333,0.9103569835424423,9333,0.8436681777238846,0.8648584187030792
9334,0.9103569835424423,9334,0.8436681777238846,0.8648584187030792
9335,0.9103569835424423,9335,0.8436681777238846,0.8648584187030792
9336,0.9103569835424423,9336,0.8436681777238846,0.8648584187030792
9337,0.9103569835424423,9337,0.8436681777238846,0.8648584187030792
9338,0.9103569835424423,9338,0.8436681777238846,0.8648584187030792
9339,0.9103569835424423,9339,0.8436681777238846,0.8648584187030792
9340,0.9103569835424423,9340,0.8436681777238846,0.8648584187030792
9341,0.9103569835424423,9341,0.8436681777238846,0.8648584187030792
9342,0.9103569835424423,9342,0.8436681777238846,0.8648584187030792
9343,0.9103569835424423,9343,0.8436681777238846,0.8648584187030792
9344,0.9103569835424423,9344,0.8436681777238846,0.8648584187030792
9345,0.9103569835424423,9345,0.8436681777238846,0.8648584187030792
9346,0.9103569835424423,9346,0.8436681777238846,0.8648584187030792
9347,0.9103569835424423,9347,0.8436681777238846,0.8648584187030792
9348,0.9103569835424423,9348,0.8436681777238846,0.8648584187030792
9349,0.9103569835424423,9349,0.8436681777238846,0.8648584187030792
9350,0.9103569835424423,9350,0.8436681777238846,0.8648584187030792
9351,0.9103569835424423,9351,0.8436681777238846,0.8648584187030792
9352,0.9103569835424423,9352,0.8436681777238846,0.8648584187030792
9353,0.9103569835424423,9353,0.8436681777238846,0.8648584187030792
9354,0.9103569835424423,9354,0.8436681777238846,0.8648584187030792
9355,0.9103569835424423,9355,0.8436681777238846,0.8648584187030792
9356,0.9103569835424423,9356,0.8436681777238846,0.8648584187030792
9357,0.9103569835424423,9357,0.8436681777238846,0.8648584187030792
9358,0.9103569835424423,9358,0.8436681777238846,0.8648584187030792
9359,0.9103569835424423,9359,0.8436681777238846,0.8648584187030792
9360,0.9103569835424423,9360,0.8436681777238846,0.8648584187030792
9361,0.9103569835424423,9361,0.8436681777238846,0.8648584187030792
9362,0.9103569835424423,9362,0.8436681777238846,0.8648584187030792
9363,0.9103569835424423,9363,0.8436681777238846,0.8648584187030792
9364,0.9103569835424423,9364,0.8436681777238846,0.8648584187030792
9365,0.9103569835424423,9365,0.8436681777238846,0.8648584187030792
9366,0.9103569835424423,9366,0.8436681777238846,0.8648584187030792
9367,0.9103569835424423,9367,0.8436681777238846,0.8648584187030792
9368,0.9103569835424423,9368,0.8436681777238846,0.8648584187030792
9369,0.9103569835424423,9369,0.8436681777238846,0.8648584187030792
9370,0.9103569835424423,9370,0.8436681777238846,0.8648584187030792
9371,0.9103569835424423,9371,0.8436681777238846,0.8648584187030792
9372,0.9103569835424423,9372,0.8436681777238846,0.8648584187030792
9373,0.9103569835424423,9373,0.8436681777238846,0.8648584187030792
9374,0.9103569835424423,9374,0.8436681777238846,0.8648584187030792
9375,0.9103569835424423,9375,0.8436681777238846,0.8648584187030792
9376,0.9103569835424423,9376,0.8436681777238846,0.8648584187030792
9377,0.9103569835424423,9377,0.8436681777238846,0.8648584187030792
9378,0.9103569835424423,9378,0.8436681777238846,0.8648584187030792
9379,0.9103569835424423,9379,0.8436681777238846,0.8648584187030792
9380,0.9103569835424423,9380,0.8436681777238846,0.8648584187030792
9381,0.9103569835424423,9381,0.8436681777238846,0.8648584187030792
9382,0.9103569835424423,9382,0.8436681777238846,0.8648584187030792
9383,0.9103569835424423,9383,0.8436681777238846,0.8648584187030792
9384,0.9103569835424423,9384,0.8436681777238846,0.8648584187030792
9385,0.9103569835424423,9385,0.8436681777238846,0.8648584187030792
9386,0.9103569835424423,9386,0.8436681777238846,0.8648584187030792
9387,0.9103569835424423,9387,0.8436681777238846,0.8648584187030792
9388,0.9103569835424423,9388,0.8436681777238846,0.8648584187030792
9389,0.9103569835424423,9389,0.8436681777238846,0.8648584187030792
9390,0.9103569835424423,9390,0.8436681777238846,0.8648584187030792
9391,0.9103569835424423,9391,0.8436681777238846,0.8648584187030792
9392,0.9103569835424423,9392,0.8436681777238846,0.8648584187030792
9393,0.9103569835424423,9393,0.8436681777238846,0.8648584187030792
9394,0.9103569835424423,9394,0.8436681777238846,0.8648584187030792
9395,0.9103569835424423,9395,0.8436681777238846,0.8648584187030792
9396,0.9103569835424423,9396,0.8436681777238846,0.8648584187030792
9397,0.9103569835424423,9397,0.8436681777238846,0.8648584187030792
9398,0.9103569835424423,9398,0.8436681777238846,0.8648584187030792
9399,0.9103569835424423,9399,0.8436681777238846,0.8648584187030792
9400,0.9103569835424423,9400,0.8436681777238846,0.8648584187030792
9401,0.9103569835424423,9401,0.8436681777238846,0.8648584187030792
9402,0.9103569835424423,9402,0.8436681777238846,0.8648584187030792
9403,0.9103569835424423,9403,0.8436681777238846,0.8648584187030792
9404,0.9103569835424423,9404,0.8436681777238846,0.8648584187030792
9405,0.9103569835424423,9405,0.8436681777238846,0.8648584187030792
9406,0.9103569835424423,9406,0.8436681777238846,0.8648584187030792
9407,0.9103569835424423,9407,0.8436681777238846,0.8648584187030792
9408,0.9103569835424423,9408,0.8436681777238846,0.8648584187030792
9409,0.9103569835424423,9409,0.8436681777238846,0.8648584187030792
9410,0.9103569835424423,9410,0.8436681777238846,0.8648584187030792
9411,0.9103569835424423,9411,0.8436681777238846,0.8648584187030792
9412,0.9103569835424423,9412,0.8436681777238846,0.8648584187030792
9413,0.9103569835424423,9413,0.8436681777238846,0.8648584187030792
9414,0.9103569835424423,9414,0.8436681777238846,0.8648584187030792
9415,0.9103569835424423,9415,0.8436681777238846,0.8648584187030792
9416,0.9103569835424423,9416,0.8436681777238846,0.8648584187030792
9417,0.9103569835424423,9417,0.8436681777238846,0.8648584187030792
9418,0.9103569835424423,9418,0.8436681777238846,0.8648584187030792
9419,0.9103569835424423,9419,0.8436681777238846,0.8648584187030792
9420,0.9103569835424423,9420,0.8436681777238846,0.8648584187030792
9421,0.9103569835424423,9421,0.8436681777238846,0.8648584187030792
9422,0.9103569835424423,9422,0.8436681777238846,0.8648584187030792
9423,0.9103569835424423,9423,0.8436681777238846,0.8648584187030792
9424,0.9103569835424423,9424,0.8436681777238846,0.8648584187030792
9425,0.9103569835424423,9425,0.8436681777238846,0.8648584187030792
9426,0.9103569835424423,9426,0.8436681777238846,0.8648584187030792
9427,0.9103569835424423,9427,0.8436681777238846,0.8648584187030792
9428,0.9103569835424423,9428,0.8436681777238846,0.8648584187030792
9429,0.9103569835424423,9429,0.8436681777238846,0.8648584187030792
9430,0.9103569835424423,9430,0.8436681777238846,0.8648584187030792
9431,0.9103569835424423,9431,0.8436681777238846,0.8648584187030792
9432,0.9103569835424423,9432,0.8436681777238846,0.8648584187030792
9433,0.9103569835424423,9433,0.8436681777238846,0.8648584187030792
9434,0.9103569835424423,9434,0.8436681777238846,0.8648584187030792
9435,0.9103569835424423,9435,0.8436681777238846,0.8648584187030792
9436,0.9103569835424423,9436,0.8436681777238846,0.8648584187030792
9437,0.9103569835424423,9437,0.8436681777238846,0.8648584187030792
9438,0.9103569835424423,9438,0.8436681777238846,0.8648584187030792
9439,0.9103569835424423,9439,0.8436681777238846,0.8648584187030792
9440,0.9103569835424423,9440,0.8436681777238846,0.8648584187030792
9441,0.9103569835424423,9441,0.8436681777238846,0.8648584187030792
9442,0.9103569835424423,9442,0.8436681777238846,0.8648584187030792
9443,0.9103569835424423,9443,0.8436681777238846,0.8648584187030792
9444,0.9103569835424423,9444,0.8436681777238846,0.8648584187030792
9445,0.9103569835424423,9445,0.8436681777238846,0.8648584187030792
9446,0.9103569835424423,9446,0.8436681777238846,0.8648584187030792
9447,0.9103569835424423,9447,0.8436681777238846,0.8648584187030792
9448,0.9103569835424423,9448,0.8436681777238846,0.8648584187030792
9449,0.9103569835424423,9449,0.8436681777238846,0.8648584187030792
9450,0.9103569835424423,9450,0.8436681777238846,0.8648584187030792
9451,0.9103569835424423,9451,0.8436681777238846,0.8648584187030792
9452,0.9103569835424423,9452,0.8436681777238846,0.8648584187030792
9453,0.9103569835424423,9453,0.8436681777238846,0.8648584187030792
9454,0.9103569835424423,9454,0.8436681777238846,0.8648584187030792
9455,0.9103569835424423,9455,0.8436681777238846,0.8648584187030792
9456,0.9103569835424423,9456,0.8436681777238846,0.8648584187030792
9457,0.9103569835424423,9457,0.8436681777238846,0.8648584187030792
9458,0.9103569835424423,9458,0.8436760604381561,0.8648584187030792
9459,0.9103569835424423,9459,0.8436760604381561,0.8648584187030792
9460,0.9103569835424423,9460,0.8436760604381561,0.8648584187030792
9461,0.9103569835424423,9461,0.8436760604381561,0.8648584187030792
9462,0.9103569835424423,9462,0.8436760604381561,0.8648584187030792
9463,0.9103569835424423,9463,0.8436760604381561,0.8648584187030792
9464,0.9103569835424423,9464,0.8436760604381561,0.8648584187030792
9465,0.9103569835424423,9465,0.8436760604381561,0.8648584187030792
9466,0.9103569835424423,9466,0.8436760604381561,0.8648584187030792
9467,0.9103569835424423,9467,0.8436760604381561,0.8648584187030792
9468,0.9103569835424423,9468,0.8436760604381561,0.8648584187030792
9469,0.9103569835424423,9469,0.8436760604381561,0.8648584187030792
9470,0.9103569835424423,9470,0.8436760604381561,0.8648584187030792
9471,0.9103569835424423,9471,0.8436760604381561,0.8648584187030792
9472,0.9103569835424423,9472,0.8436760604381561,0.8648584187030792
9473,0.9103569835424423,9473,0.8436760604381561,0.8648584187030792
9474,0.9103569835424423,9474,0.8436760604381561,0.8648584187030792
9475,0.9103569835424423,9475,0.8436760604381561,0.8648584187030792
9476,0.9103569835424423,9476,0.8436760604381561,0.8648584187030792
9477,0.9103569835424423,9477,0.8436760604381561,0.8648584187030792
9478,0.9103569835424423,9478,0.8436760604381561,0.8648584187030792
9479,0.9103569835424423,9479,0.8436760604381561,0.8648584187030792
9480,0.9103569835424423,9480,0.8436760604381561,0.8648584187030792
9481,0.9103569835424423,9481,0.8436760604381561,0.8648584187030792
9482,0.9103569835424423,9482,0.8436760604381561,0.8648584187030792
9483,0.9103569835424423,9483,0.8436760604381561,0.8648584187030792
9484,0.9103569835424423,9484,0.8436760604381561,0.8648584187030792
9485,0.9103569835424423,9485,0.8436760604381561,0.8648584187030792
9486,0.9103569835424423,9486,0.8436760604381561,0.8648584187030792
9487,0.9103569835424423,9487,0.8436760604381561,0.8648584187030792
9488,0.9103569835424423,9488,0.8436760604381561,0.8648584187030792
9489,0.9103569835424423,9489,0.8436760604381561,0.8648584187030792
9490,0.9103569835424423,9490,0.8436760604381561,0.8648584187030792
9491,0.9103569835424423,9491,0.8436760604381561,0.8648584187030792
9492,0.9103569835424423,9492,0.8436760604381561,0.8648584187030792
9493,0.9103569835424423,9493,0.8436760604381561,0.8648584187030792
9494,0.9103569835424423,9494,0.8436760604381561,0.8648584187030792
9495,0.9103569835424423,9495,0.8436760604381561,0.8648584187030792
9496,0.9103569835424423,9496,0.8436760604381561,0.8648584187030792
9497,0.9103569835424423,9497,0.8436760604381561,0.8648584187030792
9498,0.9103569835424423,9498,0.8436760604381561,0.8648584187030792
9499,0.9103569835424423,9499,0.8436760604381561,0.8648584187030792
9500,0.9104774221777916,9500,0.8431728333234787,0.8648869544267654
9501,0.9104774221777916,9501,0.8431792706251144,0.8648869544267654
9502,0.9104774221777916,9502,0.8431792706251144,0.8648869544267654
9503,0.9104774221777916,9503,0.8431792706251144,0.8648869544267654
9504,0.9104774221777916,9504,0.8431792706251144,0.8648869544267654
9505,0.9104774221777916,9505,0.8431792706251144,0.8648869544267654
9506,0.9104774221777916,9506,0.8431792706251144,0.8648869544267654
9507,0.9104774221777916,9507,0.8431792706251144,0.8648869544267654
9508,0.9104774221777916,9508,0.8431792706251144,0.8648869544267654
9509,0.9104774221777916,9509,0.8431792706251144,0.8648869544267654
9510,0.9104774221777916,9510,0.8431792706251144,0.8648869544267654
9511,0.9104774221777916,9511,0.8431792706251144,0.8648869544267654
9512,0.9104774221777916,9512,0.8431792706251144,0.8648869544267654
9513,0.9104774221777916,9513,0.8431792706251144,0.8648869544267654
9514,0.9104774221777916,9514,0.8431792706251144,0.8648869544267654
9515,0.9104774221777916,9515,0.8431792706251144,0.8648869544267654
9516,0.9104774221777916,9516,0.8431792706251144,0.8648869544267654
9517,0.9104774221777916,9517,0.8431792706251144,0.8648869544267654
9518,0.9104774221777916,9518,0.8431792706251144,0.8648869544267654
9519,0.9104774221777916,9519,0.8431792706251144,0.8648869544267654
9520,0.9104774221777916,9520,0.8431792706251144,0.8648869544267654
9521,0.9104774221777916,9521,0.8431792706251144,0.8648869544267654
9522,0.9104774221777916,9522,0.8431792706251144,0.8648869544267654
9523,0.9104774221777916,9523,0.8431792706251144,0.8648869544267654
9524,0.9104774221777916,9524,0.8431792706251144,0.8648869544267654
9525,0.9104774221777916,9525,0.8431792706251144,0.8648869544267654
9526,0.9104774221777916,9526,0.8431792706251144,0.8648869544267654
9527,0.9104774221777916,9527,0.8431792706251144,0.8648869544267654
9528,0.9104774221777916,9528,0.8431792706251144,0.8648869544267654
9529,0.9104774221777916,9529,0.8431792706251144,0.8648869544267654
9530,0.9104774221777916,9530,0.8431792706251144,0.8648869544267654
9531,0.9104774221777916,9531,0.8431792706251144,0.8648869544267654
9532,0.9104774221777916,9532,0.8431792706251144,0.8648869544267654
9533,0.9104774221777916,9533,0.8431792706251144,0.8648869544267654
9534,0.9104774221777916,9534,0.8431792706251144,0.8648869544267654
9535,0.9104774221777916,9535,0.8431792706251144,0.8648869544267654
9536,0.9104774221777916,9536,0.8431792706251144,0.8648869544267654
9537,0.9104774221777916,9537,0.8431792706251144,0.8648869544267654
9538,0.9104774221777916,9538,0.8431967347860336,0.8648869544267654
9539,0.9104774221777916,9539,0.8431967347860336,0.8648869544267654
9540,0.9104774221777916,9540,0.8431967347860336,0.8648869544267654
9541,0.9104774221777916,9541,0.8431967347860336,0.8648869544267654
9542,0.9104774221777916,9542,0.8431967347860336,0.8648869544267654
9543,0.9104774221777916,9543,0.8431967347860336,0.8648869544267654
9544,0.9104774221777916,9544,0.8431967347860336,0.8648869544267654
9545,0.9104774221777916,9545,0.8431967347860336,0.8648869544267654
9546,0.9104774221777916,9546,0.8431967347860336,0.8648869544267654
9547,0.9104774221777916,9547,0.8431967347860336,0.8648869544267654
9548,0.9104774221777916,9548,0.8431967347860336,0.8648869544267654
9549,0.9104774221777916,9549,0.8431967347860336,0.8648869544267654
9550,0.9104774221777916,9550,0.8431967347860336,0.8648869544267654
9551,0.9104774221777916,9551,0.8431967347860336,0.8648869544267654
9552,0.9104774221777916,9552,0.8431967347860336,0.8648869544267654
9553,0.9104774221777916,9553,0.8431967347860336,0.8648869544267654
9554,0.9104774221777916,9554,0.8431967347860336,0.8648869544267654
9555,0.9104774221777916,9555,0.8431967347860336,0.8648869544267654
9556,0.9104774221777916,9556,0.8431967347860336,0.8648869544267654
9557,0.9104774221777916,9557,0.8431967347860336,0.8648869544267654
9558,0.9104774221777916,9558,0.8431967347860336,0.8648869544267654
9559,0.9104774221777916,9559,0.8431967347860336,0.8648869544267654
9560,0.9104774221777916,9560,0.8431967347860336,0.8648869544267654
9561,0.9104774221777916,9561,0.8431967347860336,0.8648869544267654
9562,0.9104774221777916,9562,0.8431967347860336,0.8648869544267654
9563,0.9104774221777916,9563,0.8431967347860336,0.8648869544267654
9564,0.9104774221777916,9564,0.8431967347860336,0.8648869544267654
9565,0.9104774221777916,9565,0.8431967347860336,0.8648869544267654
9566,0.9104774221777916,9566,0.8431967347860336,0.8648869544267654
9567,0.9104774221777916,9567,0.8431967347860336,0.8648869544267654
9568,0.9104774221777916,9568,0.8431967347860336,0.8648869544267654
9569,0.9104774221777916,9569,0.8431967347860336,0.8648869544267654
9570,0.9104774221777916,9570,0.8431967347860336,0.8648869544267654
9571,0.9104774221777916,9571,0.8431967347860336,0.8648869544267654
9572,0.9104774221777916,9572,0.8431967347860336,0.8648869544267654
9573,0.9104774221777916,9573,0.8431967347860336,0.8648869544267654
9574,0.9104774221777916,9574,0.8431824296712875,0.8648869544267654
9575,0.9104774221777916,9575,0.8431824296712875,0.8648869544267654
9576,0.9104774221777916,9576,0.8431824296712875,0.8648869544267654
9577,0.9104774221777916,9577,0.8431824296712875,0.8648869544267654
9578,0.9104774221777916,9578,0.8431824296712875,0.8648869544267654
9579,0.9104774221777916,9579,0.8431824296712875,0.8648869544267654
9580,0.9104774221777916,9580,0.8431824296712875,0.8648869544267654
9581,0.9104774221777916,9581,0.8431902974843979,0.8648869544267654
9582,0.9104774221777916,9582,0.8431902974843979,0.8648869544267654
9583,0.9104774221777916,9583,0.8431902974843979,0.8648869544267654
9584,0.9104774221777916,9584,0.8431902974843979,0.8648869544267654
9585,0.9104774221777916,9585,0.8431902974843979,0.8648869544267654
9586,0.9104774221777916,9586,0.8431902974843979,0.8648869544267654
9587,0.9104774221777916,9587,0.8431902974843979,0.8648869544267654
9588,0.9104774221777916,9588,0.8431902974843979,0.8648869544267654
9589,0.9104774221777916,9589,0.8431902974843979,0.8648869544267654
9590,0.9104774221777916,9590,0.8431902974843979,0.8648869544267654
9591,0.9104774221777916,9591,0.8431902974843979,0.8648869544267654
9592,0.9104774221777916,9592,0.8431902974843979,0.8648869544267654
9593,0.9104774221777916,9593,0.8431902974843979,0.8648869544267654
9594,0.9104774221777916,9594,0.8431902974843979,0.8648869544267654
9595,0.9104774221777916,9595,0.8431902974843979,0.8648869544267654
9596,0.9104774221777916,9596,0.8431902974843979,0.8648869544267654
9597,0.9104774221777916,9597,0.8431902974843979,0.8648869544267654
9598,0.9104774221777916,9598,0.8431902974843979,0.8648869544267654
9599,0.9104774221777916,9599,0.8431902974843979,0.8648869544267654
9600,0.9104774221777916,9600,0.8431902974843979,0.8648869544267654
9601,0.9104774221777916,9601,0.8431902974843979,0.8648869544267654
9602,0.9104774221777916,9602,0.8431902974843979,0.8648869544267654
9603,0.9104774221777916,9603,0.8431902974843979,0.8648869544267654
9604,0.9104774221777916,9604,0.8431902974843979,0.8648869544267654
9605,0.9104774221777916,9605,0.8431902974843979,0.8648869544267654
9606,0.9104774221777916,9606,0.8431902974843979,0.8648869544267654
9607,0.9104774221777916,9607,0.8431902974843979,0.8648869544267654
9608,0.9104774221777916,9608,0.8431902974843979,0.8648869544267654
9609,0.9104774221777916,9609,0.8431902974843979,0.8648869544267654
9610,0.9104774221777916,9610,0.8431902974843979,0.8648869544267654
9611,0.9104774221777916,9611,0.8431902974843979,0.8648869544267654
9612,0.9104774221777916,9612,0.8431902974843979,0.8648869544267654
9613,0.9104774221777916,9613,0.8431902974843979,0.8648869544267654
9614,0.9104774221777916,9614,0.8431902974843979,0.8648869544267654
9615,0.9104774221777916,9615,0.8431902974843979,0.8648869544267654
9616,0.9104774221777916,9616,0.8431902974843979,0.8648869544267654
9617,0.9104774221777916,9617,0.8431902974843979,0.8648869544267654
9618,0.9104774221777916,9618,0.8431902974843979,0.8648869544267654
9619,0.9104774221777916,9619,0.8431902974843979,0.8648869544267654
9620,0.9104774221777916,9620,0.8431902974843979,0.8648869544267654
9621,0.9104774221777916,9621,0.8431902974843979,0.8648869544267654
9622,0.9104774221777916,9622,0.8431902974843979,0.8648869544267654
9623,0.9104774221777916,9623,0.8431902974843979,0.8648869544267654
9624,0.9104774221777916,9624,0.8431902974843979,0.8648869544267654
9625,0.9104774221777916,9625,0.8431902974843979,0.8648869544267654
9626,0.9104774221777916,9626,0.8431902974843979,0.8648869544267654
9627,0.9104774221777916,9627,0.8431902974843979,0.8648869544267654
9628,0.9104774221777916,9628,0.8431902974843979,0.8648869544267654
9629,0.9104774221777916,9629,0.8431902974843979,0.8648869544267654
9630,0.9104774221777916,9630,0.8431902974843979,0.8648869544267654
9631,0.9104774221777916,9631,0.8431902974843979,0.8648869544267654
9632,0.9104774221777916,9632,0.8431902974843979,0.8648869544267654
9633,0.9104774221777916,9633,0.8431902974843979,0.8648869544267654
9634,0.9104774221777916,9634,0.8431902974843979,0.8648869544267654
9635,0.9104774221777916,9635,0.8431902974843979,0.8648869544267654
9636,0.9104774221777916,9636,0.8431902974843979,0.8648869544267654
9637,0.9104774221777916,9637,0.8431902974843979,0.8648869544267654
9638,0.9104774221777916,9638,0.8431902974843979,0.8648869544267654
9639,0.9104774221777916,9639,0.8431902974843979,0.8648869544267654
9640,0.9104774221777916,9640,0.8431902974843979,0.8648869544267654
9641,0.9104774221777916,9641,0.8431902974843979,0.8648869544267654
9642,0.9104774221777916,9642,0.8431902974843979,0.8648869544267654
9643,0.9104774221777916,9643,0.8431902974843979,0.8648869544267654
9644,0.9104774221777916,9644,0.8431902974843979,0.8648869544267654
9645,0.9104774221777916,9645,0.8431902974843979,0.8648869544267654
9646,0.9104774221777916,9646,0.8431902974843979,0.8648869544267654
9647,0.9104774221777916,9647,0.8431902974843979,0.8648869544267654
9648,0.9104774221777916,9648,0.8431902974843979,0.8648869544267654
9649,0.9104774221777916,9649,0.8431902974843979,0.8648869544267654
9650,0.9104774221777916,9650,0.8431902974843979,0.8648869544267654
9651,0.9104774221777916,9651,0.8431902974843979,0.8648869544267654
9652,0.9104774221777916,9652,0.8431902974843979,0.8648869544267654
9653,0.9104774221777916,9653,0.8431902974843979,0.8648869544267654
9654,0.9104774221777916,9654,0.8431902974843979,0.8648869544267654
9655,0.9104774221777916,9655,0.8431902974843979,0.8648869544267654
9656,0.9104774221777916,9656,0.8431902974843979,0.8648869544267654
9657,0.9104774221777916,9657,0.8431902974843979,0.8648869544267654
9658,0.9104774221777916,9658,0.8431902974843979,0.8648869544267654
9659,0.9104774221777916,9659,0.8431902974843979,0.8648869544267654
9660,0.9104774221777916,9660,0.8431902974843979,0.8648869544267654
9661,0.9104774221777916,9661,0.8431902974843979,0.8648869544267654
9662,0.9104774221777916,9662,0.8431902974843979,0.8648869544267654
9663,0.9104774221777916,9663,0.8431902974843979,0.8648869544267654
9664,0.9104774221777916,9664,0.8431902974843979,0.8648869544267654
9665,0.9104774221777916,9665,0.8431902974843979,0.8648869544267654
9666,0.9104774221777916,9666,0.8431902974843979,0.8648869544267654
9667,0.9104774221777916,9667,0.8431902974843979,0.8648869544267654
9668,0.9104774221777916,9668,0.8431902974843979,0.8648869544267654
9669,0.9104774221777916,9669,0.8431902974843979,0.8648869544267654
9670,0.9104774221777916,9670,0.8431902974843979,0.8648869544267654
9671,0.9104774221777916,9671,0.8431902974843979,0.8648869544267654
9672,0.9104774221777916,9672,0.8431902974843979,0.8648869544267654
9673,0.9104774221777916,9673,0.8431902974843979,0.8648869544267654
9674,0.9104774221777916,9674,0.8431902974843979,0.8648869544267654
9675,0.9104774221777916,9675,0.8431902974843979,0.8648869544267654
9676,0.9104774221777916,9676,0.8431902974843979,0.8648869544267654
9677,0.9104774221777916,9677,0.8431902974843979,0.8648869544267654
9678,0.9104774221777916,9678,0.8431902974843979,0.8648869544267654
9679,0.9104774221777916,9679,0.8431902974843979,0.8648869544267654
9680,0.9104774221777916,9680,0.8431902974843979,0.8648869544267654
9681,0.9104774221777916,9681,0.8431902974843979,0.8648869544267654
9682,0.9104774221777916,9682,0.8431902974843979,0.8648869544267654
9683,0.9104774221777916,9683,0.8431902974843979,0.8648869544267654
9684,0.9104774221777916,9684,0.8431902974843979,0.8648869544267654
9685,0.9104774221777916,9685,0.8431902974843979,0.8648869544267654
9686,0.9104774221777916,9686,0.8431902974843979,0.8648869544267654
9687,0.9104774221777916,9687,0.8431902974843979,0.8648869544267654
9688,0.9104774221777916,9688,0.8431902974843979,0.8648869544267654
9689,0.9104774221777916,9689,0.8431902974843979,0.8648869544267654
9690,0.9104774221777916,9690,0.8431902974843979,0.8648869544267654
9691,0.9104774221777916,9691,0.8431902974843979,0.8648869544267654
9692,0.9104774221777916,9692,0.8431902974843979,0.8648869544267654
9693,0.9104774221777916,9693,0.8431902974843979,0.8648869544267654
9694,0.9104774221777916,9694,0.8431902974843979,0.8648869544267654
9695,0.9104774221777916,9695,0.8431902974843979,0.8648869544267654
9696,0.9104774221777916,9696,0.8431902974843979,0.8648869544267654
9697,0.9104774221777916,9697,0.8431902974843979,0.8648869544267654
9698,0.9104774221777916,9698,0.8431902974843979,0.8648869544267654
9699,0.9104774221777916,9699,0.8431902974843979,0.8648869544267654
9700,0.9104774221777916,9700,0.8431902974843979,0.8648869544267654
9701,0.9104774221777916,9701,0.8431902974843979,0.8648869544267654
9702,0.9104774221777916,9702,0.8431902974843979,0.8648869544267654
9703,0.9104774221777916,9703,0.8431902974843979,0.8648869544267654
9704,0.9104774221777916,9704,0.8431902974843979,0.8648869544267654
9705,0.9104774221777916,9705,0.8431902974843979,0.8648869544267654
9706,0.9104774221777916,9706,0.8431902974843979,0.8648869544267654
9707,0.9104774221777916,9707,0.8431902974843979,0.8648869544267654
9708,0.9104774221777916,9708,0.8431902974843979,0.8648869544267654
9709,0.9104774221777916,9709,0.8431902974843979,0.8648869544267654
9710,0.9104774221777916,9710,0.8431902974843979,0.8648869544267654
9711,0.9104774221777916,9711,0.8431902974843979,0.8648869544267654
9712,0.9104774221777916,9712,0.8431902974843979,0.8648869544267654
9713,0.9104774221777916,9713,0.8431902974843979,0.8648869544267654
9714,0.9104774221777916,9714,0.8431902974843979,0.8648869544267654
9715,0.9104774221777916,9715,0.8431902974843979,0.8648869544267654
9716,0.9104774221777916,9716,0.8431902974843979,0.8648869544267654
9717,0.9104774221777916,9717,0.8431902974843979,0.8648869544267654
9718,0.9104774221777916,9718,0.8431902974843979,0.8648869544267654
9719,0.9104774221777916,9719,0.8431902974843979,0.8648869544267654
9720,0.9104774221777916,9720,0.8431902974843979,0.8648869544267654
9721,0.9104774221777916,9721,0.8431902974843979,0.8648869544267654
9722,0.9104774221777916,9722,0.8431902974843979,0.8648869544267654
9723,0.9104774221777916,9723,0.8431902974843979,0.8648869544267654
9724,0.9104774221777916,9724,0.8431902974843979,0.8648869544267654
9725,0.9104774221777916,9725,0.8431902974843979,0.8648869544267654
9726,0.9104774221777916,9726,0.8431902974843979,0.8648869544267654
9727,0.9104774221777916,9727,0.8431902974843979,0.8648869544267654
9728,0.9104774221777916,9728,0.8431902974843979,0.8648869544267654
9729,0.9104774221777916,9729,0.8431902974843979,0.8648869544267654
9730,0.9104774221777916,9730,0.8431902974843979,0.8648869544267654
9731,0.9104774221777916,9731,0.8431902974843979,0.8648869544267654
9732,0.9104774221777916,9732,0.8431902974843979,0.8648869544267654
9733,0.9104774221777916,9733,0.8431902974843979,0.8648869544267654
9734,0.9104774221777916,9734,0.8431902974843979,0.8648869544267654
9735,0.9104774221777916,9735,0.8431902974843979,0.8648869544267654
9736,0.9104774221777916,9736,0.8431902974843979,0.8648869544267654
9737,0.9104774221777916,9737,0.8431902974843979,0.8648869544267654
9738,0.9104774221777916,9738,0.8431902974843979,0.8648869544267654
9739,0.9104774221777916,9739,0.8431902974843979,0.8648869544267654
9740,0.9104774221777916,9740,0.8431902974843979,0.8648869544267654
9741,0.9104774221777916,9741,0.8431902974843979,0.8648869544267654
9742,0.9104774221777916,9742,0.8431902974843979,0.8648869544267654
9743,0.9104774221777916,9743,0.8431902974843979,0.8648869544267654
9744,0.9104774221777916,9744,0.8431902974843979,0.8648869544267654
9745,0.9104774221777916,9745,0.8431902974843979,0.8648869544267654
9746,0.9104774221777916,9746,0.8431902974843979,0.8648869544267654
9747,0.9104774221777916,9747,0.8431902974843979,0.8648869544267654
9748,0.9104774221777916,9748,0.8431902974843979,0.8648869544267654
9749,0.9104774221777916,9749,0.8431902974843979,0.8648869544267654
9750,0.91048813611269,9750,0.8432886749505997,0.8647956103086472
9751,0.91048813611269,9751,0.843277633190155,0.8647956103086472
9752,0.91048813611269,9752,0.843277633190155,0.8647956103086472
9753,0.91048813611269,9753,0.843277633190155,0.8647956103086472
9754,0.91048813611269,9754,0.843277633190155,0.8647956103086472
9755,0.91048813611269,9755,0.843277633190155,0.8647956103086472
9756,0.91048813611269,9756,0.843277633190155,0.8647956103086472
9757,0.91048813611269,9757,0.843277633190155,0.8647956103086472
9758,0.91048813611269,9758,0.843277633190155,0.8647956103086472
9759,0.91048813611269,9759,0.843277633190155,0.8647956103086472
9760,0.91048813611269,9760,0.843277633190155,0.8647956103086472
9761,0.91048813611269,9761,0.843277633190155,0.8647956103086472
9762,0.91048813611269,9762,0.843277633190155,0.8647956103086472
9763,0.91048813611269,9763,0.843277633190155,0.8647956103086472
9764,0.91048813611269,9764,0.843277633190155,0.8647956103086472
9765,0.91048813611269,9765,0.843277633190155,0.8647956103086472
9766,0.91048813611269,9766,0.843277633190155,0.8647956103086472
9767,0.91048813611269,9767,0.843277633190155,0.8647956103086472
9768,0.91048813611269,9768,0.843277633190155,0.8647956103086472
9769,0.91048813611269,9769,0.843277633190155,0.8647956103086472
9770,0.91048813611269,9770,0.843277633190155,0.8647956103086472
9771,0.91048813611269,9771,0.843277633190155,0.8647956103086472
9772,0.91048813611269,9772,0.843277633190155,0.8647956103086472
9773,0.91048813611269,9773,0.843277633190155,0.8647956103086472
9774,0.91048813611269,9774,0.843277633190155,0.8647956103086472
9775,0.91048813611269,9775,0.843277633190155,0.8647956103086472
9776,0.91048813611269,9776,0.843277633190155,0.8647956103086472
9777,0.91048813611269,9777,0.843277633190155,0.8647956103086472
9778,0.91048813611269,9778,0.843277633190155,0.8647956103086472
9779,0.91048813611269,9779,0.843277633190155,0.8647956103086472
9780,0.91048813611269,9780,0.843277633190155,0.8647956103086472
9781,0.91048813611269,9781,0.843277633190155,0.8647956103086472
9782,0.91048813611269,9782,0.843277633190155,0.8647956103086472
9783,0.91048813611269,9783,0.843277633190155,0.8647956103086472
9784,0.91048813611269,9784,0.843277633190155,0.8647956103086472
9785,0.91048813611269,9785,0.843277633190155,0.8647956103086472
9786,0.91048813611269,9786,0.843277633190155,0.8647956103086472
9787,0.91048813611269,9787,0.843277633190155,0.8647956103086472
9788,0.91048813611269,9788,0.843277633190155,0.8647956103086472
9789,0.91048813611269,9789,0.843277633190155,0.8647956103086472
9790,0.91048813611269,9790,0.843277633190155,0.8647956103086472
9791,0.91048813611269,9791,0.843277633190155,0.8647956103086472
9792,0.91048813611269,9792,0.843277633190155,0.8647956103086472
9793,0.91048813611269,9793,0.843277633190155,0.8647956103086472
9794,0.91048813611269,9794,0.843277633190155,0.8647956103086472
9795,0.91048813611269,9795,0.843277633190155,0.8647956103086472
9796,0.91048813611269,9796,0.843277633190155,0.8647956103086472
9797,0.91048813611269,9797,0.843277633190155,0.8647956103086472
9798,0.91048813611269,9798,0.843277633190155,0.8647956103086472
9799,0.91048813611269,9799,0.843277633190155,0.8647956103086472
9800,0.91048813611269,9800,0.843277633190155,0.8647956103086472
9801,0.91048813611269,9801,0.843277633190155,0.8647956103086472
9802,0.91048813611269,9802,0.843277633190155,0.8647956103086472
9803,0.91048813611269,9803,0.843277633190155,0.8647956103086472
9804,0.91048813611269,9804,0.843277633190155,0.8647956103086472
9805,0.91048813611269,9805,0.843277633190155,0.8647956103086472
9806,0.91048813611269,9806,0.843277633190155,0.8647956103086472
9807,0.91048813611269,9807,0.843277633190155,0.8647956103086472
9808,0.91048813611269,9808,0.843277633190155,0.8647956103086472
9809,0.91048813611269,9809,0.843277633190155,0.8647956103086472
9810,0.91048813611269,9810,0.843277633190155,0.8647956103086472
9811,0.91048813611269,9811,0.843277633190155,0.8647956103086472
9812,0.91048813611269,9812,0.843277633190155,0.8647956103086472
9813,0.91048813611269,9813,0.843277633190155,0.8647956103086472
9814,0.91048813611269,9814,0.843277633190155,0.8647956103086472
9815,0.91048813611269,9815,0.843277633190155,0.8647956103086472
9816,0.91048813611269,9816,0.843277633190155,0.8647956103086472
9817,0.91048813611269,9817,0.843277633190155,0.8647956103086472
9818,0.91048813611269,9818,0.843277633190155,0.8647956103086472
9819,0.91048813611269,9819,0.843277633190155,0.8647956103086472
9820,0.91048813611269,9820,0.843277633190155,0.8647956103086472
9821,0.91048813611269,9821,0.843277633190155,0.8647956103086472
9822,0.91048813611269,9822,0.843277633190155,0.8647956103086472
9823,0.91048813611269,9823,0.843277633190155,0.8647956103086472
9824,0.91048813611269,9824,0.843277633190155,0.8647956103086472
9825,0.91048813611269,9825,0.843277633190155,0.8647956103086472
9826,0.91048813611269,9826,0.843277633190155,0.8647956103086472
9827,0.91048813611269,9827,0.843277633190155,0.8647956103086472
9828,0.91048813611269,9828,0.843277633190155,0.8647956103086472
9829,0.91048813611269,9829,0.843277633190155,0.8647956103086472
9830,0.91048813611269,9830,0.843277633190155,0.8647956103086472
9831,0.91048813611269,9831,0.843277633190155,0.8647956103086472
9832,0.91048813611269,9832,0.843277633190155,0.8647956103086472
9833,0.91048813611269,9833,0.843277633190155,0.8647956103086472
9834,0.91048813611269,9834,0.843277633190155,0.8647956103086472
9835,0.91048813611269,9835,0.843277633190155,0.8647956103086472
9836,0.91048813611269,9836,0.843277633190155,0.8647956103086472
9837,0.91048813611269,9837,0.843277633190155,0.8647956103086472
9838,0.91048813611269,9838,0.843277633190155,0.8647956103086472
9839,0.91048813611269,9839,0.843277633190155,0.8647956103086472
9840,0.91048813611269,9840,0.843277633190155,0.8647956103086472
9841,0.91048813611269,9841,0.843277633190155,0.8647956103086472
9842,0.91048813611269,9842,0.843277633190155,0.8647956103086472
9843,0.91048813611269,9843,0.843277633190155,0.8647956103086472
9844,0.91048813611269,9844,0.843277633190155,0.8647956103086472
9845,0.91048813611269,9845,0.843277633190155,0.8647956103086472
9846,0.91048813611269,9846,0.843277633190155,0.8647956103086472
9847,0.91048813611269,9847,0.843277633190155,0.8647956103086472
9848,0.91048813611269,9848,0.843277633190155,0.8647956103086472
9849,0.91048813611269,9849,0.843277633190155,0.8647956103086472
9850,0.91048813611269,9850,0.843277633190155,0.8647956103086472
9851,0.91048813611269,9851,0.843277633190155,0.8647956103086472
9852,0.91048813611269,9852,0.843277633190155,0.8647956103086472
9853,0.91048813611269,9853,0.843277633190155,0.8647956103086472
9854,0.91048813611269,9854,0.843277633190155,0.8647956103086472
9855,0.91048813611269,9855,0.843277633190155,0.8647956103086472
9856,0.91048813611269,9856,0.843277633190155,0.8647956103086472
9857,0.91048813611269,9857,0.843277633190155,0.8647956103086472
9858,0.91048813611269,9858,0.843277633190155,0.8647956103086472
9859,0.91048813611269,9859,0.843277633190155,0.8647956103086472
9860,0.91048813611269,9860,0.843277633190155,0.8647956103086472
9861,0.91048813611269,9861,0.843277633190155,0.8647956103086472
9862,0.91048813611269,9862,0.843277633190155,0.8647956103086472
9863,0.91048813611269,9863,0.843277633190155,0.8647956103086472
9864,0.91048813611269,9864,0.843277633190155,0.8647956103086472
9865,0.91048813611269,9865,0.843277633190155,0.8647956103086472
9866,0.91048813611269,9866,0.843277633190155,0.8647956103086472
9867,0.91048813611269,9867,0.843277633190155,0.8647956103086472
9868,0.91048813611269,9868,0.843277633190155,0.8647956103086472
9869,0.91048813611269,9869,0.843277633190155,0.8647956103086472
9870,0.91048813611269,9870,0.843277633190155,0.8647956103086472
9871,0.91048813611269,9871,0.843277633190155,0.8647956103086472
9872,0.91048813611269,9872,0.843277633190155,0.8647956103086472
9873,0.91048813611269,9873,0.843277633190155,0.8647956103086472
9874,0.91048813611269,9874,0.843277633190155,0.8647956103086472
9875,0.91048813611269,9875,0.843277633190155,0.8647956103086472
9876,0.91048813611269,9876,0.843277633190155,0.8647956103086472
9877,0.91048813611269,9877,0.843277633190155,0.8647956103086472
9878,0.91048813611269,9878,0.843277633190155,0.8647956103086472
9879,0.91048813611269,9879,0.843277633190155,0.8647956103086472
9880,0.91048813611269,9880,0.843277633190155,0.8647956103086472
9881,0.91048813611269,9881,0.843277633190155,0.8647956103086472
9882,0.91048813611269,9882,0.843277633190155,0.8647956103086472
9883,0.91048813611269,9883,0.843277633190155,0.8647956103086472
9884,0.91048813611269,9884,0.843277633190155,0.8647956103086472
9885,0.91048813611269,9885,0.843277633190155,0.8647956103086472
9886,0.91048813611269,9886,0.843277633190155,0.8647956103086472
9887,0.91048813611269,9887,0.843277633190155,0.8647956103086472
9888,0.91048813611269,9888,0.843277633190155,0.8647956103086472
9889,0.91048813611269,9889,0.843277633190155,0.8647956103086472
9890,0.91048813611269,9890,0.843277633190155,0.8647956103086472
9891,0.91048813611269,9891,0.843277633190155,0.8647956103086472
9892,0.91048813611269,9892,0.843277633190155,0.8647956103086472
9893,0.91048813611269,9893,0.843277633190155,0.8647956103086472
9894,0.91048813611269,9894,0.843277633190155,0.8647956103086472
9895,0.91048813611269,9895,0.843277633190155,0.8647956103086472
9896,0.91048813611269,9896,0.843277633190155,0.8647956103086472
9897,0.91048813611269,9897,0.843277633190155,0.8647956103086472
9898,0.91048813611269,9898,0.843277633190155,0.8647956103086472
9899,0.91048813611269,9899,0.843277633190155,0.8647956103086472
9900,0.91048813611269,9900,0.843277633190155,0.8647956103086472
9901,0.91048813611269,9901,0.843277633190155,0.8647956103086472
9902,0.91048813611269,9902,0.843277633190155,0.8647956103086472
9903,0.91048813611269,9903,0.843277633190155,0.8647956103086472
9904,0.91048813611269,9904,0.843277633190155,0.8647956103086472
9905,0.91048813611269,9905,0.843277633190155,0.8647956103086472
9906,0.91048813611269,9906,0.843277633190155,0.8647956103086472
9907,0.91048813611269,9907,0.843277633190155,0.8647956103086472
9908,0.91048813611269,9908,0.843277633190155,0.8647956103086472
9909,0.91048813611269,9909,0.843277633190155,0.8647956103086472
9910,0.91048813611269,9910,0.843277633190155,0.8647956103086472
9911,0.91048813611269,9911,0.843277633190155,0.8647956103086472
9912,0.91048813611269,9912,0.843277633190155,0.8647956103086472
9913,0.91048813611269,9913,0.8432633429765701,0.8647956103086472
9914,0.91048813611269,9914,0.8432633429765701,0.8647956103086472
9915,0.91048813611269,9915,0.8432633429765701,0.8647956103086472
9916,0.91048813611269,9916,0.8432633429765701,0.8647956103086472
9917,0.91048813611269,9917,0.8432633429765701,0.8647956103086472
9918,0.91048813611269,9918,0.8432633429765701,0.8647956103086472
9919,0.91048813611269,9919,0.8432633429765701,0.8647956103086472
9920,0.91048813611269,9920,0.8432633429765701,0.8647956103086472
9921,0.91048813611269,9921,0.8432633429765701,0.8647956103086472
9922,0.91048813611269,9922,0.8432633429765701,0.8647956103086472
9923,0.91048813611269,9923,0.8432633429765701,0.8647956103086472
9924,0.91048813611269,9924,0.8432633429765701,0.8647956103086472
9925,0.91048813611269,9925,0.8432633429765701,0.8647956103086472
9926,0.91048813611269,9926,0.8432633429765701,0.8647956103086472
9927,0.91048813611269,9927,0.8432633429765701,0.8647956103086472
9928,0.91048813611269,9928,0.8432633429765701,0.8647956103086472
9929,0.91048813611269,9929,0.8432633429765701,0.8647956103086472
9930,0.91048813611269,9930,0.8432633429765701,0.8647956103086472
9931,0.91048813611269,9931,0.8432633429765701,0.8647956103086472
9932,0.91048813611269,9932,0.8432633429765701,0.8647956103086472
9933,0.91048813611269,9933,0.8432633429765701,0.8647956103086472
9934,0.91048813611269,9934,0.8432633429765701,0.8647956103086472
9935,0.91048813611269,9935,0.8432633429765701,0.8647956103086472
9936,0.91048813611269,9936,0.8432633429765701,0.8647956103086472
9937,0.91048813611269,9937,0.8432633429765701,0.8647956103086472
9938,0.91048813611269,9938,0.8432633429765701,0.8647956103086472
9939,0.91048813611269,9939,0.8432633429765701,0.8647956103086472
9940,0.91048813611269,9940,0.8432633429765701,0.8647956103086472
9941,0.91048813611269,9941,0.8432633429765701,0.8647956103086472
9942,0.91048813611269,9942,0.8432633429765701,0.8647956103086472
9943,0.91048813611269,9943,0.8432633429765701,0.8647956103086472
9944,0.91048813611269,9944,0.8432633429765701,0.8647956103086472
9945,0.91048813611269,9945,0.8432633429765701,0.8647956103086472
9946,0.91048813611269,9946,0.8432633429765701,0.8647956103086472
9947,0.91048813611269,9947,0.8432808071374893,0.8647956103086472
9948,0.91048813611269,9948,0.8432808071374893,0.8647956103086472
9949,0.91048813611269,9949,0.8432808071374893,0.8647956103086472
9950,0.91048813611269,9950,0.8432808071374893,0.8647956103086472
9951,0.91048813611269,9951,0.8432808071374893,0.8647956103086472
9952,0.91048813611269,9952,0.8432808071374893,0.8647956103086472
9953,0.91048813611269,9953,0.8432808071374893,0.8647956103086472
9954,0.91048813611269,9954,0.8432808071374893,0.8647956103086472
9955,0.91048813611269,9955,0.8432808071374893,0.8647956103086472
9956,0.91048813611269,9956,0.8432808071374893,0.8647956103086472
9957,0.91048813611269,9957,0.8432808071374893,0.8647956103086472
9958,0.91048813611269,9958,0.8432808071374893,0.8647956103086472
9959,0.91048813611269,9959,0.8432808071374893,0.8647956103086472
9960,0.91048813611269,9960,0.8432808071374893,0.8647956103086472
9961,0.91048813611269,9961,0.8432808071374893,0.8647956103086472
9962,0.91048813611269,9962,0.8432808071374893,0.8647956103086472
9963,0.91048813611269,9963,0.8432808071374893,0.8647956103086472
9964,0.91048813611269,9964,0.8432808071374893,0.8647956103086472
9965,0.91048813611269,9965,0.8432808071374893,0.8647956103086472
9966,0.91048813611269,9966,0.8432808071374893,0.8647956103086472
9967,0.91048813611269,9967,0.8432808071374893,0.8647956103086472
9968,0.91048813611269,9968,0.8432808071374893,0.8647956103086472
9969,0.91048813611269,9969,0.8432808071374893,0.8647956103086472
9970,0.91048813611269,9970,0.8432808071374893,0.8647956103086472
9971,0.91048813611269,9971,0.8432808071374893,0.8647956103086472
9972,0.91048813611269,9972,0.8432808071374893,0.8647956103086472
9973,0.91048813611269,9973,0.8432808071374893,0.8647956103086472
9974,0.91048813611269,9974,0.8432808071374893,0.8647956103086472
9975,0.91048813611269,9975,0.8432808071374893,0.8647956103086472
9976,0.91048813611269,9976,0.8432808071374893,0.8647956103086472
9977,0.91048813611269,9977,0.8432808071374893,0.8647956103086472
9978,0.91048813611269,9978,0.8432808071374893,0.8647956103086472
9979,0.91048813611269,9979,0.8432808071374893,0.8647956103086472
9980,0.91048813611269,9980,0.8432808071374893,0.8647956103086472
9981,0.91048813611269,9981,0.8432808071374893,0.8647956103086472
9982,0.91048813611269,9982,0.8432808071374893,0.8647956103086472
9983,0.91048813611269,9983,0.8432808071374893,0.8647956103086472
9984,0.91048813611269,9984,0.8432808071374893,0.8647956103086472
9985,0.91048813611269,9985,0.8432808071374893,0.8647956103086472
9986,0.91048813611269,9986,0.8432808071374893,0.8647956103086472
9987,0.91048813611269,9987,0.8432808071374893,0.8647956103086472
9988,0.91048813611269,9988,0.8432808071374893,0.8647956103086472
9989,0.91048813611269,9989,0.8432808071374893,0.8647956103086472
9990,0.91048813611269,9990,0.8432808071374893,0.8647956103086472
9991,0.91048813611269,9991,0.8432808071374893,0.8647956103086472
9992,0.91048813611269,9992,0.8432808071374893,0.8647956103086472
9993,0.91048813611269,9993,0.8432808071374893,0.8647956103086472
9994,0.91048813611269,9994,0.8432808071374893,0.8647956103086472
9995,0.91048813611269,9995,0.8432808071374893,0.8647956103086472
9996,0.91048813611269,9996,0.8432808071374893,0.8647956103086472
9997,0.91048813611269,9997,0.8432808071374893,0.8647956103086472
9998,0.91048813611269,9998,0.8432808071374893,0.8647956103086472
9999,0.91048813611269,9999,0.8432808071374893,0.8647956103086472
