,bpr_unbiased_uncalibrated,round,bpr_unbiased_calibrated,random_uncalibrated
0,0.9741368405520916,0,0.958733331412077,0.9843210522085428
1,0.9646578952670097,1,0.964133333414793,0.9838631581515074
2,0.9578684195876122,2,0.9572444446384907,0.9837421048432589
3,0.9506789445877075,3,0.9488222226500511,0.9840842094272375
4,0.9481736831367016,4,0.9433111101388931,0.9841210525482893
5,0.9467421025037766,5,0.9404000006616116,0.983994735404849
6,0.9457315765321255,6,0.9388444423675537,0.9844315787777305
7,0.9455842077732086,7,0.9378888867795467,0.9846947360783815
8,0.9452999979257584,8,0.9377111122012138,0.984094737097621
9,0.9450526311993599,9,0.9374222233891487,0.9843052625656128
10,0.9449631571769714,10,0.9372222200036049,0.9836999997496605
11,0.944742102175951,11,0.9373555555939674,0.9844578942283988
12,0.9445789456367493,12,0.9370888918638229,0.9839631579816341
13,0.9445263147354126,13,0.9365555569529533,0.9846736835315824
14,0.9444473683834076,14,0.9360444471240044,0.9843105264008045
15,0.9443947337567806,15,0.9361333325505257,0.9845999991521239
16,0.9442052617669106,16,0.9354000017046928,0.9847105257213116
17,0.9442052617669106,17,0.9350888878107071,0.9841263145208359
18,0.9442315772175789,18,0.934311106801033,0.9840473681688309
19,0.9441368393599987,19,0.9340444430708885,0.983915789052844
20,0.9442052617669106,20,0.933777779340744,0.9847105257213116
21,0.9441947340965271,21,0.9333111122250557,0.9843105264008045
22,0.944084208458662,22,0.9333333298563957,0.9836210515350103
23,0.9441368393599987,23,0.9332000017166138,0.9841421041637659
24,0.9440421052277088,24,0.9333555549383163,0.9848842099308968
25,0.9440421052277088,25,0.933266669511795,0.984936841763556
26,0.9439105242490768,26,0.932888887822628,0.9843999994918704
27,0.9439842104911804,27,0.932488888502121,0.9843157883733511
28,0.9439210519194603,28,0.9321333318948746,0.9840105250477791
29,0.9435631558299065,29,0.9322444424033165,0.9840631578117609
30,0.943394735455513,30,0.9323555529117584,0.9841842092573643
31,0.9435315765440464,31,0.9319111108779907,0.9839052632451057
32,0.9437999986112118,32,0.931599996984005,0.983789473772049
33,0.9437999986112118,33,0.9311555549502373,0.9842263143509626
34,0.943552628159523,34,0.9315555542707443,0.9842368420213461
35,0.9436684176325798,35,0.9316222220659256,0.9841684196144342
36,0.9437526278197765,36,0.9315555542707443,0.9840842094272375
37,0.9439421035349369,37,0.9316222220659256,0.9843157883733511
38,0.9438473656773567,38,0.9315333291888237,0.9843473676592112
39,0.9439052604138851,39,0.9315333291888237,0.9840578939765692
40,0.9438631571829319,40,0.9314222186803818,0.9840263146907091
41,0.9439526312053204,41,0.9312888905405998,0.9840789474546909
42,0.9437578916549683,42,0.9318222180008888,0.983915789052844
43,0.9438210502266884,43,0.931488886475563,0.9843631573021412
44,0.9439315758645535,44,0.9315111115574837,0.9843473676592112
45,0.9437105245888233,45,0.9312888905405998,0.9842263143509626
46,0.9436315782368183,46,0.9313111081719398,0.9843105264008045
47,0.9435894712805748,47,0.9314444437623024,0.9844368416815996
48,0.9435684196650982,48,0.9315111115574837,0.9841526318341494
49,0.9433368407189846,49,0.9315555542707443,0.9835473671555519
50,0.9434263147413731,50,0.9319111108779907,0.984189473092556
51,0.9434842094779015,51,0.9317777752876282,0.9843631573021412
52,0.943521048873663,52,0.931466668844223,0.9841105248779058
53,0.9436473660171032,53,0.932111106812954,0.9843789469450712
54,0.9437473677098751,54,0.9322222247719765,0.9837578944861889
55,0.9440999999642372,55,0.932377777993679,0.984189473092556
56,0.9441210515797138,56,0.9326444417238235,0.9844684209674597
57,0.944184210151434,57,0.932377777993679,0.9843105264008045
58,0.9443842098116875,58,0.9323111101984978,0.984463157132268
59,0.9441736824810505,59,0.932377777993679,0.9841526318341494
60,0.9444315768778324,60,0.9324444457888603,0.9843421038240194
61,0.9443263150751591,61,0.9324222207069397,0.9844263149425387
62,0.9446842074394226,62,0.9325333312153816,0.9848736841231585
63,0.9445684179663658,63,0.9321999996900558,0.9842736832797527
64,0.9446947351098061,64,0.9319555535912514,0.9841105248779058
65,0.9447263143956661,65,0.931599996984005,0.9844526313245296
66,0.9449315778911114,66,0.9319555535912514,0.9840157888829708
67,0.944905262440443,67,0.931977778673172,0.9837684202939272
68,0.9448526315391064,68,0.9320888891816139,0.9843157883733511
69,0.9448263123631477,69,0.9329111129045486,0.9839052632451057
70,0.944905262440443,70,0.9329333305358887,0.9840631578117609
71,0.9450421035289764,71,0.9326222240924835,0.9844421045854688
72,0.9450368396937847,72,0.9327555522322655,0.9839894734323025
73,0.9451421052217484,73,0.9325777739286423,0.984663157723844
74,0.9453842081129551,74,0.932488888502121,0.984094737097621
75,0.9456578940153122,75,0.9327555522322655,0.9845789466053247
76,0.9458999969065189,76,0.9328666627407074,0.9840315785259008
77,0.9458210505545139,77,0.9327111095190048,0.983899999409914
78,0.945852629840374,78,0.9326666668057442,0.9841842092573643
79,0.9457157887518406,79,0.932888887822628,0.9838421046733856
80,0.9458789452910423,80,0.9334222227334976,0.984631578437984
81,0.9460210502147675,81,0.933799996972084,0.9841210525482893
82,0.9458947367966175,82,0.9341333359479904,0.9842947367578745
83,0.9459421038627625,83,0.9340000003576279,0.9844842096790671
84,0.9458894729614258,84,0.9343555569648743,0.9842578936368227
85,0.9460526295006275,85,0.9345999956130981,0.9841947369277477
86,0.9461526311933994,86,0.9346222206950188,0.9840052630752325
87,0.9463789463043213,87,0.9349333345890045,0.983868420124054
88,0.9463105238974094,88,0.9352222234010696,0.9838473685085773
89,0.9462842084467411,89,0.9350666627287865,0.9839473683387041
90,0.9462578929960728,90,0.9348222240805626,0.9839999992400408
91,0.9464894719421864,91,0.9354666694998741,0.9839210528880358
92,0.9465842097997665,92,0.9348444417119026,0.9834473673254251
93,0.9467052631080151,93,0.9350000023841858,0.983915789052844
94,0.9465999975800514,94,0.9352888911962509,0.9842947367578745
95,0.9466421045362949,95,0.9354222193360329,0.9851210517808795
96,0.9465736821293831,96,0.9357333332300186,0.9841263145208359
97,0.9465157873928547,97,0.9361333325505257,0.984284209087491
98,0.9463578946888447,98,0.9367555528879166,0.9839315786957741
99,0.9463947340846062,99,0.9365555569529533,0.984463157132268
100,0.946621049195528,100,0.9368222206830978,0.9845315786078572
101,0.9466894716024399,101,0.9370666667819023,0.9846052629873157
102,0.9465789459645748,102,0.9376444444060326,0.9848578944802284
103,0.9464842081069946,103,0.9380888864398003,0.9842473678290844
104,0.9466368407011032,104,0.9385333321988583,0.9844263149425387
105,0.9465947337448597,105,0.9386222213506699,0.9845421044155955
106,0.946542102843523,106,0.9388888888061047,0.9842684213072062
107,0.946510523557663,107,0.9390888884663582,0.9840368423610926
108,0.946542102843523,108,0.9390444420278072,0.9842578936368227
109,0.9466421045362949,109,0.9389333315193653,0.9836736842989922
110,0.946673683822155,110,0.9387333318591118,0.9837736841291189
111,0.9467473663389683,111,0.9384888894855976,0.9845999991521239
112,0.9469578936696053,112,0.938466664403677,0.9847263153642416
113,0.9471263140439987,113,0.9385999999940395,0.9842210523784161
114,0.947042103856802,114,0.9391111098229885,0.984173683449626
115,0.9470157884061337,115,0.9390444420278072,0.9842368420213461
116,0.9472684189677238,116,0.9395111091434956,0.9838526304811239
117,0.947284210473299,117,0.9395555555820465,0.9845684207975864
118,0.9475578926503658,118,0.9392666667699814,0.984494736418128
119,0.9474052600562572,119,0.9391111098229885,0.9846263155341148
120,0.9472789466381073,120,0.9394444450736046,0.9839684199541807
121,0.9471315778791904,121,0.9395555555820465,0.984631578437984
122,0.9471368417143822,122,0.9394444450736046,0.9844263149425387
123,0.9469052627682686,123,0.9397333338856697,0.9843157883733511
124,0.9470473676919937,124,0.9399777762591839,0.984173683449626
125,0.9471473656594753,125,0.940266665071249,0.9836631566286087
126,0.9468631558120251,126,0.9406666643917561,0.9840842094272375
127,0.9463263154029846,127,0.9412666670978069,0.9845684207975864
128,0.9463473670184612,128,0.9414444454014301,0.9842473678290844
129,0.9463789463043213,129,0.9415999986231327,0.9841263145208359
130,0.9462947361171246,130,0.9419555552303791,0.9840157888829708
131,0.9465736821293831,131,0.942511111497879,0.9845052622258663
132,0.946621049195528,132,0.9428000003099442,0.9843473676592112
133,0.9465684182941914,133,0.9426444433629513,0.984284209087491
134,0.9465473666787148,134,0.9433333314955235,0.9843526314944029
135,0.9465473666787148,135,0.9435555562376976,0.9839315786957741
136,0.946510523557663,136,0.9435777775943279,0.9844105262309313
137,0.9463947340846062,137,0.9437999986112118,0.9838315788656473
138,0.9461473673582077,138,0.9441777765750885,0.9840157888829708
139,0.946142103523016,139,0.944377776235342,0.984189473092556
140,0.9460684210062027,140,0.9446666650474072,0.9840210527181625
141,0.9461105242371559,141,0.9447555541992188,0.9845368415117264
142,0.9461315758526325,142,0.945333331823349,0.9842526316642761
143,0.9460421018302441,143,0.9454444423317909,0.9840789474546909
144,0.9459368400275707,144,0.945333331823349,0.9847263153642416
145,0.9456999972462654,145,0.9455111101269722,0.9838894736021757
146,0.9457421042025089,146,0.9460444450378418,0.9848210522904992
147,0.9456947334110737,147,0.9460222199559212,0.9840473681688309
148,0.9457368403673172,148,0.9465555548667908,0.9843263160437346
149,0.9456157870590687,149,0.9463333338499069,0.9839210528880358
150,0.9455263130366802,150,0.9459555558860302,0.9843789469450712
151,0.9456052631139755,151,0.9459333345293999,0.9838736839592457
152,0.945484209805727,152,0.945333331823349,0.9839210528880358
153,0.9453736841678619,153,0.9456666670739651,0.9836684204638004
154,0.9452105239033699,154,0.9456888884305954,0.9839789476245642
155,0.9453052617609501,155,0.9460444450378418,0.983884209766984
156,0.9454157873988152,156,0.946288887411356,0.9844894735142589
157,0.9454578943550587,157,0.946688886731863,0.9842157885432243
158,0.9452473670244217,158,0.9466666653752327,0.983884209766984
159,0.9449684210121632,159,0.9466666653752327,0.9843263160437346
160,0.9449105262756348,160,0.9465777762234211,0.9845263157039881
161,0.9448999986052513,161,0.9468000009655952,0.9845894733443856
162,0.945031575858593,162,0.9469555541872978,0.9840473681688309
163,0.94508421048522,163,0.9469555541872978,0.9843315780162811
164,0.9451421052217484,164,0.9472666643559933,0.9841473679989576
165,0.944794736802578,165,0.9470444433391094,0.9843315780162811
166,0.9447105228900909,166,0.9472000002861023,0.9837421048432589
167,0.9446789473295212,167,0.9469111114740372,0.9837789461016655
168,0.9445526301860809,168,0.9474222213029861,0.9843105264008045
169,0.9445157870650291,169,0.9480222202837467,0.9841999989002943
170,0.9443210512399673,170,0.9482222199440002,0.9839999992400408
171,0.9441526308655739,171,0.9479999989271164,0.9842789471149445
172,0.9439263120293617,172,0.9478666670620441,0.9843842098489404
173,0.9438105225563049,173,0.9482888877391815,0.9845631569623947
174,0.943521048873663,174,0.948533333837986,0.983915789052844
175,0.9433736838400364,175,0.9485777765512466,0.9839789476245642
176,0.9431578926742077,176,0.9491111114621162,0.984463157132268
177,0.9431789442896843,177,0.9490666650235653,0.984936841763556
178,0.9429631568491459,178,0.9488666653633118,0.9841842092573643
179,0.9429105259478092,179,0.9488666653633118,0.9844210520386696
180,0.9426052607595921,180,0.9490666650235653,0.9839263148605824
181,0.9426842071115971,181,0.9493555538356304,0.9845526311546564
182,0.9427684172987938,182,0.9494222216308117,0.9840578939765692
183,0.9426789470016956,183,0.9499777778983116,0.9845947362482548
184,0.9425473660230637,184,0.9500222206115723,0.9834684208035469
185,0.9424052610993385,185,0.9505333341658115,0.9844526313245296
186,0.9423368386924267,186,0.9505555555224419,0.9837052617222071
187,0.9421578943729401,187,0.950799997895956,0.984463157132268
188,0.9419473670423031,188,0.9505111090838909,0.9844999993219972
189,0.9416894726455212,189,0.9505333341658115,0.9842526316642761
190,0.9415736831724644,190,0.9509111121296883,0.9836947359144688
191,0.9416421018540859,191,0.9509111121296883,0.9837842099368572
192,0.9416526295244694,192,0.9509333334863186,0.9838157892227173
193,0.9414736814796925,193,0.9511111117899418,0.9840157888829708
194,0.9416999965906143,194,0.9516000002622604,0.9845052622258663
195,0.9414842091500759,195,0.9519111104309559,0.9841421041637659
196,0.9413578920066357,196,0.9521777778863907,0.9840842094272375
197,0.9412315785884857,197,0.9518444426357746,0.9842631574720144
198,0.9410315752029419,198,0.951755553483963,0.983805263414979
199,0.9412052594125271,199,0.9515555538237095,0.9844473674893379
200,0.9411684200167656,200,0.9516444429755211,0.9842421039938927
201,0.9408210515975952,201,0.9522666670382023,0.9838368408381939
202,0.9406315758824348,202,0.952644445002079,0.9838736839592457
203,0.9406315758824348,203,0.9525333344936371,0.9844210520386696
204,0.9405842088162899,204,0.9524888880550861,0.9830210525542498
205,0.9405736811459064,205,0.9526888877153397,0.9836578946560621
206,0.940357893705368,206,0.9528888873755932,0.9845999991521239
207,0.9405105225741863,207,0.9528888873755932,0.984494736418128
208,0.940515786409378,208,0.9530222229659557,0.9839578941464424
209,0.9405894726514816,209,0.9532444439828396,0.9843368418514729
210,0.9403894729912281,210,0.9533333331346512,0.9840368423610926
211,0.9403210505843163,211,0.9534666649997234,0.9839473683387041
212,0.9401736818253994,212,0.953666664659977,0.9837842099368572
213,0.9400105252861977,213,0.9541555568575859,0.9840157888829708
214,0.9402157887816429,214,0.9541333317756653,0.9842684213072062
215,0.940163154155016,215,0.9543777778744698,0.9835526309907436
216,0.9400578923523426,216,0.9547999985516071,0.9840578939765692
217,0.9403842091560364,217,0.9549777768552303,0.9843315780162811
218,0.9402526281774044,218,0.9549555554986,0.9840210527181625
219,0.9401315785944462,219,0.9549111090600491,0.9841999989002943
220,0.9400210492312908,220,0.9548666663467884,0.9843526314944029
221,0.9399368390440941,221,0.9547777771949768,0.9837578944861889
222,0.9397263154387474,222,0.9549777768552303,0.9842999987304211
223,0.939747367054224,223,0.9550444446504116,0.9834842104464769
224,0.9397526308894157,224,0.9550666660070419,0.9840789474546909
225,0.9397263154387474,225,0.9545333310961723,0.9845210518687963
226,0.9396631568670273,226,0.9546666666865349,0.9845421044155955
227,0.9395157881081104,227,0.954511109739542,0.9839421045035124
228,0.9395736828446388,228,0.9548666663467884,0.9840473681688309
229,0.9396842084825039,229,0.9545777775347233,0.9845421044155955
230,0.9393631555140018,230,0.9545777775347233,0.9835894722491503
231,0.9393105246126652,231,0.9551111124455929,0.9838789459317923
232,0.939005259424448,232,0.9548666663467884,0.984094737097621
233,0.9388421028852463,233,0.9547555558383465,0.9839526303112507
234,0.9389157891273499,234,0.9547999985516071,0.9842263143509626
235,0.9390210509300232,235,0.954444445669651,0.984921052120626
236,0.9391894713044167,236,0.9547777771949768,0.984936841763556
237,0.9390631541609764,237,0.954511109739542,0.9844894735142589
238,0.9390947334468365,238,0.954511109739542,0.9840052630752325
239,0.9392052628099918,239,0.9538888894021511,0.9837789461016655
240,0.9388315752148628,240,0.9541999995708466,0.9845736837014556
241,0.9387736804783344,241,0.9538444429636002,0.9840315785259008
242,0.9385315775871277,242,0.9543111100792885,0.9840578939765692
243,0.9382157884538174,243,0.9542444422841072,0.9837421048432589
244,0.9383842088282108,244,0.9537555538117886,0.9839263148605824
245,0.938157893717289,245,0.9535777755081654,0.9837263152003288
246,0.9380736835300922,246,0.9537777788937092,0.9848210522904992
247,0.9380421042442322,247,0.9537555538117886,0.9844105262309313
248,0.9379105232656002,248,0.9542222209274769,0.9845578940585256
249,0.9379684180021286,249,0.9543555565178394,0.9835368413478136
250,0.9353157877922058,250,0.9419111087918282,0.9844842096790671
251,0.942652627825737,251,0.96284444257617,0.9845263157039881
252,0.9427105225622654,252,0.9621333330869675,0.9841473679989576
253,0.9429052621126175,253,0.9612666666507721,0.9842263143509626
254,0.9429315775632858,254,0.9611777774989605,0.9843631573021412
255,0.9430052600800991,255,0.9609555564820766,0.9843157883733511
256,0.9431315772235394,256,0.9608444422483444,0.9843789469450712
257,0.9433578923344612,257,0.9604888893663883,0.9845578940585256
258,0.9433210492134094,258,0.9603111110627651,0.9843631573021412
259,0.9434105232357979,259,0.9600000008940697,0.9842368420213461
260,0.9433105252683163,260,0.959511112421751,0.9844210520386696
261,0.943394735455513,261,0.9589555561542511,0.9834894724190235
262,0.9436789453029633,262,0.9589333310723305,0.9843368418514729
263,0.9437263123691082,263,0.9586444422602654,0.9841052629053593
264,0.9436999969184399,264,0.9583333320915699,0.9845315786078572
265,0.9435736835002899,265,0.9580000005662441,0.9842157885432243
266,0.9436684176325798,266,0.9577333331108093,0.9845315786078572
267,0.9437736831605434,267,0.9574222229421139,0.9838157892227173
268,0.9438105225563049,268,0.9574666656553745,0.9841947369277477
269,0.9440631568431854,269,0.9572222232818604,0.9840684197843075
270,0.9442052617669106,270,0.9567999988794327,0.9841473679989576
271,0.9442421048879623,271,0.9565111100673676,0.9839999992400408
272,0.9444684199988842,272,0.9561999998986721,0.9848684202879667
273,0.9443105235695839,273,0.9560666680335999,0.9841157887130976
274,0.9442736841738224,274,0.955911111086607,0.9843473676592112
275,0.9444052614271641,275,0.9560000002384186,0.9842526316642761
276,0.9445421025156975,276,0.9558444432914257,0.9845999991521239
277,0.9446263127028942,277,0.9556444436311722,0.9834473673254251
278,0.9446052610874176,278,0.9557111114263535,0.9834421053528786
279,0.9447263143956661,279,0.9556222222745419,0.9842368420213461
280,0.9448789469897747,280,0.9555111117660999,0.9834421053528786
281,0.9448315761983395,281,0.9551777765154839,0.9836526308208704
282,0.9450263157486916,282,0.9550222232937813,0.9837999995797873
283,0.9449210502207279,283,0.9547777771949768,0.9842315781861544
284,0.9448210522532463,284,0.9546888880431652,0.9841526318341494
285,0.9448473677039146,285,0.9546222202479839,0.9837473686784506
286,0.9450210519134998,286,0.9546666666865349,0.9845421044155955
287,0.945194736123085,287,0.954555556178093,0.9837105255573988
288,0.9452631548047066,288,0.9543555565178394,0.9846263155341148
289,0.945194736123085,289,0.9539333321154118,0.9837368410080671
290,0.9452263154089451,290,0.9536444433033466,0.9840684197843075
291,0.9452894702553749,291,0.9535777755081654,0.983805263414979
292,0.9455052614212036,292,0.9535111114382744,0.9842789471149445
293,0.9454315789043903,293,0.9534222222864628,0.9838526304811239
294,0.9455421045422554,294,0.9534666649997234,0.9842368420213461
295,0.9455842077732086,295,0.9531333334743977,0.9841421041637659
296,0.9456894733011723,296,0.9530666656792164,0.9848315780982375
297,0.9459210522472858,297,0.9528222233057022,0.9842894729226828
298,0.945805262774229,298,0.9525777772068977,0.9837052617222071
299,0.9458105228841305,299,0.9526222199201584,0.9839578941464424
300,0.9460210502147675,300,0.9524222202599049,0.9834210518747568
301,0.9460105262696743,301,0.9522222205996513,0.984510526061058
302,0.9460473656654358,302,0.9520444422960281,0.983789473772049
303,0.9461947344243526,303,0.9519777782261372,0.9843684211373329
304,0.9461999982595444,304,0.9518222212791443,0.9841157887130976
305,0.9462999999523163,305,0.9517111107707024,0.9843368418514729
306,0.9463210515677929,306,0.9515777789056301,0.9839263148605824
307,0.946510523557663,307,0.951688889414072,0.9837684202939272
308,0.9465631544589996,308,0.9516000002622604,0.9842631574720144
309,0.94675263017416,309,0.951355554163456,0.9838210511952639
310,0.9467736817896366,310,0.9511555545032024,0.9847947359085083
311,0.9467736817896366,311,0.9510222226381302,0.9843842098489404
312,0.94691052287817,312,0.9510000012814999,0.984284209087491
313,0.9471684210002422,313,0.9510444439947605,0.9840684197843075
314,0.9471894726157188,314,0.9509555548429489,0.9841105248779058
315,0.9472736828029156,315,0.9509777761995792,0.9841421041637659
316,0.9473947361111641,316,0.950844444334507,0.9849631572142243
317,0.9473894722759724,317,0.9506888873875141,0.9843105264008045
318,0.9475789442658424,318,0.9504888877272606,0.9844684209674597
319,0.9476684182882309,319,0.9506444446742535,0.983994735404849
320,0.947731576859951,320,0.9503555558621883,0.9836210515350103
321,0.9478473663330078,321,0.9500222206115723,0.9843842098489404
322,0.9480631574988365,322,0.9497111104428768,0.9845526311546564
323,0.9484789445996284,323,0.9498888887465,0.9831842090934515
324,0.9487789459526539,324,0.9496222212910652,0.9843052625656128
325,0.9488684199750423,325,0.9494222216308117,0.9839052632451057
326,0.9490947350859642,326,0.949377778917551,0.9845999991521239
327,0.9492578916251659,327,0.949444442987442,0.9839473683387041
328,0.9494789466261864,328,0.9494666643440723,0.9846842102706432
329,0.9497368410229683,329,0.949444442987442,0.9840473681688309
330,0.9497842080891132,330,0.9492000006139278,0.9842368420213461
331,0.9499526284635067,331,0.9492000006139278,0.9838263150304556
332,0.9499842077493668,332,0.9488666653633118,0.9848052626475692
333,0.9500105232000351,333,0.9487555548548698,0.9840894732624292
334,0.950157891958952,334,0.9485111087560654,0.9846526309847832
335,0.9501684196293354,335,0.9484444446861744,0.9839368406683207
336,0.9501736834645271,336,0.9483555555343628,0.983578946441412
337,0.9503473676741123,337,0.9482444450259209,0.9844157891348004
338,0.9504999965429306,338,0.9479999989271164,0.9844052623957396
339,0.9507578946650028,339,0.9480222202837467,0.9842421039938927
340,0.950931578874588,340,0.9479555562138557,0.9844157891348004
341,0.9510631561279297,341,0.9477111101150513,0.9848157893866301
342,0.9511473663151264,342,0.9476666674017906,0.9845210518687963
343,0.9511999972164631,343,0.9474888890981674,0.9839368406683207
344,0.9513263143599033,344,0.947177778929472,0.9848052626475692
345,0.9513999968767166,345,0.9472666643559933,0.9847736833617091
346,0.9514105245471001,346,0.9472666643559933,0.9842473678290844
347,0.9515210501849651,347,0.9467111118137836,0.9841368421912193
348,0.9516631551086903,348,0.9467777758836746,0.9845157889649272
349,0.9517578929662704,349,0.9467555545270443,0.9844105262309313
350,0.9518842101097107,350,0.9468666650354862,0.9841947369277477
351,0.9518736824393272,351,0.9470000006258488,0.983915789052844
352,0.9519421048462391,352,0.9468222223222256,0.9844578942283988
353,0.9520052596926689,353,0.9465999975800514,0.9843999994918704
354,0.9518105238676071,354,0.9463999979197979,0.9847157886251807
355,0.9519684202969074,355,0.946177776902914,0.9843842098489404
356,0.9519526287913322,356,0.9460666663944721,0.9845473682507873
357,0.9519526287913322,357,0.9462444446980953,0.9840421043336391
358,0.9520526304841042,358,0.9459111094474792,0.9840631578117609
359,0.9521315768361092,359,0.9458888880908489,0.9843421038240194
360,0.9521947354078293,360,0.9457999989390373,0.9846736835315824
361,0.9522105231881142,361,0.9458888880908489,0.9842157885432243
362,0.9522631578147411,362,0.9455999992787838,0.9841473679989576
363,0.9523947350680828,363,0.9454444423317909,0.9839736837893724
364,0.9524631574749947,364,0.9454666674137115,0.9840052630752325
365,0.9525368399918079,365,0.9452222213149071,0.9842263143509626
366,0.9525789469480515,366,0.9451111108064651,0.9843210522085428
367,0.9528052620589733,367,0.9450222216546535,0.9840105250477791
368,0.9528315775096416,368,0.9450444430112839,0.9845210518687963
369,0.9530894719064236,369,0.9449555538594723,0.9847263153642416
370,0.9533157870173454,370,0.9446444436907768,0.984647368080914
371,0.9534789472818375,371,0.9445111118257046,0.9835736844688654
372,0.9535052627325058,372,0.9444444440305233,0.9844473674893379
373,0.9536842107772827,373,0.9443555548787117,0.9839368406683207
374,0.9535105265676975,374,0.944311112165451,0.9839052632451057
375,0.9538947343826294,375,0.944377776235342,0.9841526318341494
376,0.953836839646101,376,0.9437777772545815,0.9841210525482893
377,0.9539736844599247,377,0.9435999989509583,0.9840842094272375
378,0.9540947340428829,378,0.9434888884425163,0.9835736844688654
379,0.9540842100977898,379,0.9435111097991467,0.9841631576418877
380,0.9540157876908779,380,0.9432888887822628,0.9837263152003288
381,0.9540736824274063,381,0.9431777782738209,0.9839842095971107
382,0.9543421044945717,382,0.9432444423437119,0.9841263145208359
383,0.9544105231761932,383,0.9428222216665745,0.9843578934669495
384,0.9545210525393486,384,0.9428000003099442,0.9843631573021412
385,0.9545105248689651,385,0.942511111497879,0.9839473683387041
386,0.9546789452433586,386,0.9422666653990746,0.984663157723844
387,0.9546999968588352,387,0.9421333335340023,0.984478946775198
388,0.9547789469361305,388,0.9422666653990746,0.9848105255514383
389,0.9547631554305553,389,0.9424666650593281,0.9846842102706432
390,0.9548842087388039,390,0.9426444433629513,0.9844157891348004
391,0.9548105262219906,391,0.9426666647195816,0.9842105265706778
392,0.954900000244379,392,0.9427777789533138,0.9844421045854688
393,0.954900000244379,393,0.9428222216665745,0.9842210523784161
394,0.9548315778374672,394,0.9426666647195816,0.9845210518687963
395,0.9550315774977207,395,0.9427111111581326,0.984173683449626
396,0.955105260014534,396,0.942511111497879,0.9843526314944029
397,0.9551421031355858,397,0.9424444437026978,0.984173683449626
398,0.9552526287734509,398,0.9424222223460674,0.9839263148605824
399,0.955394733697176,399,0.9425555542111397,0.983868420124054
400,0.9553894735872746,400,0.9425333328545094,0.9840789474546909
401,0.9551947340369225,401,0.9428000003099442,0.9844105262309313
402,0.9552157893776894,402,0.9427777789533138,0.9840157888829708
403,0.9553052634000778,403,0.9426666647195816,0.9842736832797527
404,0.9552263133227825,404,0.9427555538713932,0.983578946441412
405,0.9552263133227825,405,0.942511111497879,0.9844368416815996
406,0.955268420279026,406,0.9424000009894371,0.9842263143509626
407,0.9552315771579742,407,0.9423333331942558,0.9840684197843075
408,0.9552631564438343,408,0.9424444437026978,0.9839842095971107
409,0.9552736841142178,409,0.9423111118376255,0.9838473685085773
410,0.9552526287734509,410,0.9421333335340023,0.9839631579816341
411,0.9554368406534195,411,0.9419111087918282,0.983805263414979
412,0.955236840993166,412,0.9417777769267559,0.984647368080914
413,0.9552578926086426,413,0.941222220659256,0.9843526314944029
414,0.9553421027958393,414,0.9410222209990025,0.9837315790355206
415,0.9554157890379429,415,0.9411333315074444,0.9838526304811239
416,0.9554421044886112,416,0.9405333325266838,0.9844473674893379
417,0.9555526301264763,417,0.9405555538833141,0.983578946441412
418,0.9555999971926212,418,0.9405333325266838,0.9838578943163157
419,0.9555789455771446,419,0.9407333321869373,0.9839999992400408
420,0.9554894715547562,420,0.9408444426953793,0.9843421038240194
421,0.9556157886981964,421,0.9408222213387489,0.9842368420213461
422,0.9555842094123363,422,0.940711110830307,0.9840578939765692
423,0.9554368406534195,423,0.9406222216784954,0.9843736831098795
424,0.9554894715547562,424,0.9405555538833141,0.9842368420213461
425,0.9555368423461914,425,0.9404666647315025,0.9845684207975864
426,0.9555052630603313,426,0.9406444430351257,0.9843421038240194
427,0.9553842097520828,427,0.9402888864278793,0.9836842101067305
428,0.9553578943014145,428,0.9402888864278793,0.9840421043336391
429,0.955189473927021,429,0.939866665750742,0.9840999990701675
430,0.9552736841142178,430,0.9399333335459232,0.9841842092573643
431,0.955347366631031,431,0.9397555552423,0.9840473681688309
432,0.9552999995648861,432,0.9398888871073723,0.984478946775198
433,0.955236840993166,433,0.9395999982953072,0.9835368413478136
434,0.9553421027958393,434,0.939422219991684,0.9845315786078572
435,0.9553578943014145,435,0.939311109483242,0.9838894736021757
436,0.9552736841142178,436,0.939311109483242,0.9847999997437
437,0.9551368393003941,437,0.9392222203314304,0.9841368421912193
438,0.955026313662529,438,0.939311109483242,0.9836736842989922
439,0.9549157880246639,439,0.9393999986350536,0.9840999990701675
440,0.954705260694027,440,0.9394444450736046,0.9838157892227173
441,0.9546105265617371,441,0.9397555552423,0.9837999995797873
442,0.9546315781772137,442,0.9395555555820465,0.984205262735486
443,0.9545105248689651,443,0.9394666664302349,0.984478946775198
444,0.9544105231761932,444,0.9394444450736046,0.9841368421912193
445,0.9542052634060383,445,0.9390222206711769,0.9845894733443856
446,0.9541526287794113,446,0.9392222203314304,0.984173683449626
447,0.9540947340428829,447,0.9389777779579163,0.9844473674893379
448,0.9540578946471214,448,0.9387777782976627,0.9843894727528095
449,0.9538421034812927,449,0.9387555532157421,0.9844105262309313
450,0.9536842107772827,450,0.9392444454133511,0.9844578942283988
451,0.9536105245351791,451,0.9391555562615395,0.9845315786078572
452,0.9535526297986507,452,0.9389999993145466,0.9842526316642761
453,0.9533999972045422,453,0.9389555566012859,0.9839526303112507
454,0.9534315764904022,454,0.9389999993145466,0.9840157888829708
455,0.9533157870173454,455,0.9387111105024815,0.9841157887130976
456,0.9531947337090969,456,0.9385999999940395,0.9838578943163157
457,0.9530789442360401,457,0.9385333321988583,0.9841526318341494
458,0.9530315771698952,458,0.938400000333786,0.9840421043336391
459,0.9530842080712318,459,0.938400000333786,0.9842894729226828
460,0.9531631581485271,460,0.9386222213506699,0.9846210516989231
461,0.9530105255544186,461,0.9385111108422279,0.9841473679989576
462,0.9529631547629833,462,0.938466664403677,0.9845947362482548
463,0.9527894705533981,463,0.9383333325386047,0.983789473772049
464,0.9526157863438129,464,0.938466664403677,0.9841210525482893
465,0.9525947347283363,465,0.938400000333786,0.9844368416815996
466,0.9525473676621914,466,0.9385111108422279,0.9842894729226828
467,0.9524947367608547,467,0.9384444430470467,0.984284209087491
468,0.9523684196174145,468,0.9385333321988583,0.9844421045854688
469,0.9522263146936893,469,0.9383333325386047,0.9844684209674597
470,0.9521736837923527,470,0.9380888864398003,0.9837368410080671
471,0.9520947337150574,471,0.9383333325386047,0.9845631569623947
472,0.9520210511982441,472,0.9383111111819744,0.9846052629873157
473,0.9518684186041355,473,0.9382666647434235,0.9839999992400408
474,0.951957892626524,474,0.9380666650831699,0.9845789466053247
475,0.9518421031534672,475,0.9382666647434235,0.9840210527181625
476,0.9517684206366539,476,0.9382222220301628,0.9841842092573643
477,0.9517578929662704,477,0.9380666650831699,0.9838421046733856
478,0.9516157880425453,478,0.9380666650831699,0.9848263151943684
479,0.9515315778553486,479,0.9380888864398003,0.9844578942283988
480,0.951426312327385,480,0.9381111115217209,0.9839578941464424
481,0.9514842070639133,481,0.938000001013279,0.9836578946560621
482,0.9513999968767166,482,0.9379111118614674,0.9840105250477791
483,0.9514052607119083,483,0.9377333335578442,0.9844999993219972
484,0.9513473659753799,484,0.9374444410204887,0.9843736831098795
485,0.9511631578207016,485,0.9375777766108513,0.9842684213072062
486,0.9510263130068779,486,0.9377111122012138,0.9840789474546909
487,0.9511736817657948,487,0.9375333338975906,0.9841947369277477
488,0.9510210491716862,488,0.9373777806758881,0.9840789474546909
489,0.9510684199631214,489,0.9376666657626629,0.984921052120626
490,0.9509421028196812,490,0.9377555549144745,0.9841263145208359
491,0.9508052617311478,491,0.9379111118614674,0.9838473685085773
492,0.9507631547749043,492,0.938000001013279,0.9841263145208359
493,0.9507736824452877,493,0.9380222223699093,0.9842578936368227
494,0.950721051543951,494,0.9377111122012138,0.9841842092573643
495,0.950768418610096,495,0.9377111122012138,0.9844052623957396
496,0.9505736827850342,496,0.93748889118433,0.9837578944861889
497,0.9505263157188892,497,0.9376444444060326,0.9845263157039881
498,0.9505999982357025,498,0.9375777766108513,0.9838631581515074
499,0.9505473673343658,499,0.9377111122012138,0.9846052629873157
500,0.9502157866954803,500,0.9429111108183861,0.9844368416815996
501,0.937415786087513,501,0.9688222222030163,0.9838736839592457
502,0.936673678457737,502,0.9683333337306976,0.9843315780162811
503,0.9361736848950386,503,0.9680222235620022,0.9843684211373329
504,0.9355999976396561,504,0.9676888883113861,0.9845999991521239
505,0.9353210479021072,505,0.9676888883113861,0.9845578940585256
506,0.9351842105388641,506,0.967399999499321,0.9849947365000844
507,0.9348157867789268,507,0.9672666676342487,0.9842578936368227
508,0.9344105273485184,508,0.9671555534005165,0.9836999997496605
509,0.9342526271939278,509,0.9669333323836327,0.9842631574720144
510,0.9341052621603012,510,0.9666222222149372,0.9843842098489404
511,0.9337789416313171,511,0.9664000011980534,0.984284209087491
512,0.933484211564064,512,0.9662888869643211,0.983868420124054
513,0.9331842064857483,513,0.9660888873040676,0.9843842098489404
514,0.9329210519790649,514,0.9659555554389954,0.9845421044155955
515,0.9327947348356247,515,0.9657777771353722,0.9844999993219972
516,0.9324368387460709,516,0.9656888879835606,0.9840789474546909
517,0.9322210475802422,517,0.9656666666269302,0.9843789469450712
518,0.9320105239748955,518,0.965533334761858,0.9840842094272375
519,0.9318526312708855,519,0.9652222208678722,0.9841789472848177
520,0.9314263164997101,520,0.9649333320558071,0.9845999991521239
521,0.9311684221029282,521,0.9648444429039955,0.9845684207975864
522,0.9311157837510109,522,0.9645111113786697,0.9838736839592457
523,0.9307157844305038,523,0.9641777761280537,0.9847368411719799
524,0.930784210562706,524,0.9640222229063511,0.9847789471969008
525,0.9307105243206024,525,0.9639333337545395,0.983899999409914
526,0.9306368380784988,526,0.9637777768075466,0.9845526311546564
527,0.930621050298214,527,0.9637111090123653,0.9839421045035124
528,0.9306105226278305,528,0.9635999985039234,0.9841578938066959
529,0.9306421056389809,529,0.963688887655735,0.9847999997437
530,0.9305736795067787,530,0.9634444452822208,0.983994735404849
531,0.9308421015739441,531,0.9633333347737789,0.9843789469450712
532,0.9309315755963326,532,0.9631333313882351,0.9845052622258663
533,0.9310368373990059,533,0.9629999995231628,0.984284209087491
534,0.9310421049594879,534,0.9628888890147209,0.983994735404849
535,0.9310473650693893,535,0.962777778506279,0.9843315780162811
536,0.9310842081904411,536,0.9625333324074745,0.9840052630752325
537,0.9312473684549332,537,0.9622666649520397,0.9840473681688309
538,0.9310105219483376,538,0.9621111117303371,0.9842368420213461
539,0.9313052594661713,539,0.9619555547833443,0.9844526313245296
540,0.9313578903675079,540,0.9618666656315327,0.9843368418514729
541,0.9314842075109482,541,0.9617555551230907,0.9844052623957396
542,0.9315368384122849,542,0.9617111124098301,0.9839842095971107
543,0.9316578954458237,543,0.961422223597765,0.9838789459317923
544,0.9318999946117401,544,0.9611333310604095,0.9840578939765692
545,0.9319105222821236,545,0.9607111103832722,0.984478946775198
546,0.932078942656517,546,0.9606444425880909,0.9843789469450712
547,0.9320105239748955,547,0.9606666676700115,0.9844315787777305
548,0.9323000013828278,548,0.9605777785181999,0.9839315786957741
549,0.9327578917145729,549,0.9602666646242142,0.9843263160437346
550,0.9331210479140282,550,0.9601111114025116,0.9845578940585256
551,0.9331894740462303,551,0.9598222225904465,0.9841105248779058
552,0.9334947317838669,552,0.9597333334386349,0.9848578944802284
553,0.9339315742254257,553,0.9593777768313885,0.9840210527181625
554,0.9341736808419228,554,0.9591999985277653,0.984094737097621
555,0.9344789460301399,555,0.9589777775108814,0.9844684209674597
556,0.9346736818552017,556,0.9585999995470047,0.9843473676592112
557,0.9350789487361908,557,0.9583999998867512,0.9843578934669495
558,0.9353789463639259,558,0.9581333324313164,0.9841842092573643
559,0.9356473684310913,559,0.9577555544674397,0.9837421048432589
560,0.9359789416193962,560,0.957666665315628,0.9846947360783815
561,0.9361684173345566,561,0.9574666656553745,0.9842473678290844
562,0.9363526329398155,562,0.9572888873517513,0.984094737097621
563,0.9365894719958305,563,0.9571111090481281,0.9841315783560276
564,0.9368473663926125,564,0.9570888876914978,0.9841157887130976
565,0.9371052607893944,565,0.9568444453179836,0.9842526316642761
566,0.9375473670661449,566,0.9567111097276211,0.9837368410080671
567,0.9378894716501236,567,0.9566666670143604,0.9843210522085428
568,0.9380999989807606,568,0.9566888883709908,0.9844842096790671
569,0.9385105259716511,569,0.9567111097276211,0.9838421046733856
570,0.9388157874345779,570,0.9565555565059185,0.9842315781861544
571,0.9391789436340332,571,0.9563777782022953,0.9839368406683207
572,0.9394947364926338,572,0.9561999998986721,0.9845999991521239
573,0.9396999962627888,573,0.9560444429516792,0.9846210516989231
574,0.9399894699454308,574,0.9557777754962444,0.9843421038240194
575,0.9403789453208447,575,0.9556444436311722,0.9836789462715387
576,0.940905261784792,576,0.9554888866841793,0.9837368410080671
577,0.9413578920066357,577,0.9550666660070419,0.9836631566286087
578,0.9416421018540859,578,0.9548444449901581,0.9840368423610926
579,0.941963154822588,579,0.9546888880431652,0.9842315781861544
580,0.9422421045601368,580,0.9546888880431652,0.9840368423610926
581,0.9425421021878719,581,0.9544888883829117,0.98478421010077
582,0.9428894706070423,582,0.953999999910593,0.98476842045784
583,0.9431578926742077,583,0.954111110419035,0.9841052629053593
584,0.9433315768837929,584,0.9539111107587814,0.9845526311546564
585,0.9437789469957352,585,0.9536222219467163,0.984478946775198
586,0.9440684206783772,586,0.9535111114382744,0.9841157887130976
587,0.9443947337567806,587,0.9536222219467163,0.9842947367578745
588,0.9448105245828629,588,0.9533777758479118,0.9845157889649272
589,0.9451473653316498,589,0.9532666653394699,0.9839421045035124
590,0.9454368390142918,590,0.9531333334743977,0.9838105253875256
591,0.9455789439380169,591,0.9528666660189629,0.984494736418128
592,0.9459052607417107,592,0.9527555555105209,0.9844105262309313
593,0.9463631547987461,593,0.9525777772068977,0.9842631574720144
594,0.9467157870531082,594,0.9525111094117165,0.9844157891348004
595,0.9469473659992218,595,0.9524222202599049,0.9840263146907091
596,0.9472999982535839,596,0.9520222209393978,0.98476842045784
597,0.9476473666727543,597,0.9516666643321514,0.9847473679110408
598,0.9478736817836761,598,0.9514666646718979,0.9836315792053938
599,0.9480263143777847,599,0.9513777755200863,0.9843999994918704
600,0.9483578912913799,600,0.9510888867080212,0.9840999990701675
601,0.948678944259882,601,0.9510222226381302,0.9845789466053247
602,0.9489526301622391,602,0.9508666656911373,0.9837999995797873
603,0.9492210522294044,603,0.9508666656911373,0.9838157892227173
604,0.9494315758347511,604,0.9509111121296883,0.9839315786957741
605,0.9497999995946884,605,0.9510666653513908,0.9841263145208359
606,0.9501684196293354,606,0.9508888870477676,0.9845210518687963
607,0.9502999968826771,607,0.950799997895956,0.9842526316642761
608,0.9505842104554176,608,0.9507111087441444,0.9845052622258663
609,0.9508842080831528,609,0.9509777761995792,0.9842684213072062
610,0.9511421024799347,610,0.9507333338260651,0.9843999994918704
611,0.9514315761625767,611,0.9504888877272606,0.9844157891348004
612,0.9516894705593586,612,0.9503777772188187,0.9843894727528095
613,0.9520157873630524,613,0.9502666667103767,0.9841210525482893
614,0.952357891947031,614,0.9500666670501232,0.9837473686784506
615,0.9526105262339115,615,0.9501333311200142,0.9840894732624292
616,0.9527999982237816,616,0.9499111101031303,0.984205262735486
617,0.9530631564557552,617,0.9499555565416813,0.9844210520386696
618,0.9532421045005322,618,0.9496888890862465,0.9846368413418531
619,0.9534947350621223,619,0.949377778917551,0.9843578934669495
620,0.9537157863378525,620,0.9491111114621162,0.983899999409914
621,0.9539421051740646,621,0.9489777758717537,0.984615788795054
622,0.9541947357356548,622,0.9488444440066814,0.9841578938066959
623,0.9544789455831051,623,0.948933333158493,0.9844315787777305
624,0.9547315761446953,624,0.9489555545151234,0.9836578946560621
625,0.954947367310524,625,0.9490000009536743,0.9845578940585256
626,0.9550789445638657,626,0.9485111087560654,0.9842578936368227
627,0.9552578926086426,627,0.9483333341777325,0.9838263150304556
628,0.9554578922688961,628,0.9483777768909931,0.9839578941464424
629,0.9557315781712532,629,0.9483333341777325,0.9844315787777305
630,0.9559578932821751,630,0.9481333345174789,0.9840789474546909
631,0.9561473652720451,631,0.9481555558741093,0.9841842092573643
632,0.9562842100858688,632,0.9480666667222977,0.9843315780162811
633,0.9564421027898788,633,0.9477999992668629,0.9844421045854688
634,0.956715788692236,634,0.947577778249979,0.9840157888829708
635,0.9569368399679661,635,0.9473777785897255,0.9834105260670185
636,0.9571263156831264,636,0.947133332490921,0.9839999992400408
637,0.9573210515081882,637,0.9470666646957397,0.9837631564587355
638,0.9574631564319134,638,0.947133332490921,0.984463157132268
639,0.9576210528612137,639,0.9470000006258488,0.9843684211373329
640,0.9577368423342705,640,0.9469555541872978,0.9838631581515074
641,0.9578368403017521,641,0.946622222661972,0.9839421045035124
642,0.9580526314675808,642,0.9464666657149792,0.9841421041637659
643,0.9581526294350624,643,0.9463999979197979,0.9841052629053593
644,0.9582842104136944,644,0.9463333338499069,0.9837736841291189
645,0.9584789462387562,645,0.9461999982595444,0.9845631569623947
646,0.9586105234920979,646,0.9460888877511024,0.9843578934669495
647,0.9586210511624813,647,0.9458888880908489,0.9847105257213116
648,0.9586999975144863,648,0.9459333345293999,0.9842789471149445
649,0.9587210528552532,649,0.9458666667342186,0.9840684197843075
650,0.958784207701683,650,0.945777777582407,0.9834789466112852
651,0.95883684232831,651,0.9456444419920444,0.9841789472848177
652,0.9589789472520351,652,0.9454888887703419,0.9842736832797527
653,0.9589999988675117,653,0.9454222209751606,0.984094737097621
654,0.9590789452195168,654,0.9454888887703419,0.9841684196144342
655,0.9592789448797703,655,0.9456222206354141,0.9841421041637659
656,0.9594210498034954,656,0.9453999996185303,0.9839842095971107
657,0.9594894722104073,657,0.9451111108064651,0.9839526303112507
658,0.9596947357058525,658,0.9451111108064651,0.9848263151943684
659,0.9597105234861374,659,0.9450000002980232,0.9838894736021757
660,0.9597368389368057,660,0.9447333328425884,0.9841210525482893
661,0.9595789462327957,661,0.9449111111462116,0.9840421043336391
662,0.9595473669469357,662,0.9448000006377697,0.9843789469450712
663,0.9595526307821274,663,0.9446444436907768,0.9840157888829708
664,0.9597684182226658,664,0.944488886743784,0.9840210527181625
665,0.9597578942775726,665,0.944311112165451,0.9839210528880358
666,0.9597421027719975,666,0.9443333335220814,0.9838526304811239
667,0.9597684182226658,667,0.9441999979317188,0.9838894736021757
668,0.959605261683464,668,0.9440666660666466,0.9845263157039881
669,0.9595842100679874,669,0.9439999982714653,0.9839526303112507
670,0.9595526307821274,670,0.9437555558979511,0.9840999990701675
671,0.9595473669469357,671,0.9435111097991467,0.9840210527181625
672,0.9596789442002773,672,0.9433333314955235,0.9842210523784161
673,0.9595473669469357,673,0.9432666674256325,0.9840105250477791
674,0.9595052599906921,674,0.9431999996304512,0.9843473676592112
675,0.9594105258584023,675,0.943422220647335,0.9841421041637659
676,0.9593842104077339,676,0.9432666674256325,0.9842105265706778
677,0.9593263156712055,677,0.9430888891220093,0.9839473683387041
678,0.9593578949570656,678,0.9428666643798351,0.9843052625656128
679,0.9592631570994854,679,0.9429999999701977,0.9841842092573643
680,0.9591736830770969,680,0.9427555538713932,0.9841473679989576
681,0.9592263139784336,681,0.9427777789533138,0.9841315783560276
682,0.9591789469122887,682,0.9425555542111397,0.9840105250477791
683,0.9592210501432419,683,0.9426888898015022,0.9846789464354515
684,0.9592263139784336,684,0.9426444433629513,0.9840631578117609
685,0.9590894728899002,685,0.9426000006496906,0.9843947365880013
686,0.9590157866477966,686,0.9424666650593281,0.9839263148605824
687,0.9589263126254082,687,0.9423555545508862,0.984189473092556
688,0.958915788680315,688,0.942511111497879,0.9841999989002943
689,0.9587473683059216,689,0.9423555545508862,0.9844157891348004
690,0.9586999975144863,690,0.9425555542111397,0.984189473092556
691,0.9585526287555695,691,0.9426000006496906,0.9842473678290844
692,0.9584368392825127,692,0.9424000009894371,0.9846368413418531
693,0.9582894705235958,693,0.9424222223460674,0.9845526311546564
694,0.9581052623689175,694,0.9424888864159584,0.9846052629873157
695,0.9579947367310524,695,0.94257777556777,0.9837263152003288
696,0.9580526314675808,696,0.94257777556777,0.9840052630752325
697,0.9579052627086639,697,0.9425555542111397,0.9846421051770449
698,0.9577210508286953,698,0.9426888898015022,0.9844421045854688
699,0.9575368389487267,699,0.9425333328545094,0.9838789459317923
700,0.95748420804739,700,0.9422444440424442,0.9845789466053247
701,0.95735789462924,701,0.9423777759075165,0.9838421046733856
702,0.9572894722223282,702,0.9423111118376255,0.984284209087491
703,0.9571789465844631,703,0.9423111118376255,0.9842947367578745
704,0.9570315778255463,704,0.9422888867557049,0.9835842102766037
705,0.9566736817359924,705,0.9424666650593281,0.9843105264008045
706,0.9563842080533504,706,0.9423333331942558,0.9842894729226828
707,0.9560631550848484,707,0.9423111118376255,0.9843578934669495
708,0.9558894708752632,708,0.9421333335340023,0.9839263148605824
709,0.9556947350502014,709,0.9420222230255604,0.9836999997496605
710,0.9554368406534195,710,0.9418222233653069,0.9842631574720144
711,0.9552999995648861,711,0.9419555552303791,0.9844473674893379
712,0.955105260014534,712,0.9419777765870094,0.9844052623957396
713,0.9549842104315758,713,0.9417555555701256,0.9840263146907091
714,0.9547421038150787,714,0.9417555555701256,0.9842421039938927
715,0.9544894732534885,715,0.9417555555701256,0.984463157132268
716,0.9544368423521519,716,0.9417555555701256,0.9839263148605824
717,0.9539789445698261,717,0.9417333342134953,0.9842526316642761
718,0.9538999982178211,718,0.9415999986231327,0.983994735404849
719,0.9538000002503395,719,0.9415999986231327,0.9844368416815996
720,0.9536631554365158,720,0.941666666418314,0.984284209087491
721,0.9535578936338425,721,0.941666666418314,0.9838210511952639
722,0.9533578939735889,722,0.9415999986231327,0.9843736831098795
723,0.9532157890498638,723,0.9416444450616837,0.9842894729226828
724,0.952936839312315,724,0.9414666667580605,0.9838894736021757
725,0.9528052620589733,725,0.9409999996423721,0.9843105264008045
726,0.9527368396520615,726,0.9409777782857418,0.9843473676592112
727,0.9525894708931446,727,0.9408222213387489,0.9840842094272375
728,0.9523526281118393,728,0.9407999999821186,0.9838421046733856
729,0.9522421024739742,729,0.9405777789652348,0.983899999409914
730,0.9520578943192959,730,0.940711110830307,0.9842263143509626
731,0.9518526308238506,731,0.9404888898134232,0.9841842092573643
732,0.9518210515379906,732,0.9405777789652348,0.984631578437984
733,0.9516578912734985,733,0.9405555538833141,0.9840631578117609
734,0.9515473656356335,734,0.9405111111700535,0.9845999991521239
735,0.9513947367668152,735,0.9405111111700535,0.9836789462715387
736,0.95122105255723,736,0.9405111111700535,0.9840526301413774
737,0.951057892292738,737,0.9405555538833141,0.9843526314944029
738,0.9506999999284744,738,0.9406222216784954,0.9839789476245642
739,0.9506052620708942,739,0.9404888898134232,0.9842368420213461
740,0.9505368396639824,740,0.9403777755796909,0.9846894731745124
741,0.9502947367727757,741,0.9403777755796909,0.9843736831098795
742,0.9502736814320087,742,0.9404666647315025,0.9846210516989231
743,0.9500947333872318,743,0.9404444433748722,0.9847947359085083
744,0.9498105235397816,744,0.9404222220182419,0.9842315781861544
745,0.9496842101216316,745,0.9401333332061768,0.9844684209674597
746,0.9495631568133831,746,0.940200001001358,0.9843684211373329
747,0.949499998241663,747,0.9400888867676258,0.9843105264008045
748,0.9492947347462177,748,0.9399555549025536,0.9840578939765692
749,0.949131578207016,749,0.9395333342254162,0.9840842094272375
750,0.9504473656415939,750,0.9390222206711769,0.9841210525482893
751,0.9390105232596397,751,0.9727555550634861,0.9840894732624292
752,0.9383263140916824,752,0.9723333325237036,0.9843157883733511
753,0.9379210509359837,753,0.9719999991357327,0.9839736837893724
754,0.9376526288688183,754,0.9715999998152256,0.9837736841291189
755,0.9374789446592331,755,0.9714000001549721,0.9839473683387041
756,0.9373947381973267,756,0.9711777772754431,0.9845421044155955
757,0.9372263103723526,757,0.9710222221910954,0.9839526303112507
758,0.9370842054486275,758,0.9707999993115664,0.9845157889649272
759,0.936915785074234,759,0.9705333337187767,0.9839578941464424
760,0.9367789477109909,760,0.9704444445669651,0.9845789466053247
761,0.936515785753727,761,0.9702444449067116,0.9842947367578745
762,0.9364684224128723,762,0.9701555557549,0.9842210523784161
763,0.9360789433121681,763,0.9699777774512768,0.9839894734323025
764,0.9359315782785416,764,0.9696666654199362,0.9850368415936828
765,0.9357157871127129,765,0.9690666664391756,0.984463157132268
766,0.9355052635073662,766,0.968688890337944,0.9838631581515074
767,0.9352368414402008,767,0.968244444578886,0.9841999989002943
768,0.9351631551980972,768,0.968244444578886,0.9841684196144342
769,0.9352368414402008,769,0.9681111089885235,0.984094737097621
770,0.9349999949336052,770,0.9677333347499371,0.9839105252176523
771,0.9348631575703621,771,0.9675555564463139,0.9845210518687963
772,0.9349000006914139,772,0.9676222205162048,0.9845578940585256
773,0.9347368404269218,773,0.9675333313643932,0.9840999990701675
774,0.9345947355031967,774,0.9674222208559513,0.9838894736021757
775,0.9347157850861549,775,0.9671777784824371,0.9845526311546564
776,0.9345000013709068,776,0.9670222215354443,0.983868420124054
777,0.9345105215907097,777,0.9668444432318211,0.9840842094272375
778,0.9345263168215752,778,0.9664222225546837,0.9834894724190235
779,0.9343105256557465,779,0.9662444442510605,0.9845789466053247
780,0.9344105273485184,780,0.9660888873040676,0.9834105260670185
781,0.9345157891511917,781,0.9656222201883793,0.9847315782681108
782,0.9346789419651031,782,0.9654666669666767,0.9850157890468836
783,0.9347736835479736,783,0.9651111103594303,0.9837842099368572
784,0.9348736852407455,784,0.9648444429039955,0.9839894734323025
785,0.9349157884716988,785,0.9648444429039955,0.9842421039938927
786,0.9351105242967606,786,0.9644666649401188,0.9840315785259008
787,0.9353000000119209,787,0.9642666652798653,0.9842789471149445
788,0.935436837375164,788,0.9640222229063511,0.9844157891348004
789,0.9356421008706093,789,0.9637777768075466,0.9837578944861889
790,0.9357368424534798,790,0.9636444449424744,0.9843368418514729
791,0.9358157888054848,791,0.9638222232460976,0.9840315785259008
792,0.9358421042561531,792,0.9634888879954815,0.9838421046733856
793,0.9358842074871063,793,0.9632666669785976,0.9843105264008045
794,0.9360894709825516,794,0.9630888886749744,0.9841105248779058
795,0.9362105205655098,795,0.9629777781665325,0.9846421051770449
796,0.9363473653793335,796,0.962733332067728,0.984189473092556
797,0.936515785753727,797,0.9625777788460255,0.9843578934669495
798,0.9368473663926125,798,0.962333332747221,0.9844210520386696
799,0.9368894696235657,799,0.9623555541038513,0.9842894729226828
800,0.9368684217333794,800,0.9622000008821487,0.9849157892167568
801,0.937100000679493,801,0.9620888866484165,0.9841157887130976
802,0.937100000679493,802,0.9620444439351559,0.9844736838713288
803,0.9373157843947411,803,0.961822222918272,0.9838894736021757
804,0.9374684169888496,804,0.9616888873279095,0.9838473685085773
805,0.9376473650336266,805,0.961488887667656,0.9847263153642416
806,0.9378736838698387,806,0.9612444452941418,0.984663157723844
807,0.938236840069294,807,0.9609111100435257,0.9835736844688654
808,0.9385368414223194,808,0.9607999995350838,0.9841157887130976
809,0.9388736821711063,809,0.9604444429278374,0.9843631573021412
810,0.93913684040308,810,0.9602222219109535,0.9841526318341494
811,0.9396578930318356,811,0.9601111114025116,0.9840105250477791
812,0.9397210516035557,812,0.9597333334386349,0.9840894732624292
813,0.9401105232536793,813,0.9595333337783813,0.9842157885432243
814,0.9403210505843163,814,0.9592888876795769,0.9842736832797527
815,0.9407894723117352,815,0.9590222202241421,0.9839052632451057
816,0.9410999976098537,816,0.9588444456458092,0.9836157895624638
817,0.9413421042263508,817,0.958666667342186,0.9846999999135733
818,0.9416210502386093,818,0.9584888890385628,0.9843105264008045
819,0.9418578930199146,819,0.9582444429397583,0.9840157888829708
820,0.9421999976038933,820,0.9580000005662441,0.9841684196144342
821,0.9422210492193699,821,0.9580000005662441,0.9839315786957741
822,0.9424421042203903,822,0.957711111754179,0.9843999994918704
823,0.9427684172987938,823,0.9576444439589977,0.9846684206277132
824,0.9429894722998142,824,0.9575333334505558,0.9841842092573643
825,0.9433473646640778,825,0.9573555551469326,0.9837578944861889
826,0.9436210505664349,826,0.9571999981999397,0.9845578940585256
827,0.9439631551504135,827,0.9570222198963165,0.9843368418514729
828,0.9442999996244907,828,0.9570222198963165,0.9837578944861889
829,0.9445947334170341,829,0.956822220236063,0.9845842104405165
830,0.9449421018362045,830,0.9566888883709908,0.9837789461016655
831,0.9451894722878933,831,0.9564444422721863,0.9835263155400753
832,0.9455210492014885,832,0.9561333321034908,0.9838631581515074
833,0.9457578919827938,833,0.9560222215950489,0.9842210523784161
834,0.9461157880723476,834,0.9558222219347954,0.984631578437984
835,0.9464947357773781,835,0.9557333327829838,0.9845526311546564
836,0.9468947350978851,836,0.9557777754962444,0.9840631578117609
837,0.9471052624285221,837,0.9557555541396141,0.9847578946501017
838,0.9473842084407806,838,0.9555333331227303,0.9843263160437346
839,0.9476947337388992,839,0.9552888870239258,0.9837105255573988
840,0.9478210508823395,840,0.9549999982118607,0.9844736838713288
841,0.9480473659932613,841,0.9546444453299046,0.9842526316642761
842,0.9482736811041832,842,0.954511109739542,0.9848105255514383
843,0.9484947361052036,843,0.9543999992311001,0.9839894734323025
844,0.9488052614033222,844,0.9541555568575859,0.9845263157039881
845,0.9490578919649124,845,0.9541777782142162,0.9842473678290844
846,0.9492947347462177,846,0.9540222212672234,0.9846842102706432
847,0.9495894722640514,847,0.9538888894021511,0.9843421038240194
848,0.9496684186160564,848,0.9538000002503395,0.9840210527181625
849,0.9499210491776466,849,0.9537555538117886,0.9837578944861889
850,0.9503263123333454,850,0.9533333331346512,0.9841105248779058
851,0.9507368393242359,851,0.9532888866961002,0.9839578941464424
852,0.9510263130068779,852,0.9531333334743977,0.9840473681688309
853,0.9513842090964317,853,0.9528444446623325,0.9842263143509626
854,0.9518105238676071,854,0.9526888877153397,0.9844052623957396
855,0.9519263133406639,855,0.9526222199201584,0.9845684207975864
856,0.9522210508584976,856,0.9522888883948326,0.9837315790355206
857,0.9523105248808861,857,0.9523333311080933,0.9840736836194992
858,0.952489472925663,858,0.9520222209393978,0.9844736838713288
859,0.9525789469480515,859,0.9519777782261372,0.9842473678290844
860,0.9527473673224449,860,0.9518666677176952,0.9840052630752325
861,0.9530210494995117,861,0.9515777789056301,0.9843842098489404
862,0.9531684182584286,862,0.9515333324670792,0.9845842104405165
863,0.9533421024680138,863,0.951244443655014,0.9842684213072062
864,0.9536631554365158,864,0.9511111117899418,0.9847210524603724
865,0.9538842104375362,865,0.9510000012814999,0.9844263149425387
866,0.9540894739329815,866,0.9507333338260651,0.9838578943163157
867,0.9542526304721832,867,0.950399998575449,0.9838473685085773
868,0.9544315785169601,868,0.9500888884067535,0.9841421041637659
869,0.9544842094182968,869,0.9498666673898697,0.9841526318341494
870,0.9546526297926903,870,0.9497777782380581,0.9840526301413774
871,0.9549736827611923,871,0.9496888890862465,0.9841105248779058
872,0.9551315791904926,872,0.9493555538356304,0.983899999409914
873,0.955268420279026,873,0.9491555541753769,0.9842368420213461
874,0.9554894715547562,874,0.9489777758717537,0.984205262735486
875,0.9557105265557766,875,0.9485555551946163,0.9839210528880358
876,0.9559157863259315,876,0.9483999982476234,0.9845421044155955
877,0.9560894705355167,877,0.9483777768909931,0.9840789474546909
878,0.9561842083930969,878,0.9483111090958118,0.9846263155341148
879,0.9563736841082573,879,0.9483999982476234,0.9842263143509626
880,0.9566105231642723,880,0.9481333345174789,0.9835999999195337
881,0.9567052610218525,881,0.9478666670620441,0.9845473682507873
882,0.9568999968469143,882,0.9478444457054138,0.984189473092556
883,0.9570789448916912,883,0.9477555565536022,0.9844842096790671
884,0.9572684206068516,884,0.9476888887584209,0.9842684213072062
885,0.9574999995529652,885,0.9475111104547977,0.9841684196144342
886,0.957694735378027,886,0.9472888894379139,0.9837684202939272
887,0.9577578939497471,887,0.9473555535078049,0.9844684209674597
888,0.9578789472579956,888,0.9472222216427326,0.984189473092556
889,0.9581368416547775,889,0.9473333321511745,0.9839894734323025
890,0.9583263136446476,890,0.9472888894379139,0.9843263160437346
891,0.9584315791726112,891,0.9471111111342907,0.9843210522085428
892,0.9585315771400928,892,0.9468000009655952,0.9841263145208359
893,0.9584947340190411,893,0.946222223341465,0.9847526308149099
894,0.9585894718766212,894,0.9461111091077328,0.9840842094272375
895,0.9587631560862064,895,0.9459111094474792,0.9840736836194992
896,0.95896315574646,896,0.9457111097872257,0.9843947365880013
897,0.9589578919112682,897,0.945777777582407,0.9842315781861544
898,0.9590578936040401,898,0.9456666670739651,0.9836789462715387
899,0.959126316010952,899,0.9457111097872257,0.98476842045784
900,0.9592631570994854,900,0.945777777582407,0.9844842096790671
901,0.9592736810445786,901,0.9457555562257767,0.9837789461016655
902,0.9593526311218739,902,0.945733331143856,0.984094737097621
903,0.9592947363853455,903,0.9457555562257767,0.9845210518687963
904,0.9592789448797703,904,0.945733331143856,0.984631578437984
905,0.9592631570994854,905,0.9455555565655231,0.9847315782681108
906,0.9593105241656303,906,0.9454888887703419,0.9841210525482893
907,0.9593157880008221,907,0.9453555531799793,0.9840368423610926
908,0.9593526311218739,908,0.9453111104667187,0.9843578934669495
909,0.9594842083752155,909,0.945266667753458,0.9845631569623947
910,0.9595368392765522,910,0.9451777786016464,0.9843947365880013
911,0.9595052599906921,911,0.9450444430112839,0.9845947362482548
912,0.959526315331459,912,0.9448888897895813,0.9841368421912193
913,0.9593157880008221,913,0.9446888901293278,0.9843210522085428
914,0.9593052603304386,914,0.9447777755558491,0.9847263153642416
915,0.9593421034514904,915,0.9446444436907768,0.9842473678290844
916,0.9591578915715218,916,0.9449111111462116,0.9844210520386696
917,0.9591368399560452,917,0.9450000002980232,0.9846263155341148
918,0.9591421037912369,918,0.9449555538594723,0.9843263160437346
919,0.9591578915715218,919,0.9448888897895813,0.9839578941464424
920,0.9591473676264286,920,0.9449777789413929,0.9838421046733856
921,0.9591157883405685,921,0.9448222219944,0.9849052624776959
922,0.9590684212744236,922,0.9446666650474072,0.9849421046674252
923,0.9590210504829884,923,0.9442888870835304,0.9841263145208359
924,0.9588999971747398,924,0.944422222673893,0.9843315780162811
925,0.9588789455592632,925,0.9446222223341465,0.9839421045035124
926,0.9588736817240715,926,0.9445111118257046,0.9840578939765692
927,0.9587421044707298,927,0.9444444440305233,0.9837473686784506
928,0.958626314997673,928,0.9442888870835304,0.9844894735142589
929,0.9585578925907612,929,0.9440888874232769,0.9847210524603724
930,0.9585421048104763,930,0.9440666660666466,0.9835578948259354
931,0.9583105258643627,931,0.9440666660666466,0.9845526311546564
932,0.9583421051502228,932,0.9438222199678421,0.9841684196144342
933,0.9582421034574509,933,0.9438888877630234,0.9842421039938927
934,0.9581789448857307,934,0.9441777765750885,0.9840421043336391
935,0.9580684192478657,935,0.9439555555582047,0.9842894729226828
936,0.9579526297748089,936,0.9435999989509583,0.9843368418514729
937,0.9578999988734722,937,0.943422220647335,0.9840526301413774
938,0.9578526318073273,938,0.9434444420039654,0.9839842095971107
939,0.9577842094004154,939,0.9433555565774441,0.9839210528880358
940,0.9575631581246853,940,0.9432888887822628,0.9841947369277477
941,0.9575999975204468,941,0.943066667765379,0.983915789052844
942,0.9576894715428352,942,0.9429111108183861,0.9841263145208359
943,0.9576421044766903,943,0.94257777556777,0.9845052622258663
944,0.9575210511684418,944,0.9426666647195816,0.9845210518687963
945,0.9573684185743332,945,0.942622222006321,0.9844736838713288
946,0.9570894725620747,946,0.9423777759075165,0.9837947357445955
947,0.957115788012743,947,0.942511111497879,0.9843578934669495
948,0.9571000002324581,948,0.9424444437026978,0.9841947369277477
949,0.9569631554186344,949,0.9424000009894371,0.9843947365880013
950,0.9567315764725208,950,0.9424000009894371,0.9843736831098795
951,0.9566368423402309,951,0.9424666650593281,0.9842421039938927
952,0.9564421027898788,952,0.9421999976038933,0.9846789464354515
953,0.9563157893717289,953,0.9421333335340023,0.9843684211373329
954,0.9562684185802937,954,0.9419333338737488,0.983915789052844
955,0.9561526291072369,955,0.9419555552303791,0.9837684202939272
956,0.9558999985456467,956,0.9417111091315746,0.9838315788656473
957,0.9557052627205849,957,0.9417111091315746,0.9844210520386696
958,0.9556473679840565,958,0.9415777772665024,0.9846052629873157
959,0.9555105231702328,959,0.9414222203195095,0.9841999989002943
960,0.9554368406534195,960,0.941222220659256,0.9841578938066959
961,0.9552421048283577,961,0.9411999993026257,0.9839578941464424
962,0.9550894722342491,962,0.9412666670978069,0.9840789474546909
963,0.9551631547510624,963,0.941222220659256,0.9839684199541807
964,0.9549947343766689,964,0.9414888881146908,0.9839789476245642
965,0.9547421038150787,965,0.941666666418314,0.9844894735142589
966,0.9545210525393486,966,0.9418222233653069,0.9841210525482893
967,0.95436841994524,967,0.9416888877749443,0.9843999994918704
968,0.9543210528790951,968,0.9415777772665024,0.9844052623957396
969,0.9541157893836498,969,0.941555555909872,0.9843789469450712
970,0.9539052620530128,970,0.941666666418314,0.9841999989002943
971,0.9537315778434277,971,0.9415777772665024,0.9839368406683207
972,0.9536736831068993,972,0.9413555562496185,0.9845947362482548
973,0.9534157887101173,973,0.9413777776062489,0.9837631564587355
974,0.9532473683357239,974,0.9413111098110676,0.9839578941464424
975,0.9530842080712318,975,0.9413333311676979,0.9839842095971107
976,0.9528526291251183,976,0.9415333308279514,0.9846052629873157
977,0.9526736810803413,977,0.9413777776062489,0.9844842096790671
978,0.9524210505187511,978,0.9413111098110676,0.9848631573840976
979,0.9524684175848961,979,0.9410444423556328,0.9843210522085428
980,0.9523421041667461,980,0.9412888884544373,0.9838473685085773
981,0.9522368386387825,981,0.9411999993026257,0.9843736831098795
982,0.9521894715726376,982,0.9414222203195095,0.9836578946560621
983,0.9519789442420006,983,0.9415333308279514,0.9834736827760935
984,0.9518315754830837,984,0.9414444454014301,0.9836684204638004
985,0.9513999968767166,985,0.9413555562496185,0.9838210511952639
986,0.9512052610516548,986,0.9411777779459953,0.9847999997437
987,0.9510368406772614,987,0.9410888887941837,0.9845631569623947
988,0.9510736837983131,988,0.9413555562496185,0.9840052630752325
989,0.9510368406772614,989,0.9413777776062489,0.9842894729226828
990,0.9509999975562096,990,0.941155556589365,0.983789473772049
991,0.9508684203028679,991,0.9414444454014301,0.9841368421912193
992,0.9506684206426144,992,0.9417111091315746,0.9840105250477791
993,0.9503421038389206,993,0.9417111091315746,0.9839578941464424
994,0.950268417596817,994,0.9416888877749443,0.9843315780162811
995,0.9500368386507034,995,0.9417333342134953,0.9839473683387041
996,0.9499210491776466,996,0.9415999986231327,0.9843210522085428
997,0.9497473649680614,997,0.9413333311676979,0.9833105262368917
998,0.9496684186160564,998,0.9411999993026257,0.9840894732624292
999,0.9495578929781914,999,0.9410222209990025,0.984510526061058
1000,0.9480894729495049,1000,0.941155556589365,0.9846526309847832
1001,0.9321052581071854,1001,0.9739111103117466,0.983899999409914
1002,0.9322315752506256,1002,0.9734444450587034,0.9840210527181625
1003,0.9324052631855011,1003,0.9732222221791744,0.9841210525482893
1004,0.9324368387460709,1004,0.972866665571928,0.9839631579816341
1005,0.9327736794948578,1005,0.9725777767598629,0.9845894733443856
1006,0.9330421015620232,1006,0.9724222216755152,0.9843105264008045
1007,0.9331736788153648,1007,0.9719999991357327,0.9845157889649272
1008,0.9332052618265152,1008,0.971733333542943,0.9843789469450712
1009,0.9334210529923439,1009,0.971511110663414,0.9840894732624292
1010,0.9333947375416756,1010,0.9714222215116024,0.983899999409914
1011,0.9332736805081367,1011,0.9711555559188128,0.9841526318341494
1012,0.9332578927278519,1012,0.9709777776151896,0.9836789462715387
1013,0.9331157878041267,1013,0.9707333333790302,0.984205262735486
1014,0.9332157894968987,1014,0.9704222213476896,0.9844210520386696
1015,0.9331157878041267,1015,0.9702222216874361,0.9843315780162811
1016,0.9331210479140282,1016,0.9699999988079071,0.9843263160437346
1017,0.9330473691225052,1017,0.9696888886392117,0.983884209766984
1018,0.9331789463758469,1018,0.9694666657596827,0.9849578943103552
1019,0.9332315772771835,1019,0.9693111106753349,0.9841473679989576
1020,0.9332157894968987,1020,0.9690000005066395,0.9842315781861544
1021,0.9332157894968987,1021,0.9685777761042118,0.9839210528880358
1022,0.9332684203982353,1022,0.9681999981403351,0.984494736418128
1023,0.933399997651577,1023,0.9679777771234512,0.9842631574720144
1024,0.9334631562232971,1024,0.9677555561065674,0.9843526314944029
1025,0.9335157871246338,1025,0.9674444459378719,0.9845789466053247
1026,0.9336578920483589,1026,0.9672222211956978,0.9840578939765692
1027,0.9336789473891258,1027,0.9669777788221836,0.9841368421912193
1028,0.9335368424654007,1028,0.9666666649281979,0.9838368408381939
1029,0.9338157847523689,1029,0.9665111117064953,0.9838578943163157
1030,0.9339315742254257,1030,0.9661777764558792,0.9843578934669495
1031,0.9341526329517365,1031,0.9659555554389954,0.9842578936368227
1032,0.9344052597880363,1032,0.9655777774751186,0.9845210518687963
1033,0.9345999956130981,1033,0.965488888323307,0.983899999409914
1034,0.934799998998642,1034,0.9652222208678722,0.9836263153702021
1035,0.9349000006914139,1035,0.9650666676461697,0.9838263150304556
1036,0.9351947382092476,1036,0.9645333327353001,0.984205262735486
1037,0.9354894682765007,1037,0.9640666656196117,0.9839473683387041
1038,0.9355894699692726,1038,0.963688887655735,0.983994735404849
1039,0.9358894750475883,1039,0.9634888879954815,0.9843631573021412
1040,0.9362368434667587,1040,0.9633333347737789,0.9841157887130976
1041,0.9364420995116234,1041,0.963288888335228,0.9839473683387041
1042,0.9367263168096542,1042,0.9628888890147209,0.9844105262309313
1043,0.9368052631616592,1043,0.9627111107110977,0.9843210522085428
1044,0.9369736835360527,1044,0.9624888896942139,0.9843999994918704
1045,0.9371263161301613,1045,0.9623111113905907,0.9847263153642416
1046,0.9373578950762749,1046,0.961888886988163,0.9841315783560276
1047,0.9373315796256065,1047,0.961822222918272,0.9842736832797527
1048,0.9377105236053467,1048,0.9614444449543953,0.9843578934669495
1049,0.9380052611231804,1049,0.9611333310604095,0.9844999993219972
1050,0.9382526278495789,1050,0.9607333317399025,0.9843736831098795
1051,0.9387631565332413,1051,0.960533332079649,0.9840368423610926
1052,0.9391315765678883,1052,0.9601555541157722,0.9844052623957396
1053,0.939584206789732,1053,0.9600666649639606,0.9843526314944029
1054,0.9399421028792858,1054,0.9597777761518955,0.9844999993219972
1055,0.940163154155016,1055,0.959511112421751,0.9839263148605824
1056,0.9406263120472431,1056,0.9591999985277653,0.9844684209674597
1057,0.9410052597522736,1057,0.9590888880193233,0.9841368421912193
1058,0.9415105246007442,1058,0.9588444456458092,0.9840368423610926
1059,0.9416210502386093,1059,0.9583777785301208,0.9843263160437346
1060,0.9420894719660282,1060,0.9580222219228745,0.9839894734323025
1061,0.9423263147473335,1061,0.9577555544674397,0.9844368416815996
1062,0.9425578936934471,1062,0.9574222229421139,0.9839315786957741
1063,0.9429315775632858,1063,0.9571555554866791,0.9839421045035124
1064,0.943263154476881,1064,0.9569333344697952,0.9841421041637659
1065,0.9435789436101913,1065,0.956822220236063,0.9840421043336391
1066,0.9439421035349369,1066,0.956355556845665,0.983915789052844
1067,0.9441105239093304,1067,0.9560888893902302,0.9842210523784161
1068,0.9444157890975475,1068,0.955800000578165,0.9847368411719799
1069,0.9445789456367493,1069,0.9556000009179115,0.9842315781861544
1070,0.9448842070996761,1070,0.9555777758359909,0.9836526308208704
1071,0.9451052621006966,1071,0.9553111121058464,0.9841105248779058
1072,0.9454052597284317,1072,0.9550222232937813,0.9847473679110408
1073,0.9457894712686539,1073,0.9547999985516071,0.9847578946501017
1074,0.9460315778851509,1074,0.9546222202479839,0.9840526301413774
1075,0.9462736807763577,1075,0.9544666670262814,0.9843894727528095
1076,0.9464789442718029,1076,0.9541333317756653,0.9835684206336737
1077,0.9465947337448597,1077,0.9538444429636002,0.9840578939765692
1078,0.9470631554722786,1078,0.953666664659977,0.984478946775198
1079,0.9473473653197289,1079,0.9534000009298325,0.9843368418514729
1080,0.9475368410348892,1080,0.953155554831028,0.9835578948259354
1081,0.9477578923106194,1081,0.9530222229659557,0.9837947357445955
1082,0.9480631574988365,1082,0.9528444446623325,0.9840999990701675
1083,0.9484789445996284,1083,0.9527555555105209,0.9840473681688309
1084,0.9486736841499805,1084,0.9524888880550861,0.9843684211373329
1085,0.9487421028316021,1085,0.9521555565297604,0.9843315780162811
1086,0.9490157887339592,1086,0.9522888883948326,0.9844526313245296
1087,0.9492526315152645,1087,0.9521111100912094,0.9839842095971107
1088,0.9495842084288597,1088,0.9519999995827675,0.9843842098489404
1089,0.9498526304960251,1089,0.9520444422960281,0.9840578939765692
1090,0.950031578540802,1090,0.9518666677176952,0.9836315792053938
1091,0.9502052627503872,1091,0.9518444426357746,0.9843421038240194
1092,0.9503105245530605,1092,0.9517111107707024,0.9842736832797527
1093,0.9506263136863708,1093,0.9517777785658836,0.9846684206277132
1094,0.950931578874588,1094,0.9514666646718979,0.9840684197843075
1095,0.9511210508644581,1095,0.9514888897538185,0.9843631573021412
1096,0.9512894712388515,1096,0.9514444433152676,0.9840473681688309
1097,0.9514894708991051,1097,0.9512222222983837,0.9839368406683207
1098,0.9517210498452187,1098,0.9510444439947605,0.984189473092556
1099,0.9520263150334358,1099,0.9510222226381302,0.9846999999135733
1100,0.9522631578147411,1100,0.950844444334507,0.9843999994918704
1101,0.9523842073976994,1101,0.9507555551826954,0.9843526314944029
1102,0.9527157880365849,1102,0.9504222199320793,0.9842947367578745
1103,0.9529263153672218,1103,0.9505333341658115,0.9841263145208359
1104,0.9530105255544186,1104,0.9502222202718258,0.9843631573021412
1105,0.9530368410050869,1105,0.9500888884067535,0.9844684209674597
1106,0.9532684199512005,1106,0.9499333314597607,0.9842105265706778
1107,0.9535421021282673,1107,0.9498444423079491,0.9840736836194992
1108,0.953789472579956,1108,0.9497111104428768,0.9841263145208359
1109,0.9538999982178211,1109,0.9495111107826233,0.9833631571382284
1110,0.9539894722402096,1110,0.9493555538356304,0.9840157888829708
1111,0.9540526308119297,1111,0.9494000002741814,0.9832999985665083
1112,0.9542105235159397,1112,0.948933333158493,0.9837105255573988
1113,0.9543736837804317,1113,0.9487333334982395,0.9844842096790671
1114,0.9545684196054935,1114,0.9486666657030582,0.9845210518687963
1115,0.954705260694027,1115,0.9485777765512466,0.9841105248779058
1116,0.9548473656177521,1116,0.9483555555343628,0.9836578946560621
1117,0.9549210518598557,1117,0.9482666663825512,0.9841105248779058
1118,0.9549315758049488,1118,0.9482444450259209,0.9846894731745124
1119,0.955057892948389,1119,0.9482444450259209,0.9841315783560276
1120,0.9550894722342491,1120,0.9482888877391815,0.985105263069272
1121,0.9552421048283577,1121,0.9483555555343628,0.9839736837893724
1122,0.9553210511803627,1122,0.9480444453656673,0.9836315792053938
1123,0.9554315768182278,1123,0.9481111094355583,0.984173683449626
1124,0.9555842094123363,1124,0.9482222199440002,0.9841526318341494
1125,0.9556631557643414,1125,0.9479111097753048,0.984463157132268
1126,0.9557842090725899,1126,0.9479111097753048,0.9838157892227173
1127,0.9558947347104549,1127,0.9478444457054138,0.9838578943163157
1128,0.9560315757989883,1128,0.9477999992668629,0.9846105258911848
1129,0.9560736827552319,1129,0.9477333314716816,0.984510526061058
1130,0.9561157897114754,1130,0.9477999992668629,0.9842526316642761
1131,0.956057894974947,1131,0.9478666670620441,0.9843368418514729
1132,0.9559421055018902,1132,0.9476666674017906,0.9839894734323025
1133,0.9559578932821751,1133,0.9473333321511745,0.9839315786957741
1134,0.95600526034832,1134,0.9472000002861023,0.9842368420213461
1135,0.9560526311397552,1135,0.947133332490921,0.983915789052844
1136,0.9562105238437653,1136,0.9469555541872978,0.9842894729226828
1137,0.9561999998986721,1137,0.9467555545270443,0.9845421044155955
1138,0.9561105258762836,1138,0.946622222661972,0.9836421050131321
1139,0.9561157897114754,1139,0.946688886731863,0.9838578943163157
1140,0.9561105258762836,1140,0.9468000009655952,0.9834000002592802
1141,0.9559842087328434,1141,0.9467777758836746,0.983868420124054
1142,0.9561473652720451,1142,0.9466444440186024,0.9836894739419222
1143,0.9562315791845322,1143,0.9464444443583488,0.984510526061058
1144,0.9562421031296253,1144,0.946288887411356,0.9839631579816341
1145,0.956294734030962,1145,0.9461999982595444,0.9837736841291189
1146,0.9560894705355167,1146,0.9458222202956676,0.9837368410080671
1147,0.9559947364032269,1147,0.9457999989390373,0.9844736838713288
1148,0.9560105241835117,1148,0.9456222206354141,0.9840789474546909
1149,0.9559947364032269,1149,0.9455999992787838,0.9837842099368572
1150,0.9561105258762836,1150,0.9455999992787838,0.983915789052844
1151,0.9562421031296253,1151,0.945777777582407,0.9840842094272375
1152,0.9561999998986721,1152,0.9458444453775883,0.9839842095971107
1153,0.956247366964817,1153,0.9456444419920444,0.9841526318341494
1154,0.9562210515141487,1154,0.9456222206354141,0.9843210522085428
1155,0.956168420612812,1155,0.9453777782619,0.9845157889649272
1156,0.956247366964817,1156,0.9454888887703419,0.9838105253875256
1157,0.9562894739210606,1157,0.9453555531799793,0.9842263143509626
1158,0.9562368392944336,1158,0.9451111108064651,0.984936841763556
1159,0.956294734030962,1159,0.9449777789413929,0.9848999995738268
1160,0.9563210494816303,1160,0.9451333321630955,0.9837157893925905
1161,0.9563157893717289,1161,0.945266667753458,0.9840473681688309
1162,0.9563421048223972,1162,0.9451555535197258,0.9838473685085773
1163,0.9563999995589256,1163,0.9450000002980232,0.9842210523784161
1164,0.9563999995589256,1164,0.9450444430112839,0.9843473676592112
1165,0.9563105255365372,1165,0.944933332502842,0.9837210513651371
1166,0.956347368657589,1166,0.9448444433510303,0.9835894722491503
1167,0.956347368657589,1167,0.9446888901293278,0.9842999987304211
1168,0.9564157873392105,1168,0.9445111118257046,0.984189473092556
1169,0.9563736841082573,1169,0.9442666657269001,0.9841578938066959
1170,0.9564421027898788,1170,0.9441999979317188,0.9845315786078572
1171,0.9563368409872055,1171,0.9442888870835304,0.9843421038240194
1172,0.9562684185802937,1172,0.9441555552184582,0.984173683449626
1173,0.9562631547451019,1173,0.9442444443702698,0.9841631576418877
1174,0.9561736844480038,1174,0.9442888870835304,0.9837157893925905
1175,0.9560684189200401,1175,0.9443555548787117,0.9848263151943684
1176,0.9560368396341801,1176,0.9442444443702698,0.9841526318341494
1177,0.9558526314795017,1177,0.9440222233533859,0.9842473678290844
1178,0.9558578915894032,1178,0.943866666406393,0.9842368420213461
1179,0.9559684209525585,1179,0.943866666406393,0.9844157891348004
1180,0.9558894708752632,1180,0.9437333345413208,0.9841421041637659
1181,0.9558736830949783,1181,0.9436444453895092,0.9841421041637659
1182,0.9559210501611233,1182,0.9437777772545815,0.9844421045854688
1183,0.9559105262160301,1183,0.9436444453895092,0.9837578944861889
1184,0.95584736764431,1184,0.9438444450497627,0.9845263157039881
1185,0.9557210505008698,1185,0.9436888881027699,0.9843684211373329
1186,0.9556105248630047,1186,0.9438444450497627,0.9835684206336737
1187,0.955636840313673,1187,0.9437777772545815,0.983789473772049
1188,0.955636840313673,1188,0.9436666667461395,0.9840894732624292
1189,0.9554368406534195,1189,0.9435777775943279,0.9840157888829708
1190,0.9554526284337044,1190,0.9435999989509583,0.9844526313245296
1191,0.9554684199392796,1191,0.9435111097991467,0.9843052625656128
1192,0.9554842077195644,1192,0.9432888887822628,0.9839578941464424
1193,0.9553631581366062,1193,0.9432222209870815,0.9845842104405165
1194,0.9553578943014145,1194,0.9431111104786396,0.9840368423610926
1195,0.9551842100918293,1195,0.9428444430232048,0.9840631578117609
1196,0.9550789445638657,1196,0.9427555538713932,0.9834157880395651
1197,0.9548631571233273,1197,0.94257777556777,0.9847157886251807
1198,0.9547684192657471,1198,0.94257777556777,0.9839210528880358
1199,0.9546315781772137,1199,0.9423333331942558,0.984463157132268
1200,0.9545684196054935,1200,0.9423777759075165,0.9842421039938927
1201,0.9543999992311001,1201,0.9424666650593281,0.984205262735486
1202,0.9542789459228516,1202,0.9421333335340023,0.9840578939765692
1203,0.9540526308119297,1203,0.9420222230255604,0.983805263414979
1204,0.9539947360754013,1204,0.9418666660785675,0.9839263148605824
1205,0.9539210498332977,1205,0.9419333338737488,0.9845210518687963
1206,0.9541105255484581,1206,0.9417999982833862,0.9839842095971107
1207,0.9541631564497948,1207,0.9420222230255604,0.9840684197843075
1208,0.9539789445698261,1208,0.9418444447219372,0.9838736839592457
1209,0.9540421031415462,1209,0.942066665738821,0.9837947357445955
1210,0.9539210498332977,1210,0.942066665738821,0.9838526304811239
1211,0.9538421034812927,1211,0.9422666653990746,0.984189473092556
1212,0.9538157880306244,1212,0.9420444443821907,0.983915789052844
1213,0.9537684209644794,1213,0.9420222230255604,0.9837736841291189
1214,0.9535210505127907,1214,0.9419999979436398,0.9847263153642416
1215,0.9534999988973141,1215,0.9416444450616837,0.9845526311546564
1216,0.9534263126552105,1216,0.9416444450616837,0.9846736835315824
1217,0.9532473683357239,1217,0.9413111098110676,0.9838473685085773
1218,0.9531631581485271,1218,0.9410222209990025,0.983915789052844
1219,0.9530263133347034,1219,0.9409999996423721,0.9843578934669495
1220,0.95288947224617,1220,0.941222220659256,0.9838578943163157
1221,0.9528157897293568,1221,0.941222220659256,0.9839578941464424
1222,0.9528315775096416,1222,0.9410666674375534,0.9845894733443856
1223,0.9527263157069683,1223,0.9412888884544373,0.9841999989002943
1224,0.9526894725859165,1224,0.9412444420158863,0.9840157888829708
1225,0.9525210522115231,1225,0.9411777779459953,0.9838789459317923
1226,0.9523526281118393,1226,0.9411999993026257,0.9845999991521239
1227,0.9522578939795494,1227,0.9410888887941837,0.9838894736021757
1228,0.9522210508584976,1228,0.9409777782857418,0.9840263146907091
1229,0.952168419957161,1229,0.9409333318471909,0.983515789732337
1230,0.9521526284515858,1230,0.9407555535435677,0.9843894727528095
1231,0.9521157890558243,1231,0.9403777755796909,0.9840789474546909
1232,0.9520578943192959,1232,0.9406000003218651,0.9841578938066959
1233,0.9518947340548038,1233,0.9408666677772999,0.9842578936368227
1234,0.9517947360873222,1234,0.941155556589365,0.9843894727528095
1235,0.9515631571412086,1235,0.9411333315074444,0.9840999990701675
1236,0.951457891613245,1236,0.9409555532038212,0.9838789459317923
1237,0.9513052627444267,1237,0.9411777779459953,0.9847157886251807
1238,0.9512263126671314,1238,0.9409999996423721,0.9842947367578745
1239,0.9509947337210178,1239,0.9412666670978069,0.9842631574720144
1240,0.9508842080831528,1240,0.9411111101508141,0.9843842098489404
1241,0.9506947360932827,1241,0.9410444423556328,0.9838526304811239
1242,0.9506631568074226,1242,0.9411333315074444,0.9839421045035124
1243,0.9504473656415939,1243,0.941155556589365,0.9839894734323025
1244,0.9502999968826771,1244,0.9411333315074444,0.9842263143509626
1245,0.9502631574869156,1245,0.9413777776062489,0.9844684209674597
1246,0.9501421041786671,1246,0.9413111098110676,0.9840894732624292
1247,0.9498842097818851,1247,0.9414222203195095,0.9843315780162811
1248,0.9497631564736366,1248,0.941222220659256,0.9846052629873157
1249,0.9495947360992432,1249,0.941222220659256,0.9844526313245296
1250,0.9490999989211559,1250,0.943977776914835,0.9837736841291189
1251,0.9371894747018814,1251,0.9745777770876884,0.9839842095971107
1252,0.936842106282711,1252,0.9739333335310221,0.984189473092556
1253,0.937178947031498,1253,0.9736000001430511,0.9838578943163157
1254,0.9370947331190109,1254,0.9732444435358047,0.9843473676592112
1255,0.9369631558656693,1255,0.9727333337068558,0.9840842094272375
1256,0.9368631541728973,1256,0.9724000003188848,0.9837789461016655
1257,0.9368526265025139,1257,0.9720888882875443,0.9842578936368227
1258,0.9369368404150009,1258,0.9717111103236675,0.9841421041637659
1259,0.9368157908320427,1259,0.9713777769356966,0.9840263146907091
1260,0.9367631524801254,1260,0.9712444432079792,0.9846789464354515
1261,0.9367999956011772,1261,0.9709333330392838,0.9841157887130976
1262,0.9369105249643326,1262,0.970666665583849,0.9840736836194992
1263,0.9368263110518456,1263,0.9703999999910593,0.9844894735142589
1264,0.9368684217333794,1264,0.9701111111789942,0.9847157886251807
1265,0.9367947354912758,1265,0.969933332875371,0.9839842095971107
1266,0.9368684217333794,1266,0.9694888889789581,0.9835473671555519
1267,0.9369578957557678,1267,0.9693111106753349,0.9844736838713288
1268,0.937157891690731,1268,0.9690222218632698,0.9848315780982375
1269,0.9370526298880577,1269,0.968688890337944,0.9842578936368227
1270,0.9369842112064362,1270,0.9683777764439583,0.984921052120626
1271,0.9369736835360527,1271,0.9681777767837048,0.9840842094272375
1272,0.9370368421077728,1272,0.9680888876318932,0.9846105258911848
1273,0.9370947331190109,1273,0.9678222201764584,0.9842631574720144
1274,0.9373789429664612,1274,0.9675333313643932,0.984205262735486
1275,0.9373842105269432,1275,0.9670888893306255,0.984510526061058
1276,0.9373473674058914,1276,0.9667777791619301,0.9843315780162811
1277,0.9373315796256065,1277,0.9665777757763863,0.9840999990701675
1278,0.9373157843947411,1278,0.9661333337426186,0.9846052629873157
1279,0.9372684210538864,1279,0.9659111090004444,0.983994735404849
1280,0.9373473674058914,1280,0.965533334761858,0.9838263150304556
1281,0.9374526292085648,1281,0.9652888886630535,0.9840684197843075
1282,0.9374421015381813,1282,0.9649777784943581,0.9841578938066959
1283,0.9375157877802849,1283,0.9646666646003723,0.9837526306509972
1284,0.9376052618026733,1284,0.9644000008702278,0.9839263148605824
1285,0.9376894719898701,1285,0.9642444439232349,0.9843315780162811
1286,0.9379210509359837,1286,0.9639333337545395,0.9844473674893379
1287,0.9381105229258537,1287,0.9637555554509163,0.983994735404849
1288,0.9383052624762058,1288,0.9635555557906628,0.9842631574720144
1289,0.9386421032249928,1289,0.9632222205400467,0.9841631576418877
1290,0.9388842098414898,1290,0.9630222208797932,0.9845473682507873
1291,0.9391421042382717,1291,0.9627999998629093,0.9846263155341148
1292,0.9391578920185566,1292,0.9624888896942139,0.9844052623957396
1293,0.9395526312291622,1293,0.9622222222387791,0.9836631566286087
1294,0.9397368393838406,1294,0.9620666652917862,0.9843368418514729
1295,0.9399315752089024,1295,0.9619555547833443,0.9846894731745124
1296,0.9401052594184875,1296,0.9614666663110256,0.9841631576418877
1297,0.9404105246067047,1297,0.9611333310604095,0.9845842104405165
1298,0.9404263123869896,1298,0.960933331400156,0.9846894731745124
1299,0.9405736811459064,1299,0.9609999991953373,0.9843684211373329
1300,0.9408789463341236,1300,0.960933331400156,0.9844736838713288
1301,0.9411210492253304,1301,0.9605555534362793,0.9840736836194992
1302,0.9413736835122108,1302,0.9603333324193954,0.9843999994918704
1303,0.941705260425806,1303,0.9603111110627651,0.9843105264008045
1304,0.9419842101633549,1304,0.9600444436073303,0.9837526306509972
1305,0.9422578923404217,1305,0.9596444442868233,0.9840526301413774
1306,0.9425157867372036,1306,0.9593111090362072,0.9841105248779058
1307,0.9427210502326488,1307,0.9593111090362072,0.9838263150304556
1308,0.9431684203445911,1308,0.9592888876795769,0.9837578944861889
1309,0.9435473680496216,1309,0.9592222236096859,0.9846368413418531
1310,0.9436894729733467,1310,0.9589111097157001,0.9841526318341494
1311,0.9437105245888233,1311,0.958733331412077,0.9841421041637659
1312,0.9440894722938538,1312,0.9585333317518234,0.9843052625656128
1313,0.9443999975919724,1313,0.9584666676819324,0.9840999990701675
1314,0.9447473660111427,1314,0.9580666646361351,0.9841368421912193
1315,0.9451368413865566,1315,0.95777777582407,0.9844526313245296
1316,0.9454736821353436,1316,0.9577555544674397,0.9840526301413774
1317,0.9457789473235607,1317,0.9576444439589977,0.984647368080914
1318,0.9461526311933994,1318,0.9574888870120049,0.9849105253815651
1319,0.9464947357773781,1319,0.9574444442987442,0.9843473676592112
1320,0.9466894716024399,1320,0.9573333337903023,0.9846368413418531
1321,0.9469210505485535,1321,0.9571777768433094,0.9846210516989231
1322,0.947073683142662,1322,0.9572222232818604,0.984494736418128
1323,0.9473210498690605,1323,0.9571555554866791,0.9844368416815996
1324,0.9476684182882309,1324,0.9569333344697952,0.9843789469450712
1325,0.9478736817836761,1325,0.956822220236063,0.9845684207975864
1326,0.9481473676860332,1326,0.9567777775228024,0.984173683449626
1327,0.948310524225235,1327,0.956755556166172,0.9844263149425387
1328,0.9484999999403954,1328,0.9565555565059185,0.9835578948259354
1329,0.9485894702374935,1329,0.956422220915556,0.9846842102706432
1330,0.9487368389964104,1330,0.956311110407114,0.9841684196144342
1331,0.9489631578326225,1331,0.9559777788817883,0.984663157723844
1332,0.9491578936576843,1332,0.9559777788817883,0.9836473669856787
1333,0.9493578933179379,1333,0.9556888900697231,0.9839210528880358
1334,0.9496263153851032,1334,0.9557111114263535,0.9840157888829708
1335,0.9496999979019165,1335,0.9555777758359909,0.9840894732624292
1336,0.9499842077493668,1336,0.9557111114263535,0.9842210523784161
1337,0.9501421041786671,1337,0.9555111117660999,0.9841105248779058
1338,0.9502473659813404,1338,0.9552222229540348,0.9839105252176523
1339,0.950399998575449,1339,0.9551555551588535,0.9843105264008045
1340,0.9506157860159874,1340,0.9550222232937813,0.9845473682507873
1341,0.9507631547749043,1341,0.9548222199082375,0.9840368423610926
1342,0.950768418610096,1342,0.9547999985516071,0.9843263160437346
1343,0.9510736837983131,1343,0.9544666670262814,0.9833368416875601
1344,0.9512105248868465,1344,0.954444445669651,0.9841684196144342
1345,0.951426312327385,1345,0.9544222205877304,0.984205262735486
1346,0.9516578912734985,1346,0.954444445669651,0.9845684207975864
1347,0.9519842080771923,1347,0.9544222205877304,0.9841789472848177
1348,0.9520631544291973,1348,0.9541555568575859,0.9842421039938927
1349,0.9522157870233059,1349,0.9540888890624046,0.9839421045035124
1350,0.9523999989032745,1350,0.9540888890624046,0.9839052632451057
1351,0.9525263123214245,1351,0.9540222212672234,0.9842526316642761
1352,0.9524157866835594,1352,0.953600000590086,0.9838736839592457
1353,0.9523789472877979,1353,0.9534444436430931,0.9843315780162811
1354,0.9525263123214245,1354,0.9530666656792164,0.9842894729226828
1355,0.9527578949928284,1355,0.9531333334743977,0.9843947365880013
1356,0.9528947360813618,1356,0.9527999982237816,0.9844210520386696
1357,0.952936839312315,1357,0.9527777768671513,0.9836842101067305
1358,0.9529842101037502,1358,0.9527777768671513,0.9843894727528095
1359,0.9530526287853718,1359,0.9527777768671513,0.9839789476245642
1360,0.9531157873570919,1360,0.9527555555105209,0.9844368416815996
1361,0.9531157873570919,1361,0.9525555558502674,0.9839578941464424
1362,0.9532105252146721,1362,0.9525777772068977,0.984478946775198
1363,0.9532210528850555,1363,0.9524444453418255,0.9845526311546564
1364,0.9531842097640038,1364,0.9524222202599049,0.9839999992400408
1365,0.9533210508525372,1365,0.9520444422960281,0.9844736838713288
1366,0.9533526301383972,1366,0.9520222209393978,0.9844894735142589
1367,0.9534473679959774,1367,0.9520888887345791,0.9840684197843075
1368,0.9535263143479824,1368,0.9520222209393978,0.9839526303112507
1369,0.9536368399858475,1369,0.9517777785658836,0.9845631569623947
1370,0.9538263157010078,1370,0.9516222216188908,0.9844421045854688
1371,0.9538578949868679,1371,0.9514222219586372,0.9843578934669495
1372,0.9539210498332977,1372,0.9513777755200863,0.9837999995797873
1373,0.9541368409991264,1373,0.9512222222983837,0.9839263148605824
1374,0.9542052634060383,1374,0.9511111117899418,0.9841999989002943
1375,0.9541894719004631,1375,0.9510888867080212,0.9839684199541807
1376,0.9541999995708466,1376,0.9511111117899418,0.9849631572142243
1377,0.9542421028017998,1377,0.9509555548429489,0.9838526304811239
1378,0.9542684182524681,1378,0.9508888870477676,0.984663157723844
1379,0.9542947337031364,1379,0.9509111121296883,0.9836421050131321
1380,0.9543052613735199,1380,0.9508666656911373,0.984284209087491
1381,0.9543263129889965,1381,0.9505333341658115,0.9845315786078572
1382,0.954447366297245,1382,0.9504444450139999,0.9841263145208359
1383,0.9546684212982655,1383,0.9504444450139999,0.9840894732624292
1384,0.9545578919351101,1384,0.9504888877272606,0.9837315790355206
1385,0.954705260694027,1385,0.9503555558621883,0.9845315786078572
1386,0.9547105245292187,1386,0.9500888884067535,0.9840789474546909
1387,0.9547578915953636,1387,0.9499111101031303,0.9836736842989922
1388,0.9547684192657471,1388,0.9499333314597607,0.9839263148605824
1389,0.9548210501670837,1389,0.9498444423079491,0.9845157889649272
1390,0.954900000244379,1390,0.949444442987442,0.9844105262309313
1391,0.9549421034753323,1391,0.9493555538356304,0.9844842096790671
1392,0.9550947360694408,1392,0.9493555538356304,0.9840842094272375
1393,0.9551210515201092,1393,0.9492888897657394,0.9841631576418877
1394,0.9552736841142178,1394,0.9492222219705582,0.9841789472848177
1395,0.9553052634000778,1395,0.9491111114621162,0.9841263145208359
1396,0.9553789459168911,1396,0.9491333328187466,0.9846999999135733
1397,0.9554052613675594,1397,0.9491555541753769,0.9845157889649272
1398,0.9554999992251396,1398,0.9492000006139278,0.9842947367578745
1399,0.9556105248630047,1399,0.949044443666935,0.9843947365880013
1400,0.9556684195995331,1400,0.9488666653633118,0.9837578944861889
1401,0.9557052627205849,1401,0.9487777762115002,0.984094737097621
1402,0.9557789452373981,1402,0.948599997907877,0.9843526314944029
1403,0.9557263143360615,1403,0.9482444450259209,0.9845210518687963
1404,0.9557842090725899,1404,0.9481777772307396,0.9841947369277477
1405,0.9557368420064449,1405,0.9483333341777325,0.9839526303112507
1406,0.9557842090725899,1406,0.9481333345174789,0.9840736836194992
1407,0.9556736834347248,1407,0.9478888884186745,0.9836631566286087
1408,0.9556789472699165,1408,0.9480666667222977,0.9843473676592112
1409,0.9555999971926212,1409,0.9476888887584209,0.9845789466053247
1410,0.955526314675808,1410,0.94764444231987,0.9840210527181625
1411,0.9555473662912846,1411,0.9477999992668629,0.9844368416815996
1412,0.9556578919291496,1412,0.9478888884186745,0.9841157887130976
1413,0.9557421021163464,1413,0.9475555531680584,0.9844105262309313
1414,0.955605261027813,1414,0.9475111104547977,0.9839894734323025
1415,0.9555842094123363,1415,0.9475555531680584,0.9840263146907091
1416,0.9554526284337044,1416,0.9474444426596165,0.9843736831098795
1417,0.9554210528731346,1417,0.9474222213029861,0.9841368421912193
1418,0.955426312983036,1418,0.9474222213029861,0.9840578939765692
1419,0.955447368323803,1419,0.9472000002861023,0.9840105250477791
1420,0.9554210528731346,1420,0.9472666643559933,0.9839526303112507
1421,0.9555157870054245,1421,0.9473333321511745,0.9846210516989231
1422,0.9554631561040878,1422,0.9472888894379139,0.984094737097621
1423,0.9554315768182278,1423,0.9473777785897255,0.9844526313245296
1424,0.9553736820816994,1424,0.947177778929472,0.9844526313245296
1425,0.9554210528731346,1425,0.947244442999363,0.9841578938066959
1426,0.9554736837744713,1426,0.9470222219824791,0.9839473683387041
1427,0.9554736837744713,1427,0.9467555545270443,0.9845684207975864
1428,0.9554631561040878,1428,0.9468222223222256,0.9845842104405165
1429,0.9552894718945026,1429,0.9468000009655952,0.9845947362482548
1430,0.955236840993166,1430,0.9468000009655952,0.9841368421912193
1431,0.9551684185862541,1431,0.9466666653752327,0.9840526301413774
1432,0.9550947360694408,1432,0.946733333170414,0.983884209766984
1433,0.9551157876849174,1433,0.9468888901174068,0.9844684209674597
1434,0.9550315774977207,1434,0.9468888901174068,0.9843263160437346
1435,0.9550947360694408,1435,0.9470222219824791,0.9839473683387041
1436,0.9550105258822441,1436,0.9470444433391094,0.9841473679989576
1437,0.9549736827611923,1437,0.9473111107945442,0.9845210518687963
1438,0.9549157880246639,1438,0.9471555538475513,0.983868420124054
1439,0.9548789449036121,1439,0.9469111114740372,0.98476842045784
1440,0.9546789452433586,1440,0.9467111118137836,0.9845684207975864
1441,0.9545526318252087,1441,0.9469555541872978,0.9839052632451057
1442,0.9544526301324368,1442,0.9468444436788559,0.9845789466053247
1443,0.954415787011385,1443,0.946688886731863,0.9847210524603724
1444,0.9543631561100483,1444,0.946622222661972,0.9839368406683207
1445,0.9542684182524681,1445,0.9465333335101604,0.9839631579816341
1446,0.9540210515260696,1446,0.9465333335101604,0.9841210525482893
1447,0.9538842104375362,1447,0.9464444443583488,0.9839894734323025
1448,0.9538999982178211,1448,0.9462666660547256,0.9845315786078572
1449,0.953836839646101,1449,0.9463111087679863,0.9841368421912193
1450,0.9537842087447643,1450,0.9462666660547256,0.9841999989002943
1451,0.9536368399858475,1451,0.946177776902914,0.9849052624776959
1452,0.9535578936338425,1452,0.9463999979197979,0.9839736837893724
1453,0.9534473679959774,1453,0.9462666660547256,0.9841526318341494
1454,0.9533947370946407,1454,0.9460666663944721,0.9834052622318268
1455,0.9533210508525372,1455,0.9459999985992908,0.9845473682507873
1456,0.9532210528850555,1456,0.9460222199559212,0.983868420124054
1457,0.953099999576807,1457,0.9459555558860302,0.9842210523784161
1458,0.9530578926205635,1458,0.9456222206354141,0.9842105265706778
1459,0.9530210494995117,1459,0.9454444423317909,0.9841999989002943
1460,0.952936839312315,1460,0.9453999996185303,0.9842789471149445
1461,0.9527999982237816,1461,0.9455777779221535,0.9837368410080671
1462,0.9526368416845798,1462,0.9455555565655231,0.9834736827760935
1463,0.9523105248808861,1463,0.9457999989390373,0.983884209766984
1464,0.9522105231881142,1464,0.9456666670739651,0.9843526314944029
1465,0.952068418264389,1465,0.9454222209751606,0.9836684204638004
1466,0.9520105235278606,1466,0.9454666674137115,0.9844315787777305
1467,0.9518210515379906,1467,0.9455555565655231,0.9842578936368227
1468,0.9517368413507938,1468,0.9457111097872257,0.9845526311546564
1469,0.9515263140201569,1469,0.9459333345293999,0.9842105265706778
1470,0.9516315758228302,1470,0.9457111097872257,0.9844052623957396
1471,0.9515631571412086,1471,0.9458222202956676,0.9831736832857132
1472,0.9513631574809551,1472,0.9458666667342186,0.9846789464354515
1473,0.9512526281177998,1473,0.9456222206354141,0.9840368423610926
1474,0.9510684199631214,1474,0.9455999992787838,0.9837421048432589
1475,0.9509736821055412,1475,0.9454444423317909,0.9838526304811239
1476,0.9507473669946194,1476,0.9451111108064651,0.9842999987304211
1477,0.950478944927454,1477,0.9454666674137115,0.9842315781861544
1478,0.9503473676741123,1478,0.945333331823349,0.9836842101067305
1479,0.9502526298165321,1479,0.9453999996185303,0.98478421010077
1480,0.9499894715845585,1480,0.945266667753458,0.9836684204638004
1481,0.949978943914175,1481,0.9451999999582767,0.9837105255573988
1482,0.9497999995946884,1482,0.9450888894498348,0.9841210525482893
1483,0.9496157877147198,1483,0.9451111108064651,0.9840210527181625
1484,0.949421051889658,1484,0.9450444430112839,0.9840105250477791
1485,0.9493263140320778,1485,0.9448666647076607,0.9840578939765692
1486,0.9492315761744976,1486,0.9447555541992188,0.9836473669856787
1487,0.948999997228384,1487,0.9446000009775162,0.9845631569623947
1488,0.9487052597105503,1488,0.9445777758955956,0.9839631579816341
1489,0.9486684203147888,1489,0.9445555545389652,0.9846263155341148
1490,0.9484263136982918,1490,0.9445111118257046,0.9845842104405165
1491,0.9482263140380383,1491,0.9445333331823349,0.9838210511952639
1492,0.9481631554663181,1492,0.9447555541992188,0.9840315785259008
1493,0.9479631558060646,1493,0.9447777755558491,0.9844210520386696
1494,0.9478263147175312,1494,0.9444666653871536,0.9841999989002943
1495,0.9477684199810028,1495,0.9447777755558491,0.9837684202939272
1496,0.947621051222086,1496,0.9445333331823349,0.984189473092556
1497,0.9474947340786457,1497,0.9446222223341465,0.9841157887130976
1498,0.9475157894194126,1498,0.9447333328425884,0.9838421046733856
1499,0.9474473670125008,1499,0.9446444436907768,0.9840999990701675
1500,0.9471315778791904,1500,0.9440444447100163,0.9845263157039881
1501,0.9358473643660545,1501,0.9744666665792465,0.9845210518687963
1502,0.9357578903436661,1502,0.9736888892948627,0.9840421043336391
1503,0.9356684163212776,1503,0.9734888877719641,0.9844473674893379
1504,0.9357052594423294,1504,0.973199998959899,0.9841105248779058
1505,0.935699999332428,1505,0.9730222225189209,0.9842263143509626
1506,0.9358473643660545,1506,0.97268888913095,0.9840789474546909
1507,0.936015784740448,1507,0.972466666251421,0.9842210523784161
1508,0.9359999969601631,1508,0.9721777774393559,0.984205262735486
1509,0.9359473660588264,1509,0.9717555548995733,0.9845421044155955
1510,0.9362842068076134,1510,0.9714000001549721,0.9835105258971453
1511,0.936436839401722,1511,0.9711333326995373,0.9836315792053938
1512,0.9365578889846802,1512,0.9709777776151896,0.9843999994918704
1513,0.9368157908320427,1513,0.9707333333790302,0.9845473682507873
1514,0.9368894696235657,1514,0.9703555554151535,0.9837473686784506
1515,0.9368526265025139,1515,0.9702000003308058,0.9836578946560621
1516,0.9369105249643326,1516,0.9699777774512768,0.9841789472848177
1517,0.9368947371840477,1517,0.9696888886392117,0.9839842095971107
1518,0.9372315779328346,1518,0.9693999998271465,0.9840315785259008
1519,0.9373947381973267,1519,0.9690888877958059,0.9839421045035124
1520,0.937578946352005,1520,0.9687999989837408,0.9843736831098795
1521,0.9377894699573517,1521,0.9686666652560234,0.9845315786078572
1522,0.9377684183418751,1522,0.9684222228825092,0.9844894735142589
1523,0.9379052594304085,1523,0.9680666662752628,0.9844421045854688
1524,0.9379578940570354,1524,0.9677777774631977,0.983915789052844
1525,0.9378210492432117,1525,0.967399999499321,0.9843368418514729
1526,0.9379263147711754,1526,0.9670888893306255,0.9837421048432589
1527,0.9379578940570354,1527,0.9668222218751907,0.9838947355747223
1528,0.9378052614629269,1528,0.9666000008583069,0.9845263157039881
1529,0.9379105232656002,1529,0.9661777764558792,0.9841315783560276
1530,0.9379210509359837,1530,0.9660666659474373,0.9845210518687963
1531,0.9379578940570354,1531,0.9660666659474373,0.9838631581515074
1532,0.9381368383765221,1532,0.9658666662871838,0.9838631581515074
1533,0.9382421039044857,1533,0.9657555557787418,0.9846526309847832
1534,0.9381842091679573,1534,0.965533334761858,0.9848736841231585
1535,0.9383210502564907,1535,0.9653777778148651,0.9842578936368227
1536,0.9384999983012676,1536,0.9650666676461697,0.9844052623957396
1537,0.9386578910052776,1537,0.9648666679859161,0.9844526313245296
1538,0.9386947341263294,1538,0.9645555540919304,0.9843210522085428
1539,0.9388526305556297,1539,0.9643111117184162,0.9844368416815996
1540,0.9392263144254684,1540,0.9640888869762421,0.9840631578117609
1541,0.9393631555140018,1541,0.9638888873159885,0.9846578938886523
1542,0.9394526295363903,1542,0.963622223585844,0.9838157892227173
1543,0.9395578913390636,1543,0.9634666666388512,0.9847736833617091
1544,0.9399631544947624,1544,0.9633777774870396,0.9841684196144342
1545,0.9401421025395393,1545,0.963288888335228,0.9841210525482893
1546,0.940326314419508,1546,0.9630666673183441,0.9831421039998531
1547,0.9405526295304298,1547,0.9626000002026558,0.9839894734323025
1548,0.940694734454155,1548,0.9624000005424023,0.9840999990701675
1549,0.9407999962568283,1549,0.9621555544435978,0.9847526308149099
1550,0.941094733774662,1550,0.9619333334267139,0.9848052626475692
1551,0.9412157870829105,1551,0.9617111124098301,0.984615788795054
1552,0.9414263144135475,1552,0.9613333344459534,0.9842473678290844
1553,0.9416315779089928,1553,0.9609999991953373,0.9844578942283988
1554,0.9418105259537697,1554,0.9607999995350838,0.9836052618920803
1555,0.9418263137340546,1555,0.9605111107230186,0.9844421045854688
1556,0.9420894719660282,1556,0.9602444432675838,0.9842789471149445
1557,0.942363154143095,1557,0.9602000005543232,0.9845789466053247
1558,0.942573681473732,1558,0.9600666649639606,0.9842947367578745
1559,0.9426473677158356,1559,0.9601111114025116,0.9846263155341148
1560,0.9429578930139542,1560,0.9599111117422581,0.9840842094272375
1561,0.9432473666965961,1561,0.9598666653037071,0.9841999989002943
1562,0.943394735455513,1562,0.9596666656434536,0.9842315781861544
1563,0.9434526301920414,1563,0.9594222232699394,0.9839842095971107
1564,0.9434894733130932,1564,0.9593999981880188,0.984284209087491
1565,0.9437684193253517,1565,0.9592888876795769,0.9840578939765692
1566,0.944005262106657,1566,0.959066666662693,0.9836999997496605
1567,0.9443105235695839,1567,0.9589333310723305,0.9843947365880013
1568,0.9443263150751591,1568,0.9588888883590698,0.9838947355747223
1569,0.9442526288330555,1569,0.9585999995470047,0.9843789469450712
1570,0.9444473683834076,1570,0.9582888893783092,0.9841947369277477
1571,0.9445684179663658,1571,0.9580222219228745,0.9842789471149445
1572,0.9446894712746143,1572,0.9576888866722584,0.9839631579816341
1573,0.9448947347700596,1573,0.9575777761638165,0.9837473686784506
1574,0.9451473653316498,1574,0.9573999978601933,0.984284209087491
1575,0.9453999996185303,1575,0.9572222232818604,0.9844684209674597
1576,0.9454789459705353,1576,0.9572888873517513,0.9846526309847832
1577,0.945563156157732,1577,0.9571333341300488,0.9841157887130976
1578,0.9454210512340069,1578,0.9570222198963165,0.9844052623957396
1579,0.9455894716084003,1579,0.9568444453179836,0.9841999989002943
1580,0.9457526281476021,1580,0.9565555565059185,0.9842263143509626
1581,0.9459526315331459,1581,0.9562222212553024,0.9844999993219972
1582,0.9461157880723476,1582,0.9561111107468605,0.9848789470270276
1583,0.9461368396878242,1583,0.9558222219347954,0.9842105265706778
1584,0.9463473670184612,1584,0.955800000578165,0.9846105258911848
1585,0.9464736841619015,1585,0.955866664648056,0.9842105265706778
1586,0.9466684199869633,1586,0.9556888900697231,0.9843842098489404
1587,0.9467473663389683,1587,0.9556888900697231,0.9836999997496605
1588,0.9468368403613567,1588,0.9554444439709187,0.9842263143509626
1589,0.9471105262637138,1589,0.9553111121058464,0.983899999409914
1590,0.9472631551325321,1590,0.9550888873636723,0.9843789469450712
1591,0.9472789466381073,1591,0.9551999978721142,0.984205262735486
1592,0.9475315771996975,1592,0.9552888870239258,0.9841789472848177
1593,0.9474684186279774,1593,0.9548666663467884,0.9843631573021412
1594,0.9476789459586143,1594,0.9549333341419697,0.9842368420213461
1595,0.9478736817836761,1595,0.9546444453299046,0.9841052629053593
1596,0.9479947350919247,1596,0.954444445669651,0.9840842094272375
1597,0.9481473676860332,1597,0.9545333310961723,0.9839315786957741
1598,0.9481842070817947,1598,0.9544222205877304,0.9841263145208359
1599,0.94823157787323,1599,0.953999999910593,0.9840999990701675
1600,0.9482684209942818,1600,0.9540888890624046,0.9841842092573643
1601,0.9483842104673386,1601,0.9539333321154118,0.9843947365880013
1602,0.9484315775334835,1602,0.9537555538117886,0.9842368420213461
1603,0.9486263133585453,1603,0.9537333324551582,0.9840684197843075
1604,0.9488684199750423,1604,0.9538222216069698,0.984510526061058
1605,0.9491947367787361,1605,0.953666664659977,0.9842157885432243
1606,0.9493842087686062,1606,0.9535777755081654,0.9840315785259008
1607,0.9497210495173931,1607,0.9534888900816441,0.983915789052844
1608,0.94986841827631,1608,0.9533555544912815,0.9848315780982375
1609,0.9500578939914703,1609,0.9530666656792164,0.9844526313245296
1610,0.9499684199690819,1610,0.9530444443225861,0.9840473681688309
1611,0.9502842091023922,1611,0.9529999978840351,0.9838105253875256
1612,0.9503157883882523,1612,0.9530666656792164,0.9841789472848177
1613,0.9501421041786671,1613,0.9527999982237816,0.9844052623957396
1614,0.9502947367727757,1614,0.9528444446623325,0.984094737097621
1615,0.9504999965429306,1615,0.9527555555105209,0.9842947367578745
1616,0.9505368396639824,1616,0.9525777772068977,0.984284209087491
1617,0.9507578946650028,1617,0.9525555558502674,0.984494736418128
1618,0.9507631547749043,1618,0.9524666666984558,0.9839842095971107
1619,0.9508684203028679,1619,0.9523777775466442,0.9845421044155955
1620,0.9510999992489815,1620,0.9521333314478397,0.9845578940585256
1621,0.9512473680078983,1621,0.9521111100912094,0.9836263153702021
1622,0.95122105255723,1622,0.9520222209393978,0.9843526314944029
1623,0.9514736831188202,1623,0.9518888890743256,0.9841578938066959
1624,0.9517157860100269,1624,0.9518444426357746,0.9833894725888968
1625,0.9519210495054722,1625,0.951688889414072,0.983915789052844
1626,0.952036838978529,1626,0.951755553483963,0.984463157132268
1627,0.9520999975502491,1627,0.9519111104309559,0.9841947369277477
1628,0.9522736817598343,1628,0.951688889414072,0.9842421039938927
1629,0.9523157887160778,1629,0.9517111107707024,0.984510526061058
1630,0.9524736814200878,1630,0.9516000002622604,0.9847631575539708
1631,0.9527578949928284,1631,0.9513777755200863,0.9837421048432589
1632,0.9527526311576366,1632,0.951244443655014,0.9840631578117609
1633,0.9529157876968384,1633,0.9511777758598328,0.9840368423610926
1634,0.9530157893896103,1634,0.9515555538237095,0.9841421041637659
1635,0.9531999975442886,1635,0.9512666650116444,0.9842947367578745
1636,0.9532105252146721,1636,0.9512666650116444,0.9845052622258663
1637,0.9532999992370605,1637,0.9510666653513908,0.9841578938066959
1638,0.9532894715666771,1638,0.9508666656911373,0.9837473686784506
1639,0.9533947370946407,1639,0.9507333338260651,0.9840842094272375
1640,0.9534105248749256,1640,0.9504666663706303,0.9846526309847832
1641,0.9534631557762623,1641,0.9504666663706303,0.9843052625656128
1642,0.9534947350621223,1642,0.9504666663706303,0.9843315780162811
1643,0.9536368399858475,1643,0.9504666663706303,0.9838631581515074
1644,0.9536999985575676,1644,0.9502888880670071,0.9841684196144342
1645,0.9537210501730442,1645,0.9501555562019348,0.9840526301413774
1646,0.9537631571292877,1646,0.9500444456934929,0.984663157723844
1647,0.9538947343826294,1647,0.9500444456934929,0.9842789471149445
1648,0.9541210494935513,1648,0.9500222206115723,0.9844736838713288
1649,0.9542315788567066,1649,0.9497555531561375,0.9843052625656128
1650,0.9543263129889965,1650,0.9497777782380581,0.9836789462715387
1651,0.954447366297245,1651,0.9497333317995071,0.9845315786078572
1652,0.9544105231761932,1652,0.9497333317995071,0.9840052630752325
1653,0.9546157866716385,1653,0.9496444426476955,0.984189473092556
1654,0.9548052623867989,1654,0.9495777785778046,0.9836157895624638
1655,0.9548842087388039,1655,0.9493111111223698,0.9840631578117609
1656,0.9550947360694408,1656,0.9491777755320072,0.9843315780162811
1657,0.9552315771579742,1657,0.9490888901054859,0.9844894735142589
1658,0.9552736841142178,1658,0.9491777755320072,0.983884209766984
1659,0.9553526304662228,1659,0.948933333158493,0.9845578940585256
1660,0.955478947609663,1660,0.9487777762115002,0.9838736839592457
1661,0.9554368406534195,1661,0.9487111121416092,0.9847157886251807
1662,0.955557893961668,1662,0.9487555548548698,0.9841842092573643
1663,0.9556157886981964,1663,0.9486888870596886,0.9839999992400408
1664,0.9557473659515381,1664,0.9485777765512466,0.9843210522085428
1665,0.9557631574571133,1665,0.948488887399435,0.9838789459317923
1666,0.9557842090725899,1666,0.9483555555343628,0.9837210513651371
1667,0.9557578936219215,1667,0.9482888877391815,0.9840578939765692
1668,0.9557736814022064,1668,0.9481999985873699,0.9842473678290844
1669,0.9558263160288334,1669,0.9482888877391815,0.9842999987304211
1670,0.9557631574571133,1670,0.9481555558741093,0.9841578938066959
1671,0.9559052623808384,1671,0.9480444453656673,0.9847631575539708
1672,0.9560263156890869,1672,0.9481999985873699,0.9843105264008045
1673,0.9560368396341801,1673,0.9481777772307396,0.9846210516989231
1674,0.9561210498213768,1674,0.948088888078928,0.9841473679989576
1675,0.9561473652720451,1675,0.9480666667222977,0.9843526314944029
1676,0.9562421031296253,1676,0.9477111101150513,0.9840842094272375
1677,0.9561578929424286,1677,0.9472000002861023,0.984494736418128
1678,0.9559947364032269,1678,0.9471555538475513,0.9843421038240194
1679,0.9560526311397552,1679,0.9472666643559933,0.9841526318341494
1680,0.9559789448976517,1680,0.9472000002861023,0.9845631569623947
1681,0.9559526294469833,1681,0.9472222216427326,0.9841421041637659
1682,0.9561210498213768,1682,0.9468888901174068,0.9847999997437
1683,0.9560999982059002,1683,0.9466444440186024,0.9842105265706778
1684,0.9560210518538952,1684,0.9463777765631676,0.9848789470270276
1685,0.9560421034693718,1685,0.9463333338499069,0.9843263160437346
1686,0.9558947347104549,1686,0.9461111091077328,0.9841421041637659
1687,0.9558842107653618,1687,0.9459555558860302,0.9845947362482548
1688,0.955768421292305,1688,0.945733331143856,0.9840999990701675
1689,0.9557105265557766,1689,0.9456444419920444,0.9842315781861544
1690,0.9558368399739265,1690,0.9454222209751606,0.9840578939765692
1691,0.955768421292305,1691,0.945266667753458,0.9848157893866301
1692,0.9557736814022064,1692,0.9451333321630955,0.9836947359144688
1693,0.9558684192597866,1693,0.944933332502842,0.9839631579816341
1694,0.9556894712150097,1694,0.9448888897895813,0.9846052629873157
1695,0.9555631577968597,1695,0.9445777758955956,0.9848105255514383
1696,0.9555789455771446,1696,0.944422222673893,0.9844736838713288
1697,0.9553999975323677,1697,0.9442888870835304,0.9838526304811239
1698,0.9553052634000778,1698,0.9442444443702698,0.9844684209674597
1699,0.9553368389606476,1699,0.9442888870835304,0.9839631579816341
1700,0.9552736841142178,1700,0.9442222230136395,0.9844105262309313
1701,0.9551684185862541,1701,0.9442666657269001,0.9842526316642761
1702,0.9550210498273373,1702,0.9439999982714653,0.9845368415117264
1703,0.9549842104315758,1703,0.9440666660666466,0.9836421050131321
1704,0.9549631550908089,1704,0.943977776914835,0.9844842096790671
1705,0.9548052623867989,1705,0.943866666406393,0.9839578941464424
1706,0.9548368416726589,1706,0.943977776914835,0.9843684211373329
1707,0.9548105262219906,1707,0.9437999986112118,0.9838210511952639
1708,0.9546684212982655,1708,0.9437999986112118,0.9835210517048836
1709,0.9545947350561619,1709,0.9440222233533859,0.9843526314944029
1710,0.9544263146817684,1710,0.9440666660666466,0.9844999993219972
1711,0.9544421024620533,1711,0.943977776914835,0.9843684211373329
1712,0.9543052613735199,1712,0.9440444447100163,0.9841263145208359
1713,0.9543052613735199,1713,0.9438444450497627,0.9844315787777305
1714,0.9541999995708466,1714,0.9438444450497627,0.9843736831098795
1715,0.9541157893836498,1715,0.9439111091196537,0.9844368416815996
1716,0.9539789445698261,1716,0.9438888877630234,0.984094737097621
1717,0.9538999982178211,1717,0.9439333342015743,0.9842157885432243
1718,0.953710526227951,1718,0.9435777775943279,0.9839473683387041
1719,0.9537947364151478,1719,0.9436888881027699,0.9844999993219972
1720,0.9537315778434277,1720,0.9436666667461395,0.9842894729226828
1721,0.953678946942091,1721,0.9435999989509583,0.9840842094272375
1722,0.9534947350621223,1722,0.9436222203075886,0.9842421039938927
1723,0.9533736817538738,1723,0.9434888884425163,0.9838894736021757
1724,0.9531947337090969,1724,0.9433111101388931,0.9841421041637659
1725,0.9530263133347034,1725,0.943533331155777,0.983884209766984
1726,0.9529421031475067,1726,0.9436444453895092,0.9838736839592457
1727,0.9529157876968384,1727,0.9437111094594002,0.9845999991521239
1728,0.9528210498392582,1728,0.9433999992907047,0.9839368406683207
1729,0.9525631554424763,1729,0.9430888891220093,0.9845368415117264
1730,0.9525421038269997,1730,0.943022221326828,0.9845947362482548
1731,0.9525105245411396,1731,0.9429777786135674,0.9841947369277477
1732,0.9522157870233059,1732,0.9432666674256325,0.984189473092556
1733,0.9521157890558243,1733,0.9433333314955235,0.9846894731745124
1734,0.9519999995827675,1734,0.9431999996304512,0.984494736418128
1735,0.9517263136804104,1735,0.9432222209870815,0.9845789466053247
1736,0.9515736810863018,1736,0.9431333318352699,0.984463157132268
1737,0.9515421018004417,1737,0.9429999999701977,0.983994735404849
1738,0.9513894729316235,1738,0.9429777786135674,0.9846263155341148
1739,0.9514315761625767,1739,0.9429333321750164,0.9841526318341494
1740,0.9513105228543282,1740,0.9429555535316467,0.9846684206277132
1741,0.9511421024799347,1741,0.9428222216665745,0.9850421044975519
1742,0.9511210508644581,1742,0.9423333331942558,0.9845157889649272
1743,0.9509999975562096,1743,0.942177776247263,0.9844315787777305
1744,0.9508578926324844,1744,0.942111112177372,0.9844368416815996
1745,0.9506999999284744,1745,0.9420444443821907,0.9844157891348004
1746,0.9505684189498425,1746,0.9419999979436398,0.9832842107862234
1747,0.950352631509304,1747,0.9418666660785675,0.9840578939765692
1748,0.9502315782010555,1748,0.9420444443821907,0.9837263152003288
1749,0.9500578939914703,1749,0.9420222230255604,0.9839473683387041
1750,0.9491421021521091,1750,0.9431777782738209,0.9844421045854688
1751,0.9327736794948578,1751,0.9742222223430872,0.9841105248779058
1752,0.9328736811876297,1752,0.9735555555671453,0.9842999987304211
1753,0.9328894689679146,1753,0.9729555547237396,0.9845789466053247
1754,0.932736836373806,1754,0.9725999999791384,0.9843157883733511
1755,0.9325631558895111,1755,0.9724000003188848,0.9840894732624292
1756,0.9324052631855011,1756,0.9720888882875443,0.9838368408381939
1757,0.932336837053299,1757,0.9719555545598269,0.983578946441412
1758,0.9322157874703407,1758,0.9716222211718559,0.9836578946560621
1759,0.9323263168334961,1759,0.9713333323597908,0.9843210522085428
1760,0.932084210216999,1760,0.971111111342907,0.9844157891348004
1761,0.9317368417978287,1761,0.9706444442272186,0.9841789472848177
1762,0.9317842051386833,1762,0.9705111104995012,0.9840473681688309
1763,0.9319315776228905,1763,0.9702000003308058,0.9840263146907091
1764,0.9319263100624084,1764,0.969933332875371,0.9845631569623947
1765,0.9319263100624084,1765,0.9696888886392117,0.9840736836194992
1766,0.9318368434906006,1766,0.9694888889789581,0.9842368420213461
1767,0.9316421002149582,1767,0.9693555552512407,0.9835210517048836
1768,0.9314789474010468,1768,0.9693777766078711,0.9840473681688309
1769,0.9315105229616165,1769,0.9690444432199001,0.9844526313245296
1770,0.9316736832261086,1770,0.9688666667789221,0.984510526061058
1771,0.9318947345018387,1771,0.9687333330512047,0.9840526301413774
1772,0.931999996304512,1772,0.9681777767837048,0.9841315783560276
1773,0.9319526329636574,1773,0.9677333347499371,0.983994735404849
1774,0.9320473670959473,1774,0.9673777781426907,0.984478946775198
1775,0.9317263141274452,1775,0.9670888893306255,0.9842947367578745
1776,0.9314736798405647,1776,0.9667777791619301,0.9838631581515074
1777,0.9314526319503784,1777,0.9663777761161327,0.983994735404849
1778,0.9317157864570618,1778,0.9660888873040676,0.9846789464354515
1779,0.9318368434906006,1779,0.9657333344221115,0.984189473092556
1780,0.9319421052932739,1780,0.9653777778148651,0.9840157888829708
1781,0.9322473630309105,1781,0.9650888890028,0.9841999989002943
1782,0.9324842095375061,1782,0.9648222215473652,0.9838631581515074
1783,0.9326421022415161,1783,0.9647111110389233,0.9845894733443856
1784,0.9328736811876297,1784,0.9644000008702278,0.9840684197843075
1785,0.9330842047929764,1785,0.9639333337545395,0.9840210527181625
1786,0.9332473650574684,1786,0.963733334094286,0.9841684196144342
1787,0.9336315765976906,1787,0.9634666666388512,0.9840210527181625
1788,0.9339421018958092,1788,0.9629555568099022,0.9835999999195337
1789,0.9341894686222076,1789,0.9626222215592861,0.9843894727528095
1790,0.9344473630189896,1790,0.9626444429159164,0.9839210528880358
1791,0.9346631541848183,1791,0.9624000005424023,0.9839684199541807
1792,0.9347684159874916,1792,0.9623111113905907,0.9840526301413774
1793,0.9348473697900772,1793,0.9621111117303371,0.984284209087491
1794,0.9351631551980972,1794,0.9620000012218952,0.9834684208035469
1795,0.9356105253100395,1795,0.961822222918272,0.9843052625656128
1796,0.9359631538391113,1796,0.961488887667656,0.9845157889649272
1797,0.9364473670721054,1797,0.9613111093640327,0.9842473678290844
1798,0.9367526322603226,1798,0.9610444456338882,0.983805263414979
1799,0.9370473697781563,1799,0.9605555534362793,0.9845263157039881
1800,0.9373789429664612,1800,0.9601777791976929,0.9845631569623947
1801,0.9374473690986633,1801,0.9600444436073303,0.9834842104464769
1802,0.9378368407487869,1802,0.9600888900458813,0.9839999992400408
1803,0.9379999972879887,1803,0.9597777761518955,0.9845684207975864
1804,0.9384578913450241,1804,0.9597777761518955,0.9842421039938927
1805,0.9388052597641945,1805,0.9596444442868233,0.9840999990701675
1806,0.9390999972820282,1806,0.9595999978482723,0.9843210522085428
1807,0.9393894709646702,1807,0.9592666663229465,0.9845210518687963
1808,0.9396578930318356,1808,0.9590444453060627,0.9843263160437346
1809,0.9400684200227261,1809,0.9587111100554466,0.9844736838713288
1810,0.9404736831784248,1810,0.9583999998867512,0.9839210528880358
1811,0.9408842101693153,1811,0.9582444429397583,0.9841473679989576
1812,0.9413157887756824,1812,0.958111111074686,0.9842578936368227
1813,0.9414894729852676,1813,0.9579333327710629,0.984173683449626
1814,0.941805262118578,1814,0.957666665315628,0.9842473678290844
1815,0.9420105256140232,1815,0.9578222222626209,0.9840999990701675
1816,0.9424315765500069,1816,0.9577333331108093,0.9843736831098795
1817,0.942973680794239,1817,0.9573777765035629,0.9842999987304211
1818,0.9430842101573944,1818,0.9570444449782372,0.9845947362482548
1819,0.9432684183120728,1819,0.9569777771830559,0.9842894729226828
1820,0.9433578923344612,1820,0.9565333314239979,0.9841157887130976
1821,0.9436473660171032,1821,0.9563333317637444,0.9840789474546909
1822,0.9437368400394917,1822,0.9561999998986721,0.983805263414979
1823,0.9442105256021023,1823,0.9558888897299767,0.9848894728347659
1824,0.9444947354495525,1824,0.9557111114263535,0.9843473676592112
1825,0.9448157884180546,1825,0.9556888900697231,0.9839368406683207
1826,0.9451263137161732,1826,0.9556000009179115,0.9844526313245296
1827,0.9452210515737534,1827,0.9551333338022232,0.9840842094272375
1828,0.9454736821353436,1828,0.9551999978721142,0.9840526301413774
1829,0.9456999972462654,1829,0.9550666660070419,0.9842894729226828
1830,0.9458473660051823,1830,0.9549777768552303,0.9835421051830053
1831,0.9460894726216793,1831,0.9547777771949768,0.9839578941464424
1832,0.9463105238974094,1832,0.9549555554986,0.9840052630752325
1833,0.946542102843523,1833,0.9550666660070419,0.984284209087491
1834,0.9464526288211346,1834,0.9547777771949768,0.9840315785259008
1835,0.946510523557663,1835,0.9545333310961723,0.9843789469450712
1836,0.9467315785586834,1836,0.954444445669651,0.9843842098489404
1837,0.9469999969005585,1837,0.9543999992311001,0.9843210522085428
1838,0.9471421018242836,1838,0.9543999992311001,0.984631578437984
1839,0.947489470243454,1839,0.9542666673660278,0.984173683449626
1840,0.9476684182882309,1840,0.954511109739542,0.9847105257213116
1841,0.9477842077612877,1841,0.9543999992311001,0.9841789472848177
1842,0.9478736817836761,1842,0.954111110419035,0.9836894739419222
1843,0.9479263126850128,1843,0.9539777785539627,0.9846736835315824
1844,0.948068417608738,1844,0.9536444433033466,0.9842105265706778
1845,0.9481421038508415,1845,0.9533777758479118,0.9844578942283988
1846,0.9485578946769238,1846,0.9534666649997234,0.984189473092556
1847,0.9487052597105503,1847,0.9532000012695789,0.9843052625656128
1848,0.9486842080950737,1848,0.9531111121177673,0.9842999987304211
1849,0.9488210491836071,1849,0.9527999982237816,0.9842947367578745
1850,0.9490999989211559,1850,0.9527777768671513,0.9841842092573643
1851,0.9491578936576843,1851,0.9525999985635281,0.9845210518687963
1852,0.9493157863616943,1852,0.9525555558502674,0.9843894727528095
1853,0.9495894722640514,1853,0.9526888877153397,0.9845052622258663
1854,0.9497684203088284,1854,0.9527999982237816,0.9838421046733856
1855,0.9497736841440201,1855,0.9524888880550861,0.9847578946501017
1856,0.9498157873749733,1856,0.9525777772068977,0.9852631576359272
1857,0.9499052613973618,1857,0.9525999985635281,0.9843368418514729
1858,0.949978943914175,1858,0.9524888880550861,0.9844894735142589
1859,0.9500368386507034,1859,0.9525111094117165,0.9843526314944029
1860,0.9500842094421387,1860,0.9523999989032745,0.9841526318341494
1861,0.9500999972224236,1861,0.952644445002079,0.9849894735962152
1862,0.950352631509304,1862,0.9526888877153397,0.9846736835315824
1863,0.950352631509304,1863,0.9526666663587093,0.9842684213072062
1864,0.9504210501909256,1864,0.9524888880550861,0.984094737097621
1865,0.9504263140261173,1865,0.9523999989032745,0.9842315781861544
1866,0.9505736827850342,1866,0.9521555565297604,0.9844263149425387
1867,0.9507157877087593,1867,0.9519999995827675,0.9841947369277477
1868,0.9508736841380596,1868,0.9520666673779488,0.9844894735142589
1869,0.9509999975562096,1869,0.9518222212791443,0.9840999990701675
1870,0.951010525226593,1870,0.9518444426357746,0.9836736842989922
1871,0.9509157873690128,1871,0.951755553483963,0.9842105265706778
1872,0.9511210508644581,1872,0.9515111111104488,0.9843842098489404
1873,0.9513157866895199,1873,0.9513333328068256,0.9845894733443856
1874,0.9512368403375149,1874,0.9511333331465721,0.983884209766984
1875,0.9513842090964317,1875,0.9511111117899418,0.9845473682507873
1876,0.9517526291310787,1876,0.9510444439947605,0.9842526316642761
1877,0.9517578929662704,1877,0.9510222226381302,0.9842631574720144
1878,0.9518263153731823,1878,0.9508888870477676,0.9840105250477791
1879,0.9519157893955708,1879,0.9506222233176231,0.9847263153642416
1880,0.9519631564617157,1880,0.9504666663706303,0.9842105265706778
1881,0.9518578946590424,1881,0.9501999989151955,0.983915789052844
1882,0.951910525560379,1882,0.9501555562019348,0.984189473092556
1883,0.9518157877027988,1883,0.9502222202718258,0.9837157893925905
1884,0.9519631564617157,1884,0.9498666673898697,0.9841631576418877
1885,0.9520736820995808,1885,0.9497999995946884,0.9847894730046391
1886,0.9521315768361092,1886,0.9495555534958839,0.9842684213072062
1887,0.9521947354078293,1887,0.9492888897657394,0.984647368080914
1888,0.952326312661171,1888,0.9491555541753769,0.9840631578117609
1889,0.952568419277668,1889,0.9488888867199421,0.984094737097621
1890,0.9526368416845798,1890,0.948933333158493,0.9845894733443856
1891,0.9527157880365849,1891,0.9487777762115002,0.984494736418128
1892,0.9528789445757866,1892,0.9486444443464279,0.9839526303112507
1893,0.9530473686754704,1893,0.9484222233295441,0.9845789466053247
1894,0.9531578943133354,1894,0.9484222233295441,0.9835578948259354
1895,0.9531842097640038,1895,0.9484666660428047,0.9844473674893379
1896,0.9534105248749256,1896,0.9486222229897976,0.9837842099368572
1897,0.9534894712269306,1897,0.9487333334982395,0.9839999992400408
1898,0.9534842073917389,1898,0.948533333837986,0.9840315785259008
1899,0.953468419611454,1899,0.9481999985873699,0.9843157883733511
1900,0.9535210505127907,1900,0.9481999985873699,0.9840315785259008
1901,0.953547365963459,1901,0.948088888078928,0.9840105250477791
1902,0.953547365963459,1902,0.9479333311319351,0.985057894140482
1903,0.9537263140082359,1903,0.9478666670620441,0.9845578940585256
1904,0.953789472579956,1904,0.9479111097753048,0.9836947359144688
1905,0.9538631550967693,1905,0.9477333314716816,0.984478946775198
1906,0.9539263136684895,1906,0.9477777779102325,0.9840315785259008
1907,0.9539105258882046,1907,0.9476888887584209,0.9842947367578745
1908,0.9540684185922146,1908,0.9476222209632397,0.9840263146907091
1909,0.9540631547570229,1909,0.9476222209632397,0.9839789476245642
1910,0.9542526304721832,1910,0.9474888890981674,0.9849263150244951
1911,0.9543526284396648,1911,0.9474444426596165,0.984478946775198
1912,0.9544210508465767,1912,0.947133332490921,0.9850526312366128
1913,0.9545526318252087,1913,0.9468888901174068,0.9840578939765692
1914,0.9546631574630737,1914,0.9470000006258488,0.9845631569623947
1915,0.9546789452433586,1915,0.9470666646957397,0.9840421043336391
1916,0.9547526314854622,1916,0.9469111114740372,0.9836631566286087
1917,0.954815786331892,1917,0.9470000006258488,0.9845368415117264
1918,0.9548631571233273,1918,0.946733333170414,0.9843684211373329
1919,0.9549736827611923,1919,0.9465999975800514,0.9843999994918704
1920,0.9549263156950474,1920,0.946622222661972,0.9846947360783815
1921,0.9549157880246639,1921,0.9465333335101604,0.9843473676592112
1922,0.9548421055078506,1922,0.9466444440186024,0.9845684207975864
1923,0.9549631550908089,1923,0.946733333170414,0.9842684213072062
1924,0.9549684189260006,1924,0.9468000009655952,0.9841263145208359
1925,0.9548789449036121,1925,0.9467555545270443,0.9840631578117609
1926,0.9548789449036121,1926,0.9464666657149792,0.9842368420213461
1927,0.9547578915953636,1927,0.9464666657149792,0.9843105264008045
1928,0.9547263160347939,1928,0.9464888870716095,0.9843789469450712
1929,0.954705260694027,1929,0.9460222199559212,0.984173683449626
1930,0.9544631578028202,1930,0.9459333345293999,0.984205262735486
1931,0.9544052630662918,1931,0.9455555565655231,0.983868420124054
1932,0.9544105231761932,1932,0.945333331823349,0.983868420124054
1933,0.9544315785169601,1933,0.945266667753458,0.9842315781861544
1934,0.9544631578028202,1934,0.9453777782619,0.9840526301413774
1935,0.9544999971985817,1935,0.9452888891100883,0.9843947365880013
1936,0.9545473679900169,1936,0.9451999999582767,0.9843263160437346
1937,0.954578947275877,1937,0.9451777786016464,0.9846526309847832
1938,0.9544526301324368,1938,0.9449777789413929,0.9843421038240194
1939,0.9545578919351101,1939,0.9450444430112839,0.9846421051770449
1940,0.9544263146817684,1940,0.9448888897895813,0.9844210520386696
1941,0.9543052613735199,1941,0.9449555538594723,0.984094737097621
1942,0.9542947337031364,1942,0.9448222219944,0.9840210527181625
1943,0.9543105252087116,1943,0.9447333328425884,0.9847789471969008
1944,0.9541473686695099,1944,0.9448444433510303,0.9839684199541807
1945,0.9541052617132664,1945,0.9445777758955956,0.984631578437984
1946,0.9541105255484581,1946,0.9445111118257046,0.9840052630752325
1947,0.9540421031415462,1947,0.9443555548787117,0.983884209766984
1948,0.9538526311516762,1948,0.9442222230136395,0.983899999409914
1949,0.9538105241954327,1949,0.9442444443702698,0.984647368080914
1950,0.9536947347223759,1950,0.944488886743784,0.9843473676592112
1951,0.9536526314914227,1951,0.9446000009775162,0.9843368418514729
1952,0.9536947347223759,1952,0.9446000009775162,0.9844473674893379
1953,0.9535526297986507,1953,0.9446000009775162,0.9843105264008045
1954,0.9534526318311691,1954,0.9445555545389652,0.9844842096790671
1955,0.9533105231821537,1955,0.944311112165451,0.9838210511952639
1956,0.9533315785229206,1956,0.9440666660666466,0.9843578934669495
1957,0.9532736837863922,1957,0.9439555555582047,0.9838894736021757
1958,0.9531999975442886,1958,0.9439333342015743,0.9844894735142589
1959,0.9531947337090969,1959,0.9437555558979511,0.9838263150304556
1960,0.953099999576807,1960,0.9436888881027699,0.983915789052844
1961,0.9529105238616467,1961,0.9437333345413208,0.984463157132268
1962,0.9527526311576366,1962,0.943977776914835,0.9845842104405165
1963,0.9526052623987198,1963,0.943866666406393,0.984936841763556
1964,0.9524526298046112,1964,0.9439111091196537,0.9839999992400408
1965,0.9524210505187511,1965,0.9441999979317188,0.9838789459317923
1966,0.9523421041667461,1966,0.9441777765750885,0.9839210528880358
1967,0.9521578922867775,1967,0.9440888874232769,0.9840684197843075
1968,0.9518999978899956,1968,0.9438444450497627,0.9838947355747223
1969,0.9519052617251873,1969,0.943977776914835,0.9844210520386696
1970,0.951989471912384,1970,0.9440222233533859,0.9837789461016655
1971,0.9519421048462391,1971,0.9436222203075886,0.9843157883733511
1972,0.9518315754830837,1972,0.9434888884425163,0.9846684206277132
1973,0.951668418943882,1973,0.9433777779340744,0.9843473676592112
1974,0.951621051877737,1974,0.9433777779340744,0.9842578936368227
1975,0.9514789469540119,1975,0.9431333318352699,0.9840210527181625
1976,0.9511526301503181,1976,0.9430444426834583,0.9836999997496605
1977,0.9509421028196812,1977,0.943066667765379,0.9847631575539708
1978,0.9508736841380596,1978,0.9431111104786396,0.9843894727528095
1979,0.9506789445877075,1979,0.9429111108183861,0.9834105260670185
1980,0.9505473673343658,1980,0.9429555535316467,0.9841421041637659
1981,0.9504684209823608,1981,0.9429777786135674,0.9839789476245642
1982,0.9502894729375839,1982,0.9428888894617558,0.9843157883733511
1983,0.9503421038389206,1983,0.94257777556777,0.984173683449626
1984,0.950189471244812,1984,0.9427777789533138,0.9841947369277477
1985,0.9500894732773304,1985,0.9428000003099442,0.9840736836194992
1986,0.9499368406832218,1986,0.943022221326828,0.9844263149425387
1987,0.9497052617371082,1987,0.9429555535316467,0.9837842099368572
1988,0.9495421051979065,1988,0.9428222216665745,0.9842947367578745
1989,0.9495263136923313,1989,0.9428444430232048,0.9843842098489404
1990,0.9493842087686062,1990,0.9428000003099442,0.9841263145208359
1991,0.9492473676800728,1991,0.9430444426834583,0.9841473679989576
1992,0.9491999968886375,1992,0.9431555531919003,0.984631578437984
1993,0.9491789452731609,1993,0.9431999996304512,0.9837999995797873
1994,0.9490526281297207,1994,0.9432444423437119,0.9844263149425387
1995,0.9489421024918556,1995,0.9432666674256325,0.9842631574720144
1996,0.948921050876379,1996,0.9431999996304512,0.9840789474546909
1997,0.9488526284694672,1997,0.9429999999701977,0.9845263157039881
1998,0.9488368406891823,1998,0.9428222216665745,0.9842999987304211
1999,0.9487789459526539,1999,0.9429555535316467,0.9837999995797873
2000,0.9495052620768547,2000,0.9418666660785675,0.9841105248779058
2001,0.9376736804842949,2001,0.9740222226828337,0.984205262735486
2002,0.9377473667263985,2002,0.9734666664153337,0.984094737097621
2003,0.9378315769135952,2003,0.9733333326876163,0.983915789052844
2004,0.9376631565392017,2004,0.9730444438755512,0.9845684207975864
2005,0.9377473667263985,2005,0.972866665571928,0.9846789464354515
2006,0.9380315765738487,2006,0.9725111108273268,0.9837842099368572
2007,0.9382105246186256,2007,0.9724444448947906,0.9839052632451057
2008,0.9380421042442322,2008,0.97213333286345,0.9847421050071716
2009,0.938026312738657,2009,0.9719333332031965,0.9843421038240194
2010,0.9381157867610455,2010,0.9717111103236675,0.983915789052844
2011,0.9380947351455688,2011,0.9715999998152256,0.9847578946501017
2012,0.9382315762341022,2012,0.971288887783885,0.9841947369277477
2013,0.9383578933775425,2013,0.970888888463378,0.9839421045035124
2014,0.9382526278495789,2014,0.9706888888031244,0.9841052629053593
2015,0.9380999989807606,2015,0.9703999999910593,0.9843157883733511
2016,0.9380578920245171,2016,0.9702000003308058,0.9841526318341494
2017,0.9378947354853153,2017,0.9698888882994652,0.9844315787777305
2018,0.9378421045839787,2018,0.9697777777910233,0.9838789459317923
2019,0.9378578923642635,2019,0.9694222211837769,0.9838736839592457
2020,0.937736839056015,2020,0.9691111110150814,0.9846894731745124
2021,0.9378315769135952,2021,0.9689111113548279,0.9843526314944029
2022,0.9379210509359837,2022,0.968688890337944,0.9840789474546909
2023,0.9379421025514603,2023,0.9684222228825092,0.9842157885432243
2024,0.9381263144314289,2024,0.968244444578886,0.9833526313304901
2025,0.9382736831903458,2025,0.9680222235620022,0.9841421041637659
2026,0.9384578913450241,2026,0.9679777771234512,0.9840315785259008
2027,0.9388157874345779,2027,0.9676666669547558,0.9842210523784161
2028,0.9387526288628578,2028,0.9675333313643932,0.9843368418514729
2029,0.9384526312351227,2029,0.9674222208559513,0.9842947367578745
2030,0.9385473653674126,2030,0.9671777784824371,0.9843210522085428
2031,0.9385736808180809,2031,0.9668222218751907,0.9845999991521239
2032,0.9386315755546093,2032,0.9665555544197559,0.9849105253815651
2033,0.9384631551802158,2033,0.9661777764558792,0.9838894736021757
2034,0.938557893037796,2034,0.9659111090004444,0.9843421038240194
2035,0.9386999979615211,2035,0.9657333344221115,0.9842684213072062
2036,0.9387631565332413,2036,0.9655111096799374,0.9838368408381939
2037,0.9388842098414898,2037,0.9652444422245026,0.9839894734323025
2038,0.9391421042382717,2038,0.9648888893425465,0.9844263149425387
2039,0.9390210509300232,2039,0.9647777788341045,0.9842947367578745
2040,0.9393684193491936,2040,0.9646222218871117,0.9839526303112507
2041,0.9393736831843853,2041,0.9645111113786697,0.9841473679989576
2042,0.9394631572067738,2042,0.9644888900220394,0.9840263146907091
2043,0.939905259758234,2043,0.9642000012099743,0.9843684211373329
2044,0.9401368387043476,2044,0.9640888869762421,0.9846368413418531
2045,0.9401526302099228,2045,0.9639999978244305,0.9839210528880358
2046,0.940247368067503,2046,0.9638888873159885,0.9839631579816341
2047,0.9400684200227261,2047,0.963733334094286,0.9842315781861544
2048,0.9401105232536793,2048,0.9635333344340324,0.9842315781861544
2049,0.9402210488915443,2049,0.963177777826786,0.9841263145208359
2050,0.9405789449810982,2050,0.962733332067728,0.9840157888829708
2051,0.9406842067837715,2051,0.9625777788460255,0.9836315792053938
2052,0.9409157857298851,2052,0.9623777791857719,0.9843999994918704
2053,0.9411526285111904,2053,0.9620222225785255,0.9840578939765692
2054,0.9411894716322422,2054,0.9617333337664604,0.984173683449626
2055,0.9411210492253304,2055,0.9613999985158443,0.9843368418514729
2056,0.9412947334349155,2056,0.9611111097037792,0.9842263143509626
2057,0.9414473660290241,2057,0.960933331400156,0.9843736831098795
2058,0.9416368417441845,2058,0.9606444425880909,0.9841263145208359
2059,0.9421105235815048,2059,0.9605111107230186,0.9842894729226828
2060,0.9422894716262817,2060,0.9603777788579464,0.9843526314944029
2061,0.942363154143095,2061,0.9603555537760258,0.9844894735142589
2062,0.942573681473732,2062,0.9602666646242142,0.9841263145208359
2063,0.9425947330892086,2063,0.9600222222507,0.9842631574720144
2064,0.9427157863974571,2064,0.9598222225904465,0.9838105253875256
2065,0.9429684206843376,2065,0.9595999978482723,0.984284209087491
2066,0.9430684186518192,2066,0.9596666656434536,0.9841789472848177
2067,0.9432052597403526,2067,0.9594444446265697,0.9843842098489404
2068,0.9433052614331245,2068,0.9591555558145046,0.9837526306509972
2069,0.9435736835002899,2069,0.9589999988675117,0.9837789461016655
2070,0.9435157887637615,2070,0.9591111093759537,0.9841631576418877
2071,0.9437684193253517,2071,0.959066666662693,0.9844894735142589
2072,0.9439315758645535,2072,0.9587999992072582,0.984494736418128
2073,0.9440684206783772,2073,0.9585333317518234,0.9840631578117609
2074,0.9440999999642372,2074,0.9582666680216789,0.9839736837893724
2075,0.9443210512399673,2075,0.958222221583128,0.9843157883733511
2076,0.944905262440443,2076,0.958111111074686,0.9842526316642761
2077,0.9450368396937847,2077,0.9578000009059906,0.9841684196144342
2078,0.9452631548047066,2078,0.957711111754179,0.9840578939765692
2079,0.9456157870590687,2079,0.9576000012457371,0.9840789474546909
2080,0.9457842074334621,2080,0.9574888870120049,0.9838631581515074
2081,0.9459526315331459,2081,0.9573999978601933,0.9845421044155955
2082,0.9462578929960728,2082,0.9575111120939255,0.9838789459317923
2083,0.9464052617549896,2083,0.9574666656553745,0.9844157891348004
2084,0.9465578943490982,2084,0.9574444442987442,0.9843999994918704
2085,0.9469526298344135,2085,0.9575555548071861,0.9842789471149445
2086,0.9469157867133617,2086,0.9573555551469326,0.9840368423610926
2087,0.9471789449453354,2087,0.957266665995121,0.9840105250477791
2088,0.9473263137042522,2088,0.9573555551469326,0.9843052625656128
2089,0.9477157890796661,2089,0.957266665995121,0.9840368423610926
2090,0.9480052627623081,2090,0.9570222198963165,0.9840684197843075
2091,0.9482894726097584,2091,0.9569777771830559,0.9844368416815996
2092,0.9484789445996284,2092,0.956755556166172,0.9842368420213461
2093,0.9488052614033222,2093,0.956355556845665,0.9837684202939272
2094,0.9487999975681305,2094,0.9560888893902302,0.9844315787777305
2095,0.948999997228384,2095,0.955866664648056,0.983578946441412
2096,0.9491157867014408,2096,0.9555111117660999,0.984173683449626
2097,0.9492947347462177,2097,0.9552888870239258,0.983899999409914
2098,0.9494736827909946,2098,0.9551111124455929,0.9840052630752325
2099,0.9495894722640514,2099,0.9549777768552303,0.9845999991521239
2100,0.9496578946709633,2100,0.9550444446504116,0.9842315781861544
2101,0.9497578926384449,2101,0.9550444446504116,0.9841105248779058
2102,0.9495842084288597,2102,0.9550666660070419,0.9844157891348004
2103,0.9497473649680614,2103,0.9549111090600491,0.984478946775198
2104,0.9497631564736366,2104,0.9547111093997955,0.9843789469450712
2105,0.949689470231533,2105,0.9546222202479839,0.984284209087491
2106,0.9498368389904499,2106,0.9547777771949768,0.9846263155341148
2107,0.9499421045184135,2107,0.9548222199082375,0.9841210525482893
2108,0.9499473683536053,2108,0.9546444453299046,0.9841052629053593
2109,0.9499526284635067,2109,0.9542888887226582,0.9842684213072062
2110,0.9500210508704185,2110,0.9543777778744698,0.9840842094272375
2111,0.9500263147056103,2111,0.9543777778744698,0.983789473772049
2112,0.950031578540802,2112,0.9543111100792885,0.9847210524603724
2113,0.9501947350800037,2113,0.9541999995708466,0.9840631578117609
2114,0.9502631574869156,2114,0.9539555534720421,0.9842210523784161
2115,0.9503684192895889,2115,0.9536888897418976,0.9841789472848177
2116,0.950642105191946,2116,0.953555554151535,0.9840999990701675
2117,0.950610525906086,2117,0.9534666649997234,0.9841789472848177
2118,0.9508052617311478,2118,0.9531777761876583,0.9841684196144342
2119,0.9510368406772614,2119,0.9531333334743977,0.9846842102706432
2120,0.9511473663151264,2120,0.9530222229659557,0.9837526306509972
2121,0.9512263126671314,2121,0.9528666660189629,0.983994735404849
2122,0.9513421021401882,2122,0.95271110907197,0.9842157885432243
2123,0.9516421034932137,2123,0.9526222199201584,0.9839789476245642
2124,0.9517631568014622,2124,0.9520888887345791,0.9842263143509626
2125,0.9519684202969074,2125,0.9518666677176952,0.983594736084342
2126,0.9522105231881142,2126,0.9519111104309559,0.984478946775198
2127,0.9522578939795494,2127,0.951755553483963,0.9845684207975864
2128,0.9525157883763313,2128,0.9514666646718979,0.9841842092573643
2129,0.9526736810803413,2129,0.9513777755200863,0.9842789471149445
2130,0.9528368413448334,2130,0.9512000009417534,0.9841947369277477
2131,0.9528210498392582,2131,0.9510222226381302,0.9842526316642761
2132,0.952968418598175,2132,0.9507333338260651,0.9837631564587355
2133,0.9530631564557552,2133,0.9506888873875141,0.9842947367578745
2134,0.9533578939735889,2134,0.9506666660308838,0.9840999990701675
2135,0.953515786677599,2135,0.9507555551826954,0.9842894729226828
2136,0.9536263160407543,2136,0.9507111087441444,0.984631578437984
2137,0.9535684213042259,2137,0.9505777768790722,0.9839894734323025
2138,0.9535631574690342,2138,0.9502666667103767,0.984173683449626
2139,0.9537315778434277,2139,0.9500222206115723,0.984284209087491
2140,0.9539315775036812,2140,0.9501333311200142,0.984205262735486
2141,0.953968420624733,2141,0.9500222206115723,0.9840315785259008
2142,0.9542421028017998,2142,0.9497999995946884,0.9841526318341494
2143,0.9543421044945717,2143,0.9497555531561375,0.9841210525482893
2144,0.9543894715607166,2144,0.9494666643440723,0.9840210527181625
2145,0.9545631557703018,2145,0.9493555538356304,0.9840526301413774
2146,0.9545999988913536,2146,0.9491333328187466,0.9843842098489404
2147,0.954705260694027,2147,0.9490222223103046,0.9850526312366128
2148,0.9547263160347939,2148,0.9488888867199421,0.9844263149425387
2149,0.9547578915953636,2149,0.9488888867199421,0.9840105250477791
2150,0.9548421055078506,2150,0.9488222226500511,0.9835105258971453
2151,0.9548631571233273,2151,0.9483555555343628,0.9838421046733856
2152,0.954947367310524,2152,0.9483555555343628,0.9845315786078572
2153,0.9549947343766689,2153,0.9483555555343628,0.9842421039938927
2154,0.9550157897174358,2154,0.9483555555343628,0.9843999994918704
2155,0.9549999982118607,2155,0.9481999985873699,0.9836368411779404
2156,0.954947367310524,2156,0.9481777772307396,0.983578946441412
2157,0.9549947343766689,2157,0.9482222199440002,0.9841526318341494
2158,0.9549894705414772,2158,0.9481111094355583,0.9845842104405165
2159,0.9551947340369225,2159,0.9481333345174789,0.9842789471149445
2160,0.9552210494875908,2160,0.9480222202837467,0.9840631578117609
2161,0.9553894735872746,2161,0.9475333318114281,0.9841526318341494
2162,0.9555684179067612,2162,0.9474666677415371,0.9842526316642761
2163,0.9555894732475281,2163,0.9475999996066093,0.9842631574720144
2164,0.9557052627205849,2164,0.9473333321511745,0.9847631575539708
2165,0.9555789455771446,2165,0.9474666677415371,0.9842789471149445
2166,0.9557263143360615,2166,0.9472666643559933,0.9837631564587355
2167,0.9557368420064449,2167,0.9470666646957397,0.984663157723844
2168,0.9556789472699165,2168,0.9471555538475513,0.9845526311546564
2169,0.9556999988853931,2169,0.9471111111342907,0.9835894722491503
2170,0.9556999988853931,2170,0.9469333328306675,0.983994735404849
2171,0.9557578936219215,2171,0.9468000009655952,0.9841789472848177
2172,0.9557842090725899,2172,0.946622222661972,0.9842526316642761
2173,0.9557947367429733,2173,0.9463999979197979,0.9843052625656128
2174,0.9557526297867298,2174,0.9460666663944721,0.9840157888829708
2175,0.9556631557643414,2175,0.9462444446980953,0.9846105258911848
2176,0.9555526301264763,2176,0.946222223341465,0.9845736837014556
2177,0.955768421292305,2177,0.9461555555462837,0.9845736837014556
2178,0.9558315761387348,2178,0.946222223341465,0.9841578938066959
2179,0.9557842090725899,2179,0.9460444450378418,0.9843157883733511
2180,0.9559368416666985,2180,0.9457999989390373,0.9845210518687963
2181,0.9558789469301701,2181,0.9457111097872257,0.9842947367578745
2182,0.9558052606880665,2182,0.9455333314836025,0.9835631567984819
2183,0.9558157883584499,2183,0.9455333314836025,0.9840210527181625
2184,0.955636840313673,2184,0.9453555531799793,0.9841684196144342
2185,0.9556210525333881,2185,0.9453999996185303,0.9844368416815996
2186,0.9555368423461914,2186,0.9454666674137115,0.9841473679989576
2187,0.9555789455771446,2187,0.9455111101269722,0.9841368421912193
2188,0.9556210525333881,2188,0.9456888884305954,0.9844526313245296
2189,0.9555789455771446,2189,0.9455111101269722,0.9840789474546909
2190,0.9554947353899479,2190,0.9453111104667187,0.9838263150304556
2191,0.9553052634000778,2191,0.945266667753458,0.9839368406683207
2192,0.9553052634000778,2192,0.9453111104667187,0.9840631578117609
2193,0.955236840993166,2193,0.9453555531799793,0.983805263414979
2194,0.9550789445638657,2194,0.9452222213149071,0.9842263143509626
2195,0.9550631567835808,2195,0.9449111111462116,0.9847578946501017
2196,0.9550315774977207,2196,0.9450444430112839,0.9843789469450712
2197,0.9550947360694408,2197,0.9448888897895813,0.9840631578117609
2198,0.9550736844539642,2198,0.9449111111462116,0.9836736842989922
2199,0.9548368416726589,2199,0.9450666643679142,0.9839052632451057
2200,0.954736839979887,2200,0.9450000002980232,0.9844842096790671
2201,0.9545631557703018,2201,0.9449555538594723,0.9843999994918704
2202,0.9544052630662918,2202,0.9447333328425884,0.983610525727272
2203,0.9543842077255249,2203,0.9448222219944,0.9844210520386696
2204,0.9542999975383282,2204,0.9449777789413929,0.9835736844688654
2205,0.9542157873511314,2205,0.9449111111462116,0.9841368421912193
2206,0.9541789442300797,2206,0.9449555538594723,0.9839684199541807
2207,0.9539157897233963,2207,0.9450000002980232,0.9848684202879667
2208,0.9538526311516762,2208,0.9450666643679142,0.984494736418128
2209,0.9537473656237125,2209,0.9451555535197258,0.9842157885432243
2210,0.9536578916013241,2210,0.9450888894498348,0.9839263148605824
2211,0.9534999988973141,2211,0.9450000002980232,0.9834842104464769
2212,0.9533631578087807,2212,0.9449555538594723,0.9837684202939272
2213,0.9533263146877289,2213,0.9448444433510303,0.9842210523784161
2214,0.9533421024680138,2214,0.9448888897895813,0.9842210523784161
2215,0.9532631561160088,2215,0.944933332502842,0.983899999409914
2216,0.9531315788626671,2216,0.9448444433510303,0.9844210520386696
2217,0.9529578946530819,2217,0.9446000009775162,0.9842315781861544
2218,0.9527263157069683,2218,0.9445333331823349,0.9840421043336391
2219,0.9528368413448334,2219,0.9442666657269001,0.9842368420213461
2220,0.9526421055197716,2220,0.9441999979317188,0.9839578941464424
2221,0.9525894708931446,2221,0.9442222230136395,0.9835105258971453
2222,0.9524421021342278,2222,0.9440222233533859,0.9840999990701675
2223,0.9520578943192959,2223,0.9440666660666466,0.9841578938066959
2224,0.9518157877027988,2224,0.9437777772545815,0.9844842096790671
2225,0.9517842084169388,2225,0.9437777772545815,0.9843999994918704
2226,0.9517105259001255,2226,0.943866666406393,0.9842421039938927
2227,0.9513947367668152,2227,0.943977776914835,0.9844368416815996
2228,0.9511473663151264,2228,0.9438888877630234,0.9839631579816341
2229,0.9509842097759247,2229,0.9440888874232769,0.9848263151943684
2230,0.9508052617311478,2230,0.9440444447100163,0.9838578943163157
2231,0.950557891279459,2231,0.9441111087799072,0.9842263143509626
2232,0.9504368416965008,2232,0.9442666657269001,0.9843421038240194
2233,0.9503157883882523,2233,0.9441777765750885,0.9840105250477791
2234,0.9502526298165321,2234,0.9440666660666466,0.9843947365880013
2235,0.9501315765082836,2235,0.9437111094594002,0.9847736833617091
2236,0.9500210508704185,2236,0.9437555558979511,0.9840789474546909
2237,0.950031578540802,2237,0.9437333345413208,0.9842368420213461
2238,0.9498736821115017,2238,0.9437333345413208,0.984189473092556
2239,0.9498052597045898,2239,0.9434444420039654,0.9844105262309313
2240,0.9497578926384449,2240,0.9433111101388931,0.9841684196144342
2241,0.9496736824512482,2241,0.9433999992907047,0.9842578936368227
2242,0.9495684206485748,2242,0.9433333314955235,0.983884209766984
2243,0.949421051889658,2243,0.9435555562376976,0.9840789474546909
2244,0.949289470911026,2244,0.9434444420039654,0.9843578934669495
2245,0.9491947367787361,2245,0.9433555565774441,0.9839052632451057
2246,0.949131578207016,2246,0.9436444453895092,0.9847631575539708
2247,0.9490578919649124,2247,0.9435999989509583,0.9841789472848177
2248,0.9489263147115707,2248,0.9433999992907047,0.9843052625656128
2249,0.948921050876379,2249,0.9431333318352699,0.9842894729226828
2250,0.948552630841732,2250,0.944422222673893,0.9839210528880358
2251,0.9345999956130981,2251,0.9734666664153337,0.9843052625656128
2252,0.934536837041378,2252,0.9730222225189209,0.983578946441412
2253,0.9344368427991867,2253,0.9726444445550442,0.9837578944861889
2254,0.9345526322722435,2254,0.9723777770996094,0.9838473685085773
2255,0.9344947338104248,2255,0.9720222223550081,0.9838210511952639
2256,0.9343894720077515,2256,0.9717999994754791,0.9837947357445955
2257,0.9344157874584198,2257,0.9716666657477617,0.9837263152003288
2258,0.9345631524920464,2258,0.971511110663414,0.9843263160437346
2259,0.9346315786242485,2259,0.9713111110031605,0.9838421046733856
2260,0.9345894679427147,2260,0.9712000004947186,0.9839368406683207
2261,0.9345052614808083,2261,0.9708444438874722,0.984205262735486
2262,0.934621050953865,2262,0.9704666659235954,0.9843578934669495
2263,0.9345526322722435,2263,0.9700888879597187,0.9845263157039881
2264,0.9347736835479736,2264,0.9697999991476536,0.9838736839592457
2265,0.9346631541848183,2265,0.9692888893187046,0.9849315788596869
2266,0.9349000006914139,2266,0.9689111113548279,0.9841631576418877
2267,0.9348473697900772,2267,0.9688222222030163,0.9842473678290844
2268,0.9347421005368233,2268,0.9686444438993931,0.9841157887130976
2269,0.9347315803170204,2269,0.9683111123740673,0.9842210523784161
2270,0.9348684176802635,2270,0.96791110932827,0.9846052629873157
2271,0.9347947314381599,2271,0.9676444455981255,0.984189473092556
2272,0.9351263120770454,2272,0.9674222208559513,0.9843578934669495
2273,0.9351736828684807,2273,0.9671555534005165,0.9843947365880013
2274,0.9352210536599159,2274,0.9669111110270023,0.9836736842989922
2275,0.9351052641868591,2275,0.9666666649281979,0.9839789476245642
2276,0.934957891702652,2276,0.9663333334028721,0.9842684213072062
2277,0.9347842112183571,2277,0.9659777767956257,0.9844052623957396
2278,0.9346526265144348,2278,0.9658222235739231,0.9840526301413774
2279,0.9346789419651031,2279,0.9657333344221115,0.9837578944861889
2280,0.9351315796375275,2280,0.9653999991714954,0.9842526316642761
2281,0.9352947324514389,2281,0.9651555567979813,0.9836473669856787
2282,0.9351894706487656,2282,0.9647555537521839,0.9840315785259008
2283,0.9351842105388641,2283,0.9645555540919304,0.9843684211373329
2284,0.9350894689559937,2284,0.9642888866364956,0.9840157888829708
2285,0.9350894689559937,2285,0.9642000012099743,0.9841947369277477
2286,0.9349736794829369,2286,0.9639999978244305,0.9840999990701675
2287,0.9349842071533203,2287,0.963688887655735,0.9846263155341148
2288,0.9350842088460922,2288,0.9633999988436699,0.9843894727528095
2289,0.9352631568908691,2289,0.9630666673183441,0.9842947367578745
2290,0.9353789463639259,2290,0.962733332067728,0.9847736833617091
2291,0.9351105242967606,2291,0.9625111110508442,0.9843421038240194
2292,0.9350789487361908,2292,0.9624000005424023,0.9837421048432589
2293,0.9349947348237038,2293,0.9621111117303371,0.9843842098489404
2294,0.9349368363618851,2294,0.9619777761399746,0.9844894735142589
2295,0.9348631575703621,2295,0.961822222918272,0.9843473676592112
2296,0.9349421039223671,2296,0.9615999981760979,0.9840052630752325
2297,0.9348894730210304,2297,0.9616222232580185,0.9838315788656473
2298,0.9347894713282585,2298,0.961488887667656,0.984494736418128
2299,0.9348526298999786,2299,0.961422223597765,0.984173683449626
2300,0.9350105226039886,2300,0.9611333310604095,0.9843210522085428
2301,0.9350157901644707,2301,0.9610666669905186,0.9843736831098795
2302,0.9350263103842735,2302,0.9607333317399025,0.9845157889649272
2303,0.9350105226039886,2303,0.9606666676700115,0.9844999993219972
2304,0.9350578933954239,2304,0.9605555534362793,0.9841842092573643
2305,0.9351420998573303,2305,0.9602444432675838,0.9838157892227173
2306,0.9351789429783821,2306,0.9598888866603374,0.9842526316642761
2307,0.9353789463639259,2307,0.9594888873398304,0.9839736837893724
2308,0.9355368390679359,2308,0.9592222236096859,0.9848736841231585
2309,0.9356315732002258,2309,0.9588444456458092,0.9837842099368572
2310,0.9358368366956711,2310,0.9588666670024395,0.9843315780162811
2311,0.9358052611351013,2311,0.958555556833744,0.9840368423610926
2312,0.9358157888054848,2312,0.9581555537879467,0.9843368418514729
2313,0.9359894692897797,2313,0.9580222219228745,0.9840473681688309
2314,0.9361315742135048,2314,0.9578444436192513,0.9840368423610926
2315,0.9362473636865616,2315,0.957711111754179,0.9838157892227173
2316,0.936436839401722,2316,0.9574444442987442,0.9837526306509972
2317,0.9364894703030586,2317,0.9572444446384907,0.9839736837893724
2318,0.9365631565451622,2318,0.9571999981999397,0.984663157723844
2319,0.9366526305675507,2319,0.9571555554866791,0.9843947365880013
2320,0.9367631524801254,2320,0.9570222198963165,0.9839684199541807
2321,0.9368894696235657,2321,0.9569777771830559,0.9840736836194992
2322,0.9368105232715607,2322,0.9567111097276211,0.9837052617222071
2323,0.936999998986721,2323,0.9566222205758095,0.9840789474546909
2324,0.9373105242848396,2324,0.9566888883709908,0.9840157888829708
2325,0.9375315755605698,2325,0.9565333314239979,0.9843842098489404
2326,0.9376157857477665,2326,0.9564666673541069,0.9841368421912193
2327,0.9377894699573517,2327,0.9563999995589256,0.9844157891348004
2328,0.9379210509359837,2328,0.9561999998986721,0.9843210522085428
2329,0.9384368397295475,2329,0.9563333317637444,0.9846789464354515
2330,0.9387105256319046,2330,0.9562444426119328,0.9841263145208359
2331,0.9389894716441631,2331,0.9561999998986721,0.9844684209674597
2332,0.9392684176564217,2332,0.9561555534601212,0.9843631573021412
2333,0.9392684176564217,2333,0.9561999998986721,0.9842999987304211
2334,0.9396052621304989,2334,0.9562444426119328,0.9847421050071716
2335,0.9398368410766125,2335,0.9560888893902302,0.9846421051770449
2336,0.9400842078030109,2336,0.9561555534601212,0.9840473681688309
2337,0.9403210505843163,2337,0.9560444429516792,0.9837105255573988
2338,0.9405526295304298,2338,0.955800000578165,0.9840105250477791
2339,0.9408368393778801,2339,0.9556222222745419,0.9843421038240194
2340,0.9409631565213203,2340,0.955400001257658,0.9843052625656128
2341,0.941226314753294,2341,0.955466665327549,0.9839368406683207
2342,0.9415210522711277,2342,0.955400001257658,0.9837999995797873
2343,0.9415368400514126,2343,0.9553111121058464,0.9847210524603724
2344,0.9419052600860596,2344,0.9551333338022232,0.9846421051770449
2345,0.9422157891094685,2345,0.9548666663467884,0.9842789471149445
2346,0.9424789436161518,2346,0.9548888877034187,0.9842631574720144
2347,0.9425999969244003,2347,0.9547333344817162,0.9846947360783815
2348,0.9429684206843376,2348,0.9545333310961723,0.9840736836194992
2349,0.9433789439499378,2349,0.954111110419035,0.9837947357445955
2350,0.9435263127088547,2350,0.9539111107587814,0.9841210525482893
2351,0.9437210522592068,2351,0.953666664659977,0.9840368423610926
2352,0.9440157860517502,2352,0.9536444433033466,0.9843789469450712
2353,0.9442368410527706,2353,0.953555554151535,0.9842631574720144
2354,0.9445894733071327,2354,0.9533333331346512,0.9843947365880013
2355,0.9447368420660496,2355,0.9530444443225861,0.9844842096790671
2356,0.9449315778911114,2356,0.9529333338141441,0.9839368406683207
2357,0.9450263157486916,2357,0.9532444439828396,0.983884209766984
2358,0.9452473670244217,2358,0.953155554831028,0.9839421045035124
2359,0.9455842077732086,2359,0.9530666656792164,0.9845631569623947
2360,0.9457526281476021,2360,0.9532222226262093,0.9840842094272375
2361,0.9460789449512959,2361,0.9529777765274048,0.9844526313245296
2362,0.9464368410408497,2362,0.9530444443225861,0.9840157888829708
2363,0.9465684182941914,2363,0.9529333338141441,0.9844578942283988
2364,0.9467894732952118,2364,0.9528444446623325,0.9840631578117609
2365,0.9471052624285221,2365,0.9527999982237816,0.9838157892227173
2366,0.947252631187439,2366,0.9525555558502674,0.9844315787777305
2367,0.9475894719362259,2367,0.9523999989032745,0.9845736837014556
2368,0.9478315785527229,2368,0.9522666670382023,0.9844421045854688
2369,0.9481105245649815,2369,0.9521333314478397,0.984189473092556
2370,0.9483052603900433,2370,0.9521333314478397,0.9836842101067305
2371,0.9484578929841518,2371,0.9520666673779488,0.9841947369277477
2372,0.9487421028316021,2372,0.9520666673779488,0.9841999989002943
2373,0.9489473663270473,2373,0.9518444426357746,0.984647368080914
2374,0.9490578919649124,2374,0.9518222212791443,0.983884209766984
2375,0.9493052624166012,2375,0.9514888897538185,0.9842894729226828
2376,0.9494894705712795,2376,0.9514000006020069,0.9842684213072062
2377,0.9497210495173931,2377,0.9514000006020069,0.9841157887130976
2378,0.9500052630901337,2378,0.9510444439947605,0.9840210527181625
2379,0.9502263143658638,2379,0.9505777768790722,0.9843842098489404
2380,0.9504421018064022,2380,0.9504888877272606,0.984284209087491
2381,0.9506684206426144,2381,0.9502444453537464,0.9843157883733511
2382,0.9508842080831528,2382,0.9501555562019348,0.9836421050131321
2383,0.9508736841380596,2383,0.9499777778983116,0.983789473772049
2384,0.9510210491716862,2384,0.9499333314597607,0.9845210518687963
2385,0.9512263126671314,2385,0.9496444426476955,0.9849999994039536
2386,0.95137894526124,2386,0.9496444426476955,0.9841210525482893
2387,0.9516052603721619,2387,0.9494666643440723,0.983994735404849
2388,0.9518684186041355,2388,0.9493111111223698,0.9840473681688309
2389,0.9520263150334358,2389,0.9492000006139278,0.9840157888829708
2390,0.952168419957161,2390,0.9490666650235653,0.9844842096790671
2391,0.9522315785288811,2391,0.9490222223103046,0.9840736836194992
2392,0.9523473680019379,2392,0.948533333837986,0.9844473674893379
2393,0.9525368399918079,2393,0.948599997907877,0.9843947365880013
2394,0.9526947364211082,2394,0.9485777765512466,0.9844210520386696
2395,0.9528421051800251,2395,0.9482666663825512,0.9845999991521239
2396,0.9528684206306934,2396,0.9480444453656673,0.9842526316642761
2397,0.9530894719064236,2397,0.9477555565536022,0.9843421038240194
2398,0.9532052613794804,2398,0.9475555531680584,0.9844421045854688
2399,0.9532368406653404,2399,0.9475111104547977,0.9838894736021757
2400,0.9533684179186821,2400,0.9474222213029861,0.9846105258911848
2401,0.9535684213042259,2401,0.9474222213029861,0.9841368421912193
2402,0.9536947347223759,2402,0.947177778929472,0.9841105248779058
2403,0.9539105258882046,2403,0.947177778929472,0.9840842094272375
2404,0.9540315791964531,2404,0.9473333321511745,0.9846105258911848
2405,0.9539210498332977,2405,0.9473333321511745,0.9845263157039881
2406,0.9540684185922146,2406,0.947177778929472,0.9843368418514729
2407,0.9540368393063545,2407,0.947133332490921,0.9847894730046391
2408,0.9541052617132664,2408,0.9470222219824791,0.9845368415117264
2409,0.9541421048343182,2409,0.9467777758836746,0.9841315783560276
2410,0.9542157873511314,2410,0.9468222223222256,0.9846210516989231
2411,0.954289473593235,2411,0.946733333170414,0.9842684213072062
2412,0.9544684179127216,2412,0.946622222661972,0.9841789472848177
2413,0.9545947350561619,2413,0.9464666657149792,0.9840999990701675
2414,0.9546736814081669,2414,0.9463777765631676,0.9844684209674597
2415,0.9547842107713223,2415,0.9462444446980953,0.9834473673254251
2416,0.9547736831009388,2416,0.9461999982595444,0.9841684196144342
2417,0.954815786331892,2417,0.9461333341896534,0.9847263153642416
2418,0.954868420958519,2418,0.9461555555462837,0.9843263160437346
2419,0.9550526291131973,2419,0.9460222199559212,0.9841157887130976
2420,0.9550157897174358,2420,0.945733331143856,0.9843736831098795
2421,0.9550684206187725,2421,0.945733331143856,0.9840842094272375
2422,0.9551421031355858,2422,0.9455999992787838,0.9841421041637659
2423,0.9554526284337044,2423,0.9453555531799793,0.984189473092556
2424,0.9554421044886112,2424,0.9454888887703419,0.9840052630752325
2425,0.9553578943014145,2425,0.9456666670739651,0.9838157892227173
2426,0.9553999975323677,2426,0.9456222206354141,0.9837473686784506
2427,0.9553789459168911,2427,0.9455777779221535,0.983868420124054
2428,0.955526314675808,2428,0.9456444419920444,0.9843631573021412
2429,0.9555315785109997,2429,0.9455333314836025,0.9839736837893724
2430,0.9555947370827198,2430,0.9454666674137115,0.9841684196144342
2431,0.9556789472699165,2431,0.9453555531799793,0.9838736839592457
2432,0.9555999971926212,2432,0.9452888891100883,0.9840157888829708
2433,0.9557210505008698,2433,0.9451333321630955,0.9841842092573643
2434,0.9557736814022064,2434,0.9449777789413929,0.9843947365880013
2435,0.9557631574571133,2435,0.944933332502842,0.9841947369277477
2436,0.9555789455771446,2436,0.944933332502842,0.9844684209674597
2437,0.9555473662912846,2437,0.9447555541992188,0.9844210520386696
2438,0.955447368323803,2438,0.9447333328425884,0.984478946775198
2439,0.9554631561040878,2439,0.9445333331823349,0.9842526316642761
2440,0.9553894735872746,2440,0.9446222223341465,0.9843684211373329
2441,0.9553999975323677,2441,0.9447111114859581,0.9833631571382284
2442,0.9553421027958393,2442,0.9446000009775162,0.9841789472848177
2443,0.9552421048283577,2443,0.9444444440305233,0.9839421045035124
2444,0.9551157876849174,2444,0.9443555548787117,0.9840210527181625
2445,0.9550368413329124,2445,0.9442666657269001,0.9836157895624638
2446,0.9550315774977207,2446,0.9441777765750885,0.9838947355747223
2447,0.9551105238497257,2447,0.9442444443702698,0.9843421038240194
2448,0.9550315774977207,2448,0.9441111087799072,0.9838526304811239
2449,0.9548842087388039,2449,0.9439999982714653,0.9842789471149445
2450,0.9549526311457157,2450,0.9440222233533859,0.9840157888829708
2451,0.9547999985516071,2451,0.9437999986112118,0.9838894736021757
2452,0.9546526297926903,2452,0.9436444453895092,0.984494736418128
2453,0.9545526318252087,2453,0.943866666406393,0.9842368420213461
2454,0.9544578939676285,2454,0.9437555558979511,0.984189473092556
2455,0.9543421044945717,2455,0.9438444450497627,0.9840999990701675
2456,0.9542789459228516,2456,0.9440888874232769,0.9838526304811239
2457,0.9540947340428829,2457,0.9440888874232769,0.9842210523784161
2458,0.9540526308119297,2458,0.9439111091196537,0.9841947369277477
2459,0.9539105258882046,2459,0.9437333345413208,0.9836473669856787
2460,0.9538894705474377,2460,0.9436666667461395,0.9841210525482893
2461,0.9537631571292877,2461,0.9435777775943279,0.9839894734323025
2462,0.9537157863378525,2462,0.9439111091196537,0.984284209087491
2463,0.9536210522055626,2463,0.9440444447100163,0.9841263145208359
2464,0.9535526297986507,2464,0.9441333338618279,0.9844052623957396
2465,0.9534473679959774,2465,0.9441555552184582,0.9848842099308968
2466,0.9533473663032055,2466,0.9441555552184582,0.9842631574720144
2467,0.9531157873570919,2467,0.9441777765750885,0.9842894729226828
2468,0.9530263133347034,2468,0.9440222233533859,0.9840315785259008
2469,0.9529052600264549,2469,0.9437555558979511,0.9837631564587355
2470,0.9527315758168697,2470,0.9439111091196537,0.9845999991521239
2471,0.9527421034872532,2471,0.9440222233533859,0.9841631576418877
2472,0.9527157880365849,2472,0.9441999979317188,0.9839052632451057
2473,0.9526736810803413,2473,0.9442888870835304,0.984173683449626
2474,0.9525315761566162,2474,0.9442444443702698,0.9838105253875256
2475,0.9523368403315544,2475,0.9440666660666466,0.9841947369277477
2476,0.9522578939795494,2476,0.9441555552184582,0.9840368423610926
2477,0.9521736837923527,2477,0.9441111087799072,0.9837157893925905
2478,0.9519684202969074,2478,0.9440444447100163,0.9840473681688309
2479,0.9517736807465553,2479,0.9440444447100163,0.9845578940585256
2480,0.9516473673284054,2480,0.9440222233533859,0.9838368408381939
2481,0.95137894526124,2481,0.9440888874232769,0.9843315780162811
2482,0.9514473676681519,2482,0.9441555552184582,0.9838421046733856
2483,0.9510999992489815,2483,0.943977776914835,0.984284209087491
2484,0.9509421028196812,2484,0.9439555555582047,0.9839368406683207
2485,0.9509947337210178,2485,0.9441999979317188,0.9843999994918704
2486,0.9508947357535362,2486,0.9440888874232769,0.9843684211373329
2487,0.950689472258091,2487,0.9440666660666466,0.9842894729226828
2488,0.950478944927454,2488,0.9440666660666466,0.984094737097621
2489,0.950431577861309,2489,0.9442666657269001,0.9840894732624292
2490,0.9502578936517239,2490,0.943977776914835,0.9842368420213461
2491,0.9500421024858952,2491,0.9437111094594002,0.9841578938066959
2492,0.9498578943312168,2492,0.9438444450497627,0.9839999992400408
2493,0.9495421051979065,2493,0.9437111094594002,0.9840210527181625
2494,0.9494052603840828,2494,0.9436888881027699,0.9839315786957741
2495,0.9493263140320778,2495,0.9437111094594002,0.9843578934669495
2496,0.9492421038448811,2496,0.9437999986112118,0.9839526303112507
2497,0.9490631558001041,2497,0.9440222233533859,0.9844842096790671
2498,0.9489894732832909,2498,0.9439111091196537,0.9839210528880358
2499,0.9489894732832909,2499,0.943866666406393,0.9849052624776959
