,bpr_unbiased_uncalibrated,round,bpr_unbiased_calibrated,random_uncalibrated
0,0.62144535779953,0,0.5865195095539093,0.7812004864215851
1,0.6230250179767609,1,0.6236379384994507,0.7853885293006897
2,0.6019355177879333,2,0.6386311888694763,0.7852183640003204
3,0.6020851969718933,3,0.6451387941837311,0.7638825237751007
4,0.6015563488006592,4,0.6387228667736053,0.7573380053043366
5,0.6033093392848968,5,0.6417264044284821,0.7514993846416473
6,0.6108399629592896,6,0.6407212078571319,0.7851332485675812
7,0.6096361935138702,7,0.6401986420154572,0.7818907260894775
8,0.6089588463306427,8,0.6417669177055358,0.8085458278656006
9,0.6094175279140472,9,0.6433362841606141,0.7512439548969269
10,0.6094175279140472,10,0.644428163766861,0.7530495941638946
11,0.6110917091369629,11,0.6435975909233094,0.7795782089233398
12,0.6111487746238708,12,0.6460039615631104,0.7564128816127778
13,0.6104808926582337,13,0.6460039615631104,0.7665755748748779
14,0.610306853055954,14,0.6460039615631104,0.7865294754505158
15,0.6101051032543182,15,0.6452970981597901,0.8040616810321808
16,0.6093861401081085,16,0.6466028928756714,0.7655776262283325
17,0.6153193056583405,17,0.6449925005435944,0.7783480286598206
18,0.6176897883415222,18,0.6449925005435944,0.7589072346687317
19,0.6172708928585052,19,0.645197081565857,0.7757784128189087
20,0.6210241436958313,20,0.6589885890483856,0.7761574506759643
21,0.62232865691185,21,0.6632231652736664,0.7637488782405853
22,0.623802924156189,22,0.6643598794937133,0.7674452543258667
23,0.6177747011184692,23,0.6667620301246643,0.7947112858295441
24,0.6167960226535797,24,0.6667610883712769,0.8013816237449646
25,0.6183449447154998,25,0.6702673077583313,0.7510480105876922
26,0.6173839390277862,26,0.6702678442001343,0.7754694938659668
27,0.6183021664619446,27,0.6718054473400116,0.7887361347675323
28,0.6185598194599151,28,0.6730992376804352,0.7429114162921906
29,0.6172900557518005,29,0.6730992376804352,0.7959151685237884
30,0.6169548809528351,30,0.6679836273193359,0.7772007584571838
31,0.6167973399162292,31,0.6679839968681336,0.7993921577930451
32,0.6179996609687806,32,0.6677148640155792,0.7758978486061097
33,0.6223141312599182,33,0.6666791141033173,0.7493571639060974
34,0.6223141312599182,34,0.6666791141033173,0.7664606690406799
35,0.6215668559074402,35,0.6720913946628571,0.7869494795799256
36,0.6215668559074402,36,0.6737196564674377,0.7820078492164612
37,0.6215668559074402,37,0.673357492685318,0.8017398834228515
38,0.6254643380641938,38,0.6763824939727783,0.7826873004436493
39,0.6262345850467682,39,0.6756672739982605,0.7515698254108429
40,0.6255088329315186,40,0.6756672739982605,0.77209632396698
41,0.6255088329315186,41,0.6806303501129151,0.7730717957019806
42,0.6275555670261384,42,0.6833085954189301,0.7657519102096557
43,0.629265820980072,43,0.6826930224895478,0.7816190421581268
44,0.6291215300559998,44,0.6852824687957764,0.7805554926395416
45,0.6298445105552674,45,0.6852824687957764,0.7545956611633301
46,0.6295296311378479,46,0.6862554132938385,0.7551253437995911
47,0.6270772695541382,47,0.6871997594833374,0.7835552513599395
48,0.6263970673084259,48,0.6855762243270874,0.7864866077899932
49,0.6280592858791352,49,0.6801044881343842,0.7824906527996063
50,0.627613490819931,50,0.6855419635772705,0.7759541511535645
51,0.6264588177204132,51,0.6854925394058228,0.7924773991107941
52,0.6264588177204132,52,0.6854925394058228,0.7699275255203247
53,0.6251431822776794,53,0.6854925394058228,0.7706601917743683
54,0.6251431822776794,54,0.6854925394058228,0.7454973757266998
55,0.6269856631755829,55,0.6854925394058228,0.781213766336441
56,0.6276522874832153,56,0.6854925394058228,0.769766366481781
57,0.6252063870429992,57,0.6813582479953766,0.7774126291275024
58,0.6228676199913025,58,0.680103063583374,0.7903320491313934
59,0.6227503061294556,59,0.6877683877944947,0.7501721322536469
60,0.6233568966388703,60,0.6896346390247345,0.7578081369400025
61,0.623749989271164,61,0.6955329656600953,0.7944822192192078
62,0.623642498254776,62,0.6955313146114349,0.7691793322563172
63,0.6222401916980743,63,0.7025131165981293,0.7605326771736145
64,0.6271646976470947,64,0.7032154679298401,0.7677573084831237
65,0.6271646976470947,65,0.7022226631641388,0.7614759624004364
66,0.626250582933426,66,0.7019559502601623,0.7464897394180298
67,0.6212665021419526,67,0.704176515340805,0.7608266234397888
68,0.6212665021419526,68,0.704176515340805,0.7370797514915466
69,0.6193629264831543,69,0.7030089914798736,0.7892587661743165
70,0.623930138349533,70,0.7030089914798736,0.77610924243927
71,0.6223824381828308,71,0.7018814027309418,0.7951559484004974
72,0.6233907461166381,72,0.6969813346862793,0.7745099186897277
73,0.6230856418609619,73,0.6939521133899689,0.7820424258708953
74,0.6230856418609619,74,0.7039527416229248,0.7756051659584046
75,0.6230856418609619,75,0.7039527416229248,0.7910288572311401
76,0.6247406423091888,76,0.7068798303604126,0.7800602972507477
77,0.6247406423091888,77,0.7018727362155914,0.7830390632152557
78,0.6235495448112488,78,0.7064282178878785,0.7979613065719604
79,0.6241860568523407,79,0.704985624551773,0.7816021203994751
80,0.6206733524799347,80,0.7055636823177338,0.7571253776550293
81,0.6184642672538757,81,0.7008512318134308,0.7332732737064361
82,0.6213769733905792,82,0.7035807311534882,0.7522653222084046
83,0.6210553765296936,83,0.7041073143482208,0.7756173014640808
84,0.625550490617752,84,0.7044220566749573,0.7740142345428467
85,0.625550490617752,85,0.7044220566749573,0.7508613049983979
86,0.6225750863552093,86,0.7049455761909484,0.7772612750530243
87,0.6225750863552093,87,0.704571259021759,0.8072377800941467
88,0.6225750863552093,88,0.704571259021759,0.7858287692070007
89,0.622022831439972,89,0.7045700371265411,0.7784214615821838
90,0.622022831439972,90,0.7035290479660035,0.7989355981349945
91,0.6265543162822723,91,0.7035286247730255,0.7454584240913391
92,0.6247139275074005,92,0.7035286247730255,0.766307282447815
93,0.6252184331417083,93,0.7035286247730255,0.7759755730628968
94,0.6259942352771759,94,0.7048401892185211,0.7850614666938782
95,0.6259942352771759,95,0.7048401892185211,0.7974014043807983
96,0.6259942352771759,96,0.7048401892185211,0.7590258181095123
97,0.6259045660495758,97,0.7048401892185211,0.7880378603935242
98,0.6259045660495758,98,0.7048401892185211,0.7741645693778991
99,0.6259045660495758,99,0.7048401892185211,0.7739474475383759
100,0.6259045660495758,100,0.7048401892185211,0.77293501496315
101,0.6259045660495758,101,0.7048401892185211,0.7601572096347808
102,0.624264407157898,102,0.6960581719875336,0.7531145572662353
103,0.624264407157898,103,0.6977010607719422,0.7894072294235229
104,0.624264407157898,104,0.697972959280014,0.7699215829372406
105,0.6225185453891754,105,0.6887486815452576,0.7714035212993622
106,0.6238707363605499,106,0.692656272649765,0.7801549136638641
107,0.6238707363605499,107,0.6941059291362762,0.7857400417327881
108,0.6238709151744842,108,0.6989200055599213,0.7730897545814515
109,0.6238709151744842,109,0.6989200055599213,0.7676729798316956
110,0.622714900970459,110,0.6963559865951539,0.7997641563415527
111,0.6218147337436676,111,0.6947954535484314,0.7985091924667358
112,0.6223278880119324,112,0.6943895876407623,0.7698246240615845
113,0.6223278880119324,113,0.6943931162357331,0.7868094205856323
114,0.6232518434524537,114,0.6920617580413818,0.7817268610000611
115,0.6243426978588105,115,0.6863659858703614,0.7840350508689881
116,0.6222670912742615,116,0.686565500497818,0.7752016246318817
117,0.6253809332847595,117,0.686565500497818,0.7719717144966125
118,0.6256065309047699,118,0.6846567094326019,0.805413019657135
119,0.6247986912727356,119,0.6849033534526825,0.7468578517436981
120,0.6247986912727356,120,0.6853111565113068,0.7642148613929749
121,0.6247986912727356,121,0.6853111565113068,0.7618772983551025
122,0.622805255651474,122,0.6903222560882568,0.7727840125560761
123,0.6233042061328888,123,0.6903222560882568,0.7488263845443726
124,0.6232762277126312,124,0.6810996532440186,0.7415862321853638
125,0.6210662007331849,125,0.685016268491745,0.7910926163196563
126,0.6210662007331849,126,0.6887445211410522,0.7903810381889343
127,0.615219098329544,127,0.6984182357788086,0.797268682718277
128,0.6158285498619079,128,0.7016626000404358,0.7784494519233703
129,0.6166956663131714,129,0.696704375743866,0.7919355273246765
130,0.6166572570800781,130,0.6989209949970245,0.7800639808177948
131,0.6166572570800781,131,0.699255245923996,0.7583512723445892
132,0.6173541188240051,132,0.691424024105072,0.7664124011993408
133,0.6173541188240051,133,0.6970371842384339,0.7606420814990997
134,0.6181746482849121,134,0.694662743806839,0.7839227020740509
135,0.6179834425449371,135,0.7003963530063629,0.8271550118923188
136,0.6171649873256684,136,0.7005434811115265,0.7822888791561127
137,0.6171649873256684,137,0.7010240316390991,0.7791888892650605
138,0.6171649873256684,138,0.7010240375995636,0.7586461424827575
139,0.6159769296646118,139,0.7034031271934509,0.7689786374568939
140,0.6159769296646118,140,0.7034031271934509,0.7670622646808625
141,0.6159769296646118,141,0.7034031271934509,0.7949611365795135
142,0.6159769296646118,142,0.7034031271934509,0.7687069833278656
143,0.6159769296646118,143,0.7051382482051849,0.7832977473735809
144,0.6145934939384461,144,0.7051382482051849,0.7956788241863251
145,0.6144052565097808,145,0.7062128961086274,0.7573995172977448
146,0.6167156279087067,146,0.7058390378952026,0.8062602639198303
147,0.6174937903881073,147,0.7058390378952026,0.779028695821762
148,0.617530083656311,148,0.7058390378952026,0.8134726524353028
149,0.6178132951259613,149,0.7058390378952026,0.7857889413833619
150,0.6188887596130371,150,0.706798654794693,0.7847963869571686
151,0.6153439581394196,151,0.7053974270820618,0.7772741377353668
152,0.6160888254642487,152,0.7074008762836457,0.7626383423805236
153,0.6157022714614868,153,0.7043767273426056,0.7375719249248505
154,0.6185857772827148,154,0.7169919550418854,0.7882772803306579
155,0.6185857772827148,155,0.7160452902317047,0.7618404507637024
156,0.6206071734428406,156,0.7156455993652344,0.7582295000553131
157,0.6206071734428406,157,0.713285356760025,0.784691321849823
158,0.620713621377945,158,0.7152243912220001,0.7745410978794098
159,0.6187164425849915,159,0.7166839420795441,0.7751344025135041
160,0.6187164425849915,160,0.7166839420795441,0.7874943673610687
161,0.6192337214946747,161,0.7188053131103516,0.7723319590091705
162,0.618781965970993,162,0.712855190038681,0.761979216337204
163,0.6178316950798035,163,0.7095468878746033,0.7957910060882568
164,0.6140752017498017,164,0.7116550147533417,0.77984339594841
165,0.6167877972126007,165,0.7172881901264191,0.7787780165672302
166,0.6170344769954681,166,0.7112695097923278,0.7670167684555054
167,0.6089212775230408,167,0.7157723367214203,0.7892696857452393
168,0.6089212775230408,168,0.7130082845687866,0.7657073676586151
169,0.6076073348522186,169,0.7151252388954162,0.7776140451431275
170,0.6064730584621429,170,0.7212006449699402,0.7519895851612091
171,0.605866664648056,171,0.7223119497299194,0.763997608423233
172,0.6064342439174653,172,0.7182030022144318,0.7728335797786713
173,0.6064342439174653,173,0.7161644756793976,0.7956746339797973
174,0.604913866519928,174,0.7139117836952209,0.7668741345405579
175,0.6063167333602906,175,0.7095439195632934,0.778887414932251
176,0.6044702291488647,176,0.7069531440734863,0.7685040175914765
177,0.6041384696960449,177,0.7106736242771149,0.778953593969345
178,0.6040371596813202,178,0.7078430414199829,0.7566636443138123
179,0.6040371596813202,179,0.7028465688228607,0.7908840537071228
180,0.6104734122753144,180,0.7078980565071106,0.7651817202568054
181,0.6087037682533264,181,0.7078980565071106,0.7693635880947113
182,0.6087037682533264,182,0.7078980565071106,0.7684075891971588
183,0.6078061878681182,183,0.7067291557788848,0.7472352862358094
184,0.6107982933521271,184,0.7067291557788848,0.7396204113960266
185,0.6118427395820618,185,0.7090436339378356,0.7804771661758423
186,0.6118221879005432,186,0.7110757887363434,0.7712217390537262
187,0.6118221879005432,187,0.7110757887363434,0.7428875684738159
188,0.6120727300643921,188,0.7110811948776246,0.7635657489299774
189,0.6135752260684967,189,0.710929560661316,0.7690202236175537
190,0.6143952012062073,190,0.7117130100727082,0.7748678922653198
191,0.6147886991500855,191,0.7086058557033539,0.7684419095516205
192,0.6147886991500855,192,0.7086058557033539,0.7622207403182983
193,0.6147886991500855,193,0.7086058557033539,0.7842862248420716
194,0.6141565084457398,194,0.7086059749126434,0.7692355990409852
195,0.6139712393283844,195,0.7080943703651428,0.7835989356040954
196,0.6139712393283844,196,0.7080943703651428,0.7841660618782044
197,0.6149000942707061,197,0.7104852020740509,0.7548730492591857
198,0.6144012212753296,198,0.708161735534668,0.7959045350551606
199,0.6117598533630371,199,0.7050369203090667,0.7636940121650696
200,0.6150846838951111,200,0.7069149851799011,0.7945430457592011
201,0.6131823599338532,201,0.7095370590686798,0.7834974884986877
202,0.6112146139144897,202,0.7095370590686798,0.7665402173995972
203,0.6112146139144897,203,0.7095370590686798,0.770005750656128
204,0.6117675602436066,204,0.7085630059242248,0.7728063881397247
205,0.60973841547966,205,0.709428995847702,0.7798937082290649
206,0.60973841547966,206,0.7067093014717102,0.7687639117240905
207,0.60973841547966,207,0.7052585661411286,0.7598823845386505
208,0.60973841547966,208,0.7079548180103302,0.7666060388088226
209,0.6110553324222565,209,0.7075949788093567,0.7829142272472381
210,0.61706063747406,210,0.6982034146785736,0.7659507095813751
211,0.6135487616062164,211,0.7044276535511017,0.7542999505996704
212,0.6135487616062164,212,0.7044276535511017,0.784064793586731
213,0.6122409641742707,213,0.7037681758403778,0.8033510446548462
214,0.6125427186489105,214,0.7061160981655121,0.7641371250152588
215,0.6121029675006866,215,0.7062566101551055,0.7729973316192627
216,0.6121029675006866,216,0.7051068007946014,0.7808790385723114
217,0.6113777458667755,217,0.7051068007946014,0.7789725959300995
218,0.6113777458667755,218,0.7051068007946014,0.7614148795604706
219,0.6113777458667755,219,0.7051068007946014,0.7884951531887054
220,0.6121235132217407,220,0.7052662134170532,0.7886680424213409
221,0.6121235132217407,221,0.7079344868659974,0.7780298352241516
222,0.6101121008396149,222,0.7075022339820862,0.7717664182186127
223,0.6102131247520447,223,0.7049357116222381,0.7721479594707489
224,0.6102131247520447,224,0.7071642637252807,0.7654919505119324
225,0.6052753090858459,225,0.7071733593940734,0.7679110944271088
226,0.6052377700805665,226,0.7058143019676208,0.7663181841373443
227,0.6081972301006318,227,0.7099771678447724,0.7576055705547333
228,0.6085190773010254,228,0.7162917852401733,0.7869887888431549
229,0.6085190773010254,229,0.7181538641452789,0.7694211304187775
230,0.6049698293209076,230,0.7243569195270538,0.7747586786746978
231,0.6049698293209076,231,0.7212898135185242,0.7428921580314636
232,0.6095609664916992,232,0.7229157388210297,0.7835960268974305
233,0.6067215919494628,233,0.7175557076931,0.7758427262306213
234,0.6067215919494628,234,0.7161176264286041,0.7727251291275025
235,0.6067215919494628,235,0.7187095701694488,0.7680072367191315
236,0.6093605339527131,236,0.7057248294353485,0.7609726786613464
237,0.6147138059139252,237,0.7053897023200989,0.7787117838859559
238,0.613896656036377,238,0.7088580250740051,0.7721802115440368
239,0.613896656036377,239,0.7111893236637116,0.8016536474227905
240,0.613896656036377,240,0.7089728236198425,0.7716438353061676
241,0.6128790438175201,241,0.7114952266216278,0.7905686378479004
242,0.6128790438175201,242,0.7114952266216278,0.8089230239391327
243,0.6125025153160095,243,0.7129240810871125,0.7874733030796051
244,0.6085196077823639,244,0.7129240810871125,0.7561261773109436
245,0.6105639636516571,245,0.7089326083660126,0.7874255895614624
246,0.6105645418167114,246,0.7084039688110352,0.7776391863822937
247,0.6090013802051544,247,0.7066075801849365,0.7500358998775483
248,0.6105720460414886,248,0.7042972326278687,0.7692379415035248
249,0.6129309296607971,249,0.703436154127121,0.7838666439056396
250,0.61539705991745,250,0.6548030853271485,0.7842130720615387
251,0.6175257384777069,251,0.5806267976760864,0.76968412399292
252,0.6179157316684722,252,0.5813918530941009,0.756564199924469
253,0.6167353868484498,253,0.5813903272151947,0.7799549400806427
254,0.6167353868484498,254,0.5813903272151947,0.7874172568321228
255,0.6167353868484498,255,0.5814078867435455,0.7873857021331787
256,0.6157519340515136,256,0.5829864978790283,0.760581237077713
257,0.6152075111865998,257,0.586841344833374,0.7694738388061524
258,0.6152075111865998,258,0.586841344833374,0.7999333620071412
259,0.6152075111865998,259,0.586841344833374,0.7797259151935577
260,0.6141637206077576,260,0.5862803936004639,0.7549761831760406
261,0.620300418138504,261,0.5904789328575134,0.7546301901340484
262,0.6188560783863067,262,0.5944147825241088,0.8006296157836914
263,0.6192043125629425,263,0.5922207057476043,0.7706356108188629
264,0.6202944815158844,264,0.5922873675823211,0.7778912484645844
265,0.6202944815158844,265,0.5922873675823211,0.7937462270259857
266,0.6211552262306214,266,0.5921876609325409,0.7663214981555939
267,0.6216112673282623,267,0.5916191101074219,0.7443768382072449
268,0.6206446647644043,268,0.5931102633476257,0.7797197580337525
269,0.6212880969047546,269,0.5931102633476257,0.771261727809906
270,0.6189366757869721,270,0.5931102633476257,0.7482705414295197
271,0.6195223987102508,271,0.5975863575935364,0.7590165734291077
272,0.6201997935771942,272,0.5975863575935364,0.7678309261798859
273,0.6210804760456086,273,0.5976577222347259,0.7590326726436615
274,0.6207071602344513,274,0.5976577222347259,0.7938373684883118
275,0.6228768825531006,275,0.5986230313777924,0.7888187289237976
276,0.6228768825531006,276,0.5986230313777924,0.7705864310264587
277,0.6246818244457245,277,0.5986230313777924,0.7571168839931488
278,0.6262107014656066,278,0.596138083934784,0.7901424288749694
279,0.6262107014656066,279,0.601952749490738,0.7948192358016968
280,0.6265840649604797,280,0.6026229202747345,0.7584586501121521
281,0.6261414527893067,281,0.6026475131511688,0.7673361122608184
282,0.6306656002998352,282,0.6068224728107452,0.7882414102554322
283,0.631312894821167,283,0.6087689638137818,0.7573992133140564
284,0.6299547970294952,284,0.6062864899635315,0.78647500872612
285,0.6295818507671356,285,0.6062864899635315,0.7804437100887298
286,0.6295818507671356,286,0.6041909217834472,0.7789516568183898
287,0.6311271488666534,287,0.6056047022342682,0.7853699386119842
288,0.6311271488666534,288,0.6056128203868866,0.7779522955417633
289,0.6310072481632233,289,0.6056128203868866,0.7660772919654846
290,0.6286799192428589,290,0.6056128203868866,0.7845117747783661
291,0.6284296035766601,291,0.6056128203868866,0.7543756365776062
292,0.6284296035766601,292,0.6056128203868866,0.7636995136737823
293,0.6284296035766601,293,0.6020507574081421,0.7795613467693329
294,0.6294812262058258,294,0.6020507574081421,0.7673033595085144
295,0.6296665012836457,295,0.6020507574081421,0.7949103474617004
296,0.6274102032184601,296,0.6030973553657532,0.7674551784992218
297,0.6278481125831604,297,0.6030973553657532,0.7968098282814026
298,0.6250262916088104,298,0.6169036746025085,0.7446967720985412
299,0.6250262916088104,299,0.6169036746025085,0.7668246865272522
300,0.6257234930992126,300,0.6169212281703949,0.7881713807582855
301,0.6259718120098114,301,0.6169212281703949,0.7953628897666931
302,0.6215597569942475,302,0.6169212281703949,0.7881276547908783
303,0.6250458002090454,303,0.6168659925460815,0.7832409918308259
304,0.6258262157440185,304,0.6113481104373932,0.7881896436214447
305,0.6258362114429474,305,0.6127283871173859,0.787748646736145
306,0.6245019435882568,306,0.6127283871173859,0.7885229647159576
307,0.6245019435882568,307,0.6127283871173859,0.7548637866973877
308,0.6245019435882568,308,0.6127283871173859,0.8087846338748932
309,0.6245019435882568,309,0.6161177396774292,0.7592595994472504
310,0.6245019435882568,310,0.613779354095459,0.794797945022583
311,0.6274859011173248,311,0.619295996427536,0.7624830424785614
312,0.6277459144592286,312,0.6186495006084443,0.7641400337219239
313,0.6291709005832672,313,0.6134089052677154,0.7883926868438721
314,0.6285204529762268,314,0.6134089052677154,0.7866857290267945
315,0.6283519804477692,315,0.6134089052677154,0.7796102046966553
316,0.6324898183345795,316,0.6134089052677154,0.7743667006492615
317,0.6324898183345795,317,0.6134089052677154,0.7814465701580048
318,0.6339614152908325,318,0.6091432988643646,0.7752203226089478
319,0.6352290034294128,319,0.6091432988643646,0.808381336927414
320,0.6352290034294128,320,0.6078907549381256,0.8001302719116211
321,0.6352290034294128,321,0.6079241812229157,0.7906997680664063
322,0.6340203821659088,322,0.6074437379837037,0.7819852232933044
323,0.6361116290092468,323,0.6074437379837037,0.7525085806846619
324,0.6356455743312835,324,0.6074437379837037,0.7406038343906403
325,0.6356455743312835,325,0.6076869428157806,0.7614512741565704
326,0.6356455743312835,326,0.6076504826545716,0.7639916360378265
327,0.636422598361969,327,0.6093169867992401,0.7597668886184692
328,0.6340624690055847,328,0.6093169867992401,0.7873175621032715
329,0.6327587902545929,329,0.6093169867992401,0.7640818953514099
330,0.633753627538681,330,0.6093169867992401,0.7638355553150177
331,0.633068573474884,331,0.6093169867992401,0.8036837637424469
332,0.6334732830524444,332,0.6093169867992401,0.7587514877319336
333,0.6326115310192109,333,0.6104066014289856,0.7878373563289642
334,0.6326115310192109,334,0.6097939133644104,0.7715064287185669
335,0.632615476846695,335,0.6078368961811066,0.7611015319824219
336,0.632615476846695,336,0.6038005411624908,0.8002142250537873
337,0.632615476846695,337,0.6038005411624908,0.773256254196167
338,0.63509960770607,338,0.6038005411624908,0.79164337515831
339,0.6358626365661622,339,0.6038005411624908,0.7675867676734924
340,0.6351714134216309,340,0.6048445403575897,0.7641572892665863
341,0.6349048614501953,341,0.604852145910263,0.8087420523166656
342,0.6349048614501953,342,0.6058023631572723,0.7905293047428131
343,0.6349048614501953,343,0.6058023631572723,0.7790523946285248
344,0.6349048614501953,344,0.6058061778545379,0.7797177731990814
345,0.6349048614501953,345,0.6058338463306427,0.7980932652950287
346,0.639442092180252,346,0.6058449685573578,0.8003049254417419
347,0.639442092180252,347,0.6058604896068573,0.78547243475914
348,0.6383105278015136,348,0.6058604896068573,0.7761590123176575
349,0.6368537068367004,349,0.6058604896068573,0.7859962940216064
350,0.6368537068367004,350,0.6058604896068573,0.7699506044387817
351,0.6378223419189453,351,0.6058604896068573,0.7836040377616882
352,0.6375615417957305,352,0.6042666375637055,0.7739732503890991
353,0.6375615417957305,353,0.6039897382259369,0.7483114957809448
354,0.6378690600395203,354,0.6010265469551086,0.790520441532135
355,0.6372069656848908,355,0.5911959052085877,0.7754613816738128
356,0.6367462456226349,356,0.5911959052085877,0.7779085040092468
357,0.6357739746570588,357,0.591332471370697,0.761741715669632
358,0.6357739746570588,358,0.591332471370697,0.7822955846786499
359,0.6379451811313629,359,0.591332471370697,0.773371034860611
360,0.638185566663742,360,0.5966941177845001,0.7860342502593994
361,0.6405186474323272,361,0.5966941177845001,0.7867215991020202
362,0.6400894939899444,362,0.5966941177845001,0.7769696652889252
363,0.639768922328949,363,0.5966941177845001,0.7925114154815673
364,0.6357415378093719,364,0.5966941177845001,0.7702447474002838
365,0.6357415378093719,365,0.5966941177845001,0.787592762708664
366,0.6346369683742523,366,0.5966941177845001,0.7719312012195587
367,0.6335910618305206,367,0.5966941177845001,0.7636380016803741
368,0.6365443944931031,368,0.5966941177845001,0.7564663767814637
369,0.6367155373096466,369,0.594704782962799,0.7623139023780823
370,0.6374887466430664,370,0.594704782962799,0.7589354097843171
371,0.6374887466430664,371,0.5955778121948242,0.7802576005458832
372,0.6375331521034241,372,0.5955778121948242,0.7727622807025909
373,0.6391306459903717,373,0.5947056114673615,0.7918460249900818
374,0.6380930781364441,374,0.5947056114673615,0.7761151015758514
375,0.6386045157909394,375,0.5947056114673615,0.7745997846126557
376,0.6386045157909394,376,0.5953177511692047,0.761783629655838
377,0.6386045157909394,377,0.5953177511692047,0.7754827082157135
378,0.6386045157909394,378,0.5953177511692047,0.8001853704452515
379,0.640975272655487,379,0.5960734009742736,0.7657943308353424
380,0.6420826315879822,380,0.5991995453834533,0.7926747560501098
381,0.6420826315879822,381,0.5991238117218017,0.788844907283783
382,0.6420826315879822,382,0.5991238117218017,0.7667855501174927
383,0.6402899563312531,383,0.5991238117218017,0.7664538621902466
384,0.6393557250499725,384,0.5991238117218017,0.8070898234844208
385,0.6393557250499725,385,0.5991238117218017,0.7959703505039215
386,0.6393914580345154,386,0.5991238117218017,0.7723463177680969
387,0.6410012543201447,387,0.5974040865898133,0.7713573694229126
388,0.6410022616386414,388,0.5974040865898133,0.8067402422428132
389,0.6369497776031494,389,0.5974040865898133,0.7754940032958985
390,0.6301520228385925,390,0.5974090158939361,0.7796830534934998
391,0.6301520228385925,391,0.5974257588386536,0.777681702375412
392,0.6292739748954773,392,0.602447259426117,0.7415920078754425
393,0.6292739748954773,393,0.602447259426117,0.7846626341342926
394,0.628771436214447,394,0.6045596361160278,0.8001556098461151
395,0.6295169115066528,395,0.6045596361160278,0.7797486007213592
396,0.6267678320407868,396,0.6043613076210022,0.7727209866046906
397,0.6250412464141846,397,0.6043613076210022,0.7743426978588104
398,0.6249009668827057,398,0.609079384803772,0.7937744557857513
399,0.6279718041419983,399,0.6089480698108674,0.764183646440506
400,0.6279718041419983,400,0.6114665448665619,0.7789044439792633
401,0.6284064948558807,401,0.6114665448665619,0.7664339125156403
402,0.6299138307571411,402,0.6114665448665619,0.7670733988285064
403,0.6299055993556977,403,0.6114665448665619,0.7625582993030549
404,0.6281737804412841,404,0.6114665448665619,0.7626421928405762
405,0.6290969312191009,405,0.6114665448665619,0.7874464273452759
406,0.6300382137298584,406,0.6137149870395661,0.7813813090324402
407,0.6261351644992829,407,0.6137149870395661,0.7897910654544831
408,0.6246636927127838,408,0.6140903353691101,0.7798203706741333
409,0.6247981011867523,409,0.6181771278381347,0.7781602621078492
410,0.6247981011867523,410,0.6184180080890656,0.7587179005146026
411,0.6250843048095703,411,0.6202233314514161,0.7648983895778656
412,0.626818162202835,412,0.6202233314514161,0.7850178420543671
413,0.6260558187961578,413,0.6202397048473358,0.7816095530986786
414,0.6260558187961578,414,0.6218556702136994,0.7587735295295716
415,0.6243080019950866,415,0.6215649306774139,0.7738409042358398
416,0.6255151033401489,416,0.6215649306774139,0.7903029263019562
417,0.6243890464305878,417,0.6215649306774139,0.7944312572479248
418,0.6239100098609924,418,0.6215649306774139,0.766844528913498
419,0.6239100098609924,419,0.6215649306774139,0.7821449160575866
420,0.6205060422420502,420,0.6215649306774139,0.7836465120315552
421,0.6165414750576019,421,0.6263657927513122,0.7458988964557648
422,0.6165414750576019,422,0.6213353157043457,0.7753274798393249
423,0.6131725192070008,423,0.6261990904808045,0.7674149096012115
424,0.6133467495441437,424,0.6261990904808045,0.7660941541194916
425,0.6102989256381989,425,0.6261990904808045,0.7841303527355195
426,0.6100580811500549,426,0.6261990904808045,0.784968250989914
427,0.6077096998691559,427,0.6275376737117767,0.7962197005748749
428,0.6077096998691559,428,0.6275376737117767,0.7838942527770996
429,0.6115665912628174,429,0.6275376737117767,0.7717129290103912
430,0.6120912671089173,430,0.6275376737117767,0.7998476505279541
431,0.6120912671089173,431,0.6280852675437927,0.7736737132072449
432,0.6125189363956451,432,0.6289926767349243,0.7717061579227448
433,0.6117819666862487,433,0.6290234982967376,0.7796670973300934
434,0.6117819666862487,434,0.6290234982967376,0.7682450413703918
435,0.6095672428607941,435,0.628360140323639,0.7742664992809296
436,0.6095672428607941,436,0.6268320322036743,0.7506717801094055
437,0.6054471731185913,437,0.62686128616333,0.7861477375030518
438,0.6052777349948884,438,0.6273990929126739,0.7514436185359955
439,0.6052777349948884,439,0.6246488153934479,0.7720273852348327
440,0.6052777349948884,440,0.6277409732341767,0.7716443121433259
441,0.6037576258182525,441,0.628271734714508,0.7818121254444123
442,0.6045842945575715,442,0.628271734714508,0.7728218793869018
443,0.6050700724124909,443,0.6285799682140351,0.7775366067886352
444,0.6065331161022186,444,0.6259043037891387,0.7635166347026825
445,0.6070876836776733,445,0.6275621592998505,0.8134614527225494
446,0.6090069949626923,446,0.6278463780879975,0.7730528354644776
447,0.6083338797092438,447,0.6278463780879975,0.7498676955699921
448,0.6131379008293152,448,0.6289245069026947,0.7698263764381409
449,0.6131379008293152,449,0.6320930600166321,0.7684453547000885
450,0.6145283997058868,450,0.6334090948104858,0.7664572417736053
451,0.6145283997058868,451,0.6346909701824188,0.7865376234054565
452,0.6145283997058868,452,0.6347156882286071,0.7546040415763855
453,0.6145283997058868,453,0.6342099070549011,0.7661694586277008
454,0.6115648567676544,454,0.6342099070549011,0.7516826570034028
455,0.6073094546794892,455,0.6311744511127472,0.7668952107429504
456,0.6073094546794892,456,0.6310582041740418,0.7432798266410827
457,0.6073094546794892,457,0.6319662988185882,0.7837055563926697
458,0.6073094546794892,458,0.6319720923900605,0.814545738697052
459,0.6073094546794892,459,0.6319720923900605,0.7790420532226563
460,0.6110649228096008,460,0.6319720923900605,0.7795254588127136
461,0.6079575181007385,461,0.6319720923900605,0.7811494648456574
462,0.6079575181007385,462,0.6286580502986908,0.7635615527629852
463,0.6110716938972474,463,0.6286580502986908,0.803496241569519
464,0.6125398814678192,464,0.629177314043045,0.7598274648189545
465,0.6127141237258911,465,0.629177314043045,0.7740450203418732
466,0.6127141237258911,466,0.629177314043045,0.7982929050922394
467,0.6127141237258911,467,0.629177314043045,0.762751168012619
468,0.6127141237258911,468,0.6247506856918335,0.7619154751300812
469,0.6154733717441558,469,0.6247506856918335,0.7687831342220306
470,0.6154733717441558,470,0.6247506856918335,0.7896310567855835
471,0.6154733717441558,471,0.6247506856918335,0.7954979240894318
472,0.6149978160858154,472,0.6247193694114686,0.7716326534748077
473,0.6156172156333923,473,0.6247193694114686,0.7248799204826355
474,0.6110179901123047,474,0.6247968733310699,0.7595258831977845
475,0.6097377419471741,475,0.6198960542678833,0.7700091481208802
476,0.6097377419471741,476,0.6201603770256042,0.7901828825473786
477,0.610722666978836,477,0.6201603770256042,0.764812582731247
478,0.610722666978836,478,0.6201603770256042,0.7742327809333801
479,0.610722666978836,479,0.6201384961605072,0.7738857448101044
480,0.6103091180324555,480,0.6204342544078827,0.7634002804756165
481,0.6103091180324555,481,0.6204477369785308,0.7537000298500061
482,0.6096452116966248,482,0.6208999991416931,0.7753062009811401
483,0.6095016896724701,483,0.6208999991416931,0.8017075836658478
484,0.6095016896724701,484,0.6209013164043427,0.7745093107223511
485,0.6095016896724701,485,0.6209013164043427,0.75816890001297
486,0.6095016896724701,486,0.6209013164043427,0.7528357446193695
487,0.6083653926849365,487,0.6209013164043427,0.7510657489299775
488,0.6090018808841705,488,0.6226985454559326,0.7678050577640534
489,0.6083752393722535,489,0.6226985454559326,0.7752511680126191
490,0.6083752393722535,490,0.6226985454559326,0.7457841694355011
491,0.6083752393722535,491,0.6226985454559326,0.7861504137516022
492,0.6083752393722535,492,0.6254508018493652,0.7903361678123474
493,0.609265923500061,493,0.6261040210723877,0.7766115009784699
494,0.6079809725284576,494,0.6261040210723877,0.7963714480400086
495,0.6079809725284576,495,0.6249751806259155,0.7492815375328064
496,0.607392281293869,496,0.6213623762130738,0.803289794921875
497,0.607392281293869,497,0.6213623762130738,0.7471036374568939
498,0.607392281293869,498,0.6213623762130738,0.7883175790309906
499,0.607392281293869,499,0.6213623762130738,0.7538749039173126
500,0.610648638010025,500,0.6101625978946685,0.8026791512966156
501,0.6457419037818909,501,0.5772840797901153,0.7714322686195374
502,0.6465391159057617,502,0.580945760011673,0.779172831773758
503,0.6459650218486785,503,0.5809467256069183,0.7637479841709137
504,0.6447833716869354,504,0.5809467256069183,0.7719641089439392
505,0.6446110844612122,505,0.5809467256069183,0.7711110711097717
506,0.6446110844612122,506,0.5820526540279388,0.7856540501117706
507,0.6446110844612122,507,0.5820526540279388,0.7807238757610321
508,0.646124142408371,508,0.5820526540279388,0.7714430630207062
509,0.643073832988739,509,0.5831559836864472,0.7693491280078888
510,0.643073832988739,510,0.5831559836864472,0.7646722733974457
511,0.643073832988739,511,0.5831559836864472,0.7909523487091065
512,0.643073832988739,512,0.5816035389900207,0.7809052228927612
513,0.6428899884223938,513,0.5816035389900207,0.7743534088134766
514,0.6428899884223938,514,0.5816035389900207,0.7472303211688995
515,0.6408790349960327,515,0.5816035389900207,0.7899472534656524
516,0.6431696832180023,516,0.5821298778057098,0.7649793565273285
517,0.6430849313735962,517,0.5821298778057098,0.7658937275409698
518,0.6421950161457062,518,0.5821298778057098,0.7869969606399536
519,0.6415073990821838,519,0.5821298778057098,0.7805113196372986
520,0.6410890340805053,520,0.5792841255664826,0.7846090078353882
521,0.6417410433292389,521,0.5792697072029114,0.7937350332736969
522,0.6425799548625946,522,0.5792831599712371,0.788021695613861
523,0.6425799548625946,523,0.5792831599712371,0.7468966722488404
524,0.6420836389064789,524,0.5792831599712371,0.7838108360767364
525,0.6414901554584503,525,0.5792750358581543,0.7798821926116943
526,0.6427114069461822,526,0.5792750358581543,0.8208591997623443
527,0.6427114069461822,527,0.5775678277015686,0.7849180698394775
528,0.6458029806613922,528,0.5775678277015686,0.7757729113101959
529,0.6455500662326813,529,0.5775678277015686,0.7894656002521515
530,0.6489416241645813,530,0.5775678277015686,0.7777537941932678
531,0.6453031420707702,531,0.5782444715499878,0.7747607469558716
532,0.6447959184646607,532,0.5791823625564575,0.7714795649051667
533,0.6452600240707398,533,0.5792299926280975,0.7531912624835968
534,0.6452600240707398,534,0.5792762637138367,0.7531753242015838
535,0.6461130678653717,535,0.5792762637138367,0.7779475629329682
536,0.6452082872390748,536,0.5792811036109924,0.7603754222393035
537,0.6445159912109375,537,0.5792811036109924,0.7470376789569855
538,0.6445886373519898,538,0.5798994660377502,0.7949321210384369
539,0.6452325582504272,539,0.5798994660377502,0.7727416038513184
540,0.6452325582504272,540,0.5799010038375855,0.7795125126838685
541,0.6452325582504272,541,0.5756861329078674,0.7770541846752167
542,0.6458323240280152,542,0.5774213194847106,0.7801252603530884
543,0.6420396983623504,543,0.5774213194847106,0.7874177038669586
544,0.6431832432746887,544,0.5774550497531891,0.7734655678272248
545,0.6474635779857636,545,0.5774696111679077,0.7698807656764984
546,0.6480057179927826,546,0.5774696111679077,0.7489421665668488
547,0.6484865248203278,547,0.5774696111679077,0.7813579440116882
548,0.6484865248203278,548,0.5774696111679077,0.7726738154888153
549,0.6484865248203278,549,0.5762344181537629,0.7729101300239563
550,0.6476797997951508,550,0.57592933177948,0.7851213932037353
551,0.6492393672466278,551,0.5759425222873688,0.7668807804584503
552,0.6492393672466278,552,0.5759783446788788,0.772042053937912
553,0.6494125425815582,553,0.5759783446788788,0.8081247508525848
554,0.6495574355125427,554,0.5759783446788788,0.7649199664592743
555,0.6495574355125427,555,0.5760138094425201,0.7479994118213653
556,0.6495574355125427,556,0.5760138094425201,0.7637765944004059
557,0.6495574355125427,557,0.5772567391395569,0.7635103583335876
558,0.6478406846523285,558,0.5772567391395569,0.7879696369171143
559,0.6485996425151825,559,0.5772567391395569,0.7888427793979644
560,0.6476976454257966,560,0.5772567391395569,0.758753776550293
561,0.6495263755321503,561,0.5772567391395569,0.7517864108085632
562,0.6517536878585816,562,0.5772567391395569,0.755660355091095
563,0.652679693698883,563,0.5736811220645904,0.7660057306289673
564,0.652679693698883,564,0.5736811220645904,0.7773403227329254
565,0.6493763864040375,565,0.5736931681632995,0.7817136228084565
566,0.6493662595748901,566,0.5736931681632995,0.7786845445632935
567,0.6505323469638824,567,0.5744439125061035,0.7975934624671936
568,0.6505323469638824,568,0.5744730114936829,0.7907246768474578
569,0.6526891052722931,569,0.5804979622364044,0.7735147833824157
570,0.6479255378246307,570,0.5804979622364044,0.7824025273323059
571,0.6479255378246307,571,0.5805092275142669,0.7586295366287231
572,0.6479255378246307,572,0.5805092275142669,0.7891221106052398
573,0.6489040851593018,573,0.5841161847114563,0.7440508306026459
574,0.6489040851593018,574,0.5841159045696258,0.7856513738632203
575,0.6481186628341675,575,0.5841314435005188,0.7777330935001373
576,0.6469052255153656,576,0.5839234888553619,0.7935756325721741
577,0.6458528935909271,577,0.5867832005023956,0.7552628576755523
578,0.6458528935909271,578,0.5867832005023956,0.7681181192398071
579,0.6449970424175262,579,0.5867832005023956,0.7540207803249359
580,0.6449965476989746,580,0.5852200031280518,0.7581753969192505
581,0.6449965476989746,581,0.5852200031280518,0.7835039079189301
582,0.6449965476989746,582,0.5849991202354431,0.7742182612419128
583,0.6449965476989746,583,0.5850185930728913,0.7637312650680542
584,0.6465647995471955,584,0.588066679239273,0.7644441425800323
585,0.6474411904811859,585,0.5848715245723725,0.7559574365615844
586,0.6478988409042359,586,0.5842396676540375,0.7839819550514221
587,0.6478988409042359,587,0.5843669772148132,0.7790813505649566
588,0.6444477021694184,588,0.5843669772148132,0.7803522765636444
589,0.6444477021694184,589,0.5843922376632691,0.7831332087516785
590,0.6444477021694184,590,0.5861692070960999,0.7816863536834717
591,0.6445249915122986,591,0.5862410068511963,0.7528866291046142
592,0.6397436022758484,592,0.5910673797130584,0.781773817539215
593,0.6397436022758484,593,0.5910673797130584,0.7711122870445252
594,0.6397436022758484,594,0.5911011159420013,0.772488796710968
595,0.6397436022758484,595,0.5961890935897827,0.786566025018692
596,0.6398457646369934,596,0.5964127004146575,0.7778685748577118
597,0.6398457646369934,597,0.5964127004146575,0.7818853080272674
598,0.6395185470581055,598,0.5964124023914337,0.7704160213470459
599,0.6361945629119873,599,0.5964124023914337,0.77308429479599
600,0.6329782485961915,600,0.5964124023914337,0.7663617074489594
601,0.6312474727630615,601,0.5964124023914337,0.8037721395492554
602,0.6312474727630615,602,0.5964124023914337,0.7673008620738984
603,0.6318070828914643,603,0.596420419216156,0.7806095600128173
604,0.6318070828914643,604,0.596420419216156,0.7372085690498352
605,0.6318070828914643,605,0.596420419216156,0.7582169592380523
606,0.6312962591648101,606,0.596420419216156,0.782603257894516
607,0.6324332356452942,607,0.596420419216156,0.7719061732292175
608,0.631487250328064,608,0.5931632220745087,0.7908248841762543
609,0.6286597490310669,609,0.5932065188884735,0.7979164838790893
610,0.6262537002563476,610,0.5934763550758362,0.7784710049629211
611,0.6257658541202545,611,0.5919306874275208,0.7641153931617737
612,0.6257658541202545,612,0.5919306874275208,0.7747515916824341
613,0.6219060063362122,613,0.5927059590816498,0.7465736865997314
614,0.6219060063362122,614,0.5927507877349854,0.780213576555252
615,0.6246344149112701,615,0.5879208385944367,0.7923376679420471
616,0.6284711182117462,616,0.5911254286766052,0.7758861899375915
617,0.6277846932411194,617,0.5855903446674346,0.7827997505664825
618,0.6286868691444397,618,0.5858430445194245,0.7536255359649658
619,0.6299239575862885,619,0.5858430445194245,0.7799580276012421
620,0.6299239575862885,620,0.5858430445194245,0.7919420003890991
621,0.6303799510002136,621,0.5858430445194245,0.780795794725418
622,0.6308553516864777,622,0.5870538711547851,0.7943064212799072
623,0.6302618563175202,623,0.5877577781677246,0.7726634621620179
624,0.6261081039905548,624,0.5884843111038208,0.7684801101684571
625,0.6261081039905548,625,0.5884843111038208,0.7910001635551452
626,0.6192438781261445,626,0.5878041505813598,0.7787027478218078
627,0.6175935566425323,627,0.5878041505813598,0.786061692237854
628,0.6175935566425323,628,0.5893803536891937,0.7737321496009827
629,0.6175935566425323,629,0.5904792428016663,0.7867747724056244
630,0.6175935566425323,630,0.590244072675705,0.7836959600448609
631,0.6175935566425323,631,0.5902473986148834,0.784352570772171
632,0.6175935566425323,632,0.590298843383789,0.759477972984314
633,0.6175935566425323,633,0.5909605026245117,0.7882884502410888
634,0.6149892032146453,634,0.599539977312088,0.7889268338680268
635,0.6149892032146453,635,0.6047603249549866,0.7926552593708038
636,0.6149892032146453,636,0.6046964287757873,0.7956770777702331
637,0.6149892032146453,637,0.6046964287757873,0.7670265555381774
638,0.6154126465320587,638,0.6047167718410492,0.8030684471130372
639,0.615087914466858,639,0.605038982629776,0.7778938233852386
640,0.615087914466858,640,0.6091175436973572,0.807267713546753
641,0.6162932991981507,641,0.6099920630455017,0.7323317408561707
642,0.6169819593429565,642,0.6099920630455017,0.7793260455131531
643,0.6169819593429565,643,0.6090174555778504,0.7756831347942352
644,0.6169819593429565,644,0.6127037167549133,0.7754506945610047
645,0.6169905841350556,645,0.6126998364925385,0.780493438243866
646,0.6167501926422119,646,0.6126998364925385,0.7727086901664734
647,0.6168713867664337,647,0.6127160906791687,0.7946361541748047
648,0.6168713867664337,648,0.6127088189125061,0.7629243075847626
649,0.6168713867664337,649,0.6132765054702759,0.7869810402393341
650,0.6168713867664337,650,0.6185152292251587,0.7564381003379822
651,0.616884046792984,651,0.6185152292251587,0.7621429979801178
652,0.616884046792984,652,0.6187357127666473,0.7463106513023376
653,0.6167477011680603,653,0.6187357127666473,0.7950052738189697
654,0.6156938731670379,654,0.6187357127666473,0.7602471947669983
655,0.6110448658466339,655,0.6190988838672637,0.7799222946166993
656,0.6127938210964203,656,0.61967853307724,0.7650002837181091
657,0.6127938210964203,657,0.61967853307724,0.7451460361480713
658,0.6182260334491729,658,0.619628643989563,0.7517661690711975
659,0.6173479616641998,659,0.6180860877037049,0.7885984063148499
660,0.6173479616641998,660,0.6180549263954163,0.7777654528617859
661,0.6173479616641998,661,0.6180549263954163,0.7668695032596589
662,0.6173479616641998,662,0.6180549263954163,0.7651103258132934
663,0.6143722295761108,663,0.6180549263954163,0.7911596596240997
664,0.6147876501083374,664,0.6173138082027435,0.7965569078922272
665,0.6147876501083374,665,0.616418582201004,0.7733662009239197
666,0.6147876501083374,666,0.616418582201004,0.781886750459671
667,0.6137430429458618,667,0.6164301872253418,0.7629996776580811
668,0.6135508835315704,668,0.6164301872253418,0.7788216710090637
669,0.6122177422046662,669,0.6158321142196655,0.7664482831954956
670,0.6143318474292755,670,0.6154268503189086,0.7688308596611023
671,0.6134007692337036,671,0.6154268503189086,0.7837330639362335
672,0.6092989325523377,672,0.6154268503189086,0.7795241296291351
673,0.6089405119419098,673,0.616120433807373,0.7839184641838074
674,0.6089405119419098,674,0.616120433807373,0.7860417485237121
675,0.6040293395519256,675,0.6200934767723083,0.7676590621471405
676,0.6036301970481872,676,0.6200934767723083,0.7692639052867889
677,0.6036301970481872,677,0.6226570010185242,0.7733955025672913
678,0.6079489886760712,678,0.6226570010185242,0.7756723880767822
679,0.6068516790866851,679,0.6226570010185242,0.7785857379436493
680,0.6065124154090882,680,0.621602588891983,0.761861789226532
681,0.6035183191299438,681,0.6202547967433929,0.747968989610672
682,0.602004885673523,682,0.6201251804828644,0.8175365567207337
683,0.5977361619472503,683,0.6201251804828644,0.765958285331726
684,0.5947477042675018,684,0.6229702711105347,0.76726536154747
685,0.5951211214065552,685,0.6237187445163727,0.8066900253295899
686,0.591854590177536,686,0.6200429499149323,0.7816874504089355
687,0.592648446559906,687,0.6200429499149323,0.785494613647461
688,0.5918184101581574,688,0.6231073319911957,0.7784630060195923
689,0.5918184101581574,689,0.6231073319911957,0.7930287063121796
690,0.5910853326320649,690,0.6191609144210816,0.7958757817745209
691,0.5910853326320649,691,0.6191609144210816,0.7822270274162293
692,0.5909075736999512,692,0.6183875143527985,0.7770654916763305
693,0.5909075736999512,693,0.6183875143527985,0.791092038154602
694,0.5909075736999512,694,0.617743706703186,0.7790036737918854
695,0.5909075736999512,695,0.6218807339668274,0.7795688331127166
696,0.5897572934627533,696,0.6190078020095825,0.7688429474830627
697,0.5877506852149963,697,0.6190078020095825,0.7474514901638031
698,0.5910821497440338,698,0.6190078020095825,0.7811830997467041
699,0.5893861711025238,699,0.6185790359973907,0.7799893140792846
700,0.5884249627590179,700,0.6225216805934906,0.7770484566688538
701,0.5884249627590179,701,0.6184923768043518,0.7791212439537049
702,0.5941986441612244,702,0.6188528299331665,0.7924651980400086
703,0.595037442445755,703,0.6188710689544678,0.7465446949005127
704,0.595037442445755,704,0.6188710689544678,0.7634658932685852
705,0.5973496437072754,705,0.6188693106174469,0.7527378499507904
706,0.5964541494846344,706,0.6230672001838684,0.7758295178413391
707,0.5970081150531769,707,0.6271901965141297,0.8027214884757996
708,0.5970081150531769,708,0.6271901965141297,0.7775293350219726
709,0.5970081150531769,709,0.6271901965141297,0.8044863522052765
710,0.5954795837402344,710,0.6279412627220153,0.7771553575992585
711,0.5957891762256622,711,0.6279412627220153,0.8068745911121369
712,0.5993691742420196,712,0.6279412627220153,0.7776393115520477
713,0.5993691742420196,713,0.6314510524272918,0.7849106252193451
714,0.5991989135742187,714,0.6314510524272918,0.795400470495224
715,0.6032318413257599,715,0.6314510524272918,0.7565852046012879
716,0.6029297709465027,716,0.6314510524272918,0.7845918476581574
717,0.6029297709465027,717,0.6278198897838593,0.7536444962024689
718,0.6034655749797821,718,0.6278198897838593,0.7847210168838501
719,0.6034655749797821,719,0.6278198897838593,0.790791916847229
720,0.6034655749797821,720,0.6278198897838593,0.7905846297740936
721,0.6034667491912842,721,0.6278198897838593,0.763098955154419
722,0.6071101784706116,722,0.6278198897838593,0.7615710139274597
723,0.6066097021102905,723,0.6278198897838593,0.7582578539848328
724,0.6066097021102905,724,0.6317386031150818,0.7702194690704346
725,0.6098010838031769,725,0.6365253269672394,0.773799592256546
726,0.611322033405304,726,0.6366193532943726,0.773385089635849
727,0.611322033405304,727,0.6366193532943726,0.7720056712627411
728,0.6091428697109222,728,0.6373556673526763,0.750137346982956
729,0.6082177221775055,729,0.6374921560287475,0.7312467217445373
730,0.6090147376060486,730,0.6374558806419373,0.7994736313819886
731,0.6044079840183259,731,0.6374558806419373,0.7857604026794434
732,0.6044456958770752,732,0.6329538524150848,0.7612632989883423
733,0.6048413574695587,733,0.6329538524150848,0.7623708605766296
734,0.6048413574695587,734,0.6342373847961426,0.7665316700935364
735,0.6054928958415985,735,0.6353637099266052,0.7837896406650543
736,0.6053188502788543,736,0.6304893672466279,0.7566185116767883
737,0.6037843942642211,737,0.6379766881465911,0.7574454605579376
738,0.6037843942642211,738,0.6379766881465911,0.7636342763900756
739,0.600716483592987,739,0.6425209164619445,0.7912108898162842
740,0.600716483592987,740,0.6435267448425293,0.7782768070697784
741,0.5983677446842194,741,0.6464057743549347,0.7940855145454406
742,0.5989542901515961,742,0.6464057743549347,0.7595777213573456
743,0.5989542901515961,743,0.6464057743549347,0.7818268358707428
744,0.5978564441204071,744,0.6446515917778015,0.8128125488758087
745,0.599693775177002,745,0.6489360094070434,0.7915312349796295
746,0.6006314098834992,746,0.6489360094070434,0.7749352335929871
747,0.6022482633590698,747,0.6459271907806396,0.7818515121936798
748,0.6067754447460174,748,0.6456553339958191,0.7813464641571045
749,0.6067754447460174,749,0.6490175783634186,0.7689359545707702
750,0.6092256128787994,750,0.6479535281658173,0.7866706192493439
751,0.6452532708644867,751,0.5686959266662598,0.7490532875061036
752,0.6437285482883454,752,0.5722208499908448,0.7766793489456176
753,0.6437285482883454,753,0.5701399445533752,0.7514181971549988
754,0.6437285482883454,754,0.5701357364654541,0.7721846640110016
755,0.6437816679477691,755,0.5749178886413574,0.7452131152153015
756,0.6434499859809876,756,0.5723137259483337,0.7882394075393677
757,0.6432923376560211,757,0.5723137259483337,0.7722020804882049
758,0.6429948329925537,758,0.5723340690135956,0.7981664538383484
759,0.6430051684379577,759,0.5723596692085267,0.7674757301807403
760,0.6430051684379577,760,0.5723610162734986,0.7678808152675629
761,0.6424225211143494,761,0.5723610162734986,0.7705504953861236
762,0.6415259540081024,762,0.5723610162734986,0.7595799446105957
763,0.6416207432746888,763,0.5744439899921417,0.7630187571048737
764,0.6414976119995117,764,0.5744565725326538,0.741197693347931
765,0.6414976119995117,765,0.5744565725326538,0.7268750250339509
766,0.641913092136383,766,0.574460482597351,0.742507803440094
767,0.641913092136383,767,0.5744849145412445,0.7498451113700867
768,0.6417206943035125,768,0.5744928419589996,0.7878016471862793
769,0.6411476492881775,769,0.5728007853031158,0.7693442940711975
770,0.640614241361618,770,0.5728007853031158,0.7693114876747131
771,0.640614241361618,771,0.5774824023246765,0.7929587006568909
772,0.64327472448349,772,0.5774820744991302,0.7927682638168335
773,0.6428691804409027,773,0.5774820744991302,0.7889057993888855
774,0.6428691804409027,774,0.5775885283946991,0.8150051653385162
775,0.6428625047206878,775,0.5774058282375336,0.7604738056659699
776,0.6422983169555664,776,0.5834401488304138,0.7721702933311463
777,0.6422983169555664,777,0.5835710644721985,0.7499098598957061
778,0.6426778793334961,778,0.5835710644721985,0.7820352613925934
779,0.641633129119873,779,0.5835710644721985,0.761274641752243
780,0.6423557937145233,780,0.5802183866500854,0.7639431893825531
781,0.64440558552742,781,0.5802183866500854,0.8001626074314118
782,0.6445781767368317,782,0.5802183866500854,0.7607937216758728
783,0.6453150391578675,783,0.5802183866500854,0.7597593784332275
784,0.6453452348709107,784,0.5802183866500854,0.7768990099430084
785,0.6453452348709107,785,0.5802183866500854,0.7538472056388855
786,0.6453452348709107,786,0.5802183866500854,0.7822303712368012
787,0.6453452348709107,787,0.5812859416007996,0.7708839118480683
788,0.6415937900543213,788,0.5813178837299346,0.7619378983974456
789,0.6415910601615906,789,0.5813178837299346,0.7719799280166626
790,0.6402527272701264,790,0.581392103433609,0.7763165533542633
791,0.640775203704834,791,0.5852489233016968,0.7629605948925018
792,0.640775203704834,792,0.5853389918804168,0.7699577152729035
793,0.6407907366752624,793,0.5878575384616852,0.8015513718128204
794,0.641657680273056,794,0.5878575384616852,0.7497606396675109
795,0.6427755057811737,795,0.587080329656601,0.7741701662540436
796,0.6427755057811737,796,0.5870849609375,0.784111374616623
797,0.6418962121009827,797,0.5870849609375,0.7749448657035828
798,0.6418962121009827,798,0.5833907544612884,0.7656681001186371
799,0.6418962121009827,799,0.5834395527839661,0.7569835841655731
800,0.6452032089233398,800,0.5834487497806549,0.7427962183952331
801,0.6454658567905426,801,0.5834487497806549,0.7639784991741181
802,0.6470333993434906,802,0.5834487497806549,0.7805834829807281
803,0.6468010604381561,803,0.5834487497806549,0.7722755491733551
804,0.6468010604381561,804,0.5836491048336029,0.760731428861618
805,0.6479088485240936,805,0.5836491048336029,0.7640830636024475
806,0.6478367805480957,806,0.5836491048336029,0.782085406780243
807,0.6443881273269654,807,0.5932647049427032,0.7910975694656373
808,0.6443881273269654,808,0.5891033113002777,0.7547298908233643
809,0.6433828771114349,809,0.5902936637401581,0.790798568725586
810,0.6433828771114349,810,0.5902936637401581,0.748144680261612
811,0.6445947468280793,811,0.5902936637401581,0.7681074559688568
812,0.6445947468280793,812,0.5902936637401581,0.7478012621402741
813,0.6445947468280793,813,0.5846383750438691,0.759358024597168
814,0.6445947468280793,814,0.5846446275711059,0.7859234988689423
815,0.6445947468280793,815,0.5846446275711059,0.7391405224800109
816,0.6450895845890046,816,0.5840448141098022,0.783786803483963
817,0.6445352137088776,817,0.5851932406425476,0.7821610867977142
818,0.6445352137088776,818,0.5851932406425476,0.7648167908191681
819,0.6445352137088776,819,0.581303334236145,0.7853268027305603
820,0.645059871673584,820,0.5800625026226044,0.7779089510440826
821,0.645059871673584,821,0.5800961256027222,0.7784662306308746
822,0.6456518828868866,822,0.5800961256027222,0.7731302797794342
823,0.6449870705604553,823,0.5800961256027222,0.7479639828205109
824,0.6458886384963989,824,0.5848714768886566,0.7950245618820191
825,0.6458710908889771,825,0.5913866996765137,0.7707128584384918
826,0.6427232265472412,826,0.5914385437965393,0.7759694874286651
827,0.641927981376648,827,0.5914385437965393,0.7606930732727051
828,0.6440335214138031,828,0.5914385437965393,0.7729036629199981
829,0.6440335214138031,829,0.5914529263973236,0.7863760709762573
830,0.6440335214138031,830,0.5932165682315826,0.7799892783164978
831,0.643634307384491,831,0.5910008370876312,0.7786872506141662
832,0.6420117974281311,832,0.5910008370876312,0.7696001172065735
833,0.6429300308227539,833,0.5953411102294922,0.7694690644741058
834,0.6429300308227539,834,0.5953411102294922,0.7606065392494201
835,0.6429300308227539,835,0.594980388879776,0.7643324255943298
836,0.6441024482250214,836,0.5954333245754242,0.7642248213291168
837,0.6441024482250214,837,0.5954333245754242,0.7764510691165925
838,0.6441024482250214,838,0.5954429328441619,0.7681810855865479
839,0.6470008790493011,839,0.5980425000190734,0.7778724610805512
840,0.6470008790493011,840,0.5980425000190734,0.7692640423774719
841,0.6470008790493011,841,0.5933247566223144,0.7909278213977814
842,0.6476893961429596,842,0.5940235495567322,0.7895571529865265
843,0.6470448136329651,843,0.5928923666477204,0.7714496672153472
844,0.6482671916484832,844,0.592886233329773,0.7570111691951752
845,0.6482671916484832,845,0.5975010812282562,0.7631224095821381
846,0.6468729257583619,846,0.5975010812282562,0.7838721871376038
847,0.6468729257583619,847,0.5968415856361389,0.7864619374275208
848,0.6468729257583619,848,0.5968415856361389,0.7530894815921784
849,0.6468980967998504,849,0.5975407183170318,0.7700896382331848
850,0.6489931464195251,850,0.599682629108429,0.7594317495822906
851,0.6506571412086487,851,0.6010541975498199,0.7745617926120758
852,0.6462622225284577,852,0.6051370680332184,0.7853575348854065
853,0.6462622225284577,853,0.6061061143875122,0.7927582621574402
854,0.6445614457130432,854,0.6061340391635894,0.7796901285648346
855,0.6445940613746644,855,0.6067927002906799,0.7961044371128082
856,0.6445940613746644,856,0.6068030297756195,0.791003406047821
857,0.6448267459869385,857,0.6128825426101685,0.7927397906780242
858,0.6438145101070404,858,0.6128825426101685,0.7871633529663086
859,0.6387425541877747,859,0.6128825426101685,0.784840589761734
860,0.6420569717884064,860,0.6128825426101685,0.7641628921031952
861,0.6420569717884064,861,0.6128825426101685,0.7791672289371491
862,0.6420569717884064,862,0.6035922229290008,0.7929642498493195
863,0.6420569717884064,863,0.603655195236206,0.7980766236782074
864,0.6386874675750732,864,0.603671270608902,0.7615555822849274
865,0.6348404228687287,865,0.6036825597286224,0.7623356401920318
866,0.6348404228687287,866,0.6036825597286224,0.7710245907306671
867,0.6358174622058869,867,0.6036825597286224,0.7739869654178619
868,0.636454439163208,868,0.6050940990447998,0.790054976940155
869,0.636454439163208,869,0.6050940990447998,0.7768561601638794
870,0.6358301758766174,870,0.6063436806201935,0.7778663814067841
871,0.6360259592533112,871,0.6063436806201935,0.7626161634922027
872,0.635838383436203,872,0.6111875772476196,0.7524704754352569
873,0.6371680200099945,873,0.6111551344394683,0.776721739768982
874,0.6371680200099945,874,0.6111551344394683,0.7587895393371582
875,0.6388548791408539,875,0.6110864698886871,0.7895202338695526
876,0.6380001306533813,876,0.6110923528671265,0.7547172605991364
877,0.638088446855545,877,0.6110923528671265,0.7810282707214355
878,0.6366901755332947,878,0.6110923528671265,0.7673594772815704
879,0.6366901755332947,879,0.6110810995101928,0.7893568634986877
880,0.6378345429897309,880,0.6110810995101928,0.8068641126155853
881,0.6333576560020446,881,0.6110783219337463,0.7869026303291321
882,0.6318679809570312,882,0.6114815771579742,0.7807728946208954
883,0.6307950258255005,883,0.6114810526371002,0.7700243294239044
884,0.6307950258255005,884,0.6176183998584748,0.7643894791603089
885,0.6306609511375427,885,0.6176183998584748,0.7769016861915589
886,0.6288668632507324,886,0.6176183998584748,0.7910478055477143
887,0.6288668632507324,887,0.6177307546138764,0.7576143682003021
888,0.6288668632507324,888,0.61673623919487,0.7927071750164032
889,0.6288668632507324,889,0.6159317374229432,0.7945242464542389
890,0.6290572702884674,890,0.6159317374229432,0.7723071575164795
891,0.6287784397602081,891,0.6159317374229432,0.7705067873001099
892,0.6260514259338379,892,0.6159317374229432,0.7621809005737304
893,0.6274104475975036,893,0.6159317374229432,0.7947029113769531
894,0.6282968938350677,894,0.6159317374229432,0.7589202225208282
895,0.6282968938350677,895,0.6148591995239258,0.7600165069103241
896,0.6297244787216186,896,0.6148591995239258,0.783613407611847
897,0.6301162719726563,897,0.6148591995239258,0.7678465425968171
898,0.6243225812911988,898,0.6148591995239258,0.7383871495723724
899,0.6242157816886902,899,0.6155192255973816,0.7649731457233429
900,0.6253842890262604,900,0.6158918380737305,0.7866767883300781
901,0.6253842890262604,901,0.6165978074073791,0.7652888059616089
902,0.6259332299232483,902,0.6165978074073791,0.7782737672328949
903,0.6259592652320862,903,0.6166188955307007,0.7693993985652924
904,0.6259592652320862,904,0.6164241015911103,0.7861957311630249
905,0.6259592652320862,905,0.6164598226547241,0.8038504660129547
906,0.6254330217838288,906,0.6164600908756256,0.7588937997817993
907,0.6242959201335907,907,0.6104096949100495,0.7670884609222413
908,0.6242959201335907,908,0.6104096949100495,0.7718681633472443
909,0.6228781819343567,909,0.6104096949100495,0.7823485672473908
910,0.6268111348152161,910,0.6104096949100495,0.7660833299160004
911,0.6268111348152161,911,0.6134900629520417,0.7658185660839081
912,0.6268111348152161,912,0.6136472821235657,0.7727811098098755
913,0.624370527267456,913,0.6136495769023895,0.7598049342632294
914,0.624370527267456,914,0.6136495769023895,0.7754816949367523
915,0.6223118960857391,915,0.6143476128578186,0.7717878460884094
916,0.6223118960857391,916,0.6143476128578186,0.7901228070259094
917,0.6223118960857391,917,0.6143476128578186,0.7731430411338807
918,0.6228369057178498,918,0.6142747879028321,0.7696477353572846
919,0.6228369057178498,919,0.6142747879028321,0.783394992351532
920,0.6228573322296143,920,0.6142747879028321,0.769923084974289
921,0.6240830302238465,921,0.6146502494812012,0.7835537612438201
922,0.6240830302238465,922,0.6146502494812012,0.7684388041496277
923,0.6240830302238465,923,0.6195701479911804,0.7751231133937836
924,0.6234332025051117,924,0.6187736809253692,0.7758932709693909
925,0.6216896831989288,925,0.6187736809253692,0.7820434331893921
926,0.6154073178768158,926,0.6216506361961365,0.7567592084407806
927,0.6171312093734741,927,0.6216506361961365,0.7619927763938904
928,0.6163834452629089,928,0.6216506361961365,0.7527256011962891
929,0.6158398628234864,929,0.6216506361961365,0.7656673789024353
930,0.6155808746814728,930,0.6216506361961365,0.7721623301506042
931,0.6156519412994385,931,0.6216506361961365,0.8109053611755371
932,0.6116752624511719,932,0.621945595741272,0.7909232199192047
933,0.6121798276901245,933,0.621309119462967,0.7608257174491883
934,0.6149428129196167,934,0.625420618057251,0.7769129037857055
935,0.6187387228012085,935,0.6245903015136719,0.7824008107185364
936,0.6209825158119202,936,0.6245903015136719,0.7691642701625824
937,0.6217941761016845,937,0.6245324552059174,0.8010264933109283
938,0.619635796546936,938,0.6245389699935913,0.786233913898468
939,0.6189987361431122,939,0.6248459696769715,0.7741844952106476
940,0.6186777830123902,940,0.6248459696769715,0.7574022769927978
941,0.6186777830123902,941,0.6248459696769715,0.7951751947402954
942,0.6223559319972992,942,0.6252879202365875,0.7865833818912507
943,0.6226215302944184,943,0.6252879202365875,0.7681860744953155
944,0.6229878246784211,944,0.6252879202365875,0.7502200126647949
945,0.6220837891101837,945,0.6237166047096252,0.7839533030986786
946,0.6220837891101837,946,0.6287527918815613,0.7776528179645539
947,0.6205701470375061,947,0.6292329668998718,0.8035635471343994
948,0.6227795302867889,948,0.6292651951313019,0.7788540303707123
949,0.6215404391288757,949,0.6286048054695129,0.7369275510311126
950,0.6224970817565918,950,0.6286048054695129,0.7678975224494934
951,0.6214720010757446,951,0.6320411741733551,0.744213730096817
952,0.6217171788215637,952,0.6320411741733551,0.7745398283004761
953,0.6217171788215637,953,0.6320411741733551,0.7602384626865387
954,0.6217171788215637,954,0.6322947323322297,0.798246431350708
955,0.6211931228637695,955,0.6322947323322297,0.7805821001529694
956,0.6211931228637695,956,0.6322576463222503,0.7578362643718719
957,0.6194758355617523,957,0.6322576463222503,0.7752344310283661
958,0.6218795061111451,958,0.6322576463222503,0.7905549347400666
959,0.621504032611847,959,0.6327454626560212,0.7609454393386841
960,0.6188799738883972,960,0.6333053529262542,0.7599572539329529
961,0.6188799738883972,961,0.6333053529262542,0.7894149959087372
962,0.6197428405284882,962,0.6332379400730133,0.7842348098754883
963,0.6197428405284882,963,0.6338226139545441,0.767595499753952
964,0.6184676826000214,964,0.6338108062744141,0.764914470911026
965,0.6192028224468231,965,0.6338108062744141,0.7793439507484436
966,0.6192028224468231,966,0.6337975859642029,0.7697082102298737
967,0.6201894819736481,967,0.6337975859642029,0.7716349005699158
968,0.6233232021331787,968,0.6337975859642029,0.7964780330657959
969,0.6232672929763794,969,0.6337975859642029,0.7704723179340363
970,0.6232672929763794,970,0.6338198840618133,0.7589818060398101
971,0.6227478384971619,971,0.6338198840618133,0.7917617917060852
972,0.6224365651607513,972,0.6338198840618133,0.7803348243236542
973,0.620288199186325,973,0.6338505327701569,0.7756825268268586
974,0.61940136551857,974,0.6338505327701569,0.7779086768627167
975,0.6189211428165435,975,0.6338878870010376,0.767535126209259
976,0.6189211428165435,976,0.6411503255367279,0.7686687529087066
977,0.6189211428165435,977,0.63808873295784,0.7760498046875
978,0.6150794863700867,978,0.6380995750427246,0.7723399877548218
979,0.6124847829341888,979,0.6382431983947754,0.7719019532203675
980,0.611628532409668,980,0.6413671374320984,0.7570574343204498
981,0.611628532409668,981,0.641563767194748,0.7767396628856659
982,0.6127191662788392,982,0.641563767194748,0.7876462519168854
983,0.6148301243782044,983,0.641563767194748,0.7629541456699371
984,0.6148301243782044,984,0.641563767194748,0.7898067533969879
985,0.6161399364471436,985,0.6420355498790741,0.7774987339973449
986,0.6186736464500427,986,0.6419745564460755,0.7506394743919372
987,0.6203567206859588,987,0.6419745564460755,0.7741192519664765
988,0.6175889015197754,988,0.6455651640892028,0.7861651539802551
989,0.6175889015197754,989,0.6455651640892028,0.8009872078895569
990,0.6183042407035828,990,0.6455651640892028,0.7596913337707519
991,0.6181723952293396,991,0.6454875290393829,0.7811021685600281
992,0.6181723952293396,992,0.6456486582756042,0.7649354994297027
993,0.6222826659679412,993,0.6411169826984405,0.7736443519592285
994,0.6222826659679412,994,0.6414519011974334,0.7919528841972351
995,0.6222826659679412,995,0.6415045917034149,0.7565512418746948
996,0.6222826659679412,996,0.6414990484714508,0.7778114974498749
997,0.6240280747413636,997,0.6414990484714508,0.7705287873744965
998,0.6263045847415925,998,0.6414990484714508,0.7832908928394318
999,0.626436734199524,999,0.6428703010082245,0.7519078016281128
1000,0.6255117237567902,1000,0.639148885011673,0.7555820226669312
1001,0.639901316165924,1001,0.5657868623733521,0.7721272230148315
1002,0.6388924539089202,1002,0.5755414843559266,0.7714873850345612
1003,0.6397276520729065,1003,0.575538557767868,0.7724196434020996
1004,0.6397276520729065,1004,0.5755551338195801,0.7550433158874512
1005,0.6404466509819031,1005,0.5755697250366211,0.7754875361919403
1006,0.6404466509819031,1006,0.5757527112960815,0.7983081638813019
1007,0.638546085357666,1007,0.5710078597068786,0.7774259865283966
1008,0.6398361265659332,1008,0.5710078597068786,0.7658455669879913
1009,0.6398428022861481,1009,0.5710078597068786,0.7932467877864837
1010,0.6398428022861481,1010,0.5710056006908417,0.7977818131446839
1011,0.6398428022861481,1011,0.5710056006908417,0.7671813189983367
1012,0.6398428022861481,1012,0.5715469002723694,0.7577062308788299
1013,0.6398428022861481,1013,0.5715469002723694,0.7490147233009339
1014,0.6384695768356323,1014,0.5715469002723694,0.771569573879242
1015,0.6373341321945191,1015,0.5715469002723694,0.7772954106330872
1016,0.6366611242294311,1016,0.5715469002723694,0.77717325091362
1017,0.6357619643211365,1017,0.5715469002723694,0.780013632774353
1018,0.6364883482456207,1018,0.5715469002723694,0.7835089325904846
1019,0.6356401860713958,1019,0.5715660154819489,0.7863701462745667
1020,0.6362307965755463,1020,0.5715660154819489,0.7857063591480256
1021,0.6362307965755463,1021,0.571905380487442,0.7836749196052551
1022,0.6350588023662567,1022,0.5725767493247986,0.7719561100006104
1023,0.6358798444271088,1023,0.5726007461547852,0.79502272605896
1024,0.6358798444271088,1024,0.5726007461547852,0.7891869843006134
1025,0.6389083325862884,1025,0.5742205619812012,0.7805745363235473
1026,0.6389083325862884,1026,0.5726851224899292,0.7646498560905457
1027,0.6390944361686707,1027,0.5726851224899292,0.7559446334838867
1028,0.6390944361686707,1028,0.5726851224899292,0.7869432449340821
1029,0.6390944361686707,1029,0.5721985459327698,0.7604101777076722
1030,0.6390944361686707,1030,0.5722455382347107,0.7652655601501465
1031,0.6397025763988495,1031,0.5722296357154846,0.7735750198364257
1032,0.6405889987945557,1032,0.5722296357154846,0.7465681552886962
1033,0.6395008862018585,1033,0.5722296357154846,0.7951608717441558
1034,0.6395008862018585,1034,0.5739219844341278,0.7539974808692932
1035,0.6395008862018585,1035,0.5739258289337158,0.7559412598609925
1036,0.6395008862018585,1036,0.5739258289337158,0.7958789050579071
1037,0.639252531528473,1037,0.5739258289337158,0.777018004655838
1038,0.639252531528473,1038,0.576394546031952,0.7900470137596131
1039,0.6420483946800232,1039,0.5763877153396606,0.7862986922264099
1040,0.6420252978801727,1040,0.5752055883407593,0.7968632817268372
1041,0.6441981196403503,1041,0.5752225458621979,0.7940141141414643
1042,0.6441981196403503,1042,0.5752225458621979,0.8078296720981598
1043,0.6435699582099914,1043,0.5757782101631165,0.7956170499324798
1044,0.6483797669410706,1044,0.5758165836334228,0.7450158357620239
1045,0.6475599408149719,1045,0.5758165836334228,0.7447733283042908
1046,0.6483017385005951,1046,0.575834721326828,0.7990794956684113
1047,0.6466128945350647,1047,0.5768222630023956,0.7694225668907165
1048,0.6466128945350647,1048,0.5768222630023956,0.7963774502277374
1049,0.6466128945350647,1049,0.5780516922473907,0.7765251636505127
1050,0.6466128945350647,1050,0.5788310885429382,0.7807729244232178
1051,0.6466128945350647,1051,0.5802246272563935,0.7828167378902435
1052,0.6466128945350647,1052,0.580221426486969,0.7759482860565186
1053,0.6452772080898285,1053,0.5802318632602692,0.7736673831939698
1054,0.6452772080898285,1054,0.5844978392124176,0.7573678731918335
1055,0.6419536590576171,1055,0.5788389503955841,0.7804369330406189
1056,0.6412414193153382,1056,0.5787858545780182,0.7689383149147033
1057,0.6412414193153382,1057,0.5787858545780182,0.7698214113712311
1058,0.6412414193153382,1058,0.5787858545780182,0.7890907049179077
1059,0.6405588269233704,1059,0.5787907540798187,0.7828032851219178
1060,0.638809984922409,1060,0.5787907540798187,0.7751344621181488
1061,0.638809984922409,1061,0.5787907540798187,0.7596864581108094
1062,0.638809984922409,1062,0.5787907540798187,0.7885348260402679
1063,0.640007221698761,1063,0.5787907540798187,0.7514063954353333
1064,0.6384422183036804,1064,0.5878816962242126,0.7700464844703674
1065,0.6393236815929413,1065,0.5878816962242126,0.7683140933513641
1066,0.6384016335010528,1066,0.5875913143157959,0.7889101922512054
1067,0.6410250008106232,1067,0.5875913143157959,0.789025855064392
1068,0.641693502664566,1068,0.5875755250453949,0.739278906583786
1069,0.641693502664566,1069,0.5875782430171966,0.7634025514125824
1070,0.641693502664566,1070,0.5875782430171966,0.7508463799953461
1071,0.6402409791946411,1071,0.5875782430171966,0.7565652966499329
1072,0.640754348039627,1072,0.5885326623916626,0.7901756346225739
1073,0.640754348039627,1073,0.5885326623916626,0.7623575627803802
1074,0.640754348039627,1074,0.5885326623916626,0.7725716650485992
1075,0.6398033797740936,1075,0.5885326623916626,0.7771186888217926
1076,0.6398033797740936,1076,0.5885394394397736,0.75723517537117
1077,0.6401822626590729,1077,0.5873958766460419,0.8039965808391571
1078,0.641051971912384,1078,0.5879843890666961,0.7487274646759033
1079,0.6402181088924408,1079,0.5879843890666961,0.7950909197330475
1080,0.6400168418884278,1080,0.5880016446113586,0.7819906294345855
1081,0.6392224788665771,1081,0.5867942631244659,0.7774813413619995
1082,0.6392224788665771,1082,0.5867981135845184,0.7863352596759796
1083,0.643540209531784,1083,0.5867981135845184,0.779121333360672
1084,0.643540209531784,1084,0.5869704008102417,0.768988561630249
1085,0.643540209531784,1085,0.5869714379310608,0.7493682384490967
1086,0.6441961348056793,1086,0.5869714379310608,0.774037653207779
1087,0.6403247952461243,1087,0.5814914107322693,0.7962449848651886
1088,0.640475869178772,1088,0.5814914107322693,0.7725797653198242
1089,0.640475869178772,1089,0.5814914107322693,0.7580824792385101
1090,0.640475869178772,1090,0.5814914107322693,0.750625616312027
1091,0.640475869178772,1091,0.5819516241550445,0.7739503145217895
1092,0.6406680345535278,1092,0.5819516241550445,0.771530932188034
1093,0.639316987991333,1093,0.5826832771301269,0.7691246747970581
1094,0.6414733767509461,1094,0.5826911985874176,0.7864001572132111
1095,0.6414733767509461,1095,0.5845014929771424,0.7985132575035095
1096,0.6414733767509461,1096,0.5845014929771424,0.757581913471222
1097,0.6414733767509461,1097,0.5845014929771424,0.7868402004241943
1098,0.6414733767509461,1098,0.5845014929771424,0.789704567193985
1099,0.6414733767509461,1099,0.5845014929771424,0.7541366577148437
1100,0.6395040571689605,1100,0.5844978809356689,0.7859762072563171
1101,0.6372731506824494,1101,0.5844978809356689,0.7665040671825409
1102,0.6372731506824494,1102,0.5852593719959259,0.7984981179237366
1103,0.6381354451179504,1103,0.5850819110870361,0.7938207566738129
1104,0.6388546824455261,1104,0.5850967466831207,0.7842509806156158
1105,0.6388546824455261,1105,0.58428955078125,0.7810358524322509
1106,0.6400367021560669,1106,0.5842909812927246,0.7682010650634765
1107,0.6366291880607605,1107,0.5842909812927246,0.760312432050705
1108,0.6366291880607605,1108,0.5851170718669891,0.7823596894741058
1109,0.6372544944286347,1109,0.5882297337055207,0.7833599984645844
1110,0.6366100966930389,1110,0.5882297337055207,0.7831281542778015
1111,0.6377824008464813,1111,0.5882390737533569,0.7592198610305786
1112,0.6377824008464813,1112,0.5886141061782837,0.7809550106525421
1113,0.6377824008464813,1113,0.5886141061782837,0.7886427223682404
1114,0.6375288724899292,1114,0.5900380432605743,0.7818187415599823
1115,0.6375288724899292,1115,0.5906477332115173,0.7785843133926391
1116,0.6371027946472168,1116,0.5906477332115173,0.7747582793235779
1117,0.6377237379550934,1117,0.5906452417373658,0.7478269338607788
1118,0.6370882987976074,1118,0.5906452417373658,0.7769780039787293
1119,0.6370989263057709,1119,0.5906478762626648,0.755963921546936
1120,0.6366955935955048,1120,0.5906478762626648,0.7995230495929718
1121,0.6397495985031127,1121,0.591419380903244,0.7750377058982849
1122,0.6438622176647186,1122,0.591419380903244,0.7727085471153259
1123,0.6412153244018555,1123,0.591419380903244,0.785527515411377
1124,0.6404456377029419,1124,0.5907201647758484,0.7754687309265137
1125,0.6353080093860626,1125,0.5930341958999634,0.7661305785179138
1126,0.6333541929721832,1126,0.5930341958999634,0.7647897720336914
1127,0.6333541929721832,1127,0.5930341958999634,0.7871483325958252
1128,0.6333541929721832,1128,0.5930341958999634,0.77802854180336
1129,0.6329931914806366,1129,0.5930341958999634,0.769355571269989
1130,0.6324069678783417,1130,0.5930341958999634,0.7737545073032379
1131,0.6328571438789368,1131,0.5930444061756134,0.7829245150089263
1132,0.63428493142128,1132,0.5873432338237763,0.7790715634822846
1133,0.6352093577384949,1133,0.5873337328433991,0.781757938861847
1134,0.6301004648208618,1134,0.5873337328433991,0.7758269846439362
1135,0.6290010273456573,1135,0.5930473446846009,0.7690046310424805
1136,0.6296672582626343,1136,0.597044575214386,0.7710663855075837
1137,0.6312634766101837,1137,0.597044575214386,0.7730663180351257
1138,0.6345152020454407,1138,0.5980940818786621,0.7619696199893952
1139,0.6332614123821259,1139,0.6019612550735474,0.7472151339054107
1140,0.6332614123821259,1140,0.6081596791744233,0.767157131433487
1141,0.6332614123821259,1141,0.6072177112102508,0.7809677243232727
1142,0.6332614123821259,1142,0.6083048641681671,0.765058833360672
1143,0.6332614123821259,1143,0.6083048641681671,0.7485903620719909
1144,0.6332614123821259,1144,0.611120194196701,0.7726333320140839
1145,0.6332289218902588,1145,0.6114994943141937,0.7667050123214721
1146,0.6319561243057251,1146,0.6114994943141937,0.7897370636463166
1147,0.6330568194389343,1147,0.6114994943141937,0.7589278638362884
1148,0.6330568194389343,1148,0.6087671160697937,0.7990682780742645
1149,0.6285883367061615,1149,0.6087671160697937,0.7936395883560181
1150,0.6285145699977874,1150,0.6087671160697937,0.7803606629371643
1151,0.6283792376518249,1151,0.6087671160697937,0.7676674842834472
1152,0.6261852979660034,1152,0.6094271302223205,0.7927561104297638
1153,0.6249916553497314,1153,0.6094322860240936,0.7729368805885315
1154,0.623282277584076,1154,0.6094410479068756,0.7776096224784851
1155,0.623282277584076,1155,0.6100964426994324,0.7956705987453461
1156,0.623282277584076,1156,0.6117956280708313,0.8039128541946411
1157,0.6274930357933044,1157,0.6122343361377716,0.7980301678180695
1158,0.627051693201065,1158,0.6122343361377716,0.7754355907440186
1159,0.6225234866142273,1159,0.6122343361377716,0.7860864460468292
1160,0.6225234866142273,1160,0.6122343361377716,0.8057161509990692
1161,0.6225234866142273,1161,0.6122343361377716,0.7985038995742798
1162,0.6218467950820923,1162,0.6122343361377716,0.7715253293514251
1163,0.6218467950820923,1163,0.6122343361377716,0.8095727145671845
1164,0.6218467950820923,1164,0.611965435743332,0.7824860751628876
1165,0.6219461321830749,1165,0.611965435743332,0.7816376984119415
1166,0.6218797862529755,1166,0.6119561493396759,0.7820252001285553
1167,0.620222669839859,1167,0.6119563639163971,0.772430557012558
1168,0.6197747826576233,1168,0.6119563639163971,0.7788323044776917
1169,0.6168242812156677,1169,0.6119563639163971,0.7767791271209716
1170,0.6168242812156677,1170,0.6108266413211823,0.8087947309017182
1171,0.6158267319202423,1171,0.6108317852020264,0.7676393926143646
1172,0.6085248172283173,1172,0.6108317852020264,0.7734436631202698
1173,0.6085248172283173,1173,0.6107990980148316,0.7808194637298584
1174,0.612304437160492,1174,0.6107990980148316,0.784065330028534
1175,0.612304437160492,1175,0.6107995808124542,0.7743955850601196
1176,0.6146742105484009,1176,0.6107995808124542,0.7745164930820465
1177,0.6146742105484009,1177,0.6107995808124542,0.7648712754249573
1178,0.6180424571037293,1178,0.6107995808124542,0.7797112166881561
1179,0.6107773303985595,1179,0.604604709148407,0.7827901005744934
1180,0.6107773303985595,1180,0.605034202337265,0.7649796724319458
1181,0.6107773303985595,1181,0.6081180036067962,0.7885190010070801
1182,0.6107773303985595,1182,0.6081414222717285,0.7865684509277344
1183,0.6107773303985595,1183,0.6077995359897613,0.788348251581192
1184,0.6107773303985595,1184,0.6077943444252014,0.7632786571979523
1185,0.6070722162723541,1185,0.6075721740722656,0.775565767288208
1186,0.6066110253334045,1186,0.6075800657272339,0.7820267498493194
1187,0.6066110253334045,1187,0.6066830158233643,0.7680470645427704
1188,0.6090364813804626,1188,0.6060357451438904,0.7836141943931579
1189,0.6082779407501221,1189,0.6060357451438904,0.7826348125934601
1190,0.6102102994918823,1190,0.6060357451438904,0.7621452271938324
1191,0.6102102994918823,1191,0.6054214894771576,0.7921084702014923
1192,0.6102053999900818,1192,0.6054013907909394,0.8075975596904754
1193,0.6079836547374725,1193,0.6053292512893677,0.7877915978431702
1194,0.6073383629322052,1194,0.6096637666225433,0.7728813827037812
1195,0.6068620085716248,1195,0.6136130273342133,0.7885339260101318
1196,0.6068620085716248,1196,0.6139923334121704,0.7478739798069001
1197,0.6065585255622864,1197,0.6147644400596619,0.78503977060318
1198,0.6067587912082673,1198,0.6147644400596619,0.7827853262424469
1199,0.6056674480438232,1199,0.6147517561912537,0.7714775502681732
1200,0.6063294172286987,1200,0.6147517561912537,0.7515376508235931
1201,0.6054220259189605,1201,0.6130331635475159,0.7870579421520233
1202,0.6053426206111908,1202,0.6130331635475159,0.7448379814624786
1203,0.6022526443004608,1203,0.6130331635475159,0.8003116250038147
1204,0.6022794961929321,1204,0.6130362033843995,0.7539034366607666
1205,0.6022794961929321,1205,0.6130362033843995,0.770741879940033
1206,0.6028661549091339,1206,0.613028061389923,0.7726957201957703
1207,0.6028661549091339,1207,0.6124491751194,0.7654409885406495
1208,0.6028661549091339,1208,0.611397510766983,0.7739239871501923
1209,0.6029090046882629,1209,0.6108179211616516,0.786189752817154
1210,0.6028343260288238,1210,0.6108179211616516,0.7919686794281006
1211,0.6028343260288238,1211,0.6101976156234741,0.794379073381424
1212,0.6028343260288238,1212,0.6101976156234741,0.773963850736618
1213,0.6028343260288238,1213,0.6100732564926148,0.7699222564697266
1214,0.6022147297859192,1214,0.6100510418415069,0.7689863264560699
1215,0.602498584985733,1215,0.6100510418415069,0.7522951126098633
1216,0.602498584985733,1216,0.6100510418415069,0.7866689205169678
1217,0.602498584985733,1217,0.6100510418415069,0.7767301619052887
1218,0.6025618433952331,1218,0.6100510418415069,0.755164384841919
1219,0.5997960329055786,1219,0.6100510418415069,0.7582777082920075
1220,0.5998070895671844,1220,0.6108389675617218,0.7773028790950776
1221,0.6023362219333649,1221,0.6108389675617218,0.7313727676868439
1222,0.6041443467140197,1222,0.6159067928791047,0.7905823230743408
1223,0.6041443467140197,1223,0.6160769999027252,0.7798064470291137
1224,0.6041443467140197,1224,0.6160769999027252,0.7642606735229492
1225,0.6030177652835846,1225,0.6160769999027252,0.751479983329773
1226,0.6030177652835846,1226,0.6209118843078614,0.7988684058189393
1227,0.6030177652835846,1227,0.6215283095836639,0.7909480631351471
1228,0.6030177652835846,1228,0.6215283095836639,0.7771446228027343
1229,0.6030177652835846,1229,0.6215283095836639,0.7615921437740326
1230,0.6030177652835846,1230,0.6276287317276001,0.7853008568286896
1231,0.6030177652835846,1231,0.6266956210136414,0.759921395778656
1232,0.600021481513977,1232,0.6266956210136414,0.7857761979103088
1233,0.5987032055854797,1233,0.6266956210136414,0.7580694913864136
1234,0.5991518318653106,1234,0.6266956210136414,0.7789163649082184
1235,0.5991518318653106,1235,0.625825971364975,0.7890057027339935
1236,0.5991531670093536,1236,0.625825971364975,0.7768074572086334
1237,0.5991531670093536,1237,0.6257818639278412,0.7604559481143951
1238,0.5991531670093536,1238,0.6257818639278412,0.8016955137252808
1239,0.5981682658195495,1239,0.6257818639278412,0.7742431342601777
1240,0.5977529346942901,1240,0.626396656036377,0.7751474380493164
1241,0.5977529346942901,1241,0.6263927221298218,0.7376170098781586
1242,0.5977529346942901,1242,0.6203229546546936,0.73642218708992
1243,0.5977529346942901,1243,0.6202929019927979,0.7884701013565063
1244,0.6008854031562805,1244,0.6202929019927979,0.770637434720993
1245,0.6010121822357177,1245,0.6202929019927979,0.7797031879425049
1246,0.6025516986846924,1246,0.6202929019927979,0.7495940148830413
1247,0.60073521733284,1247,0.6202929019927979,0.7348975718021393
1248,0.6024155497550965,1248,0.620302939414978,0.7663543879985809
1249,0.6024155497550965,1249,0.6203054785728455,0.756938499212265
1250,0.6031808495521546,1250,0.6203336119651794,0.7898796558380127
1251,0.6429490447044373,1251,0.5592656970024109,0.7897662460803986
1252,0.6439148426055908,1252,0.5592656970024109,0.7949246287345886
1253,0.6441978454589844,1253,0.5592719614505768,0.7671576797962188
1254,0.6450344800949097,1254,0.5592719614505768,0.7792082667350769
1255,0.6417917668819427,1255,0.5592719614505768,0.774739944934845
1256,0.6424777507781982,1256,0.5592719614505768,0.7774954378604889
1257,0.6445588827133178,1257,0.5592749953269959,0.7903471469879151
1258,0.6445588827133178,1258,0.5592749953269959,0.7813875734806061
1259,0.6445588827133178,1259,0.5594218671321869,0.7746110618114471
1260,0.6440574586391449,1260,0.5594282388687134,0.8025489509105682
1261,0.6446348845958709,1261,0.5608397364616394,0.7783629536628723
1262,0.6454813122749329,1262,0.5608430504798889,0.7762463092803955
1263,0.6478691458702087,1263,0.5608430504798889,0.7818079769611359
1264,0.6478691458702087,1264,0.560689526796341,0.7576573550701141
1265,0.6478691458702087,1265,0.560689526796341,0.7840672612190247
1266,0.6491389453411103,1266,0.560689526796341,0.797576081752777
1267,0.6474853932857514,1267,0.5607140004634857,0.7512537956237793
1268,0.6477569758892059,1268,0.5607140004634857,0.778947651386261
1269,0.6471849739551544,1269,0.5614771485328675,0.7873771250247955
1270,0.6471849739551544,1270,0.5614887297153472,0.7680764734745026
1271,0.6471849739551544,1271,0.5614887297153472,0.7992381751537323
1272,0.6434854090213775,1272,0.5614906370639801,0.7613043189048767
1273,0.6437286317348481,1273,0.5614906370639801,0.7566924095153809
1274,0.6437286317348481,1274,0.5614906370639801,0.7684673547744751
1275,0.6437286317348481,1275,0.5640884160995483,0.8088677644729614
1276,0.6442280173301697,1276,0.5640884160995483,0.767477399110794
1277,0.6468259394168854,1277,0.5640884160995483,0.7755980253219604
1278,0.6468259394168854,1278,0.5640884160995483,0.7615769028663635
1279,0.6468259394168854,1279,0.5640884160995483,0.7916206002235413
1280,0.6468259394168854,1280,0.5641524195671082,0.7575106084346771
1281,0.644629567861557,1281,0.5665776073932648,0.7934404075145721
1282,0.6455706298351288,1282,0.5665776073932648,0.7701023578643799
1283,0.6463553547859192,1283,0.569284987449646,0.7544101357460022
1284,0.6463553547859192,1284,0.5705480217933655,0.762451034784317
1285,0.647690623998642,1285,0.5705480217933655,0.7582508385181427
1286,0.647690623998642,1286,0.5696871340274811,0.7882647931575775
1287,0.6469598710536957,1287,0.5696871340274811,0.7869708657264709
1288,0.6469598710536957,1288,0.5696871340274811,0.7776254892349244
1289,0.6464054942131042,1289,0.5696871340274811,0.785202431678772
1290,0.6456907868385315,1290,0.5696949124336242,0.7739524722099305
1291,0.6458683788776398,1291,0.5696949124336242,0.7915561497211456
1292,0.646744966506958,1292,0.5696949124336242,0.7795761585235595
1293,0.6492639482021332,1293,0.5697025120258331,0.7739104926586151
1294,0.6492639482021332,1294,0.5703930139541626,0.7634410977363586
1295,0.6497692167758942,1295,0.5703930139541626,0.769513726234436
1296,0.650489193201065,1296,0.5726007461547852,0.7774550974369049
1297,0.6546564996242523,1297,0.5726007461547852,0.782180792093277
1298,0.651532518863678,1298,0.5729302883148193,0.7644830822944642
1299,0.6518462777137757,1299,0.5729302883148193,0.7692392110824585
1300,0.6521588087081909,1300,0.5744433403015137,0.7841574966907501
1301,0.6521588087081909,1301,0.5744433403015137,0.801184618473053
1302,0.652655440568924,1302,0.5804869353771209,0.7856147885322571
1303,0.652655440568924,1303,0.5816585183143616,0.7950737357139588
1304,0.652655440568924,1304,0.5816585183143616,0.7535452604293823
1305,0.6519267976284027,1305,0.5816585183143616,0.7895520150661468
1306,0.6507733404636383,1306,0.5816938817501068,0.7608140408992767
1307,0.6507733404636383,1307,0.5816938817501068,0.750203138589859
1308,0.6518530368804931,1308,0.5817103743553161,0.7728862464427948
1309,0.6518530368804931,1309,0.5862691640853882,0.7792656302452088
1310,0.6537554681301116,1310,0.5869505941867829,0.782679432630539
1311,0.6537554681301116,1311,0.5826537489891053,0.7910177290439606
1312,0.6562432408332824,1312,0.5826537489891053,0.7852555096149445
1313,0.6566012918949127,1313,0.5826537489891053,0.765793251991272
1314,0.6569415688514709,1314,0.5826537489891053,0.7942647993564605
1315,0.6580533683300018,1315,0.5826537489891053,0.771301132440567
1316,0.6580533683300018,1316,0.5869467794895172,0.777407455444336
1317,0.6580533683300018,1317,0.5869467794895172,0.7974381744861603
1318,0.6539037108421326,1318,0.5869467794895172,0.7784657418727875
1319,0.6539037108421326,1319,0.5869467794895172,0.7703058660030365
1320,0.6546798050403595,1320,0.586949497461319,0.7974569499492645
1321,0.6546798050403595,1321,0.5877195477485657,0.744249576330185
1322,0.6535833835601806,1322,0.5877195477485657,0.7967694878578186
1323,0.6535833835601806,1323,0.5877195477485657,0.7582816421985626
1324,0.6532045125961303,1324,0.5881288051605225,0.7952929556369781
1325,0.654219675064087,1325,0.5881426692008972,0.7966483473777771
1326,0.654219675064087,1326,0.5881426692008972,0.7709094822406769
1327,0.6545597732067108,1327,0.5928265750408173,0.7594320893287658
1328,0.6553846776485444,1328,0.5972428858280182,0.768075031042099
1329,0.6555684089660645,1329,0.5972428858280182,0.7771808743476868
1330,0.6556390225887299,1330,0.6000106513500214,0.7932959854602813
1331,0.6566284954547882,1331,0.5995496809482574,0.7811655521392822
1332,0.6612176954746246,1332,0.5995496809482574,0.7642964422702789
1333,0.6566726267337799,1333,0.6051347017288208,0.7610884428024292
1334,0.6566726267337799,1334,0.6051347017288208,0.7712605714797973
1335,0.6568315923213959,1335,0.6051546335220337,0.7566285014152527
1336,0.6560173571109772,1336,0.6051546335220337,0.8065713703632355
1337,0.6559620499610901,1337,0.6071709811687469,0.7648166656494141
1338,0.6558786451816558,1338,0.6071750581264496,0.7679938793182373
1339,0.6542638719081879,1339,0.6071750581264496,0.7711157202720642
1340,0.6537880957126617,1340,0.6071750581264496,0.7942181706428528
1341,0.6537839710712433,1341,0.6085336983203888,0.748527729511261
1342,0.6537839710712433,1342,0.6029786586761474,0.7829754054546356
1343,0.650744765996933,1343,0.6029786586761474,0.7713852405548096
1344,0.649212384223938,1344,0.6029786586761474,0.7575491547584534
1345,0.6457460522651672,1345,0.5974411308765412,0.79533252120018
1346,0.6456018626689911,1346,0.6024004280567169,0.758754563331604
1347,0.644360214471817,1347,0.6024004280567169,0.7459234118461608
1348,0.6410733222961426,1348,0.6024004280567169,0.7888642609119415
1349,0.6402410566806793,1349,0.6024068236351013,0.787944209575653
1350,0.6401915073394775,1350,0.6024081170558929,0.7835736811161041
1351,0.6395815551280976,1351,0.60240837931633,0.7867436826229095
1352,0.6365133643150329,1352,0.6026456117630005,0.7958406209945679
1353,0.63621666431427,1353,0.6030390679836273,0.8119159400463104
1354,0.63621666431427,1354,0.6030390679836273,0.7932477712631225
1355,0.6358635544776916,1355,0.6030390679836273,0.7670608639717102
1356,0.6372053742408752,1356,0.6030390679836273,0.7629232048988343
1357,0.6372053742408752,1357,0.603051632642746,0.791298645734787
1358,0.6310714721679688,1358,0.603051632642746,0.7671718955039978
1359,0.6300778925418854,1359,0.603051632642746,0.7759153723716736
1360,0.6303602755069733,1360,0.603051632642746,0.7768365144729614
1361,0.6303602755069733,1361,0.6025768041610717,0.7340000867843628
1362,0.6352757036685943,1362,0.6025768041610717,0.7682200074195862
1363,0.6315754532814026,1363,0.6025768041610717,0.784178864955902
1364,0.6285742342472076,1364,0.6025952398777008,0.782496052980423
1365,0.6281473338603973,1365,0.6038273632526397,0.766670697927475
1366,0.6281473338603973,1366,0.6038273632526397,0.7653379321098328
1367,0.6281473338603973,1367,0.6038055539131164,0.7849758982658386
1368,0.6281473338603973,1368,0.6038138687610626,0.7506902158260346
1369,0.6281473338603973,1369,0.6028796255588531,0.8036929130554199
1370,0.6234491109848023,1370,0.6028796255588531,0.798793375492096
1371,0.6234491109848023,1371,0.6028838276863098,0.7669964730739594
1372,0.6221664369106292,1372,0.6012984991073609,0.7800879299640655
1373,0.6219521641731263,1373,0.6005089402198791,0.7832644820213318
1374,0.6219521641731263,1374,0.6005089402198791,0.7829500615596772
1375,0.6187466681003571,1375,0.6010486066341401,0.7649245142936707
1376,0.6187466681003571,1376,0.5959808945655822,0.7867230415344239
1377,0.6177303314208984,1377,0.5959808945655822,0.7698586463928223
1378,0.6177303314208984,1378,0.5978417754173279,0.7708860218524933
1379,0.6187446355819702,1379,0.5986691296100617,0.796443909406662
1380,0.6187446355819702,1380,0.5987683892250061,0.7825104713439941
1381,0.6187446355819702,1381,0.5987683892250061,0.7792855441570282
1382,0.6182312786579132,1382,0.5945176243782043,0.7569442212581634
1383,0.6186625003814697,1383,0.5945312678813934,0.7696574866771698
1384,0.6186625003814697,1384,0.5945312678813934,0.797401738166809
1385,0.6186625003814697,1385,0.5945312678813934,0.7784876465797425
1386,0.6147926867008209,1386,0.5986393332481384,0.7802136063575744
1387,0.6103203237056732,1387,0.60576052069664,0.7690827965736389
1388,0.6103203237056732,1388,0.6004420042037963,0.7486344158649445
1389,0.6103203237056732,1389,0.6004420042037963,0.7742575585842133
1390,0.6103203237056732,1390,0.6005793213844299,0.7899111568927765
1391,0.6103203237056732,1391,0.6005793213844299,0.7409646093845368
1392,0.6096503674983978,1392,0.5997091293334961,0.7775654554367065
1393,0.6109516799449921,1393,0.5997091293334961,0.7741177916526795
1394,0.6110091924667358,1394,0.5997091293334961,0.7896034121513367
1395,0.6097658991813659,1395,0.5999570369720459,0.7654078304767609
1396,0.6097658991813659,1396,0.5999570369720459,0.7802247166633606
1397,0.6097658991813659,1397,0.6079645693302155,0.7641392886638642
1398,0.6080578148365021,1398,0.6077030658721924,0.7765044927597046
1399,0.6052403211593628,1399,0.6077387571334839,0.7702031970024109
1400,0.6027967989444732,1400,0.6077125787734985,0.772879421710968
1401,0.6027967989444732,1401,0.6077222883701324,0.7698974967002868
1402,0.6027967989444732,1402,0.6077329635620117,0.797281950712204
1403,0.6027967989444732,1403,0.6077317953109741,0.7890579342842102
1404,0.601817536354065,1404,0.6077335894107818,0.7811718046665191
1405,0.601817536354065,1405,0.6075449109077453,0.7997977137565613
1406,0.606465470790863,1406,0.6072568535804749,0.7867941558361053
1407,0.6080767393112183,1407,0.6072568535804749,0.7774559438228608
1408,0.6080767393112183,1408,0.6072568535804749,0.776750123500824
1409,0.6093160092830658,1409,0.6072568535804749,0.7596566915512085
1410,0.6072040319442749,1410,0.6072568535804749,0.7653178632259369
1411,0.6072040319442749,1411,0.6080123126506806,0.7839213371276855
1412,0.6072040319442749,1412,0.6080123126506806,0.7890152394771576
1413,0.6083294510841369,1413,0.6080123126506806,0.7473721921443939
1414,0.6096255719661713,1414,0.6080123126506806,0.7600874364376068
1415,0.6076666414737701,1415,0.6078773736953735,0.7856872379779816
1416,0.6064603388309479,1416,0.6076263189315796,0.77158282995224
1417,0.6064603388309479,1417,0.6076263189315796,0.7962449669837952
1418,0.6074120819568634,1418,0.6080121695995331,0.7529033839702606
1419,0.6074120819568634,1419,0.6080326557159423,0.7953350365161895
1420,0.6088770985603332,1420,0.6080377757549286,0.7894735217094422
1421,0.6096522390842438,1421,0.6076307475566864,0.7844444334506988
1422,0.6097703635692596,1422,0.6076307475566864,0.7763894379138947
1423,0.6108337759971618,1423,0.6076413273811341,0.7865931510925293
1424,0.6107401311397552,1424,0.6076413273811341,0.7869598567485809
1425,0.6142393171787262,1425,0.6076413273811341,0.7833240270614624
1426,0.6142393171787262,1426,0.6076564252376556,0.7988174855709076
1427,0.6145594954490662,1427,0.6076564252376556,0.7825292587280274
1428,0.6153511822223663,1428,0.6074349820613861,0.7921064138412476
1429,0.615133261680603,1429,0.6074390351772309,0.7884630978107452
1430,0.615133261680603,1430,0.6074385046958923,0.7930083811283112
1431,0.6144428431987763,1431,0.6077970743179322,0.7642941892147064
1432,0.6136102259159089,1432,0.6074819505214691,0.7869745373725892
1433,0.6130841195583343,1433,0.6074819505214691,0.7659382522106171
1434,0.6136606574058533,1434,0.6074819505214691,0.7908811032772064
1435,0.6136606574058533,1435,0.6074819505214691,0.7851257622241974
1436,0.6136606574058533,1436,0.6074819505214691,0.7871580719947815
1437,0.6136566162109375,1437,0.6113023579120636,0.7803212821483612
1438,0.6136566162109375,1438,0.6113023579120636,0.779079258441925
1439,0.6132531940937043,1439,0.6106628894805908,0.7811908543109893
1440,0.6121072888374328,1440,0.610269570350647,0.7519314110279083
1441,0.6129536092281341,1441,0.6103148818016052,0.7935855388641357
1442,0.6092754065990448,1442,0.6103148818016052,0.759261304140091
1443,0.6122328281402588,1443,0.6110366463661194,0.7640174627304077
1444,0.6115266799926757,1444,0.6110366463661194,0.7786163568496705
1445,0.6144680202007293,1445,0.6110366463661194,0.7673002123832703
1446,0.6137373983860016,1446,0.6110366463661194,0.7651354253292084
1447,0.6130638003349305,1447,0.6110366463661194,0.7766291975975037
1448,0.6130638003349305,1448,0.6110366463661194,0.7992983758449554
1449,0.6130638003349305,1449,0.6107515275478363,0.7858094274997711
1450,0.6126438319683075,1450,0.6107515275478363,0.7474156856536865
1451,0.612969559431076,1451,0.6107515275478363,0.7566852927207947
1452,0.6124772727489471,1452,0.6060315549373627,0.7851562142372132
1453,0.6124882578849793,1453,0.6060315549373627,0.7685007393360138
1454,0.6093443095684051,1454,0.6060315549373627,0.7924085974693298
1455,0.604192978143692,1455,0.6060315549373627,0.800968736410141
1456,0.6047434985637665,1456,0.6060327589511871,0.8063676118850708
1457,0.6067337393760681,1457,0.6060327589511871,0.7702122628688812
1458,0.6067337393760681,1458,0.6060327589511871,0.7716506838798523
1459,0.6069014847278595,1459,0.6060265839099884,0.7669829487800598
1460,0.6068994998931885,1460,0.6060265839099884,0.786434930562973
1461,0.6069712817668915,1461,0.6076526522636414,0.7490021347999573
1462,0.6056055963039398,1462,0.6072664797306061,0.756841516494751
1463,0.6056055963039398,1463,0.6072664797306061,0.7613187909126282
1464,0.6052144289016723,1464,0.6088265240192413,0.7677616357803345
1465,0.603965699672699,1465,0.6088265240192413,0.8139895856380462
1466,0.603965699672699,1466,0.6088265240192413,0.7637905299663543
1467,0.6031079232692719,1467,0.6089287340641022,0.7827189087867736
1468,0.6031079232692719,1468,0.6089287340641022,0.7754690051078796
1469,0.6015541672706604,1469,0.6085031449794769,0.779950076341629
1470,0.6071447014808655,1470,0.6085031449794769,0.754660427570343
1471,0.609051513671875,1471,0.6101543724536895,0.779467248916626
1472,0.6060640811920166,1472,0.6108702301979065,0.7832221210002899
1473,0.6060640811920166,1473,0.6108702301979065,0.7692831695079804
1474,0.6057595610618591,1474,0.6108702301979065,0.7849794507026673
1475,0.6046208083629608,1475,0.6108702301979065,0.7803223073482514
1476,0.6044033288955688,1476,0.6108702301979065,0.7703394532203675
1477,0.6034435212612153,1477,0.6108702301979065,0.7776088893413544
1478,0.6030807793140411,1478,0.6108702301979065,0.7751915931701661
1479,0.6000431776046753,1479,0.6108702301979065,0.7757784307003022
1480,0.5963844418525696,1480,0.6108590960502625,0.7801525712013244
1481,0.5963844418525696,1481,0.6123261034488678,0.7602240681648255
1482,0.5952227473258972,1482,0.6128451526165009,0.7906454086303711
1483,0.5984822630882263,1483,0.6128451526165009,0.755700659751892
1484,0.5984822630882263,1484,0.6128451526165009,0.8131129145622253
1485,0.5984822630882263,1485,0.6128127872943878,0.7666646480560303
1486,0.5976872205734253,1486,0.6128127872943878,0.789826101064682
1487,0.6047261118888855,1487,0.6135058343410492,0.7994803488254547
1488,0.6050051152706146,1488,0.6135058343410492,0.7856028199195861
1489,0.6044900298118592,1489,0.6140292167663575,0.7415502309799195
1490,0.6044900298118592,1490,0.6140292167663575,0.7761983931064605
1491,0.6044900298118592,1491,0.6140292167663575,0.782162070274353
1492,0.6045023620128631,1492,0.6140292167663575,0.7668711960315704
1493,0.6071199119091034,1493,0.6140601634979248,0.7537277400493622
1494,0.6082050621509552,1494,0.6088219583034515,0.7738685131072998
1495,0.6082050621509552,1495,0.6088719248771668,0.7715042531490326
1496,0.6082050621509552,1496,0.6088719248771668,0.7651709675788879
1497,0.6082050621509552,1497,0.6129672646522522,0.7824413418769837
1498,0.6097626566886902,1498,0.6134127497673034,0.7710679173469543
1499,0.6077507019042969,1499,0.6134127497673034,0.7536368191242218
1500,0.6091152250766754,1500,0.6134135782718658,0.7881217479705811
1501,0.6416468918323517,1501,0.5593781232833862,0.7656496524810791
1502,0.6427825212478637,1502,0.5593894302845002,0.7722863018512726
1503,0.6416602194309234,1503,0.5593894302845002,0.782813310623169
1504,0.6417452156543731,1504,0.5594040989875794,0.7661551296710968
1505,0.6417452156543731,1505,0.5594040989875794,0.771421754360199
1506,0.6411633193492889,1506,0.5594040989875794,0.7503798484802247
1507,0.6411633193492889,1507,0.5637381136417389,0.7510327517986297
1508,0.6411633193492889,1508,0.5637381136417389,0.8026931822299957
1509,0.6411633193492889,1509,0.5637381136417389,0.7728114247322082
1510,0.6411633193492889,1510,0.5637381136417389,0.7672073125839234
1511,0.6425244212150574,1511,0.5637381136417389,0.8050918936729431
1512,0.6416318953037262,1512,0.563742071390152,0.8062105357646943
1513,0.6409181296825409,1513,0.563742071390152,0.7842223465442657
1514,0.6422441720962524,1514,0.563742071390152,0.7790033102035523
1515,0.642527049779892,1515,0.563742071390152,0.7782035052776337
1516,0.6420290887355804,1516,0.5637437522411346,0.785679018497467
1517,0.6437052607536315,1517,0.5637575209140777,0.7816565573215485
1518,0.6437052607536315,1518,0.5653982520103454,0.7863163650035858
1519,0.6443994402885437,1519,0.5654261648654938,0.7722348213195801
1520,0.6435170114040375,1520,0.5654261648654938,0.7768017292022705
1521,0.644645345211029,1521,0.5680640578269959,0.7683517813682557
1522,0.6434759736061096,1522,0.5690568089485168,0.7723255395889282
1523,0.642850375175476,1523,0.5690568089485168,0.7946455776691437
1524,0.6430280089378357,1524,0.5692629098892212,0.7631597399711609
1525,0.6430280089378357,1525,0.5747810542583466,0.7657185316085815
1526,0.6430280089378357,1526,0.5747810542583466,0.7735798478126525
1527,0.6430280089378357,1527,0.5754434108734131,0.7652332425117493
1528,0.6438222825527191,1528,0.5754592299461365,0.8047121644020081
1529,0.6432945787906647,1529,0.5769133150577546,0.778008246421814
1530,0.6439456284046173,1530,0.5768081724643708,0.7843948781490326
1531,0.6439456284046173,1531,0.5769512414932251,0.7997871279716492
1532,0.6412418723106384,1532,0.5769512414932251,0.7844823956489563
1533,0.6412418723106384,1533,0.5769512414932251,0.7930573761463166
1534,0.6412418723106384,1534,0.5769485592842102,0.7914481461048126
1535,0.6410680174827575,1535,0.5769548892974854,0.7597164213657379
1536,0.6421826839447021,1536,0.5769548892974854,0.7495893657207489
1537,0.6421826839447021,1537,0.5769548892974854,0.757368940114975
1538,0.6424744904041291,1538,0.5797878384590149,0.7857133507728576
1539,0.6434820115566253,1539,0.5797878384590149,0.7735631108283997
1540,0.6469117760658264,1540,0.5797878384590149,0.7780600130558014
1541,0.6469117760658264,1541,0.5806152939796447,0.7595140397548675
1542,0.6479904115200043,1542,0.5806152939796447,0.7584456861019134
1543,0.6438238382339477,1543,0.5806152939796447,0.7881432116031647
1544,0.6438238382339477,1544,0.5806152939796447,0.7792812585830688
1545,0.6416539371013641,1545,0.5806152939796447,0.7771886229515076
1546,0.6424943327903747,1546,0.5806093752384186,0.7502533733844757
1547,0.6422039568424225,1547,0.5806093752384186,0.8041152477264404
1548,0.6422039568424225,1548,0.5807417809963227,0.7794555604457856
1549,0.6422039568424225,1549,0.5807417809963227,0.7895010411739349
1550,0.644583660364151,1550,0.5807417809963227,0.7458021163940429
1551,0.6459507942199707,1551,0.5807417809963227,0.7685245633125305
1552,0.6488981902599334,1552,0.5837719082832337,0.7658301532268524
1553,0.6509461820125579,1553,0.5837655544281006,0.7770160734653473
1554,0.6550322532653808,1554,0.5842347264289856,0.7676532685756683
1555,0.6550322532653808,1555,0.5842347264289856,0.7804979085922241
1556,0.6543933153152466,1556,0.5842508494853973,0.7797646164894104
1557,0.6526727199554443,1557,0.5842508494853973,0.7565248847007752
1558,0.6526727199554443,1558,0.5845028042793274,0.7678536117076874
1559,0.6526727199554443,1559,0.5845005512237549,0.7498274266719818
1560,0.6526727199554443,1560,0.5801948606967926,0.7682680785655975
1561,0.6521166145801545,1561,0.5801948606967926,0.7455584287643433
1562,0.6545762121677399,1562,0.580199909210205,0.7583436667919159
1563,0.6546019613742828,1563,0.580199909210205,0.7552532374858856
1564,0.6569806277751923,1564,0.580200469493866,0.7690646350383759
1565,0.6536165952682496,1565,0.580200469493866,0.7815006732940674
1566,0.6527696907520294,1566,0.580200469493866,0.797491043806076
1567,0.6527696907520294,1567,0.5807322204113007,0.7823978304862976
1568,0.6527696907520294,1568,0.5814153015613556,0.7769947052001953
1569,0.6527696907520294,1569,0.5815049350261688,0.7764762341976166
1570,0.6527696907520294,1570,0.58150674700737,0.7662042438983917
1571,0.6534333229064941,1571,0.58150674700737,0.7706551432609559
1572,0.6534333229064941,1572,0.5813386738300323,0.7341813445091248
1573,0.6539924204349518,1573,0.5798957407474518,0.7843054234981537
1574,0.6498125076293946,1574,0.5798957407474518,0.786336088180542
1575,0.6498125076293946,1575,0.5798957407474518,0.7622364401817322
1576,0.6502283573150635,1576,0.5865996360778809,0.7443538069725036
1577,0.6498248457908631,1577,0.5865996360778809,0.7811685800552368
1578,0.6498248457908631,1578,0.5865996360778809,0.7663094758987427
1579,0.6479653358459473,1579,0.5865996360778809,0.7927904009819031
1580,0.6492916405200958,1580,0.5878426730632782,0.7904359340667725
1581,0.6474021911621094,1581,0.5878426730632782,0.7816764712333679
1582,0.6493463814258575,1582,0.587850159406662,0.7607360780239105
1583,0.6493463814258575,1583,0.587850159406662,0.7707873761653901
1584,0.6493463814258575,1584,0.587850159406662,0.7752255201339722
1585,0.6536424994468689,1585,0.5866817653179168,0.7880681097507477
1586,0.6564249277114869,1586,0.5866817653179168,0.7476443231105805
1587,0.6570972681045533,1587,0.5866817653179168,0.7669229686260224
1588,0.6570972681045533,1588,0.5917162120342254,0.8033531427383422
1589,0.6571135342121124,1589,0.5917147815227508,0.7523677468299865
1590,0.6571135342121124,1590,0.5917158722877502,0.7614309966564179
1591,0.6571135342121124,1591,0.5917351722717286,0.7642215609550476
1592,0.6588780641555786,1592,0.5919330477714538,0.7891836047172547
1593,0.6612682342529297,1593,0.5919330477714538,0.8158479750156402
1594,0.6612682342529297,1594,0.5919330477714538,0.7531653583049774
1595,0.6612682342529297,1595,0.5919330477714538,0.7520696997642518
1596,0.6612682342529297,1596,0.5934469640254975,0.7663027346134186
1597,0.6588957965373993,1597,0.5934774577617645,0.7449447989463807
1598,0.6588957965373993,1598,0.5960153937339783,0.7769778966903687
1599,0.660428249835968,1599,0.5925516664981842,0.785953575372696
1600,0.660428249835968,1600,0.5925516664981842,0.7729997873306275
1601,0.6610208749771118,1601,0.5925516664981842,0.7817241132259369
1602,0.6620139956474305,1602,0.5943396389484406,0.7777174055576325
1603,0.6620150029659271,1603,0.5943396389484406,0.772932767868042
1604,0.6620150029659271,1604,0.5943412542343139,0.7760022222995758
1605,0.6622887015342712,1605,0.5933632493019104,0.7743134558200836
1606,0.6622887015342712,1606,0.5933632493019104,0.7559861779212952
1607,0.6622949719429017,1607,0.5933632493019104,0.7920820891857148
1608,0.6634445250034332,1608,0.5933632493019104,0.7608573615550995
1609,0.6595730602741241,1609,0.5933632493019104,0.7677619516849518
1610,0.6595730602741241,1610,0.5933632493019104,0.7709547400474548
1611,0.6595730602741241,1611,0.5933632493019104,0.7877075850963593
1612,0.6595730602741241,1612,0.5933521568775177,0.7718031704425812
1613,0.6607259929180145,1613,0.5933521568775177,0.775094211101532
1614,0.6607259929180145,1614,0.5933521568775177,0.7817831575870514
1615,0.6607259929180145,1615,0.593173599243164,0.7639275133609772
1616,0.6607259929180145,1616,0.593173599243164,0.7869083762168885
1617,0.6607259929180145,1617,0.588229501247406,0.7815015912055969
1618,0.6607259929180145,1618,0.588229501247406,0.7653703927993775
1619,0.6545793771743774,1619,0.588229501247406,0.7486196637153626
1620,0.6545793771743774,1620,0.5925553917884827,0.7831117570400238
1621,0.6551788508892059,1621,0.5925553917884827,0.8064361631870269
1622,0.6551430821418762,1622,0.5925553917884827,0.7553042531013489
1623,0.6534882962703705,1623,0.5925611078739166,0.7455267190933228
1624,0.6534882962703705,1624,0.5925611078739166,0.7862198770046234
1625,0.6520683765411377,1625,0.5925616085529327,0.7794516503810882
1626,0.6512333393096924,1626,0.592575091123581,0.7731490015983582
1627,0.6509390830993652,1627,0.5922172009944916,0.7684225499629974
1628,0.6524015605449677,1628,0.5922172009944916,0.7635851383209229
1629,0.6524015605449677,1629,0.5936260640621185,0.7676399052143097
1630,0.6533758461475372,1630,0.5929205179214477,0.7486637234687805
1631,0.6533758461475372,1631,0.5929276525974274,0.7706864655017853
1632,0.6496721148490906,1632,0.5929276525974274,0.7631777107715607
1633,0.6462222993373871,1633,0.5951547086238861,0.7483737647533417
1634,0.6445432066917419,1634,0.5898645937442779,0.7634219646453857
1635,0.6448280870914459,1635,0.5898645937442779,0.7777879178524018
1636,0.6432941496372223,1636,0.5898645937442779,0.7638519048690796
1637,0.6413788557052612,1637,0.5895063877105713,0.7501493453979492
1638,0.6385952472686768,1638,0.5950155377388,0.763552439212799
1639,0.6385952472686768,1639,0.5960012972354889,0.7559649527072907
1640,0.6385952472686768,1640,0.5960012972354889,0.7819225370883942
1641,0.6343930125236511,1641,0.5975934505462647,0.7808610677719117
1642,0.6343930125236511,1642,0.5975934505462647,0.7861794829368591
1643,0.6355890512466431,1643,0.5979399800300598,0.7815412700176239
1644,0.634680962562561,1644,0.5979405581951142,0.7577882885932923
1645,0.6335038542747498,1645,0.5979405581951142,0.7793251395225524
1646,0.6335038542747498,1646,0.5979405581951142,0.7902139782905578
1647,0.6353424370288849,1647,0.5979405581951142,0.7569194972515106
1648,0.6347406506538391,1648,0.5979405581951142,0.771550577878952
1649,0.6362787663936615,1649,0.6015613973140717,0.7637348115444184
1650,0.6362787663936615,1650,0.6020879745483398,0.7633030593395234
1651,0.6354464590549469,1651,0.6030250012874603,0.7692519843578338
1652,0.6358920514583588,1652,0.6030250012874603,0.7589825630187989
1653,0.6350616335868835,1653,0.6030250012874603,0.786611807346344
1654,0.6350616335868835,1654,0.6031863152980804,0.7824583888053894
1655,0.6380290508270263,1655,0.6086907684803009,0.7577094376087189
1656,0.6360303223133087,1656,0.6086907684803009,0.7777106046676636
1657,0.6360468089580535,1657,0.610364454984665,0.7738383293151856
1658,0.6358093678951263,1658,0.610364454984665,0.7825862228870392
1659,0.6359083831310273,1659,0.610364454984665,0.7520614922046661
1660,0.633883261680603,1660,0.610364454984665,0.7615923464298249
1661,0.6343789994716644,1661,0.6067917943000793,0.7528481781482697
1662,0.6343789994716644,1662,0.6071112871170044,0.779880702495575
1663,0.6331861674785614,1663,0.6062941133975983,0.8059597611427307
1664,0.6331861674785614,1664,0.6067049980163575,0.7957257211208344
1665,0.6291025817394257,1665,0.6067049980163575,0.7713223278522492
1666,0.6285231173038482,1666,0.6082593560218811,0.7712000250816345
1667,0.6285231173038482,1667,0.6125159978866577,0.7673916399478913
1668,0.6251686871051788,1668,0.6125212371349334,0.7716923236846924
1669,0.62667316198349,1669,0.6125212371349334,0.7800741732120514
1670,0.6235929548740387,1670,0.6125212371349334,0.7702298879623413
1671,0.6235929548740387,1671,0.6117205560207367,0.782511192560196
1672,0.622394722700119,1672,0.6117205560207367,0.7925268530845642
1673,0.6232561051845551,1673,0.6110621988773346,0.7569189608097077
1674,0.6162691175937652,1674,0.6110621988773346,0.765413236618042
1675,0.6162691175937652,1675,0.6110621988773346,0.7798640847206115
1676,0.6162691175937652,1676,0.6110621988773346,0.8147956430912018
1677,0.615614902973175,1677,0.6110621988773346,0.7497390508651733
1678,0.615614902973175,1678,0.6110621988773346,0.7592509508132934
1679,0.6156172096729279,1679,0.6111440181732177,0.7884777784347534
1680,0.6156172096729279,1680,0.6111440181732177,0.795771849155426
1681,0.6156172096729279,1681,0.6118063688278198,0.7790056049823761
1682,0.6156172096729279,1682,0.609451699256897,0.770066249370575
1683,0.62112797498703,1683,0.6094513595104217,0.7641993463039398
1684,0.6207786798477173,1684,0.6099571287631989,0.7903179347515106
1685,0.6207786798477173,1685,0.6099571287631989,0.775998568534851
1686,0.623184198141098,1686,0.6099571287631989,0.7611142992973328
1687,0.623184198141098,1687,0.6099656581878662,0.7713124454021454
1688,0.6183667659759522,1688,0.6098199665546418,0.7627851665019989
1689,0.6183667659759522,1689,0.6089427709579468,0.7550062596797943
1690,0.6183667659759522,1690,0.6089292764663696,0.762604033946991
1691,0.6169108748435974,1691,0.6089292764663696,0.7845876574516296
1692,0.617814564704895,1692,0.6089292764663696,0.7820098876953125
1693,0.6166742086410523,1693,0.6136125922203064,0.7612306356430054
1694,0.6166742086410523,1694,0.6136125922203064,0.7808285653591156
1695,0.6177412807941437,1695,0.6144551217556,0.7557627916336059
1696,0.6177412807941437,1696,0.6140718162059784,0.7704068303108216
1697,0.6170634627342224,1697,0.6140718281269073,0.7644784390926361
1698,0.6170634627342224,1698,0.6140805304050445,0.7647969782352447
1699,0.6170634627342224,1699,0.6140805304050445,0.7817054033279419
1700,0.6170634627342224,1700,0.6140805304050445,0.7855214178562164
1701,0.6166209042072296,1701,0.6135235607624054,0.7517380535602569
1702,0.6166209042072296,1702,0.6238434672355652,0.7879640161991119
1703,0.6162493765354157,1703,0.6212561070919037,0.7705665647983551
1704,0.6175012230873108,1704,0.6213082611560822,0.7649750292301178
1705,0.6175012230873108,1705,0.6213161408901214,0.8125994026660919
1706,0.6175012230873108,1706,0.6213213503360748,0.7514617621898652
1707,0.6176812052726746,1707,0.6220392763614655,0.7638881504535675
1708,0.619006359577179,1708,0.6225321412086486,0.7584253191947937
1709,0.6202146172523498,1709,0.6225321412086486,0.7762264907360077
1710,0.6202058434486389,1710,0.6225321412086486,0.7789321482181549
1711,0.6204150676727295,1711,0.6225399971008301,0.8000117242336273
1712,0.6183144629001618,1712,0.6225119054317474,0.7619769513607025
1713,0.6197641432285309,1713,0.6225119054317474,0.7870015680789948
1714,0.6205755531787872,1714,0.6225119054317474,0.7802529633045197
1715,0.6208007514476777,1715,0.6225119054317474,0.775880116224289
1716,0.6189395010471344,1716,0.6225119054317474,0.7663922429084777
1717,0.6220975816249847,1717,0.6225119054317474,0.7512922048568725
1718,0.6191266596317291,1718,0.6225042343139648,0.7789111137390137
1719,0.6191266596317291,1719,0.6225141823291779,0.7739537239074707
1720,0.6191266596317291,1720,0.6229532837867737,0.7925697267055511
1721,0.6191266596317291,1721,0.6254413783550262,0.7528156757354736
1722,0.6184167265892029,1722,0.620000672340393,0.786017256975174
1723,0.618522995710373,1723,0.6239327013492584,0.8034931361675263
1724,0.6181883990764618,1724,0.6203115284442902,0.7811800897121429
1725,0.6181883990764618,1725,0.6205100655555725,0.7882754683494568
1726,0.6181883990764618,1726,0.6204973101615906,0.7741578340530395
1727,0.6176052987575531,1727,0.6202196419239044,0.7704095721244812
1728,0.6169556558132172,1728,0.6202081143856049,0.7797745287418365
1729,0.6137764096260071,1729,0.6202081143856049,0.789212042093277
1730,0.6135951995849609,1730,0.6202081143856049,0.7551227748394013
1731,0.6134541690349579,1731,0.6202081143856049,0.7845451951026916
1732,0.6131377756595612,1732,0.6152556359767913,0.76759432554245
1733,0.6093581676483154,1733,0.6151980698108673,0.7719025015830994
1734,0.609874027967453,1734,0.6158186912536621,0.7612397134304046
1735,0.6098306953907013,1735,0.6158186912536621,0.7978186666965484
1736,0.6090949058532715,1736,0.6170433223247528,0.7942647695541382
1737,0.6093635797500611,1737,0.6170433223247528,0.7627591371536255
1738,0.609787118434906,1738,0.6170433223247528,0.7761958062648773
1739,0.609787118434906,1739,0.6220650672912598,0.7647921681404114
1740,0.609787118434906,1740,0.6220753788948059,0.7772189319133759
1741,0.6112226009368896,1741,0.6242305159568786,0.7720759510993958
1742,0.6112226009368896,1742,0.6242305159568786,0.7703102111816407
1743,0.6110342979431153,1743,0.6249846935272216,0.7860812902450561
1744,0.6139954268932343,1744,0.6249846935272216,0.7571498572826385
1745,0.6139274835586548,1745,0.62500501871109,0.7803634822368621
1746,0.6139274835586548,1746,0.6218216955661774,0.7795421123504639
1747,0.6134790122509003,1747,0.6214954793453217,0.7800890922546386
1748,0.6134790122509003,1748,0.6260577738285065,0.7723724007606506
1749,0.6134790122509003,1749,0.6243376195430755,0.7634255230426789
1750,0.6138937294483184,1750,0.6208002746105195,0.7451547861099244
1751,0.6409835577011108,1751,0.5593271613121032,0.7715954184532166
1752,0.6418528735637665,1752,0.560966956615448,0.7813995778560638
1753,0.6425487041473389,1753,0.560966956615448,0.7549635410308838
1754,0.6425487041473389,1754,0.562224954366684,0.7878434300422669
1755,0.6433428406715394,1755,0.5648263216018676,0.7903296828269959
1756,0.6449605226516724,1756,0.5649638056755066,0.8002956211566925
1757,0.6439918577671051,1757,0.5649729669094086,0.7874795734882355
1758,0.6434877812862396,1758,0.5669937431812286,0.7738039374351502
1759,0.6437081456184387,1759,0.5669937431812286,0.7670739769935608
1760,0.6437081456184387,1760,0.5669996798038482,0.7914915800094604
1761,0.6439225494861602,1761,0.5670076191425324,0.7823400855064392
1762,0.6432632863521576,1762,0.5670076191425324,0.7945679724216461
1763,0.6432632863521576,1763,0.5670335590839386,0.7771449565887452
1764,0.643694943189621,1764,0.5670335590839386,0.774525249004364
1765,0.6428772628307342,1765,0.567038381099701,0.7388568639755249
1766,0.6443343758583069,1766,0.5670420825481415,0.7657518923282624
1767,0.6435886979103088,1767,0.5670420825481415,0.7751050293445587
1768,0.6438829481601716,1768,0.5670433938503265,0.7952029168605804
1769,0.6438829481601716,1769,0.5670433938503265,0.792600953578949
1770,0.6438279449939728,1770,0.5670455455780029,0.7465437233448029
1771,0.6438279449939728,1771,0.5677361369132996,0.7628166556358338
1772,0.6438300013542175,1772,0.5677361369132996,0.7749263167381286
1773,0.6438704133033752,1773,0.5688208401203155,0.7590290427207946
1774,0.6438704133033752,1774,0.5688208401203155,0.7857357859611511
1775,0.643070662021637,1775,0.5688249230384826,0.7743339300155639
1776,0.6472150027751923,1776,0.5688249230384826,0.7712936699390411
1777,0.64655100107193,1777,0.5689578354358673,0.7652948558330536
1778,0.6455116152763367,1778,0.5689578354358673,0.7774456739425659
1779,0.6455116152763367,1779,0.5689572632312775,0.7638886213302613
1780,0.6456727087497711,1780,0.5689572632312775,0.7725069403648377
1781,0.6473648548126221,1781,0.5689572632312775,0.7911275088787079
1782,0.6484511196613312,1782,0.568857741355896,0.7708418250083924
1783,0.6486859202384949,1783,0.5688616454601287,0.7726544380187989
1784,0.6475751042366028,1784,0.5748666107654572,0.7594693601131439
1785,0.6473019421100616,1785,0.5748666107654572,0.7902882337570191
1786,0.6433702647686005,1786,0.5748666107654572,0.7610049545764923
1787,0.6462456107139587,1787,0.5748666107654572,0.7612336874008179
1788,0.6475594699382782,1788,0.5748666107654572,0.7665788769721985
1789,0.6475594699382782,1789,0.5748666107654572,0.7685509085655212
1790,0.6475594699382782,1790,0.5760482966899871,0.7673591077327728
1791,0.6479118645191193,1791,0.5803437232971191,0.7580639481544494
1792,0.6479118645191193,1792,0.5803437232971191,0.7889409005641937
1793,0.6479118645191193,1793,0.5803437232971191,0.8021434366703033
1794,0.6463146865367889,1794,0.5760933220386505,0.7788046717643737
1795,0.6430625796318055,1795,0.5759421706199646,0.7518470108509063
1796,0.6430625796318055,1796,0.5759421706199646,0.7669607937335968
1797,0.6430358469486237,1797,0.5759437024593353,0.7666484773159027
1798,0.6430358469486237,1798,0.5759437024593353,0.7876425147056579
1799,0.6421230852603912,1799,0.5849827885627746,0.7819139122962951
1800,0.6421230852603912,1800,0.5849827885627746,0.7940803170204163
1801,0.6421275317668915,1801,0.5864616572856903,0.7927737295627594
1802,0.6421275317668915,1802,0.5864627480506897,0.7862974643707276
1803,0.6421275317668915,1803,0.5864627480506897,0.7783955872058869
1804,0.6421275317668915,1804,0.5870616972446442,0.7910575687885284
1805,0.6416473507881164,1805,0.5870616972446442,0.7825096070766449
1806,0.6432267546653747,1806,0.5870668053627014,0.7511000692844391
1807,0.6417545974254608,1807,0.5870668053627014,0.7983823120594025
1808,0.6427984774112702,1808,0.5870694875717163,0.7671062290668488
1809,0.6432491898536682,1809,0.5870694875717163,0.749771112203598
1810,0.6428954005241394,1810,0.5870723307132721,0.7699841678142547
1811,0.6418949604034424,1811,0.5870738208293915,0.7522161543369293
1812,0.6391201138496398,1812,0.5870763719081878,0.7723722219467163
1813,0.6395442843437195,1813,0.5870653092861176,0.8075620830059052
1814,0.6395379483699799,1814,0.581494951248169,0.7597575187683105
1815,0.6397562325000763,1815,0.581494951248169,0.7748707830905914
1816,0.6397562325000763,1816,0.581494951248169,0.7891419768333435
1817,0.6391319453716278,1817,0.581494951248169,0.7811822652816772
1818,0.6382657170295716,1818,0.5816852629184723,0.779006814956665
1819,0.6412704825401306,1819,0.5843062996864319,0.7788288474082947
1820,0.6412704825401306,1820,0.5843062996864319,0.7714132070541382
1821,0.6394525289535522,1821,0.5844016373157501,0.7998916506767273
1822,0.6382174134254456,1822,0.5899611949920655,0.7826092123985291
1823,0.6375312685966492,1823,0.5899583339691162,0.7708553075790405
1824,0.6352962374687194,1824,0.5899583339691162,0.7746150493621826
1825,0.6357946634292603,1825,0.5899583339691162,0.7815328359603881
1826,0.6369331002235412,1826,0.5899583339691162,0.7955276250839234
1827,0.6369331002235412,1827,0.5910787522792816,0.7848986327648163
1828,0.6369331002235412,1828,0.5910787522792816,0.7816633105278015
1829,0.6369331002235412,1829,0.5910787522792816,0.802752536535263
1830,0.6365177750587463,1830,0.5910787522792816,0.7931048274040222
1831,0.6365177750587463,1831,0.5910787522792816,0.7756368100643158
1832,0.6385999739170074,1832,0.5911045610904694,0.7811930239200592
1833,0.6405464231967926,1833,0.591235899925232,0.7654742240905762
1834,0.6402121186256409,1834,0.591235899925232,0.7710548579692841
1835,0.6400822281837464,1835,0.591235899925232,0.7445226728916168
1836,0.6400822281837464,1836,0.5937996685504914,0.7603274524211884
1837,0.6400822281837464,1837,0.5927787661552429,0.8110888779163361
1838,0.6408388435840606,1838,0.5927787661552429,0.7738144874572754
1839,0.6413162350654602,1839,0.5927787661552429,0.7804995536804199
1840,0.6413162350654602,1840,0.5927655935287476,0.7577434301376342
1841,0.6413162350654602,1841,0.5892207443714141,0.8033409178256988
1842,0.6400737464427948,1842,0.5892207443714141,0.7704466938972473
1843,0.6404079139232636,1843,0.5892207443714141,0.769790780544281
1844,0.6394422948360443,1844,0.5898420333862304,0.7998046338558197
1845,0.6377063095569611,1845,0.594231766462326,0.7647436916828155
1846,0.6317420721054077,1846,0.594231766462326,0.7880282402038574
1847,0.6320568263530731,1847,0.594231766462326,0.7597696721553803
1848,0.6324959695339203,1848,0.594231766462326,0.7952361702919006
1849,0.6324959695339203,1849,0.5960475444793701,0.7961331129074096
1850,0.6340303897857666,1850,0.5967240631580353,0.7711333394050598
1851,0.6340303897857666,1851,0.5967172920703888,0.7856711089611054
1852,0.6349926710128784,1852,0.5967172920703888,0.7773110628128052
1853,0.6344436705112457,1853,0.5967330515384675,0.7793693482875824
1854,0.6344604671001435,1854,0.5967330515384675,0.7849576830863952
1855,0.633118849992752,1855,0.5967325150966645,0.7880596578121185
1856,0.6331726312637329,1856,0.5967325150966645,0.805489444732666
1857,0.6364344596862793,1857,0.5967325150966645,0.793005907535553
1858,0.6367992639541626,1858,0.5967290997505188,0.7796031057834625
1859,0.6372108936309815,1859,0.5967290997505188,0.7698381245136261
1860,0.6372108936309815,1860,0.5967290997505188,0.7632200419902802
1861,0.6332231819629669,1861,0.5967290997505188,0.7962947428226471
1862,0.6341707885265351,1862,0.5967290997505188,0.7777544558048248
1863,0.6341707885265351,1863,0.5967343747615814,0.7847544610500335
1864,0.6326759696006775,1864,0.596451711654663,0.7706799805164337
1865,0.630732387304306,1865,0.596451711654663,0.7794953763484955
1866,0.630732387304306,1866,0.596451711654663,0.7959591388702393
1867,0.6301400005817414,1867,0.5964659094810486,0.7984311819076538
1868,0.6301400005817414,1868,0.5964664340019226,0.7693190455436707
1869,0.6318910300731659,1869,0.5984791874885559,0.7685193359851837
1870,0.6318910300731659,1870,0.598482483625412,0.7812593281269073
1871,0.6343766212463379,1871,0.6037526547908783,0.7810961484909058
1872,0.6247413098812103,1872,0.6037427186965942,0.7549736857414245
1873,0.6237169504165649,1873,0.6037427186965942,0.769012713432312
1874,0.6288464963436127,1874,0.5993586361408234,0.7838568329811096
1875,0.6276401937007904,1875,0.5993586361408234,0.793177855014801
1876,0.6272280097007752,1876,0.6048498272895813,0.7814940571784973
1877,0.6272280097007752,1877,0.606091195344925,0.7546648025512696
1878,0.6311154663562775,1878,0.6019478559494018,0.7971500039100647
1879,0.6311154663562775,1879,0.6019487857818604,0.775750732421875
1880,0.6311154663562775,1880,0.6019487857818604,0.7683068573474884
1881,0.6314014256000519,1881,0.6019509911537171,0.7768829643726349
1882,0.6288966536521912,1882,0.601951664686203,0.7568851590156556
1883,0.6288966536521912,1883,0.601951664686203,0.7747878789901733
1884,0.6288966536521912,1884,0.601951664686203,0.7902839779853821
1885,0.6288966536521912,1885,0.601951664686203,0.7584460794925689
1886,0.6275822818279266,1886,0.601951664686203,0.7662938475608826
1887,0.6280197679996491,1887,0.601951664686203,0.7457945048809052
1888,0.6245911896228791,1888,0.6030903458595276,0.7621894180774689
1889,0.6243023991584777,1889,0.6030903458595276,0.7593496799468994
1890,0.6226590991020202,1890,0.6030903458595276,0.7742787659168243
1891,0.6227251172065735,1891,0.5930444657802582,0.7818886280059815
1892,0.622591894865036,1892,0.5930444657802582,0.7816916584968567
1893,0.6189186990261077,1893,0.5930444657802582,0.7585270404815674
1894,0.6150668323040008,1894,0.5935708820819855,0.7797282636165619
1895,0.6195266723632813,1895,0.5935708820819855,0.8065741300582886
1896,0.6192474901676178,1896,0.5935708820819855,0.758715009689331
1897,0.6178421139717102,1897,0.5935708820819855,0.7730626702308655
1898,0.6166211783885955,1898,0.5943226158618927,0.7703739106655121
1899,0.6166211783885955,1899,0.5963630080223083,0.7557337582111359
1900,0.6179011762142181,1900,0.6021145403385162,0.8024445235729217
1901,0.6179011762142181,1901,0.6021145403385162,0.8006662428379059
1902,0.6181773543357849,1902,0.6008768200874328,0.7795847654342651
1903,0.6191181480884552,1903,0.6025232017040253,0.7689142227172852
1904,0.6191181480884552,1904,0.6025206446647644,0.7843222916126251
1905,0.6214532136917115,1905,0.6071810126304626,0.7799796760082245
1906,0.6214532136917115,1906,0.6071810126304626,0.7736994028091431
1907,0.6214532136917115,1907,0.6071894288063049,0.7791664958000183
1908,0.6217086911201477,1908,0.6072679460048676,0.7721339106559754
1909,0.6217086911201477,1909,0.6072679460048676,0.7667419254779816
1910,0.6217086911201477,1910,0.6072679460048676,0.7993845820426941
1911,0.6263560295104981,1911,0.6072710812091827,0.7751522243022919
1912,0.6253236830234528,1912,0.6069200992584228,0.7672168374061584
1913,0.6199792563915253,1913,0.6069212675094604,0.7600622773170471
1914,0.6199792563915253,1914,0.6069212675094604,0.758100426197052
1915,0.6166409134864808,1915,0.6074520349502563,0.7670149445533753
1916,0.6166409134864808,1916,0.6074520349502563,0.7889094650745392
1917,0.6166409134864808,1917,0.6121249318122863,0.7724028646945953
1918,0.6166409134864808,1918,0.6121249318122863,0.7684148073196411
1919,0.6166409134864808,1919,0.6121249318122863,0.7607863903045654
1920,0.6166409134864808,1920,0.6122985363006592,0.7820649802684784
1921,0.6166409134864808,1921,0.6122985363006592,0.7584449231624604
1922,0.6199935436248779,1922,0.6123076915740967,0.7594739675521851
1923,0.6190078973770141,1923,0.6123076915740967,0.7645472764968873
1924,0.6190078973770141,1924,0.612197893857956,0.7818589746952057
1925,0.6179248988628387,1925,0.6120324671268463,0.7552934467792511
1926,0.6179248988628387,1926,0.6120324671268463,0.7792935311794281
1927,0.6179515361785889,1927,0.6122231960296631,0.7509606003761291
1928,0.6165152370929718,1928,0.6122231960296631,0.7759270966053009
1929,0.6161352157592773,1929,0.6122231960296631,0.7512602388858796
1930,0.6158909618854522,1930,0.6122231960296631,0.7840664505958557
1931,0.6157016575336456,1931,0.6122231960296631,0.8020367383956909
1932,0.6123126149177551,1932,0.6122231960296631,0.811466908454895
1933,0.6121698498725892,1933,0.6116065442562103,0.7862044394016265
1934,0.6161998808383942,1934,0.6115390419960022,0.7891110956668854
1935,0.6159758269786835,1935,0.6133392333984375,0.7807507276535034
1936,0.6112589716911316,1936,0.6133404672145844,0.7772997975349426
1937,0.6104117929935455,1937,0.6133404672145844,0.7689106822013855
1938,0.6083869755268096,1938,0.613462644815445,0.7817740619182587
1939,0.6083869755268096,1939,0.61387197971344,0.7821666717529296
1940,0.6051901400089263,1940,0.61387197971344,0.7785382211208344
1941,0.6039718687534332,1941,0.6139002025127411,0.7667115151882171
1942,0.6039718687534332,1942,0.6097660005092621,0.8282280504703522
1943,0.6040642142295838,1943,0.6137037158012391,0.7752713620662689
1944,0.6032263338565826,1944,0.6137037158012391,0.7666350364685058
1945,0.6032263338565826,1945,0.6137037158012391,0.8085673689842224
1946,0.6048595011234283,1946,0.6133048474788666,0.7685909807682038
1947,0.6048595011234283,1947,0.6132431387901306,0.7405396223068237
1948,0.6058842957019805,1948,0.6132431387901306,0.7516688644886017
1949,0.6067725360393524,1949,0.6136612236499787,0.7594234347343445
1950,0.6082569539546967,1950,0.613663524389267,0.7778612673282623
1951,0.6079733431339264,1951,0.613663524389267,0.7983190357685089
1952,0.6079733431339264,1952,0.6133286714553833,0.7811886727809906
1953,0.6079733431339264,1953,0.6133286714553833,0.7822148919105529
1954,0.6079733431339264,1954,0.6133286714553833,0.7845074892044067
1955,0.6075648069381714,1955,0.6133286714553833,0.7539627015590668
1956,0.6090529918670654,1956,0.613681972026825,0.7988529860973358
1957,0.6083009779453278,1957,0.6124547004699707,0.7574682414531708
1958,0.6083009779453278,1958,0.6106148898601532,0.7572409570217132
1959,0.6071293592453003,1959,0.6113125383853912,0.7725594103336334
1960,0.6071293592453003,1960,0.6116985499858856,0.7446748912334442
1961,0.6077136874198914,1961,0.6112405061721802,0.7612838685512543
1962,0.6077736258506775,1962,0.6112405061721802,0.7714496195316315
1963,0.6092318296432495,1963,0.611318975687027,0.7583836436271667
1964,0.6092318296432495,1964,0.611319077014923,0.7782266974449158
1965,0.6066796362400055,1965,0.6151329338550567,0.7881270587444306
1966,0.6057513236999512,1966,0.616599851846695,0.7597746253013611
1967,0.6065285682678223,1967,0.616599851846695,0.7532566905021667
1968,0.6057089686393737,1968,0.6178768336772918,0.7816867470741272
1969,0.6057089686393737,1969,0.6178768336772918,0.7626922369003296
1970,0.6057089686393737,1970,0.6178768336772918,0.7712046205997467
1971,0.6065795838832855,1971,0.6178020417690278,0.7738884568214417
1972,0.6065795838832855,1972,0.6178020417690278,0.7963110446929932
1973,0.6065795838832855,1973,0.6144759237766266,0.7817441761493683
1974,0.6091864347457886,1974,0.6146270573139191,0.7748918414115906
1975,0.6087713181972504,1975,0.6188571870326995,0.770856785774231
1976,0.6058624446392059,1976,0.6188571870326995,0.7876945495605469
1977,0.6058624446392059,1977,0.6205393731594085,0.7734074473381043
1978,0.6065795123577118,1978,0.6205392897129058,0.7626689553260804
1979,0.6045438349246979,1979,0.6204770624637603,0.7826724767684936
1980,0.6072490453720093,1980,0.6204770624637603,0.7863785266876221
1981,0.6071436643600464,1981,0.6204770624637603,0.7614697635173797
1982,0.6071436643600464,1982,0.619964200258255,0.7861082434654236
1983,0.6071436643600464,1983,0.6151401579380036,0.7714004278182983
1984,0.6071436643600464,1984,0.6192026197910309,0.7761054992675781
1985,0.6081290185451508,1985,0.6192026197910309,0.7645221531391144
1986,0.6086876273155213,1986,0.6192293167114258,0.7528875350952149
1987,0.6082725942134857,1987,0.6257092118263244,0.7450815618038178
1988,0.6082725942134857,1988,0.6257092118263244,0.8038024723529815
1989,0.6082725942134857,1989,0.6257092118263244,0.7690352678298951
1990,0.609739488363266,1990,0.6260016798973084,0.7914463818073273
1991,0.6065240561962127,1991,0.6260016798973084,0.7793284595012665
1992,0.6073155522346496,1992,0.6260016798973084,0.7516676902770996
1993,0.6080398857593536,1993,0.6260016798973084,0.7812037944793702
1994,0.6080398857593536,1994,0.6260016798973084,0.7689697563648223
1995,0.6080398857593536,1995,0.6260016798973084,0.8031326174736023
1996,0.6080398857593536,1996,0.6260047674179077,0.7605379700660706
1997,0.6080398857593536,1997,0.6260047674179077,0.7707796156406402
1998,0.6087013959884644,1998,0.6263115108013153,0.7831773221492767
1999,0.6094604671001435,1999,0.6263115108013153,0.7636146068572998
2000,0.609594190120697,2000,0.6297236680984497,0.7818432033061982
2001,0.6392555832862854,2001,0.5593234479427338,0.7697381913661957
2002,0.6392555832862854,2002,0.5593234479427338,0.7858264684677124
2003,0.641318166255951,2003,0.5593234479427338,0.7737412452697754
2004,0.6407485783100129,2004,0.5593234479427338,0.7568880617618561
2005,0.6407729685306549,2005,0.5593234479427338,0.7842216610908508
2006,0.6392262756824494,2006,0.5610694944858551,0.7528681337833405
2007,0.6395537436008454,2007,0.5622307658195496,0.7686815321445465
2008,0.639802771806717,2008,0.563206022977829,0.7659136593341828
2009,0.639802771806717,2009,0.5630560159683228,0.7784962177276611
2010,0.6400956630706787,2010,0.5631890594959259,0.7921439349651337
2011,0.6401576161384582,2011,0.5635176539421082,0.7697295427322388
2012,0.6401576161384582,2012,0.5635198891162873,0.771916538476944
2013,0.6421319723129273,2013,0.5665035367012023,0.7723582684993744
2014,0.6436038970947265,2014,0.566411703824997,0.7669379830360412
2015,0.644636607170105,2015,0.5703146934509278,0.8089869856834412
2016,0.64537473320961,2016,0.5703146934509278,0.7737709522247315
2017,0.6447880923748016,2017,0.5703146934509278,0.7650966465473175
2018,0.6447880923748016,2018,0.570312887430191,0.7758507072925568
2019,0.6447890520095825,2019,0.570312887430191,0.7788538634777069
2020,0.6434028446674347,2020,0.5703677415847779,0.7761245131492615
2021,0.6434034645557404,2021,0.5703752398490906,0.7821591317653656
2022,0.6437072932720185,2022,0.5703752398490906,0.7968577086925507
2023,0.6437072932720185,2023,0.5703752398490906,0.7925683617591858
2024,0.6437072932720185,2024,0.5703752398490906,0.7714622139930725
2025,0.6437072932720185,2025,0.570380699634552,0.7574492335319519
2026,0.6446996629238129,2026,0.570380699634552,0.7468358457088471
2027,0.6415222525596619,2027,0.5705079555511474,0.7878661096096039
2028,0.6425685286521912,2028,0.5705234587192536,0.7647744297981263
2029,0.6432208359241486,2029,0.5719047725200653,0.7705341339111328
2030,0.6432208359241486,2030,0.5719844698905945,0.7579793214797974
2031,0.6449912011623382,2031,0.5720005929470062,0.7667289555072785
2032,0.64368976354599,2032,0.5720005929470062,0.7688087344169616
2033,0.6438129603862762,2033,0.5720006763935089,0.7815062224864959
2034,0.6431222319602966,2034,0.5720006763935089,0.76410471200943
2035,0.644460254907608,2035,0.5720006763935089,0.7851545691490174
2036,0.644460254907608,2036,0.5720006763935089,0.7892246663570404
2037,0.64411541223526,2037,0.5721083760261536,0.7477143406867981
2038,0.6445951044559479,2038,0.5721083760261536,0.7730250477790832
2039,0.6445951044559479,2039,0.5721083760261536,0.7647886037826538
2040,0.6455475449562073,2040,0.5719231486320495,0.7700381875038147
2041,0.6455475449562073,2041,0.5719231486320495,0.7674755275249481
2042,0.644199550151825,2042,0.5772473394870759,0.765202522277832
2043,0.6404490530490875,2043,0.5808270692825317,0.7965015828609466
2044,0.6404490530490875,2044,0.5808270692825317,0.7725088894367218
2045,0.6404502630233765,2045,0.581977492570877,0.7603224456310272
2046,0.6404502630233765,2046,0.5784440398216247,0.7615357339382172
2047,0.6421243786811829,2047,0.5784440398216247,0.7394252181053161
2048,0.6432213902473449,2048,0.5784440398216247,0.7842824518680572
2049,0.6428318798542023,2049,0.5784440398216247,0.7662448346614837
2050,0.6425870716571808,2050,0.5784524977207184,0.7851488053798675
2051,0.6441327154636383,2051,0.5784524977207184,0.7763300478458405
2052,0.6438723623752594,2052,0.5784524977207184,0.7683207392692566
2053,0.6383603274822235,2053,0.5784524977207184,0.7746500432491302
2054,0.6383603274822235,2054,0.5799262762069702,0.7608326137065887
2055,0.6390253126621246,2055,0.5812799096107483,0.7821285903453827
2056,0.6390253126621246,2056,0.582952904701233,0.7357164561748505
2057,0.6385057866573334,2057,0.5836716413497924,0.7748903870582581
2058,0.638981169462204,2058,0.5836716413497924,0.7767921507358551
2059,0.6377690613269806,2059,0.5836716413497924,0.7917243480682373
2060,0.6379306495189667,2060,0.5836716413497924,0.7780271053314209
2061,0.6336507081985474,2061,0.5836716413497924,0.7933980286121368
2062,0.633633041381836,2062,0.5836767375469207,0.77694451212883
2063,0.6345150589942932,2063,0.5836767375469207,0.7507321178913117
2064,0.6346905767917633,2064,0.5836767375469207,0.7528274178504943
2065,0.6346905767917633,2065,0.584489518404007,0.7850786805152893
2066,0.6309860169887542,2066,0.584489518404007,0.7636312782764435
2067,0.6286125421524048,2067,0.584489518404007,0.7725313365459442
2068,0.6286125421524048,2068,0.584489518404007,0.7815027117729187
2069,0.6286125421524048,2069,0.5838163554668426,0.7903780400753021
2070,0.6286125421524048,2070,0.5838176429271698,0.7769106745719909
2071,0.6286125421524048,2071,0.5863415241241455,0.7967343628406525
2072,0.6290853500366211,2072,0.5863415241241455,0.7711803793907166
2073,0.6290853500366211,2073,0.5920954704284668,0.7821972846984864
2074,0.6290853500366211,2074,0.5920954704284668,0.7602916181087493
2075,0.6299104750156402,2075,0.5946407556533814,0.7503722250461579
2076,0.6291595458984375,2076,0.5951854050159454,0.7618400990962982
2077,0.6291595458984375,2077,0.5977415680885315,0.7732449173927307
2078,0.6291595458984375,2078,0.5977415680885315,0.7865608155727386
2079,0.6291595458984375,2079,0.5977415680885315,0.7740304350852967
2080,0.6291595458984375,2080,0.5965057671070099,0.788323050737381
2081,0.6291595458984375,2081,0.5965057671070099,0.7489218771457672
2082,0.6283957839012146,2082,0.5967027068138122,0.7748280525207519
2083,0.628433883190155,2083,0.5967027068138122,0.7837509989738465
2084,0.6294921576976776,2084,0.5967027068138122,0.7722942471504212
2085,0.6292561292648315,2085,0.5962383568286895,0.7702863931655883
2086,0.6308128416538239,2086,0.5922005236148834,0.7868756473064422
2087,0.6308128416538239,2087,0.5922005236148834,0.7923527300357819
2088,0.6307992935180664,2088,0.5922005236148834,0.8024258077144623
2089,0.626369172334671,2089,0.5922005236148834,0.8143862247467041
2090,0.626369172334671,2090,0.5922005236148834,0.7759094178676605
2091,0.6244854032993317,2091,0.5915594100952148,0.7920401751995086
2092,0.6234517097473145,2092,0.5915529489517212,0.7890126407146454
2093,0.6221353948116303,2093,0.5915529489517212,0.7885556221008301
2094,0.6233055651187897,2094,0.5915529489517212,0.775957989692688
2095,0.6242081463336945,2095,0.5980350553989411,0.7850503325462341
2096,0.6231542229652405,2096,0.6028647482395172,0.779397863149643
2097,0.623761773109436,2097,0.603415596485138,0.7729637444019317
2098,0.623761773109436,2098,0.6034381270408631,0.7810549318790436
2099,0.6247149169445038,2099,0.6028872966766358,0.767120224237442
2100,0.6247128784656525,2100,0.6028957664966583,0.7800097465515137
2101,0.6247128784656525,2101,0.6028957664966583,0.796028870344162
2102,0.6284260034561158,2102,0.6021507918834687,0.7642147898674011
2103,0.6284260034561158,2103,0.6029006123542786,0.7783804953098297
2104,0.6284260034561158,2104,0.6029006123542786,0.7782635748386383
2105,0.6260394930839539,2105,0.6028996884822846,0.7787982881069183
2106,0.6260394930839539,2106,0.6035773873329162,0.7514792561531067
2107,0.6260394930839539,2107,0.6035773873329162,0.7981671631336212
2108,0.6265159904956817,2108,0.6035773873329162,0.7655035436153412
2109,0.6265159904956817,2109,0.6035773873329162,0.7966137230396271
2110,0.6270715713500976,2110,0.6083554983139038,0.7623716294765472
2111,0.6266738712787628,2111,0.6083554983139038,0.7558916091918946
2112,0.6266738712787628,2112,0.6092911899089813,0.7538949489593506
2113,0.6266738712787628,2113,0.6092793941497803,0.7587085962295532
2114,0.6266738712787628,2114,0.6092793941497803,0.7571328938007355
2115,0.6270168364048004,2115,0.6092855751514434,0.7485368728637696
2116,0.6245990097522736,2116,0.6092855751514434,0.7745102643966675
2117,0.6245990097522736,2117,0.6092855751514434,0.7612120687961579
2118,0.6245990097522736,2118,0.6094466567039489,0.7648675620555878
2119,0.6168975472450257,2119,0.6084471106529236,0.7871124804019928
2120,0.6150763094425201,2120,0.6090569615364074,0.7713026762008667
2121,0.6148633539676667,2121,0.6080777406692505,0.7900521039962769
2122,0.6155028820037842,2122,0.6080777406692505,0.779273372888565
2123,0.6143110692501068,2123,0.6071981191635132,0.7704912900924683
2124,0.6143110692501068,2124,0.6071981191635132,0.785537725687027
2125,0.6110962808132172,2125,0.6071981191635132,0.7588855743408203
2126,0.6110962808132172,2126,0.6072006344795227,0.7837921142578125
2127,0.6098029017448425,2127,0.608896654844284,0.7955121397972107
2128,0.6098029017448425,2128,0.6088967263698578,0.7599210560321807
2129,0.6098029017448425,2129,0.6088980913162232,0.7530994057655335
2130,0.6088405668735504,2130,0.6109061181545258,0.7742644190788269
2131,0.610899019241333,2131,0.6117571771144867,0.7861567139625549
2132,0.610899019241333,2132,0.6117571771144867,0.7858227133750916
2133,0.610899019241333,2133,0.6132748007774353,0.7586585700511932
2134,0.6047531843185425,2134,0.6132748007774353,0.793491667509079
2135,0.607133972644806,2135,0.6130436599254608,0.7739586591720581
2136,0.607133972644806,2136,0.6130436599254608,0.7745164930820465
2137,0.6069260120391846,2137,0.6124994993209839,0.7691092193126678
2138,0.6069260120391846,2138,0.6120014190673828,0.7991382539272308
2139,0.6084443628787994,2139,0.6120014190673828,0.758001321554184
2140,0.6059136807918548,2140,0.616153460741043,0.8000121653079987
2141,0.6044438242912292,2141,0.6161781311035156,0.7650902032852173
2142,0.6049550890922546,2142,0.6161781311035156,0.799347323179245
2143,0.6053450763225555,2143,0.6161781311035156,0.7577133476734161
2144,0.604785269498825,2144,0.6161781311035156,0.7978411376476288
2145,0.6078788757324218,2145,0.6161781311035156,0.7920744121074677
2146,0.6098472237586975,2146,0.6161777317523957,0.7563947141170502
2147,0.6088792443275451,2147,0.6161777317523957,0.7718063056468963
2148,0.6087048053741455,2148,0.6161777317523957,0.7271278738975525
2149,0.6008766531944275,2149,0.6149830758571625,0.7732209920883178
2150,0.6016504466533661,2150,0.6156353056430817,0.7288420081138611
2151,0.6016504466533661,2151,0.6141051471233367,0.7624831438064575
2152,0.6016504466533661,2152,0.6141051471233367,0.7861953139305115
2153,0.6022322714328766,2153,0.6141051471233367,0.7436605095863342
2154,0.6022322714328766,2154,0.6141051471233367,0.7735707223415375
2155,0.6017782926559448,2155,0.6141051471233367,0.7468008756637573
2156,0.6008820235729218,2156,0.6141648948192596,0.7684738516807557
2157,0.6008857846260071,2157,0.6141648948192596,0.7745575189590455
2158,0.5979768514633179,2158,0.614769184589386,0.7838171243667602
2159,0.5998230874538422,2159,0.6142718434333801,0.7613195538520813
2160,0.5998230874538422,2160,0.6142798781394958,0.7543739318847656
2161,0.6079488873481751,2161,0.6144429326057435,0.7837987065315246
2162,0.6107763111591339,2162,0.6144429326057435,0.772288566827774
2163,0.6107039868831634,2163,0.6144429326057435,0.7958083570003509
2164,0.6129388213157654,2164,0.6144478499889374,0.7854357123374939
2165,0.6129388213157654,2165,0.6156328976154327,0.7902829229831696
2166,0.6145739018917084,2166,0.6156328976154327,0.7760937988758088
2167,0.6145739018917084,2167,0.6210497915744781,0.7930342197418213
2168,0.6148482024669647,2168,0.6238127291202545,0.7993536233901978
2169,0.6148482024669647,2169,0.6238127291202545,0.7712061166763305
2170,0.6152678668498993,2170,0.6238127291202545,0.7469013333320618
2171,0.6152678668498993,2171,0.6234825193881989,0.7818283438682556
2172,0.6152678668498993,2172,0.6239869236946106,0.7720857918262481
2173,0.6185882568359375,2173,0.6239869236946106,0.7829125940799713
2174,0.616351181268692,2174,0.6243097960948945,0.7683757960796356
2175,0.6133477747440338,2175,0.6243097960948945,0.7678901314735412
2176,0.6133477747440338,2176,0.6243097960948945,0.7634038686752319
2177,0.615718013048172,2177,0.624318790435791,0.7879523754119873
2178,0.6134617567062378,2178,0.624318790435791,0.7644483327865601
2179,0.6103057026863098,2179,0.624318790435791,0.7786044955253602
2180,0.6103057026863098,2180,0.6243217051029205,0.7857413053512573
2181,0.6103057026863098,2181,0.6247885823249817,0.7545142590999603
2182,0.6103057026863098,2182,0.6247885823249817,0.8018946826457978
2183,0.6067681729793548,2183,0.6247885823249817,0.7592791974544525
2184,0.6067681729793548,2184,0.6247885823249817,0.7915798723697662
2185,0.6067681729793548,2185,0.6248015642166138,0.7662143409252167
2186,0.6067681729793548,2186,0.6248015642166138,0.7649929583072662
2187,0.6067681729793548,2187,0.6248015642166138,0.7886665523052215
2188,0.6037127077579498,2188,0.6248043000698089,0.7818055808544159
2189,0.6037127077579498,2189,0.6248244225978852,0.7589979052543641
2190,0.6037127077579498,2190,0.6248244225978852,0.767846405506134
2191,0.602438086271286,2191,0.6248244225978852,0.7809928297996521
2192,0.6038385152816772,2192,0.6248244225978852,0.7822045505046844
2193,0.6041245102882385,2193,0.6247372567653656,0.7787335216999054
2194,0.605702131986618,2194,0.6237727761268616,0.770642226934433
2195,0.6069869697093964,2195,0.6237736940383911,0.7737458944320679
2196,0.6066209733486175,2196,0.6237757086753846,0.778350692987442
2197,0.6066209733486175,2197,0.623118793964386,0.7835838258266449
2198,0.6070250570774078,2198,0.623121577501297,0.7769175052642823
2199,0.6013733506202698,2199,0.6244380235671997,0.7911515653133392
2200,0.6013733506202698,2200,0.6244380235671997,0.7794198155403137
2201,0.5987669885158539,2201,0.6241995215415954,0.7816436648368835
2202,0.5993691682815552,2202,0.6257216274738312,0.7724056839942932
2203,0.5999681770801544,2203,0.6257273197174072,0.7917314231395721
2204,0.5999681770801544,2204,0.6253292739391327,0.7670023918151856
2205,0.5999681770801544,2205,0.6253481566905975,0.811703085899353
2206,0.6003934621810914,2206,0.6253481566905975,0.7762259721755982
2207,0.5993604362010956,2207,0.6299443304538727,0.7614184260368347
2208,0.5989463567733765,2208,0.6299443304538727,0.7686321258544921
2209,0.5990621626377106,2209,0.6315501391887665,0.7736132979393006
2210,0.5990621626377106,2210,0.6314972877502442,0.784963047504425
2211,0.5990621626377106,2211,0.6314972877502442,0.7642684876918793
2212,0.5990621626377106,2212,0.6314972877502442,0.7688092529773712
2213,0.6054033041000366,2213,0.6314972877502442,0.7764794409275055
2214,0.60529625415802,2214,0.6314972877502442,0.7270063161849976
2215,0.60529625415802,2215,0.6314998030662536,0.782889986038208
2216,0.60529625415802,2216,0.6314998030662536,0.7745809555053711
2217,0.6023163318634033,2217,0.6305273532867431,0.7677494168281556
2218,0.6005481481552124,2218,0.6305273532867431,0.7857474863529206
2219,0.6006873548030853,2219,0.6305386662483216,0.7792467832565307
2220,0.6006873548030853,2220,0.6305386662483216,0.7805095970630646
2221,0.6006873548030853,2221,0.6305395543575287,0.7603015244007111
2222,0.6004622519016266,2222,0.631048446893692,0.7604363024234772
2223,0.6011592030525208,2223,0.631048446893692,0.7642468452453614
2224,0.6019061923027038,2224,0.6310499429702758,0.7407177448272705
2225,0.6019061923027038,2225,0.6310512661933899,0.7912355720996856
2226,0.6025042295455932,2226,0.6310512661933899,0.7951498448848724
2227,0.6030459940433502,2227,0.6310512661933899,0.7687491595745086
2228,0.6030459940433502,2228,0.6295981585979462,0.7850712835788727
2229,0.6030459940433502,2229,0.6295981585979462,0.7690218925476074
2230,0.6030459940433502,2230,0.6258299767971038,0.7397693991661072
2231,0.6022318542003632,2231,0.6258299767971038,0.7820325016975402
2232,0.6017139315605163,2232,0.6258503198623657,0.7540966033935547
2233,0.602357804775238,2233,0.6258503198623657,0.7854444921016693
2234,0.5997335016727448,2234,0.6258503198623657,0.7694437026977539
2235,0.6011855363845825,2235,0.6311050891876221,0.7602159976959229
2236,0.6019307553768158,2236,0.6309838056564331,0.7642593801021575
2237,0.6025208592414856,2237,0.6309838056564331,0.781263780593872
2238,0.6016094803810119,2238,0.6309838056564331,0.7765475749969483
2239,0.6016094803810119,2239,0.6304956078529358,0.7744629263877869
2240,0.6016094803810119,2240,0.6306132793426513,0.7744974553585052
2241,0.6015915334224701,2241,0.6306132793426513,0.7632066369056701
2242,0.6015915334224701,2242,0.6302818655967712,0.7791247546672821
2243,0.6015915334224701,2243,0.63031485080719,0.8010740160942078
2244,0.6065626323223114,2244,0.63031485080719,0.7765917539596557
2245,0.6075139224529267,2245,0.63031485080719,0.7676061391830444
2246,0.607213705778122,2246,0.63031485080719,0.780163311958313
2247,0.607213705778122,2247,0.6279572367668151,0.7745838522911072
2248,0.6081267416477203,2248,0.6282261788845063,0.787909996509552
2249,0.6073117971420288,2249,0.6282313585281372,0.7857187867164612
2250,0.6074105024337768,2250,0.6278905093669891,0.7848274350166321
2251,0.6407926797866821,2251,0.5591029405593873,0.7640547633171082
2252,0.6440102338790894,2252,0.5616429090499878,0.762831300497055
2253,0.6440102338790894,2253,0.5622118353843689,0.786742627620697
2254,0.6442307114601136,2254,0.5622118353843689,0.7771658539772034
2255,0.6442307114601136,2255,0.5622191548347473,0.7682730078697204
2256,0.6442307114601136,2256,0.5622191548347473,0.7432959854602814
2257,0.6445011258125305,2257,0.5622191548347473,0.7747582197189331
2258,0.6440755009651185,2258,0.5622288405895233,0.7641639947891236
2259,0.6454298734664917,2259,0.5633251249790192,0.7618667125701905
2260,0.6455781519412994,2260,0.5637406349182129,0.7705386221408844
2261,0.6467227756977081,2261,0.5637104928493499,0.760015344619751
2262,0.6467227756977081,2262,0.5637104928493499,0.7644750833511352
2263,0.6451987743377685,2263,0.563724821805954,0.7569557189941406
2264,0.6461478531360626,2264,0.563724821805954,0.7422664523124695
2265,0.6461478531360626,2265,0.5637272536754608,0.779190331697464
2266,0.6458747327327728,2266,0.5637272536754608,0.7728264272212982
2267,0.6503851354122162,2267,0.5637272536754608,0.7972515881061554
2268,0.6503851354122162,2268,0.5676588952541352,0.7882874250411988
2269,0.6522697687149048,2269,0.5676588952541352,0.7583189070224762
2270,0.6522415518760681,2270,0.5676588952541352,0.7754031658172608
2271,0.6530386745929718,2271,0.5676741302013397,0.7782049715518952
2272,0.6566272258758545,2272,0.5676741302013397,0.7859520971775055
2273,0.6566283583641053,2273,0.5676741302013397,0.7716078221797943
2274,0.6539223194122314,2274,0.5682207226753235,0.8067606329917908
2275,0.6547471106052398,2275,0.5682207226753235,0.7855568945407867
2276,0.6545251250267029,2276,0.578876280784607,0.7624567091464997
2277,0.65614954829216,2277,0.5788860261440277,0.802601820230484
2278,0.65614954829216,2278,0.5802457869052887,0.7853500068187713
2279,0.6536661684513092,2279,0.5802457869052887,0.772207111120224
2280,0.6536661684513092,2280,0.5802329897880554,0.7737065076828002
2281,0.6524445712566376,2281,0.581459927558899,0.7787446856498719
2282,0.6530334770679473,2282,0.581459927558899,0.7791626930236817
2283,0.6538832724094391,2283,0.5821532011032104,0.7555869817733765
2284,0.6541233003139496,2284,0.5821517884731293,0.7878791809082031
2285,0.6546993613243103,2285,0.5821517884731293,0.7682071983814239
2286,0.6546993613243103,2286,0.5821517884731293,0.7666968524456024
2287,0.6551680147647858,2287,0.5821517884731293,0.7671227037906647
2288,0.6541824042797089,2288,0.584195363521576,0.7885275244712829
2289,0.6556363046169281,2289,0.5836747884750366,0.7815518856048584
2290,0.6553616046905517,2290,0.5836766600608826,0.7678769707679749
2291,0.6570465385913848,2291,0.5836766600608826,0.7820990800857544
2292,0.6596077978610992,2292,0.5836893379688263,0.7605144023895264
2293,0.6596077978610992,2293,0.5836952984333038,0.797476851940155
2294,0.6611030876636506,2294,0.5836952984333038,0.7681245386600495
2295,0.6600358486175537,2295,0.5837075769901275,0.7848245203495026
2296,0.6609040975570679,2296,0.5835064291954041,0.7887723982334137
2297,0.6611635148525238,2297,0.5835099041461944,0.8028966724872589
2298,0.6609652578830719,2298,0.5835232019424439,0.7704837083816528
2299,0.6600085020065307,2299,0.582690691947937,0.7639691650867462
2300,0.6606535732746124,2300,0.582690691947937,0.7977407097816467
2301,0.6606535732746124,2301,0.5827024281024933,0.7818773925304413
2302,0.6614398062229156,2302,0.5829277575016022,0.7579407334327698
2303,0.6618113875389099,2303,0.5833887159824371,0.7512072145938873
2304,0.6618067383766174,2304,0.5833887159824371,0.7931823790073395
2305,0.6573648810386657,2305,0.5849330127239227,0.7925027847290039
2306,0.6573648810386657,2306,0.5866400480270386,0.779462856054306
2307,0.6528787672519684,2307,0.5866400480270386,0.7749023318290711
2308,0.6528787672519684,2308,0.5866400480270386,0.7543727815151214
2309,0.6547928750514984,2309,0.5866400480270386,0.782908272743225
2310,0.6547694981098175,2310,0.5880975008010865,0.7830446779727935
2311,0.6547694981098175,2311,0.5882257401943207,0.7932296812534332
2312,0.6547694981098175,2312,0.588220739364624,0.7571152329444886
2313,0.6547694981098175,2313,0.588220739364624,0.7611655592918396
2314,0.6544954240322113,2314,0.588220739364624,0.7861289024353028
2315,0.6554472923278809,2315,0.588220739364624,0.7465025961399079
2316,0.6554472923278809,2316,0.5924856245517731,0.7649346172809601
2317,0.6563214004039765,2317,0.5924856245517731,0.7706512331962585
2318,0.6563214004039765,2318,0.5924981474876404,0.7985125839710235
2319,0.6545623898506164,2319,0.5924981474876404,0.7935656011104584
2320,0.6509241461753845,2320,0.5925002515316009,0.7512949109077454
2321,0.6509273588657379,2321,0.5925002515316009,0.7690869450569153
2322,0.6509273588657379,2322,0.5925002515316009,0.7927894532680512
2323,0.6509273588657379,2323,0.5925002515316009,0.7742649912834167
2324,0.6509273588657379,2324,0.5925002515316009,0.7890450716018677
2325,0.6509273588657379,2325,0.5925002515316009,0.7741485238075256
2326,0.6493735313415527,2326,0.5925002515316009,0.7575787007808685
2327,0.6471511662006378,2327,0.5925002515316009,0.796807050704956
2328,0.6516577482223511,2328,0.5919695436954499,0.7733095228672028
2329,0.6506472408771515,2329,0.5922954022884369,0.7593636989593506
2330,0.6506472408771515,2330,0.5883646547794342,0.7613201797008514
2331,0.6506472408771515,2331,0.5883646547794342,0.7450295567512513
2332,0.6501325786113739,2332,0.5883646547794342,0.7762115359306335
2333,0.649909496307373,2333,0.5883660078048706,0.7807584881782532
2334,0.649909496307373,2334,0.58836789727211,0.7914736688137054
2335,0.649909496307373,2335,0.58836789727211,0.7752895534038544
2336,0.6519624829292298,2336,0.58836789727211,0.7871781826019287
2337,0.6519624829292298,2337,0.5931795716285706,0.7998461723327637
2338,0.652398270368576,2338,0.5931795716285706,0.7800490736961365
2339,0.6532772541046142,2339,0.5875462472438813,0.7431744575500489
2340,0.6532772541046142,2340,0.5875483632087708,0.7642800867557525
2341,0.6535799205303192,2341,0.5875489354133606,0.7593589961528778
2342,0.6514550089836121,2342,0.5970303475856781,0.812257581949234
2343,0.6514550089836121,2343,0.5970303475856781,0.7838900089263916
2344,0.6519452095031738,2344,0.5970303475856781,0.7865651607513428
2345,0.6542845129966736,2345,0.5970327615737915,0.7447925329208374
2346,0.6542845129966736,2346,0.5970487952232361,0.8205716133117675
2347,0.6528986275196076,2347,0.5970487952232361,0.7898657381534576
2348,0.6533591091632843,2348,0.5982349634170532,0.7384527623653412
2349,0.6524459481239319,2349,0.5983753442764282,0.7808446705341339
2350,0.6524459481239319,2350,0.5978803277015686,0.7677384138107299
2351,0.6524459481239319,2351,0.5978803277015686,0.7872381031513214
2352,0.6524597764015198,2352,0.5978803277015686,0.7862229466438293
2353,0.6524597764015198,2353,0.5978937923908234,0.7669626951217652
2354,0.6524597764015198,2354,0.5978937923908234,0.796592402458191
2355,0.6485290408134461,2355,0.5978999316692353,0.786417418718338
2356,0.6485290408134461,2356,0.6035634636878967,0.7596219718456269
2357,0.6482679009437561,2357,0.6035634636878967,0.7702783405780792
2358,0.6525493323802948,2358,0.6035634636878967,0.7683206498622894
2359,0.6532371759414672,2359,0.6035771191120147,0.7554103255271911
2360,0.6501427233219147,2360,0.5983416795730591,0.7602176368236542
2361,0.648199486732483,2361,0.5983416795730591,0.779036283493042
2362,0.648199486732483,2362,0.6039859056472778,0.7683338761329651
2363,0.648199486732483,2363,0.6039859056472778,0.770855849981308
2364,0.648199486732483,2364,0.6039859056472778,0.7783323228359222
2365,0.648199486732483,2365,0.6039859056472778,0.7767721235752105
2366,0.648199486732483,2366,0.6039859056472778,0.7831057190895081
2367,0.6475089192390442,2367,0.6035264134407043,0.7998122692108154
2368,0.6484659016132355,2368,0.6035324931144714,0.7602105617523194
2369,0.6481400668621063,2369,0.6035324931144714,0.7819201111793518
2370,0.6481395184993743,2370,0.6025720953941345,0.8042293906211853
2371,0.6481395184993743,2371,0.6025720953941345,0.7783837497234345
2372,0.6482863783836365,2372,0.6025720953941345,0.7828569769859314
2373,0.6482863783836365,2373,0.6025720953941345,0.7652455925941467
2374,0.6441991031169891,2374,0.6025720953941345,0.8138230979442597
2375,0.64122633934021,2375,0.6031148672103882,0.7574253022670746
2376,0.6375800967216492,2376,0.6031148672103882,0.8106684565544129
2377,0.6357700288295746,2377,0.6031177580356598,0.7659408450126648
2378,0.6358465313911438,2378,0.5987766742706299,0.7692861497402191
2379,0.637388801574707,2379,0.5987865567207337,0.7628714621067048
2380,0.6386049330234528,2380,0.5987865567207337,0.7729827225208282
2381,0.6374079465866089,2381,0.598789644241333,0.7490871489048004
2382,0.6374079465866089,2382,0.5987920880317688,0.797601717710495
2383,0.6367461562156678,2383,0.5987920880317688,0.7903964936733245
2384,0.6367461562156678,2384,0.5994698762893677,0.7494966685771942
2385,0.6370812833309174,2385,0.5994698762893677,0.7683503210544587
2386,0.6370812833309174,2386,0.5994754374027252,0.7903588473796844
2387,0.6334586262702941,2387,0.5994754374027252,0.7852566719055176
2388,0.6334586262702941,2388,0.5994754374027252,0.7992554843425751
2389,0.6317915737628936,2389,0.5991169452667237,0.7727106392383576
2390,0.6325138092041016,2390,0.6056737720966339,0.7714918076992034
2391,0.6323801755905152,2391,0.6040455877780915,0.7598185241222382
2392,0.6310000956058502,2392,0.6040455877780915,0.7825735092163086
2393,0.6310453832149505,2393,0.6037785887718201,0.7698833405971527
2394,0.6304577946662903,2394,0.6037785887718201,0.8062415421009064
2395,0.6268775463104248,2395,0.6037785887718201,0.7648305356502533
2396,0.6268775463104248,2396,0.6029541254043579,0.7621680855751037
2397,0.6268775463104248,2397,0.6045681655406951,0.7852700769901275
2398,0.6268775463104248,2398,0.604568499326706,0.7669560372829437
2399,0.6268775463104248,2399,0.604568499326706,0.7826768100261688
2400,0.6250874102115631,2400,0.604568499326706,0.7676006436347962
2401,0.6246936202049256,2401,0.6126621186733245,0.7614148497581482
2402,0.6238981783390045,2402,0.6126621186733245,0.7719093501567841
2403,0.6267457783222199,2403,0.6126653492450714,0.7817777156829834
2404,0.6267310082912445,2404,0.6126653492450714,0.7973755776882172
2405,0.6248630285263062,2405,0.6126653492450714,0.7722647428512573
2406,0.6248630285263062,2406,0.6092632949352265,0.7553696870803833
2407,0.6226702094078064,2407,0.6092632949352265,0.7944096028804779
2408,0.6226702094078064,2408,0.6092641413211822,0.7740085065364838
2409,0.6193078637123108,2409,0.6092641413211822,0.7651082813739777
2410,0.6193078637123108,2410,0.6092608094215393,0.7700419962406159
2411,0.6197782993316651,2411,0.6092608094215393,0.7985071301460266
2412,0.6197782993316651,2412,0.6102412462234497,0.7766288101673127
2413,0.6229557633399964,2413,0.6102412462234497,0.8169224262237549
2414,0.6206262648105622,2414,0.609291160106659,0.7795653641223907
2415,0.6209750413894654,2415,0.6092982113361358,0.7863322556018829
2416,0.6228037655353547,2416,0.6092982113361358,0.7783913671970367
2417,0.6193149626255036,2417,0.6086731255054474,0.7881507039070129
2418,0.6174917638301849,2418,0.6065911591053009,0.7832983672618866
2419,0.6156852066516876,2419,0.6065911591053009,0.7761257350444793
2420,0.6156231224536896,2420,0.6065911591053009,0.7500725269317627
2421,0.6156231224536896,2421,0.6065947473049164,0.7900800168514251
2422,0.6156231224536896,2422,0.6065947473049164,0.7710208773612977
2423,0.6156231224536896,2423,0.6065946102142334,0.7867299675941467
2424,0.6168792068958282,2424,0.6065946102142334,0.794577544927597
2425,0.6159779965877533,2425,0.6065946102142334,0.7927408754825592
2426,0.6164355993270874,2426,0.6065983295440673,0.7651818990707397
2427,0.6164355993270874,2427,0.6025447964668273,0.7451905965805053
2428,0.6161506831645965,2428,0.6018554866313934,0.7809309363365173
2429,0.6178456127643586,2429,0.6018554866313934,0.7843177020549774
2430,0.6178456127643586,2430,0.606982284784317,0.7433903813362122
2431,0.6174653708934784,2431,0.606982284784317,0.7638243198394775
2432,0.6174653708934784,2432,0.6070793449878693,0.7915363371372223
2433,0.6174653708934784,2433,0.6070793449878693,0.7992068111896515
2434,0.6174653708934784,2434,0.6070793449878693,0.7802529573440552
2435,0.6202553629875183,2435,0.6093767404556274,0.7551087021827698
2436,0.6181563794612884,2436,0.6112064480781555,0.7698806822299957
2437,0.6182078361511231,2437,0.6111942768096924,0.8026042997837066
2438,0.6176080167293548,2438,0.6108540415763855,0.7844712615013123
2439,0.6176080167293548,2439,0.6108540415763855,0.7819409430027008
2440,0.6176080167293548,2440,0.6108540415763855,0.7788970530033111
2441,0.617257583141327,2441,0.6108540415763855,0.7913658738136291
2442,0.617257583141327,2442,0.6108540415763855,0.7588595449924469
2443,0.617257583141327,2443,0.6108540415763855,0.7457777678966522
2444,0.6172593712806702,2444,0.6108540415763855,0.7607488572597504
2445,0.6158982813358307,2445,0.6108540415763855,0.768511950969696
2446,0.6158982813358307,2446,0.6108540713787078,0.7654571175575257
2447,0.6170491814613343,2447,0.6106699585914612,0.7823722660541534
2448,0.6175203502178193,2448,0.6106699585914612,0.7882125973701477
2449,0.6160526812076569,2449,0.6107722282409668,0.7889311194419861
2450,0.6162327408790589,2450,0.6100502133369445,0.7949171841144562
2451,0.6130961537361145,2451,0.6138024985790252,0.7601678490638732
2452,0.6124507486820221,2452,0.6140511214733124,0.7850615501403808
2453,0.6123111605644226,2453,0.6143515706062317,0.7719191431999206
2454,0.6122057318687439,2454,0.61526899933815,0.7876854836940765
2455,0.6116648495197297,2455,0.6167015612125397,0.7842477858066559
2456,0.6116648495197297,2456,0.6168841660022736,0.7557626724243164
2457,0.6068500101566314,2457,0.6168841660022736,0.790285074710846
2458,0.6068500101566314,2458,0.6167990565299988,0.7863798558712005
2459,0.6068500101566314,2459,0.6167990565299988,0.7731364250183106
2460,0.6068500101566314,2460,0.6167990565299988,0.7970950126647949
2461,0.6068075835704804,2461,0.6167990565299988,0.7491859495639801
2462,0.6068075835704804,2462,0.6176918029785157,0.7655594885349274
2463,0.6068075835704804,2463,0.6176918029785157,0.7815876483917237
2464,0.6068075835704804,2464,0.6176918029785157,0.7727193415164948
2465,0.6068075835704804,2465,0.6176918029785157,0.7752822041511536
2466,0.6068075835704804,2466,0.6176918029785157,0.7586618065834045
2467,0.6068075835704804,2467,0.6176918029785157,0.7951253831386567
2468,0.6076602935791016,2468,0.6176918029785157,0.7540073096752167
2469,0.6076602935791016,2469,0.6184670925140381,0.7648163676261902
2470,0.6076602935791016,2470,0.6186551153659821,0.8038082003593445
2471,0.6076672971248627,2471,0.6186551153659821,0.7894226670265198
2472,0.6076672971248627,2472,0.6186551153659821,0.7821529984474183
2473,0.6076672971248627,2473,0.6186551153659821,0.7848594665527344
2474,0.6063160359859466,2474,0.622147673368454,0.8012223720550538
2475,0.6066948056221009,2475,0.622147673368454,0.7817586898803711
2476,0.6066355109214783,2476,0.6326884210109711,0.7780965149402619
2477,0.6066355109214783,2477,0.6244788944721222,0.7995626986026764
2478,0.6066355109214783,2478,0.6244788944721222,0.7947197437286377
2479,0.6074872791767121,2479,0.6244788944721222,0.7954501569271087
2480,0.6074872791767121,2480,0.6244788944721222,0.7858966588973999
2481,0.6053884625434875,2481,0.6244788944721222,0.7619770050048829
2482,0.6053884625434875,2482,0.6244788944721222,0.8059243023395538
2483,0.60417400598526,2483,0.6244788944721222,0.7899810492992401
2484,0.60417400598526,2484,0.6244851291179657,0.7864298164844513
2485,0.6047600567340851,2485,0.6244851291179657,0.7925722777843476
2486,0.6047600567340851,2486,0.6244851291179657,0.7668363928794861
2487,0.6079453110694886,2487,0.6244851291179657,0.7798386454582215
2488,0.6079453110694886,2488,0.6244851291179657,0.7644909977912903
2489,0.6079453110694886,2489,0.6241427302360535,0.8103164553642273
2490,0.6073031604290009,2490,0.6236545205116272,0.7370137333869934
2491,0.6088162958621979,2491,0.6236545205116272,0.7621521592140198
2492,0.6088162958621979,2492,0.6242098331451416,0.761147940158844
2493,0.610499519109726,2493,0.6242098331451416,0.7534356474876404
2494,0.6112865447998047,2494,0.6232261002063751,0.7636117517948151
2495,0.6112865447998047,2495,0.6248679220676422,0.7892508566379547
2496,0.6111867964267731,2496,0.6250741064548493,0.7972423732280731
2497,0.611073625087738,2497,0.6250741064548493,0.7683842360973359
2498,0.6112639009952545,2498,0.6253518342971802,0.781350600719452
2499,0.6105790257453918,2499,0.6253518342971802,0.8040502011775971
