,bpr_classic_calibrated_constant_alpha_0_1,round,bpr_classic_calibrated_constant_alpha_0_2,bpr_classic_calibrated_constant_alpha_0_3,bpr_classic_calibrated_constant_alpha_0_4,bpr_classic_calibrated_constant_alpha_0_5,bpr_classic_calibrated_constant_alpha_0_6,bpr_classic_calibrated_constant_alpha_0_7,bpr_classic_calibrated_constant_alpha_0_8,bpr_classic_calibrated_constant_alpha_0_9
0,0.3180253326892853,0,0.312785704433918,0.312785704433918,0.312785704433918,0.312785704433918,0.312785704433918,0.312785704433918,0.312785704433918,0.312785704433918
1,0.3180253326892853,1,0.312785704433918,0.312785704433918,0.312785704433918,0.312785704433918,0.312785704433918,0.312785704433918,0.312785704433918,0.312785704433918
2,0.3180253326892853,2,0.312785704433918,0.312785704433918,0.312785704433918,0.312785704433918,0.312785704433918,0.312785704433918,0.312785704433918,0.312785704433918
3,0.3180253326892853,3,0.312785704433918,0.312785704433918,0.312785704433918,0.312785704433918,0.312785704433918,0.312785704433918,0.312785704433918,0.312785704433918
4,0.3180253326892853,4,0.312785704433918,0.312785704433918,0.312785704433918,0.312785704433918,0.312785704433918,0.312785704433918,0.312785704433918,0.312785704433918
5,0.3180253326892853,5,0.312785704433918,0.312785704433918,0.312785704433918,0.312785704433918,0.312785704433918,0.312785704433918,0.312785704433918,0.312785704433918
6,0.3180253326892853,6,0.312785704433918,0.312785704433918,0.312785704433918,0.312785704433918,0.312785704433918,0.312785704433918,0.312785704433918,0.312785704433918
7,0.3180253326892853,7,0.312785704433918,0.312785704433918,0.312785704433918,0.312785704433918,0.312785704433918,0.312785704433918,0.312785704433918,0.312785704433918
8,0.3180253326892853,8,0.312785704433918,0.312785704433918,0.312785704433918,0.312785704433918,0.312785704433918,0.312785704433918,0.312785704433918,0.312785704433918
9,0.3180253326892853,9,0.312785704433918,0.312785704433918,0.312785704433918,0.312785704433918,0.312785704433918,0.312785704433918,0.312785704433918,0.312785704433918
10,0.3180253326892853,10,0.312785704433918,0.312785704433918,0.312785704433918,0.312785704433918,0.312785704433918,0.312785704433918,0.312785704433918,0.312785704433918
11,0.3180253326892853,11,0.312785704433918,0.312785704433918,0.312785704433918,0.312785704433918,0.312785704433918,0.312785704433918,0.312785704433918,0.312785704433918
12,0.3180253326892853,12,0.312785704433918,0.312785704433918,0.312785704433918,0.312785704433918,0.312785704433918,0.312785704433918,0.312785704433918,0.312785704433918
13,0.3180253326892853,13,0.312785704433918,0.312785704433918,0.312785704433918,0.312785704433918,0.312785704433918,0.312785704433918,0.312785704433918,0.312785704433918
14,0.3180253326892853,14,0.312785704433918,0.312785704433918,0.312785704433918,0.312785704433918,0.312785704433918,0.312785704433918,0.312785704433918,0.312785704433918
15,0.3180253326892853,15,0.312785704433918,0.312785704433918,0.312785704433918,0.312785704433918,0.312785704433918,0.312785704433918,0.312785704433918,0.312785704433918
16,0.3180253326892853,16,0.312785704433918,0.312785704433918,0.312785704433918,0.312785704433918,0.312785704433918,0.312785704433918,0.312785704433918,0.312785704433918
17,0.3180253326892853,17,0.312785704433918,0.312785704433918,0.312785704433918,0.312785704433918,0.312785704433918,0.312785704433918,0.312785704433918,0.312785704433918
18,0.3180253326892853,18,0.312785704433918,0.312785704433918,0.312785704433918,0.312785704433918,0.312785704433918,0.312785704433918,0.312785704433918,0.312785704433918
19,0.3180253326892853,19,0.312785704433918,0.312785704433918,0.312785704433918,0.312785704433918,0.312785704433918,0.312785704433918,0.312785704433918,0.312785704433918
20,0.3180253326892853,20,0.312785704433918,0.312785704433918,0.312785704433918,0.312785704433918,0.312785704433918,0.312785704433918,0.312785704433918,0.312785704433918
21,0.3180253326892853,21,0.312785704433918,0.312785704433918,0.312785704433918,0.312785704433918,0.312785704433918,0.312785704433918,0.312785704433918,0.312785704433918
22,0.3180253326892853,22,0.312785704433918,0.312785704433918,0.312785704433918,0.312785704433918,0.312785704433918,0.312785704433918,0.312785704433918,0.312785704433918
23,0.3180253326892853,23,0.312785704433918,0.312785704433918,0.312785704433918,0.312785704433918,0.312785704433918,0.312785704433918,0.312785704433918,0.312785704433918
24,0.3180253326892853,24,0.312785704433918,0.312785704433918,0.312785704433918,0.312785704433918,0.312785704433918,0.312785704433918,0.312785704433918,0.312785704433918
25,0.3180253326892853,25,0.312785704433918,0.312785704433918,0.312785704433918,0.312785704433918,0.312785704433918,0.312785704433918,0.312785704433918,0.312785704433918
26,0.3180253326892853,26,0.312785704433918,0.312785704433918,0.312785704433918,0.312785704433918,0.312785704433918,0.312785704433918,0.312785704433918,0.312785704433918
27,0.3180253326892853,27,0.312785704433918,0.312785704433918,0.312785704433918,0.312785704433918,0.312785704433918,0.312785704433918,0.312785704433918,0.312785704433918
28,0.3180253326892853,28,0.312785704433918,0.312785704433918,0.312785704433918,0.312785704433918,0.312785704433918,0.312785704433918,0.312785704433918,0.312785704433918
29,0.3180253326892853,29,0.312785704433918,0.312785704433918,0.312785704433918,0.312785704433918,0.312785704433918,0.312785704433918,0.312785704433918,0.312785704433918
30,0.3180253326892853,30,0.312785704433918,0.312785704433918,0.312785704433918,0.312785704433918,0.312785704433918,0.312785704433918,0.312785704433918,0.312785704433918
31,0.3180253326892853,31,0.312785704433918,0.312785704433918,0.312785704433918,0.312785704433918,0.312785704433918,0.312785704433918,0.312785704433918,0.312785704433918
32,0.3180253326892853,32,0.312785704433918,0.312785704433918,0.312785704433918,0.312785704433918,0.312785704433918,0.312785704433918,0.312785704433918,0.312785704433918
33,0.3180253326892853,33,0.312785704433918,0.312785704433918,0.312785704433918,0.312785704433918,0.312785704433918,0.312785704433918,0.312785704433918,0.312785704433918
34,0.3180253326892853,34,0.312785704433918,0.312785704433918,0.312785704433918,0.312785704433918,0.312785704433918,0.312785704433918,0.312785704433918,0.312785704433918
35,0.3180253326892853,35,0.312785704433918,0.312785704433918,0.312785704433918,0.312785704433918,0.312785704433918,0.312785704433918,0.312785704433918,0.312785704433918
36,0.3180253326892853,36,0.312785704433918,0.312785704433918,0.312785704433918,0.312785704433918,0.312785704433918,0.312785704433918,0.312785704433918,0.312785704433918
37,0.3180253326892853,37,0.312785704433918,0.312785704433918,0.312785704433918,0.312785704433918,0.312785704433918,0.312785704433918,0.312785704433918,0.312785704433918
38,0.3180253326892853,38,0.312785704433918,0.312785704433918,0.312785704433918,0.312785704433918,0.312785704433918,0.312785704433918,0.312785704433918,0.312785704433918
39,0.3180253326892853,39,0.312785704433918,0.312785704433918,0.312785704433918,0.312785704433918,0.312785704433918,0.312785704433918,0.312785704433918,0.312785704433918
40,0.3180253326892853,40,0.312785704433918,0.312785704433918,0.312785704433918,0.312785704433918,0.312785704433918,0.312785704433918,0.312785704433918,0.312785704433918
41,0.3180253326892853,41,0.312785704433918,0.312785704433918,0.312785704433918,0.312785704433918,0.312785704433918,0.312785704433918,0.312785704433918,0.312785704433918
42,0.3180253326892853,42,0.312785704433918,0.312785704433918,0.312785704433918,0.312785704433918,0.312785704433918,0.312785704433918,0.312785704433918,0.312785704433918
43,0.3180253326892853,43,0.312785704433918,0.312785704433918,0.312785704433918,0.312785704433918,0.312785704433918,0.312785704433918,0.312785704433918,0.312785704433918
44,0.3180253326892853,44,0.312785704433918,0.312785704433918,0.312785704433918,0.312785704433918,0.312785704433918,0.312785704433918,0.312785704433918,0.312785704433918
45,0.3180253326892853,45,0.312785704433918,0.312785704433918,0.312785704433918,0.312785704433918,0.312785704433918,0.312785704433918,0.312785704433918,0.312785704433918
46,0.3180253326892853,46,0.312785704433918,0.312785704433918,0.312785704433918,0.312785704433918,0.312785704433918,0.312785704433918,0.312785704433918,0.312785704433918
47,0.3180253326892853,47,0.312785704433918,0.312785704433918,0.312785704433918,0.312785704433918,0.312785704433918,0.312785704433918,0.312785704433918,0.312785704433918
48,0.3180253326892853,48,0.312785704433918,0.312785704433918,0.312785704433918,0.312785704433918,0.312785704433918,0.312785704433918,0.312785704433918,0.312785704433918
49,0.3180253326892853,49,0.312785704433918,0.312785704433918,0.312785704433918,0.312785704433918,0.312785704433918,0.312785704433918,0.312785704433918,0.312785704433918
50,0.3180253326892853,50,0.312785704433918,0.312785704433918,0.312785704433918,0.312785704433918,0.312785704433918,0.312785704433918,0.312785704433918,0.312785704433918
51,0.3180253326892853,51,0.312785704433918,0.312785704433918,0.312785704433918,0.312785704433918,0.312785704433918,0.312785704433918,0.312785704433918,0.312785704433918
52,0.3180253326892853,52,0.312785704433918,0.312785704433918,0.312785704433918,0.312785704433918,0.312785704433918,0.312785704433918,0.312785704433918,0.312785704433918
53,0.3180253326892853,53,0.312785704433918,0.312785704433918,0.312785704433918,0.312785704433918,0.312785704433918,0.312785704433918,0.312785704433918,0.312785704433918
54,0.3180253326892853,54,0.312785704433918,0.312785704433918,0.312785704433918,0.312785704433918,0.312785704433918,0.312785704433918,0.312785704433918,0.312785704433918
55,0.3180253326892853,55,0.312785704433918,0.312785704433918,0.312785704433918,0.312785704433918,0.312785704433918,0.312785704433918,0.312785704433918,0.312785704433918
56,0.3180253326892853,56,0.312785704433918,0.312785704433918,0.312785704433918,0.312785704433918,0.312785704433918,0.312785704433918,0.312785704433918,0.312785704433918
57,0.3180253326892853,57,0.312785704433918,0.312785704433918,0.312785704433918,0.312785704433918,0.312785704433918,0.312785704433918,0.312785704433918,0.312785704433918
58,0.3180253326892853,58,0.312785704433918,0.312785704433918,0.312785704433918,0.312785704433918,0.312785704433918,0.312785704433918,0.312785704433918,0.312785704433918
59,0.3180253326892853,59,0.312785704433918,0.312785704433918,0.312785704433918,0.312785704433918,0.312785704433918,0.312785704433918,0.312785704433918,0.312785704433918
60,0.3180253326892853,60,0.312785704433918,0.312785704433918,0.312785704433918,0.312785704433918,0.312785704433918,0.312785704433918,0.312785704433918,0.312785704433918
61,0.3180253326892853,61,0.312785704433918,0.312785704433918,0.312785704433918,0.312785704433918,0.312785704433918,0.312785704433918,0.312785704433918,0.312785704433918
62,0.3180253326892853,62,0.312785704433918,0.312785704433918,0.312785704433918,0.312785704433918,0.312785704433918,0.312785704433918,0.312785704433918,0.312785704433918
63,0.3180253326892853,63,0.312785704433918,0.312785704433918,0.312785704433918,0.312785704433918,0.312785704433918,0.312785704433918,0.312785704433918,0.312785704433918
64,0.3180253326892853,64,0.312785704433918,0.312785704433918,0.312785704433918,0.312785704433918,0.312785704433918,0.312785704433918,0.312785704433918,0.312785704433918
65,0.3180253326892853,65,0.312785704433918,0.312785704433918,0.312785704433918,0.312785704433918,0.312785704433918,0.312785704433918,0.312785704433918,0.312785704433918
66,0.3180253326892853,66,0.312785704433918,0.312785704433918,0.312785704433918,0.312785704433918,0.312785704433918,0.312785704433918,0.312785704433918,0.312785704433918
67,0.3180253326892853,67,0.312785704433918,0.312785704433918,0.312785704433918,0.312785704433918,0.312785704433918,0.312785704433918,0.312785704433918,0.312785704433918
68,0.3180253326892853,68,0.312785704433918,0.312785704433918,0.312785704433918,0.312785704433918,0.312785704433918,0.312785704433918,0.312785704433918,0.312785704433918
69,0.3180253326892853,69,0.312785704433918,0.312785704433918,0.312785704433918,0.312785704433918,0.312785704433918,0.312785704433918,0.312785704433918,0.312785704433918
70,0.3180253326892853,70,0.312785704433918,0.312785704433918,0.312785704433918,0.312785704433918,0.312785704433918,0.312785704433918,0.312785704433918,0.312785704433918
71,0.3180253326892853,71,0.312785704433918,0.312785704433918,0.312785704433918,0.312785704433918,0.312785704433918,0.312785704433918,0.312785704433918,0.312785704433918
72,0.3180253326892853,72,0.312785704433918,0.312785704433918,0.312785704433918,0.312785704433918,0.312785704433918,0.312785704433918,0.312785704433918,0.312785704433918
73,0.3180253326892853,73,0.312785704433918,0.312785704433918,0.312785704433918,0.312785704433918,0.312785704433918,0.312785704433918,0.312785704433918,0.312785704433918
74,0.3180253326892853,74,0.312785704433918,0.312785704433918,0.312785704433918,0.312785704433918,0.312785704433918,0.312785704433918,0.312785704433918,0.312785704433918
75,0.3180253326892853,75,0.312785704433918,0.312785704433918,0.312785704433918,0.312785704433918,0.312785704433918,0.312785704433918,0.312785704433918,0.312785704433918
76,0.3180253326892853,76,0.312785704433918,0.312785704433918,0.312785704433918,0.312785704433918,0.312785704433918,0.312785704433918,0.312785704433918,0.312785704433918
77,0.3180253326892853,77,0.312785704433918,0.312785704433918,0.312785704433918,0.312785704433918,0.312785704433918,0.312785704433918,0.312785704433918,0.312785704433918
78,0.3180253326892853,78,0.312785704433918,0.312785704433918,0.312785704433918,0.312785704433918,0.312785704433918,0.312785704433918,0.312785704433918,0.312785704433918
79,0.3180253326892853,79,0.312785704433918,0.312785704433918,0.312785704433918,0.312785704433918,0.312785704433918,0.312785704433918,0.312785704433918,0.312785704433918
80,0.3180253326892853,80,0.312785704433918,0.312785704433918,0.312785704433918,0.312785704433918,0.312785704433918,0.312785704433918,0.312785704433918,0.312785704433918
81,0.3180253326892853,81,0.312785704433918,0.312785704433918,0.312785704433918,0.312785704433918,0.312785704433918,0.312785704433918,0.312785704433918,0.312785704433918
82,0.3180253326892853,82,0.312785704433918,0.312785704433918,0.312785704433918,0.312785704433918,0.312785704433918,0.312785704433918,0.312785704433918,0.312785704433918
83,0.3180253326892853,83,0.312785704433918,0.312785704433918,0.312785704433918,0.312785704433918,0.312785704433918,0.312785704433918,0.312785704433918,0.312785704433918
84,0.3180253326892853,84,0.312785704433918,0.312785704433918,0.312785704433918,0.312785704433918,0.312785704433918,0.312785704433918,0.312785704433918,0.312785704433918
85,0.3180253326892853,85,0.312785704433918,0.312785704433918,0.312785704433918,0.312785704433918,0.312785704433918,0.312785704433918,0.312785704433918,0.312785704433918
86,0.3180253326892853,86,0.312785704433918,0.312785704433918,0.312785704433918,0.312785704433918,0.312785704433918,0.312785704433918,0.312785704433918,0.312785704433918
87,0.3180253326892853,87,0.312785704433918,0.312785704433918,0.312785704433918,0.312785704433918,0.312785704433918,0.312785704433918,0.312785704433918,0.312785704433918
88,0.3180253326892853,88,0.312785704433918,0.312785704433918,0.312785704433918,0.312785704433918,0.312785704433918,0.312785704433918,0.312785704433918,0.312785704433918
89,0.3180253326892853,89,0.312785704433918,0.312785704433918,0.312785704433918,0.312785704433918,0.312785704433918,0.312785704433918,0.312785704433918,0.312785704433918
90,0.3180253326892853,90,0.312785704433918,0.312785704433918,0.312785704433918,0.312785704433918,0.312785704433918,0.312785704433918,0.312785704433918,0.312785704433918
91,0.3180253326892853,91,0.312785704433918,0.312785704433918,0.312785704433918,0.312785704433918,0.312785704433918,0.312785704433918,0.312785704433918,0.312785704433918
92,0.3180253326892853,92,0.312785704433918,0.312785704433918,0.312785704433918,0.312785704433918,0.312785704433918,0.312785704433918,0.312785704433918,0.312785704433918
93,0.3180253326892853,93,0.312785704433918,0.312785704433918,0.312785704433918,0.312785704433918,0.312785704433918,0.312785704433918,0.312785704433918,0.312785704433918
94,0.3180253326892853,94,0.312785704433918,0.312785704433918,0.312785704433918,0.312785704433918,0.312785704433918,0.312785704433918,0.312785704433918,0.312785704433918
95,0.3180253326892853,95,0.312785704433918,0.312785704433918,0.312785704433918,0.312785704433918,0.312785704433918,0.312785704433918,0.312785704433918,0.312785704433918
96,0.3180253326892853,96,0.312785704433918,0.312785704433918,0.312785704433918,0.312785704433918,0.312785704433918,0.312785704433918,0.312785704433918,0.312785704433918
97,0.3180253326892853,97,0.312785704433918,0.312785704433918,0.312785704433918,0.312785704433918,0.312785704433918,0.312785704433918,0.312785704433918,0.312785704433918
98,0.3180253326892853,98,0.312785704433918,0.312785704433918,0.312785704433918,0.312785704433918,0.312785704433918,0.312785704433918,0.312785704433918,0.312785704433918
99,0.3180253326892853,99,0.312785704433918,0.312785704433918,0.312785704433918,0.312785704433918,0.312785704433918,0.312785704433918,0.312785704433918,0.312785704433918
100,0.3180253326892853,100,0.312785704433918,0.312785704433918,0.312785704433918,0.312785704433918,0.312785704433918,0.312785704433918,0.312785704433918,0.312785704433918
101,0.3180253326892853,101,0.312785704433918,0.312785704433918,0.312785704433918,0.312785704433918,0.312785704433918,0.312785704433918,0.312785704433918,0.312785704433918
102,0.3180253326892853,102,0.312785704433918,0.312785704433918,0.312785704433918,0.312785704433918,0.312785704433918,0.312785704433918,0.312785704433918,0.312785704433918
103,0.3180253326892853,103,0.312785704433918,0.312785704433918,0.312785704433918,0.312785704433918,0.312785704433918,0.312785704433918,0.312785704433918,0.312785704433918
104,0.3180253326892853,104,0.312785704433918,0.312785704433918,0.312785704433918,0.312785704433918,0.312785704433918,0.312785704433918,0.312785704433918,0.312785704433918
105,0.3180253326892853,105,0.312785704433918,0.312785704433918,0.312785704433918,0.312785704433918,0.312785704433918,0.312785704433918,0.312785704433918,0.312785704433918
106,0.3180253326892853,106,0.312785704433918,0.312785704433918,0.312785704433918,0.312785704433918,0.312785704433918,0.312785704433918,0.312785704433918,0.312785704433918
107,0.3180253326892853,107,0.312785704433918,0.312785704433918,0.312785704433918,0.312785704433918,0.312785704433918,0.312785704433918,0.312785704433918,0.312785704433918
108,0.3180253326892853,108,0.312785704433918,0.312785704433918,0.312785704433918,0.312785704433918,0.312785704433918,0.312785704433918,0.312785704433918,0.312785704433918
109,0.3180253326892853,109,0.312785704433918,0.312785704433918,0.312785704433918,0.312785704433918,0.312785704433918,0.312785704433918,0.312785704433918,0.312785704433918
110,0.3180253326892853,110,0.312785704433918,0.312785704433918,0.312785704433918,0.312785704433918,0.312785704433918,0.312785704433918,0.312785704433918,0.312785704433918
111,0.3180253326892853,111,0.312785704433918,0.312785704433918,0.312785704433918,0.312785704433918,0.312785704433918,0.312785704433918,0.312785704433918,0.312785704433918
112,0.3180253326892853,112,0.312785704433918,0.312785704433918,0.312785704433918,0.312785704433918,0.312785704433918,0.312785704433918,0.312785704433918,0.312785704433918
113,0.3180253326892853,113,0.312785704433918,0.312785704433918,0.312785704433918,0.312785704433918,0.312785704433918,0.312785704433918,0.312785704433918,0.312785704433918
114,0.3180253326892853,114,0.312785704433918,0.312785704433918,0.312785704433918,0.312785704433918,0.312785704433918,0.312785704433918,0.312785704433918,0.312785704433918
115,0.3180253326892853,115,0.312785704433918,0.312785704433918,0.312785704433918,0.312785704433918,0.312785704433918,0.312785704433918,0.312785704433918,0.312785704433918
116,0.3180253326892853,116,0.312785704433918,0.312785704433918,0.312785704433918,0.312785704433918,0.312785704433918,0.312785704433918,0.312785704433918,0.312785704433918
117,0.3180253326892853,117,0.312785704433918,0.312785704433918,0.312785704433918,0.312785704433918,0.312785704433918,0.312785704433918,0.312785704433918,0.312785704433918
118,0.3180253326892853,118,0.312785704433918,0.312785704433918,0.312785704433918,0.312785704433918,0.312785704433918,0.312785704433918,0.312785704433918,0.312785704433918
119,0.3180253326892853,119,0.312785704433918,0.312785704433918,0.312785704433918,0.312785704433918,0.312785704433918,0.312785704433918,0.312785704433918,0.312785704433918
120,0.3180253326892853,120,0.312785704433918,0.312785704433918,0.312785704433918,0.312785704433918,0.312785704433918,0.312785704433918,0.312785704433918,0.312785704433918
121,0.3180253326892853,121,0.312785704433918,0.312785704433918,0.312785704433918,0.312785704433918,0.312785704433918,0.312785704433918,0.312785704433918,0.312785704433918
122,0.3180253326892853,122,0.312785704433918,0.312785704433918,0.312785704433918,0.312785704433918,0.312785704433918,0.312785704433918,0.312785704433918,0.312785704433918
123,0.3180253326892853,123,0.312785704433918,0.312785704433918,0.312785704433918,0.312785704433918,0.312785704433918,0.312785704433918,0.312785704433918,0.312785704433918
124,0.3180253326892853,124,0.312785704433918,0.312785704433918,0.312785704433918,0.312785704433918,0.312785704433918,0.312785704433918,0.312785704433918,0.312785704433918
125,0.3180253326892853,125,0.312785704433918,0.312785704433918,0.312785704433918,0.312785704433918,0.312785704433918,0.312785704433918,0.312785704433918,0.312785704433918
126,0.3180253326892853,126,0.312785704433918,0.312785704433918,0.312785704433918,0.312785704433918,0.312785704433918,0.312785704433918,0.312785704433918,0.312785704433918
127,0.3180253326892853,127,0.312785704433918,0.312785704433918,0.312785704433918,0.312785704433918,0.312785704433918,0.312785704433918,0.312785704433918,0.312785704433918
128,0.3180253326892853,128,0.312785704433918,0.312785704433918,0.312785704433918,0.312785704433918,0.312785704433918,0.312785704433918,0.312785704433918,0.312785704433918
129,0.3180253326892853,129,0.312785704433918,0.312785704433918,0.312785704433918,0.312785704433918,0.312785704433918,0.312785704433918,0.312785704433918,0.312785704433918
130,0.3180253326892853,130,0.312785704433918,0.312785704433918,0.312785704433918,0.312785704433918,0.312785704433918,0.312785704433918,0.312785704433918,0.312785704433918
131,0.3180253326892853,131,0.312785704433918,0.312785704433918,0.312785704433918,0.312785704433918,0.312785704433918,0.312785704433918,0.312785704433918,0.312785704433918
132,0.3180253326892853,132,0.312785704433918,0.312785704433918,0.312785704433918,0.312785704433918,0.312785704433918,0.312785704433918,0.312785704433918,0.312785704433918
133,0.3180253326892853,133,0.312785704433918,0.312785704433918,0.312785704433918,0.312785704433918,0.312785704433918,0.312785704433918,0.312785704433918,0.312785704433918
134,0.3180253326892853,134,0.312785704433918,0.312785704433918,0.312785704433918,0.312785704433918,0.312785704433918,0.312785704433918,0.312785704433918,0.312785704433918
135,0.3180253326892853,135,0.312785704433918,0.312785704433918,0.312785704433918,0.312785704433918,0.312785704433918,0.312785704433918,0.312785704433918,0.312785704433918
136,0.3180253326892853,136,0.312785704433918,0.312785704433918,0.312785704433918,0.312785704433918,0.312785704433918,0.312785704433918,0.312785704433918,0.312785704433918
137,0.3180253326892853,137,0.312785704433918,0.312785704433918,0.312785704433918,0.312785704433918,0.312785704433918,0.312785704433918,0.312785704433918,0.312785704433918
138,0.3180253326892853,138,0.312785704433918,0.312785704433918,0.312785704433918,0.312785704433918,0.312785704433918,0.312785704433918,0.312785704433918,0.312785704433918
139,0.3180253326892853,139,0.312785704433918,0.312785704433918,0.312785704433918,0.312785704433918,0.312785704433918,0.312785704433918,0.312785704433918,0.312785704433918
140,0.3180253326892853,140,0.312785704433918,0.312785704433918,0.312785704433918,0.312785704433918,0.312785704433918,0.312785704433918,0.312785704433918,0.312785704433918
141,0.3180253326892853,141,0.312785704433918,0.312785704433918,0.312785704433918,0.312785704433918,0.312785704433918,0.312785704433918,0.312785704433918,0.312785704433918
142,0.3180253326892853,142,0.312785704433918,0.312785704433918,0.312785704433918,0.312785704433918,0.312785704433918,0.312785704433918,0.312785704433918,0.312785704433918
143,0.3180253326892853,143,0.312785704433918,0.312785704433918,0.312785704433918,0.312785704433918,0.312785704433918,0.312785704433918,0.312785704433918,0.312785704433918
144,0.3180253326892853,144,0.312785704433918,0.312785704433918,0.312785704433918,0.312785704433918,0.312785704433918,0.312785704433918,0.312785704433918,0.312785704433918
145,0.3180253326892853,145,0.312785704433918,0.312785704433918,0.312785704433918,0.312785704433918,0.312785704433918,0.312785704433918,0.312785704433918,0.312785704433918
146,0.3180253326892853,146,0.312785704433918,0.312785704433918,0.312785704433918,0.312785704433918,0.312785704433918,0.312785704433918,0.312785704433918,0.312785704433918
147,0.3180253326892853,147,0.312785704433918,0.312785704433918,0.312785704433918,0.312785704433918,0.312785704433918,0.312785704433918,0.312785704433918,0.312785704433918
148,0.3180253326892853,148,0.312785704433918,0.312785704433918,0.312785704433918,0.312785704433918,0.312785704433918,0.312785704433918,0.312785704433918,0.312785704433918
149,0.3180253326892853,149,0.312785704433918,0.312785704433918,0.312785704433918,0.312785704433918,0.312785704433918,0.312785704433918,0.312785704433918,0.312785704433918
150,0.3180253326892853,150,0.312785704433918,0.312785704433918,0.312785704433918,0.312785704433918,0.312785704433918,0.312785704433918,0.312785704433918,0.312785704433918
151,0.3180253326892853,151,0.312785704433918,0.312785704433918,0.312785704433918,0.312785704433918,0.312785704433918,0.312785704433918,0.312785704433918,0.312785704433918
152,0.3180253326892853,152,0.312785704433918,0.312785704433918,0.312785704433918,0.312785704433918,0.312785704433918,0.312785704433918,0.312785704433918,0.312785704433918
153,0.3180253326892853,153,0.312785704433918,0.312785704433918,0.312785704433918,0.312785704433918,0.312785704433918,0.312785704433918,0.312785704433918,0.312785704433918
154,0.3180253326892853,154,0.312785704433918,0.312785704433918,0.312785704433918,0.312785704433918,0.312785704433918,0.312785704433918,0.312785704433918,0.312785704433918
155,0.3180253326892853,155,0.312785704433918,0.312785704433918,0.312785704433918,0.312785704433918,0.312785704433918,0.312785704433918,0.312785704433918,0.312785704433918
156,0.3180253326892853,156,0.312785704433918,0.312785704433918,0.312785704433918,0.312785704433918,0.312785704433918,0.312785704433918,0.312785704433918,0.312785704433918
157,0.3180253326892853,157,0.312785704433918,0.312785704433918,0.312785704433918,0.312785704433918,0.312785704433918,0.312785704433918,0.312785704433918,0.312785704433918
158,0.3180253326892853,158,0.312785704433918,0.312785704433918,0.312785704433918,0.312785704433918,0.312785704433918,0.312785704433918,0.312785704433918,0.312785704433918
159,0.3180253326892853,159,0.312785704433918,0.312785704433918,0.312785704433918,0.312785704433918,0.312785704433918,0.312785704433918,0.312785704433918,0.312785704433918
160,0.3180253326892853,160,0.312785704433918,0.312785704433918,0.312785704433918,0.312785704433918,0.312785704433918,0.312785704433918,0.312785704433918,0.312785704433918
161,0.3180253326892853,161,0.312785704433918,0.312785704433918,0.312785704433918,0.312785704433918,0.312785704433918,0.312785704433918,0.312785704433918,0.312785704433918
162,0.3180253326892853,162,0.312785704433918,0.312785704433918,0.312785704433918,0.312785704433918,0.312785704433918,0.312785704433918,0.312785704433918,0.312785704433918
163,0.3180253326892853,163,0.312785704433918,0.312785704433918,0.312785704433918,0.312785704433918,0.312785704433918,0.312785704433918,0.312785704433918,0.312785704433918
164,0.3180253326892853,164,0.312785704433918,0.312785704433918,0.312785704433918,0.312785704433918,0.312785704433918,0.312785704433918,0.312785704433918,0.312785704433918
165,0.3180253326892853,165,0.312785704433918,0.312785704433918,0.312785704433918,0.312785704433918,0.312785704433918,0.312785704433918,0.312785704433918,0.312785704433918
166,0.3180253326892853,166,0.312785704433918,0.312785704433918,0.312785704433918,0.312785704433918,0.312785704433918,0.312785704433918,0.312785704433918,0.312785704433918
167,0.3180253326892853,167,0.312785704433918,0.312785704433918,0.312785704433918,0.312785704433918,0.312785704433918,0.312785704433918,0.312785704433918,0.312785704433918
168,0.3180253326892853,168,0.312785704433918,0.312785704433918,0.312785704433918,0.312785704433918,0.312785704433918,0.312785704433918,0.312785704433918,0.312785704433918
169,0.3180253326892853,169,0.312785704433918,0.312785704433918,0.312785704433918,0.312785704433918,0.312785704433918,0.312785704433918,0.312785704433918,0.312785704433918
170,0.3180253326892853,170,0.312785704433918,0.312785704433918,0.312785704433918,0.312785704433918,0.312785704433918,0.312785704433918,0.312785704433918,0.312785704433918
171,0.3180253326892853,171,0.312785704433918,0.312785704433918,0.312785704433918,0.312785704433918,0.312785704433918,0.312785704433918,0.312785704433918,0.312785704433918
172,0.3180253326892853,172,0.312785704433918,0.312785704433918,0.312785704433918,0.312785704433918,0.312785704433918,0.312785704433918,0.312785704433918,0.312785704433918
173,0.3180253326892853,173,0.312785704433918,0.312785704433918,0.312785704433918,0.312785704433918,0.312785704433918,0.312785704433918,0.312785704433918,0.312785704433918
174,0.3180253326892853,174,0.312785704433918,0.312785704433918,0.312785704433918,0.312785704433918,0.312785704433918,0.312785704433918,0.312785704433918,0.312785704433918
175,0.3180253326892853,175,0.312785704433918,0.312785704433918,0.312785704433918,0.312785704433918,0.312785704433918,0.312785704433918,0.312785704433918,0.312785704433918
176,0.3180253326892853,176,0.312785704433918,0.312785704433918,0.312785704433918,0.312785704433918,0.312785704433918,0.312785704433918,0.312785704433918,0.312785704433918
177,0.3180253326892853,177,0.312785704433918,0.312785704433918,0.312785704433918,0.312785704433918,0.312785704433918,0.312785704433918,0.312785704433918,0.312785704433918
178,0.3180253326892853,178,0.312785704433918,0.312785704433918,0.312785704433918,0.312785704433918,0.312785704433918,0.312785704433918,0.312785704433918,0.312785704433918
179,0.3180253326892853,179,0.312785704433918,0.312785704433918,0.312785704433918,0.312785704433918,0.312785704433918,0.312785704433918,0.312785704433918,0.312785704433918
180,0.3180253326892853,180,0.312785704433918,0.312785704433918,0.312785704433918,0.312785704433918,0.312785704433918,0.312785704433918,0.312785704433918,0.312785704433918
181,0.3180253326892853,181,0.312785704433918,0.312785704433918,0.312785704433918,0.312785704433918,0.312785704433918,0.312785704433918,0.312785704433918,0.312785704433918
182,0.3180253326892853,182,0.312785704433918,0.312785704433918,0.312785704433918,0.312785704433918,0.312785704433918,0.312785704433918,0.312785704433918,0.312785704433918
183,0.3180253326892853,183,0.312785704433918,0.312785704433918,0.312785704433918,0.312785704433918,0.312785704433918,0.312785704433918,0.312785704433918,0.312785704433918
184,0.3180253326892853,184,0.312785704433918,0.312785704433918,0.312785704433918,0.312785704433918,0.312785704433918,0.312785704433918,0.312785704433918,0.312785704433918
185,0.3180253326892853,185,0.312785704433918,0.312785704433918,0.312785704433918,0.312785704433918,0.312785704433918,0.312785704433918,0.312785704433918,0.312785704433918
186,0.3180253326892853,186,0.312785704433918,0.312785704433918,0.312785704433918,0.312785704433918,0.312785704433918,0.312785704433918,0.312785704433918,0.312785704433918
187,0.3180253326892853,187,0.312785704433918,0.312785704433918,0.312785704433918,0.312785704433918,0.312785704433918,0.312785704433918,0.312785704433918,0.312785704433918
188,0.3180253326892853,188,0.312785704433918,0.312785704433918,0.312785704433918,0.312785704433918,0.312785704433918,0.312785704433918,0.312785704433918,0.312785704433918
189,0.3180253326892853,189,0.312785704433918,0.312785704433918,0.312785704433918,0.312785704433918,0.312785704433918,0.312785704433918,0.312785704433918,0.312785704433918
190,0.3180253326892853,190,0.312785704433918,0.312785704433918,0.312785704433918,0.312785704433918,0.312785704433918,0.312785704433918,0.312785704433918,0.312785704433918
191,0.3180253326892853,191,0.312785704433918,0.312785704433918,0.312785704433918,0.312785704433918,0.312785704433918,0.312785704433918,0.312785704433918,0.312785704433918
192,0.3180253326892853,192,0.312785704433918,0.312785704433918,0.312785704433918,0.312785704433918,0.312785704433918,0.312785704433918,0.312785704433918,0.312785704433918
193,0.3180253326892853,193,0.312785704433918,0.312785704433918,0.312785704433918,0.312785704433918,0.312785704433918,0.312785704433918,0.312785704433918,0.312785704433918
194,0.3180253326892853,194,0.312785704433918,0.312785704433918,0.312785704433918,0.312785704433918,0.312785704433918,0.312785704433918,0.312785704433918,0.312785704433918
195,0.3180253326892853,195,0.312785704433918,0.312785704433918,0.312785704433918,0.312785704433918,0.312785704433918,0.312785704433918,0.312785704433918,0.312785704433918
196,0.3180253326892853,196,0.312785704433918,0.312785704433918,0.312785704433918,0.312785704433918,0.312785704433918,0.312785704433918,0.312785704433918,0.312785704433918
197,0.3180253326892853,197,0.312785704433918,0.312785704433918,0.312785704433918,0.312785704433918,0.312785704433918,0.312785704433918,0.312785704433918,0.312785704433918
198,0.3180253326892853,198,0.312785704433918,0.312785704433918,0.312785704433918,0.312785704433918,0.312785704433918,0.312785704433918,0.312785704433918,0.312785704433918
199,0.3180253326892853,199,0.312785704433918,0.312785704433918,0.312785704433918,0.312785704433918,0.312785704433918,0.312785704433918,0.312785704433918,0.312785704433918
200,0.3180253326892853,200,0.312785704433918,0.312785704433918,0.312785704433918,0.312785704433918,0.312785704433918,0.312785704433918,0.312785704433918,0.312785704433918
201,0.3180253326892853,201,0.312785704433918,0.312785704433918,0.312785704433918,0.312785704433918,0.312785704433918,0.312785704433918,0.312785704433918,0.312785704433918
202,0.3180253326892853,202,0.312785704433918,0.312785704433918,0.312785704433918,0.312785704433918,0.312785704433918,0.312785704433918,0.312785704433918,0.312785704433918
203,0.3180253326892853,203,0.312785704433918,0.312785704433918,0.312785704433918,0.312785704433918,0.312785704433918,0.312785704433918,0.312785704433918,0.312785704433918
204,0.3180253326892853,204,0.312785704433918,0.312785704433918,0.312785704433918,0.312785704433918,0.312785704433918,0.312785704433918,0.312785704433918,0.312785704433918
205,0.3180253326892853,205,0.312785704433918,0.312785704433918,0.312785704433918,0.312785704433918,0.312785704433918,0.312785704433918,0.312785704433918,0.312785704433918
206,0.3180253326892853,206,0.312785704433918,0.312785704433918,0.312785704433918,0.312785704433918,0.312785704433918,0.312785704433918,0.312785704433918,0.312785704433918
207,0.3180253326892853,207,0.312785704433918,0.312785704433918,0.312785704433918,0.312785704433918,0.312785704433918,0.312785704433918,0.312785704433918,0.312785704433918
208,0.3180253326892853,208,0.312785704433918,0.312785704433918,0.312785704433918,0.312785704433918,0.312785704433918,0.312785704433918,0.312785704433918,0.312785704433918
209,0.3180253326892853,209,0.312785704433918,0.312785704433918,0.312785704433918,0.312785704433918,0.312785704433918,0.312785704433918,0.312785704433918,0.312785704433918
210,0.3180253326892853,210,0.312785704433918,0.312785704433918,0.312785704433918,0.312785704433918,0.312785704433918,0.312785704433918,0.312785704433918,0.312785704433918
211,0.3180253326892853,211,0.312785704433918,0.312785704433918,0.312785704433918,0.312785704433918,0.312785704433918,0.312785704433918,0.312785704433918,0.312785704433918
212,0.3180253326892853,212,0.312785704433918,0.312785704433918,0.312785704433918,0.312785704433918,0.312785704433918,0.312785704433918,0.312785704433918,0.312785704433918
213,0.3180253326892853,213,0.312785704433918,0.312785704433918,0.312785704433918,0.312785704433918,0.312785704433918,0.312785704433918,0.312785704433918,0.312785704433918
214,0.3180253326892853,214,0.312785704433918,0.312785704433918,0.312785704433918,0.312785704433918,0.312785704433918,0.312785704433918,0.312785704433918,0.312785704433918
215,0.3180253326892853,215,0.312785704433918,0.312785704433918,0.312785704433918,0.312785704433918,0.312785704433918,0.312785704433918,0.312785704433918,0.312785704433918
216,0.3180253326892853,216,0.312785704433918,0.312785704433918,0.312785704433918,0.312785704433918,0.312785704433918,0.312785704433918,0.312785704433918,0.312785704433918
217,0.3180253326892853,217,0.312785704433918,0.312785704433918,0.312785704433918,0.312785704433918,0.312785704433918,0.312785704433918,0.312785704433918,0.312785704433918
218,0.3180253326892853,218,0.312785704433918,0.312785704433918,0.312785704433918,0.312785704433918,0.312785704433918,0.312785704433918,0.312785704433918,0.312785704433918
219,0.3180253326892853,219,0.312785704433918,0.312785704433918,0.312785704433918,0.312785704433918,0.312785704433918,0.312785704433918,0.312785704433918,0.312785704433918
220,0.3180253326892853,220,0.312785704433918,0.312785704433918,0.312785704433918,0.312785704433918,0.312785704433918,0.312785704433918,0.312785704433918,0.312785704433918
221,0.3180253326892853,221,0.312785704433918,0.312785704433918,0.312785704433918,0.312785704433918,0.312785704433918,0.312785704433918,0.312785704433918,0.312785704433918
222,0.3180253326892853,222,0.312785704433918,0.312785704433918,0.312785704433918,0.312785704433918,0.312785704433918,0.312785704433918,0.312785704433918,0.312785704433918
223,0.3180253326892853,223,0.312785704433918,0.312785704433918,0.312785704433918,0.312785704433918,0.312785704433918,0.312785704433918,0.312785704433918,0.312785704433918
224,0.3180253326892853,224,0.312785704433918,0.312785704433918,0.312785704433918,0.312785704433918,0.312785704433918,0.312785704433918,0.312785704433918,0.312785704433918
225,0.3180253326892853,225,0.312785704433918,0.312785704433918,0.312785704433918,0.312785704433918,0.312785704433918,0.312785704433918,0.312785704433918,0.312785704433918
226,0.3180253326892853,226,0.312785704433918,0.312785704433918,0.312785704433918,0.312785704433918,0.312785704433918,0.312785704433918,0.312785704433918,0.312785704433918
227,0.3180253326892853,227,0.312785704433918,0.312785704433918,0.312785704433918,0.312785704433918,0.312785704433918,0.312785704433918,0.312785704433918,0.312785704433918
228,0.3180253326892853,228,0.312785704433918,0.312785704433918,0.312785704433918,0.312785704433918,0.312785704433918,0.312785704433918,0.312785704433918,0.312785704433918
229,0.3180253326892853,229,0.312785704433918,0.312785704433918,0.312785704433918,0.312785704433918,0.312785704433918,0.312785704433918,0.312785704433918,0.312785704433918
230,0.3180253326892853,230,0.312785704433918,0.312785704433918,0.312785704433918,0.312785704433918,0.312785704433918,0.312785704433918,0.312785704433918,0.312785704433918
231,0.3180253326892853,231,0.312785704433918,0.312785704433918,0.312785704433918,0.312785704433918,0.312785704433918,0.312785704433918,0.312785704433918,0.312785704433918
232,0.3180253326892853,232,0.312785704433918,0.312785704433918,0.312785704433918,0.312785704433918,0.312785704433918,0.312785704433918,0.312785704433918,0.312785704433918
233,0.3180253326892853,233,0.312785704433918,0.312785704433918,0.312785704433918,0.312785704433918,0.312785704433918,0.312785704433918,0.312785704433918,0.312785704433918
234,0.3180253326892853,234,0.312785704433918,0.312785704433918,0.312785704433918,0.312785704433918,0.312785704433918,0.312785704433918,0.312785704433918,0.312785704433918
235,0.3180253326892853,235,0.312785704433918,0.312785704433918,0.312785704433918,0.312785704433918,0.312785704433918,0.312785704433918,0.312785704433918,0.312785704433918
236,0.3180253326892853,236,0.312785704433918,0.312785704433918,0.312785704433918,0.312785704433918,0.312785704433918,0.312785704433918,0.312785704433918,0.312785704433918
237,0.3180253326892853,237,0.312785704433918,0.312785704433918,0.312785704433918,0.312785704433918,0.312785704433918,0.312785704433918,0.312785704433918,0.312785704433918
238,0.3180253326892853,238,0.312785704433918,0.312785704433918,0.312785704433918,0.312785704433918,0.312785704433918,0.312785704433918,0.312785704433918,0.312785704433918
239,0.3180253326892853,239,0.312785704433918,0.312785704433918,0.312785704433918,0.312785704433918,0.312785704433918,0.312785704433918,0.312785704433918,0.312785704433918
240,0.3180253326892853,240,0.312785704433918,0.312785704433918,0.312785704433918,0.312785704433918,0.312785704433918,0.312785704433918,0.312785704433918,0.312785704433918
241,0.3180253326892853,241,0.312785704433918,0.312785704433918,0.312785704433918,0.312785704433918,0.312785704433918,0.312785704433918,0.312785704433918,0.312785704433918
242,0.3180253326892853,242,0.312785704433918,0.312785704433918,0.312785704433918,0.312785704433918,0.312785704433918,0.312785704433918,0.312785704433918,0.312785704433918
243,0.3180253326892853,243,0.312785704433918,0.312785704433918,0.312785704433918,0.312785704433918,0.312785704433918,0.312785704433918,0.312785704433918,0.312785704433918
244,0.3180253326892853,244,0.312785704433918,0.312785704433918,0.312785704433918,0.312785704433918,0.312785704433918,0.312785704433918,0.312785704433918,0.312785704433918
245,0.3180253326892853,245,0.312785704433918,0.312785704433918,0.312785704433918,0.312785704433918,0.312785704433918,0.312785704433918,0.312785704433918,0.312785704433918
246,0.3180253326892853,246,0.312785704433918,0.312785704433918,0.312785704433918,0.312785704433918,0.312785704433918,0.312785704433918,0.312785704433918,0.312785704433918
247,0.3180253326892853,247,0.312785704433918,0.312785704433918,0.312785704433918,0.312785704433918,0.312785704433918,0.312785704433918,0.312785704433918,0.312785704433918
248,0.3180253326892853,248,0.312785704433918,0.312785704433918,0.312785704433918,0.312785704433918,0.312785704433918,0.312785704433918,0.312785704433918,0.312785704433918
249,0.3180253326892853,249,0.312785704433918,0.312785704433918,0.312785704433918,0.312785704433918,0.312785704433918,0.312785704433918,0.312785704433918,0.312785704433918
250,0.254629921913147,250,0.22443798631429673,0.22611493915319442,0.22615969330072402,0.22643457502126693,0.22580763548612595,0.22733580470085143,0.22702379822731017,0.22694023996591567
251,0.254629921913147,251,0.22443798631429673,0.22611493915319442,0.22615969330072402,0.22643457502126693,0.22580763548612595,0.22733580470085143,0.22702379822731017,0.22694023996591567
252,0.254629921913147,252,0.22443798631429673,0.22611493915319442,0.22615969330072402,0.22643457502126693,0.22580763548612595,0.22733580470085143,0.22702379822731017,0.22694023996591567
253,0.254629921913147,253,0.22443798631429673,0.22611493915319442,0.22615969330072402,0.22643457502126693,0.22580763548612595,0.22733580470085143,0.22702379822731017,0.22694023996591567
254,0.254629921913147,254,0.22443798631429673,0.22611493915319442,0.22615969330072402,0.22643457502126693,0.22580763548612595,0.22733580470085143,0.22702379822731017,0.22694023996591567
255,0.254629921913147,255,0.22443798631429673,0.22611493915319442,0.22615969330072402,0.22643457502126693,0.22580763548612595,0.22733580470085143,0.22702379822731017,0.22694023996591567
256,0.254629921913147,256,0.22443798631429673,0.22611493915319442,0.22615969330072402,0.22643457502126693,0.22580763548612595,0.22733580470085143,0.22702379822731017,0.22694023996591567
257,0.254629921913147,257,0.22443798631429673,0.22611493915319442,0.22615969330072402,0.22643457502126693,0.22580763548612595,0.22733580470085143,0.22702379822731017,0.22694023996591567
258,0.254629921913147,258,0.22443798631429673,0.22611493915319442,0.22615969330072402,0.22643457502126693,0.22580763548612595,0.22733580470085143,0.22702379822731017,0.22694023996591567
259,0.254629921913147,259,0.22443798631429673,0.22611493915319442,0.22615969330072402,0.22643457502126693,0.22580763548612595,0.22733580470085143,0.22702379822731017,0.22694023996591567
260,0.254629921913147,260,0.22443798631429673,0.22611493915319442,0.22615969330072402,0.22643457502126693,0.22580763548612595,0.22733580470085143,0.22702379822731017,0.22694023996591567
261,0.254629921913147,261,0.22443798631429673,0.22611493915319442,0.22615969330072402,0.22643457502126693,0.22580763548612595,0.22733580470085143,0.22702379822731017,0.22694023996591567
262,0.254629921913147,262,0.22443798631429673,0.22611493915319442,0.22615969330072402,0.22643457502126693,0.22580763548612595,0.22733580470085143,0.22702379822731017,0.22694023996591567
263,0.254629921913147,263,0.22443798631429673,0.22611493915319442,0.22615969330072402,0.22643457502126693,0.22580763548612595,0.22733580470085143,0.22702379822731017,0.22694023996591567
264,0.254629921913147,264,0.22443798631429673,0.22611493915319442,0.22615969330072402,0.22643457502126693,0.22580763548612595,0.22733580470085143,0.22702379822731017,0.22694023996591567
265,0.254629921913147,265,0.22443798631429673,0.22611493915319442,0.22615969330072402,0.22643457502126693,0.22580763548612595,0.22733580470085143,0.22702379822731017,0.22694023996591567
266,0.254629921913147,266,0.22443798631429673,0.22611493915319442,0.22615969330072402,0.22643457502126693,0.22580763548612595,0.22733580470085143,0.22702379822731017,0.22694023996591567
267,0.254629921913147,267,0.22443798631429673,0.22611493915319442,0.22615969330072402,0.22643457502126693,0.22580763548612595,0.22733580470085143,0.22702379822731017,0.22694023996591567
268,0.254629921913147,268,0.22443798631429673,0.22611493915319442,0.22615969330072402,0.22643457502126693,0.22580763548612595,0.22733580470085143,0.22702379822731017,0.22694023996591567
269,0.254629921913147,269,0.22443798631429673,0.22611493915319442,0.22615969330072402,0.22643457502126693,0.22580763548612595,0.22733580470085143,0.22702379822731017,0.22694023996591567
270,0.254629921913147,270,0.22443798631429673,0.22611493915319442,0.22615969330072402,0.22643457502126693,0.22580763548612595,0.22733580470085143,0.22702379822731017,0.22694023996591567
271,0.254629921913147,271,0.22443798631429673,0.22611493915319442,0.22615969330072402,0.22643457502126693,0.22580763548612595,0.22733580470085143,0.22702379822731017,0.22694023996591567
272,0.254629921913147,272,0.22443798631429673,0.22611493915319442,0.22615969330072402,0.22643457502126693,0.22580763548612595,0.22733580470085143,0.22702379822731017,0.22694023996591567
273,0.254629921913147,273,0.22443798631429673,0.22611493915319442,0.22615969330072402,0.22643457502126693,0.22580763548612595,0.22733580470085143,0.22702379822731017,0.22694023996591567
274,0.254629921913147,274,0.22443798631429673,0.22611493915319442,0.22615969330072402,0.22643457502126693,0.22580763548612595,0.22733580470085143,0.22702379822731017,0.22694023996591567
275,0.254629921913147,275,0.22443798631429673,0.22611493915319442,0.22615969330072402,0.22643457502126693,0.22580763548612595,0.22733580470085143,0.22702379822731017,0.22694023996591567
276,0.254629921913147,276,0.22443798631429673,0.22611493915319442,0.22615969330072402,0.22643457502126693,0.22580763548612595,0.22733580470085143,0.22702379822731017,0.22694023996591567
277,0.254629921913147,277,0.22443798631429673,0.22611493915319442,0.22615969330072402,0.22643457502126693,0.22580763548612595,0.22733580470085143,0.22702379822731017,0.22694023996591567
278,0.254629921913147,278,0.22443798631429673,0.22611493915319442,0.22615969330072402,0.22643457502126693,0.22580763548612595,0.22733580470085143,0.22702379822731017,0.22694023996591567
279,0.254629921913147,279,0.22443798631429673,0.22611493915319442,0.22615969330072402,0.22643457502126693,0.22580763548612595,0.22733580470085143,0.22702379822731017,0.22694023996591567
280,0.254629921913147,280,0.22443798631429673,0.22611493915319442,0.22615969330072402,0.22643457502126693,0.22580763548612595,0.22733580470085143,0.22702379822731017,0.22694023996591567
281,0.254629921913147,281,0.22443798631429673,0.22611493915319442,0.22615969330072402,0.22643457502126693,0.22580763548612595,0.22733580470085143,0.22702379822731017,0.22694023996591567
282,0.254629921913147,282,0.22443798631429673,0.22611493915319442,0.22615969330072402,0.22643457502126693,0.22580763548612595,0.22733580470085143,0.22702379822731017,0.22694023996591567
283,0.254629921913147,283,0.22443798631429673,0.22611493915319442,0.22615969330072402,0.22643457502126693,0.22580763548612595,0.22733580470085143,0.22702379822731017,0.22694023996591567
284,0.254629921913147,284,0.22443798631429673,0.22611493915319442,0.22615969330072402,0.22643457502126693,0.22580763548612595,0.22733580470085143,0.22702379822731017,0.22694023996591567
285,0.254629921913147,285,0.22443798631429673,0.22611493915319442,0.22615969330072402,0.22643457502126693,0.22580763548612595,0.22733580470085143,0.22702379822731017,0.22694023996591567
286,0.254629921913147,286,0.22443798631429673,0.22611493915319442,0.22615969330072402,0.22643457502126693,0.22580763548612595,0.22733580470085143,0.22702379822731017,0.22694023996591567
287,0.254629921913147,287,0.22443798631429673,0.22611493915319442,0.22615969330072402,0.22643457502126693,0.22580763548612595,0.22733580470085143,0.22702379822731017,0.22694023996591567
288,0.254629921913147,288,0.22443798631429673,0.22611493915319442,0.22615969330072402,0.22643457502126693,0.22580763548612595,0.22733580470085143,0.22702379822731017,0.22694023996591567
289,0.254629921913147,289,0.22443798631429673,0.22611493915319442,0.22615969330072402,0.22643457502126693,0.22580763548612595,0.22733580470085143,0.22702379822731017,0.22694023996591567
290,0.254629921913147,290,0.22443798631429673,0.22611493915319442,0.22615969330072402,0.22643457502126693,0.22580763548612595,0.22733580470085143,0.22702379822731017,0.22694023996591567
291,0.254629921913147,291,0.22443798631429673,0.22611493915319442,0.22615969330072402,0.22643457502126693,0.22580763548612595,0.22733580470085143,0.22702379822731017,0.22694023996591567
292,0.254629921913147,292,0.22443798631429673,0.22611493915319442,0.22615969330072402,0.22643457502126693,0.22580763548612595,0.22733580470085143,0.22702379822731017,0.22694023996591567
293,0.254629921913147,293,0.22443798631429673,0.22611493915319442,0.22615969330072402,0.22643457502126693,0.22580763548612595,0.22733580470085143,0.22702379822731017,0.22694023996591567
294,0.254629921913147,294,0.22443798631429673,0.22611493915319442,0.22615969330072402,0.22643457502126693,0.22580763548612595,0.22733580470085143,0.22702379822731017,0.22694023996591567
295,0.254629921913147,295,0.22443798631429673,0.22611493915319442,0.22615969330072402,0.22643457502126693,0.22580763548612595,0.22733580470085143,0.22702379822731017,0.22694023996591567
296,0.254629921913147,296,0.22443798631429673,0.22611493915319442,0.22615969330072402,0.22643457502126693,0.22580763548612595,0.22733580470085143,0.22702379822731017,0.22694023996591567
297,0.254629921913147,297,0.22443798631429673,0.22611493915319442,0.22615969330072402,0.22643457502126693,0.22580763548612595,0.22733580470085143,0.22702379822731017,0.22694023996591567
298,0.254629921913147,298,0.22443798631429673,0.22611493915319442,0.22615969330072402,0.22643457502126693,0.22580763548612595,0.22733580470085143,0.22702379822731017,0.22694023996591567
299,0.254629921913147,299,0.22443798631429673,0.22611493915319442,0.22615969330072402,0.22643457502126693,0.22580763548612595,0.22733580470085143,0.22702379822731017,0.22694023996591567
300,0.254629921913147,300,0.22443798631429673,0.22611493915319442,0.22615969330072402,0.22643457502126693,0.22580763548612595,0.22733580470085143,0.22702379822731017,0.22694023996591567
301,0.254629921913147,301,0.22443798631429673,0.22611493915319442,0.22615969330072402,0.22643457502126693,0.22580763548612595,0.22733580470085143,0.22702379822731017,0.22694023996591567
302,0.254629921913147,302,0.22443798631429673,0.22611493915319442,0.22615969330072402,0.22643457502126693,0.22580763548612595,0.22733580470085143,0.22702379822731017,0.22694023996591567
303,0.254629921913147,303,0.22443798631429673,0.22611493915319442,0.22615969330072402,0.22643457502126693,0.22580763548612595,0.22733580470085143,0.22702379822731017,0.22694023996591567
304,0.254629921913147,304,0.22443798631429673,0.22611493915319442,0.22615969330072402,0.22643457502126693,0.22580763548612595,0.22733580470085143,0.22702379822731017,0.22694023996591567
305,0.254629921913147,305,0.22443798631429673,0.22611493915319442,0.22615969330072402,0.22643457502126693,0.22580763548612595,0.22733580470085143,0.22702379822731017,0.22694023996591567
306,0.254629921913147,306,0.22443798631429673,0.22611493915319442,0.22615969330072402,0.22643457502126693,0.22580763548612595,0.22733580470085143,0.22702379822731017,0.22694023996591567
307,0.254629921913147,307,0.22443798631429673,0.22611493915319442,0.22615969330072402,0.22643457502126693,0.22580763548612595,0.22733580470085143,0.22702379822731017,0.22694023996591567
308,0.254629921913147,308,0.22443798631429673,0.22611493915319442,0.22615969330072402,0.22643457502126693,0.22580763548612595,0.22733580470085143,0.22702379822731017,0.22694023996591567
309,0.254629921913147,309,0.22443798631429673,0.22611493915319442,0.22615969330072402,0.22643457502126693,0.22580763548612595,0.22733580470085143,0.22702379822731017,0.22694023996591567
310,0.254629921913147,310,0.22443798631429673,0.22611493915319442,0.22615969330072402,0.22643457502126693,0.22580763548612595,0.22733580470085143,0.22702379822731017,0.22694023996591567
311,0.254629921913147,311,0.22443798631429673,0.22611493915319442,0.22615969330072402,0.22643457502126693,0.22580763548612595,0.22733580470085143,0.22702379822731017,0.22694023996591567
312,0.254629921913147,312,0.22443798631429673,0.22611493915319442,0.22615969330072402,0.22643457502126693,0.22580763548612595,0.22733580470085143,0.22702379822731017,0.22694023996591567
313,0.254629921913147,313,0.22443798631429673,0.22611493915319442,0.22615969330072402,0.22643457502126693,0.22580763548612595,0.22733580470085143,0.22702379822731017,0.22694023996591567
314,0.254629921913147,314,0.22443798631429673,0.22611493915319442,0.22615969330072402,0.22643457502126693,0.22580763548612595,0.22733580470085143,0.22702379822731017,0.22694023996591567
315,0.254629921913147,315,0.22443798631429673,0.22611493915319442,0.22615969330072402,0.22643457502126693,0.22580763548612595,0.22733580470085143,0.22702379822731017,0.22694023996591567
316,0.254629921913147,316,0.22443798631429673,0.22611493915319442,0.22615969330072402,0.22643457502126693,0.22580763548612595,0.22733580470085143,0.22702379822731017,0.22694023996591567
317,0.254629921913147,317,0.22443798631429673,0.22611493915319442,0.22615969330072402,0.22643457502126693,0.22580763548612595,0.22733580470085143,0.22702379822731017,0.22694023996591567
318,0.254629921913147,318,0.22443798631429673,0.22611493915319442,0.22615969330072402,0.22643457502126693,0.22580763548612595,0.22733580470085143,0.22702379822731017,0.22694023996591567
319,0.254629921913147,319,0.22443798631429673,0.22611493915319442,0.22615969330072402,0.22643457502126693,0.22580763548612595,0.22733580470085143,0.22702379822731017,0.22694023996591567
320,0.254629921913147,320,0.22443798631429673,0.22611493915319442,0.22615969330072402,0.22643457502126693,0.22580763548612595,0.22733580470085143,0.22702379822731017,0.22694023996591567
321,0.254629921913147,321,0.22443798631429673,0.22611493915319442,0.22615969330072402,0.22643457502126693,0.22580763548612595,0.22733580470085143,0.22702379822731017,0.22694023996591567
322,0.254629921913147,322,0.22443798631429673,0.22611493915319442,0.22615969330072402,0.22643457502126693,0.22580763548612595,0.22733580470085143,0.22702379822731017,0.22694023996591567
323,0.254629921913147,323,0.22443798631429673,0.22611493915319442,0.22615969330072402,0.22643457502126693,0.22580763548612595,0.22733580470085143,0.22702379822731017,0.22694023996591567
324,0.254629921913147,324,0.22443798631429673,0.22611493915319442,0.22615969330072402,0.22643457502126693,0.22580763548612595,0.22733580470085143,0.22702379822731017,0.22694023996591567
325,0.254629921913147,325,0.22443798631429673,0.22611493915319442,0.22615969330072402,0.22643457502126693,0.22580763548612595,0.22733580470085143,0.22702379822731017,0.22694023996591567
326,0.254629921913147,326,0.22443798631429673,0.22611493915319442,0.22615969330072402,0.22643457502126693,0.22580763548612595,0.22733580470085143,0.22702379822731017,0.22694023996591567
327,0.254629921913147,327,0.22443798631429673,0.22611493915319442,0.22615969330072402,0.22643457502126693,0.22580763548612595,0.22733580470085143,0.22702379822731017,0.22694023996591567
328,0.254629921913147,328,0.22443798631429673,0.22611493915319442,0.22615969330072402,0.22643457502126693,0.22580763548612595,0.22733580470085143,0.22702379822731017,0.22694023996591567
329,0.254629921913147,329,0.22443798631429673,0.22611493915319442,0.22615969330072402,0.22643457502126693,0.22580763548612595,0.22733580470085143,0.22702379822731017,0.22694023996591567
330,0.254629921913147,330,0.22443798631429673,0.22611493915319442,0.22615969330072402,0.22643457502126693,0.22580763548612595,0.22733580470085143,0.22702379822731017,0.22694023996591567
331,0.254629921913147,331,0.22443798631429673,0.22611493915319442,0.22615969330072402,0.22643457502126693,0.22580763548612595,0.22733580470085143,0.22702379822731017,0.22694023996591567
332,0.254629921913147,332,0.22443798631429673,0.22611493915319442,0.22615969330072402,0.22643457502126693,0.22580763548612595,0.22733580470085143,0.22702379822731017,0.22694023996591567
333,0.254629921913147,333,0.22443798631429673,0.22611493915319442,0.22615969330072402,0.22643457502126693,0.22580763548612595,0.22733580470085143,0.22702379822731017,0.22694023996591567
334,0.254629921913147,334,0.22443798631429673,0.22611493915319442,0.22615969330072402,0.22643457502126693,0.22580763548612595,0.22733580470085143,0.22702379822731017,0.22694023996591567
335,0.254629921913147,335,0.22443798631429673,0.22611493915319442,0.22615969330072402,0.22643457502126693,0.22580763548612595,0.22733580470085143,0.22702379822731017,0.22694023996591567
336,0.254629921913147,336,0.22443798631429673,0.22611493915319442,0.22615969330072402,0.22643457502126693,0.22580763548612595,0.22733580470085143,0.22702379822731017,0.22694023996591567
337,0.254629921913147,337,0.22443798631429673,0.22611493915319442,0.22615969330072402,0.22643457502126693,0.22580763548612595,0.22733580470085143,0.22702379822731017,0.22694023996591567
338,0.254629921913147,338,0.22443798631429673,0.22611493915319442,0.22615969330072402,0.22643457502126693,0.22580763548612595,0.22733580470085143,0.22702379822731017,0.22694023996591567
339,0.254629921913147,339,0.22443798631429673,0.22611493915319442,0.22615969330072402,0.22643457502126693,0.22580763548612595,0.22733580470085143,0.22702379822731017,0.22694023996591567
340,0.254629921913147,340,0.22443798631429673,0.22611493915319442,0.22615969330072402,0.22643457502126693,0.22580763548612595,0.22733580470085143,0.22702379822731017,0.22694023996591567
341,0.254629921913147,341,0.22443798631429673,0.22611493915319442,0.22615969330072402,0.22643457502126693,0.22580763548612595,0.22733580470085143,0.22702379822731017,0.22694023996591567
342,0.254629921913147,342,0.22443798631429673,0.22611493915319442,0.22615969330072402,0.22643457502126693,0.22580763548612595,0.22733580470085143,0.22702379822731017,0.22694023996591567
343,0.254629921913147,343,0.22443798631429673,0.22611493915319442,0.22615969330072402,0.22643457502126693,0.22580763548612595,0.22733580470085143,0.22702379822731017,0.22694023996591567
344,0.254629921913147,344,0.22443798631429673,0.22611493915319442,0.22615969330072402,0.22643457502126693,0.22580763548612595,0.22733580470085143,0.22702379822731017,0.22694023996591567
345,0.254629921913147,345,0.22443798631429673,0.22611493915319442,0.22615969330072402,0.22643457502126693,0.22580763548612595,0.22733580470085143,0.22702379822731017,0.22694023996591567
346,0.254629921913147,346,0.22443798631429673,0.22611493915319442,0.22615969330072402,0.22643457502126693,0.22580763548612595,0.22733580470085143,0.22702379822731017,0.22694023996591567
347,0.254629921913147,347,0.22443798631429673,0.22611493915319442,0.22615969330072402,0.22643457502126693,0.22580763548612595,0.22733580470085143,0.22702379822731017,0.22694023996591567
348,0.254629921913147,348,0.22443798631429673,0.22611493915319442,0.22615969330072402,0.22643457502126693,0.22580763548612595,0.22733580470085143,0.22702379822731017,0.22694023996591567
349,0.254629921913147,349,0.22443798631429673,0.22611493915319442,0.22615969330072402,0.22643457502126693,0.22580763548612595,0.22733580470085143,0.22702379822731017,0.22694023996591567
350,0.254629921913147,350,0.22443798631429673,0.22611493915319442,0.22615969330072402,0.22643457502126693,0.22580763548612595,0.22733580470085143,0.22702379822731017,0.22694023996591567
351,0.254629921913147,351,0.22443798631429673,0.22611493915319442,0.22615969330072402,0.22643457502126693,0.22580763548612595,0.22733580470085143,0.22702379822731017,0.22694023996591567
352,0.254629921913147,352,0.22443798631429673,0.22611493915319442,0.22615969330072402,0.22643457502126693,0.22580763548612595,0.22733580470085143,0.22702379822731017,0.22694023996591567
353,0.254629921913147,353,0.22443798631429673,0.22611493915319442,0.22615969330072402,0.22643457502126693,0.22580763548612595,0.22733580470085143,0.22702379822731017,0.22694023996591567
354,0.254629921913147,354,0.22443798631429673,0.22611493915319442,0.22615969330072402,0.22643457502126693,0.22580763548612595,0.22733580470085143,0.22702379822731017,0.22694023996591567
355,0.254629921913147,355,0.22443798631429673,0.22611493915319442,0.22615969330072402,0.22643457502126693,0.22580763548612595,0.22733580470085143,0.22702379822731017,0.22694023996591567
356,0.254629921913147,356,0.22443798631429673,0.22611493915319442,0.22615969330072402,0.22643457502126693,0.22580763548612595,0.22733580470085143,0.22702379822731017,0.22694023996591567
357,0.254629921913147,357,0.22443798631429673,0.22611493915319442,0.22615969330072402,0.22643457502126693,0.22580763548612595,0.22733580470085143,0.22702379822731017,0.22694023996591567
358,0.254629921913147,358,0.22443798631429673,0.22611493915319442,0.22615969330072402,0.22643457502126693,0.22580763548612595,0.22733580470085143,0.22702379822731017,0.22694023996591567
359,0.254629921913147,359,0.22443798631429673,0.22611493915319442,0.22615969330072402,0.22643457502126693,0.22580763548612595,0.22733580470085143,0.22702379822731017,0.22694023996591567
360,0.254629921913147,360,0.22443798631429673,0.22611493915319442,0.22615969330072402,0.22643457502126693,0.22580763548612595,0.22733580470085143,0.22702379822731017,0.22694023996591567
361,0.254629921913147,361,0.22443798631429673,0.22611493915319442,0.22615969330072402,0.22643457502126693,0.22580763548612595,0.22733580470085143,0.22702379822731017,0.22694023996591567
362,0.254629921913147,362,0.22443798631429673,0.22611493915319442,0.22615969330072402,0.22643457502126693,0.22580763548612595,0.22733580470085143,0.22702379822731017,0.22694023996591567
363,0.254629921913147,363,0.22443798631429673,0.22611493915319442,0.22615969330072402,0.22643457502126693,0.22580763548612595,0.22733580470085143,0.22702379822731017,0.22694023996591567
364,0.254629921913147,364,0.22443798631429673,0.22611493915319442,0.22615969330072402,0.22643457502126693,0.22580763548612595,0.22733580470085143,0.22702379822731017,0.22694023996591567
365,0.254629921913147,365,0.22443798631429673,0.22611493915319442,0.22615969330072402,0.22643457502126693,0.22580763548612595,0.22733580470085143,0.22702379822731017,0.22694023996591567
366,0.254629921913147,366,0.22443798631429673,0.22611493915319442,0.22615969330072402,0.22643457502126693,0.22580763548612595,0.22733580470085143,0.22702379822731017,0.22694023996591567
367,0.254629921913147,367,0.22443798631429673,0.22611493915319442,0.22615969330072402,0.22643457502126693,0.22580763548612595,0.22733580470085143,0.22702379822731017,0.22694023996591567
368,0.254629921913147,368,0.22443798631429673,0.22611493915319442,0.22615969330072402,0.22643457502126693,0.22580763548612595,0.22733580470085143,0.22702379822731017,0.22694023996591567
369,0.254629921913147,369,0.22443798631429673,0.22611493915319442,0.22615969330072402,0.22643457502126693,0.22580763548612595,0.22733580470085143,0.22702379822731017,0.22694023996591567
370,0.254629921913147,370,0.22443798631429673,0.22611493915319442,0.22615969330072402,0.22643457502126693,0.22580763548612595,0.22733580470085143,0.22702379822731017,0.22694023996591567
371,0.254629921913147,371,0.22443798631429673,0.22611493915319442,0.22615969330072402,0.22643457502126693,0.22580763548612595,0.22733580470085143,0.22702379822731017,0.22694023996591567
372,0.254629921913147,372,0.22443798631429673,0.22611493915319442,0.22615969330072402,0.22643457502126693,0.22580763548612595,0.22733580470085143,0.22702379822731017,0.22694023996591567
373,0.254629921913147,373,0.22443798631429673,0.22611493915319442,0.22615969330072402,0.22643457502126693,0.22580763548612595,0.22733580470085143,0.22702379822731017,0.22694023996591567
374,0.254629921913147,374,0.22443798631429673,0.22611493915319442,0.22615969330072402,0.22643457502126693,0.22580763548612595,0.22733580470085143,0.22702379822731017,0.22694023996591567
375,0.254629921913147,375,0.22443798631429673,0.22611493915319442,0.22615969330072402,0.22643457502126693,0.22580763548612595,0.22733580470085143,0.22702379822731017,0.22694023996591567
376,0.254629921913147,376,0.22443798631429673,0.22611493915319442,0.22615969330072402,0.22643457502126693,0.22580763548612595,0.22733580470085143,0.22702379822731017,0.22694023996591567
377,0.254629921913147,377,0.22443798631429673,0.22611493915319442,0.22615969330072402,0.22643457502126693,0.22580763548612595,0.22733580470085143,0.22702379822731017,0.22694023996591567
378,0.254629921913147,378,0.22443798631429673,0.22611493915319442,0.22615969330072402,0.22643457502126693,0.22580763548612595,0.22733580470085143,0.22702379822731017,0.22694023996591567
379,0.254629921913147,379,0.22443798631429673,0.22611493915319442,0.22615969330072402,0.22643457502126693,0.22580763548612595,0.22733580470085143,0.22702379822731017,0.22694023996591567
380,0.254629921913147,380,0.22443798631429673,0.22611493915319442,0.22615969330072402,0.22643457502126693,0.22580763548612595,0.22733580470085143,0.22702379822731017,0.22694023996591567
381,0.254629921913147,381,0.22443798631429673,0.22611493915319442,0.22615969330072402,0.22643457502126693,0.22580763548612595,0.22733580470085143,0.22702379822731017,0.22694023996591567
382,0.254629921913147,382,0.22443798631429673,0.22611493915319442,0.22615969330072402,0.22643457502126693,0.22580763548612595,0.22733580470085143,0.22702379822731017,0.22694023996591567
383,0.254629921913147,383,0.22443798631429673,0.22611493915319442,0.22615969330072402,0.22643457502126693,0.22580763548612595,0.22733580470085143,0.22702379822731017,0.22694023996591567
384,0.254629921913147,384,0.22443798631429673,0.22611493915319442,0.22615969330072402,0.22643457502126693,0.22580763548612595,0.22733580470085143,0.22702379822731017,0.22694023996591567
385,0.254629921913147,385,0.22443798631429673,0.22611493915319442,0.22615969330072402,0.22643457502126693,0.22580763548612595,0.22733580470085143,0.22702379822731017,0.22694023996591567
386,0.254629921913147,386,0.22443798631429673,0.22611493915319442,0.22615969330072402,0.22643457502126693,0.22580763548612595,0.22733580470085143,0.22702379822731017,0.22694023996591567
387,0.254629921913147,387,0.22443798631429673,0.22611493915319442,0.22615969330072402,0.22643457502126693,0.22580763548612595,0.22733580470085143,0.22702379822731017,0.22694023996591567
388,0.254629921913147,388,0.22443798631429673,0.22611493915319442,0.22615969330072402,0.22643457502126693,0.22580763548612595,0.22733580470085143,0.22702379822731017,0.22694023996591567
389,0.254629921913147,389,0.22443798631429673,0.22611493915319442,0.22615969330072402,0.22643457502126693,0.22580763548612595,0.22733580470085143,0.22702379822731017,0.22694023996591567
390,0.254629921913147,390,0.22443798631429673,0.22611493915319442,0.22615969330072402,0.22643457502126693,0.22580763548612595,0.22733580470085143,0.22702379822731017,0.22694023996591567
391,0.254629921913147,391,0.22443798631429673,0.22611493915319442,0.22615969330072402,0.22643457502126693,0.22580763548612595,0.22733580470085143,0.22702379822731017,0.22694023996591567
392,0.254629921913147,392,0.22443798631429673,0.22611493915319442,0.22615969330072402,0.22643457502126693,0.22580763548612595,0.22733580470085143,0.22702379822731017,0.22694023996591567
393,0.254629921913147,393,0.22443798631429673,0.22611493915319442,0.22615969330072402,0.22643457502126693,0.22580763548612595,0.22733580470085143,0.22702379822731017,0.22694023996591567
394,0.254629921913147,394,0.22443798631429673,0.22611493915319442,0.22615969330072402,0.22643457502126693,0.22580763548612595,0.22733580470085143,0.22702379822731017,0.22694023996591567
395,0.254629921913147,395,0.22443798631429673,0.22611493915319442,0.22615969330072402,0.22643457502126693,0.22580763548612595,0.22733580470085143,0.22702379822731017,0.22694023996591567
396,0.254629921913147,396,0.22443798631429673,0.22611493915319442,0.22615969330072402,0.22643457502126693,0.22580763548612595,0.22733580470085143,0.22702379822731017,0.22694023996591567
397,0.254629921913147,397,0.22443798631429673,0.22611493915319442,0.22615969330072402,0.22643457502126693,0.22580763548612595,0.22733580470085143,0.22702379822731017,0.22694023996591567
398,0.254629921913147,398,0.22443798631429673,0.22611493915319442,0.22615969330072402,0.22643457502126693,0.22580763548612595,0.22733580470085143,0.22702379822731017,0.22694023996591567
399,0.254629921913147,399,0.22443798631429673,0.22611493915319442,0.22615969330072402,0.22643457502126693,0.22580763548612595,0.22733580470085143,0.22702379822731017,0.22694023996591567
400,0.254629921913147,400,0.22443798631429673,0.22611493915319442,0.22615969330072402,0.22643457502126693,0.22580763548612595,0.22733580470085143,0.22702379822731017,0.22694023996591567
401,0.254629921913147,401,0.22443798631429673,0.22611493915319442,0.22615969330072402,0.22643457502126693,0.22580763548612595,0.22733580470085143,0.22702379822731017,0.22694023996591567
402,0.254629921913147,402,0.22443798631429673,0.22611493915319442,0.22615969330072402,0.22643457502126693,0.22580763548612595,0.22733580470085143,0.22702379822731017,0.22694023996591567
403,0.254629921913147,403,0.22443798631429673,0.22611493915319442,0.22615969330072402,0.22643457502126693,0.22580763548612595,0.22733580470085143,0.22702379822731017,0.22694023996591567
404,0.254629921913147,404,0.22443798631429673,0.22611493915319442,0.22615969330072402,0.22643457502126693,0.22580763548612595,0.22733580470085143,0.22702379822731017,0.22694023996591567
405,0.254629921913147,405,0.22443798631429673,0.22611493915319442,0.22615969330072402,0.22643457502126693,0.22580763548612595,0.22733580470085143,0.22702379822731017,0.22694023996591567
406,0.254629921913147,406,0.22443798631429673,0.22611493915319442,0.22615969330072402,0.22643457502126693,0.22580763548612595,0.22733580470085143,0.22702379822731017,0.22694023996591567
407,0.254629921913147,407,0.22443798631429673,0.22611493915319442,0.22615969330072402,0.22643457502126693,0.22580763548612595,0.22733580470085143,0.22702379822731017,0.22694023996591567
408,0.254629921913147,408,0.22443798631429673,0.22611493915319442,0.22615969330072402,0.22643457502126693,0.22580763548612595,0.22733580470085143,0.22702379822731017,0.22694023996591567
409,0.254629921913147,409,0.22443798631429673,0.22611493915319442,0.22615969330072402,0.22643457502126693,0.22580763548612595,0.22733580470085143,0.22702379822731017,0.22694023996591567
410,0.254629921913147,410,0.22443798631429673,0.22611493915319442,0.22615969330072402,0.22643457502126693,0.22580763548612595,0.22733580470085143,0.22702379822731017,0.22694023996591567
411,0.254629921913147,411,0.22443798631429673,0.22611493915319442,0.22615969330072402,0.22643457502126693,0.22580763548612595,0.22733580470085143,0.22702379822731017,0.22694023996591567
412,0.254629921913147,412,0.22443798631429673,0.22611493915319442,0.22615969330072402,0.22643457502126693,0.22580763548612595,0.22733580470085143,0.22702379822731017,0.22694023996591567
413,0.254629921913147,413,0.22443798631429673,0.22611493915319442,0.22615969330072402,0.22643457502126693,0.22580763548612595,0.22733580470085143,0.22702379822731017,0.22694023996591567
414,0.254629921913147,414,0.22443798631429673,0.22611493915319442,0.22615969330072402,0.22643457502126693,0.22580763548612595,0.22733580470085143,0.22702379822731017,0.22694023996591567
415,0.254629921913147,415,0.22443798631429673,0.22611493915319442,0.22615969330072402,0.22643457502126693,0.22580763548612595,0.22733580470085143,0.22702379822731017,0.22694023996591567
416,0.254629921913147,416,0.22443798631429673,0.22611493915319442,0.22615969330072402,0.22643457502126693,0.22580763548612595,0.22733580470085143,0.22702379822731017,0.22694023996591567
417,0.254629921913147,417,0.22443798631429673,0.22611493915319442,0.22615969330072402,0.22643457502126693,0.22580763548612595,0.22733580470085143,0.22702379822731017,0.22694023996591567
418,0.254629921913147,418,0.22443798631429673,0.22611493915319442,0.22615969330072402,0.22643457502126693,0.22580763548612595,0.22733580470085143,0.22702379822731017,0.22694023996591567
419,0.254629921913147,419,0.22443798631429673,0.22611493915319442,0.22615969330072402,0.22643457502126693,0.22580763548612595,0.22733580470085143,0.22702379822731017,0.22694023996591567
420,0.254629921913147,420,0.22443798631429673,0.22611493915319442,0.22615969330072402,0.22643457502126693,0.22580763548612595,0.22733580470085143,0.22702379822731017,0.22694023996591567
421,0.254629921913147,421,0.22443798631429673,0.22611493915319442,0.22615969330072402,0.22643457502126693,0.22580763548612595,0.22733580470085143,0.22702379822731017,0.22694023996591567
422,0.254629921913147,422,0.22443798631429673,0.22611493915319442,0.22615969330072402,0.22643457502126693,0.22580763548612595,0.22733580470085143,0.22702379822731017,0.22694023996591567
423,0.254629921913147,423,0.22443798631429673,0.22611493915319442,0.22615969330072402,0.22643457502126693,0.22580763548612595,0.22733580470085143,0.22702379822731017,0.22694023996591567
424,0.254629921913147,424,0.22443798631429673,0.22611493915319442,0.22615969330072402,0.22643457502126693,0.22580763548612595,0.22733580470085143,0.22702379822731017,0.22694023996591567
425,0.254629921913147,425,0.22443798631429673,0.22611493915319442,0.22615969330072402,0.22643457502126693,0.22580763548612595,0.22733580470085143,0.22702379822731017,0.22694023996591567
426,0.254629921913147,426,0.22443798631429673,0.22611493915319442,0.22615969330072402,0.22643457502126693,0.22580763548612595,0.22733580470085143,0.22702379822731017,0.22694023996591567
427,0.254629921913147,427,0.22443798631429673,0.22611493915319442,0.22615969330072402,0.22643457502126693,0.22580763548612595,0.22733580470085143,0.22702379822731017,0.22694023996591567
428,0.254629921913147,428,0.22443798631429673,0.22611493915319442,0.22615969330072402,0.22643457502126693,0.22580763548612595,0.22733580470085143,0.22702379822731017,0.22694023996591567
429,0.254629921913147,429,0.22443798631429673,0.22611493915319442,0.22615969330072402,0.22643457502126693,0.22580763548612595,0.22733580470085143,0.22702379822731017,0.22694023996591567
430,0.254629921913147,430,0.22443798631429673,0.22611493915319442,0.22615969330072402,0.22643457502126693,0.22580763548612595,0.22733580470085143,0.22702379822731017,0.22694023996591567
431,0.254629921913147,431,0.22443798631429673,0.22611493915319442,0.22615969330072402,0.22643457502126693,0.22580763548612595,0.22733580470085143,0.22702379822731017,0.22694023996591567
432,0.254629921913147,432,0.22443798631429673,0.22611493915319442,0.22615969330072402,0.22643457502126693,0.22580763548612595,0.22733580470085143,0.22702379822731017,0.22694023996591567
433,0.254629921913147,433,0.22443798631429673,0.22611493915319442,0.22615969330072402,0.22643457502126693,0.22580763548612595,0.22733580470085143,0.22702379822731017,0.22694023996591567
434,0.254629921913147,434,0.22443798631429673,0.22611493915319442,0.22615969330072402,0.22643457502126693,0.22580763548612595,0.22733580470085143,0.22702379822731017,0.22694023996591567
435,0.254629921913147,435,0.22443798631429673,0.22611493915319442,0.22615969330072402,0.22643457502126693,0.22580763548612595,0.22733580470085143,0.22702379822731017,0.22694023996591567
436,0.254629921913147,436,0.22443798631429673,0.22611493915319442,0.22615969330072402,0.22643457502126693,0.22580763548612595,0.22733580470085143,0.22702379822731017,0.22694023996591567
437,0.254629921913147,437,0.22443798631429673,0.22611493915319442,0.22615969330072402,0.22643457502126693,0.22580763548612595,0.22733580470085143,0.22702379822731017,0.22694023996591567
438,0.254629921913147,438,0.22443798631429673,0.22611493915319442,0.22615969330072402,0.22643457502126693,0.22580763548612595,0.22733580470085143,0.22702379822731017,0.22694023996591567
439,0.254629921913147,439,0.22443798631429673,0.22611493915319442,0.22615969330072402,0.22643457502126693,0.22580763548612595,0.22733580470085143,0.22702379822731017,0.22694023996591567
440,0.254629921913147,440,0.22443798631429673,0.22611493915319442,0.22615969330072402,0.22643457502126693,0.22580763548612595,0.22733580470085143,0.22702379822731017,0.22694023996591567
441,0.254629921913147,441,0.22443798631429673,0.22611493915319442,0.22615969330072402,0.22643457502126693,0.22580763548612595,0.22733580470085143,0.22702379822731017,0.22694023996591567
442,0.254629921913147,442,0.22443798631429673,0.22611493915319442,0.22615969330072402,0.22643457502126693,0.22580763548612595,0.22733580470085143,0.22702379822731017,0.22694023996591567
443,0.254629921913147,443,0.22443798631429673,0.22611493915319442,0.22615969330072402,0.22643457502126693,0.22580763548612595,0.22733580470085143,0.22702379822731017,0.22694023996591567
444,0.254629921913147,444,0.22443798631429673,0.22611493915319442,0.22615969330072402,0.22643457502126693,0.22580763548612595,0.22733580470085143,0.22702379822731017,0.22694023996591567
445,0.254629921913147,445,0.22443798631429673,0.22611493915319442,0.22615969330072402,0.22643457502126693,0.22580763548612595,0.22733580470085143,0.22702379822731017,0.22694023996591567
446,0.254629921913147,446,0.22443798631429673,0.22611493915319442,0.22615969330072402,0.22643457502126693,0.22580763548612595,0.22733580470085143,0.22702379822731017,0.22694023996591567
447,0.254629921913147,447,0.22443798631429673,0.22611493915319442,0.22615969330072402,0.22643457502126693,0.22580763548612595,0.22733580470085143,0.22702379822731017,0.22694023996591567
448,0.254629921913147,448,0.22443798631429673,0.22611493915319442,0.22615969330072402,0.22643457502126693,0.22580763548612595,0.22733580470085143,0.22702379822731017,0.22694023996591567
449,0.254629921913147,449,0.22443798631429673,0.22611493915319442,0.22615969330072402,0.22643457502126693,0.22580763548612595,0.22733580470085143,0.22702379822731017,0.22694023996591567
450,0.254629921913147,450,0.22443798631429673,0.22611493915319442,0.22615969330072402,0.22643457502126693,0.22580763548612595,0.22733580470085143,0.22702379822731017,0.22694023996591567
451,0.254629921913147,451,0.22443798631429673,0.22611493915319442,0.22615969330072402,0.22643457502126693,0.22580763548612595,0.22733580470085143,0.22702379822731017,0.22694023996591567
452,0.254629921913147,452,0.22443798631429673,0.22611493915319442,0.22615969330072402,0.22643457502126693,0.22580763548612595,0.22733580470085143,0.22702379822731017,0.22694023996591567
453,0.254629921913147,453,0.22443798631429673,0.22611493915319442,0.22615969330072402,0.22643457502126693,0.22580763548612595,0.22733580470085143,0.22702379822731017,0.22694023996591567
454,0.254629921913147,454,0.22443798631429673,0.22611493915319442,0.22615969330072402,0.22643457502126693,0.22580763548612595,0.22733580470085143,0.22702379822731017,0.22694023996591567
455,0.254629921913147,455,0.22443798631429673,0.22611493915319442,0.22615969330072402,0.22643457502126693,0.22580763548612595,0.22733580470085143,0.22702379822731017,0.22694023996591567
456,0.254629921913147,456,0.22443798631429673,0.22611493915319442,0.22615969330072402,0.22643457502126693,0.22580763548612595,0.22733580470085143,0.22702379822731017,0.22694023996591567
457,0.254629921913147,457,0.22443798631429673,0.22611493915319442,0.22615969330072402,0.22643457502126693,0.22580763548612595,0.22733580470085143,0.22702379822731017,0.22694023996591567
458,0.254629921913147,458,0.22443798631429673,0.22611493915319442,0.22615969330072402,0.22643457502126693,0.22580763548612595,0.22733580470085143,0.22702379822731017,0.22694023996591567
459,0.254629921913147,459,0.22443798631429673,0.22611493915319442,0.22615969330072402,0.22643457502126693,0.22580763548612595,0.22733580470085143,0.22702379822731017,0.22694023996591567
460,0.254629921913147,460,0.22443798631429673,0.22611493915319442,0.22615969330072402,0.22643457502126693,0.22580763548612595,0.22733580470085143,0.22702379822731017,0.22694023996591567
461,0.254629921913147,461,0.22443798631429673,0.22611493915319442,0.22615969330072402,0.22643457502126693,0.22580763548612595,0.22733580470085143,0.22702379822731017,0.22694023996591567
462,0.254629921913147,462,0.22443798631429673,0.22611493915319442,0.22615969330072402,0.22643457502126693,0.22580763548612595,0.22733580470085143,0.22702379822731017,0.22694023996591567
463,0.254629921913147,463,0.22443798631429673,0.22611493915319442,0.22615969330072402,0.22643457502126693,0.22580763548612595,0.22733580470085143,0.22702379822731017,0.22694023996591567
464,0.254629921913147,464,0.22443798631429673,0.22611493915319442,0.22615969330072402,0.22643457502126693,0.22580763548612595,0.22733580470085143,0.22702379822731017,0.22694023996591567
465,0.254629921913147,465,0.22443798631429673,0.22611493915319442,0.22615969330072402,0.22643457502126693,0.22580763548612595,0.22733580470085143,0.22702379822731017,0.22694023996591567
466,0.254629921913147,466,0.22443798631429673,0.22611493915319442,0.22615969330072402,0.22643457502126693,0.22580763548612595,0.22733580470085143,0.22702379822731017,0.22694023996591567
467,0.254629921913147,467,0.22443798631429673,0.22611493915319442,0.22615969330072402,0.22643457502126693,0.22580763548612595,0.22733580470085143,0.22702379822731017,0.22694023996591567
468,0.254629921913147,468,0.22443798631429673,0.22611493915319442,0.22615969330072402,0.22643457502126693,0.22580763548612595,0.22733580470085143,0.22702379822731017,0.22694023996591567
469,0.254629921913147,469,0.22443798631429673,0.22611493915319442,0.22615969330072402,0.22643457502126693,0.22580763548612595,0.22733580470085143,0.22702379822731017,0.22694023996591567
470,0.254629921913147,470,0.22443798631429673,0.22611493915319442,0.22615969330072402,0.22643457502126693,0.22580763548612595,0.22733580470085143,0.22702379822731017,0.22694023996591567
471,0.254629921913147,471,0.22443798631429673,0.22611493915319442,0.22615969330072402,0.22643457502126693,0.22580763548612595,0.22733580470085143,0.22702379822731017,0.22694023996591567
472,0.254629921913147,472,0.22443798631429673,0.22611493915319442,0.22615969330072402,0.22643457502126693,0.22580763548612595,0.22733580470085143,0.22702379822731017,0.22694023996591567
473,0.254629921913147,473,0.22443798631429673,0.22611493915319442,0.22615969330072402,0.22643457502126693,0.22580763548612595,0.22733580470085143,0.22702379822731017,0.22694023996591567
474,0.254629921913147,474,0.22443798631429673,0.22611493915319442,0.22615969330072402,0.22643457502126693,0.22580763548612595,0.22733580470085143,0.22702379822731017,0.22694023996591567
475,0.254629921913147,475,0.22443798631429673,0.22611493915319442,0.22615969330072402,0.22643457502126693,0.22580763548612595,0.22733580470085143,0.22702379822731017,0.22694023996591567
476,0.254629921913147,476,0.22443798631429673,0.22611493915319442,0.22615969330072402,0.22643457502126693,0.22580763548612595,0.22733580470085143,0.22702379822731017,0.22694023996591567
477,0.254629921913147,477,0.22443798631429673,0.22611493915319442,0.22615969330072402,0.22643457502126693,0.22580763548612595,0.22733580470085143,0.22702379822731017,0.22694023996591567
478,0.254629921913147,478,0.22443798631429673,0.22611493915319442,0.22615969330072402,0.22643457502126693,0.22580763548612595,0.22733580470085143,0.22702379822731017,0.22694023996591567
479,0.254629921913147,479,0.22443798631429673,0.22611493915319442,0.22615969330072402,0.22643457502126693,0.22580763548612595,0.22733580470085143,0.22702379822731017,0.22694023996591567
480,0.254629921913147,480,0.22443798631429673,0.22611493915319442,0.22615969330072402,0.22643457502126693,0.22580763548612595,0.22733580470085143,0.22702379822731017,0.22694023996591567
481,0.254629921913147,481,0.22443798631429673,0.22611493915319442,0.22615969330072402,0.22643457502126693,0.22580763548612595,0.22733580470085143,0.22702379822731017,0.22694023996591567
482,0.254629921913147,482,0.22443798631429673,0.22611493915319442,0.22615969330072402,0.22643457502126693,0.22580763548612595,0.22733580470085143,0.22702379822731017,0.22694023996591567
483,0.254629921913147,483,0.22443798631429673,0.22611493915319442,0.22615969330072402,0.22643457502126693,0.22580763548612595,0.22733580470085143,0.22702379822731017,0.22694023996591567
484,0.254629921913147,484,0.22443798631429673,0.22611493915319442,0.22615969330072402,0.22643457502126693,0.22580763548612595,0.22733580470085143,0.22702379822731017,0.22694023996591567
485,0.254629921913147,485,0.22443798631429673,0.22611493915319442,0.22615969330072402,0.22643457502126693,0.22580763548612595,0.22733580470085143,0.22702379822731017,0.22694023996591567
486,0.254629921913147,486,0.22443798631429673,0.22611493915319442,0.22615969330072402,0.22643457502126693,0.22580763548612595,0.22733580470085143,0.22702379822731017,0.22694023996591567
487,0.254629921913147,487,0.22443798631429673,0.22611493915319442,0.22615969330072402,0.22643457502126693,0.22580763548612595,0.22733580470085143,0.22702379822731017,0.22694023996591567
488,0.254629921913147,488,0.22443798631429673,0.22611493915319442,0.22615969330072402,0.22643457502126693,0.22580763548612595,0.22733580470085143,0.22702379822731017,0.22694023996591567
489,0.254629921913147,489,0.22443798631429673,0.22611493915319442,0.22615969330072402,0.22643457502126693,0.22580763548612595,0.22733580470085143,0.22702379822731017,0.22694023996591567
490,0.254629921913147,490,0.22443798631429673,0.22611493915319442,0.22615969330072402,0.22643457502126693,0.22580763548612595,0.22733580470085143,0.22702379822731017,0.22694023996591567
491,0.254629921913147,491,0.22443798631429673,0.22611493915319442,0.22615969330072402,0.22643457502126693,0.22580763548612595,0.22733580470085143,0.22702379822731017,0.22694023996591567
492,0.254629921913147,492,0.22443798631429673,0.22611493915319442,0.22615969330072402,0.22643457502126693,0.22580763548612595,0.22733580470085143,0.22702379822731017,0.22694023996591567
493,0.254629921913147,493,0.22443798631429673,0.22611493915319442,0.22615969330072402,0.22643457502126693,0.22580763548612595,0.22733580470085143,0.22702379822731017,0.22694023996591567
494,0.254629921913147,494,0.22443798631429673,0.22611493915319442,0.22615969330072402,0.22643457502126693,0.22580763548612595,0.22733580470085143,0.22702379822731017,0.22694023996591567
495,0.254629921913147,495,0.22443798631429673,0.22611493915319442,0.22615969330072402,0.22643457502126693,0.22580763548612595,0.22733580470085143,0.22702379822731017,0.22694023996591567
496,0.254629921913147,496,0.22443798631429673,0.22611493915319442,0.22615969330072402,0.22643457502126693,0.22580763548612595,0.22733580470085143,0.22702379822731017,0.22694023996591567
497,0.254629921913147,497,0.22443798631429673,0.22611493915319442,0.22615969330072402,0.22643457502126693,0.22580763548612595,0.22733580470085143,0.22702379822731017,0.22694023996591567
498,0.254629921913147,498,0.22443798631429673,0.22611493915319442,0.22615969330072402,0.22643457502126693,0.22580763548612595,0.22733580470085143,0.22702379822731017,0.22694023996591567
499,0.254629921913147,499,0.22443798631429673,0.22611493915319442,0.22615969330072402,0.22643457502126693,0.22580763548612595,0.22733580470085143,0.22702379822731017,0.22694023996591567
500,0.25818856954574587,500,0.22534332126379014,0.22894809097051622,0.22793256044387816,0.22778133749961854,0.22722471952438356,0.22849724292755128,0.22780907303094863,0.22808553725481034
501,0.25818856954574587,501,0.22534332126379014,0.22894809097051622,0.22793256044387816,0.22778133749961854,0.22722471952438356,0.22849724292755128,0.22780907303094863,0.22808553725481034
502,0.25818856954574587,502,0.22534332126379014,0.22894809097051622,0.22793256044387816,0.22778133749961854,0.22722471952438356,0.22849724292755128,0.22780907303094863,0.22808553725481034
503,0.25818856954574587,503,0.22534332126379014,0.22894809097051622,0.22793256044387816,0.22778133749961854,0.22722471952438356,0.22849724292755128,0.22780907303094863,0.22808553725481034
504,0.25818856954574587,504,0.22534332126379014,0.22894809097051622,0.22793256044387816,0.22778133749961854,0.22722471952438356,0.22849724292755128,0.22780907303094863,0.22808553725481034
505,0.25818856954574587,505,0.22534332126379014,0.22894809097051622,0.22793256044387816,0.22778133749961854,0.22722471952438356,0.22849724292755128,0.22780907303094863,0.22808553725481034
506,0.25818856954574587,506,0.22534332126379014,0.22894809097051622,0.22793256044387816,0.22778133749961854,0.22722471952438356,0.22849724292755128,0.22780907303094863,0.22808553725481034
507,0.25818856954574587,507,0.22534332126379014,0.22894809097051622,0.22793256044387816,0.22778133749961854,0.22722471952438356,0.22849724292755128,0.22780907303094863,0.22808553725481034
508,0.25818856954574587,508,0.22534332126379014,0.22894809097051622,0.22793256044387816,0.22778133749961854,0.22722471952438356,0.22849724292755128,0.22780907303094863,0.22808553725481034
509,0.25818856954574587,509,0.22534332126379014,0.22894809097051622,0.22793256044387816,0.22778133749961854,0.22722471952438356,0.22849724292755128,0.22780907303094863,0.22808553725481034
510,0.25818856954574587,510,0.22534332126379014,0.22894809097051622,0.22793256044387816,0.22778133749961854,0.22722471952438356,0.22849724292755128,0.22780907303094863,0.22808553725481034
511,0.25818856954574587,511,0.22534332126379014,0.22894809097051622,0.22793256044387816,0.22778133749961854,0.22722471952438356,0.22849724292755128,0.22780907303094863,0.22808553725481034
512,0.25818856954574587,512,0.22534332126379014,0.22894809097051622,0.22793256044387816,0.22778133749961854,0.22722471952438356,0.22849724292755128,0.22780907303094863,0.22808553725481034
513,0.25818856954574587,513,0.22534332126379014,0.22894809097051622,0.22793256044387816,0.22778133749961854,0.22722471952438356,0.22849724292755128,0.22780907303094863,0.22808553725481034
514,0.25818856954574587,514,0.22534332126379014,0.22894809097051622,0.22793256044387816,0.22778133749961854,0.22722471952438356,0.22849724292755128,0.22780907303094863,0.22808553725481034
515,0.25818856954574587,515,0.22534332126379014,0.22894809097051622,0.22793256044387816,0.22778133749961854,0.22722471952438356,0.22849724292755128,0.22780907303094863,0.22808553725481034
516,0.25818856954574587,516,0.22534332126379014,0.22894809097051622,0.22793256044387816,0.22778133749961854,0.22722471952438356,0.22849724292755128,0.22780907303094863,0.22808553725481034
517,0.25818856954574587,517,0.22534332126379014,0.22894809097051622,0.22793256044387816,0.22778133749961854,0.22722471952438356,0.22849724292755128,0.22780907303094863,0.22808553725481034
518,0.25818856954574587,518,0.22534332126379014,0.22894809097051622,0.22793256044387816,0.22778133749961854,0.22722471952438356,0.22849724292755128,0.22780907303094863,0.22808553725481034
519,0.25818856954574587,519,0.22534332126379014,0.22894809097051622,0.22793256044387816,0.22778133749961854,0.22722471952438356,0.22849724292755128,0.22780907303094863,0.22808553725481034
520,0.25818856954574587,520,0.22534332126379014,0.22894809097051622,0.22793256044387816,0.22778133749961854,0.22722471952438356,0.22849724292755128,0.22780907303094863,0.22808553725481034
521,0.25818856954574587,521,0.22534332126379014,0.22894809097051622,0.22793256044387816,0.22778133749961854,0.22722471952438356,0.22849724292755128,0.22780907303094863,0.22808553725481034
522,0.25818856954574587,522,0.22534332126379014,0.22894809097051622,0.22793256044387816,0.22778133749961854,0.22722471952438356,0.22849724292755128,0.22780907303094863,0.22808553725481034
523,0.25818856954574587,523,0.22534332126379014,0.22894809097051622,0.22793256044387816,0.22778133749961854,0.22722471952438356,0.22849724292755128,0.22780907303094863,0.22808553725481034
524,0.25818856954574587,524,0.22534332126379014,0.22894809097051622,0.22793256044387816,0.22778133749961854,0.22722471952438356,0.22849724292755128,0.22780907303094863,0.22808553725481034
525,0.25818856954574587,525,0.22534332126379014,0.22894809097051622,0.22793256044387816,0.22778133749961854,0.22722471952438356,0.22849724292755128,0.22780907303094863,0.22808553725481034
526,0.25818856954574587,526,0.22534332126379014,0.22894809097051622,0.22793256044387816,0.22778133749961854,0.22722471952438356,0.22849724292755128,0.22780907303094863,0.22808553725481034
527,0.25818856954574587,527,0.22534332126379014,0.22894809097051622,0.22793256044387816,0.22778133749961854,0.22722471952438356,0.22849724292755128,0.22780907303094863,0.22808553725481034
528,0.25818856954574587,528,0.22534332126379014,0.22894809097051622,0.22793256044387816,0.22778133749961854,0.22722471952438356,0.22849724292755128,0.22780907303094863,0.22808553725481034
529,0.25818856954574587,529,0.22534332126379014,0.22894809097051622,0.22793256044387816,0.22778133749961854,0.22722471952438356,0.22849724292755128,0.22780907303094863,0.22808553725481034
530,0.25818856954574587,530,0.22534332126379014,0.22894809097051622,0.22793256044387816,0.22778133749961854,0.22722471952438356,0.22849724292755128,0.22780907303094863,0.22808553725481034
531,0.25818856954574587,531,0.22534332126379014,0.22894809097051622,0.22793256044387816,0.22778133749961854,0.22722471952438356,0.22849724292755128,0.22780907303094863,0.22808553725481034
532,0.25818856954574587,532,0.22534332126379014,0.22894809097051622,0.22793256044387816,0.22778133749961854,0.22722471952438356,0.22849724292755128,0.22780907303094863,0.22808553725481034
533,0.25818856954574587,533,0.22534332126379014,0.22894809097051622,0.22793256044387816,0.22778133749961854,0.22722471952438356,0.22849724292755128,0.22780907303094863,0.22808553725481034
534,0.25818856954574587,534,0.22534332126379014,0.22894809097051622,0.22793256044387816,0.22778133749961854,0.22722471952438356,0.22849724292755128,0.22780907303094863,0.22808553725481034
535,0.25818856954574587,535,0.22534332126379014,0.22894809097051622,0.22793256044387816,0.22778133749961854,0.22722471952438356,0.22849724292755128,0.22780907303094863,0.22808553725481034
536,0.25818856954574587,536,0.22534332126379014,0.22894809097051622,0.22793256044387816,0.22778133749961854,0.22722471952438356,0.22849724292755128,0.22780907303094863,0.22808553725481034
537,0.25818856954574587,537,0.22534332126379014,0.22894809097051622,0.22793256044387816,0.22778133749961854,0.22722471952438356,0.22849724292755128,0.22780907303094863,0.22808553725481034
538,0.25818856954574587,538,0.22534332126379014,0.22894809097051622,0.22793256044387816,0.22778133749961854,0.22722471952438356,0.22849724292755128,0.22780907303094863,0.22808553725481034
539,0.25818856954574587,539,0.22534332126379014,0.22894809097051622,0.22793256044387816,0.22778133749961854,0.22722471952438356,0.22849724292755128,0.22780907303094863,0.22808553725481034
540,0.25818856954574587,540,0.22534332126379014,0.22894809097051622,0.22793256044387816,0.22778133749961854,0.22722471952438356,0.22849724292755128,0.22780907303094863,0.22808553725481034
541,0.25818856954574587,541,0.22534332126379014,0.22894809097051622,0.22793256044387816,0.22778133749961854,0.22722471952438356,0.22849724292755128,0.22780907303094863,0.22808553725481034
542,0.25818856954574587,542,0.22534332126379014,0.22894809097051622,0.22793256044387816,0.22778133749961854,0.22722471952438356,0.22849724292755128,0.22780907303094863,0.22808553725481034
543,0.25818856954574587,543,0.22534332126379014,0.22894809097051622,0.22793256044387816,0.22778133749961854,0.22722471952438356,0.22849724292755128,0.22780907303094863,0.22808553725481034
544,0.25818856954574587,544,0.22534332126379014,0.22894809097051622,0.22793256044387816,0.22778133749961854,0.22722471952438356,0.22849724292755128,0.22780907303094863,0.22808553725481034
545,0.25818856954574587,545,0.22534332126379014,0.22894809097051622,0.22793256044387816,0.22778133749961854,0.22722471952438356,0.22849724292755128,0.22780907303094863,0.22808553725481034
546,0.25818856954574587,546,0.22534332126379014,0.22894809097051622,0.22793256044387816,0.22778133749961854,0.22722471952438356,0.22849724292755128,0.22780907303094863,0.22808553725481034
547,0.25818856954574587,547,0.22534332126379014,0.22894809097051622,0.22793256044387816,0.22778133749961854,0.22722471952438356,0.22849724292755128,0.22780907303094863,0.22808553725481034
548,0.25818856954574587,548,0.22534332126379014,0.22894809097051622,0.22793256044387816,0.22778133749961854,0.22722471952438356,0.22849724292755128,0.22780907303094863,0.22808553725481034
549,0.25818856954574587,549,0.22534332126379014,0.22894809097051622,0.22793256044387816,0.22778133749961854,0.22722471952438356,0.22849724292755128,0.22780907303094863,0.22808553725481034
550,0.25818856954574587,550,0.22534332126379014,0.22894809097051622,0.22793256044387816,0.22778133749961854,0.22722471952438356,0.22849724292755128,0.22780907303094863,0.22808553725481034
551,0.25818856954574587,551,0.22534332126379014,0.22894809097051622,0.22793256044387816,0.22778133749961854,0.22722471952438356,0.22849724292755128,0.22780907303094863,0.22808553725481034
552,0.25818856954574587,552,0.22534332126379014,0.22894809097051622,0.22793256044387816,0.22778133749961854,0.22722471952438356,0.22849724292755128,0.22780907303094863,0.22808553725481034
553,0.25818856954574587,553,0.22534332126379014,0.22894809097051622,0.22793256044387816,0.22778133749961854,0.22722471952438356,0.22849724292755128,0.22780907303094863,0.22808553725481034
554,0.25818856954574587,554,0.22534332126379014,0.22894809097051622,0.22793256044387816,0.22778133749961854,0.22722471952438356,0.22849724292755128,0.22780907303094863,0.22808553725481034
555,0.25818856954574587,555,0.22534332126379014,0.22894809097051622,0.22793256044387816,0.22778133749961854,0.22722471952438356,0.22849724292755128,0.22780907303094863,0.22808553725481034
556,0.25818856954574587,556,0.22534332126379014,0.22894809097051622,0.22793256044387816,0.22778133749961854,0.22722471952438356,0.22849724292755128,0.22780907303094863,0.22808553725481034
557,0.25818856954574587,557,0.22534332126379014,0.22894809097051622,0.22793256044387816,0.22778133749961854,0.22722471952438356,0.22849724292755128,0.22780907303094863,0.22808553725481034
558,0.25818856954574587,558,0.22534332126379014,0.22894809097051622,0.22793256044387816,0.22778133749961854,0.22722471952438356,0.22849724292755128,0.22780907303094863,0.22808553725481034
559,0.25818856954574587,559,0.22534332126379014,0.22894809097051622,0.22793256044387816,0.22778133749961854,0.22722471952438356,0.22849724292755128,0.22780907303094863,0.22808553725481034
560,0.25818856954574587,560,0.22534332126379014,0.22894809097051622,0.22793256044387816,0.22778133749961854,0.22722471952438356,0.22849724292755128,0.22780907303094863,0.22808553725481034
561,0.25818856954574587,561,0.22534332126379014,0.22894809097051622,0.22793256044387816,0.22778133749961854,0.22722471952438356,0.22849724292755128,0.22780907303094863,0.22808553725481034
562,0.25818856954574587,562,0.22534332126379014,0.22894809097051622,0.22793256044387816,0.22778133749961854,0.22722471952438356,0.22849724292755128,0.22780907303094863,0.22808553725481034
563,0.25818856954574587,563,0.22534332126379014,0.22894809097051622,0.22793256044387816,0.22778133749961854,0.22722471952438356,0.22849724292755128,0.22780907303094863,0.22808553725481034
564,0.25818856954574587,564,0.22534332126379014,0.22894809097051622,0.22793256044387816,0.22778133749961854,0.22722471952438356,0.22849724292755128,0.22780907303094863,0.22808553725481034
565,0.25818856954574587,565,0.22534332126379014,0.22894809097051622,0.22793256044387816,0.22778133749961854,0.22722471952438356,0.22849724292755128,0.22780907303094863,0.22808553725481034
566,0.25818856954574587,566,0.22534332126379014,0.22894809097051622,0.22793256044387816,0.22778133749961854,0.22722471952438356,0.22849724292755128,0.22780907303094863,0.22808553725481034
567,0.25818856954574587,567,0.22534332126379014,0.22894809097051622,0.22793256044387816,0.22778133749961854,0.22722471952438356,0.22849724292755128,0.22780907303094863,0.22808553725481034
568,0.25818856954574587,568,0.22534332126379014,0.22894809097051622,0.22793256044387816,0.22778133749961854,0.22722471952438356,0.22849724292755128,0.22780907303094863,0.22808553725481034
569,0.25818856954574587,569,0.22534332126379014,0.22894809097051622,0.22793256044387816,0.22778133749961854,0.22722471952438356,0.22849724292755128,0.22780907303094863,0.22808553725481034
570,0.25818856954574587,570,0.22534332126379014,0.22894809097051622,0.22793256044387816,0.22778133749961854,0.22722471952438356,0.22849724292755128,0.22780907303094863,0.22808553725481034
571,0.25818856954574587,571,0.22534332126379014,0.22894809097051622,0.22793256044387816,0.22778133749961854,0.22722471952438356,0.22849724292755128,0.22780907303094863,0.22808553725481034
572,0.25818856954574587,572,0.22534332126379014,0.22894809097051622,0.22793256044387816,0.22778133749961854,0.22722471952438356,0.22849724292755128,0.22780907303094863,0.22808553725481034
573,0.25818856954574587,573,0.22534332126379014,0.22894809097051622,0.22793256044387816,0.22778133749961854,0.22722471952438356,0.22849724292755128,0.22780907303094863,0.22808553725481034
574,0.25818856954574587,574,0.22534332126379014,0.22894809097051622,0.22793256044387816,0.22778133749961854,0.22722471952438356,0.22849724292755128,0.22780907303094863,0.22808553725481034
575,0.25818856954574587,575,0.22534332126379014,0.22894809097051622,0.22793256044387816,0.22778133749961854,0.22722471952438356,0.22849724292755128,0.22780907303094863,0.22808553725481034
576,0.25818856954574587,576,0.22534332126379014,0.22894809097051622,0.22793256044387816,0.22778133749961854,0.22722471952438356,0.22849724292755128,0.22780907303094863,0.22808553725481034
577,0.25818856954574587,577,0.22534332126379014,0.22894809097051622,0.22793256044387816,0.22778133749961854,0.22722471952438356,0.22849724292755128,0.22780907303094863,0.22808553725481034
578,0.25818856954574587,578,0.22534332126379014,0.22894809097051622,0.22793256044387816,0.22778133749961854,0.22722471952438356,0.22849724292755128,0.22780907303094863,0.22808553725481034
579,0.25818856954574587,579,0.22534332126379014,0.22894809097051622,0.22793256044387816,0.22778133749961854,0.22722471952438356,0.22849724292755128,0.22780907303094863,0.22808553725481034
580,0.25818856954574587,580,0.22534332126379014,0.22894809097051622,0.22793256044387816,0.22778133749961854,0.22722471952438356,0.22849724292755128,0.22780907303094863,0.22808553725481034
581,0.25818856954574587,581,0.22534332126379014,0.22894809097051622,0.22793256044387816,0.22778133749961854,0.22722471952438356,0.22849724292755128,0.22780907303094863,0.22808553725481034
582,0.25818856954574587,582,0.22534332126379014,0.22894809097051622,0.22793256044387816,0.22778133749961854,0.22722471952438356,0.22849724292755128,0.22780907303094863,0.22808553725481034
583,0.25818856954574587,583,0.22534332126379014,0.22894809097051622,0.22793256044387816,0.22778133749961854,0.22722471952438356,0.22849724292755128,0.22780907303094863,0.22808553725481034
584,0.25818856954574587,584,0.22534332126379014,0.22894809097051622,0.22793256044387816,0.22778133749961854,0.22722471952438356,0.22849724292755128,0.22780907303094863,0.22808553725481034
585,0.25818856954574587,585,0.22534332126379014,0.22894809097051622,0.22793256044387816,0.22778133749961854,0.22722471952438356,0.22849724292755128,0.22780907303094863,0.22808553725481034
586,0.25818856954574587,586,0.22534332126379014,0.22894809097051622,0.22793256044387816,0.22778133749961854,0.22722471952438356,0.22849724292755128,0.22780907303094863,0.22808553725481034
587,0.25818856954574587,587,0.22534332126379014,0.22894809097051622,0.22793256044387816,0.22778133749961854,0.22722471952438356,0.22849724292755128,0.22780907303094863,0.22808553725481034
588,0.25818856954574587,588,0.22534332126379014,0.22894809097051622,0.22793256044387816,0.22778133749961854,0.22722471952438356,0.22849724292755128,0.22780907303094863,0.22808553725481034
589,0.25818856954574587,589,0.22534332126379014,0.22894809097051622,0.22793256044387816,0.22778133749961854,0.22722471952438356,0.22849724292755128,0.22780907303094863,0.22808553725481034
590,0.25818856954574587,590,0.22534332126379014,0.22894809097051622,0.22793256044387816,0.22778133749961854,0.22722471952438356,0.22849724292755128,0.22780907303094863,0.22808553725481034
591,0.25818856954574587,591,0.22534332126379014,0.22894809097051622,0.22793256044387816,0.22778133749961854,0.22722471952438356,0.22849724292755128,0.22780907303094863,0.22808553725481034
592,0.25818856954574587,592,0.22534332126379014,0.22894809097051622,0.22793256044387816,0.22778133749961854,0.22722471952438356,0.22849724292755128,0.22780907303094863,0.22808553725481034
593,0.25818856954574587,593,0.22534332126379014,0.22894809097051622,0.22793256044387816,0.22778133749961854,0.22722471952438356,0.22849724292755128,0.22780907303094863,0.22808553725481034
594,0.25818856954574587,594,0.22534332126379014,0.22894809097051622,0.22793256044387816,0.22778133749961854,0.22722471952438356,0.22849724292755128,0.22780907303094863,0.22808553725481034
595,0.25818856954574587,595,0.22534332126379014,0.22894809097051622,0.22793256044387816,0.22778133749961854,0.22722471952438356,0.22849724292755128,0.22780907303094863,0.22808553725481034
596,0.25818856954574587,596,0.22534332126379014,0.22894809097051622,0.22793256044387816,0.22778133749961854,0.22722471952438356,0.22849724292755128,0.22780907303094863,0.22808553725481034
597,0.25818856954574587,597,0.22534332126379014,0.22894809097051622,0.22793256044387816,0.22778133749961854,0.22722471952438356,0.22849724292755128,0.22780907303094863,0.22808553725481034
598,0.25818856954574587,598,0.22534332126379014,0.22894809097051622,0.22793256044387816,0.22778133749961854,0.22722471952438356,0.22849724292755128,0.22780907303094863,0.22808553725481034
599,0.25818856954574587,599,0.22534332126379014,0.22894809097051622,0.22793256044387816,0.22778133749961854,0.22722471952438356,0.22849724292755128,0.22780907303094863,0.22808553725481034
600,0.25818856954574587,600,0.22534332126379014,0.22894809097051622,0.22793256044387816,0.22778133749961854,0.22722471952438356,0.22849724292755128,0.22780907303094863,0.22808553725481034
601,0.25818856954574587,601,0.22534332126379014,0.22894809097051622,0.22793256044387816,0.22778133749961854,0.22722471952438356,0.22849724292755128,0.22780907303094863,0.22808553725481034
602,0.25818856954574587,602,0.22534332126379014,0.22894809097051622,0.22793256044387816,0.22778133749961854,0.22722471952438356,0.22849724292755128,0.22780907303094863,0.22808553725481034
603,0.25818856954574587,603,0.22534332126379014,0.22894809097051622,0.22793256044387816,0.22778133749961854,0.22722471952438356,0.22849724292755128,0.22780907303094863,0.22808553725481034
604,0.25818856954574587,604,0.22534332126379014,0.22894809097051622,0.22793256044387816,0.22778133749961854,0.22722471952438356,0.22849724292755128,0.22780907303094863,0.22808553725481034
605,0.25818856954574587,605,0.22534332126379014,0.22894809097051622,0.22793256044387816,0.22778133749961854,0.22722471952438356,0.22849724292755128,0.22780907303094863,0.22808553725481034
606,0.25818856954574587,606,0.22534332126379014,0.22894809097051622,0.22793256044387816,0.22778133749961854,0.22722471952438356,0.22849724292755128,0.22780907303094863,0.22808553725481034
607,0.25818856954574587,607,0.22534332126379014,0.22894809097051622,0.22793256044387816,0.22778133749961854,0.22722471952438356,0.22849724292755128,0.22780907303094863,0.22808553725481034
608,0.25818856954574587,608,0.22534332126379014,0.22894809097051622,0.22793256044387816,0.22778133749961854,0.22722471952438356,0.22849724292755128,0.22780907303094863,0.22808553725481034
609,0.25818856954574587,609,0.22534332126379014,0.22894809097051622,0.22793256044387816,0.22778133749961854,0.22722471952438356,0.22849724292755128,0.22780907303094863,0.22808553725481034
610,0.25818856954574587,610,0.22534332126379014,0.22894809097051622,0.22793256044387816,0.22778133749961854,0.22722471952438356,0.22849724292755128,0.22780907303094863,0.22808553725481034
611,0.25818856954574587,611,0.22534332126379014,0.22894809097051622,0.22793256044387816,0.22778133749961854,0.22722471952438356,0.22849724292755128,0.22780907303094863,0.22808553725481034
612,0.25818856954574587,612,0.22534332126379014,0.22894809097051622,0.22793256044387816,0.22778133749961854,0.22722471952438356,0.22849724292755128,0.22780907303094863,0.22808553725481034
613,0.25818856954574587,613,0.22534332126379014,0.22894809097051622,0.22793256044387816,0.22778133749961854,0.22722471952438356,0.22849724292755128,0.22780907303094863,0.22808553725481034
614,0.25818856954574587,614,0.22534332126379014,0.22894809097051622,0.22793256044387816,0.22778133749961854,0.22722471952438356,0.22849724292755128,0.22780907303094863,0.22808553725481034
615,0.25818856954574587,615,0.22534332126379014,0.22894809097051622,0.22793256044387816,0.22778133749961854,0.22722471952438356,0.22849724292755128,0.22780907303094863,0.22808553725481034
616,0.25818856954574587,616,0.22534332126379014,0.22894809097051622,0.22793256044387816,0.22778133749961854,0.22722471952438356,0.22849724292755128,0.22780907303094863,0.22808553725481034
617,0.25818856954574587,617,0.22534332126379014,0.22894809097051622,0.22793256044387816,0.22778133749961854,0.22722471952438356,0.22849724292755128,0.22780907303094863,0.22808553725481034
618,0.25818856954574587,618,0.22534332126379014,0.22894809097051622,0.22793256044387816,0.22778133749961854,0.22722471952438356,0.22849724292755128,0.22780907303094863,0.22808553725481034
619,0.25818856954574587,619,0.22534332126379014,0.22894809097051622,0.22793256044387816,0.22778133749961854,0.22722471952438356,0.22849724292755128,0.22780907303094863,0.22808553725481034
620,0.25818856954574587,620,0.22534332126379014,0.22894809097051622,0.22793256044387816,0.22778133749961854,0.22722471952438356,0.22849724292755128,0.22780907303094863,0.22808553725481034
621,0.25818856954574587,621,0.22534332126379014,0.22894809097051622,0.22793256044387816,0.22778133749961854,0.22722471952438356,0.22849724292755128,0.22780907303094863,0.22808553725481034
622,0.25818856954574587,622,0.22534332126379014,0.22894809097051622,0.22793256044387816,0.22778133749961854,0.22722471952438356,0.22849724292755128,0.22780907303094863,0.22808553725481034
623,0.25818856954574587,623,0.22534332126379014,0.22894809097051622,0.22793256044387816,0.22778133749961854,0.22722471952438356,0.22849724292755128,0.22780907303094863,0.22808553725481034
624,0.25818856954574587,624,0.22534332126379014,0.22894809097051622,0.22793256044387816,0.22778133749961854,0.22722471952438356,0.22849724292755128,0.22780907303094863,0.22808553725481034
625,0.25818856954574587,625,0.22534332126379014,0.22894809097051622,0.22793256044387816,0.22778133749961854,0.22722471952438356,0.22849724292755128,0.22780907303094863,0.22808553725481034
626,0.25818856954574587,626,0.22534332126379014,0.22894809097051622,0.22793256044387816,0.22778133749961854,0.22722471952438356,0.22849724292755128,0.22780907303094863,0.22808553725481034
627,0.25818856954574587,627,0.22534332126379014,0.22894809097051622,0.22793256044387816,0.22778133749961854,0.22722471952438356,0.22849724292755128,0.22780907303094863,0.22808553725481034
628,0.25818856954574587,628,0.22534332126379014,0.22894809097051622,0.22793256044387816,0.22778133749961854,0.22722471952438356,0.22849724292755128,0.22780907303094863,0.22808553725481034
629,0.25818856954574587,629,0.22534332126379014,0.22894809097051622,0.22793256044387816,0.22778133749961854,0.22722471952438356,0.22849724292755128,0.22780907303094863,0.22808553725481034
630,0.25818856954574587,630,0.22534332126379014,0.22894809097051622,0.22793256044387816,0.22778133749961854,0.22722471952438356,0.22849724292755128,0.22780907303094863,0.22808553725481034
631,0.25818856954574587,631,0.22534332126379014,0.22894809097051622,0.22793256044387816,0.22778133749961854,0.22722471952438356,0.22849724292755128,0.22780907303094863,0.22808553725481034
632,0.25818856954574587,632,0.22534332126379014,0.22894809097051622,0.22793256044387816,0.22778133749961854,0.22722471952438356,0.22849724292755128,0.22780907303094863,0.22808553725481034
633,0.25818856954574587,633,0.22534332126379014,0.22894809097051622,0.22793256044387816,0.22778133749961854,0.22722471952438356,0.22849724292755128,0.22780907303094863,0.22808553725481034
634,0.25818856954574587,634,0.22534332126379014,0.22894809097051622,0.22793256044387816,0.22778133749961854,0.22722471952438356,0.22849724292755128,0.22780907303094863,0.22808553725481034
635,0.25818856954574587,635,0.22534332126379014,0.22894809097051622,0.22793256044387816,0.22778133749961854,0.22722471952438356,0.22849724292755128,0.22780907303094863,0.22808553725481034
636,0.25818856954574587,636,0.22534332126379014,0.22894809097051622,0.22793256044387816,0.22778133749961854,0.22722471952438356,0.22849724292755128,0.22780907303094863,0.22808553725481034
637,0.25818856954574587,637,0.22534332126379014,0.22894809097051622,0.22793256044387816,0.22778133749961854,0.22722471952438356,0.22849724292755128,0.22780907303094863,0.22808553725481034
638,0.25818856954574587,638,0.22534332126379014,0.22894809097051622,0.22793256044387816,0.22778133749961854,0.22722471952438356,0.22849724292755128,0.22780907303094863,0.22808553725481034
639,0.25818856954574587,639,0.22534332126379014,0.22894809097051622,0.22793256044387816,0.22778133749961854,0.22722471952438356,0.22849724292755128,0.22780907303094863,0.22808553725481034
640,0.25818856954574587,640,0.22534332126379014,0.22894809097051622,0.22793256044387816,0.22778133749961854,0.22722471952438356,0.22849724292755128,0.22780907303094863,0.22808553725481034
641,0.25818856954574587,641,0.22534332126379014,0.22894809097051622,0.22793256044387816,0.22778133749961854,0.22722471952438356,0.22849724292755128,0.22780907303094863,0.22808553725481034
642,0.25818856954574587,642,0.22534332126379014,0.22894809097051622,0.22793256044387816,0.22778133749961854,0.22722471952438356,0.22849724292755128,0.22780907303094863,0.22808553725481034
643,0.25818856954574587,643,0.22534332126379014,0.22894809097051622,0.22793256044387816,0.22778133749961854,0.22722471952438356,0.22849724292755128,0.22780907303094863,0.22808553725481034
644,0.25818856954574587,644,0.22534332126379014,0.22894809097051622,0.22793256044387816,0.22778133749961854,0.22722471952438356,0.22849724292755128,0.22780907303094863,0.22808553725481034
645,0.25818856954574587,645,0.22534332126379014,0.22894809097051622,0.22793256044387816,0.22778133749961854,0.22722471952438356,0.22849724292755128,0.22780907303094863,0.22808553725481034
646,0.25818856954574587,646,0.22534332126379014,0.22894809097051622,0.22793256044387816,0.22778133749961854,0.22722471952438356,0.22849724292755128,0.22780907303094863,0.22808553725481034
647,0.25818856954574587,647,0.22534332126379014,0.22894809097051622,0.22793256044387816,0.22778133749961854,0.22722471952438356,0.22849724292755128,0.22780907303094863,0.22808553725481034
648,0.25818856954574587,648,0.22534332126379014,0.22894809097051622,0.22793256044387816,0.22778133749961854,0.22722471952438356,0.22849724292755128,0.22780907303094863,0.22808553725481034
649,0.25818856954574587,649,0.22534332126379014,0.22894809097051622,0.22793256044387816,0.22778133749961854,0.22722471952438356,0.22849724292755128,0.22780907303094863,0.22808553725481034
650,0.25818856954574587,650,0.22534332126379014,0.22894809097051622,0.22793256044387816,0.22778133749961854,0.22722471952438356,0.22849724292755128,0.22780907303094863,0.22808553725481034
651,0.25818856954574587,651,0.22534332126379014,0.22894809097051622,0.22793256044387816,0.22778133749961854,0.22722471952438356,0.22849724292755128,0.22780907303094863,0.22808553725481034
652,0.25818856954574587,652,0.22534332126379014,0.22894809097051622,0.22793256044387816,0.22778133749961854,0.22722471952438356,0.22849724292755128,0.22780907303094863,0.22808553725481034
653,0.25818856954574587,653,0.22534332126379014,0.22894809097051622,0.22793256044387816,0.22778133749961854,0.22722471952438356,0.22849724292755128,0.22780907303094863,0.22808553725481034
654,0.25818856954574587,654,0.22534332126379014,0.22894809097051622,0.22793256044387816,0.22778133749961854,0.22722471952438356,0.22849724292755128,0.22780907303094863,0.22808553725481034
655,0.25818856954574587,655,0.22534332126379014,0.22894809097051622,0.22793256044387816,0.22778133749961854,0.22722471952438356,0.22849724292755128,0.22780907303094863,0.22808553725481034
656,0.25818856954574587,656,0.22534332126379014,0.22894809097051622,0.22793256044387816,0.22778133749961854,0.22722471952438356,0.22849724292755128,0.22780907303094863,0.22808553725481034
657,0.25818856954574587,657,0.22534332126379014,0.22894809097051622,0.22793256044387816,0.22778133749961854,0.22722471952438356,0.22849724292755128,0.22780907303094863,0.22808553725481034
658,0.25818856954574587,658,0.22534332126379014,0.22894809097051622,0.22793256044387816,0.22778133749961854,0.22722471952438356,0.22849724292755128,0.22780907303094863,0.22808553725481034
659,0.25818856954574587,659,0.22534332126379014,0.22894809097051622,0.22793256044387816,0.22778133749961854,0.22722471952438356,0.22849724292755128,0.22780907303094863,0.22808553725481034
660,0.25818856954574587,660,0.22534332126379014,0.22894809097051622,0.22793256044387816,0.22778133749961854,0.22722471952438356,0.22849724292755128,0.22780907303094863,0.22808553725481034
661,0.25818856954574587,661,0.22534332126379014,0.22894809097051622,0.22793256044387816,0.22778133749961854,0.22722471952438356,0.22849724292755128,0.22780907303094863,0.22808553725481034
662,0.25818856954574587,662,0.22534332126379014,0.22894809097051622,0.22793256044387816,0.22778133749961854,0.22722471952438356,0.22849724292755128,0.22780907303094863,0.22808553725481034
663,0.25818856954574587,663,0.22534332126379014,0.22894809097051622,0.22793256044387816,0.22778133749961854,0.22722471952438356,0.22849724292755128,0.22780907303094863,0.22808553725481034
664,0.25818856954574587,664,0.22534332126379014,0.22894809097051622,0.22793256044387816,0.22778133749961854,0.22722471952438356,0.22849724292755128,0.22780907303094863,0.22808553725481034
665,0.25818856954574587,665,0.22534332126379014,0.22894809097051622,0.22793256044387816,0.22778133749961854,0.22722471952438356,0.22849724292755128,0.22780907303094863,0.22808553725481034
666,0.25818856954574587,666,0.22534332126379014,0.22894809097051622,0.22793256044387816,0.22778133749961854,0.22722471952438356,0.22849724292755128,0.22780907303094863,0.22808553725481034
667,0.25818856954574587,667,0.22534332126379014,0.22894809097051622,0.22793256044387816,0.22778133749961854,0.22722471952438356,0.22849724292755128,0.22780907303094863,0.22808553725481034
668,0.25818856954574587,668,0.22534332126379014,0.22894809097051622,0.22793256044387816,0.22778133749961854,0.22722471952438356,0.22849724292755128,0.22780907303094863,0.22808553725481034
669,0.25818856954574587,669,0.22534332126379014,0.22894809097051622,0.22793256044387816,0.22778133749961854,0.22722471952438356,0.22849724292755128,0.22780907303094863,0.22808553725481034
670,0.25818856954574587,670,0.22534332126379014,0.22894809097051622,0.22793256044387816,0.22778133749961854,0.22722471952438356,0.22849724292755128,0.22780907303094863,0.22808553725481034
671,0.25818856954574587,671,0.22534332126379014,0.22894809097051622,0.22793256044387816,0.22778133749961854,0.22722471952438356,0.22849724292755128,0.22780907303094863,0.22808553725481034
672,0.25818856954574587,672,0.22534332126379014,0.22894809097051622,0.22793256044387816,0.22778133749961854,0.22722471952438356,0.22849724292755128,0.22780907303094863,0.22808553725481034
673,0.25818856954574587,673,0.22534332126379014,0.22894809097051622,0.22793256044387816,0.22778133749961854,0.22722471952438356,0.22849724292755128,0.22780907303094863,0.22808553725481034
674,0.25818856954574587,674,0.22534332126379014,0.22894809097051622,0.22793256044387816,0.22778133749961854,0.22722471952438356,0.22849724292755128,0.22780907303094863,0.22808553725481034
675,0.25818856954574587,675,0.22534332126379014,0.22894809097051622,0.22793256044387816,0.22778133749961854,0.22722471952438356,0.22849724292755128,0.22780907303094863,0.22808553725481034
676,0.25818856954574587,676,0.22534332126379014,0.22894809097051622,0.22793256044387816,0.22778133749961854,0.22722471952438356,0.22849724292755128,0.22780907303094863,0.22808553725481034
677,0.25818856954574587,677,0.22534332126379014,0.22894809097051622,0.22793256044387816,0.22778133749961854,0.22722471952438356,0.22849724292755128,0.22780907303094863,0.22808553725481034
678,0.25818856954574587,678,0.22534332126379014,0.22894809097051622,0.22793256044387816,0.22778133749961854,0.22722471952438356,0.22849724292755128,0.22780907303094863,0.22808553725481034
679,0.25818856954574587,679,0.22534332126379014,0.22894809097051622,0.22793256044387816,0.22778133749961854,0.22722471952438356,0.22849724292755128,0.22780907303094863,0.22808553725481034
680,0.25818856954574587,680,0.22534332126379014,0.22894809097051622,0.22793256044387816,0.22778133749961854,0.22722471952438356,0.22849724292755128,0.22780907303094863,0.22808553725481034
681,0.25818856954574587,681,0.22534332126379014,0.22894809097051622,0.22793256044387816,0.22778133749961854,0.22722471952438356,0.22849724292755128,0.22780907303094863,0.22808553725481034
682,0.25818856954574587,682,0.22534332126379014,0.22894809097051622,0.22793256044387816,0.22778133749961854,0.22722471952438356,0.22849724292755128,0.22780907303094863,0.22808553725481034
683,0.25818856954574587,683,0.22534332126379014,0.22894809097051622,0.22793256044387816,0.22778133749961854,0.22722471952438356,0.22849724292755128,0.22780907303094863,0.22808553725481034
684,0.25818856954574587,684,0.22534332126379014,0.22894809097051622,0.22793256044387816,0.22778133749961854,0.22722471952438356,0.22849724292755128,0.22780907303094863,0.22808553725481034
685,0.25818856954574587,685,0.22534332126379014,0.22894809097051622,0.22793256044387816,0.22778133749961854,0.22722471952438356,0.22849724292755128,0.22780907303094863,0.22808553725481034
686,0.25818856954574587,686,0.22534332126379014,0.22894809097051622,0.22793256044387816,0.22778133749961854,0.22722471952438356,0.22849724292755128,0.22780907303094863,0.22808553725481034
687,0.25818856954574587,687,0.22534332126379014,0.22894809097051622,0.22793256044387816,0.22778133749961854,0.22722471952438356,0.22849724292755128,0.22780907303094863,0.22808553725481034
688,0.25818856954574587,688,0.22534332126379014,0.22894809097051622,0.22793256044387816,0.22778133749961854,0.22722471952438356,0.22849724292755128,0.22780907303094863,0.22808553725481034
689,0.25818856954574587,689,0.22534332126379014,0.22894809097051622,0.22793256044387816,0.22778133749961854,0.22722471952438356,0.22849724292755128,0.22780907303094863,0.22808553725481034
690,0.25818856954574587,690,0.22534332126379014,0.22894809097051622,0.22793256044387816,0.22778133749961854,0.22722471952438356,0.22849724292755128,0.22780907303094863,0.22808553725481034
691,0.25818856954574587,691,0.22534332126379014,0.22894809097051622,0.22793256044387816,0.22778133749961854,0.22722471952438356,0.22849724292755128,0.22780907303094863,0.22808553725481034
692,0.25818856954574587,692,0.22534332126379014,0.22894809097051622,0.22793256044387816,0.22778133749961854,0.22722471952438356,0.22849724292755128,0.22780907303094863,0.22808553725481034
693,0.25818856954574587,693,0.22534332126379014,0.22894809097051622,0.22793256044387816,0.22778133749961854,0.22722471952438356,0.22849724292755128,0.22780907303094863,0.22808553725481034
694,0.25818856954574587,694,0.22534332126379014,0.22894809097051622,0.22793256044387816,0.22778133749961854,0.22722471952438356,0.22849724292755128,0.22780907303094863,0.22808553725481034
695,0.25818856954574587,695,0.22534332126379014,0.22894809097051622,0.22793256044387816,0.22778133749961854,0.22722471952438356,0.22849724292755128,0.22780907303094863,0.22808553725481034
696,0.25818856954574587,696,0.22534332126379014,0.22894809097051622,0.22793256044387816,0.22778133749961854,0.22722471952438356,0.22849724292755128,0.22780907303094863,0.22808553725481034
697,0.25818856954574587,697,0.22534332126379014,0.22894809097051622,0.22793256044387816,0.22778133749961854,0.22722471952438356,0.22849724292755128,0.22780907303094863,0.22808553725481034
698,0.25818856954574587,698,0.22534332126379014,0.22894809097051622,0.22793256044387816,0.22778133749961854,0.22722471952438356,0.22849724292755128,0.22780907303094863,0.22808553725481034
699,0.25818856954574587,699,0.22534332126379014,0.22894809097051622,0.22793256044387816,0.22778133749961854,0.22722471952438356,0.22849724292755128,0.22780907303094863,0.22808553725481034
700,0.25818856954574587,700,0.22534332126379014,0.22894809097051622,0.22793256044387816,0.22778133749961854,0.22722471952438356,0.22849724292755128,0.22780907303094863,0.22808553725481034
701,0.25818856954574587,701,0.22534332126379014,0.22894809097051622,0.22793256044387816,0.22778133749961854,0.22722471952438356,0.22849724292755128,0.22780907303094863,0.22808553725481034
702,0.25818856954574587,702,0.22534332126379014,0.22894809097051622,0.22793256044387816,0.22778133749961854,0.22722471952438356,0.22849724292755128,0.22780907303094863,0.22808553725481034
703,0.25818856954574587,703,0.22534332126379014,0.22894809097051622,0.22793256044387816,0.22778133749961854,0.22722471952438356,0.22849724292755128,0.22780907303094863,0.22808553725481034
704,0.25818856954574587,704,0.22534332126379014,0.22894809097051622,0.22793256044387816,0.22778133749961854,0.22722471952438356,0.22849724292755128,0.22780907303094863,0.22808553725481034
705,0.25818856954574587,705,0.22534332126379014,0.22894809097051622,0.22793256044387816,0.22778133749961854,0.22722471952438356,0.22849724292755128,0.22780907303094863,0.22808553725481034
706,0.25818856954574587,706,0.22534332126379014,0.22894809097051622,0.22793256044387816,0.22778133749961854,0.22722471952438356,0.22849724292755128,0.22780907303094863,0.22808553725481034
707,0.25818856954574587,707,0.22534332126379014,0.22894809097051622,0.22793256044387816,0.22778133749961854,0.22722471952438356,0.22849724292755128,0.22780907303094863,0.22808553725481034
708,0.25818856954574587,708,0.22534332126379014,0.22894809097051622,0.22793256044387816,0.22778133749961854,0.22722471952438356,0.22849724292755128,0.22780907303094863,0.22808553725481034
709,0.25818856954574587,709,0.22534332126379014,0.22894809097051622,0.22793256044387816,0.22778133749961854,0.22722471952438356,0.22849724292755128,0.22780907303094863,0.22808553725481034
710,0.25818856954574587,710,0.22534332126379014,0.22894809097051622,0.22793256044387816,0.22778133749961854,0.22722471952438356,0.22849724292755128,0.22780907303094863,0.22808553725481034
711,0.25818856954574587,711,0.22534332126379014,0.22894809097051622,0.22793256044387816,0.22778133749961854,0.22722471952438356,0.22849724292755128,0.22780907303094863,0.22808553725481034
712,0.25818856954574587,712,0.22534332126379014,0.22894809097051622,0.22793256044387816,0.22778133749961854,0.22722471952438356,0.22849724292755128,0.22780907303094863,0.22808553725481034
713,0.25818856954574587,713,0.22534332126379014,0.22894809097051622,0.22793256044387816,0.22778133749961854,0.22722471952438356,0.22849724292755128,0.22780907303094863,0.22808553725481034
714,0.25818856954574587,714,0.22534332126379014,0.22894809097051622,0.22793256044387816,0.22778133749961854,0.22722471952438356,0.22849724292755128,0.22780907303094863,0.22808553725481034
715,0.25818856954574587,715,0.22534332126379014,0.22894809097051622,0.22793256044387816,0.22778133749961854,0.22722471952438356,0.22849724292755128,0.22780907303094863,0.22808553725481034
716,0.25818856954574587,716,0.22534332126379014,0.22894809097051622,0.22793256044387816,0.22778133749961854,0.22722471952438356,0.22849724292755128,0.22780907303094863,0.22808553725481034
717,0.25818856954574587,717,0.22534332126379014,0.22894809097051622,0.22793256044387816,0.22778133749961854,0.22722471952438356,0.22849724292755128,0.22780907303094863,0.22808553725481034
718,0.25818856954574587,718,0.22534332126379014,0.22894809097051622,0.22793256044387816,0.22778133749961854,0.22722471952438356,0.22849724292755128,0.22780907303094863,0.22808553725481034
719,0.25818856954574587,719,0.22534332126379014,0.22894809097051622,0.22793256044387816,0.22778133749961854,0.22722471952438356,0.22849724292755128,0.22780907303094863,0.22808553725481034
720,0.25818856954574587,720,0.22534332126379014,0.22894809097051622,0.22793256044387816,0.22778133749961854,0.22722471952438356,0.22849724292755128,0.22780907303094863,0.22808553725481034
721,0.25818856954574587,721,0.22534332126379014,0.22894809097051622,0.22793256044387816,0.22778133749961854,0.22722471952438356,0.22849724292755128,0.22780907303094863,0.22808553725481034
722,0.25818856954574587,722,0.22534332126379014,0.22894809097051622,0.22793256044387816,0.22778133749961854,0.22722471952438356,0.22849724292755128,0.22780907303094863,0.22808553725481034
723,0.25818856954574587,723,0.22534332126379014,0.22894809097051622,0.22793256044387816,0.22778133749961854,0.22722471952438356,0.22849724292755128,0.22780907303094863,0.22808553725481034
724,0.25818856954574587,724,0.22534332126379014,0.22894809097051622,0.22793256044387816,0.22778133749961854,0.22722471952438356,0.22849724292755128,0.22780907303094863,0.22808553725481034
725,0.25818856954574587,725,0.22534332126379014,0.22894809097051622,0.22793256044387816,0.22778133749961854,0.22722471952438356,0.22849724292755128,0.22780907303094863,0.22808553725481034
726,0.25818856954574587,726,0.22534332126379014,0.22894809097051622,0.22793256044387816,0.22778133749961854,0.22722471952438356,0.22849724292755128,0.22780907303094863,0.22808553725481034
727,0.25818856954574587,727,0.22534332126379014,0.22894809097051622,0.22793256044387816,0.22778133749961854,0.22722471952438356,0.22849724292755128,0.22780907303094863,0.22808553725481034
728,0.25818856954574587,728,0.22534332126379014,0.22894809097051622,0.22793256044387816,0.22778133749961854,0.22722471952438356,0.22849724292755128,0.22780907303094863,0.22808553725481034
729,0.25818856954574587,729,0.22534332126379014,0.22894809097051622,0.22793256044387816,0.22778133749961854,0.22722471952438356,0.22849724292755128,0.22780907303094863,0.22808553725481034
730,0.25818856954574587,730,0.22534332126379014,0.22894809097051622,0.22793256044387816,0.22778133749961854,0.22722471952438356,0.22849724292755128,0.22780907303094863,0.22808553725481034
731,0.25818856954574587,731,0.22534332126379014,0.22894809097051622,0.22793256044387816,0.22778133749961854,0.22722471952438356,0.22849724292755128,0.22780907303094863,0.22808553725481034
732,0.25818856954574587,732,0.22534332126379014,0.22894809097051622,0.22793256044387816,0.22778133749961854,0.22722471952438356,0.22849724292755128,0.22780907303094863,0.22808553725481034
733,0.25818856954574587,733,0.22534332126379014,0.22894809097051622,0.22793256044387816,0.22778133749961854,0.22722471952438356,0.22849724292755128,0.22780907303094863,0.22808553725481034
734,0.25818856954574587,734,0.22534332126379014,0.22894809097051622,0.22793256044387816,0.22778133749961854,0.22722471952438356,0.22849724292755128,0.22780907303094863,0.22808553725481034
735,0.25818856954574587,735,0.22534332126379014,0.22894809097051622,0.22793256044387816,0.22778133749961854,0.22722471952438356,0.22849724292755128,0.22780907303094863,0.22808553725481034
736,0.25818856954574587,736,0.22534332126379014,0.22894809097051622,0.22793256044387816,0.22778133749961854,0.22722471952438356,0.22849724292755128,0.22780907303094863,0.22808553725481034
737,0.25818856954574587,737,0.22534332126379014,0.22894809097051622,0.22793256044387816,0.22778133749961854,0.22722471952438356,0.22849724292755128,0.22780907303094863,0.22808553725481034
738,0.25818856954574587,738,0.22534332126379014,0.22894809097051622,0.22793256044387816,0.22778133749961854,0.22722471952438356,0.22849724292755128,0.22780907303094863,0.22808553725481034
739,0.25818856954574587,739,0.22534332126379014,0.22894809097051622,0.22793256044387816,0.22778133749961854,0.22722471952438356,0.22849724292755128,0.22780907303094863,0.22808553725481034
740,0.25818856954574587,740,0.22534332126379014,0.22894809097051622,0.22793256044387816,0.22778133749961854,0.22722471952438356,0.22849724292755128,0.22780907303094863,0.22808553725481034
741,0.25818856954574587,741,0.22534332126379014,0.22894809097051622,0.22793256044387816,0.22778133749961854,0.22722471952438356,0.22849724292755128,0.22780907303094863,0.22808553725481034
742,0.25818856954574587,742,0.22534332126379014,0.22894809097051622,0.22793256044387816,0.22778133749961854,0.22722471952438356,0.22849724292755128,0.22780907303094863,0.22808553725481034
743,0.25818856954574587,743,0.22534332126379014,0.22894809097051622,0.22793256044387816,0.22778133749961854,0.22722471952438356,0.22849724292755128,0.22780907303094863,0.22808553725481034
744,0.25818856954574587,744,0.22534332126379014,0.22894809097051622,0.22793256044387816,0.22778133749961854,0.22722471952438356,0.22849724292755128,0.22780907303094863,0.22808553725481034
745,0.25818856954574587,745,0.22534332126379014,0.22894809097051622,0.22793256044387816,0.22778133749961854,0.22722471952438356,0.22849724292755128,0.22780907303094863,0.22808553725481034
746,0.25818856954574587,746,0.22534332126379014,0.22894809097051622,0.22793256044387816,0.22778133749961854,0.22722471952438356,0.22849724292755128,0.22780907303094863,0.22808553725481034
747,0.25818856954574587,747,0.22534332126379014,0.22894809097051622,0.22793256044387816,0.22778133749961854,0.22722471952438356,0.22849724292755128,0.22780907303094863,0.22808553725481034
748,0.25818856954574587,748,0.22534332126379014,0.22894809097051622,0.22793256044387816,0.22778133749961854,0.22722471952438356,0.22849724292755128,0.22780907303094863,0.22808553725481034
749,0.25818856954574587,749,0.22534332126379014,0.22894809097051622,0.22793256044387816,0.22778133749961854,0.22722471952438356,0.22849724292755128,0.22780907303094863,0.22808553725481034
750,0.25904950201511384,750,0.2283615067601204,0.22737729400396348,0.2274953082203865,0.2285508096218109,0.22722104638814927,0.231364905834198,0.22967412173748017,0.23273605555295945
751,0.25904950201511384,751,0.2283615067601204,0.22737729400396348,0.2274953082203865,0.2285508096218109,0.22722104638814927,0.231364905834198,0.22967412173748017,0.23273605555295945
752,0.25904950201511384,752,0.2283615067601204,0.22737729400396348,0.2274953082203865,0.2285508096218109,0.22722104638814927,0.231364905834198,0.22967412173748017,0.23273605555295945
753,0.25904950201511384,753,0.2283615067601204,0.22737729400396348,0.2274953082203865,0.2285508096218109,0.22722104638814927,0.231364905834198,0.22967412173748017,0.23273605555295945
754,0.25904950201511384,754,0.2283615067601204,0.22737729400396348,0.2274953082203865,0.2285508096218109,0.22722104638814927,0.231364905834198,0.22967412173748017,0.23273605555295945
755,0.25904950201511384,755,0.2283615067601204,0.22737729400396348,0.2274953082203865,0.2285508096218109,0.22722104638814927,0.231364905834198,0.22967412173748017,0.23273605555295945
756,0.25904950201511384,756,0.2283615067601204,0.22737729400396348,0.2274953082203865,0.2285508096218109,0.22722104638814927,0.231364905834198,0.22967412173748017,0.23273605555295945
757,0.25904950201511384,757,0.2283615067601204,0.22737729400396348,0.2274953082203865,0.2285508096218109,0.22722104638814927,0.231364905834198,0.22967412173748017,0.23273605555295945
758,0.25904950201511384,758,0.2283615067601204,0.22737729400396348,0.2274953082203865,0.2285508096218109,0.22722104638814927,0.231364905834198,0.22967412173748017,0.23273605555295945
759,0.25904950201511384,759,0.2283615067601204,0.22737729400396348,0.2274953082203865,0.2285508096218109,0.22722104638814927,0.231364905834198,0.22967412173748017,0.23273605555295945
760,0.25904950201511384,760,0.2283615067601204,0.22737729400396348,0.2274953082203865,0.2285508096218109,0.22722104638814927,0.231364905834198,0.22967412173748017,0.23273605555295945
761,0.25904950201511384,761,0.2283615067601204,0.22737729400396348,0.2274953082203865,0.2285508096218109,0.22722104638814927,0.231364905834198,0.22967412173748017,0.23273605555295945
762,0.25904950201511384,762,0.2283615067601204,0.22737729400396348,0.2274953082203865,0.2285508096218109,0.22722104638814927,0.231364905834198,0.22967412173748017,0.23273605555295945
763,0.25904950201511384,763,0.2283615067601204,0.22737729400396348,0.2274953082203865,0.2285508096218109,0.22722104638814927,0.231364905834198,0.22967412173748017,0.23273605555295945
764,0.25904950201511384,764,0.2283615067601204,0.22737729400396348,0.2274953082203865,0.2285508096218109,0.22722104638814927,0.231364905834198,0.22967412173748017,0.23273605555295945
765,0.25904950201511384,765,0.2283615067601204,0.22737729400396348,0.2274953082203865,0.2285508096218109,0.22722104638814927,0.231364905834198,0.22967412173748017,0.23273605555295945
766,0.25904950201511384,766,0.2283615067601204,0.22737729400396348,0.2274953082203865,0.2285508096218109,0.22722104638814927,0.231364905834198,0.22967412173748017,0.23273605555295945
767,0.25904950201511384,767,0.2283615067601204,0.22737729400396348,0.2274953082203865,0.2285508096218109,0.22722104638814927,0.231364905834198,0.22967412173748017,0.23273605555295945
768,0.25904950201511384,768,0.2283615067601204,0.22737729400396348,0.2274953082203865,0.2285508096218109,0.22722104638814927,0.231364905834198,0.22967412173748017,0.23273605555295945
769,0.25904950201511384,769,0.2283615067601204,0.22737729400396348,0.2274953082203865,0.2285508096218109,0.22722104638814927,0.231364905834198,0.22967412173748017,0.23273605555295945
770,0.25904950201511384,770,0.2283615067601204,0.22737729400396348,0.2274953082203865,0.2285508096218109,0.22722104638814927,0.231364905834198,0.22967412173748017,0.23273605555295945
771,0.25904950201511384,771,0.2283615067601204,0.22737729400396348,0.2274953082203865,0.2285508096218109,0.22722104638814927,0.231364905834198,0.22967412173748017,0.23273605555295945
772,0.25904950201511384,772,0.2283615067601204,0.22737729400396348,0.2274953082203865,0.2285508096218109,0.22722104638814927,0.231364905834198,0.22967412173748017,0.23273605555295945
773,0.25904950201511384,773,0.2283615067601204,0.22737729400396348,0.2274953082203865,0.2285508096218109,0.22722104638814927,0.231364905834198,0.22967412173748017,0.23273605555295945
774,0.25904950201511384,774,0.2283615067601204,0.22737729400396348,0.2274953082203865,0.2285508096218109,0.22722104638814927,0.231364905834198,0.22967412173748017,0.23273605555295945
775,0.25904950201511384,775,0.2283615067601204,0.22737729400396348,0.2274953082203865,0.2285508096218109,0.22722104638814927,0.231364905834198,0.22967412173748017,0.23273605555295945
776,0.25904950201511384,776,0.2283615067601204,0.22737729400396348,0.2274953082203865,0.2285508096218109,0.22722104638814927,0.231364905834198,0.22967412173748017,0.23273605555295945
777,0.25904950201511384,777,0.2283615067601204,0.22737729400396348,0.2274953082203865,0.2285508096218109,0.22722104638814927,0.231364905834198,0.22967412173748017,0.23273605555295945
778,0.25904950201511384,778,0.2283615067601204,0.22737729400396348,0.2274953082203865,0.2285508096218109,0.22722104638814927,0.231364905834198,0.22967412173748017,0.23273605555295945
779,0.25904950201511384,779,0.2283615067601204,0.22737729400396348,0.2274953082203865,0.2285508096218109,0.22722104638814927,0.231364905834198,0.22967412173748017,0.23273605555295945
780,0.25904950201511384,780,0.2283615067601204,0.22737729400396348,0.2274953082203865,0.2285508096218109,0.22722104638814927,0.231364905834198,0.22967412173748017,0.23273605555295945
781,0.25904950201511384,781,0.2283615067601204,0.22737729400396348,0.2274953082203865,0.2285508096218109,0.22722104638814927,0.231364905834198,0.22967412173748017,0.23273605555295945
782,0.25904950201511384,782,0.2283615067601204,0.22737729400396348,0.2274953082203865,0.2285508096218109,0.22722104638814927,0.231364905834198,0.22967412173748017,0.23273605555295945
783,0.25904950201511384,783,0.2283615067601204,0.22737729400396348,0.2274953082203865,0.2285508096218109,0.22722104638814927,0.231364905834198,0.22967412173748017,0.23273605555295945
784,0.25904950201511384,784,0.2283615067601204,0.22737729400396348,0.2274953082203865,0.2285508096218109,0.22722104638814927,0.231364905834198,0.22967412173748017,0.23273605555295945
785,0.25904950201511384,785,0.2283615067601204,0.22737729400396348,0.2274953082203865,0.2285508096218109,0.22722104638814927,0.231364905834198,0.22967412173748017,0.23273605555295945
786,0.25904950201511384,786,0.2283615067601204,0.22737729400396348,0.2274953082203865,0.2285508096218109,0.22722104638814927,0.231364905834198,0.22967412173748017,0.23273605555295945
787,0.25904950201511384,787,0.2283615067601204,0.22737729400396348,0.2274953082203865,0.2285508096218109,0.22722104638814927,0.231364905834198,0.22967412173748017,0.23273605555295945
788,0.25904950201511384,788,0.2283615067601204,0.22737729400396348,0.2274953082203865,0.2285508096218109,0.22722104638814927,0.231364905834198,0.22967412173748017,0.23273605555295945
789,0.25904950201511384,789,0.2283615067601204,0.22737729400396348,0.2274953082203865,0.2285508096218109,0.22722104638814927,0.231364905834198,0.22967412173748017,0.23273605555295945
790,0.25904950201511384,790,0.2283615067601204,0.22737729400396348,0.2274953082203865,0.2285508096218109,0.22722104638814927,0.231364905834198,0.22967412173748017,0.23273605555295945
791,0.25904950201511384,791,0.2283615067601204,0.22737729400396348,0.2274953082203865,0.2285508096218109,0.22722104638814927,0.231364905834198,0.22967412173748017,0.23273605555295945
792,0.25904950201511384,792,0.2283615067601204,0.22737729400396348,0.2274953082203865,0.2285508096218109,0.22722104638814927,0.231364905834198,0.22967412173748017,0.23273605555295945
793,0.25904950201511384,793,0.2283615067601204,0.22737729400396348,0.2274953082203865,0.2285508096218109,0.22722104638814927,0.231364905834198,0.22967412173748017,0.23273605555295945
794,0.25904950201511384,794,0.2283615067601204,0.22737729400396348,0.2274953082203865,0.2285508096218109,0.22722104638814927,0.231364905834198,0.22967412173748017,0.23273605555295945
795,0.25904950201511384,795,0.2283615067601204,0.22737729400396348,0.2274953082203865,0.2285508096218109,0.22722104638814927,0.231364905834198,0.22967412173748017,0.23273605555295945
796,0.25904950201511384,796,0.2283615067601204,0.22737729400396348,0.2274953082203865,0.2285508096218109,0.22722104638814927,0.231364905834198,0.22967412173748017,0.23273605555295945
797,0.25904950201511384,797,0.2283615067601204,0.22737729400396348,0.2274953082203865,0.2285508096218109,0.22722104638814927,0.231364905834198,0.22967412173748017,0.23273605555295945
798,0.25904950201511384,798,0.2283615067601204,0.22737729400396348,0.2274953082203865,0.2285508096218109,0.22722104638814927,0.231364905834198,0.22967412173748017,0.23273605555295945
799,0.25904950201511384,799,0.2283615067601204,0.22737729400396348,0.2274953082203865,0.2285508096218109,0.22722104638814927,0.231364905834198,0.22967412173748017,0.23273605555295945
800,0.25904950201511384,800,0.2283615067601204,0.22737729400396348,0.2274953082203865,0.2285508096218109,0.22722104638814927,0.231364905834198,0.22967412173748017,0.23273605555295945
801,0.25904950201511384,801,0.2283615067601204,0.22737729400396348,0.2274953082203865,0.2285508096218109,0.22722104638814927,0.231364905834198,0.22967412173748017,0.23273605555295945
802,0.25904950201511384,802,0.2283615067601204,0.22737729400396348,0.2274953082203865,0.2285508096218109,0.22722104638814927,0.231364905834198,0.22967412173748017,0.23273605555295945
803,0.25904950201511384,803,0.2283615067601204,0.22737729400396348,0.2274953082203865,0.2285508096218109,0.22722104638814927,0.231364905834198,0.22967412173748017,0.23273605555295945
804,0.25904950201511384,804,0.2283615067601204,0.22737729400396348,0.2274953082203865,0.2285508096218109,0.22722104638814927,0.231364905834198,0.22967412173748017,0.23273605555295945
805,0.25904950201511384,805,0.2283615067601204,0.22737729400396348,0.2274953082203865,0.2285508096218109,0.22722104638814927,0.231364905834198,0.22967412173748017,0.23273605555295945
806,0.25904950201511384,806,0.2283615067601204,0.22737729400396348,0.2274953082203865,0.2285508096218109,0.22722104638814927,0.231364905834198,0.22967412173748017,0.23273605555295945
807,0.25904950201511384,807,0.2283615067601204,0.22737729400396348,0.2274953082203865,0.2285508096218109,0.22722104638814927,0.231364905834198,0.22967412173748017,0.23273605555295945
808,0.25904950201511384,808,0.2283615067601204,0.22737729400396348,0.2274953082203865,0.2285508096218109,0.22722104638814927,0.231364905834198,0.22967412173748017,0.23273605555295945
809,0.25904950201511384,809,0.2283615067601204,0.22737729400396348,0.2274953082203865,0.2285508096218109,0.22722104638814927,0.231364905834198,0.22967412173748017,0.23273605555295945
810,0.25904950201511384,810,0.2283615067601204,0.22737729400396348,0.2274953082203865,0.2285508096218109,0.22722104638814927,0.231364905834198,0.22967412173748017,0.23273605555295945
811,0.25904950201511384,811,0.2283615067601204,0.22737729400396348,0.2274953082203865,0.2285508096218109,0.22722104638814927,0.231364905834198,0.22967412173748017,0.23273605555295945
812,0.25904950201511384,812,0.2283615067601204,0.22737729400396348,0.2274953082203865,0.2285508096218109,0.22722104638814927,0.231364905834198,0.22967412173748017,0.23273605555295945
813,0.25904950201511384,813,0.2283615067601204,0.22737729400396348,0.2274953082203865,0.2285508096218109,0.22722104638814927,0.231364905834198,0.22967412173748017,0.23273605555295945
814,0.25904950201511384,814,0.2283615067601204,0.22737729400396348,0.2274953082203865,0.2285508096218109,0.22722104638814927,0.231364905834198,0.22967412173748017,0.23273605555295945
815,0.25904950201511384,815,0.2283615067601204,0.22737729400396348,0.2274953082203865,0.2285508096218109,0.22722104638814927,0.231364905834198,0.22967412173748017,0.23273605555295945
816,0.25904950201511384,816,0.2283615067601204,0.22737729400396348,0.2274953082203865,0.2285508096218109,0.22722104638814927,0.231364905834198,0.22967412173748017,0.23273605555295945
817,0.25904950201511384,817,0.2283615067601204,0.22737729400396348,0.2274953082203865,0.2285508096218109,0.22722104638814927,0.231364905834198,0.22967412173748017,0.23273605555295945
818,0.25904950201511384,818,0.2283615067601204,0.22737729400396348,0.2274953082203865,0.2285508096218109,0.22722104638814927,0.231364905834198,0.22967412173748017,0.23273605555295945
819,0.25904950201511384,819,0.2283615067601204,0.22737729400396348,0.2274953082203865,0.2285508096218109,0.22722104638814927,0.231364905834198,0.22967412173748017,0.23273605555295945
820,0.25904950201511384,820,0.2283615067601204,0.22737729400396348,0.2274953082203865,0.2285508096218109,0.22722104638814927,0.231364905834198,0.22967412173748017,0.23273605555295945
821,0.25904950201511384,821,0.2283615067601204,0.22737729400396348,0.2274953082203865,0.2285508096218109,0.22722104638814927,0.231364905834198,0.22967412173748017,0.23273605555295945
822,0.25904950201511384,822,0.2283615067601204,0.22737729400396348,0.2274953082203865,0.2285508096218109,0.22722104638814927,0.231364905834198,0.22967412173748017,0.23273605555295945
823,0.25904950201511384,823,0.2283615067601204,0.22737729400396348,0.2274953082203865,0.2285508096218109,0.22722104638814927,0.231364905834198,0.22967412173748017,0.23273605555295945
824,0.25904950201511384,824,0.2283615067601204,0.22737729400396348,0.2274953082203865,0.2285508096218109,0.22722104638814927,0.231364905834198,0.22967412173748017,0.23273605555295945
825,0.25904950201511384,825,0.2283615067601204,0.22737729400396348,0.2274953082203865,0.2285508096218109,0.22722104638814927,0.231364905834198,0.22967412173748017,0.23273605555295945
826,0.25904950201511384,826,0.2283615067601204,0.22737729400396348,0.2274953082203865,0.2285508096218109,0.22722104638814927,0.231364905834198,0.22967412173748017,0.23273605555295945
827,0.25904950201511384,827,0.2283615067601204,0.22737729400396348,0.2274953082203865,0.2285508096218109,0.22722104638814927,0.231364905834198,0.22967412173748017,0.23273605555295945
828,0.25904950201511384,828,0.2283615067601204,0.22737729400396348,0.2274953082203865,0.2285508096218109,0.22722104638814927,0.231364905834198,0.22967412173748017,0.23273605555295945
829,0.25904950201511384,829,0.2283615067601204,0.22737729400396348,0.2274953082203865,0.2285508096218109,0.22722104638814927,0.231364905834198,0.22967412173748017,0.23273605555295945
830,0.25904950201511384,830,0.2283615067601204,0.22737729400396348,0.2274953082203865,0.2285508096218109,0.22722104638814927,0.231364905834198,0.22967412173748017,0.23273605555295945
831,0.25904950201511384,831,0.2283615067601204,0.22737729400396348,0.2274953082203865,0.2285508096218109,0.22722104638814927,0.231364905834198,0.22967412173748017,0.23273605555295945
832,0.25904950201511384,832,0.2283615067601204,0.22737729400396348,0.2274953082203865,0.2285508096218109,0.22722104638814927,0.231364905834198,0.22967412173748017,0.23273605555295945
833,0.25904950201511384,833,0.2283615067601204,0.22737729400396348,0.2274953082203865,0.2285508096218109,0.22722104638814927,0.231364905834198,0.22967412173748017,0.23273605555295945
834,0.25904950201511384,834,0.2283615067601204,0.22737729400396348,0.2274953082203865,0.2285508096218109,0.22722104638814927,0.231364905834198,0.22967412173748017,0.23273605555295945
835,0.25904950201511384,835,0.2283615067601204,0.22737729400396348,0.2274953082203865,0.2285508096218109,0.22722104638814927,0.231364905834198,0.22967412173748017,0.23273605555295945
836,0.25904950201511384,836,0.2283615067601204,0.22737729400396348,0.2274953082203865,0.2285508096218109,0.22722104638814927,0.231364905834198,0.22967412173748017,0.23273605555295945
837,0.25904950201511384,837,0.2283615067601204,0.22737729400396348,0.2274953082203865,0.2285508096218109,0.22722104638814927,0.231364905834198,0.22967412173748017,0.23273605555295945
838,0.25904950201511384,838,0.2283615067601204,0.22737729400396348,0.2274953082203865,0.2285508096218109,0.22722104638814927,0.231364905834198,0.22967412173748017,0.23273605555295945
839,0.25904950201511384,839,0.2283615067601204,0.22737729400396348,0.2274953082203865,0.2285508096218109,0.22722104638814927,0.231364905834198,0.22967412173748017,0.23273605555295945
840,0.25904950201511384,840,0.2283615067601204,0.22737729400396348,0.2274953082203865,0.2285508096218109,0.22722104638814927,0.231364905834198,0.22967412173748017,0.23273605555295945
841,0.25904950201511384,841,0.2283615067601204,0.22737729400396348,0.2274953082203865,0.2285508096218109,0.22722104638814927,0.231364905834198,0.22967412173748017,0.23273605555295945
842,0.25904950201511384,842,0.2283615067601204,0.22737729400396348,0.2274953082203865,0.2285508096218109,0.22722104638814927,0.231364905834198,0.22967412173748017,0.23273605555295945
843,0.25904950201511384,843,0.2283615067601204,0.22737729400396348,0.2274953082203865,0.2285508096218109,0.22722104638814927,0.231364905834198,0.22967412173748017,0.23273605555295945
844,0.25904950201511384,844,0.2283615067601204,0.22737729400396348,0.2274953082203865,0.2285508096218109,0.22722104638814927,0.231364905834198,0.22967412173748017,0.23273605555295945
845,0.25904950201511384,845,0.2283615067601204,0.22737729400396348,0.2274953082203865,0.2285508096218109,0.22722104638814927,0.231364905834198,0.22967412173748017,0.23273605555295945
846,0.25904950201511384,846,0.2283615067601204,0.22737729400396348,0.2274953082203865,0.2285508096218109,0.22722104638814927,0.231364905834198,0.22967412173748017,0.23273605555295945
847,0.25904950201511384,847,0.2283615067601204,0.22737729400396348,0.2274953082203865,0.2285508096218109,0.22722104638814927,0.231364905834198,0.22967412173748017,0.23273605555295945
848,0.25904950201511384,848,0.2283615067601204,0.22737729400396348,0.2274953082203865,0.2285508096218109,0.22722104638814927,0.231364905834198,0.22967412173748017,0.23273605555295945
849,0.25904950201511384,849,0.2283615067601204,0.22737729400396348,0.2274953082203865,0.2285508096218109,0.22722104638814927,0.231364905834198,0.22967412173748017,0.23273605555295945
850,0.25904950201511384,850,0.2283615067601204,0.22737729400396348,0.2274953082203865,0.2285508096218109,0.22722104638814927,0.231364905834198,0.22967412173748017,0.23273605555295945
851,0.25904950201511384,851,0.2283615067601204,0.22737729400396348,0.2274953082203865,0.2285508096218109,0.22722104638814927,0.231364905834198,0.22967412173748017,0.23273605555295945
852,0.25904950201511384,852,0.2283615067601204,0.22737729400396348,0.2274953082203865,0.2285508096218109,0.22722104638814927,0.231364905834198,0.22967412173748017,0.23273605555295945
853,0.25904950201511384,853,0.2283615067601204,0.22737729400396348,0.2274953082203865,0.2285508096218109,0.22722104638814927,0.231364905834198,0.22967412173748017,0.23273605555295945
854,0.25904950201511384,854,0.2283615067601204,0.22737729400396348,0.2274953082203865,0.2285508096218109,0.22722104638814927,0.231364905834198,0.22967412173748017,0.23273605555295945
855,0.25904950201511384,855,0.2283615067601204,0.22737729400396348,0.2274953082203865,0.2285508096218109,0.22722104638814927,0.231364905834198,0.22967412173748017,0.23273605555295945
856,0.25904950201511384,856,0.2283615067601204,0.22737729400396348,0.2274953082203865,0.2285508096218109,0.22722104638814927,0.231364905834198,0.22967412173748017,0.23273605555295945
857,0.25904950201511384,857,0.2283615067601204,0.22737729400396348,0.2274953082203865,0.2285508096218109,0.22722104638814927,0.231364905834198,0.22967412173748017,0.23273605555295945
858,0.25904950201511384,858,0.2283615067601204,0.22737729400396348,0.2274953082203865,0.2285508096218109,0.22722104638814927,0.231364905834198,0.22967412173748017,0.23273605555295945
859,0.25904950201511384,859,0.2283615067601204,0.22737729400396348,0.2274953082203865,0.2285508096218109,0.22722104638814927,0.231364905834198,0.22967412173748017,0.23273605555295945
860,0.25904950201511384,860,0.2283615067601204,0.22737729400396348,0.2274953082203865,0.2285508096218109,0.22722104638814927,0.231364905834198,0.22967412173748017,0.23273605555295945
861,0.25904950201511384,861,0.2283615067601204,0.22737729400396348,0.2274953082203865,0.2285508096218109,0.22722104638814927,0.231364905834198,0.22967412173748017,0.23273605555295945
862,0.25904950201511384,862,0.2283615067601204,0.22737729400396348,0.2274953082203865,0.2285508096218109,0.22722104638814927,0.231364905834198,0.22967412173748017,0.23273605555295945
863,0.25904950201511384,863,0.2283615067601204,0.22737729400396348,0.2274953082203865,0.2285508096218109,0.22722104638814927,0.231364905834198,0.22967412173748017,0.23273605555295945
864,0.25904950201511384,864,0.2283615067601204,0.22737729400396348,0.2274953082203865,0.2285508096218109,0.22722104638814927,0.231364905834198,0.22967412173748017,0.23273605555295945
865,0.25904950201511384,865,0.2283615067601204,0.22737729400396348,0.2274953082203865,0.2285508096218109,0.22722104638814927,0.231364905834198,0.22967412173748017,0.23273605555295945
866,0.25904950201511384,866,0.2283615067601204,0.22737729400396348,0.2274953082203865,0.2285508096218109,0.22722104638814927,0.231364905834198,0.22967412173748017,0.23273605555295945
867,0.25904950201511384,867,0.2283615067601204,0.22737729400396348,0.2274953082203865,0.2285508096218109,0.22722104638814927,0.231364905834198,0.22967412173748017,0.23273605555295945
868,0.25904950201511384,868,0.2283615067601204,0.22737729400396348,0.2274953082203865,0.2285508096218109,0.22722104638814927,0.231364905834198,0.22967412173748017,0.23273605555295945
869,0.25904950201511384,869,0.2283615067601204,0.22737729400396348,0.2274953082203865,0.2285508096218109,0.22722104638814927,0.231364905834198,0.22967412173748017,0.23273605555295945
870,0.25904950201511384,870,0.2283615067601204,0.22737729400396348,0.2274953082203865,0.2285508096218109,0.22722104638814927,0.231364905834198,0.22967412173748017,0.23273605555295945
871,0.25904950201511384,871,0.2283615067601204,0.22737729400396348,0.2274953082203865,0.2285508096218109,0.22722104638814927,0.231364905834198,0.22967412173748017,0.23273605555295945
872,0.25904950201511384,872,0.2283615067601204,0.22737729400396348,0.2274953082203865,0.2285508096218109,0.22722104638814927,0.231364905834198,0.22967412173748017,0.23273605555295945
873,0.25904950201511384,873,0.2283615067601204,0.22737729400396348,0.2274953082203865,0.2285508096218109,0.22722104638814927,0.231364905834198,0.22967412173748017,0.23273605555295945
874,0.25904950201511384,874,0.2283615067601204,0.22737729400396348,0.2274953082203865,0.2285508096218109,0.22722104638814927,0.231364905834198,0.22967412173748017,0.23273605555295945
875,0.25904950201511384,875,0.2283615067601204,0.22737729400396348,0.2274953082203865,0.2285508096218109,0.22722104638814927,0.231364905834198,0.22967412173748017,0.23273605555295945
876,0.25904950201511384,876,0.2283615067601204,0.22737729400396348,0.2274953082203865,0.2285508096218109,0.22722104638814927,0.231364905834198,0.22967412173748017,0.23273605555295945
877,0.25904950201511384,877,0.2283615067601204,0.22737729400396348,0.2274953082203865,0.2285508096218109,0.22722104638814927,0.231364905834198,0.22967412173748017,0.23273605555295945
878,0.25904950201511384,878,0.2283615067601204,0.22737729400396348,0.2274953082203865,0.2285508096218109,0.22722104638814927,0.231364905834198,0.22967412173748017,0.23273605555295945
879,0.25904950201511384,879,0.2283615067601204,0.22737729400396348,0.2274953082203865,0.2285508096218109,0.22722104638814927,0.231364905834198,0.22967412173748017,0.23273605555295945
880,0.25904950201511384,880,0.2283615067601204,0.22737729400396348,0.2274953082203865,0.2285508096218109,0.22722104638814927,0.231364905834198,0.22967412173748017,0.23273605555295945
881,0.25904950201511384,881,0.2283615067601204,0.22737729400396348,0.2274953082203865,0.2285508096218109,0.22722104638814927,0.231364905834198,0.22967412173748017,0.23273605555295945
882,0.25904950201511384,882,0.2283615067601204,0.22737729400396348,0.2274953082203865,0.2285508096218109,0.22722104638814927,0.231364905834198,0.22967412173748017,0.23273605555295945
883,0.25904950201511384,883,0.2283615067601204,0.22737729400396348,0.2274953082203865,0.2285508096218109,0.22722104638814927,0.231364905834198,0.22967412173748017,0.23273605555295945
884,0.25904950201511384,884,0.2283615067601204,0.22737729400396348,0.2274953082203865,0.2285508096218109,0.22722104638814927,0.231364905834198,0.22967412173748017,0.23273605555295945
885,0.25904950201511384,885,0.2283615067601204,0.22737729400396348,0.2274953082203865,0.2285508096218109,0.22722104638814927,0.231364905834198,0.22967412173748017,0.23273605555295945
886,0.25904950201511384,886,0.2283615067601204,0.22737729400396348,0.2274953082203865,0.2285508096218109,0.22722104638814927,0.231364905834198,0.22967412173748017,0.23273605555295945
887,0.25904950201511384,887,0.2283615067601204,0.22737729400396348,0.2274953082203865,0.2285508096218109,0.22722104638814927,0.231364905834198,0.22967412173748017,0.23273605555295945
888,0.25904950201511384,888,0.2283615067601204,0.22737729400396348,0.2274953082203865,0.2285508096218109,0.22722104638814927,0.231364905834198,0.22967412173748017,0.23273605555295945
889,0.25904950201511384,889,0.2283615067601204,0.22737729400396348,0.2274953082203865,0.2285508096218109,0.22722104638814927,0.231364905834198,0.22967412173748017,0.23273605555295945
890,0.25904950201511384,890,0.2283615067601204,0.22737729400396348,0.2274953082203865,0.2285508096218109,0.22722104638814927,0.231364905834198,0.22967412173748017,0.23273605555295945
891,0.25904950201511384,891,0.2283615067601204,0.22737729400396348,0.2274953082203865,0.2285508096218109,0.22722104638814927,0.231364905834198,0.22967412173748017,0.23273605555295945
892,0.25904950201511384,892,0.2283615067601204,0.22737729400396348,0.2274953082203865,0.2285508096218109,0.22722104638814927,0.231364905834198,0.22967412173748017,0.23273605555295945
893,0.25904950201511384,893,0.2283615067601204,0.22737729400396348,0.2274953082203865,0.2285508096218109,0.22722104638814927,0.231364905834198,0.22967412173748017,0.23273605555295945
894,0.25904950201511384,894,0.2283615067601204,0.22737729400396348,0.2274953082203865,0.2285508096218109,0.22722104638814927,0.231364905834198,0.22967412173748017,0.23273605555295945
895,0.25904950201511384,895,0.2283615067601204,0.22737729400396348,0.2274953082203865,0.2285508096218109,0.22722104638814927,0.231364905834198,0.22967412173748017,0.23273605555295945
896,0.25904950201511384,896,0.2283615067601204,0.22737729400396348,0.2274953082203865,0.2285508096218109,0.22722104638814927,0.231364905834198,0.22967412173748017,0.23273605555295945
897,0.25904950201511384,897,0.2283615067601204,0.22737729400396348,0.2274953082203865,0.2285508096218109,0.22722104638814927,0.231364905834198,0.22967412173748017,0.23273605555295945
898,0.25904950201511384,898,0.2283615067601204,0.22737729400396348,0.2274953082203865,0.2285508096218109,0.22722104638814927,0.231364905834198,0.22967412173748017,0.23273605555295945
899,0.25904950201511384,899,0.2283615067601204,0.22737729400396348,0.2274953082203865,0.2285508096218109,0.22722104638814927,0.231364905834198,0.22967412173748017,0.23273605555295945
900,0.25904950201511384,900,0.2283615067601204,0.22737729400396348,0.2274953082203865,0.2285508096218109,0.22722104638814927,0.231364905834198,0.22967412173748017,0.23273605555295945
901,0.25904950201511384,901,0.2283615067601204,0.22737729400396348,0.2274953082203865,0.2285508096218109,0.22722104638814927,0.231364905834198,0.22967412173748017,0.23273605555295945
902,0.25904950201511384,902,0.2283615067601204,0.22737729400396348,0.2274953082203865,0.2285508096218109,0.22722104638814927,0.231364905834198,0.22967412173748017,0.23273605555295945
903,0.25904950201511384,903,0.2283615067601204,0.22737729400396348,0.2274953082203865,0.2285508096218109,0.22722104638814927,0.231364905834198,0.22967412173748017,0.23273605555295945
904,0.25904950201511384,904,0.2283615067601204,0.22737729400396348,0.2274953082203865,0.2285508096218109,0.22722104638814927,0.231364905834198,0.22967412173748017,0.23273605555295945
905,0.25904950201511384,905,0.2283615067601204,0.22737729400396348,0.2274953082203865,0.2285508096218109,0.22722104638814927,0.231364905834198,0.22967412173748017,0.23273605555295945
906,0.25904950201511384,906,0.2283615067601204,0.22737729400396348,0.2274953082203865,0.2285508096218109,0.22722104638814927,0.231364905834198,0.22967412173748017,0.23273605555295945
907,0.25904950201511384,907,0.2283615067601204,0.22737729400396348,0.2274953082203865,0.2285508096218109,0.22722104638814927,0.231364905834198,0.22967412173748017,0.23273605555295945
908,0.25904950201511384,908,0.2283615067601204,0.22737729400396348,0.2274953082203865,0.2285508096218109,0.22722104638814927,0.231364905834198,0.22967412173748017,0.23273605555295945
909,0.25904950201511384,909,0.2283615067601204,0.22737729400396348,0.2274953082203865,0.2285508096218109,0.22722104638814927,0.231364905834198,0.22967412173748017,0.23273605555295945
910,0.25904950201511384,910,0.2283615067601204,0.22737729400396348,0.2274953082203865,0.2285508096218109,0.22722104638814927,0.231364905834198,0.22967412173748017,0.23273605555295945
911,0.25904950201511384,911,0.2283615067601204,0.22737729400396348,0.2274953082203865,0.2285508096218109,0.22722104638814927,0.231364905834198,0.22967412173748017,0.23273605555295945
912,0.25904950201511384,912,0.2283615067601204,0.22737729400396348,0.2274953082203865,0.2285508096218109,0.22722104638814927,0.231364905834198,0.22967412173748017,0.23273605555295945
913,0.25904950201511384,913,0.2283615067601204,0.22737729400396348,0.2274953082203865,0.2285508096218109,0.22722104638814927,0.231364905834198,0.22967412173748017,0.23273605555295945
914,0.25904950201511384,914,0.2283615067601204,0.22737729400396348,0.2274953082203865,0.2285508096218109,0.22722104638814927,0.231364905834198,0.22967412173748017,0.23273605555295945
915,0.25904950201511384,915,0.2283615067601204,0.22737729400396348,0.2274953082203865,0.2285508096218109,0.22722104638814927,0.231364905834198,0.22967412173748017,0.23273605555295945
916,0.25904950201511384,916,0.2283615067601204,0.22737729400396348,0.2274953082203865,0.2285508096218109,0.22722104638814927,0.231364905834198,0.22967412173748017,0.23273605555295945
917,0.25904950201511384,917,0.2283615067601204,0.22737729400396348,0.2274953082203865,0.2285508096218109,0.22722104638814927,0.231364905834198,0.22967412173748017,0.23273605555295945
918,0.25904950201511384,918,0.2283615067601204,0.22737729400396348,0.2274953082203865,0.2285508096218109,0.22722104638814927,0.231364905834198,0.22967412173748017,0.23273605555295945
919,0.25904950201511384,919,0.2283615067601204,0.22737729400396348,0.2274953082203865,0.2285508096218109,0.22722104638814927,0.231364905834198,0.22967412173748017,0.23273605555295945
920,0.25904950201511384,920,0.2283615067601204,0.22737729400396348,0.2274953082203865,0.2285508096218109,0.22722104638814927,0.231364905834198,0.22967412173748017,0.23273605555295945
921,0.25904950201511384,921,0.2283615067601204,0.22737729400396348,0.2274953082203865,0.2285508096218109,0.22722104638814927,0.231364905834198,0.22967412173748017,0.23273605555295945
922,0.25904950201511384,922,0.2283615067601204,0.22737729400396348,0.2274953082203865,0.2285508096218109,0.22722104638814927,0.231364905834198,0.22967412173748017,0.23273605555295945
923,0.25904950201511384,923,0.2283615067601204,0.22737729400396348,0.2274953082203865,0.2285508096218109,0.22722104638814927,0.231364905834198,0.22967412173748017,0.23273605555295945
924,0.25904950201511384,924,0.2283615067601204,0.22737729400396348,0.2274953082203865,0.2285508096218109,0.22722104638814927,0.231364905834198,0.22967412173748017,0.23273605555295945
925,0.25904950201511384,925,0.2283615067601204,0.22737729400396348,0.2274953082203865,0.2285508096218109,0.22722104638814927,0.231364905834198,0.22967412173748017,0.23273605555295945
926,0.25904950201511384,926,0.2283615067601204,0.22737729400396348,0.2274953082203865,0.2285508096218109,0.22722104638814927,0.231364905834198,0.22967412173748017,0.23273605555295945
927,0.25904950201511384,927,0.2283615067601204,0.22737729400396348,0.2274953082203865,0.2285508096218109,0.22722104638814927,0.231364905834198,0.22967412173748017,0.23273605555295945
928,0.25904950201511384,928,0.2283615067601204,0.22737729400396348,0.2274953082203865,0.2285508096218109,0.22722104638814927,0.231364905834198,0.22967412173748017,0.23273605555295945
929,0.25904950201511384,929,0.2283615067601204,0.22737729400396348,0.2274953082203865,0.2285508096218109,0.22722104638814927,0.231364905834198,0.22967412173748017,0.23273605555295945
930,0.25904950201511384,930,0.2283615067601204,0.22737729400396348,0.2274953082203865,0.2285508096218109,0.22722104638814927,0.231364905834198,0.22967412173748017,0.23273605555295945
931,0.25904950201511384,931,0.2283615067601204,0.22737729400396348,0.2274953082203865,0.2285508096218109,0.22722104638814927,0.231364905834198,0.22967412173748017,0.23273605555295945
932,0.25904950201511384,932,0.2283615067601204,0.22737729400396348,0.2274953082203865,0.2285508096218109,0.22722104638814927,0.231364905834198,0.22967412173748017,0.23273605555295945
933,0.25904950201511384,933,0.2283615067601204,0.22737729400396348,0.2274953082203865,0.2285508096218109,0.22722104638814927,0.231364905834198,0.22967412173748017,0.23273605555295945
934,0.25904950201511384,934,0.2283615067601204,0.22737729400396348,0.2274953082203865,0.2285508096218109,0.22722104638814927,0.231364905834198,0.22967412173748017,0.23273605555295945
935,0.25904950201511384,935,0.2283615067601204,0.22737729400396348,0.2274953082203865,0.2285508096218109,0.22722104638814927,0.231364905834198,0.22967412173748017,0.23273605555295945
936,0.25904950201511384,936,0.2283615067601204,0.22737729400396348,0.2274953082203865,0.2285508096218109,0.22722104638814927,0.231364905834198,0.22967412173748017,0.23273605555295945
937,0.25904950201511384,937,0.2283615067601204,0.22737729400396348,0.2274953082203865,0.2285508096218109,0.22722104638814927,0.231364905834198,0.22967412173748017,0.23273605555295945
938,0.25904950201511384,938,0.2283615067601204,0.22737729400396348,0.2274953082203865,0.2285508096218109,0.22722104638814927,0.231364905834198,0.22967412173748017,0.23273605555295945
939,0.25904950201511384,939,0.2283615067601204,0.22737729400396348,0.2274953082203865,0.2285508096218109,0.22722104638814927,0.231364905834198,0.22967412173748017,0.23273605555295945
940,0.25904950201511384,940,0.2283615067601204,0.22737729400396348,0.2274953082203865,0.2285508096218109,0.22722104638814927,0.231364905834198,0.22967412173748017,0.23273605555295945
941,0.25904950201511384,941,0.2283615067601204,0.22737729400396348,0.2274953082203865,0.2285508096218109,0.22722104638814927,0.231364905834198,0.22967412173748017,0.23273605555295945
942,0.25904950201511384,942,0.2283615067601204,0.22737729400396348,0.2274953082203865,0.2285508096218109,0.22722104638814927,0.231364905834198,0.22967412173748017,0.23273605555295945
943,0.25904950201511384,943,0.2283615067601204,0.22737729400396348,0.2274953082203865,0.2285508096218109,0.22722104638814927,0.231364905834198,0.22967412173748017,0.23273605555295945
944,0.25904950201511384,944,0.2283615067601204,0.22737729400396348,0.2274953082203865,0.2285508096218109,0.22722104638814927,0.231364905834198,0.22967412173748017,0.23273605555295945
945,0.25904950201511384,945,0.2283615067601204,0.22737729400396348,0.2274953082203865,0.2285508096218109,0.22722104638814927,0.231364905834198,0.22967412173748017,0.23273605555295945
946,0.25904950201511384,946,0.2283615067601204,0.22737729400396348,0.2274953082203865,0.2285508096218109,0.22722104638814927,0.231364905834198,0.22967412173748017,0.23273605555295945
947,0.25904950201511384,947,0.2283615067601204,0.22737729400396348,0.2274953082203865,0.2285508096218109,0.22722104638814927,0.231364905834198,0.22967412173748017,0.23273605555295945
948,0.25904950201511384,948,0.2283615067601204,0.22737729400396348,0.2274953082203865,0.2285508096218109,0.22722104638814927,0.231364905834198,0.22967412173748017,0.23273605555295945
949,0.25904950201511384,949,0.2283615067601204,0.22737729400396348,0.2274953082203865,0.2285508096218109,0.22722104638814927,0.231364905834198,0.22967412173748017,0.23273605555295945
950,0.25904950201511384,950,0.2283615067601204,0.22737729400396348,0.2274953082203865,0.2285508096218109,0.22722104638814927,0.231364905834198,0.22967412173748017,0.23273605555295945
951,0.25904950201511384,951,0.2283615067601204,0.22737729400396348,0.2274953082203865,0.2285508096218109,0.22722104638814927,0.231364905834198,0.22967412173748017,0.23273605555295945
952,0.25904950201511384,952,0.2283615067601204,0.22737729400396348,0.2274953082203865,0.2285508096218109,0.22722104638814927,0.231364905834198,0.22967412173748017,0.23273605555295945
953,0.25904950201511384,953,0.2283615067601204,0.22737729400396348,0.2274953082203865,0.2285508096218109,0.22722104638814927,0.231364905834198,0.22967412173748017,0.23273605555295945
954,0.25904950201511384,954,0.2283615067601204,0.22737729400396348,0.2274953082203865,0.2285508096218109,0.22722104638814927,0.231364905834198,0.22967412173748017,0.23273605555295945
955,0.25904950201511384,955,0.2283615067601204,0.22737729400396348,0.2274953082203865,0.2285508096218109,0.22722104638814927,0.231364905834198,0.22967412173748017,0.23273605555295945
956,0.25904950201511384,956,0.2283615067601204,0.22737729400396348,0.2274953082203865,0.2285508096218109,0.22722104638814927,0.231364905834198,0.22967412173748017,0.23273605555295945
957,0.25904950201511384,957,0.2283615067601204,0.22737729400396348,0.2274953082203865,0.2285508096218109,0.22722104638814927,0.231364905834198,0.22967412173748017,0.23273605555295945
958,0.25904950201511384,958,0.2283615067601204,0.22737729400396348,0.2274953082203865,0.2285508096218109,0.22722104638814927,0.231364905834198,0.22967412173748017,0.23273605555295945
959,0.25904950201511384,959,0.2283615067601204,0.22737729400396348,0.2274953082203865,0.2285508096218109,0.22722104638814927,0.231364905834198,0.22967412173748017,0.23273605555295945
960,0.25904950201511384,960,0.2283615067601204,0.22737729400396348,0.2274953082203865,0.2285508096218109,0.22722104638814927,0.231364905834198,0.22967412173748017,0.23273605555295945
961,0.25904950201511384,961,0.2283615067601204,0.22737729400396348,0.2274953082203865,0.2285508096218109,0.22722104638814927,0.231364905834198,0.22967412173748017,0.23273605555295945
962,0.25904950201511384,962,0.2283615067601204,0.22737729400396348,0.2274953082203865,0.2285508096218109,0.22722104638814927,0.231364905834198,0.22967412173748017,0.23273605555295945
963,0.25904950201511384,963,0.2283615067601204,0.22737729400396348,0.2274953082203865,0.2285508096218109,0.22722104638814927,0.231364905834198,0.22967412173748017,0.23273605555295945
964,0.25904950201511384,964,0.2283615067601204,0.22737729400396348,0.2274953082203865,0.2285508096218109,0.22722104638814927,0.231364905834198,0.22967412173748017,0.23273605555295945
965,0.25904950201511384,965,0.2283615067601204,0.22737729400396348,0.2274953082203865,0.2285508096218109,0.22722104638814927,0.231364905834198,0.22967412173748017,0.23273605555295945
966,0.25904950201511384,966,0.2283615067601204,0.22737729400396348,0.2274953082203865,0.2285508096218109,0.22722104638814927,0.231364905834198,0.22967412173748017,0.23273605555295945
967,0.25904950201511384,967,0.2283615067601204,0.22737729400396348,0.2274953082203865,0.2285508096218109,0.22722104638814927,0.231364905834198,0.22967412173748017,0.23273605555295945
968,0.25904950201511384,968,0.2283615067601204,0.22737729400396348,0.2274953082203865,0.2285508096218109,0.22722104638814927,0.231364905834198,0.22967412173748017,0.23273605555295945
969,0.25904950201511384,969,0.2283615067601204,0.22737729400396348,0.2274953082203865,0.2285508096218109,0.22722104638814927,0.231364905834198,0.22967412173748017,0.23273605555295945
970,0.25904950201511384,970,0.2283615067601204,0.22737729400396348,0.2274953082203865,0.2285508096218109,0.22722104638814927,0.231364905834198,0.22967412173748017,0.23273605555295945
971,0.25904950201511384,971,0.2283615067601204,0.22737729400396348,0.2274953082203865,0.2285508096218109,0.22722104638814927,0.231364905834198,0.22967412173748017,0.23273605555295945
972,0.25904950201511384,972,0.2283615067601204,0.22737729400396348,0.2274953082203865,0.2285508096218109,0.22722104638814927,0.231364905834198,0.22967412173748017,0.23273605555295945
973,0.25904950201511384,973,0.2283615067601204,0.22737729400396348,0.2274953082203865,0.2285508096218109,0.22722104638814927,0.231364905834198,0.22967412173748017,0.23273605555295945
974,0.25904950201511384,974,0.2283615067601204,0.22737729400396348,0.2274953082203865,0.2285508096218109,0.22722104638814927,0.231364905834198,0.22967412173748017,0.23273605555295945
975,0.25904950201511384,975,0.2283615067601204,0.22737729400396348,0.2274953082203865,0.2285508096218109,0.22722104638814927,0.231364905834198,0.22967412173748017,0.23273605555295945
976,0.25904950201511384,976,0.2283615067601204,0.22737729400396348,0.2274953082203865,0.2285508096218109,0.22722104638814927,0.231364905834198,0.22967412173748017,0.23273605555295945
977,0.25904950201511384,977,0.2283615067601204,0.22737729400396348,0.2274953082203865,0.2285508096218109,0.22722104638814927,0.231364905834198,0.22967412173748017,0.23273605555295945
978,0.25904950201511384,978,0.2283615067601204,0.22737729400396348,0.2274953082203865,0.2285508096218109,0.22722104638814927,0.231364905834198,0.22967412173748017,0.23273605555295945
979,0.25904950201511384,979,0.2283615067601204,0.22737729400396348,0.2274953082203865,0.2285508096218109,0.22722104638814927,0.231364905834198,0.22967412173748017,0.23273605555295945
980,0.25904950201511384,980,0.2283615067601204,0.22737729400396348,0.2274953082203865,0.2285508096218109,0.22722104638814927,0.231364905834198,0.22967412173748017,0.23273605555295945
981,0.25904950201511384,981,0.2283615067601204,0.22737729400396348,0.2274953082203865,0.2285508096218109,0.22722104638814927,0.231364905834198,0.22967412173748017,0.23273605555295945
982,0.25904950201511384,982,0.2283615067601204,0.22737729400396348,0.2274953082203865,0.2285508096218109,0.22722104638814927,0.231364905834198,0.22967412173748017,0.23273605555295945
983,0.25904950201511384,983,0.2283615067601204,0.22737729400396348,0.2274953082203865,0.2285508096218109,0.22722104638814927,0.231364905834198,0.22967412173748017,0.23273605555295945
984,0.25904950201511384,984,0.2283615067601204,0.22737729400396348,0.2274953082203865,0.2285508096218109,0.22722104638814927,0.231364905834198,0.22967412173748017,0.23273605555295945
985,0.25904950201511384,985,0.2283615067601204,0.22737729400396348,0.2274953082203865,0.2285508096218109,0.22722104638814927,0.231364905834198,0.22967412173748017,0.23273605555295945
986,0.25904950201511384,986,0.2283615067601204,0.22737729400396348,0.2274953082203865,0.2285508096218109,0.22722104638814927,0.231364905834198,0.22967412173748017,0.23273605555295945
987,0.25904950201511384,987,0.2283615067601204,0.22737729400396348,0.2274953082203865,0.2285508096218109,0.22722104638814927,0.231364905834198,0.22967412173748017,0.23273605555295945
988,0.25904950201511384,988,0.2283615067601204,0.22737729400396348,0.2274953082203865,0.2285508096218109,0.22722104638814927,0.231364905834198,0.22967412173748017,0.23273605555295945
989,0.25904950201511384,989,0.2283615067601204,0.22737729400396348,0.2274953082203865,0.2285508096218109,0.22722104638814927,0.231364905834198,0.22967412173748017,0.23273605555295945
990,0.25904950201511384,990,0.2283615067601204,0.22737729400396348,0.2274953082203865,0.2285508096218109,0.22722104638814927,0.231364905834198,0.22967412173748017,0.23273605555295945
991,0.25904950201511384,991,0.2283615067601204,0.22737729400396348,0.2274953082203865,0.2285508096218109,0.22722104638814927,0.231364905834198,0.22967412173748017,0.23273605555295945
992,0.25904950201511384,992,0.2283615067601204,0.22737729400396348,0.2274953082203865,0.2285508096218109,0.22722104638814927,0.231364905834198,0.22967412173748017,0.23273605555295945
993,0.25904950201511384,993,0.2283615067601204,0.22737729400396348,0.2274953082203865,0.2285508096218109,0.22722104638814927,0.231364905834198,0.22967412173748017,0.23273605555295945
994,0.25904950201511384,994,0.2283615067601204,0.22737729400396348,0.2274953082203865,0.2285508096218109,0.22722104638814927,0.231364905834198,0.22967412173748017,0.23273605555295945
995,0.25904950201511384,995,0.2283615067601204,0.22737729400396348,0.2274953082203865,0.2285508096218109,0.22722104638814927,0.231364905834198,0.22967412173748017,0.23273605555295945
996,0.25904950201511384,996,0.2283615067601204,0.22737729400396348,0.2274953082203865,0.2285508096218109,0.22722104638814927,0.231364905834198,0.22967412173748017,0.23273605555295945
997,0.25904950201511384,997,0.2283615067601204,0.22737729400396348,0.2274953082203865,0.2285508096218109,0.22722104638814927,0.231364905834198,0.22967412173748017,0.23273605555295945
998,0.25904950201511384,998,0.2283615067601204,0.22737729400396348,0.2274953082203865,0.2285508096218109,0.22722104638814927,0.231364905834198,0.22967412173748017,0.23273605555295945
999,0.25904950201511384,999,0.2283615067601204,0.22737729400396348,0.2274953082203865,0.2285508096218109,0.22722104638814927,0.231364905834198,0.22967412173748017,0.23273605555295945
1000,0.260314579308033,1000,0.2281099170446396,0.2270002320408821,0.22772473394870757,0.23046477288007736,0.2265188664197922,0.23265380710363387,0.2342197686433792,0.237960284948349
1001,0.260314579308033,1001,0.2281099170446396,0.2270002320408821,0.22772473394870757,0.23046477288007736,0.2265188664197922,0.23265380710363387,0.2342197686433792,0.237960284948349
1002,0.260314579308033,1002,0.2281099170446396,0.2270002320408821,0.22772473394870757,0.23046477288007736,0.2265188664197922,0.23265380710363387,0.2342197686433792,0.237960284948349
1003,0.260314579308033,1003,0.2281099170446396,0.2270002320408821,0.22772473394870757,0.23046477288007736,0.2265188664197922,0.23265380710363387,0.2342197686433792,0.237960284948349
1004,0.260314579308033,1004,0.2281099170446396,0.2270002320408821,0.22772473394870757,0.23046477288007736,0.2265188664197922,0.23265380710363387,0.2342197686433792,0.237960284948349
1005,0.260314579308033,1005,0.2281099170446396,0.2270002320408821,0.22772473394870757,0.23046477288007736,0.2265188664197922,0.23265380710363387,0.2342197686433792,0.237960284948349
1006,0.260314579308033,1006,0.2281099170446396,0.2270002320408821,0.22772473394870757,0.23046477288007736,0.2265188664197922,0.23265380710363387,0.2342197686433792,0.237960284948349
1007,0.260314579308033,1007,0.2281099170446396,0.2270002320408821,0.22772473394870757,0.23046477288007736,0.2265188664197922,0.23265380710363387,0.2342197686433792,0.237960284948349
1008,0.260314579308033,1008,0.2281099170446396,0.2270002320408821,0.22772473394870757,0.23046477288007736,0.2265188664197922,0.23265380710363387,0.2342197686433792,0.237960284948349
1009,0.260314579308033,1009,0.2281099170446396,0.2270002320408821,0.22772473394870757,0.23046477288007736,0.2265188664197922,0.23265380710363387,0.2342197686433792,0.237960284948349
1010,0.260314579308033,1010,0.2281099170446396,0.2270002320408821,0.22772473394870757,0.23046477288007736,0.2265188664197922,0.23265380710363387,0.2342197686433792,0.237960284948349
1011,0.260314579308033,1011,0.2281099170446396,0.2270002320408821,0.22772473394870757,0.23046477288007736,0.2265188664197922,0.23265380710363387,0.2342197686433792,0.237960284948349
1012,0.260314579308033,1012,0.2281099170446396,0.2270002320408821,0.22772473394870757,0.23046477288007736,0.2265188664197922,0.23265380710363387,0.2342197686433792,0.237960284948349
1013,0.260314579308033,1013,0.2281099170446396,0.2270002320408821,0.22772473394870757,0.23046477288007736,0.2265188664197922,0.23265380710363387,0.2342197686433792,0.237960284948349
1014,0.260314579308033,1014,0.2281099170446396,0.2270002320408821,0.22772473394870757,0.23046477288007736,0.2265188664197922,0.23265380710363387,0.2342197686433792,0.237960284948349
1015,0.260314579308033,1015,0.2281099170446396,0.2270002320408821,0.22772473394870757,0.23046477288007736,0.2265188664197922,0.23265380710363387,0.2342197686433792,0.237960284948349
1016,0.260314579308033,1016,0.2281099170446396,0.2270002320408821,0.22772473394870757,0.23046477288007736,0.2265188664197922,0.23265380710363387,0.2342197686433792,0.237960284948349
1017,0.260314579308033,1017,0.2281099170446396,0.2270002320408821,0.22772473394870757,0.23046477288007736,0.2265188664197922,0.23265380710363387,0.2342197686433792,0.237960284948349
1018,0.260314579308033,1018,0.2281099170446396,0.2270002320408821,0.22772473394870757,0.23046477288007736,0.2265188664197922,0.23265380710363387,0.2342197686433792,0.237960284948349
1019,0.260314579308033,1019,0.2281099170446396,0.2270002320408821,0.22772473394870757,0.23046477288007736,0.2265188664197922,0.23265380710363387,0.2342197686433792,0.237960284948349
1020,0.260314579308033,1020,0.2281099170446396,0.2270002320408821,0.22772473394870757,0.23046477288007736,0.2265188664197922,0.23265380710363387,0.2342197686433792,0.237960284948349
1021,0.260314579308033,1021,0.2281099170446396,0.2270002320408821,0.22772473394870757,0.23046477288007736,0.2265188664197922,0.23265380710363387,0.2342197686433792,0.237960284948349
1022,0.260314579308033,1022,0.2281099170446396,0.2270002320408821,0.22772473394870757,0.23046477288007736,0.2265188664197922,0.23265380710363387,0.2342197686433792,0.237960284948349
1023,0.260314579308033,1023,0.2281099170446396,0.2270002320408821,0.22772473394870757,0.23046477288007736,0.2265188664197922,0.23265380710363387,0.2342197686433792,0.237960284948349
1024,0.260314579308033,1024,0.2281099170446396,0.2270002320408821,0.22772473394870757,0.23046477288007736,0.2265188664197922,0.23265380710363387,0.2342197686433792,0.237960284948349
1025,0.260314579308033,1025,0.2281099170446396,0.2270002320408821,0.22772473394870757,0.23046477288007736,0.2265188664197922,0.23265380710363387,0.2342197686433792,0.237960284948349
1026,0.260314579308033,1026,0.2281099170446396,0.2270002320408821,0.22772473394870757,0.23046477288007736,0.2265188664197922,0.23265380710363387,0.2342197686433792,0.237960284948349
1027,0.260314579308033,1027,0.2281099170446396,0.2270002320408821,0.22772473394870757,0.23046477288007736,0.2265188664197922,0.23265380710363387,0.2342197686433792,0.237960284948349
1028,0.260314579308033,1028,0.2281099170446396,0.2270002320408821,0.22772473394870757,0.23046477288007736,0.2265188664197922,0.23265380710363387,0.2342197686433792,0.237960284948349
1029,0.260314579308033,1029,0.2281099170446396,0.2270002320408821,0.22772473394870757,0.23046477288007736,0.2265188664197922,0.23265380710363387,0.2342197686433792,0.237960284948349
1030,0.260314579308033,1030,0.2281099170446396,0.2270002320408821,0.22772473394870757,0.23046477288007736,0.2265188664197922,0.23265380710363387,0.2342197686433792,0.237960284948349
1031,0.260314579308033,1031,0.2281099170446396,0.2270002320408821,0.22772473394870757,0.23046477288007736,0.2265188664197922,0.23265380710363387,0.2342197686433792,0.237960284948349
1032,0.260314579308033,1032,0.2281099170446396,0.2270002320408821,0.22772473394870757,0.23046477288007736,0.2265188664197922,0.23265380710363387,0.2342197686433792,0.237960284948349
1033,0.260314579308033,1033,0.2281099170446396,0.2270002320408821,0.22772473394870757,0.23046477288007736,0.2265188664197922,0.23265380710363387,0.2342197686433792,0.237960284948349
1034,0.260314579308033,1034,0.2281099170446396,0.2270002320408821,0.22772473394870757,0.23046477288007736,0.2265188664197922,0.23265380710363387,0.2342197686433792,0.237960284948349
1035,0.260314579308033,1035,0.2281099170446396,0.2270002320408821,0.22772473394870757,0.23046477288007736,0.2265188664197922,0.23265380710363387,0.2342197686433792,0.237960284948349
1036,0.260314579308033,1036,0.2281099170446396,0.2270002320408821,0.22772473394870757,0.23046477288007736,0.2265188664197922,0.23265380710363387,0.2342197686433792,0.237960284948349
1037,0.260314579308033,1037,0.2281099170446396,0.2270002320408821,0.22772473394870757,0.23046477288007736,0.2265188664197922,0.23265380710363387,0.2342197686433792,0.237960284948349
1038,0.260314579308033,1038,0.2281099170446396,0.2270002320408821,0.22772473394870757,0.23046477288007736,0.2265188664197922,0.23265380710363387,0.2342197686433792,0.237960284948349
1039,0.260314579308033,1039,0.2281099170446396,0.2270002320408821,0.22772473394870757,0.23046477288007736,0.2265188664197922,0.23265380710363387,0.2342197686433792,0.237960284948349
1040,0.260314579308033,1040,0.2281099170446396,0.2270002320408821,0.22772473394870757,0.23046477288007736,0.2265188664197922,0.23265380710363387,0.2342197686433792,0.237960284948349
1041,0.260314579308033,1041,0.2281099170446396,0.2270002320408821,0.22772473394870757,0.23046477288007736,0.2265188664197922,0.23265380710363387,0.2342197686433792,0.237960284948349
1042,0.260314579308033,1042,0.2281099170446396,0.2270002320408821,0.22772473394870757,0.23046477288007736,0.2265188664197922,0.23265380710363387,0.2342197686433792,0.237960284948349
1043,0.260314579308033,1043,0.2281099170446396,0.2270002320408821,0.22772473394870757,0.23046477288007736,0.2265188664197922,0.23265380710363387,0.2342197686433792,0.237960284948349
1044,0.260314579308033,1044,0.2281099170446396,0.2270002320408821,0.22772473394870757,0.23046477288007736,0.2265188664197922,0.23265380710363387,0.2342197686433792,0.237960284948349
1045,0.260314579308033,1045,0.2281099170446396,0.2270002320408821,0.22772473394870757,0.23046477288007736,0.2265188664197922,0.23265380710363387,0.2342197686433792,0.237960284948349
1046,0.260314579308033,1046,0.2281099170446396,0.2270002320408821,0.22772473394870757,0.23046477288007736,0.2265188664197922,0.23265380710363387,0.2342197686433792,0.237960284948349
1047,0.260314579308033,1047,0.2281099170446396,0.2270002320408821,0.22772473394870757,0.23046477288007736,0.2265188664197922,0.23265380710363387,0.2342197686433792,0.237960284948349
1048,0.260314579308033,1048,0.2281099170446396,0.2270002320408821,0.22772473394870757,0.23046477288007736,0.2265188664197922,0.23265380710363387,0.2342197686433792,0.237960284948349
1049,0.260314579308033,1049,0.2281099170446396,0.2270002320408821,0.22772473394870757,0.23046477288007736,0.2265188664197922,0.23265380710363387,0.2342197686433792,0.237960284948349
1050,0.260314579308033,1050,0.2281099170446396,0.2270002320408821,0.22772473394870757,0.23046477288007736,0.2265188664197922,0.23265380710363387,0.2342197686433792,0.237960284948349
1051,0.260314579308033,1051,0.2281099170446396,0.2270002320408821,0.22772473394870757,0.23046477288007736,0.2265188664197922,0.23265380710363387,0.2342197686433792,0.237960284948349
1052,0.260314579308033,1052,0.2281099170446396,0.2270002320408821,0.22772473394870757,0.23046477288007736,0.2265188664197922,0.23265380710363387,0.2342197686433792,0.237960284948349
1053,0.260314579308033,1053,0.2281099170446396,0.2270002320408821,0.22772473394870757,0.23046477288007736,0.2265188664197922,0.23265380710363387,0.2342197686433792,0.237960284948349
1054,0.260314579308033,1054,0.2281099170446396,0.2270002320408821,0.22772473394870757,0.23046477288007736,0.2265188664197922,0.23265380710363387,0.2342197686433792,0.237960284948349
1055,0.260314579308033,1055,0.2281099170446396,0.2270002320408821,0.22772473394870757,0.23046477288007736,0.2265188664197922,0.23265380710363387,0.2342197686433792,0.237960284948349
1056,0.260314579308033,1056,0.2281099170446396,0.2270002320408821,0.22772473394870757,0.23046477288007736,0.2265188664197922,0.23265380710363387,0.2342197686433792,0.237960284948349
1057,0.260314579308033,1057,0.2281099170446396,0.2270002320408821,0.22772473394870757,0.23046477288007736,0.2265188664197922,0.23265380710363387,0.2342197686433792,0.237960284948349
1058,0.260314579308033,1058,0.2281099170446396,0.2270002320408821,0.22772473394870757,0.23046477288007736,0.2265188664197922,0.23265380710363387,0.2342197686433792,0.237960284948349
1059,0.260314579308033,1059,0.2281099170446396,0.2270002320408821,0.22772473394870757,0.23046477288007736,0.2265188664197922,0.23265380710363387,0.2342197686433792,0.237960284948349
1060,0.260314579308033,1060,0.2281099170446396,0.2270002320408821,0.22772473394870757,0.23046477288007736,0.2265188664197922,0.23265380710363387,0.2342197686433792,0.237960284948349
1061,0.260314579308033,1061,0.2281099170446396,0.2270002320408821,0.22772473394870757,0.23046477288007736,0.2265188664197922,0.23265380710363387,0.2342197686433792,0.237960284948349
1062,0.260314579308033,1062,0.2281099170446396,0.2270002320408821,0.22772473394870757,0.23046477288007736,0.2265188664197922,0.23265380710363387,0.2342197686433792,0.237960284948349
1063,0.260314579308033,1063,0.2281099170446396,0.2270002320408821,0.22772473394870757,0.23046477288007736,0.2265188664197922,0.23265380710363387,0.2342197686433792,0.237960284948349
1064,0.260314579308033,1064,0.2281099170446396,0.2270002320408821,0.22772473394870757,0.23046477288007736,0.2265188664197922,0.23265380710363387,0.2342197686433792,0.237960284948349
1065,0.260314579308033,1065,0.2281099170446396,0.2270002320408821,0.22772473394870757,0.23046477288007736,0.2265188664197922,0.23265380710363387,0.2342197686433792,0.237960284948349
1066,0.260314579308033,1066,0.2281099170446396,0.2270002320408821,0.22772473394870757,0.23046477288007736,0.2265188664197922,0.23265380710363387,0.2342197686433792,0.237960284948349
1067,0.260314579308033,1067,0.2281099170446396,0.2270002320408821,0.22772473394870757,0.23046477288007736,0.2265188664197922,0.23265380710363387,0.2342197686433792,0.237960284948349
1068,0.260314579308033,1068,0.2281099170446396,0.2270002320408821,0.22772473394870757,0.23046477288007736,0.2265188664197922,0.23265380710363387,0.2342197686433792,0.237960284948349
1069,0.260314579308033,1069,0.2281099170446396,0.2270002320408821,0.22772473394870757,0.23046477288007736,0.2265188664197922,0.23265380710363387,0.2342197686433792,0.237960284948349
1070,0.260314579308033,1070,0.2281099170446396,0.2270002320408821,0.22772473394870757,0.23046477288007736,0.2265188664197922,0.23265380710363387,0.2342197686433792,0.237960284948349
1071,0.260314579308033,1071,0.2281099170446396,0.2270002320408821,0.22772473394870757,0.23046477288007736,0.2265188664197922,0.23265380710363387,0.2342197686433792,0.237960284948349
1072,0.260314579308033,1072,0.2281099170446396,0.2270002320408821,0.22772473394870757,0.23046477288007736,0.2265188664197922,0.23265380710363387,0.2342197686433792,0.237960284948349
1073,0.260314579308033,1073,0.2281099170446396,0.2270002320408821,0.22772473394870757,0.23046477288007736,0.2265188664197922,0.23265380710363387,0.2342197686433792,0.237960284948349
1074,0.260314579308033,1074,0.2281099170446396,0.2270002320408821,0.22772473394870757,0.23046477288007736,0.2265188664197922,0.23265380710363387,0.2342197686433792,0.237960284948349
1075,0.260314579308033,1075,0.2281099170446396,0.2270002320408821,0.22772473394870757,0.23046477288007736,0.2265188664197922,0.23265380710363387,0.2342197686433792,0.237960284948349
1076,0.260314579308033,1076,0.2281099170446396,0.2270002320408821,0.22772473394870757,0.23046477288007736,0.2265188664197922,0.23265380710363387,0.2342197686433792,0.237960284948349
1077,0.260314579308033,1077,0.2281099170446396,0.2270002320408821,0.22772473394870757,0.23046477288007736,0.2265188664197922,0.23265380710363387,0.2342197686433792,0.237960284948349
1078,0.260314579308033,1078,0.2281099170446396,0.2270002320408821,0.22772473394870757,0.23046477288007736,0.2265188664197922,0.23265380710363387,0.2342197686433792,0.237960284948349
1079,0.260314579308033,1079,0.2281099170446396,0.2270002320408821,0.22772473394870757,0.23046477288007736,0.2265188664197922,0.23265380710363387,0.2342197686433792,0.237960284948349
1080,0.260314579308033,1080,0.2281099170446396,0.2270002320408821,0.22772473394870757,0.23046477288007736,0.2265188664197922,0.23265380710363387,0.2342197686433792,0.237960284948349
1081,0.260314579308033,1081,0.2281099170446396,0.2270002320408821,0.22772473394870757,0.23046477288007736,0.2265188664197922,0.23265380710363387,0.2342197686433792,0.237960284948349
1082,0.260314579308033,1082,0.2281099170446396,0.2270002320408821,0.22772473394870757,0.23046477288007736,0.2265188664197922,0.23265380710363387,0.2342197686433792,0.237960284948349
1083,0.260314579308033,1083,0.2281099170446396,0.2270002320408821,0.22772473394870757,0.23046477288007736,0.2265188664197922,0.23265380710363387,0.2342197686433792,0.237960284948349
1084,0.260314579308033,1084,0.2281099170446396,0.2270002320408821,0.22772473394870757,0.23046477288007736,0.2265188664197922,0.23265380710363387,0.2342197686433792,0.237960284948349
1085,0.260314579308033,1085,0.2281099170446396,0.2270002320408821,0.22772473394870757,0.23046477288007736,0.2265188664197922,0.23265380710363387,0.2342197686433792,0.237960284948349
1086,0.260314579308033,1086,0.2281099170446396,0.2270002320408821,0.22772473394870757,0.23046477288007736,0.2265188664197922,0.23265380710363387,0.2342197686433792,0.237960284948349
1087,0.260314579308033,1087,0.2281099170446396,0.2270002320408821,0.22772473394870757,0.23046477288007736,0.2265188664197922,0.23265380710363387,0.2342197686433792,0.237960284948349
1088,0.260314579308033,1088,0.2281099170446396,0.2270002320408821,0.22772473394870757,0.23046477288007736,0.2265188664197922,0.23265380710363387,0.2342197686433792,0.237960284948349
1089,0.260314579308033,1089,0.2281099170446396,0.2270002320408821,0.22772473394870757,0.23046477288007736,0.2265188664197922,0.23265380710363387,0.2342197686433792,0.237960284948349
1090,0.260314579308033,1090,0.2281099170446396,0.2270002320408821,0.22772473394870757,0.23046477288007736,0.2265188664197922,0.23265380710363387,0.2342197686433792,0.237960284948349
1091,0.260314579308033,1091,0.2281099170446396,0.2270002320408821,0.22772473394870757,0.23046477288007736,0.2265188664197922,0.23265380710363387,0.2342197686433792,0.237960284948349
1092,0.260314579308033,1092,0.2281099170446396,0.2270002320408821,0.22772473394870757,0.23046477288007736,0.2265188664197922,0.23265380710363387,0.2342197686433792,0.237960284948349
1093,0.260314579308033,1093,0.2281099170446396,0.2270002320408821,0.22772473394870757,0.23046477288007736,0.2265188664197922,0.23265380710363387,0.2342197686433792,0.237960284948349
1094,0.260314579308033,1094,0.2281099170446396,0.2270002320408821,0.22772473394870757,0.23046477288007736,0.2265188664197922,0.23265380710363387,0.2342197686433792,0.237960284948349
1095,0.260314579308033,1095,0.2281099170446396,0.2270002320408821,0.22772473394870757,0.23046477288007736,0.2265188664197922,0.23265380710363387,0.2342197686433792,0.237960284948349
1096,0.260314579308033,1096,0.2281099170446396,0.2270002320408821,0.22772473394870757,0.23046477288007736,0.2265188664197922,0.23265380710363387,0.2342197686433792,0.237960284948349
1097,0.260314579308033,1097,0.2281099170446396,0.2270002320408821,0.22772473394870757,0.23046477288007736,0.2265188664197922,0.23265380710363387,0.2342197686433792,0.237960284948349
1098,0.260314579308033,1098,0.2281099170446396,0.2270002320408821,0.22772473394870757,0.23046477288007736,0.2265188664197922,0.23265380710363387,0.2342197686433792,0.237960284948349
1099,0.260314579308033,1099,0.2281099170446396,0.2270002320408821,0.22772473394870757,0.23046477288007736,0.2265188664197922,0.23265380710363387,0.2342197686433792,0.237960284948349
1100,0.260314579308033,1100,0.2281099170446396,0.2270002320408821,0.22772473394870757,0.23046477288007736,0.2265188664197922,0.23265380710363387,0.2342197686433792,0.237960284948349
1101,0.260314579308033,1101,0.2281099170446396,0.2270002320408821,0.22772473394870757,0.23046477288007736,0.2265188664197922,0.23265380710363387,0.2342197686433792,0.237960284948349
1102,0.260314579308033,1102,0.2281099170446396,0.2270002320408821,0.22772473394870757,0.23046477288007736,0.2265188664197922,0.23265380710363387,0.2342197686433792,0.237960284948349
1103,0.260314579308033,1103,0.2281099170446396,0.2270002320408821,0.22772473394870757,0.23046477288007736,0.2265188664197922,0.23265380710363387,0.2342197686433792,0.237960284948349
1104,0.260314579308033,1104,0.2281099170446396,0.2270002320408821,0.22772473394870757,0.23046477288007736,0.2265188664197922,0.23265380710363387,0.2342197686433792,0.237960284948349
1105,0.260314579308033,1105,0.2281099170446396,0.2270002320408821,0.22772473394870757,0.23046477288007736,0.2265188664197922,0.23265380710363387,0.2342197686433792,0.237960284948349
1106,0.260314579308033,1106,0.2281099170446396,0.2270002320408821,0.22772473394870757,0.23046477288007736,0.2265188664197922,0.23265380710363387,0.2342197686433792,0.237960284948349
1107,0.260314579308033,1107,0.2281099170446396,0.2270002320408821,0.22772473394870757,0.23046477288007736,0.2265188664197922,0.23265380710363387,0.2342197686433792,0.237960284948349
1108,0.260314579308033,1108,0.2281099170446396,0.2270002320408821,0.22772473394870757,0.23046477288007736,0.2265188664197922,0.23265380710363387,0.2342197686433792,0.237960284948349
1109,0.260314579308033,1109,0.2281099170446396,0.2270002320408821,0.22772473394870757,0.23046477288007736,0.2265188664197922,0.23265380710363387,0.2342197686433792,0.237960284948349
1110,0.260314579308033,1110,0.2281099170446396,0.2270002320408821,0.22772473394870757,0.23046477288007736,0.2265188664197922,0.23265380710363387,0.2342197686433792,0.237960284948349
1111,0.260314579308033,1111,0.2281099170446396,0.2270002320408821,0.22772473394870757,0.23046477288007736,0.2265188664197922,0.23265380710363387,0.2342197686433792,0.237960284948349
1112,0.260314579308033,1112,0.2281099170446396,0.2270002320408821,0.22772473394870757,0.23046477288007736,0.2265188664197922,0.23265380710363387,0.2342197686433792,0.237960284948349
1113,0.260314579308033,1113,0.2281099170446396,0.2270002320408821,0.22772473394870757,0.23046477288007736,0.2265188664197922,0.23265380710363387,0.2342197686433792,0.237960284948349
1114,0.260314579308033,1114,0.2281099170446396,0.2270002320408821,0.22772473394870757,0.23046477288007736,0.2265188664197922,0.23265380710363387,0.2342197686433792,0.237960284948349
1115,0.260314579308033,1115,0.2281099170446396,0.2270002320408821,0.22772473394870757,0.23046477288007736,0.2265188664197922,0.23265380710363387,0.2342197686433792,0.237960284948349
1116,0.260314579308033,1116,0.2281099170446396,0.2270002320408821,0.22772473394870757,0.23046477288007736,0.2265188664197922,0.23265380710363387,0.2342197686433792,0.237960284948349
1117,0.260314579308033,1117,0.2281099170446396,0.2270002320408821,0.22772473394870757,0.23046477288007736,0.2265188664197922,0.23265380710363387,0.2342197686433792,0.237960284948349
1118,0.260314579308033,1118,0.2281099170446396,0.2270002320408821,0.22772473394870757,0.23046477288007736,0.2265188664197922,0.23265380710363387,0.2342197686433792,0.237960284948349
1119,0.260314579308033,1119,0.2281099170446396,0.2270002320408821,0.22772473394870757,0.23046477288007736,0.2265188664197922,0.23265380710363387,0.2342197686433792,0.237960284948349
1120,0.260314579308033,1120,0.2281099170446396,0.2270002320408821,0.22772473394870757,0.23046477288007736,0.2265188664197922,0.23265380710363387,0.2342197686433792,0.237960284948349
1121,0.260314579308033,1121,0.2281099170446396,0.2270002320408821,0.22772473394870757,0.23046477288007736,0.2265188664197922,0.23265380710363387,0.2342197686433792,0.237960284948349
1122,0.260314579308033,1122,0.2281099170446396,0.2270002320408821,0.22772473394870757,0.23046477288007736,0.2265188664197922,0.23265380710363387,0.2342197686433792,0.237960284948349
1123,0.260314579308033,1123,0.2281099170446396,0.2270002320408821,0.22772473394870757,0.23046477288007736,0.2265188664197922,0.23265380710363387,0.2342197686433792,0.237960284948349
1124,0.260314579308033,1124,0.2281099170446396,0.2270002320408821,0.22772473394870757,0.23046477288007736,0.2265188664197922,0.23265380710363387,0.2342197686433792,0.237960284948349
1125,0.260314579308033,1125,0.2281099170446396,0.2270002320408821,0.22772473394870757,0.23046477288007736,0.2265188664197922,0.23265380710363387,0.2342197686433792,0.237960284948349
1126,0.260314579308033,1126,0.2281099170446396,0.2270002320408821,0.22772473394870757,0.23046477288007736,0.2265188664197922,0.23265380710363387,0.2342197686433792,0.237960284948349
1127,0.260314579308033,1127,0.2281099170446396,0.2270002320408821,0.22772473394870757,0.23046477288007736,0.2265188664197922,0.23265380710363387,0.2342197686433792,0.237960284948349
1128,0.260314579308033,1128,0.2281099170446396,0.2270002320408821,0.22772473394870757,0.23046477288007736,0.2265188664197922,0.23265380710363387,0.2342197686433792,0.237960284948349
1129,0.260314579308033,1129,0.2281099170446396,0.2270002320408821,0.22772473394870757,0.23046477288007736,0.2265188664197922,0.23265380710363387,0.2342197686433792,0.237960284948349
1130,0.260314579308033,1130,0.2281099170446396,0.2270002320408821,0.22772473394870757,0.23046477288007736,0.2265188664197922,0.23265380710363387,0.2342197686433792,0.237960284948349
1131,0.260314579308033,1131,0.2281099170446396,0.2270002320408821,0.22772473394870757,0.23046477288007736,0.2265188664197922,0.23265380710363387,0.2342197686433792,0.237960284948349
1132,0.260314579308033,1132,0.2281099170446396,0.2270002320408821,0.22772473394870757,0.23046477288007736,0.2265188664197922,0.23265380710363387,0.2342197686433792,0.237960284948349
1133,0.260314579308033,1133,0.2281099170446396,0.2270002320408821,0.22772473394870757,0.23046477288007736,0.2265188664197922,0.23265380710363387,0.2342197686433792,0.237960284948349
1134,0.260314579308033,1134,0.2281099170446396,0.2270002320408821,0.22772473394870757,0.23046477288007736,0.2265188664197922,0.23265380710363387,0.2342197686433792,0.237960284948349
1135,0.260314579308033,1135,0.2281099170446396,0.2270002320408821,0.22772473394870757,0.23046477288007736,0.2265188664197922,0.23265380710363387,0.2342197686433792,0.237960284948349
1136,0.260314579308033,1136,0.2281099170446396,0.2270002320408821,0.22772473394870757,0.23046477288007736,0.2265188664197922,0.23265380710363387,0.2342197686433792,0.237960284948349
1137,0.260314579308033,1137,0.2281099170446396,0.2270002320408821,0.22772473394870757,0.23046477288007736,0.2265188664197922,0.23265380710363387,0.2342197686433792,0.237960284948349
1138,0.260314579308033,1138,0.2281099170446396,0.2270002320408821,0.22772473394870757,0.23046477288007736,0.2265188664197922,0.23265380710363387,0.2342197686433792,0.237960284948349
1139,0.260314579308033,1139,0.2281099170446396,0.2270002320408821,0.22772473394870757,0.23046477288007736,0.2265188664197922,0.23265380710363387,0.2342197686433792,0.237960284948349
1140,0.260314579308033,1140,0.2281099170446396,0.2270002320408821,0.22772473394870757,0.23046477288007736,0.2265188664197922,0.23265380710363387,0.2342197686433792,0.237960284948349
1141,0.260314579308033,1141,0.2281099170446396,0.2270002320408821,0.22772473394870757,0.23046477288007736,0.2265188664197922,0.23265380710363387,0.2342197686433792,0.237960284948349
1142,0.260314579308033,1142,0.2281099170446396,0.2270002320408821,0.22772473394870757,0.23046477288007736,0.2265188664197922,0.23265380710363387,0.2342197686433792,0.237960284948349
1143,0.260314579308033,1143,0.2281099170446396,0.2270002320408821,0.22772473394870757,0.23046477288007736,0.2265188664197922,0.23265380710363387,0.2342197686433792,0.237960284948349
1144,0.260314579308033,1144,0.2281099170446396,0.2270002320408821,0.22772473394870757,0.23046477288007736,0.2265188664197922,0.23265380710363387,0.2342197686433792,0.237960284948349
1145,0.260314579308033,1145,0.2281099170446396,0.2270002320408821,0.22772473394870757,0.23046477288007736,0.2265188664197922,0.23265380710363387,0.2342197686433792,0.237960284948349
1146,0.260314579308033,1146,0.2281099170446396,0.2270002320408821,0.22772473394870757,0.23046477288007736,0.2265188664197922,0.23265380710363387,0.2342197686433792,0.237960284948349
1147,0.260314579308033,1147,0.2281099170446396,0.2270002320408821,0.22772473394870757,0.23046477288007736,0.2265188664197922,0.23265380710363387,0.2342197686433792,0.237960284948349
1148,0.260314579308033,1148,0.2281099170446396,0.2270002320408821,0.22772473394870757,0.23046477288007736,0.2265188664197922,0.23265380710363387,0.2342197686433792,0.237960284948349
1149,0.260314579308033,1149,0.2281099170446396,0.2270002320408821,0.22772473394870757,0.23046477288007736,0.2265188664197922,0.23265380710363387,0.2342197686433792,0.237960284948349
1150,0.260314579308033,1150,0.2281099170446396,0.2270002320408821,0.22772473394870757,0.23046477288007736,0.2265188664197922,0.23265380710363387,0.2342197686433792,0.237960284948349
1151,0.260314579308033,1151,0.2281099170446396,0.2270002320408821,0.22772473394870757,0.23046477288007736,0.2265188664197922,0.23265380710363387,0.2342197686433792,0.237960284948349
1152,0.260314579308033,1152,0.2281099170446396,0.2270002320408821,0.22772473394870757,0.23046477288007736,0.2265188664197922,0.23265380710363387,0.2342197686433792,0.237960284948349
1153,0.260314579308033,1153,0.2281099170446396,0.2270002320408821,0.22772473394870757,0.23046477288007736,0.2265188664197922,0.23265380710363387,0.2342197686433792,0.237960284948349
1154,0.260314579308033,1154,0.2281099170446396,0.2270002320408821,0.22772473394870757,0.23046477288007736,0.2265188664197922,0.23265380710363387,0.2342197686433792,0.237960284948349
1155,0.260314579308033,1155,0.2281099170446396,0.2270002320408821,0.22772473394870757,0.23046477288007736,0.2265188664197922,0.23265380710363387,0.2342197686433792,0.237960284948349
1156,0.260314579308033,1156,0.2281099170446396,0.2270002320408821,0.22772473394870757,0.23046477288007736,0.2265188664197922,0.23265380710363387,0.2342197686433792,0.237960284948349
1157,0.260314579308033,1157,0.2281099170446396,0.2270002320408821,0.22772473394870757,0.23046477288007736,0.2265188664197922,0.23265380710363387,0.2342197686433792,0.237960284948349
1158,0.260314579308033,1158,0.2281099170446396,0.2270002320408821,0.22772473394870757,0.23046477288007736,0.2265188664197922,0.23265380710363387,0.2342197686433792,0.237960284948349
1159,0.260314579308033,1159,0.2281099170446396,0.2270002320408821,0.22772473394870757,0.23046477288007736,0.2265188664197922,0.23265380710363387,0.2342197686433792,0.237960284948349
1160,0.260314579308033,1160,0.2281099170446396,0.2270002320408821,0.22772473394870757,0.23046477288007736,0.2265188664197922,0.23265380710363387,0.2342197686433792,0.237960284948349
1161,0.260314579308033,1161,0.2281099170446396,0.2270002320408821,0.22772473394870757,0.23046477288007736,0.2265188664197922,0.23265380710363387,0.2342197686433792,0.237960284948349
1162,0.260314579308033,1162,0.2281099170446396,0.2270002320408821,0.22772473394870757,0.23046477288007736,0.2265188664197922,0.23265380710363387,0.2342197686433792,0.237960284948349
1163,0.260314579308033,1163,0.2281099170446396,0.2270002320408821,0.22772473394870757,0.23046477288007736,0.2265188664197922,0.23265380710363387,0.2342197686433792,0.237960284948349
1164,0.260314579308033,1164,0.2281099170446396,0.2270002320408821,0.22772473394870757,0.23046477288007736,0.2265188664197922,0.23265380710363387,0.2342197686433792,0.237960284948349
1165,0.260314579308033,1165,0.2281099170446396,0.2270002320408821,0.22772473394870757,0.23046477288007736,0.2265188664197922,0.23265380710363387,0.2342197686433792,0.237960284948349
1166,0.260314579308033,1166,0.2281099170446396,0.2270002320408821,0.22772473394870757,0.23046477288007736,0.2265188664197922,0.23265380710363387,0.2342197686433792,0.237960284948349
1167,0.260314579308033,1167,0.2281099170446396,0.2270002320408821,0.22772473394870757,0.23046477288007736,0.2265188664197922,0.23265380710363387,0.2342197686433792,0.237960284948349
1168,0.260314579308033,1168,0.2281099170446396,0.2270002320408821,0.22772473394870757,0.23046477288007736,0.2265188664197922,0.23265380710363387,0.2342197686433792,0.237960284948349
1169,0.260314579308033,1169,0.2281099170446396,0.2270002320408821,0.22772473394870757,0.23046477288007736,0.2265188664197922,0.23265380710363387,0.2342197686433792,0.237960284948349
1170,0.260314579308033,1170,0.2281099170446396,0.2270002320408821,0.22772473394870757,0.23046477288007736,0.2265188664197922,0.23265380710363387,0.2342197686433792,0.237960284948349
1171,0.260314579308033,1171,0.2281099170446396,0.2270002320408821,0.22772473394870757,0.23046477288007736,0.2265188664197922,0.23265380710363387,0.2342197686433792,0.237960284948349
1172,0.260314579308033,1172,0.2281099170446396,0.2270002320408821,0.22772473394870757,0.23046477288007736,0.2265188664197922,0.23265380710363387,0.2342197686433792,0.237960284948349
1173,0.260314579308033,1173,0.2281099170446396,0.2270002320408821,0.22772473394870757,0.23046477288007736,0.2265188664197922,0.23265380710363387,0.2342197686433792,0.237960284948349
1174,0.260314579308033,1174,0.2281099170446396,0.2270002320408821,0.22772473394870757,0.23046477288007736,0.2265188664197922,0.23265380710363387,0.2342197686433792,0.237960284948349
1175,0.260314579308033,1175,0.2281099170446396,0.2270002320408821,0.22772473394870757,0.23046477288007736,0.2265188664197922,0.23265380710363387,0.2342197686433792,0.237960284948349
1176,0.260314579308033,1176,0.2281099170446396,0.2270002320408821,0.22772473394870757,0.23046477288007736,0.2265188664197922,0.23265380710363387,0.2342197686433792,0.237960284948349
1177,0.260314579308033,1177,0.2281099170446396,0.2270002320408821,0.22772473394870757,0.23046477288007736,0.2265188664197922,0.23265380710363387,0.2342197686433792,0.237960284948349
1178,0.260314579308033,1178,0.2281099170446396,0.2270002320408821,0.22772473394870757,0.23046477288007736,0.2265188664197922,0.23265380710363387,0.2342197686433792,0.237960284948349
1179,0.260314579308033,1179,0.2281099170446396,0.2270002320408821,0.22772473394870757,0.23046477288007736,0.2265188664197922,0.23265380710363387,0.2342197686433792,0.237960284948349
1180,0.260314579308033,1180,0.2281099170446396,0.2270002320408821,0.22772473394870757,0.23046477288007736,0.2265188664197922,0.23265380710363387,0.2342197686433792,0.237960284948349
1181,0.260314579308033,1181,0.2281099170446396,0.2270002320408821,0.22772473394870757,0.23046477288007736,0.2265188664197922,0.23265380710363387,0.2342197686433792,0.237960284948349
1182,0.260314579308033,1182,0.2281099170446396,0.2270002320408821,0.22772473394870757,0.23046477288007736,0.2265188664197922,0.23265380710363387,0.2342197686433792,0.237960284948349
1183,0.260314579308033,1183,0.2281099170446396,0.2270002320408821,0.22772473394870757,0.23046477288007736,0.2265188664197922,0.23265380710363387,0.2342197686433792,0.237960284948349
1184,0.260314579308033,1184,0.2281099170446396,0.2270002320408821,0.22772473394870757,0.23046477288007736,0.2265188664197922,0.23265380710363387,0.2342197686433792,0.237960284948349
1185,0.260314579308033,1185,0.2281099170446396,0.2270002320408821,0.22772473394870757,0.23046477288007736,0.2265188664197922,0.23265380710363387,0.2342197686433792,0.237960284948349
1186,0.260314579308033,1186,0.2281099170446396,0.2270002320408821,0.22772473394870757,0.23046477288007736,0.2265188664197922,0.23265380710363387,0.2342197686433792,0.237960284948349
1187,0.260314579308033,1187,0.2281099170446396,0.2270002320408821,0.22772473394870757,0.23046477288007736,0.2265188664197922,0.23265380710363387,0.2342197686433792,0.237960284948349
1188,0.260314579308033,1188,0.2281099170446396,0.2270002320408821,0.22772473394870757,0.23046477288007736,0.2265188664197922,0.23265380710363387,0.2342197686433792,0.237960284948349
1189,0.260314579308033,1189,0.2281099170446396,0.2270002320408821,0.22772473394870757,0.23046477288007736,0.2265188664197922,0.23265380710363387,0.2342197686433792,0.237960284948349
1190,0.260314579308033,1190,0.2281099170446396,0.2270002320408821,0.22772473394870757,0.23046477288007736,0.2265188664197922,0.23265380710363387,0.2342197686433792,0.237960284948349
1191,0.260314579308033,1191,0.2281099170446396,0.2270002320408821,0.22772473394870757,0.23046477288007736,0.2265188664197922,0.23265380710363387,0.2342197686433792,0.237960284948349
1192,0.260314579308033,1192,0.2281099170446396,0.2270002320408821,0.22772473394870757,0.23046477288007736,0.2265188664197922,0.23265380710363387,0.2342197686433792,0.237960284948349
1193,0.260314579308033,1193,0.2281099170446396,0.2270002320408821,0.22772473394870757,0.23046477288007736,0.2265188664197922,0.23265380710363387,0.2342197686433792,0.237960284948349
1194,0.260314579308033,1194,0.2281099170446396,0.2270002320408821,0.22772473394870757,0.23046477288007736,0.2265188664197922,0.23265380710363387,0.2342197686433792,0.237960284948349
1195,0.260314579308033,1195,0.2281099170446396,0.2270002320408821,0.22772473394870757,0.23046477288007736,0.2265188664197922,0.23265380710363387,0.2342197686433792,0.237960284948349
1196,0.260314579308033,1196,0.2281099170446396,0.2270002320408821,0.22772473394870757,0.23046477288007736,0.2265188664197922,0.23265380710363387,0.2342197686433792,0.237960284948349
1197,0.260314579308033,1197,0.2281099170446396,0.2270002320408821,0.22772473394870757,0.23046477288007736,0.2265188664197922,0.23265380710363387,0.2342197686433792,0.237960284948349
1198,0.260314579308033,1198,0.2281099170446396,0.2270002320408821,0.22772473394870757,0.23046477288007736,0.2265188664197922,0.23265380710363387,0.2342197686433792,0.237960284948349
1199,0.260314579308033,1199,0.2281099170446396,0.2270002320408821,0.22772473394870757,0.23046477288007736,0.2265188664197922,0.23265380710363387,0.2342197686433792,0.237960284948349
1200,0.260314579308033,1200,0.2281099170446396,0.2270002320408821,0.22772473394870757,0.23046477288007736,0.2265188664197922,0.23265380710363387,0.2342197686433792,0.237960284948349
1201,0.260314579308033,1201,0.2281099170446396,0.2270002320408821,0.22772473394870757,0.23046477288007736,0.2265188664197922,0.23265380710363387,0.2342197686433792,0.237960284948349
1202,0.260314579308033,1202,0.2281099170446396,0.2270002320408821,0.22772473394870757,0.23046477288007736,0.2265188664197922,0.23265380710363387,0.2342197686433792,0.237960284948349
1203,0.260314579308033,1203,0.2281099170446396,0.2270002320408821,0.22772473394870757,0.23046477288007736,0.2265188664197922,0.23265380710363387,0.2342197686433792,0.237960284948349
1204,0.260314579308033,1204,0.2281099170446396,0.2270002320408821,0.22772473394870757,0.23046477288007736,0.2265188664197922,0.23265380710363387,0.2342197686433792,0.237960284948349
1205,0.260314579308033,1205,0.2281099170446396,0.2270002320408821,0.22772473394870757,0.23046477288007736,0.2265188664197922,0.23265380710363387,0.2342197686433792,0.237960284948349
1206,0.260314579308033,1206,0.2281099170446396,0.2270002320408821,0.22772473394870757,0.23046477288007736,0.2265188664197922,0.23265380710363387,0.2342197686433792,0.237960284948349
1207,0.260314579308033,1207,0.2281099170446396,0.2270002320408821,0.22772473394870757,0.23046477288007736,0.2265188664197922,0.23265380710363387,0.2342197686433792,0.237960284948349
1208,0.260314579308033,1208,0.2281099170446396,0.2270002320408821,0.22772473394870757,0.23046477288007736,0.2265188664197922,0.23265380710363387,0.2342197686433792,0.237960284948349
1209,0.260314579308033,1209,0.2281099170446396,0.2270002320408821,0.22772473394870757,0.23046477288007736,0.2265188664197922,0.23265380710363387,0.2342197686433792,0.237960284948349
1210,0.260314579308033,1210,0.2281099170446396,0.2270002320408821,0.22772473394870757,0.23046477288007736,0.2265188664197922,0.23265380710363387,0.2342197686433792,0.237960284948349
1211,0.260314579308033,1211,0.2281099170446396,0.2270002320408821,0.22772473394870757,0.23046477288007736,0.2265188664197922,0.23265380710363387,0.2342197686433792,0.237960284948349
1212,0.260314579308033,1212,0.2281099170446396,0.2270002320408821,0.22772473394870757,0.23046477288007736,0.2265188664197922,0.23265380710363387,0.2342197686433792,0.237960284948349
1213,0.260314579308033,1213,0.2281099170446396,0.2270002320408821,0.22772473394870757,0.23046477288007736,0.2265188664197922,0.23265380710363387,0.2342197686433792,0.237960284948349
1214,0.260314579308033,1214,0.2281099170446396,0.2270002320408821,0.22772473394870757,0.23046477288007736,0.2265188664197922,0.23265380710363387,0.2342197686433792,0.237960284948349
1215,0.260314579308033,1215,0.2281099170446396,0.2270002320408821,0.22772473394870757,0.23046477288007736,0.2265188664197922,0.23265380710363387,0.2342197686433792,0.237960284948349
1216,0.260314579308033,1216,0.2281099170446396,0.2270002320408821,0.22772473394870757,0.23046477288007736,0.2265188664197922,0.23265380710363387,0.2342197686433792,0.237960284948349
1217,0.260314579308033,1217,0.2281099170446396,0.2270002320408821,0.22772473394870757,0.23046477288007736,0.2265188664197922,0.23265380710363387,0.2342197686433792,0.237960284948349
1218,0.260314579308033,1218,0.2281099170446396,0.2270002320408821,0.22772473394870757,0.23046477288007736,0.2265188664197922,0.23265380710363387,0.2342197686433792,0.237960284948349
1219,0.260314579308033,1219,0.2281099170446396,0.2270002320408821,0.22772473394870757,0.23046477288007736,0.2265188664197922,0.23265380710363387,0.2342197686433792,0.237960284948349
1220,0.260314579308033,1220,0.2281099170446396,0.2270002320408821,0.22772473394870757,0.23046477288007736,0.2265188664197922,0.23265380710363387,0.2342197686433792,0.237960284948349
1221,0.260314579308033,1221,0.2281099170446396,0.2270002320408821,0.22772473394870757,0.23046477288007736,0.2265188664197922,0.23265380710363387,0.2342197686433792,0.237960284948349
1222,0.260314579308033,1222,0.2281099170446396,0.2270002320408821,0.22772473394870757,0.23046477288007736,0.2265188664197922,0.23265380710363387,0.2342197686433792,0.237960284948349
1223,0.260314579308033,1223,0.2281099170446396,0.2270002320408821,0.22772473394870757,0.23046477288007736,0.2265188664197922,0.23265380710363387,0.2342197686433792,0.237960284948349
1224,0.260314579308033,1224,0.2281099170446396,0.2270002320408821,0.22772473394870757,0.23046477288007736,0.2265188664197922,0.23265380710363387,0.2342197686433792,0.237960284948349
1225,0.260314579308033,1225,0.2281099170446396,0.2270002320408821,0.22772473394870757,0.23046477288007736,0.2265188664197922,0.23265380710363387,0.2342197686433792,0.237960284948349
1226,0.260314579308033,1226,0.2281099170446396,0.2270002320408821,0.22772473394870757,0.23046477288007736,0.2265188664197922,0.23265380710363387,0.2342197686433792,0.237960284948349
1227,0.260314579308033,1227,0.2281099170446396,0.2270002320408821,0.22772473394870757,0.23046477288007736,0.2265188664197922,0.23265380710363387,0.2342197686433792,0.237960284948349
1228,0.260314579308033,1228,0.2281099170446396,0.2270002320408821,0.22772473394870757,0.23046477288007736,0.2265188664197922,0.23265380710363387,0.2342197686433792,0.237960284948349
1229,0.260314579308033,1229,0.2281099170446396,0.2270002320408821,0.22772473394870757,0.23046477288007736,0.2265188664197922,0.23265380710363387,0.2342197686433792,0.237960284948349
1230,0.260314579308033,1230,0.2281099170446396,0.2270002320408821,0.22772473394870757,0.23046477288007736,0.2265188664197922,0.23265380710363387,0.2342197686433792,0.237960284948349
1231,0.260314579308033,1231,0.2281099170446396,0.2270002320408821,0.22772473394870757,0.23046477288007736,0.2265188664197922,0.23265380710363387,0.2342197686433792,0.237960284948349
1232,0.260314579308033,1232,0.2281099170446396,0.2270002320408821,0.22772473394870757,0.23046477288007736,0.2265188664197922,0.23265380710363387,0.2342197686433792,0.237960284948349
1233,0.260314579308033,1233,0.2281099170446396,0.2270002320408821,0.22772473394870757,0.23046477288007736,0.2265188664197922,0.23265380710363387,0.2342197686433792,0.237960284948349
1234,0.260314579308033,1234,0.2281099170446396,0.2270002320408821,0.22772473394870757,0.23046477288007736,0.2265188664197922,0.23265380710363387,0.2342197686433792,0.237960284948349
1235,0.260314579308033,1235,0.2281099170446396,0.2270002320408821,0.22772473394870757,0.23046477288007736,0.2265188664197922,0.23265380710363387,0.2342197686433792,0.237960284948349
1236,0.260314579308033,1236,0.2281099170446396,0.2270002320408821,0.22772473394870757,0.23046477288007736,0.2265188664197922,0.23265380710363387,0.2342197686433792,0.237960284948349
1237,0.260314579308033,1237,0.2281099170446396,0.2270002320408821,0.22772473394870757,0.23046477288007736,0.2265188664197922,0.23265380710363387,0.2342197686433792,0.237960284948349
1238,0.260314579308033,1238,0.2281099170446396,0.2270002320408821,0.22772473394870757,0.23046477288007736,0.2265188664197922,0.23265380710363387,0.2342197686433792,0.237960284948349
1239,0.260314579308033,1239,0.2281099170446396,0.2270002320408821,0.22772473394870757,0.23046477288007736,0.2265188664197922,0.23265380710363387,0.2342197686433792,0.237960284948349
1240,0.260314579308033,1240,0.2281099170446396,0.2270002320408821,0.22772473394870757,0.23046477288007736,0.2265188664197922,0.23265380710363387,0.2342197686433792,0.237960284948349
1241,0.260314579308033,1241,0.2281099170446396,0.2270002320408821,0.22772473394870757,0.23046477288007736,0.2265188664197922,0.23265380710363387,0.2342197686433792,0.237960284948349
1242,0.260314579308033,1242,0.2281099170446396,0.2270002320408821,0.22772473394870757,0.23046477288007736,0.2265188664197922,0.23265380710363387,0.2342197686433792,0.237960284948349
1243,0.260314579308033,1243,0.2281099170446396,0.2270002320408821,0.22772473394870757,0.23046477288007736,0.2265188664197922,0.23265380710363387,0.2342197686433792,0.237960284948349
1244,0.260314579308033,1244,0.2281099170446396,0.2270002320408821,0.22772473394870757,0.23046477288007736,0.2265188664197922,0.23265380710363387,0.2342197686433792,0.237960284948349
1245,0.260314579308033,1245,0.2281099170446396,0.2270002320408821,0.22772473394870757,0.23046477288007736,0.2265188664197922,0.23265380710363387,0.2342197686433792,0.237960284948349
1246,0.260314579308033,1246,0.2281099170446396,0.2270002320408821,0.22772473394870757,0.23046477288007736,0.2265188664197922,0.23265380710363387,0.2342197686433792,0.237960284948349
1247,0.260314579308033,1247,0.2281099170446396,0.2270002320408821,0.22772473394870757,0.23046477288007736,0.2265188664197922,0.23265380710363387,0.2342197686433792,0.237960284948349
1248,0.260314579308033,1248,0.2281099170446396,0.2270002320408821,0.22772473394870757,0.23046477288007736,0.2265188664197922,0.23265380710363387,0.2342197686433792,0.237960284948349
1249,0.260314579308033,1249,0.2281099170446396,0.2270002320408821,0.22772473394870757,0.23046477288007736,0.2265188664197922,0.23265380710363387,0.2342197686433792,0.237960284948349
1250,0.2611064076423645,1250,0.2269590064883232,0.22703462094068527,0.22926526814699172,0.22957494705915452,0.22718636989593505,0.23494579792022705,0.23787716925144195,0.23677719682455062
1251,0.2611064076423645,1251,0.2269590064883232,0.22703462094068527,0.22926526814699172,0.22957494705915452,0.22718636989593505,0.23494579792022705,0.23787716925144195,0.23677719682455062
1252,0.2611064076423645,1252,0.2269590064883232,0.22703462094068527,0.22926526814699172,0.22957494705915452,0.22718636989593505,0.23494579792022705,0.23787716925144195,0.23677719682455062
1253,0.2611064076423645,1253,0.2269590064883232,0.22703462094068527,0.22926526814699172,0.22957494705915452,0.22718636989593505,0.23494579792022705,0.23787716925144195,0.23677719682455062
1254,0.2611064076423645,1254,0.2269590064883232,0.22703462094068527,0.22926526814699172,0.22957494705915452,0.22718636989593505,0.23494579792022705,0.23787716925144195,0.23677719682455062
1255,0.2611064076423645,1255,0.2269590064883232,0.22703462094068527,0.22926526814699172,0.22957494705915452,0.22718636989593505,0.23494579792022705,0.23787716925144195,0.23677719682455062
1256,0.2611064076423645,1256,0.2269590064883232,0.22703462094068527,0.22926526814699172,0.22957494705915452,0.22718636989593505,0.23494579792022705,0.23787716925144195,0.23677719682455062
1257,0.2611064076423645,1257,0.2269590064883232,0.22703462094068527,0.22926526814699172,0.22957494705915452,0.22718636989593505,0.23494579792022705,0.23787716925144195,0.23677719682455062
1258,0.2611064076423645,1258,0.2269590064883232,0.22703462094068527,0.22926526814699172,0.22957494705915452,0.22718636989593505,0.23494579792022705,0.23787716925144195,0.23677719682455062
1259,0.2611064076423645,1259,0.2269590064883232,0.22703462094068527,0.22926526814699172,0.22957494705915452,0.22718636989593505,0.23494579792022705,0.23787716925144195,0.23677719682455062
1260,0.2611064076423645,1260,0.2269590064883232,0.22703462094068527,0.22926526814699172,0.22957494705915452,0.22718636989593505,0.23494579792022705,0.23787716925144195,0.23677719682455062
1261,0.2611064076423645,1261,0.2269590064883232,0.22703462094068527,0.22926526814699172,0.22957494705915452,0.22718636989593505,0.23494579792022705,0.23787716925144195,0.23677719682455062
1262,0.2611064076423645,1262,0.2269590064883232,0.22703462094068527,0.22926526814699172,0.22957494705915452,0.22718636989593505,0.23494579792022705,0.23787716925144195,0.23677719682455062
1263,0.2611064076423645,1263,0.2269590064883232,0.22703462094068527,0.22926526814699172,0.22957494705915452,0.22718636989593505,0.23494579792022705,0.23787716925144195,0.23677719682455062
1264,0.2611064076423645,1264,0.2269590064883232,0.22703462094068527,0.22926526814699172,0.22957494705915452,0.22718636989593505,0.23494579792022705,0.23787716925144195,0.23677719682455062
1265,0.2611064076423645,1265,0.2269590064883232,0.22703462094068527,0.22926526814699172,0.22957494705915452,0.22718636989593505,0.23494579792022705,0.23787716925144195,0.23677719682455062
1266,0.2611064076423645,1266,0.2269590064883232,0.22703462094068527,0.22926526814699172,0.22957494705915452,0.22718636989593505,0.23494579792022705,0.23787716925144195,0.23677719682455062
1267,0.2611064076423645,1267,0.2269590064883232,0.22703462094068527,0.22926526814699172,0.22957494705915452,0.22718636989593505,0.23494579792022705,0.23787716925144195,0.23677719682455062
1268,0.2611064076423645,1268,0.2269590064883232,0.22703462094068527,0.22926526814699172,0.22957494705915452,0.22718636989593505,0.23494579792022705,0.23787716925144195,0.23677719682455062
1269,0.2611064076423645,1269,0.2269590064883232,0.22703462094068527,0.22926526814699172,0.22957494705915452,0.22718636989593505,0.23494579792022705,0.23787716925144195,0.23677719682455062
1270,0.2611064076423645,1270,0.2269590064883232,0.22703462094068527,0.22926526814699172,0.22957494705915452,0.22718636989593505,0.23494579792022705,0.23787716925144195,0.23677719682455062
1271,0.2611064076423645,1271,0.2269590064883232,0.22703462094068527,0.22926526814699172,0.22957494705915452,0.22718636989593505,0.23494579792022705,0.23787716925144195,0.23677719682455062
1272,0.2611064076423645,1272,0.2269590064883232,0.22703462094068527,0.22926526814699172,0.22957494705915452,0.22718636989593505,0.23494579792022705,0.23787716925144195,0.23677719682455062
1273,0.2611064076423645,1273,0.2269590064883232,0.22703462094068527,0.22926526814699172,0.22957494705915452,0.22718636989593505,0.23494579792022705,0.23787716925144195,0.23677719682455062
1274,0.2611064076423645,1274,0.2269590064883232,0.22703462094068527,0.22926526814699172,0.22957494705915452,0.22718636989593505,0.23494579792022705,0.23787716925144195,0.23677719682455062
1275,0.2611064076423645,1275,0.2269590064883232,0.22703462094068527,0.22926526814699172,0.22957494705915452,0.22718636989593505,0.23494579792022705,0.23787716925144195,0.23677719682455062
1276,0.2611064076423645,1276,0.2269590064883232,0.22703462094068527,0.22926526814699172,0.22957494705915452,0.22718636989593505,0.23494579792022705,0.23787716925144195,0.23677719682455062
1277,0.2611064076423645,1277,0.2269590064883232,0.22703462094068527,0.22926526814699172,0.22957494705915452,0.22718636989593505,0.23494579792022705,0.23787716925144195,0.23677719682455062
1278,0.2611064076423645,1278,0.2269590064883232,0.22703462094068527,0.22926526814699172,0.22957494705915452,0.22718636989593505,0.23494579792022705,0.23787716925144195,0.23677719682455062
1279,0.2611064076423645,1279,0.2269590064883232,0.22703462094068527,0.22926526814699172,0.22957494705915452,0.22718636989593505,0.23494579792022705,0.23787716925144195,0.23677719682455062
1280,0.2611064076423645,1280,0.2269590064883232,0.22703462094068527,0.22926526814699172,0.22957494705915452,0.22718636989593505,0.23494579792022705,0.23787716925144195,0.23677719682455062
1281,0.2611064076423645,1281,0.2269590064883232,0.22703462094068527,0.22926526814699172,0.22957494705915452,0.22718636989593505,0.23494579792022705,0.23787716925144195,0.23677719682455062
1282,0.2611064076423645,1282,0.2269590064883232,0.22703462094068527,0.22926526814699172,0.22957494705915452,0.22718636989593505,0.23494579792022705,0.23787716925144195,0.23677719682455062
1283,0.2611064076423645,1283,0.2269590064883232,0.22703462094068527,0.22926526814699172,0.22957494705915452,0.22718636989593505,0.23494579792022705,0.23787716925144195,0.23677719682455062
1284,0.2611064076423645,1284,0.2269590064883232,0.22703462094068527,0.22926526814699172,0.22957494705915452,0.22718636989593505,0.23494579792022705,0.23787716925144195,0.23677719682455062
1285,0.2611064076423645,1285,0.2269590064883232,0.22703462094068527,0.22926526814699172,0.22957494705915452,0.22718636989593505,0.23494579792022705,0.23787716925144195,0.23677719682455062
1286,0.2611064076423645,1286,0.2269590064883232,0.22703462094068527,0.22926526814699172,0.22957494705915452,0.22718636989593505,0.23494579792022705,0.23787716925144195,0.23677719682455062
1287,0.2611064076423645,1287,0.2269590064883232,0.22703462094068527,0.22926526814699172,0.22957494705915452,0.22718636989593505,0.23494579792022705,0.23787716925144195,0.23677719682455062
1288,0.2611064076423645,1288,0.2269590064883232,0.22703462094068527,0.22926526814699172,0.22957494705915452,0.22718636989593505,0.23494579792022705,0.23787716925144195,0.23677719682455062
1289,0.2611064076423645,1289,0.2269590064883232,0.22703462094068527,0.22926526814699172,0.22957494705915452,0.22718636989593505,0.23494579792022705,0.23787716925144195,0.23677719682455062
1290,0.2611064076423645,1290,0.2269590064883232,0.22703462094068527,0.22926526814699172,0.22957494705915452,0.22718636989593505,0.23494579792022705,0.23787716925144195,0.23677719682455062
1291,0.2611064076423645,1291,0.2269590064883232,0.22703462094068527,0.22926526814699172,0.22957494705915452,0.22718636989593505,0.23494579792022705,0.23787716925144195,0.23677719682455062
1292,0.2611064076423645,1292,0.2269590064883232,0.22703462094068527,0.22926526814699172,0.22957494705915452,0.22718636989593505,0.23494579792022705,0.23787716925144195,0.23677719682455062
1293,0.2611064076423645,1293,0.2269590064883232,0.22703462094068527,0.22926526814699172,0.22957494705915452,0.22718636989593505,0.23494579792022705,0.23787716925144195,0.23677719682455062
1294,0.2611064076423645,1294,0.2269590064883232,0.22703462094068527,0.22926526814699172,0.22957494705915452,0.22718636989593505,0.23494579792022705,0.23787716925144195,0.23677719682455062
1295,0.2611064076423645,1295,0.2269590064883232,0.22703462094068527,0.22926526814699172,0.22957494705915452,0.22718636989593505,0.23494579792022705,0.23787716925144195,0.23677719682455062
1296,0.2611064076423645,1296,0.2269590064883232,0.22703462094068527,0.22926526814699172,0.22957494705915452,0.22718636989593505,0.23494579792022705,0.23787716925144195,0.23677719682455062
1297,0.2611064076423645,1297,0.2269590064883232,0.22703462094068527,0.22926526814699172,0.22957494705915452,0.22718636989593505,0.23494579792022705,0.23787716925144195,0.23677719682455062
1298,0.2611064076423645,1298,0.2269590064883232,0.22703462094068527,0.22926526814699172,0.22957494705915452,0.22718636989593505,0.23494579792022705,0.23787716925144195,0.23677719682455062
1299,0.2611064076423645,1299,0.2269590064883232,0.22703462094068527,0.22926526814699172,0.22957494705915452,0.22718636989593505,0.23494579792022705,0.23787716925144195,0.23677719682455062
1300,0.2611064076423645,1300,0.2269590064883232,0.22703462094068527,0.22926526814699172,0.22957494705915452,0.22718636989593505,0.23494579792022705,0.23787716925144195,0.23677719682455062
1301,0.2611064076423645,1301,0.2269590064883232,0.22703462094068527,0.22926526814699172,0.22957494705915452,0.22718636989593505,0.23494579792022705,0.23787716925144195,0.23677719682455062
1302,0.2611064076423645,1302,0.2269590064883232,0.22703462094068527,0.22926526814699172,0.22957494705915452,0.22718636989593505,0.23494579792022705,0.23787716925144195,0.23677719682455062
1303,0.2611064076423645,1303,0.2269590064883232,0.22703462094068527,0.22926526814699172,0.22957494705915452,0.22718636989593505,0.23494579792022705,0.23787716925144195,0.23677719682455062
1304,0.2611064076423645,1304,0.2269590064883232,0.22703462094068527,0.22926526814699172,0.22957494705915452,0.22718636989593505,0.23494579792022705,0.23787716925144195,0.23677719682455062
1305,0.2611064076423645,1305,0.2269590064883232,0.22703462094068527,0.22926526814699172,0.22957494705915452,0.22718636989593505,0.23494579792022705,0.23787716925144195,0.23677719682455062
1306,0.2611064076423645,1306,0.2269590064883232,0.22703462094068527,0.22926526814699172,0.22957494705915452,0.22718636989593505,0.23494579792022705,0.23787716925144195,0.23677719682455062
1307,0.2611064076423645,1307,0.2269590064883232,0.22703462094068527,0.22926526814699172,0.22957494705915452,0.22718636989593505,0.23494579792022705,0.23787716925144195,0.23677719682455062
1308,0.2611064076423645,1308,0.2269590064883232,0.22703462094068527,0.22926526814699172,0.22957494705915452,0.22718636989593505,0.23494579792022705,0.23787716925144195,0.23677719682455062
1309,0.2611064076423645,1309,0.2269590064883232,0.22703462094068527,0.22926526814699172,0.22957494705915452,0.22718636989593505,0.23494579792022705,0.23787716925144195,0.23677719682455062
1310,0.2611064076423645,1310,0.2269590064883232,0.22703462094068527,0.22926526814699172,0.22957494705915452,0.22718636989593505,0.23494579792022705,0.23787716925144195,0.23677719682455062
1311,0.2611064076423645,1311,0.2269590064883232,0.22703462094068527,0.22926526814699172,0.22957494705915452,0.22718636989593505,0.23494579792022705,0.23787716925144195,0.23677719682455062
1312,0.2611064076423645,1312,0.2269590064883232,0.22703462094068527,0.22926526814699172,0.22957494705915452,0.22718636989593505,0.23494579792022705,0.23787716925144195,0.23677719682455062
1313,0.2611064076423645,1313,0.2269590064883232,0.22703462094068527,0.22926526814699172,0.22957494705915452,0.22718636989593505,0.23494579792022705,0.23787716925144195,0.23677719682455062
1314,0.2611064076423645,1314,0.2269590064883232,0.22703462094068527,0.22926526814699172,0.22957494705915452,0.22718636989593505,0.23494579792022705,0.23787716925144195,0.23677719682455062
1315,0.2611064076423645,1315,0.2269590064883232,0.22703462094068527,0.22926526814699172,0.22957494705915452,0.22718636989593505,0.23494579792022705,0.23787716925144195,0.23677719682455062
1316,0.2611064076423645,1316,0.2269590064883232,0.22703462094068527,0.22926526814699172,0.22957494705915452,0.22718636989593505,0.23494579792022705,0.23787716925144195,0.23677719682455062
1317,0.2611064076423645,1317,0.2269590064883232,0.22703462094068527,0.22926526814699172,0.22957494705915452,0.22718636989593505,0.23494579792022705,0.23787716925144195,0.23677719682455062
1318,0.2611064076423645,1318,0.2269590064883232,0.22703462094068527,0.22926526814699172,0.22957494705915452,0.22718636989593505,0.23494579792022705,0.23787716925144195,0.23677719682455062
1319,0.2611064076423645,1319,0.2269590064883232,0.22703462094068527,0.22926526814699172,0.22957494705915452,0.22718636989593505,0.23494579792022705,0.23787716925144195,0.23677719682455062
1320,0.2611064076423645,1320,0.2269590064883232,0.22703462094068527,0.22926526814699172,0.22957494705915452,0.22718636989593505,0.23494579792022705,0.23787716925144195,0.23677719682455062
1321,0.2611064076423645,1321,0.2269590064883232,0.22703462094068527,0.22926526814699172,0.22957494705915452,0.22718636989593505,0.23494579792022705,0.23787716925144195,0.23677719682455062
1322,0.2611064076423645,1322,0.2269590064883232,0.22703462094068527,0.22926526814699172,0.22957494705915452,0.22718636989593505,0.23494579792022705,0.23787716925144195,0.23677719682455062
1323,0.2611064076423645,1323,0.2269590064883232,0.22703462094068527,0.22926526814699172,0.22957494705915452,0.22718636989593505,0.23494579792022705,0.23787716925144195,0.23677719682455062
1324,0.2611064076423645,1324,0.2269590064883232,0.22703462094068527,0.22926526814699172,0.22957494705915452,0.22718636989593505,0.23494579792022705,0.23787716925144195,0.23677719682455062
1325,0.2611064076423645,1325,0.2269590064883232,0.22703462094068527,0.22926526814699172,0.22957494705915452,0.22718636989593505,0.23494579792022705,0.23787716925144195,0.23677719682455062
1326,0.2611064076423645,1326,0.2269590064883232,0.22703462094068527,0.22926526814699172,0.22957494705915452,0.22718636989593505,0.23494579792022705,0.23787716925144195,0.23677719682455062
1327,0.2611064076423645,1327,0.2269590064883232,0.22703462094068527,0.22926526814699172,0.22957494705915452,0.22718636989593505,0.23494579792022705,0.23787716925144195,0.23677719682455062
1328,0.2611064076423645,1328,0.2269590064883232,0.22703462094068527,0.22926526814699172,0.22957494705915452,0.22718636989593505,0.23494579792022705,0.23787716925144195,0.23677719682455062
1329,0.2611064076423645,1329,0.2269590064883232,0.22703462094068527,0.22926526814699172,0.22957494705915452,0.22718636989593505,0.23494579792022705,0.23787716925144195,0.23677719682455062
1330,0.2611064076423645,1330,0.2269590064883232,0.22703462094068527,0.22926526814699172,0.22957494705915452,0.22718636989593505,0.23494579792022705,0.23787716925144195,0.23677719682455062
1331,0.2611064076423645,1331,0.2269590064883232,0.22703462094068527,0.22926526814699172,0.22957494705915452,0.22718636989593505,0.23494579792022705,0.23787716925144195,0.23677719682455062
1332,0.2611064076423645,1332,0.2269590064883232,0.22703462094068527,0.22926526814699172,0.22957494705915452,0.22718636989593505,0.23494579792022705,0.23787716925144195,0.23677719682455062
1333,0.2611064076423645,1333,0.2269590064883232,0.22703462094068527,0.22926526814699172,0.22957494705915452,0.22718636989593505,0.23494579792022705,0.23787716925144195,0.23677719682455062
1334,0.2611064076423645,1334,0.2269590064883232,0.22703462094068527,0.22926526814699172,0.22957494705915452,0.22718636989593505,0.23494579792022705,0.23787716925144195,0.23677719682455062
1335,0.2611064076423645,1335,0.2269590064883232,0.22703462094068527,0.22926526814699172,0.22957494705915452,0.22718636989593505,0.23494579792022705,0.23787716925144195,0.23677719682455062
1336,0.2611064076423645,1336,0.2269590064883232,0.22703462094068527,0.22926526814699172,0.22957494705915452,0.22718636989593505,0.23494579792022705,0.23787716925144195,0.23677719682455062
1337,0.2611064076423645,1337,0.2269590064883232,0.22703462094068527,0.22926526814699172,0.22957494705915452,0.22718636989593505,0.23494579792022705,0.23787716925144195,0.23677719682455062
1338,0.2611064076423645,1338,0.2269590064883232,0.22703462094068527,0.22926526814699172,0.22957494705915452,0.22718636989593505,0.23494579792022705,0.23787716925144195,0.23677719682455062
1339,0.2611064076423645,1339,0.2269590064883232,0.22703462094068527,0.22926526814699172,0.22957494705915452,0.22718636989593505,0.23494579792022705,0.23787716925144195,0.23677719682455062
1340,0.2611064076423645,1340,0.2269590064883232,0.22703462094068527,0.22926526814699172,0.22957494705915452,0.22718636989593505,0.23494579792022705,0.23787716925144195,0.23677719682455062
1341,0.2611064076423645,1341,0.2269590064883232,0.22703462094068527,0.22926526814699172,0.22957494705915452,0.22718636989593505,0.23494579792022705,0.23787716925144195,0.23677719682455062
1342,0.2611064076423645,1342,0.2269590064883232,0.22703462094068527,0.22926526814699172,0.22957494705915452,0.22718636989593505,0.23494579792022705,0.23787716925144195,0.23677719682455062
1343,0.2611064076423645,1343,0.2269590064883232,0.22703462094068527,0.22926526814699172,0.22957494705915452,0.22718636989593505,0.23494579792022705,0.23787716925144195,0.23677719682455062
1344,0.2611064076423645,1344,0.2269590064883232,0.22703462094068527,0.22926526814699172,0.22957494705915452,0.22718636989593505,0.23494579792022705,0.23787716925144195,0.23677719682455062
1345,0.2611064076423645,1345,0.2269590064883232,0.22703462094068527,0.22926526814699172,0.22957494705915452,0.22718636989593505,0.23494579792022705,0.23787716925144195,0.23677719682455062
1346,0.2611064076423645,1346,0.2269590064883232,0.22703462094068527,0.22926526814699172,0.22957494705915452,0.22718636989593505,0.23494579792022705,0.23787716925144195,0.23677719682455062
1347,0.2611064076423645,1347,0.2269590064883232,0.22703462094068527,0.22926526814699172,0.22957494705915452,0.22718636989593505,0.23494579792022705,0.23787716925144195,0.23677719682455062
1348,0.2611064076423645,1348,0.2269590064883232,0.22703462094068527,0.22926526814699172,0.22957494705915452,0.22718636989593505,0.23494579792022705,0.23787716925144195,0.23677719682455062
1349,0.2611064076423645,1349,0.2269590064883232,0.22703462094068527,0.22926526814699172,0.22957494705915452,0.22718636989593505,0.23494579792022705,0.23787716925144195,0.23677719682455062
1350,0.2611064076423645,1350,0.2269590064883232,0.22703462094068527,0.22926526814699172,0.22957494705915452,0.22718636989593505,0.23494579792022705,0.23787716925144195,0.23677719682455062
1351,0.2611064076423645,1351,0.2269590064883232,0.22703462094068527,0.22926526814699172,0.22957494705915452,0.22718636989593505,0.23494579792022705,0.23787716925144195,0.23677719682455062
1352,0.2611064076423645,1352,0.2269590064883232,0.22703462094068527,0.22926526814699172,0.22957494705915452,0.22718636989593505,0.23494579792022705,0.23787716925144195,0.23677719682455062
1353,0.2611064076423645,1353,0.2269590064883232,0.22703462094068527,0.22926526814699172,0.22957494705915452,0.22718636989593505,0.23494579792022705,0.23787716925144195,0.23677719682455062
1354,0.2611064076423645,1354,0.2269590064883232,0.22703462094068527,0.22926526814699172,0.22957494705915452,0.22718636989593505,0.23494579792022705,0.23787716925144195,0.23677719682455062
1355,0.2611064076423645,1355,0.2269590064883232,0.22703462094068527,0.22926526814699172,0.22957494705915452,0.22718636989593505,0.23494579792022705,0.23787716925144195,0.23677719682455062
1356,0.2611064076423645,1356,0.2269590064883232,0.22703462094068527,0.22926526814699172,0.22957494705915452,0.22718636989593505,0.23494579792022705,0.23787716925144195,0.23677719682455062
1357,0.2611064076423645,1357,0.2269590064883232,0.22703462094068527,0.22926526814699172,0.22957494705915452,0.22718636989593505,0.23494579792022705,0.23787716925144195,0.23677719682455062
1358,0.2611064076423645,1358,0.2269590064883232,0.22703462094068527,0.22926526814699172,0.22957494705915452,0.22718636989593505,0.23494579792022705,0.23787716925144195,0.23677719682455062
1359,0.2611064076423645,1359,0.2269590064883232,0.22703462094068527,0.22926526814699172,0.22957494705915452,0.22718636989593505,0.23494579792022705,0.23787716925144195,0.23677719682455062
1360,0.2611064076423645,1360,0.2269590064883232,0.22703462094068527,0.22926526814699172,0.22957494705915452,0.22718636989593505,0.23494579792022705,0.23787716925144195,0.23677719682455062
1361,0.2611064076423645,1361,0.2269590064883232,0.22703462094068527,0.22926526814699172,0.22957494705915452,0.22718636989593505,0.23494579792022705,0.23787716925144195,0.23677719682455062
1362,0.2611064076423645,1362,0.2269590064883232,0.22703462094068527,0.22926526814699172,0.22957494705915452,0.22718636989593505,0.23494579792022705,0.23787716925144195,0.23677719682455062
1363,0.2611064076423645,1363,0.2269590064883232,0.22703462094068527,0.22926526814699172,0.22957494705915452,0.22718636989593505,0.23494579792022705,0.23787716925144195,0.23677719682455062
1364,0.2611064076423645,1364,0.2269590064883232,0.22703462094068527,0.22926526814699172,0.22957494705915452,0.22718636989593505,0.23494579792022705,0.23787716925144195,0.23677719682455062
1365,0.2611064076423645,1365,0.2269590064883232,0.22703462094068527,0.22926526814699172,0.22957494705915452,0.22718636989593505,0.23494579792022705,0.23787716925144195,0.23677719682455062
1366,0.2611064076423645,1366,0.2269590064883232,0.22703462094068527,0.22926526814699172,0.22957494705915452,0.22718636989593505,0.23494579792022705,0.23787716925144195,0.23677719682455062
1367,0.2611064076423645,1367,0.2269590064883232,0.22703462094068527,0.22926526814699172,0.22957494705915452,0.22718636989593505,0.23494579792022705,0.23787716925144195,0.23677719682455062
1368,0.2611064076423645,1368,0.2269590064883232,0.22703462094068527,0.22926526814699172,0.22957494705915452,0.22718636989593505,0.23494579792022705,0.23787716925144195,0.23677719682455062
1369,0.2611064076423645,1369,0.2269590064883232,0.22703462094068527,0.22926526814699172,0.22957494705915452,0.22718636989593505,0.23494579792022705,0.23787716925144195,0.23677719682455062
1370,0.2611064076423645,1370,0.2269590064883232,0.22703462094068527,0.22926526814699172,0.22957494705915452,0.22718636989593505,0.23494579792022705,0.23787716925144195,0.23677719682455062
1371,0.2611064076423645,1371,0.2269590064883232,0.22703462094068527,0.22926526814699172,0.22957494705915452,0.22718636989593505,0.23494579792022705,0.23787716925144195,0.23677719682455062
1372,0.2611064076423645,1372,0.2269590064883232,0.22703462094068527,0.22926526814699172,0.22957494705915452,0.22718636989593505,0.23494579792022705,0.23787716925144195,0.23677719682455062
1373,0.2611064076423645,1373,0.2269590064883232,0.22703462094068527,0.22926526814699172,0.22957494705915452,0.22718636989593505,0.23494579792022705,0.23787716925144195,0.23677719682455062
1374,0.2611064076423645,1374,0.2269590064883232,0.22703462094068527,0.22926526814699172,0.22957494705915452,0.22718636989593505,0.23494579792022705,0.23787716925144195,0.23677719682455062
1375,0.2611064076423645,1375,0.2269590064883232,0.22703462094068527,0.22926526814699172,0.22957494705915452,0.22718636989593505,0.23494579792022705,0.23787716925144195,0.23677719682455062
1376,0.2611064076423645,1376,0.2269590064883232,0.22703462094068527,0.22926526814699172,0.22957494705915452,0.22718636989593505,0.23494579792022705,0.23787716925144195,0.23677719682455062
1377,0.2611064076423645,1377,0.2269590064883232,0.22703462094068527,0.22926526814699172,0.22957494705915452,0.22718636989593505,0.23494579792022705,0.23787716925144195,0.23677719682455062
1378,0.2611064076423645,1378,0.2269590064883232,0.22703462094068527,0.22926526814699172,0.22957494705915452,0.22718636989593505,0.23494579792022705,0.23787716925144195,0.23677719682455062
1379,0.2611064076423645,1379,0.2269590064883232,0.22703462094068527,0.22926526814699172,0.22957494705915452,0.22718636989593505,0.23494579792022705,0.23787716925144195,0.23677719682455062
1380,0.2611064076423645,1380,0.2269590064883232,0.22703462094068527,0.22926526814699172,0.22957494705915452,0.22718636989593505,0.23494579792022705,0.23787716925144195,0.23677719682455062
1381,0.2611064076423645,1381,0.2269590064883232,0.22703462094068527,0.22926526814699172,0.22957494705915452,0.22718636989593505,0.23494579792022705,0.23787716925144195,0.23677719682455062
1382,0.2611064076423645,1382,0.2269590064883232,0.22703462094068527,0.22926526814699172,0.22957494705915452,0.22718636989593505,0.23494579792022705,0.23787716925144195,0.23677719682455062
1383,0.2611064076423645,1383,0.2269590064883232,0.22703462094068527,0.22926526814699172,0.22957494705915452,0.22718636989593505,0.23494579792022705,0.23787716925144195,0.23677719682455062
1384,0.2611064076423645,1384,0.2269590064883232,0.22703462094068527,0.22926526814699172,0.22957494705915452,0.22718636989593505,0.23494579792022705,0.23787716925144195,0.23677719682455062
1385,0.2611064076423645,1385,0.2269590064883232,0.22703462094068527,0.22926526814699172,0.22957494705915452,0.22718636989593505,0.23494579792022705,0.23787716925144195,0.23677719682455062
1386,0.2611064076423645,1386,0.2269590064883232,0.22703462094068527,0.22926526814699172,0.22957494705915452,0.22718636989593505,0.23494579792022705,0.23787716925144195,0.23677719682455062
1387,0.2611064076423645,1387,0.2269590064883232,0.22703462094068527,0.22926526814699172,0.22957494705915452,0.22718636989593505,0.23494579792022705,0.23787716925144195,0.23677719682455062
1388,0.2611064076423645,1388,0.2269590064883232,0.22703462094068527,0.22926526814699172,0.22957494705915452,0.22718636989593505,0.23494579792022705,0.23787716925144195,0.23677719682455062
1389,0.2611064076423645,1389,0.2269590064883232,0.22703462094068527,0.22926526814699172,0.22957494705915452,0.22718636989593505,0.23494579792022705,0.23787716925144195,0.23677719682455062
1390,0.2611064076423645,1390,0.2269590064883232,0.22703462094068527,0.22926526814699172,0.22957494705915452,0.22718636989593505,0.23494579792022705,0.23787716925144195,0.23677719682455062
1391,0.2611064076423645,1391,0.2269590064883232,0.22703462094068527,0.22926526814699172,0.22957494705915452,0.22718636989593505,0.23494579792022705,0.23787716925144195,0.23677719682455062
1392,0.2611064076423645,1392,0.2269590064883232,0.22703462094068527,0.22926526814699172,0.22957494705915452,0.22718636989593505,0.23494579792022705,0.23787716925144195,0.23677719682455062
1393,0.2611064076423645,1393,0.2269590064883232,0.22703462094068527,0.22926526814699172,0.22957494705915452,0.22718636989593505,0.23494579792022705,0.23787716925144195,0.23677719682455062
1394,0.2611064076423645,1394,0.2269590064883232,0.22703462094068527,0.22926526814699172,0.22957494705915452,0.22718636989593505,0.23494579792022705,0.23787716925144195,0.23677719682455062
1395,0.2611064076423645,1395,0.2269590064883232,0.22703462094068527,0.22926526814699172,0.22957494705915452,0.22718636989593505,0.23494579792022705,0.23787716925144195,0.23677719682455062
1396,0.2611064076423645,1396,0.2269590064883232,0.22703462094068527,0.22926526814699172,0.22957494705915452,0.22718636989593505,0.23494579792022705,0.23787716925144195,0.23677719682455062
1397,0.2611064076423645,1397,0.2269590064883232,0.22703462094068527,0.22926526814699172,0.22957494705915452,0.22718636989593505,0.23494579792022705,0.23787716925144195,0.23677719682455062
1398,0.2611064076423645,1398,0.2269590064883232,0.22703462094068527,0.22926526814699172,0.22957494705915452,0.22718636989593505,0.23494579792022705,0.23787716925144195,0.23677719682455062
1399,0.2611064076423645,1399,0.2269590064883232,0.22703462094068527,0.22926526814699172,0.22957494705915452,0.22718636989593505,0.23494579792022705,0.23787716925144195,0.23677719682455062
1400,0.2611064076423645,1400,0.2269590064883232,0.22703462094068527,0.22926526814699172,0.22957494705915452,0.22718636989593505,0.23494579792022705,0.23787716925144195,0.23677719682455062
1401,0.2611064076423645,1401,0.2269590064883232,0.22703462094068527,0.22926526814699172,0.22957494705915452,0.22718636989593505,0.23494579792022705,0.23787716925144195,0.23677719682455062
1402,0.2611064076423645,1402,0.2269590064883232,0.22703462094068527,0.22926526814699172,0.22957494705915452,0.22718636989593505,0.23494579792022705,0.23787716925144195,0.23677719682455062
1403,0.2611064076423645,1403,0.2269590064883232,0.22703462094068527,0.22926526814699172,0.22957494705915452,0.22718636989593505,0.23494579792022705,0.23787716925144195,0.23677719682455062
1404,0.2611064076423645,1404,0.2269590064883232,0.22703462094068527,0.22926526814699172,0.22957494705915452,0.22718636989593505,0.23494579792022705,0.23787716925144195,0.23677719682455062
1405,0.2611064076423645,1405,0.2269590064883232,0.22703462094068527,0.22926526814699172,0.22957494705915452,0.22718636989593505,0.23494579792022705,0.23787716925144195,0.23677719682455062
1406,0.2611064076423645,1406,0.2269590064883232,0.22703462094068527,0.22926526814699172,0.22957494705915452,0.22718636989593505,0.23494579792022705,0.23787716925144195,0.23677719682455062
1407,0.2611064076423645,1407,0.2269590064883232,0.22703462094068527,0.22926526814699172,0.22957494705915452,0.22718636989593505,0.23494579792022705,0.23787716925144195,0.23677719682455062
1408,0.2611064076423645,1408,0.2269590064883232,0.22703462094068527,0.22926526814699172,0.22957494705915452,0.22718636989593505,0.23494579792022705,0.23787716925144195,0.23677719682455062
1409,0.2611064076423645,1409,0.2269590064883232,0.22703462094068527,0.22926526814699172,0.22957494705915452,0.22718636989593505,0.23494579792022705,0.23787716925144195,0.23677719682455062
1410,0.2611064076423645,1410,0.2269590064883232,0.22703462094068527,0.22926526814699172,0.22957494705915452,0.22718636989593505,0.23494579792022705,0.23787716925144195,0.23677719682455062
1411,0.2611064076423645,1411,0.2269590064883232,0.22703462094068527,0.22926526814699172,0.22957494705915452,0.22718636989593505,0.23494579792022705,0.23787716925144195,0.23677719682455062
1412,0.2611064076423645,1412,0.2269590064883232,0.22703462094068527,0.22926526814699172,0.22957494705915452,0.22718636989593505,0.23494579792022705,0.23787716925144195,0.23677719682455062
1413,0.2611064076423645,1413,0.2269590064883232,0.22703462094068527,0.22926526814699172,0.22957494705915452,0.22718636989593505,0.23494579792022705,0.23787716925144195,0.23677719682455062
1414,0.2611064076423645,1414,0.2269590064883232,0.22703462094068527,0.22926526814699172,0.22957494705915452,0.22718636989593505,0.23494579792022705,0.23787716925144195,0.23677719682455062
1415,0.2611064076423645,1415,0.2269590064883232,0.22703462094068527,0.22926526814699172,0.22957494705915452,0.22718636989593505,0.23494579792022705,0.23787716925144195,0.23677719682455062
1416,0.2611064076423645,1416,0.2269590064883232,0.22703462094068527,0.22926526814699172,0.22957494705915452,0.22718636989593505,0.23494579792022705,0.23787716925144195,0.23677719682455062
1417,0.2611064076423645,1417,0.2269590064883232,0.22703462094068527,0.22926526814699172,0.22957494705915452,0.22718636989593505,0.23494579792022705,0.23787716925144195,0.23677719682455062
1418,0.2611064076423645,1418,0.2269590064883232,0.22703462094068527,0.22926526814699172,0.22957494705915452,0.22718636989593505,0.23494579792022705,0.23787716925144195,0.23677719682455062
1419,0.2611064076423645,1419,0.2269590064883232,0.22703462094068527,0.22926526814699172,0.22957494705915452,0.22718636989593505,0.23494579792022705,0.23787716925144195,0.23677719682455062
1420,0.2611064076423645,1420,0.2269590064883232,0.22703462094068527,0.22926526814699172,0.22957494705915452,0.22718636989593505,0.23494579792022705,0.23787716925144195,0.23677719682455062
1421,0.2611064076423645,1421,0.2269590064883232,0.22703462094068527,0.22926526814699172,0.22957494705915452,0.22718636989593505,0.23494579792022705,0.23787716925144195,0.23677719682455062
1422,0.2611064076423645,1422,0.2269590064883232,0.22703462094068527,0.22926526814699172,0.22957494705915452,0.22718636989593505,0.23494579792022705,0.23787716925144195,0.23677719682455062
1423,0.2611064076423645,1423,0.2269590064883232,0.22703462094068527,0.22926526814699172,0.22957494705915452,0.22718636989593505,0.23494579792022705,0.23787716925144195,0.23677719682455062
1424,0.2611064076423645,1424,0.2269590064883232,0.22703462094068527,0.22926526814699172,0.22957494705915452,0.22718636989593505,0.23494579792022705,0.23787716925144195,0.23677719682455062
1425,0.2611064076423645,1425,0.2269590064883232,0.22703462094068527,0.22926526814699172,0.22957494705915452,0.22718636989593505,0.23494579792022705,0.23787716925144195,0.23677719682455062
1426,0.2611064076423645,1426,0.2269590064883232,0.22703462094068527,0.22926526814699172,0.22957494705915452,0.22718636989593505,0.23494579792022705,0.23787716925144195,0.23677719682455062
1427,0.2611064076423645,1427,0.2269590064883232,0.22703462094068527,0.22926526814699172,0.22957494705915452,0.22718636989593505,0.23494579792022705,0.23787716925144195,0.23677719682455062
1428,0.2611064076423645,1428,0.2269590064883232,0.22703462094068527,0.22926526814699172,0.22957494705915452,0.22718636989593505,0.23494579792022705,0.23787716925144195,0.23677719682455062
1429,0.2611064076423645,1429,0.2269590064883232,0.22703462094068527,0.22926526814699172,0.22957494705915452,0.22718636989593505,0.23494579792022705,0.23787716925144195,0.23677719682455062
1430,0.2611064076423645,1430,0.2269590064883232,0.22703462094068527,0.22926526814699172,0.22957494705915452,0.22718636989593505,0.23494579792022705,0.23787716925144195,0.23677719682455062
1431,0.2611064076423645,1431,0.2269590064883232,0.22703462094068527,0.22926526814699172,0.22957494705915452,0.22718636989593505,0.23494579792022705,0.23787716925144195,0.23677719682455062
1432,0.2611064076423645,1432,0.2269590064883232,0.22703462094068527,0.22926526814699172,0.22957494705915452,0.22718636989593505,0.23494579792022705,0.23787716925144195,0.23677719682455062
1433,0.2611064076423645,1433,0.2269590064883232,0.22703462094068527,0.22926526814699172,0.22957494705915452,0.22718636989593505,0.23494579792022705,0.23787716925144195,0.23677719682455062
1434,0.2611064076423645,1434,0.2269590064883232,0.22703462094068527,0.22926526814699172,0.22957494705915452,0.22718636989593505,0.23494579792022705,0.23787716925144195,0.23677719682455062
1435,0.2611064076423645,1435,0.2269590064883232,0.22703462094068527,0.22926526814699172,0.22957494705915452,0.22718636989593505,0.23494579792022705,0.23787716925144195,0.23677719682455062
1436,0.2611064076423645,1436,0.2269590064883232,0.22703462094068527,0.22926526814699172,0.22957494705915452,0.22718636989593505,0.23494579792022705,0.23787716925144195,0.23677719682455062
1437,0.2611064076423645,1437,0.2269590064883232,0.22703462094068527,0.22926526814699172,0.22957494705915452,0.22718636989593505,0.23494579792022705,0.23787716925144195,0.23677719682455062
1438,0.2611064076423645,1438,0.2269590064883232,0.22703462094068527,0.22926526814699172,0.22957494705915452,0.22718636989593505,0.23494579792022705,0.23787716925144195,0.23677719682455062
1439,0.2611064076423645,1439,0.2269590064883232,0.22703462094068527,0.22926526814699172,0.22957494705915452,0.22718636989593505,0.23494579792022705,0.23787716925144195,0.23677719682455062
1440,0.2611064076423645,1440,0.2269590064883232,0.22703462094068527,0.22926526814699172,0.22957494705915452,0.22718636989593505,0.23494579792022705,0.23787716925144195,0.23677719682455062
1441,0.2611064076423645,1441,0.2269590064883232,0.22703462094068527,0.22926526814699172,0.22957494705915452,0.22718636989593505,0.23494579792022705,0.23787716925144195,0.23677719682455062
1442,0.2611064076423645,1442,0.2269590064883232,0.22703462094068527,0.22926526814699172,0.22957494705915452,0.22718636989593505,0.23494579792022705,0.23787716925144195,0.23677719682455062
1443,0.2611064076423645,1443,0.2269590064883232,0.22703462094068527,0.22926526814699172,0.22957494705915452,0.22718636989593505,0.23494579792022705,0.23787716925144195,0.23677719682455062
1444,0.2611064076423645,1444,0.2269590064883232,0.22703462094068527,0.22926526814699172,0.22957494705915452,0.22718636989593505,0.23494579792022705,0.23787716925144195,0.23677719682455062
1445,0.2611064076423645,1445,0.2269590064883232,0.22703462094068527,0.22926526814699172,0.22957494705915452,0.22718636989593505,0.23494579792022705,0.23787716925144195,0.23677719682455062
1446,0.2611064076423645,1446,0.2269590064883232,0.22703462094068527,0.22926526814699172,0.22957494705915452,0.22718636989593505,0.23494579792022705,0.23787716925144195,0.23677719682455062
1447,0.2611064076423645,1447,0.2269590064883232,0.22703462094068527,0.22926526814699172,0.22957494705915452,0.22718636989593505,0.23494579792022705,0.23787716925144195,0.23677719682455062
1448,0.2611064076423645,1448,0.2269590064883232,0.22703462094068527,0.22926526814699172,0.22957494705915452,0.22718636989593505,0.23494579792022705,0.23787716925144195,0.23677719682455062
1449,0.2611064076423645,1449,0.2269590064883232,0.22703462094068527,0.22926526814699172,0.22957494705915452,0.22718636989593505,0.23494579792022705,0.23787716925144195,0.23677719682455062
1450,0.2611064076423645,1450,0.2269590064883232,0.22703462094068527,0.22926526814699172,0.22957494705915452,0.22718636989593505,0.23494579792022705,0.23787716925144195,0.23677719682455062
1451,0.2611064076423645,1451,0.2269590064883232,0.22703462094068527,0.22926526814699172,0.22957494705915452,0.22718636989593505,0.23494579792022705,0.23787716925144195,0.23677719682455062
1452,0.2611064076423645,1452,0.2269590064883232,0.22703462094068527,0.22926526814699172,0.22957494705915452,0.22718636989593505,0.23494579792022705,0.23787716925144195,0.23677719682455062
1453,0.2611064076423645,1453,0.2269590064883232,0.22703462094068527,0.22926526814699172,0.22957494705915452,0.22718636989593505,0.23494579792022705,0.23787716925144195,0.23677719682455062
1454,0.2611064076423645,1454,0.2269590064883232,0.22703462094068527,0.22926526814699172,0.22957494705915452,0.22718636989593505,0.23494579792022705,0.23787716925144195,0.23677719682455062
1455,0.2611064076423645,1455,0.2269590064883232,0.22703462094068527,0.22926526814699172,0.22957494705915452,0.22718636989593505,0.23494579792022705,0.23787716925144195,0.23677719682455062
1456,0.2611064076423645,1456,0.2269590064883232,0.22703462094068527,0.22926526814699172,0.22957494705915452,0.22718636989593505,0.23494579792022705,0.23787716925144195,0.23677719682455062
1457,0.2611064076423645,1457,0.2269590064883232,0.22703462094068527,0.22926526814699172,0.22957494705915452,0.22718636989593505,0.23494579792022705,0.23787716925144195,0.23677719682455062
1458,0.2611064076423645,1458,0.2269590064883232,0.22703462094068527,0.22926526814699172,0.22957494705915452,0.22718636989593505,0.23494579792022705,0.23787716925144195,0.23677719682455062
1459,0.2611064076423645,1459,0.2269590064883232,0.22703462094068527,0.22926526814699172,0.22957494705915452,0.22718636989593505,0.23494579792022705,0.23787716925144195,0.23677719682455062
1460,0.2611064076423645,1460,0.2269590064883232,0.22703462094068527,0.22926526814699172,0.22957494705915452,0.22718636989593505,0.23494579792022705,0.23787716925144195,0.23677719682455062
1461,0.2611064076423645,1461,0.2269590064883232,0.22703462094068527,0.22926526814699172,0.22957494705915452,0.22718636989593505,0.23494579792022705,0.23787716925144195,0.23677719682455062
1462,0.2611064076423645,1462,0.2269590064883232,0.22703462094068527,0.22926526814699172,0.22957494705915452,0.22718636989593505,0.23494579792022705,0.23787716925144195,0.23677719682455062
1463,0.2611064076423645,1463,0.2269590064883232,0.22703462094068527,0.22926526814699172,0.22957494705915452,0.22718636989593505,0.23494579792022705,0.23787716925144195,0.23677719682455062
1464,0.2611064076423645,1464,0.2269590064883232,0.22703462094068527,0.22926526814699172,0.22957494705915452,0.22718636989593505,0.23494579792022705,0.23787716925144195,0.23677719682455062
1465,0.2611064076423645,1465,0.2269590064883232,0.22703462094068527,0.22926526814699172,0.22957494705915452,0.22718636989593505,0.23494579792022705,0.23787716925144195,0.23677719682455062
1466,0.2611064076423645,1466,0.2269590064883232,0.22703462094068527,0.22926526814699172,0.22957494705915452,0.22718636989593505,0.23494579792022705,0.23787716925144195,0.23677719682455062
1467,0.2611064076423645,1467,0.2269590064883232,0.22703462094068527,0.22926526814699172,0.22957494705915452,0.22718636989593505,0.23494579792022705,0.23787716925144195,0.23677719682455062
1468,0.2611064076423645,1468,0.2269590064883232,0.22703462094068527,0.22926526814699172,0.22957494705915452,0.22718636989593505,0.23494579792022705,0.23787716925144195,0.23677719682455062
1469,0.2611064076423645,1469,0.2269590064883232,0.22703462094068527,0.22926526814699172,0.22957494705915452,0.22718636989593505,0.23494579792022705,0.23787716925144195,0.23677719682455062
1470,0.2611064076423645,1470,0.2269590064883232,0.22703462094068527,0.22926526814699172,0.22957494705915452,0.22718636989593505,0.23494579792022705,0.23787716925144195,0.23677719682455062
1471,0.2611064076423645,1471,0.2269590064883232,0.22703462094068527,0.22926526814699172,0.22957494705915452,0.22718636989593505,0.23494579792022705,0.23787716925144195,0.23677719682455062
1472,0.2611064076423645,1472,0.2269590064883232,0.22703462094068527,0.22926526814699172,0.22957494705915452,0.22718636989593505,0.23494579792022705,0.23787716925144195,0.23677719682455062
1473,0.2611064076423645,1473,0.2269590064883232,0.22703462094068527,0.22926526814699172,0.22957494705915452,0.22718636989593505,0.23494579792022705,0.23787716925144195,0.23677719682455062
1474,0.2611064076423645,1474,0.2269590064883232,0.22703462094068527,0.22926526814699172,0.22957494705915452,0.22718636989593505,0.23494579792022705,0.23787716925144195,0.23677719682455062
1475,0.2611064076423645,1475,0.2269590064883232,0.22703462094068527,0.22926526814699172,0.22957494705915452,0.22718636989593505,0.23494579792022705,0.23787716925144195,0.23677719682455062
1476,0.2611064076423645,1476,0.2269590064883232,0.22703462094068527,0.22926526814699172,0.22957494705915452,0.22718636989593505,0.23494579792022705,0.23787716925144195,0.23677719682455062
1477,0.2611064076423645,1477,0.2269590064883232,0.22703462094068527,0.22926526814699172,0.22957494705915452,0.22718636989593505,0.23494579792022705,0.23787716925144195,0.23677719682455062
1478,0.2611064076423645,1478,0.2269590064883232,0.22703462094068527,0.22926526814699172,0.22957494705915452,0.22718636989593505,0.23494579792022705,0.23787716925144195,0.23677719682455062
1479,0.2611064076423645,1479,0.2269590064883232,0.22703462094068527,0.22926526814699172,0.22957494705915452,0.22718636989593505,0.23494579792022705,0.23787716925144195,0.23677719682455062
1480,0.2611064076423645,1480,0.2269590064883232,0.22703462094068527,0.22926526814699172,0.22957494705915452,0.22718636989593505,0.23494579792022705,0.23787716925144195,0.23677719682455062
1481,0.2611064076423645,1481,0.2269590064883232,0.22703462094068527,0.22926526814699172,0.22957494705915452,0.22718636989593505,0.23494579792022705,0.23787716925144195,0.23677719682455062
1482,0.2611064076423645,1482,0.2269590064883232,0.22703462094068527,0.22926526814699172,0.22957494705915452,0.22718636989593505,0.23494579792022705,0.23787716925144195,0.23677719682455062
1483,0.2611064076423645,1483,0.2269590064883232,0.22703462094068527,0.22926526814699172,0.22957494705915452,0.22718636989593505,0.23494579792022705,0.23787716925144195,0.23677719682455062
1484,0.2611064076423645,1484,0.2269590064883232,0.22703462094068527,0.22926526814699172,0.22957494705915452,0.22718636989593505,0.23494579792022705,0.23787716925144195,0.23677719682455062
1485,0.2611064076423645,1485,0.2269590064883232,0.22703462094068527,0.22926526814699172,0.22957494705915452,0.22718636989593505,0.23494579792022705,0.23787716925144195,0.23677719682455062
1486,0.2611064076423645,1486,0.2269590064883232,0.22703462094068527,0.22926526814699172,0.22957494705915452,0.22718636989593505,0.23494579792022705,0.23787716925144195,0.23677719682455062
1487,0.2611064076423645,1487,0.2269590064883232,0.22703462094068527,0.22926526814699172,0.22957494705915452,0.22718636989593505,0.23494579792022705,0.23787716925144195,0.23677719682455062
1488,0.2611064076423645,1488,0.2269590064883232,0.22703462094068527,0.22926526814699172,0.22957494705915452,0.22718636989593505,0.23494579792022705,0.23787716925144195,0.23677719682455062
1489,0.2611064076423645,1489,0.2269590064883232,0.22703462094068527,0.22926526814699172,0.22957494705915452,0.22718636989593505,0.23494579792022705,0.23787716925144195,0.23677719682455062
1490,0.2611064076423645,1490,0.2269590064883232,0.22703462094068527,0.22926526814699172,0.22957494705915452,0.22718636989593505,0.23494579792022705,0.23787716925144195,0.23677719682455062
1491,0.2611064076423645,1491,0.2269590064883232,0.22703462094068527,0.22926526814699172,0.22957494705915452,0.22718636989593505,0.23494579792022705,0.23787716925144195,0.23677719682455062
1492,0.2611064076423645,1492,0.2269590064883232,0.22703462094068527,0.22926526814699172,0.22957494705915452,0.22718636989593505,0.23494579792022705,0.23787716925144195,0.23677719682455062
1493,0.2611064076423645,1493,0.2269590064883232,0.22703462094068527,0.22926526814699172,0.22957494705915452,0.22718636989593505,0.23494579792022705,0.23787716925144195,0.23677719682455062
1494,0.2611064076423645,1494,0.2269590064883232,0.22703462094068527,0.22926526814699172,0.22957494705915452,0.22718636989593505,0.23494579792022705,0.23787716925144195,0.23677719682455062
1495,0.2611064076423645,1495,0.2269590064883232,0.22703462094068527,0.22926526814699172,0.22957494705915452,0.22718636989593505,0.23494579792022705,0.23787716925144195,0.23677719682455062
1496,0.2611064076423645,1496,0.2269590064883232,0.22703462094068527,0.22926526814699172,0.22957494705915452,0.22718636989593505,0.23494579792022705,0.23787716925144195,0.23677719682455062
1497,0.2611064076423645,1497,0.2269590064883232,0.22703462094068527,0.22926526814699172,0.22957494705915452,0.22718636989593505,0.23494579792022705,0.23787716925144195,0.23677719682455062
1498,0.2611064076423645,1498,0.2269590064883232,0.22703462094068527,0.22926526814699172,0.22957494705915452,0.22718636989593505,0.23494579792022705,0.23787716925144195,0.23677719682455062
1499,0.2611064076423645,1499,0.2269590064883232,0.22703462094068527,0.22926526814699172,0.22957494705915452,0.22718636989593505,0.23494579792022705,0.23787716925144195,0.23677719682455062
1500,0.2615810975432396,1500,0.22658813744783401,0.22737537920475007,0.23050570338964463,0.2296872615814209,0.22933983951807022,0.2343319535255432,0.23656319230794906,0.2366724729537964
1501,0.2615810975432396,1501,0.22658813744783401,0.22737537920475007,0.23050570338964463,0.2296872615814209,0.22933983951807022,0.2343319535255432,0.23656319230794906,0.2366724729537964
1502,0.2615810975432396,1502,0.22658813744783401,0.22737537920475007,0.23050570338964463,0.2296872615814209,0.22933983951807022,0.2343319535255432,0.23656319230794906,0.2366724729537964
1503,0.2615810975432396,1503,0.22658813744783401,0.22737537920475007,0.23050570338964463,0.2296872615814209,0.22933983951807022,0.2343319535255432,0.23656319230794906,0.2366724729537964
1504,0.2615810975432396,1504,0.22658813744783401,0.22737537920475007,0.23050570338964463,0.2296872615814209,0.22933983951807022,0.2343319535255432,0.23656319230794906,0.2366724729537964
1505,0.2615810975432396,1505,0.22658813744783401,0.22737537920475007,0.23050570338964463,0.2296872615814209,0.22933983951807022,0.2343319535255432,0.23656319230794906,0.2366724729537964
1506,0.2615810975432396,1506,0.22658813744783401,0.22737537920475007,0.23050570338964463,0.2296872615814209,0.22933983951807022,0.2343319535255432,0.23656319230794906,0.2366724729537964
1507,0.2615810975432396,1507,0.22658813744783401,0.22737537920475007,0.23050570338964463,0.2296872615814209,0.22933983951807022,0.2343319535255432,0.23656319230794906,0.2366724729537964
1508,0.2615810975432396,1508,0.22658813744783401,0.22737537920475007,0.23050570338964463,0.2296872615814209,0.22933983951807022,0.2343319535255432,0.23656319230794906,0.2366724729537964
1509,0.2615810975432396,1509,0.22658813744783401,0.22737537920475007,0.23050570338964463,0.2296872615814209,0.22933983951807022,0.2343319535255432,0.23656319230794906,0.2366724729537964
1510,0.2615810975432396,1510,0.22658813744783401,0.22737537920475007,0.23050570338964463,0.2296872615814209,0.22933983951807022,0.2343319535255432,0.23656319230794906,0.2366724729537964
1511,0.2615810975432396,1511,0.22658813744783401,0.22737537920475007,0.23050570338964463,0.2296872615814209,0.22933983951807022,0.2343319535255432,0.23656319230794906,0.2366724729537964
1512,0.2615810975432396,1512,0.22658813744783401,0.22737537920475007,0.23050570338964463,0.2296872615814209,0.22933983951807022,0.2343319535255432,0.23656319230794906,0.2366724729537964
1513,0.2615810975432396,1513,0.22658813744783401,0.22737537920475007,0.23050570338964463,0.2296872615814209,0.22933983951807022,0.2343319535255432,0.23656319230794906,0.2366724729537964
1514,0.2615810975432396,1514,0.22658813744783401,0.22737537920475007,0.23050570338964463,0.2296872615814209,0.22933983951807022,0.2343319535255432,0.23656319230794906,0.2366724729537964
1515,0.2615810975432396,1515,0.22658813744783401,0.22737537920475007,0.23050570338964463,0.2296872615814209,0.22933983951807022,0.2343319535255432,0.23656319230794906,0.2366724729537964
1516,0.2615810975432396,1516,0.22658813744783401,0.22737537920475007,0.23050570338964463,0.2296872615814209,0.22933983951807022,0.2343319535255432,0.23656319230794906,0.2366724729537964
1517,0.2615810975432396,1517,0.22658813744783401,0.22737537920475007,0.23050570338964463,0.2296872615814209,0.22933983951807022,0.2343319535255432,0.23656319230794906,0.2366724729537964
1518,0.2615810975432396,1518,0.22658813744783401,0.22737537920475007,0.23050570338964463,0.2296872615814209,0.22933983951807022,0.2343319535255432,0.23656319230794906,0.2366724729537964
1519,0.2615810975432396,1519,0.22658813744783401,0.22737537920475007,0.23050570338964463,0.2296872615814209,0.22933983951807022,0.2343319535255432,0.23656319230794906,0.2366724729537964
1520,0.2615810975432396,1520,0.22658813744783401,0.22737537920475007,0.23050570338964463,0.2296872615814209,0.22933983951807022,0.2343319535255432,0.23656319230794906,0.2366724729537964
1521,0.2615810975432396,1521,0.22658813744783401,0.22737537920475007,0.23050570338964463,0.2296872615814209,0.22933983951807022,0.2343319535255432,0.23656319230794906,0.2366724729537964
1522,0.2615810975432396,1522,0.22658813744783401,0.22737537920475007,0.23050570338964463,0.2296872615814209,0.22933983951807022,0.2343319535255432,0.23656319230794906,0.2366724729537964
1523,0.2615810975432396,1523,0.22658813744783401,0.22737537920475007,0.23050570338964463,0.2296872615814209,0.22933983951807022,0.2343319535255432,0.23656319230794906,0.2366724729537964
1524,0.2615810975432396,1524,0.22658813744783401,0.22737537920475007,0.23050570338964463,0.2296872615814209,0.22933983951807022,0.2343319535255432,0.23656319230794906,0.2366724729537964
1525,0.2615810975432396,1525,0.22658813744783401,0.22737537920475007,0.23050570338964463,0.2296872615814209,0.22933983951807022,0.2343319535255432,0.23656319230794906,0.2366724729537964
1526,0.2615810975432396,1526,0.22658813744783401,0.22737537920475007,0.23050570338964463,0.2296872615814209,0.22933983951807022,0.2343319535255432,0.23656319230794906,0.2366724729537964
1527,0.2615810975432396,1527,0.22658813744783401,0.22737537920475007,0.23050570338964463,0.2296872615814209,0.22933983951807022,0.2343319535255432,0.23656319230794906,0.2366724729537964
1528,0.2615810975432396,1528,0.22658813744783401,0.22737537920475007,0.23050570338964463,0.2296872615814209,0.22933983951807022,0.2343319535255432,0.23656319230794906,0.2366724729537964
1529,0.2615810975432396,1529,0.22658813744783401,0.22737537920475007,0.23050570338964463,0.2296872615814209,0.22933983951807022,0.2343319535255432,0.23656319230794906,0.2366724729537964
1530,0.2615810975432396,1530,0.22658813744783401,0.22737537920475007,0.23050570338964463,0.2296872615814209,0.22933983951807022,0.2343319535255432,0.23656319230794906,0.2366724729537964
1531,0.2615810975432396,1531,0.22658813744783401,0.22737537920475007,0.23050570338964463,0.2296872615814209,0.22933983951807022,0.2343319535255432,0.23656319230794906,0.2366724729537964
1532,0.2615810975432396,1532,0.22658813744783401,0.22737537920475007,0.23050570338964463,0.2296872615814209,0.22933983951807022,0.2343319535255432,0.23656319230794906,0.2366724729537964
1533,0.2615810975432396,1533,0.22658813744783401,0.22737537920475007,0.23050570338964463,0.2296872615814209,0.22933983951807022,0.2343319535255432,0.23656319230794906,0.2366724729537964
1534,0.2615810975432396,1534,0.22658813744783401,0.22737537920475007,0.23050570338964463,0.2296872615814209,0.22933983951807022,0.2343319535255432,0.23656319230794906,0.2366724729537964
1535,0.2615810975432396,1535,0.22658813744783401,0.22737537920475007,0.23050570338964463,0.2296872615814209,0.22933983951807022,0.2343319535255432,0.23656319230794906,0.2366724729537964
1536,0.2615810975432396,1536,0.22658813744783401,0.22737537920475007,0.23050570338964463,0.2296872615814209,0.22933983951807022,0.2343319535255432,0.23656319230794906,0.2366724729537964
1537,0.2615810975432396,1537,0.22658813744783401,0.22737537920475007,0.23050570338964463,0.2296872615814209,0.22933983951807022,0.2343319535255432,0.23656319230794906,0.2366724729537964
1538,0.2615810975432396,1538,0.22658813744783401,0.22737537920475007,0.23050570338964463,0.2296872615814209,0.22933983951807022,0.2343319535255432,0.23656319230794906,0.2366724729537964
1539,0.2615810975432396,1539,0.22658813744783401,0.22737537920475007,0.23050570338964463,0.2296872615814209,0.22933983951807022,0.2343319535255432,0.23656319230794906,0.2366724729537964
1540,0.2615810975432396,1540,0.22658813744783401,0.22737537920475007,0.23050570338964463,0.2296872615814209,0.22933983951807022,0.2343319535255432,0.23656319230794906,0.2366724729537964
1541,0.2615810975432396,1541,0.22658813744783401,0.22737537920475007,0.23050570338964463,0.2296872615814209,0.22933983951807022,0.2343319535255432,0.23656319230794906,0.2366724729537964
1542,0.2615810975432396,1542,0.22658813744783401,0.22737537920475007,0.23050570338964463,0.2296872615814209,0.22933983951807022,0.2343319535255432,0.23656319230794906,0.2366724729537964
1543,0.2615810975432396,1543,0.22658813744783401,0.22737537920475007,0.23050570338964463,0.2296872615814209,0.22933983951807022,0.2343319535255432,0.23656319230794906,0.2366724729537964
1544,0.2615810975432396,1544,0.22658813744783401,0.22737537920475007,0.23050570338964463,0.2296872615814209,0.22933983951807022,0.2343319535255432,0.23656319230794906,0.2366724729537964
1545,0.2615810975432396,1545,0.22658813744783401,0.22737537920475007,0.23050570338964463,0.2296872615814209,0.22933983951807022,0.2343319535255432,0.23656319230794906,0.2366724729537964
1546,0.2615810975432396,1546,0.22658813744783401,0.22737537920475007,0.23050570338964463,0.2296872615814209,0.22933983951807022,0.2343319535255432,0.23656319230794906,0.2366724729537964
1547,0.2615810975432396,1547,0.22658813744783401,0.22737537920475007,0.23050570338964463,0.2296872615814209,0.22933983951807022,0.2343319535255432,0.23656319230794906,0.2366724729537964
1548,0.2615810975432396,1548,0.22658813744783401,0.22737537920475007,0.23050570338964463,0.2296872615814209,0.22933983951807022,0.2343319535255432,0.23656319230794906,0.2366724729537964
1549,0.2615810975432396,1549,0.22658813744783401,0.22737537920475007,0.23050570338964463,0.2296872615814209,0.22933983951807022,0.2343319535255432,0.23656319230794906,0.2366724729537964
1550,0.2615810975432396,1550,0.22658813744783401,0.22737537920475007,0.23050570338964463,0.2296872615814209,0.22933983951807022,0.2343319535255432,0.23656319230794906,0.2366724729537964
1551,0.2615810975432396,1551,0.22658813744783401,0.22737537920475007,0.23050570338964463,0.2296872615814209,0.22933983951807022,0.2343319535255432,0.23656319230794906,0.2366724729537964
1552,0.2615810975432396,1552,0.22658813744783401,0.22737537920475007,0.23050570338964463,0.2296872615814209,0.22933983951807022,0.2343319535255432,0.23656319230794906,0.2366724729537964
1553,0.2615810975432396,1553,0.22658813744783401,0.22737537920475007,0.23050570338964463,0.2296872615814209,0.22933983951807022,0.2343319535255432,0.23656319230794906,0.2366724729537964
1554,0.2615810975432396,1554,0.22658813744783401,0.22737537920475007,0.23050570338964463,0.2296872615814209,0.22933983951807022,0.2343319535255432,0.23656319230794906,0.2366724729537964
1555,0.2615810975432396,1555,0.22658813744783401,0.22737537920475007,0.23050570338964463,0.2296872615814209,0.22933983951807022,0.2343319535255432,0.23656319230794906,0.2366724729537964
1556,0.2615810975432396,1556,0.22658813744783401,0.22737537920475007,0.23050570338964463,0.2296872615814209,0.22933983951807022,0.2343319535255432,0.23656319230794906,0.2366724729537964
1557,0.2615810975432396,1557,0.22658813744783401,0.22737537920475007,0.23050570338964463,0.2296872615814209,0.22933983951807022,0.2343319535255432,0.23656319230794906,0.2366724729537964
1558,0.2615810975432396,1558,0.22658813744783401,0.22737537920475007,0.23050570338964463,0.2296872615814209,0.22933983951807022,0.2343319535255432,0.23656319230794906,0.2366724729537964
1559,0.2615810975432396,1559,0.22658813744783401,0.22737537920475007,0.23050570338964463,0.2296872615814209,0.22933983951807022,0.2343319535255432,0.23656319230794906,0.2366724729537964
1560,0.2615810975432396,1560,0.22658813744783401,0.22737537920475007,0.23050570338964463,0.2296872615814209,0.22933983951807022,0.2343319535255432,0.23656319230794906,0.2366724729537964
1561,0.2615810975432396,1561,0.22658813744783401,0.22737537920475007,0.23050570338964463,0.2296872615814209,0.22933983951807022,0.2343319535255432,0.23656319230794906,0.2366724729537964
1562,0.2615810975432396,1562,0.22658813744783401,0.22737537920475007,0.23050570338964463,0.2296872615814209,0.22933983951807022,0.2343319535255432,0.23656319230794906,0.2366724729537964
1563,0.2615810975432396,1563,0.22658813744783401,0.22737537920475007,0.23050570338964463,0.2296872615814209,0.22933983951807022,0.2343319535255432,0.23656319230794906,0.2366724729537964
1564,0.2615810975432396,1564,0.22658813744783401,0.22737537920475007,0.23050570338964463,0.2296872615814209,0.22933983951807022,0.2343319535255432,0.23656319230794906,0.2366724729537964
1565,0.2615810975432396,1565,0.22658813744783401,0.22737537920475007,0.23050570338964463,0.2296872615814209,0.22933983951807022,0.2343319535255432,0.23656319230794906,0.2366724729537964
1566,0.2615810975432396,1566,0.22658813744783401,0.22737537920475007,0.23050570338964463,0.2296872615814209,0.22933983951807022,0.2343319535255432,0.23656319230794906,0.2366724729537964
1567,0.2615810975432396,1567,0.22658813744783401,0.22737537920475007,0.23050570338964463,0.2296872615814209,0.22933983951807022,0.2343319535255432,0.23656319230794906,0.2366724729537964
1568,0.2615810975432396,1568,0.22658813744783401,0.22737537920475007,0.23050570338964463,0.2296872615814209,0.22933983951807022,0.2343319535255432,0.23656319230794906,0.2366724729537964
1569,0.2615810975432396,1569,0.22658813744783401,0.22737537920475007,0.23050570338964463,0.2296872615814209,0.22933983951807022,0.2343319535255432,0.23656319230794906,0.2366724729537964
1570,0.2615810975432396,1570,0.22658813744783401,0.22737537920475007,0.23050570338964463,0.2296872615814209,0.22933983951807022,0.2343319535255432,0.23656319230794906,0.2366724729537964
1571,0.2615810975432396,1571,0.22658813744783401,0.22737537920475007,0.23050570338964463,0.2296872615814209,0.22933983951807022,0.2343319535255432,0.23656319230794906,0.2366724729537964
1572,0.2615810975432396,1572,0.22658813744783401,0.22737537920475007,0.23050570338964463,0.2296872615814209,0.22933983951807022,0.2343319535255432,0.23656319230794906,0.2366724729537964
1573,0.2615810975432396,1573,0.22658813744783401,0.22737537920475007,0.23050570338964463,0.2296872615814209,0.22933983951807022,0.2343319535255432,0.23656319230794906,0.2366724729537964
1574,0.2615810975432396,1574,0.22658813744783401,0.22737537920475007,0.23050570338964463,0.2296872615814209,0.22933983951807022,0.2343319535255432,0.23656319230794906,0.2366724729537964
1575,0.2615810975432396,1575,0.22658813744783401,0.22737537920475007,0.23050570338964463,0.2296872615814209,0.22933983951807022,0.2343319535255432,0.23656319230794906,0.2366724729537964
1576,0.2615810975432396,1576,0.22658813744783401,0.22737537920475007,0.23050570338964463,0.2296872615814209,0.22933983951807022,0.2343319535255432,0.23656319230794906,0.2366724729537964
1577,0.2615810975432396,1577,0.22658813744783401,0.22737537920475007,0.23050570338964463,0.2296872615814209,0.22933983951807022,0.2343319535255432,0.23656319230794906,0.2366724729537964
1578,0.2615810975432396,1578,0.22658813744783401,0.22737537920475007,0.23050570338964463,0.2296872615814209,0.22933983951807022,0.2343319535255432,0.23656319230794906,0.2366724729537964
1579,0.2615810975432396,1579,0.22658813744783401,0.22737537920475007,0.23050570338964463,0.2296872615814209,0.22933983951807022,0.2343319535255432,0.23656319230794906,0.2366724729537964
1580,0.2615810975432396,1580,0.22658813744783401,0.22737537920475007,0.23050570338964463,0.2296872615814209,0.22933983951807022,0.2343319535255432,0.23656319230794906,0.2366724729537964
1581,0.2615810975432396,1581,0.22658813744783401,0.22737537920475007,0.23050570338964463,0.2296872615814209,0.22933983951807022,0.2343319535255432,0.23656319230794906,0.2366724729537964
1582,0.2615810975432396,1582,0.22658813744783401,0.22737537920475007,0.23050570338964463,0.2296872615814209,0.22933983951807022,0.2343319535255432,0.23656319230794906,0.2366724729537964
1583,0.2615810975432396,1583,0.22658813744783401,0.22737537920475007,0.23050570338964463,0.2296872615814209,0.22933983951807022,0.2343319535255432,0.23656319230794906,0.2366724729537964
1584,0.2615810975432396,1584,0.22658813744783401,0.22737537920475007,0.23050570338964463,0.2296872615814209,0.22933983951807022,0.2343319535255432,0.23656319230794906,0.2366724729537964
1585,0.2615810975432396,1585,0.22658813744783401,0.22737537920475007,0.23050570338964463,0.2296872615814209,0.22933983951807022,0.2343319535255432,0.23656319230794906,0.2366724729537964
1586,0.2615810975432396,1586,0.22658813744783401,0.22737537920475007,0.23050570338964463,0.2296872615814209,0.22933983951807022,0.2343319535255432,0.23656319230794906,0.2366724729537964
1587,0.2615810975432396,1587,0.22658813744783401,0.22737537920475007,0.23050570338964463,0.2296872615814209,0.22933983951807022,0.2343319535255432,0.23656319230794906,0.2366724729537964
1588,0.2615810975432396,1588,0.22658813744783401,0.22737537920475007,0.23050570338964463,0.2296872615814209,0.22933983951807022,0.2343319535255432,0.23656319230794906,0.2366724729537964
1589,0.2615810975432396,1589,0.22658813744783401,0.22737537920475007,0.23050570338964463,0.2296872615814209,0.22933983951807022,0.2343319535255432,0.23656319230794906,0.2366724729537964
1590,0.2615810975432396,1590,0.22658813744783401,0.22737537920475007,0.23050570338964463,0.2296872615814209,0.22933983951807022,0.2343319535255432,0.23656319230794906,0.2366724729537964
1591,0.2615810975432396,1591,0.22658813744783401,0.22737537920475007,0.23050570338964463,0.2296872615814209,0.22933983951807022,0.2343319535255432,0.23656319230794906,0.2366724729537964
1592,0.2615810975432396,1592,0.22658813744783401,0.22737537920475007,0.23050570338964463,0.2296872615814209,0.22933983951807022,0.2343319535255432,0.23656319230794906,0.2366724729537964
1593,0.2615810975432396,1593,0.22658813744783401,0.22737537920475007,0.23050570338964463,0.2296872615814209,0.22933983951807022,0.2343319535255432,0.23656319230794906,0.2366724729537964
1594,0.2615810975432396,1594,0.22658813744783401,0.22737537920475007,0.23050570338964463,0.2296872615814209,0.22933983951807022,0.2343319535255432,0.23656319230794906,0.2366724729537964
1595,0.2615810975432396,1595,0.22658813744783401,0.22737537920475007,0.23050570338964463,0.2296872615814209,0.22933983951807022,0.2343319535255432,0.23656319230794906,0.2366724729537964
1596,0.2615810975432396,1596,0.22658813744783401,0.22737537920475007,0.23050570338964463,0.2296872615814209,0.22933983951807022,0.2343319535255432,0.23656319230794906,0.2366724729537964
1597,0.2615810975432396,1597,0.22658813744783401,0.22737537920475007,0.23050570338964463,0.2296872615814209,0.22933983951807022,0.2343319535255432,0.23656319230794906,0.2366724729537964
1598,0.2615810975432396,1598,0.22658813744783401,0.22737537920475007,0.23050570338964463,0.2296872615814209,0.22933983951807022,0.2343319535255432,0.23656319230794906,0.2366724729537964
1599,0.2615810975432396,1599,0.22658813744783401,0.22737537920475007,0.23050570338964463,0.2296872615814209,0.22933983951807022,0.2343319535255432,0.23656319230794906,0.2366724729537964
1600,0.2615810975432396,1600,0.22658813744783401,0.22737537920475007,0.23050570338964463,0.2296872615814209,0.22933983951807022,0.2343319535255432,0.23656319230794906,0.2366724729537964
1601,0.2615810975432396,1601,0.22658813744783401,0.22737537920475007,0.23050570338964463,0.2296872615814209,0.22933983951807022,0.2343319535255432,0.23656319230794906,0.2366724729537964
1602,0.2615810975432396,1602,0.22658813744783401,0.22737537920475007,0.23050570338964463,0.2296872615814209,0.22933983951807022,0.2343319535255432,0.23656319230794906,0.2366724729537964
1603,0.2615810975432396,1603,0.22658813744783401,0.22737537920475007,0.23050570338964463,0.2296872615814209,0.22933983951807022,0.2343319535255432,0.23656319230794906,0.2366724729537964
1604,0.2615810975432396,1604,0.22658813744783401,0.22737537920475007,0.23050570338964463,0.2296872615814209,0.22933983951807022,0.2343319535255432,0.23656319230794906,0.2366724729537964
1605,0.2615810975432396,1605,0.22658813744783401,0.22737537920475007,0.23050570338964463,0.2296872615814209,0.22933983951807022,0.2343319535255432,0.23656319230794906,0.2366724729537964
1606,0.2615810975432396,1606,0.22658813744783401,0.22737537920475007,0.23050570338964463,0.2296872615814209,0.22933983951807022,0.2343319535255432,0.23656319230794906,0.2366724729537964
1607,0.2615810975432396,1607,0.22658813744783401,0.22737537920475007,0.23050570338964463,0.2296872615814209,0.22933983951807022,0.2343319535255432,0.23656319230794906,0.2366724729537964
1608,0.2615810975432396,1608,0.22658813744783401,0.22737537920475007,0.23050570338964463,0.2296872615814209,0.22933983951807022,0.2343319535255432,0.23656319230794906,0.2366724729537964
1609,0.2615810975432396,1609,0.22658813744783401,0.22737537920475007,0.23050570338964463,0.2296872615814209,0.22933983951807022,0.2343319535255432,0.23656319230794906,0.2366724729537964
1610,0.2615810975432396,1610,0.22658813744783401,0.22737537920475007,0.23050570338964463,0.2296872615814209,0.22933983951807022,0.2343319535255432,0.23656319230794906,0.2366724729537964
1611,0.2615810975432396,1611,0.22658813744783401,0.22737537920475007,0.23050570338964463,0.2296872615814209,0.22933983951807022,0.2343319535255432,0.23656319230794906,0.2366724729537964
1612,0.2615810975432396,1612,0.22658813744783401,0.22737537920475007,0.23050570338964463,0.2296872615814209,0.22933983951807022,0.2343319535255432,0.23656319230794906,0.2366724729537964
1613,0.2615810975432396,1613,0.22658813744783401,0.22737537920475007,0.23050570338964463,0.2296872615814209,0.22933983951807022,0.2343319535255432,0.23656319230794906,0.2366724729537964
1614,0.2615810975432396,1614,0.22658813744783401,0.22737537920475007,0.23050570338964463,0.2296872615814209,0.22933983951807022,0.2343319535255432,0.23656319230794906,0.2366724729537964
1615,0.2615810975432396,1615,0.22658813744783401,0.22737537920475007,0.23050570338964463,0.2296872615814209,0.22933983951807022,0.2343319535255432,0.23656319230794906,0.2366724729537964
1616,0.2615810975432396,1616,0.22658813744783401,0.22737537920475007,0.23050570338964463,0.2296872615814209,0.22933983951807022,0.2343319535255432,0.23656319230794906,0.2366724729537964
1617,0.2615810975432396,1617,0.22658813744783401,0.22737537920475007,0.23050570338964463,0.2296872615814209,0.22933983951807022,0.2343319535255432,0.23656319230794906,0.2366724729537964
1618,0.2615810975432396,1618,0.22658813744783401,0.22737537920475007,0.23050570338964463,0.2296872615814209,0.22933983951807022,0.2343319535255432,0.23656319230794906,0.2366724729537964
1619,0.2615810975432396,1619,0.22658813744783401,0.22737537920475007,0.23050570338964463,0.2296872615814209,0.22933983951807022,0.2343319535255432,0.23656319230794906,0.2366724729537964
1620,0.2615810975432396,1620,0.22658813744783401,0.22737537920475007,0.23050570338964463,0.2296872615814209,0.22933983951807022,0.2343319535255432,0.23656319230794906,0.2366724729537964
1621,0.2615810975432396,1621,0.22658813744783401,0.22737537920475007,0.23050570338964463,0.2296872615814209,0.22933983951807022,0.2343319535255432,0.23656319230794906,0.2366724729537964
1622,0.2615810975432396,1622,0.22658813744783401,0.22737537920475007,0.23050570338964463,0.2296872615814209,0.22933983951807022,0.2343319535255432,0.23656319230794906,0.2366724729537964
1623,0.2615810975432396,1623,0.22658813744783401,0.22737537920475007,0.23050570338964463,0.2296872615814209,0.22933983951807022,0.2343319535255432,0.23656319230794906,0.2366724729537964
1624,0.2615810975432396,1624,0.22658813744783401,0.22737537920475007,0.23050570338964463,0.2296872615814209,0.22933983951807022,0.2343319535255432,0.23656319230794906,0.2366724729537964
1625,0.2615810975432396,1625,0.22658813744783401,0.22737537920475007,0.23050570338964463,0.2296872615814209,0.22933983951807022,0.2343319535255432,0.23656319230794906,0.2366724729537964
1626,0.2615810975432396,1626,0.22658813744783401,0.22737537920475007,0.23050570338964463,0.2296872615814209,0.22933983951807022,0.2343319535255432,0.23656319230794906,0.2366724729537964
1627,0.2615810975432396,1627,0.22658813744783401,0.22737537920475007,0.23050570338964463,0.2296872615814209,0.22933983951807022,0.2343319535255432,0.23656319230794906,0.2366724729537964
1628,0.2615810975432396,1628,0.22658813744783401,0.22737537920475007,0.23050570338964463,0.2296872615814209,0.22933983951807022,0.2343319535255432,0.23656319230794906,0.2366724729537964
1629,0.2615810975432396,1629,0.22658813744783401,0.22737537920475007,0.23050570338964463,0.2296872615814209,0.22933983951807022,0.2343319535255432,0.23656319230794906,0.2366724729537964
1630,0.2615810975432396,1630,0.22658813744783401,0.22737537920475007,0.23050570338964463,0.2296872615814209,0.22933983951807022,0.2343319535255432,0.23656319230794906,0.2366724729537964
1631,0.2615810975432396,1631,0.22658813744783401,0.22737537920475007,0.23050570338964463,0.2296872615814209,0.22933983951807022,0.2343319535255432,0.23656319230794906,0.2366724729537964
1632,0.2615810975432396,1632,0.22658813744783401,0.22737537920475007,0.23050570338964463,0.2296872615814209,0.22933983951807022,0.2343319535255432,0.23656319230794906,0.2366724729537964
1633,0.2615810975432396,1633,0.22658813744783401,0.22737537920475007,0.23050570338964463,0.2296872615814209,0.22933983951807022,0.2343319535255432,0.23656319230794906,0.2366724729537964
1634,0.2615810975432396,1634,0.22658813744783401,0.22737537920475007,0.23050570338964463,0.2296872615814209,0.22933983951807022,0.2343319535255432,0.23656319230794906,0.2366724729537964
1635,0.2615810975432396,1635,0.22658813744783401,0.22737537920475007,0.23050570338964463,0.2296872615814209,0.22933983951807022,0.2343319535255432,0.23656319230794906,0.2366724729537964
1636,0.2615810975432396,1636,0.22658813744783401,0.22737537920475007,0.23050570338964463,0.2296872615814209,0.22933983951807022,0.2343319535255432,0.23656319230794906,0.2366724729537964
1637,0.2615810975432396,1637,0.22658813744783401,0.22737537920475007,0.23050570338964463,0.2296872615814209,0.22933983951807022,0.2343319535255432,0.23656319230794906,0.2366724729537964
1638,0.2615810975432396,1638,0.22658813744783401,0.22737537920475007,0.23050570338964463,0.2296872615814209,0.22933983951807022,0.2343319535255432,0.23656319230794906,0.2366724729537964
1639,0.2615810975432396,1639,0.22658813744783401,0.22737537920475007,0.23050570338964463,0.2296872615814209,0.22933983951807022,0.2343319535255432,0.23656319230794906,0.2366724729537964
1640,0.2615810975432396,1640,0.22658813744783401,0.22737537920475007,0.23050570338964463,0.2296872615814209,0.22933983951807022,0.2343319535255432,0.23656319230794906,0.2366724729537964
1641,0.2615810975432396,1641,0.22658813744783401,0.22737537920475007,0.23050570338964463,0.2296872615814209,0.22933983951807022,0.2343319535255432,0.23656319230794906,0.2366724729537964
1642,0.2615810975432396,1642,0.22658813744783401,0.22737537920475007,0.23050570338964463,0.2296872615814209,0.22933983951807022,0.2343319535255432,0.23656319230794906,0.2366724729537964
1643,0.2615810975432396,1643,0.22658813744783401,0.22737537920475007,0.23050570338964463,0.2296872615814209,0.22933983951807022,0.2343319535255432,0.23656319230794906,0.2366724729537964
1644,0.2615810975432396,1644,0.22658813744783401,0.22737537920475007,0.23050570338964463,0.2296872615814209,0.22933983951807022,0.2343319535255432,0.23656319230794906,0.2366724729537964
1645,0.2615810975432396,1645,0.22658813744783401,0.22737537920475007,0.23050570338964463,0.2296872615814209,0.22933983951807022,0.2343319535255432,0.23656319230794906,0.2366724729537964
1646,0.2615810975432396,1646,0.22658813744783401,0.22737537920475007,0.23050570338964463,0.2296872615814209,0.22933983951807022,0.2343319535255432,0.23656319230794906,0.2366724729537964
1647,0.2615810975432396,1647,0.22658813744783401,0.22737537920475007,0.23050570338964463,0.2296872615814209,0.22933983951807022,0.2343319535255432,0.23656319230794906,0.2366724729537964
1648,0.2615810975432396,1648,0.22658813744783401,0.22737537920475007,0.23050570338964463,0.2296872615814209,0.22933983951807022,0.2343319535255432,0.23656319230794906,0.2366724729537964
1649,0.2615810975432396,1649,0.22658813744783401,0.22737537920475007,0.23050570338964463,0.2296872615814209,0.22933983951807022,0.2343319535255432,0.23656319230794906,0.2366724729537964
1650,0.2615810975432396,1650,0.22658813744783401,0.22737537920475007,0.23050570338964463,0.2296872615814209,0.22933983951807022,0.2343319535255432,0.23656319230794906,0.2366724729537964
1651,0.2615810975432396,1651,0.22658813744783401,0.22737537920475007,0.23050570338964463,0.2296872615814209,0.22933983951807022,0.2343319535255432,0.23656319230794906,0.2366724729537964
1652,0.2615810975432396,1652,0.22658813744783401,0.22737537920475007,0.23050570338964463,0.2296872615814209,0.22933983951807022,0.2343319535255432,0.23656319230794906,0.2366724729537964
1653,0.2615810975432396,1653,0.22658813744783401,0.22737537920475007,0.23050570338964463,0.2296872615814209,0.22933983951807022,0.2343319535255432,0.23656319230794906,0.2366724729537964
1654,0.2615810975432396,1654,0.22658813744783401,0.22737537920475007,0.23050570338964463,0.2296872615814209,0.22933983951807022,0.2343319535255432,0.23656319230794906,0.2366724729537964
1655,0.2615810975432396,1655,0.22658813744783401,0.22737537920475007,0.23050570338964463,0.2296872615814209,0.22933983951807022,0.2343319535255432,0.23656319230794906,0.2366724729537964
1656,0.2615810975432396,1656,0.22658813744783401,0.22737537920475007,0.23050570338964463,0.2296872615814209,0.22933983951807022,0.2343319535255432,0.23656319230794906,0.2366724729537964
1657,0.2615810975432396,1657,0.22658813744783401,0.22737537920475007,0.23050570338964463,0.2296872615814209,0.22933983951807022,0.2343319535255432,0.23656319230794906,0.2366724729537964
1658,0.2615810975432396,1658,0.22658813744783401,0.22737537920475007,0.23050570338964463,0.2296872615814209,0.22933983951807022,0.2343319535255432,0.23656319230794906,0.2366724729537964
1659,0.2615810975432396,1659,0.22658813744783401,0.22737537920475007,0.23050570338964463,0.2296872615814209,0.22933983951807022,0.2343319535255432,0.23656319230794906,0.2366724729537964
1660,0.2615810975432396,1660,0.22658813744783401,0.22737537920475007,0.23050570338964463,0.2296872615814209,0.22933983951807022,0.2343319535255432,0.23656319230794906,0.2366724729537964
1661,0.2615810975432396,1661,0.22658813744783401,0.22737537920475007,0.23050570338964463,0.2296872615814209,0.22933983951807022,0.2343319535255432,0.23656319230794906,0.2366724729537964
1662,0.2615810975432396,1662,0.22658813744783401,0.22737537920475007,0.23050570338964463,0.2296872615814209,0.22933983951807022,0.2343319535255432,0.23656319230794906,0.2366724729537964
1663,0.2615810975432396,1663,0.22658813744783401,0.22737537920475007,0.23050570338964463,0.2296872615814209,0.22933983951807022,0.2343319535255432,0.23656319230794906,0.2366724729537964
1664,0.2615810975432396,1664,0.22658813744783401,0.22737537920475007,0.23050570338964463,0.2296872615814209,0.22933983951807022,0.2343319535255432,0.23656319230794906,0.2366724729537964
1665,0.2615810975432396,1665,0.22658813744783401,0.22737537920475007,0.23050570338964463,0.2296872615814209,0.22933983951807022,0.2343319535255432,0.23656319230794906,0.2366724729537964
1666,0.2615810975432396,1666,0.22658813744783401,0.22737537920475007,0.23050570338964463,0.2296872615814209,0.22933983951807022,0.2343319535255432,0.23656319230794906,0.2366724729537964
1667,0.2615810975432396,1667,0.22658813744783401,0.22737537920475007,0.23050570338964463,0.2296872615814209,0.22933983951807022,0.2343319535255432,0.23656319230794906,0.2366724729537964
1668,0.2615810975432396,1668,0.22658813744783401,0.22737537920475007,0.23050570338964463,0.2296872615814209,0.22933983951807022,0.2343319535255432,0.23656319230794906,0.2366724729537964
1669,0.2615810975432396,1669,0.22658813744783401,0.22737537920475007,0.23050570338964463,0.2296872615814209,0.22933983951807022,0.2343319535255432,0.23656319230794906,0.2366724729537964
1670,0.2615810975432396,1670,0.22658813744783401,0.22737537920475007,0.23050570338964463,0.2296872615814209,0.22933983951807022,0.2343319535255432,0.23656319230794906,0.2366724729537964
1671,0.2615810975432396,1671,0.22658813744783401,0.22737537920475007,0.23050570338964463,0.2296872615814209,0.22933983951807022,0.2343319535255432,0.23656319230794906,0.2366724729537964
1672,0.2615810975432396,1672,0.22658813744783401,0.22737537920475007,0.23050570338964463,0.2296872615814209,0.22933983951807022,0.2343319535255432,0.23656319230794906,0.2366724729537964
1673,0.2615810975432396,1673,0.22658813744783401,0.22737537920475007,0.23050570338964463,0.2296872615814209,0.22933983951807022,0.2343319535255432,0.23656319230794906,0.2366724729537964
1674,0.2615810975432396,1674,0.22658813744783401,0.22737537920475007,0.23050570338964463,0.2296872615814209,0.22933983951807022,0.2343319535255432,0.23656319230794906,0.2366724729537964
1675,0.2615810975432396,1675,0.22658813744783401,0.22737537920475007,0.23050570338964463,0.2296872615814209,0.22933983951807022,0.2343319535255432,0.23656319230794906,0.2366724729537964
1676,0.2615810975432396,1676,0.22658813744783401,0.22737537920475007,0.23050570338964463,0.2296872615814209,0.22933983951807022,0.2343319535255432,0.23656319230794906,0.2366724729537964
1677,0.2615810975432396,1677,0.22658813744783401,0.22737537920475007,0.23050570338964463,0.2296872615814209,0.22933983951807022,0.2343319535255432,0.23656319230794906,0.2366724729537964
1678,0.2615810975432396,1678,0.22658813744783401,0.22737537920475007,0.23050570338964463,0.2296872615814209,0.22933983951807022,0.2343319535255432,0.23656319230794906,0.2366724729537964
1679,0.2615810975432396,1679,0.22658813744783401,0.22737537920475007,0.23050570338964463,0.2296872615814209,0.22933983951807022,0.2343319535255432,0.23656319230794906,0.2366724729537964
1680,0.2615810975432396,1680,0.22658813744783401,0.22737537920475007,0.23050570338964463,0.2296872615814209,0.22933983951807022,0.2343319535255432,0.23656319230794906,0.2366724729537964
1681,0.2615810975432396,1681,0.22658813744783401,0.22737537920475007,0.23050570338964463,0.2296872615814209,0.22933983951807022,0.2343319535255432,0.23656319230794906,0.2366724729537964
1682,0.2615810975432396,1682,0.22658813744783401,0.22737537920475007,0.23050570338964463,0.2296872615814209,0.22933983951807022,0.2343319535255432,0.23656319230794906,0.2366724729537964
1683,0.2615810975432396,1683,0.22658813744783401,0.22737537920475007,0.23050570338964463,0.2296872615814209,0.22933983951807022,0.2343319535255432,0.23656319230794906,0.2366724729537964
1684,0.2615810975432396,1684,0.22658813744783401,0.22737537920475007,0.23050570338964463,0.2296872615814209,0.22933983951807022,0.2343319535255432,0.23656319230794906,0.2366724729537964
1685,0.2615810975432396,1685,0.22658813744783401,0.22737537920475007,0.23050570338964463,0.2296872615814209,0.22933983951807022,0.2343319535255432,0.23656319230794906,0.2366724729537964
1686,0.2615810975432396,1686,0.22658813744783401,0.22737537920475007,0.23050570338964463,0.2296872615814209,0.22933983951807022,0.2343319535255432,0.23656319230794906,0.2366724729537964
1687,0.2615810975432396,1687,0.22658813744783401,0.22737537920475007,0.23050570338964463,0.2296872615814209,0.22933983951807022,0.2343319535255432,0.23656319230794906,0.2366724729537964
1688,0.2615810975432396,1688,0.22658813744783401,0.22737537920475007,0.23050570338964463,0.2296872615814209,0.22933983951807022,0.2343319535255432,0.23656319230794906,0.2366724729537964
1689,0.2615810975432396,1689,0.22658813744783401,0.22737537920475007,0.23050570338964463,0.2296872615814209,0.22933983951807022,0.2343319535255432,0.23656319230794906,0.2366724729537964
1690,0.2615810975432396,1690,0.22658813744783401,0.22737537920475007,0.23050570338964463,0.2296872615814209,0.22933983951807022,0.2343319535255432,0.23656319230794906,0.2366724729537964
1691,0.2615810975432396,1691,0.22658813744783401,0.22737537920475007,0.23050570338964463,0.2296872615814209,0.22933983951807022,0.2343319535255432,0.23656319230794906,0.2366724729537964
1692,0.2615810975432396,1692,0.22658813744783401,0.22737537920475007,0.23050570338964463,0.2296872615814209,0.22933983951807022,0.2343319535255432,0.23656319230794906,0.2366724729537964
1693,0.2615810975432396,1693,0.22658813744783401,0.22737537920475007,0.23050570338964463,0.2296872615814209,0.22933983951807022,0.2343319535255432,0.23656319230794906,0.2366724729537964
1694,0.2615810975432396,1694,0.22658813744783401,0.22737537920475007,0.23050570338964463,0.2296872615814209,0.22933983951807022,0.2343319535255432,0.23656319230794906,0.2366724729537964
1695,0.2615810975432396,1695,0.22658813744783401,0.22737537920475007,0.23050570338964463,0.2296872615814209,0.22933983951807022,0.2343319535255432,0.23656319230794906,0.2366724729537964
1696,0.2615810975432396,1696,0.22658813744783401,0.22737537920475007,0.23050570338964463,0.2296872615814209,0.22933983951807022,0.2343319535255432,0.23656319230794906,0.2366724729537964
1697,0.2615810975432396,1697,0.22658813744783401,0.22737537920475007,0.23050570338964463,0.2296872615814209,0.22933983951807022,0.2343319535255432,0.23656319230794906,0.2366724729537964
1698,0.2615810975432396,1698,0.22658813744783401,0.22737537920475007,0.23050570338964463,0.2296872615814209,0.22933983951807022,0.2343319535255432,0.23656319230794906,0.2366724729537964
1699,0.2615810975432396,1699,0.22658813744783401,0.22737537920475007,0.23050570338964463,0.2296872615814209,0.22933983951807022,0.2343319535255432,0.23656319230794906,0.2366724729537964
1700,0.2615810975432396,1700,0.22658813744783401,0.22737537920475007,0.23050570338964463,0.2296872615814209,0.22933983951807022,0.2343319535255432,0.23656319230794906,0.2366724729537964
1701,0.2615810975432396,1701,0.22658813744783401,0.22737537920475007,0.23050570338964463,0.2296872615814209,0.22933983951807022,0.2343319535255432,0.23656319230794906,0.2366724729537964
1702,0.2615810975432396,1702,0.22658813744783401,0.22737537920475007,0.23050570338964463,0.2296872615814209,0.22933983951807022,0.2343319535255432,0.23656319230794906,0.2366724729537964
1703,0.2615810975432396,1703,0.22658813744783401,0.22737537920475007,0.23050570338964463,0.2296872615814209,0.22933983951807022,0.2343319535255432,0.23656319230794906,0.2366724729537964
1704,0.2615810975432396,1704,0.22658813744783401,0.22737537920475007,0.23050570338964463,0.2296872615814209,0.22933983951807022,0.2343319535255432,0.23656319230794906,0.2366724729537964
1705,0.2615810975432396,1705,0.22658813744783401,0.22737537920475007,0.23050570338964463,0.2296872615814209,0.22933983951807022,0.2343319535255432,0.23656319230794906,0.2366724729537964
1706,0.2615810975432396,1706,0.22658813744783401,0.22737537920475007,0.23050570338964463,0.2296872615814209,0.22933983951807022,0.2343319535255432,0.23656319230794906,0.2366724729537964
1707,0.2615810975432396,1707,0.22658813744783401,0.22737537920475007,0.23050570338964463,0.2296872615814209,0.22933983951807022,0.2343319535255432,0.23656319230794906,0.2366724729537964
1708,0.2615810975432396,1708,0.22658813744783401,0.22737537920475007,0.23050570338964463,0.2296872615814209,0.22933983951807022,0.2343319535255432,0.23656319230794906,0.2366724729537964
1709,0.2615810975432396,1709,0.22658813744783401,0.22737537920475007,0.23050570338964463,0.2296872615814209,0.22933983951807022,0.2343319535255432,0.23656319230794906,0.2366724729537964
1710,0.2615810975432396,1710,0.22658813744783401,0.22737537920475007,0.23050570338964463,0.2296872615814209,0.22933983951807022,0.2343319535255432,0.23656319230794906,0.2366724729537964
1711,0.2615810975432396,1711,0.22658813744783401,0.22737537920475007,0.23050570338964463,0.2296872615814209,0.22933983951807022,0.2343319535255432,0.23656319230794906,0.2366724729537964
1712,0.2615810975432396,1712,0.22658813744783401,0.22737537920475007,0.23050570338964463,0.2296872615814209,0.22933983951807022,0.2343319535255432,0.23656319230794906,0.2366724729537964
1713,0.2615810975432396,1713,0.22658813744783401,0.22737537920475007,0.23050570338964463,0.2296872615814209,0.22933983951807022,0.2343319535255432,0.23656319230794906,0.2366724729537964
1714,0.2615810975432396,1714,0.22658813744783401,0.22737537920475007,0.23050570338964463,0.2296872615814209,0.22933983951807022,0.2343319535255432,0.23656319230794906,0.2366724729537964
1715,0.2615810975432396,1715,0.22658813744783401,0.22737537920475007,0.23050570338964463,0.2296872615814209,0.22933983951807022,0.2343319535255432,0.23656319230794906,0.2366724729537964
1716,0.2615810975432396,1716,0.22658813744783401,0.22737537920475007,0.23050570338964463,0.2296872615814209,0.22933983951807022,0.2343319535255432,0.23656319230794906,0.2366724729537964
1717,0.2615810975432396,1717,0.22658813744783401,0.22737537920475007,0.23050570338964463,0.2296872615814209,0.22933983951807022,0.2343319535255432,0.23656319230794906,0.2366724729537964
1718,0.2615810975432396,1718,0.22658813744783401,0.22737537920475007,0.23050570338964463,0.2296872615814209,0.22933983951807022,0.2343319535255432,0.23656319230794906,0.2366724729537964
1719,0.2615810975432396,1719,0.22658813744783401,0.22737537920475007,0.23050570338964463,0.2296872615814209,0.22933983951807022,0.2343319535255432,0.23656319230794906,0.2366724729537964
1720,0.2615810975432396,1720,0.22658813744783401,0.22737537920475007,0.23050570338964463,0.2296872615814209,0.22933983951807022,0.2343319535255432,0.23656319230794906,0.2366724729537964
1721,0.2615810975432396,1721,0.22658813744783401,0.22737537920475007,0.23050570338964463,0.2296872615814209,0.22933983951807022,0.2343319535255432,0.23656319230794906,0.2366724729537964
1722,0.2615810975432396,1722,0.22658813744783401,0.22737537920475007,0.23050570338964463,0.2296872615814209,0.22933983951807022,0.2343319535255432,0.23656319230794906,0.2366724729537964
1723,0.2615810975432396,1723,0.22658813744783401,0.22737537920475007,0.23050570338964463,0.2296872615814209,0.22933983951807022,0.2343319535255432,0.23656319230794906,0.2366724729537964
1724,0.2615810975432396,1724,0.22658813744783401,0.22737537920475007,0.23050570338964463,0.2296872615814209,0.22933983951807022,0.2343319535255432,0.23656319230794906,0.2366724729537964
1725,0.2615810975432396,1725,0.22658813744783401,0.22737537920475007,0.23050570338964463,0.2296872615814209,0.22933983951807022,0.2343319535255432,0.23656319230794906,0.2366724729537964
1726,0.2615810975432396,1726,0.22658813744783401,0.22737537920475007,0.23050570338964463,0.2296872615814209,0.22933983951807022,0.2343319535255432,0.23656319230794906,0.2366724729537964
1727,0.2615810975432396,1727,0.22658813744783401,0.22737537920475007,0.23050570338964463,0.2296872615814209,0.22933983951807022,0.2343319535255432,0.23656319230794906,0.2366724729537964
1728,0.2615810975432396,1728,0.22658813744783401,0.22737537920475007,0.23050570338964463,0.2296872615814209,0.22933983951807022,0.2343319535255432,0.23656319230794906,0.2366724729537964
1729,0.2615810975432396,1729,0.22658813744783401,0.22737537920475007,0.23050570338964463,0.2296872615814209,0.22933983951807022,0.2343319535255432,0.23656319230794906,0.2366724729537964
1730,0.2615810975432396,1730,0.22658813744783401,0.22737537920475007,0.23050570338964463,0.2296872615814209,0.22933983951807022,0.2343319535255432,0.23656319230794906,0.2366724729537964
1731,0.2615810975432396,1731,0.22658813744783401,0.22737537920475007,0.23050570338964463,0.2296872615814209,0.22933983951807022,0.2343319535255432,0.23656319230794906,0.2366724729537964
1732,0.2615810975432396,1732,0.22658813744783401,0.22737537920475007,0.23050570338964463,0.2296872615814209,0.22933983951807022,0.2343319535255432,0.23656319230794906,0.2366724729537964
1733,0.2615810975432396,1733,0.22658813744783401,0.22737537920475007,0.23050570338964463,0.2296872615814209,0.22933983951807022,0.2343319535255432,0.23656319230794906,0.2366724729537964
1734,0.2615810975432396,1734,0.22658813744783401,0.22737537920475007,0.23050570338964463,0.2296872615814209,0.22933983951807022,0.2343319535255432,0.23656319230794906,0.2366724729537964
1735,0.2615810975432396,1735,0.22658813744783401,0.22737537920475007,0.23050570338964463,0.2296872615814209,0.22933983951807022,0.2343319535255432,0.23656319230794906,0.2366724729537964
1736,0.2615810975432396,1736,0.22658813744783401,0.22737537920475007,0.23050570338964463,0.2296872615814209,0.22933983951807022,0.2343319535255432,0.23656319230794906,0.2366724729537964
1737,0.2615810975432396,1737,0.22658813744783401,0.22737537920475007,0.23050570338964463,0.2296872615814209,0.22933983951807022,0.2343319535255432,0.23656319230794906,0.2366724729537964
1738,0.2615810975432396,1738,0.22658813744783401,0.22737537920475007,0.23050570338964463,0.2296872615814209,0.22933983951807022,0.2343319535255432,0.23656319230794906,0.2366724729537964
1739,0.2615810975432396,1739,0.22658813744783401,0.22737537920475007,0.23050570338964463,0.2296872615814209,0.22933983951807022,0.2343319535255432,0.23656319230794906,0.2366724729537964
1740,0.2615810975432396,1740,0.22658813744783401,0.22737537920475007,0.23050570338964463,0.2296872615814209,0.22933983951807022,0.2343319535255432,0.23656319230794906,0.2366724729537964
1741,0.2615810975432396,1741,0.22658813744783401,0.22737537920475007,0.23050570338964463,0.2296872615814209,0.22933983951807022,0.2343319535255432,0.23656319230794906,0.2366724729537964
1742,0.2615810975432396,1742,0.22658813744783401,0.22737537920475007,0.23050570338964463,0.2296872615814209,0.22933983951807022,0.2343319535255432,0.23656319230794906,0.2366724729537964
1743,0.2615810975432396,1743,0.22658813744783401,0.22737537920475007,0.23050570338964463,0.2296872615814209,0.22933983951807022,0.2343319535255432,0.23656319230794906,0.2366724729537964
1744,0.2615810975432396,1744,0.22658813744783401,0.22737537920475007,0.23050570338964463,0.2296872615814209,0.22933983951807022,0.2343319535255432,0.23656319230794906,0.2366724729537964
1745,0.2615810975432396,1745,0.22658813744783401,0.22737537920475007,0.23050570338964463,0.2296872615814209,0.22933983951807022,0.2343319535255432,0.23656319230794906,0.2366724729537964
1746,0.2615810975432396,1746,0.22658813744783401,0.22737537920475007,0.23050570338964463,0.2296872615814209,0.22933983951807022,0.2343319535255432,0.23656319230794906,0.2366724729537964
1747,0.2615810975432396,1747,0.22658813744783401,0.22737537920475007,0.23050570338964463,0.2296872615814209,0.22933983951807022,0.2343319535255432,0.23656319230794906,0.2366724729537964
1748,0.2615810975432396,1748,0.22658813744783401,0.22737537920475007,0.23050570338964463,0.2296872615814209,0.22933983951807022,0.2343319535255432,0.23656319230794906,0.2366724729537964
1749,0.2615810975432396,1749,0.22658813744783401,0.22737537920475007,0.23050570338964463,0.2296872615814209,0.22933983951807022,0.2343319535255432,0.23656319230794906,0.2366724729537964
1750,0.26175458580255506,1750,0.22655851691961287,0.22741060853004455,0.2297339305281639,0.2297941505908966,0.2303806275129318,0.23328467905521394,0.23620910048484803,0.23679616302251816
1751,0.26175458580255506,1751,0.22655851691961287,0.22741060853004455,0.2297339305281639,0.2297941505908966,0.2303806275129318,0.23328467905521394,0.23620910048484803,0.23679616302251816
1752,0.26175458580255506,1752,0.22655851691961287,0.22741060853004455,0.2297339305281639,0.2297941505908966,0.2303806275129318,0.23328467905521394,0.23620910048484803,0.23679616302251816
1753,0.26175458580255506,1753,0.22655851691961287,0.22741060853004455,0.2297339305281639,0.2297941505908966,0.2303806275129318,0.23328467905521394,0.23620910048484803,0.23679616302251816
1754,0.26175458580255506,1754,0.22655851691961287,0.22741060853004455,0.2297339305281639,0.2297941505908966,0.2303806275129318,0.23328467905521394,0.23620910048484803,0.23679616302251816
1755,0.26175458580255506,1755,0.22655851691961287,0.22741060853004455,0.2297339305281639,0.2297941505908966,0.2303806275129318,0.23328467905521394,0.23620910048484803,0.23679616302251816
1756,0.26175458580255506,1756,0.22655851691961287,0.22741060853004455,0.2297339305281639,0.2297941505908966,0.2303806275129318,0.23328467905521394,0.23620910048484803,0.23679616302251816
1757,0.26175458580255506,1757,0.22655851691961287,0.22741060853004455,0.2297339305281639,0.2297941505908966,0.2303806275129318,0.23328467905521394,0.23620910048484803,0.23679616302251816
1758,0.26175458580255506,1758,0.22655851691961287,0.22741060853004455,0.2297339305281639,0.2297941505908966,0.2303806275129318,0.23328467905521394,0.23620910048484803,0.23679616302251816
1759,0.26175458580255506,1759,0.22655851691961287,0.22741060853004455,0.2297339305281639,0.2297941505908966,0.2303806275129318,0.23328467905521394,0.23620910048484803,0.23679616302251816
1760,0.26175458580255506,1760,0.22655851691961287,0.22741060853004455,0.2297339305281639,0.2297941505908966,0.2303806275129318,0.23328467905521394,0.23620910048484803,0.23679616302251816
1761,0.26175458580255506,1761,0.22655851691961287,0.22741060853004455,0.2297339305281639,0.2297941505908966,0.2303806275129318,0.23328467905521394,0.23620910048484803,0.23679616302251816
1762,0.26175458580255506,1762,0.22655851691961287,0.22741060853004455,0.2297339305281639,0.2297941505908966,0.2303806275129318,0.23328467905521394,0.23620910048484803,0.23679616302251816
1763,0.26175458580255506,1763,0.22655851691961287,0.22741060853004455,0.2297339305281639,0.2297941505908966,0.2303806275129318,0.23328467905521394,0.23620910048484803,0.23679616302251816
1764,0.26175458580255506,1764,0.22655851691961287,0.22741060853004455,0.2297339305281639,0.2297941505908966,0.2303806275129318,0.23328467905521394,0.23620910048484803,0.23679616302251816
1765,0.26175458580255506,1765,0.22655851691961287,0.22741060853004455,0.2297339305281639,0.2297941505908966,0.2303806275129318,0.23328467905521394,0.23620910048484803,0.23679616302251816
1766,0.26175458580255506,1766,0.22655851691961287,0.22741060853004455,0.2297339305281639,0.2297941505908966,0.2303806275129318,0.23328467905521394,0.23620910048484803,0.23679616302251816
1767,0.26175458580255506,1767,0.22655851691961287,0.22741060853004455,0.2297339305281639,0.2297941505908966,0.2303806275129318,0.23328467905521394,0.23620910048484803,0.23679616302251816
1768,0.26175458580255506,1768,0.22655851691961287,0.22741060853004455,0.2297339305281639,0.2297941505908966,0.2303806275129318,0.23328467905521394,0.23620910048484803,0.23679616302251816
1769,0.26175458580255506,1769,0.22655851691961287,0.22741060853004455,0.2297339305281639,0.2297941505908966,0.2303806275129318,0.23328467905521394,0.23620910048484803,0.23679616302251816
1770,0.26175458580255506,1770,0.22655851691961287,0.22741060853004455,0.2297339305281639,0.2297941505908966,0.2303806275129318,0.23328467905521394,0.23620910048484803,0.23679616302251816
1771,0.26175458580255506,1771,0.22655851691961287,0.22741060853004455,0.2297339305281639,0.2297941505908966,0.2303806275129318,0.23328467905521394,0.23620910048484803,0.23679616302251816
1772,0.26175458580255506,1772,0.22655851691961287,0.22741060853004455,0.2297339305281639,0.2297941505908966,0.2303806275129318,0.23328467905521394,0.23620910048484803,0.23679616302251816
1773,0.26175458580255506,1773,0.22655851691961287,0.22741060853004455,0.2297339305281639,0.2297941505908966,0.2303806275129318,0.23328467905521394,0.23620910048484803,0.23679616302251816
1774,0.26175458580255506,1774,0.22655851691961287,0.22741060853004455,0.2297339305281639,0.2297941505908966,0.2303806275129318,0.23328467905521394,0.23620910048484803,0.23679616302251816
1775,0.26175458580255506,1775,0.22655851691961287,0.22741060853004455,0.2297339305281639,0.2297941505908966,0.2303806275129318,0.23328467905521394,0.23620910048484803,0.23679616302251816
1776,0.26175458580255506,1776,0.22655851691961287,0.22741060853004455,0.2297339305281639,0.2297941505908966,0.2303806275129318,0.23328467905521394,0.23620910048484803,0.23679616302251816
1777,0.26175458580255506,1777,0.22655851691961287,0.22741060853004455,0.2297339305281639,0.2297941505908966,0.2303806275129318,0.23328467905521394,0.23620910048484803,0.23679616302251816
1778,0.26175458580255506,1778,0.22655851691961287,0.22741060853004455,0.2297339305281639,0.2297941505908966,0.2303806275129318,0.23328467905521394,0.23620910048484803,0.23679616302251816
1779,0.26175458580255506,1779,0.22655851691961287,0.22741060853004455,0.2297339305281639,0.2297941505908966,0.2303806275129318,0.23328467905521394,0.23620910048484803,0.23679616302251816
1780,0.26175458580255506,1780,0.22655851691961287,0.22741060853004455,0.2297339305281639,0.2297941505908966,0.2303806275129318,0.23328467905521394,0.23620910048484803,0.23679616302251816
1781,0.26175458580255506,1781,0.22655851691961287,0.22741060853004455,0.2297339305281639,0.2297941505908966,0.2303806275129318,0.23328467905521394,0.23620910048484803,0.23679616302251816
1782,0.26175458580255506,1782,0.22655851691961287,0.22741060853004455,0.2297339305281639,0.2297941505908966,0.2303806275129318,0.23328467905521394,0.23620910048484803,0.23679616302251816
1783,0.26175458580255506,1783,0.22655851691961287,0.22741060853004455,0.2297339305281639,0.2297941505908966,0.2303806275129318,0.23328467905521394,0.23620910048484803,0.23679616302251816
1784,0.26175458580255506,1784,0.22655851691961287,0.22741060853004455,0.2297339305281639,0.2297941505908966,0.2303806275129318,0.23328467905521394,0.23620910048484803,0.23679616302251816
1785,0.26175458580255506,1785,0.22655851691961287,0.22741060853004455,0.2297339305281639,0.2297941505908966,0.2303806275129318,0.23328467905521394,0.23620910048484803,0.23679616302251816
1786,0.26175458580255506,1786,0.22655851691961287,0.22741060853004455,0.2297339305281639,0.2297941505908966,0.2303806275129318,0.23328467905521394,0.23620910048484803,0.23679616302251816
1787,0.26175458580255506,1787,0.22655851691961287,0.22741060853004455,0.2297339305281639,0.2297941505908966,0.2303806275129318,0.23328467905521394,0.23620910048484803,0.23679616302251816
1788,0.26175458580255506,1788,0.22655851691961287,0.22741060853004455,0.2297339305281639,0.2297941505908966,0.2303806275129318,0.23328467905521394,0.23620910048484803,0.23679616302251816
1789,0.26175458580255506,1789,0.22655851691961287,0.22741060853004455,0.2297339305281639,0.2297941505908966,0.2303806275129318,0.23328467905521394,0.23620910048484803,0.23679616302251816
1790,0.26175458580255506,1790,0.22655851691961287,0.22741060853004455,0.2297339305281639,0.2297941505908966,0.2303806275129318,0.23328467905521394,0.23620910048484803,0.23679616302251816
1791,0.26175458580255506,1791,0.22655851691961287,0.22741060853004455,0.2297339305281639,0.2297941505908966,0.2303806275129318,0.23328467905521394,0.23620910048484803,0.23679616302251816
1792,0.26175458580255506,1792,0.22655851691961287,0.22741060853004455,0.2297339305281639,0.2297941505908966,0.2303806275129318,0.23328467905521394,0.23620910048484803,0.23679616302251816
1793,0.26175458580255506,1793,0.22655851691961287,0.22741060853004455,0.2297339305281639,0.2297941505908966,0.2303806275129318,0.23328467905521394,0.23620910048484803,0.23679616302251816
1794,0.26175458580255506,1794,0.22655851691961287,0.22741060853004455,0.2297339305281639,0.2297941505908966,0.2303806275129318,0.23328467905521394,0.23620910048484803,0.23679616302251816
1795,0.26175458580255506,1795,0.22655851691961287,0.22741060853004455,0.2297339305281639,0.2297941505908966,0.2303806275129318,0.23328467905521394,0.23620910048484803,0.23679616302251816
1796,0.26175458580255506,1796,0.22655851691961287,0.22741060853004455,0.2297339305281639,0.2297941505908966,0.2303806275129318,0.23328467905521394,0.23620910048484803,0.23679616302251816
1797,0.26175458580255506,1797,0.22655851691961287,0.22741060853004455,0.2297339305281639,0.2297941505908966,0.2303806275129318,0.23328467905521394,0.23620910048484803,0.23679616302251816
1798,0.26175458580255506,1798,0.22655851691961287,0.22741060853004455,0.2297339305281639,0.2297941505908966,0.2303806275129318,0.23328467905521394,0.23620910048484803,0.23679616302251816
1799,0.26175458580255506,1799,0.22655851691961287,0.22741060853004455,0.2297339305281639,0.2297941505908966,0.2303806275129318,0.23328467905521394,0.23620910048484803,0.23679616302251816
1800,0.26175458580255506,1800,0.22655851691961287,0.22741060853004455,0.2297339305281639,0.2297941505908966,0.2303806275129318,0.23328467905521394,0.23620910048484803,0.23679616302251816
1801,0.26175458580255506,1801,0.22655851691961287,0.22741060853004455,0.2297339305281639,0.2297941505908966,0.2303806275129318,0.23328467905521394,0.23620910048484803,0.23679616302251816
1802,0.26175458580255506,1802,0.22655851691961287,0.22741060853004455,0.2297339305281639,0.2297941505908966,0.2303806275129318,0.23328467905521394,0.23620910048484803,0.23679616302251816
1803,0.26175458580255506,1803,0.22655851691961287,0.22741060853004455,0.2297339305281639,0.2297941505908966,0.2303806275129318,0.23328467905521394,0.23620910048484803,0.23679616302251816
1804,0.26175458580255506,1804,0.22655851691961287,0.22741060853004455,0.2297339305281639,0.2297941505908966,0.2303806275129318,0.23328467905521394,0.23620910048484803,0.23679616302251816
1805,0.26175458580255506,1805,0.22655851691961287,0.22741060853004455,0.2297339305281639,0.2297941505908966,0.2303806275129318,0.23328467905521394,0.23620910048484803,0.23679616302251816
1806,0.26175458580255506,1806,0.22655851691961287,0.22741060853004455,0.2297339305281639,0.2297941505908966,0.2303806275129318,0.23328467905521394,0.23620910048484803,0.23679616302251816
1807,0.26175458580255506,1807,0.22655851691961287,0.22741060853004455,0.2297339305281639,0.2297941505908966,0.2303806275129318,0.23328467905521394,0.23620910048484803,0.23679616302251816
1808,0.26175458580255506,1808,0.22655851691961287,0.22741060853004455,0.2297339305281639,0.2297941505908966,0.2303806275129318,0.23328467905521394,0.23620910048484803,0.23679616302251816
1809,0.26175458580255506,1809,0.22655851691961287,0.22741060853004455,0.2297339305281639,0.2297941505908966,0.2303806275129318,0.23328467905521394,0.23620910048484803,0.23679616302251816
1810,0.26175458580255506,1810,0.22655851691961287,0.22741060853004455,0.2297339305281639,0.2297941505908966,0.2303806275129318,0.23328467905521394,0.23620910048484803,0.23679616302251816
1811,0.26175458580255506,1811,0.22655851691961287,0.22741060853004455,0.2297339305281639,0.2297941505908966,0.2303806275129318,0.23328467905521394,0.23620910048484803,0.23679616302251816
1812,0.26175458580255506,1812,0.22655851691961287,0.22741060853004455,0.2297339305281639,0.2297941505908966,0.2303806275129318,0.23328467905521394,0.23620910048484803,0.23679616302251816
1813,0.26175458580255506,1813,0.22655851691961287,0.22741060853004455,0.2297339305281639,0.2297941505908966,0.2303806275129318,0.23328467905521394,0.23620910048484803,0.23679616302251816
1814,0.26175458580255506,1814,0.22655851691961287,0.22741060853004455,0.2297339305281639,0.2297941505908966,0.2303806275129318,0.23328467905521394,0.23620910048484803,0.23679616302251816
1815,0.26175458580255506,1815,0.22655851691961287,0.22741060853004455,0.2297339305281639,0.2297941505908966,0.2303806275129318,0.23328467905521394,0.23620910048484803,0.23679616302251816
1816,0.26175458580255506,1816,0.22655851691961287,0.22741060853004455,0.2297339305281639,0.2297941505908966,0.2303806275129318,0.23328467905521394,0.23620910048484803,0.23679616302251816
1817,0.26175458580255506,1817,0.22655851691961287,0.22741060853004455,0.2297339305281639,0.2297941505908966,0.2303806275129318,0.23328467905521394,0.23620910048484803,0.23679616302251816
1818,0.26175458580255506,1818,0.22655851691961287,0.22741060853004455,0.2297339305281639,0.2297941505908966,0.2303806275129318,0.23328467905521394,0.23620910048484803,0.23679616302251816
1819,0.26175458580255506,1819,0.22655851691961287,0.22741060853004455,0.2297339305281639,0.2297941505908966,0.2303806275129318,0.23328467905521394,0.23620910048484803,0.23679616302251816
1820,0.26175458580255506,1820,0.22655851691961287,0.22741060853004455,0.2297339305281639,0.2297941505908966,0.2303806275129318,0.23328467905521394,0.23620910048484803,0.23679616302251816
1821,0.26175458580255506,1821,0.22655851691961287,0.22741060853004455,0.2297339305281639,0.2297941505908966,0.2303806275129318,0.23328467905521394,0.23620910048484803,0.23679616302251816
1822,0.26175458580255506,1822,0.22655851691961287,0.22741060853004455,0.2297339305281639,0.2297941505908966,0.2303806275129318,0.23328467905521394,0.23620910048484803,0.23679616302251816
1823,0.26175458580255506,1823,0.22655851691961287,0.22741060853004455,0.2297339305281639,0.2297941505908966,0.2303806275129318,0.23328467905521394,0.23620910048484803,0.23679616302251816
1824,0.26175458580255506,1824,0.22655851691961287,0.22741060853004455,0.2297339305281639,0.2297941505908966,0.2303806275129318,0.23328467905521394,0.23620910048484803,0.23679616302251816
1825,0.26175458580255506,1825,0.22655851691961287,0.22741060853004455,0.2297339305281639,0.2297941505908966,0.2303806275129318,0.23328467905521394,0.23620910048484803,0.23679616302251816
1826,0.26175458580255506,1826,0.22655851691961287,0.22741060853004455,0.2297339305281639,0.2297941505908966,0.2303806275129318,0.23328467905521394,0.23620910048484803,0.23679616302251816
1827,0.26175458580255506,1827,0.22655851691961287,0.22741060853004455,0.2297339305281639,0.2297941505908966,0.2303806275129318,0.23328467905521394,0.23620910048484803,0.23679616302251816
1828,0.26175458580255506,1828,0.22655851691961287,0.22741060853004455,0.2297339305281639,0.2297941505908966,0.2303806275129318,0.23328467905521394,0.23620910048484803,0.23679616302251816
1829,0.26175458580255506,1829,0.22655851691961287,0.22741060853004455,0.2297339305281639,0.2297941505908966,0.2303806275129318,0.23328467905521394,0.23620910048484803,0.23679616302251816
1830,0.26175458580255506,1830,0.22655851691961287,0.22741060853004455,0.2297339305281639,0.2297941505908966,0.2303806275129318,0.23328467905521394,0.23620910048484803,0.23679616302251816
1831,0.26175458580255506,1831,0.22655851691961287,0.22741060853004455,0.2297339305281639,0.2297941505908966,0.2303806275129318,0.23328467905521394,0.23620910048484803,0.23679616302251816
1832,0.26175458580255506,1832,0.22655851691961287,0.22741060853004455,0.2297339305281639,0.2297941505908966,0.2303806275129318,0.23328467905521394,0.23620910048484803,0.23679616302251816
1833,0.26175458580255506,1833,0.22655851691961287,0.22741060853004455,0.2297339305281639,0.2297941505908966,0.2303806275129318,0.23328467905521394,0.23620910048484803,0.23679616302251816
1834,0.26175458580255506,1834,0.22655851691961287,0.22741060853004455,0.2297339305281639,0.2297941505908966,0.2303806275129318,0.23328467905521394,0.23620910048484803,0.23679616302251816
1835,0.26175458580255506,1835,0.22655851691961287,0.22741060853004455,0.2297339305281639,0.2297941505908966,0.2303806275129318,0.23328467905521394,0.23620910048484803,0.23679616302251816
1836,0.26175458580255506,1836,0.22655851691961287,0.22741060853004455,0.2297339305281639,0.2297941505908966,0.2303806275129318,0.23328467905521394,0.23620910048484803,0.23679616302251816
1837,0.26175458580255506,1837,0.22655851691961287,0.22741060853004455,0.2297339305281639,0.2297941505908966,0.2303806275129318,0.23328467905521394,0.23620910048484803,0.23679616302251816
1838,0.26175458580255506,1838,0.22655851691961287,0.22741060853004455,0.2297339305281639,0.2297941505908966,0.2303806275129318,0.23328467905521394,0.23620910048484803,0.23679616302251816
1839,0.26175458580255506,1839,0.22655851691961287,0.22741060853004455,0.2297339305281639,0.2297941505908966,0.2303806275129318,0.23328467905521394,0.23620910048484803,0.23679616302251816
1840,0.26175458580255506,1840,0.22655851691961287,0.22741060853004455,0.2297339305281639,0.2297941505908966,0.2303806275129318,0.23328467905521394,0.23620910048484803,0.23679616302251816
1841,0.26175458580255506,1841,0.22655851691961287,0.22741060853004455,0.2297339305281639,0.2297941505908966,0.2303806275129318,0.23328467905521394,0.23620910048484803,0.23679616302251816
1842,0.26175458580255506,1842,0.22655851691961287,0.22741060853004455,0.2297339305281639,0.2297941505908966,0.2303806275129318,0.23328467905521394,0.23620910048484803,0.23679616302251816
1843,0.26175458580255506,1843,0.22655851691961287,0.22741060853004455,0.2297339305281639,0.2297941505908966,0.2303806275129318,0.23328467905521394,0.23620910048484803,0.23679616302251816
1844,0.26175458580255506,1844,0.22655851691961287,0.22741060853004455,0.2297339305281639,0.2297941505908966,0.2303806275129318,0.23328467905521394,0.23620910048484803,0.23679616302251816
1845,0.26175458580255506,1845,0.22655851691961287,0.22741060853004455,0.2297339305281639,0.2297941505908966,0.2303806275129318,0.23328467905521394,0.23620910048484803,0.23679616302251816
1846,0.26175458580255506,1846,0.22655851691961287,0.22741060853004455,0.2297339305281639,0.2297941505908966,0.2303806275129318,0.23328467905521394,0.23620910048484803,0.23679616302251816
1847,0.26175458580255506,1847,0.22655851691961287,0.22741060853004455,0.2297339305281639,0.2297941505908966,0.2303806275129318,0.23328467905521394,0.23620910048484803,0.23679616302251816
1848,0.26175458580255506,1848,0.22655851691961287,0.22741060853004455,0.2297339305281639,0.2297941505908966,0.2303806275129318,0.23328467905521394,0.23620910048484803,0.23679616302251816
1849,0.26175458580255506,1849,0.22655851691961287,0.22741060853004455,0.2297339305281639,0.2297941505908966,0.2303806275129318,0.23328467905521394,0.23620910048484803,0.23679616302251816
1850,0.26175458580255506,1850,0.22655851691961287,0.22741060853004455,0.2297339305281639,0.2297941505908966,0.2303806275129318,0.23328467905521394,0.23620910048484803,0.23679616302251816
1851,0.26175458580255506,1851,0.22655851691961287,0.22741060853004455,0.2297339305281639,0.2297941505908966,0.2303806275129318,0.23328467905521394,0.23620910048484803,0.23679616302251816
1852,0.26175458580255506,1852,0.22655851691961287,0.22741060853004455,0.2297339305281639,0.2297941505908966,0.2303806275129318,0.23328467905521394,0.23620910048484803,0.23679616302251816
1853,0.26175458580255506,1853,0.22655851691961287,0.22741060853004455,0.2297339305281639,0.2297941505908966,0.2303806275129318,0.23328467905521394,0.23620910048484803,0.23679616302251816
1854,0.26175458580255506,1854,0.22655851691961287,0.22741060853004455,0.2297339305281639,0.2297941505908966,0.2303806275129318,0.23328467905521394,0.23620910048484803,0.23679616302251816
1855,0.26175458580255506,1855,0.22655851691961287,0.22741060853004455,0.2297339305281639,0.2297941505908966,0.2303806275129318,0.23328467905521394,0.23620910048484803,0.23679616302251816
1856,0.26175458580255506,1856,0.22655851691961287,0.22741060853004455,0.2297339305281639,0.2297941505908966,0.2303806275129318,0.23328467905521394,0.23620910048484803,0.23679616302251816
1857,0.26175458580255506,1857,0.22655851691961287,0.22741060853004455,0.2297339305281639,0.2297941505908966,0.2303806275129318,0.23328467905521394,0.23620910048484803,0.23679616302251816
1858,0.26175458580255506,1858,0.22655851691961287,0.22741060853004455,0.2297339305281639,0.2297941505908966,0.2303806275129318,0.23328467905521394,0.23620910048484803,0.23679616302251816
1859,0.26175458580255506,1859,0.22655851691961287,0.22741060853004455,0.2297339305281639,0.2297941505908966,0.2303806275129318,0.23328467905521394,0.23620910048484803,0.23679616302251816
1860,0.26175458580255506,1860,0.22655851691961287,0.22741060853004455,0.2297339305281639,0.2297941505908966,0.2303806275129318,0.23328467905521394,0.23620910048484803,0.23679616302251816
1861,0.26175458580255506,1861,0.22655851691961287,0.22741060853004455,0.2297339305281639,0.2297941505908966,0.2303806275129318,0.23328467905521394,0.23620910048484803,0.23679616302251816
1862,0.26175458580255506,1862,0.22655851691961287,0.22741060853004455,0.2297339305281639,0.2297941505908966,0.2303806275129318,0.23328467905521394,0.23620910048484803,0.23679616302251816
1863,0.26175458580255506,1863,0.22655851691961287,0.22741060853004455,0.2297339305281639,0.2297941505908966,0.2303806275129318,0.23328467905521394,0.23620910048484803,0.23679616302251816
1864,0.26175458580255506,1864,0.22655851691961287,0.22741060853004455,0.2297339305281639,0.2297941505908966,0.2303806275129318,0.23328467905521394,0.23620910048484803,0.23679616302251816
1865,0.26175458580255506,1865,0.22655851691961287,0.22741060853004455,0.2297339305281639,0.2297941505908966,0.2303806275129318,0.23328467905521394,0.23620910048484803,0.23679616302251816
1866,0.26175458580255506,1866,0.22655851691961287,0.22741060853004455,0.2297339305281639,0.2297941505908966,0.2303806275129318,0.23328467905521394,0.23620910048484803,0.23679616302251816
1867,0.26175458580255506,1867,0.22655851691961287,0.22741060853004455,0.2297339305281639,0.2297941505908966,0.2303806275129318,0.23328467905521394,0.23620910048484803,0.23679616302251816
1868,0.26175458580255506,1868,0.22655851691961287,0.22741060853004455,0.2297339305281639,0.2297941505908966,0.2303806275129318,0.23328467905521394,0.23620910048484803,0.23679616302251816
1869,0.26175458580255506,1869,0.22655851691961287,0.22741060853004455,0.2297339305281639,0.2297941505908966,0.2303806275129318,0.23328467905521394,0.23620910048484803,0.23679616302251816
1870,0.26175458580255506,1870,0.22655851691961287,0.22741060853004455,0.2297339305281639,0.2297941505908966,0.2303806275129318,0.23328467905521394,0.23620910048484803,0.23679616302251816
1871,0.26175458580255506,1871,0.22655851691961287,0.22741060853004455,0.2297339305281639,0.2297941505908966,0.2303806275129318,0.23328467905521394,0.23620910048484803,0.23679616302251816
1872,0.26175458580255506,1872,0.22655851691961287,0.22741060853004455,0.2297339305281639,0.2297941505908966,0.2303806275129318,0.23328467905521394,0.23620910048484803,0.23679616302251816
1873,0.26175458580255506,1873,0.22655851691961287,0.22741060853004455,0.2297339305281639,0.2297941505908966,0.2303806275129318,0.23328467905521394,0.23620910048484803,0.23679616302251816
1874,0.26175458580255506,1874,0.22655851691961287,0.22741060853004455,0.2297339305281639,0.2297941505908966,0.2303806275129318,0.23328467905521394,0.23620910048484803,0.23679616302251816
1875,0.26175458580255506,1875,0.22655851691961287,0.22741060853004455,0.2297339305281639,0.2297941505908966,0.2303806275129318,0.23328467905521394,0.23620910048484803,0.23679616302251816
1876,0.26175458580255506,1876,0.22655851691961287,0.22741060853004455,0.2297339305281639,0.2297941505908966,0.2303806275129318,0.23328467905521394,0.23620910048484803,0.23679616302251816
1877,0.26175458580255506,1877,0.22655851691961287,0.22741060853004455,0.2297339305281639,0.2297941505908966,0.2303806275129318,0.23328467905521394,0.23620910048484803,0.23679616302251816
1878,0.26175458580255506,1878,0.22655851691961287,0.22741060853004455,0.2297339305281639,0.2297941505908966,0.2303806275129318,0.23328467905521394,0.23620910048484803,0.23679616302251816
1879,0.26175458580255506,1879,0.22655851691961287,0.22741060853004455,0.2297339305281639,0.2297941505908966,0.2303806275129318,0.23328467905521394,0.23620910048484803,0.23679616302251816
1880,0.26175458580255506,1880,0.22655851691961287,0.22741060853004455,0.2297339305281639,0.2297941505908966,0.2303806275129318,0.23328467905521394,0.23620910048484803,0.23679616302251816
1881,0.26175458580255506,1881,0.22655851691961287,0.22741060853004455,0.2297339305281639,0.2297941505908966,0.2303806275129318,0.23328467905521394,0.23620910048484803,0.23679616302251816
1882,0.26175458580255506,1882,0.22655851691961287,0.22741060853004455,0.2297339305281639,0.2297941505908966,0.2303806275129318,0.23328467905521394,0.23620910048484803,0.23679616302251816
1883,0.26175458580255506,1883,0.22655851691961287,0.22741060853004455,0.2297339305281639,0.2297941505908966,0.2303806275129318,0.23328467905521394,0.23620910048484803,0.23679616302251816
1884,0.26175458580255506,1884,0.22655851691961287,0.22741060853004455,0.2297339305281639,0.2297941505908966,0.2303806275129318,0.23328467905521394,0.23620910048484803,0.23679616302251816
1885,0.26175458580255506,1885,0.22655851691961287,0.22741060853004455,0.2297339305281639,0.2297941505908966,0.2303806275129318,0.23328467905521394,0.23620910048484803,0.23679616302251816
1886,0.26175458580255506,1886,0.22655851691961287,0.22741060853004455,0.2297339305281639,0.2297941505908966,0.2303806275129318,0.23328467905521394,0.23620910048484803,0.23679616302251816
1887,0.26175458580255506,1887,0.22655851691961287,0.22741060853004455,0.2297339305281639,0.2297941505908966,0.2303806275129318,0.23328467905521394,0.23620910048484803,0.23679616302251816
1888,0.26175458580255506,1888,0.22655851691961287,0.22741060853004455,0.2297339305281639,0.2297941505908966,0.2303806275129318,0.23328467905521394,0.23620910048484803,0.23679616302251816
1889,0.26175458580255506,1889,0.22655851691961287,0.22741060853004455,0.2297339305281639,0.2297941505908966,0.2303806275129318,0.23328467905521394,0.23620910048484803,0.23679616302251816
1890,0.26175458580255506,1890,0.22655851691961287,0.22741060853004455,0.2297339305281639,0.2297941505908966,0.2303806275129318,0.23328467905521394,0.23620910048484803,0.23679616302251816
1891,0.26175458580255506,1891,0.22655851691961287,0.22741060853004455,0.2297339305281639,0.2297941505908966,0.2303806275129318,0.23328467905521394,0.23620910048484803,0.23679616302251816
1892,0.26175458580255506,1892,0.22655851691961287,0.22741060853004455,0.2297339305281639,0.2297941505908966,0.2303806275129318,0.23328467905521394,0.23620910048484803,0.23679616302251816
1893,0.26175458580255506,1893,0.22655851691961287,0.22741060853004455,0.2297339305281639,0.2297941505908966,0.2303806275129318,0.23328467905521394,0.23620910048484803,0.23679616302251816
1894,0.26175458580255506,1894,0.22655851691961287,0.22741060853004455,0.2297339305281639,0.2297941505908966,0.2303806275129318,0.23328467905521394,0.23620910048484803,0.23679616302251816
1895,0.26175458580255506,1895,0.22655851691961287,0.22741060853004455,0.2297339305281639,0.2297941505908966,0.2303806275129318,0.23328467905521394,0.23620910048484803,0.23679616302251816
1896,0.26175458580255506,1896,0.22655851691961287,0.22741060853004455,0.2297339305281639,0.2297941505908966,0.2303806275129318,0.23328467905521394,0.23620910048484803,0.23679616302251816
1897,0.26175458580255506,1897,0.22655851691961287,0.22741060853004455,0.2297339305281639,0.2297941505908966,0.2303806275129318,0.23328467905521394,0.23620910048484803,0.23679616302251816
1898,0.26175458580255506,1898,0.22655851691961287,0.22741060853004455,0.2297339305281639,0.2297941505908966,0.2303806275129318,0.23328467905521394,0.23620910048484803,0.23679616302251816
1899,0.26175458580255506,1899,0.22655851691961287,0.22741060853004455,0.2297339305281639,0.2297941505908966,0.2303806275129318,0.23328467905521394,0.23620910048484803,0.23679616302251816
1900,0.26175458580255506,1900,0.22655851691961287,0.22741060853004455,0.2297339305281639,0.2297941505908966,0.2303806275129318,0.23328467905521394,0.23620910048484803,0.23679616302251816
1901,0.26175458580255506,1901,0.22655851691961287,0.22741060853004455,0.2297339305281639,0.2297941505908966,0.2303806275129318,0.23328467905521394,0.23620910048484803,0.23679616302251816
1902,0.26175458580255506,1902,0.22655851691961287,0.22741060853004455,0.2297339305281639,0.2297941505908966,0.2303806275129318,0.23328467905521394,0.23620910048484803,0.23679616302251816
1903,0.26175458580255506,1903,0.22655851691961287,0.22741060853004455,0.2297339305281639,0.2297941505908966,0.2303806275129318,0.23328467905521394,0.23620910048484803,0.23679616302251816
1904,0.26175458580255506,1904,0.22655851691961287,0.22741060853004455,0.2297339305281639,0.2297941505908966,0.2303806275129318,0.23328467905521394,0.23620910048484803,0.23679616302251816
1905,0.26175458580255506,1905,0.22655851691961287,0.22741060853004455,0.2297339305281639,0.2297941505908966,0.2303806275129318,0.23328467905521394,0.23620910048484803,0.23679616302251816
1906,0.26175458580255506,1906,0.22655851691961287,0.22741060853004455,0.2297339305281639,0.2297941505908966,0.2303806275129318,0.23328467905521394,0.23620910048484803,0.23679616302251816
1907,0.26175458580255506,1907,0.22655851691961287,0.22741060853004455,0.2297339305281639,0.2297941505908966,0.2303806275129318,0.23328467905521394,0.23620910048484803,0.23679616302251816
1908,0.26175458580255506,1908,0.22655851691961287,0.22741060853004455,0.2297339305281639,0.2297941505908966,0.2303806275129318,0.23328467905521394,0.23620910048484803,0.23679616302251816
1909,0.26175458580255506,1909,0.22655851691961287,0.22741060853004455,0.2297339305281639,0.2297941505908966,0.2303806275129318,0.23328467905521394,0.23620910048484803,0.23679616302251816
1910,0.26175458580255506,1910,0.22655851691961287,0.22741060853004455,0.2297339305281639,0.2297941505908966,0.2303806275129318,0.23328467905521394,0.23620910048484803,0.23679616302251816
1911,0.26175458580255506,1911,0.22655851691961287,0.22741060853004455,0.2297339305281639,0.2297941505908966,0.2303806275129318,0.23328467905521394,0.23620910048484803,0.23679616302251816
1912,0.26175458580255506,1912,0.22655851691961287,0.22741060853004455,0.2297339305281639,0.2297941505908966,0.2303806275129318,0.23328467905521394,0.23620910048484803,0.23679616302251816
1913,0.26175458580255506,1913,0.22655851691961287,0.22741060853004455,0.2297339305281639,0.2297941505908966,0.2303806275129318,0.23328467905521394,0.23620910048484803,0.23679616302251816
1914,0.26175458580255506,1914,0.22655851691961287,0.22741060853004455,0.2297339305281639,0.2297941505908966,0.2303806275129318,0.23328467905521394,0.23620910048484803,0.23679616302251816
1915,0.26175458580255506,1915,0.22655851691961287,0.22741060853004455,0.2297339305281639,0.2297941505908966,0.2303806275129318,0.23328467905521394,0.23620910048484803,0.23679616302251816
1916,0.26175458580255506,1916,0.22655851691961287,0.22741060853004455,0.2297339305281639,0.2297941505908966,0.2303806275129318,0.23328467905521394,0.23620910048484803,0.23679616302251816
1917,0.26175458580255506,1917,0.22655851691961287,0.22741060853004455,0.2297339305281639,0.2297941505908966,0.2303806275129318,0.23328467905521394,0.23620910048484803,0.23679616302251816
1918,0.26175458580255506,1918,0.22655851691961287,0.22741060853004455,0.2297339305281639,0.2297941505908966,0.2303806275129318,0.23328467905521394,0.23620910048484803,0.23679616302251816
1919,0.26175458580255506,1919,0.22655851691961287,0.22741060853004455,0.2297339305281639,0.2297941505908966,0.2303806275129318,0.23328467905521394,0.23620910048484803,0.23679616302251816
1920,0.26175458580255506,1920,0.22655851691961287,0.22741060853004455,0.2297339305281639,0.2297941505908966,0.2303806275129318,0.23328467905521394,0.23620910048484803,0.23679616302251816
1921,0.26175458580255506,1921,0.22655851691961287,0.22741060853004455,0.2297339305281639,0.2297941505908966,0.2303806275129318,0.23328467905521394,0.23620910048484803,0.23679616302251816
1922,0.26175458580255506,1922,0.22655851691961287,0.22741060853004455,0.2297339305281639,0.2297941505908966,0.2303806275129318,0.23328467905521394,0.23620910048484803,0.23679616302251816
1923,0.26175458580255506,1923,0.22655851691961287,0.22741060853004455,0.2297339305281639,0.2297941505908966,0.2303806275129318,0.23328467905521394,0.23620910048484803,0.23679616302251816
1924,0.26175458580255506,1924,0.22655851691961287,0.22741060853004455,0.2297339305281639,0.2297941505908966,0.2303806275129318,0.23328467905521394,0.23620910048484803,0.23679616302251816
1925,0.26175458580255506,1925,0.22655851691961287,0.22741060853004455,0.2297339305281639,0.2297941505908966,0.2303806275129318,0.23328467905521394,0.23620910048484803,0.23679616302251816
1926,0.26175458580255506,1926,0.22655851691961287,0.22741060853004455,0.2297339305281639,0.2297941505908966,0.2303806275129318,0.23328467905521394,0.23620910048484803,0.23679616302251816
1927,0.26175458580255506,1927,0.22655851691961287,0.22741060853004455,0.2297339305281639,0.2297941505908966,0.2303806275129318,0.23328467905521394,0.23620910048484803,0.23679616302251816
1928,0.26175458580255506,1928,0.22655851691961287,0.22741060853004455,0.2297339305281639,0.2297941505908966,0.2303806275129318,0.23328467905521394,0.23620910048484803,0.23679616302251816
1929,0.26175458580255506,1929,0.22655851691961287,0.22741060853004455,0.2297339305281639,0.2297941505908966,0.2303806275129318,0.23328467905521394,0.23620910048484803,0.23679616302251816
1930,0.26175458580255506,1930,0.22655851691961287,0.22741060853004455,0.2297339305281639,0.2297941505908966,0.2303806275129318,0.23328467905521394,0.23620910048484803,0.23679616302251816
1931,0.26175458580255506,1931,0.22655851691961287,0.22741060853004455,0.2297339305281639,0.2297941505908966,0.2303806275129318,0.23328467905521394,0.23620910048484803,0.23679616302251816
1932,0.26175458580255506,1932,0.22655851691961287,0.22741060853004455,0.2297339305281639,0.2297941505908966,0.2303806275129318,0.23328467905521394,0.23620910048484803,0.23679616302251816
1933,0.26175458580255506,1933,0.22655851691961287,0.22741060853004455,0.2297339305281639,0.2297941505908966,0.2303806275129318,0.23328467905521394,0.23620910048484803,0.23679616302251816
1934,0.26175458580255506,1934,0.22655851691961287,0.22741060853004455,0.2297339305281639,0.2297941505908966,0.2303806275129318,0.23328467905521394,0.23620910048484803,0.23679616302251816
1935,0.26175458580255506,1935,0.22655851691961287,0.22741060853004455,0.2297339305281639,0.2297941505908966,0.2303806275129318,0.23328467905521394,0.23620910048484803,0.23679616302251816
1936,0.26175458580255506,1936,0.22655851691961287,0.22741060853004455,0.2297339305281639,0.2297941505908966,0.2303806275129318,0.23328467905521394,0.23620910048484803,0.23679616302251816
1937,0.26175458580255506,1937,0.22655851691961287,0.22741060853004455,0.2297339305281639,0.2297941505908966,0.2303806275129318,0.23328467905521394,0.23620910048484803,0.23679616302251816
1938,0.26175458580255506,1938,0.22655851691961287,0.22741060853004455,0.2297339305281639,0.2297941505908966,0.2303806275129318,0.23328467905521394,0.23620910048484803,0.23679616302251816
1939,0.26175458580255506,1939,0.22655851691961287,0.22741060853004455,0.2297339305281639,0.2297941505908966,0.2303806275129318,0.23328467905521394,0.23620910048484803,0.23679616302251816
1940,0.26175458580255506,1940,0.22655851691961287,0.22741060853004455,0.2297339305281639,0.2297941505908966,0.2303806275129318,0.23328467905521394,0.23620910048484803,0.23679616302251816
1941,0.26175458580255506,1941,0.22655851691961287,0.22741060853004455,0.2297339305281639,0.2297941505908966,0.2303806275129318,0.23328467905521394,0.23620910048484803,0.23679616302251816
1942,0.26175458580255506,1942,0.22655851691961287,0.22741060853004455,0.2297339305281639,0.2297941505908966,0.2303806275129318,0.23328467905521394,0.23620910048484803,0.23679616302251816
1943,0.26175458580255506,1943,0.22655851691961287,0.22741060853004455,0.2297339305281639,0.2297941505908966,0.2303806275129318,0.23328467905521394,0.23620910048484803,0.23679616302251816
1944,0.26175458580255506,1944,0.22655851691961287,0.22741060853004455,0.2297339305281639,0.2297941505908966,0.2303806275129318,0.23328467905521394,0.23620910048484803,0.23679616302251816
1945,0.26175458580255506,1945,0.22655851691961287,0.22741060853004455,0.2297339305281639,0.2297941505908966,0.2303806275129318,0.23328467905521394,0.23620910048484803,0.23679616302251816
1946,0.26175458580255506,1946,0.22655851691961287,0.22741060853004455,0.2297339305281639,0.2297941505908966,0.2303806275129318,0.23328467905521394,0.23620910048484803,0.23679616302251816
1947,0.26175458580255506,1947,0.22655851691961287,0.22741060853004455,0.2297339305281639,0.2297941505908966,0.2303806275129318,0.23328467905521394,0.23620910048484803,0.23679616302251816
1948,0.26175458580255506,1948,0.22655851691961287,0.22741060853004455,0.2297339305281639,0.2297941505908966,0.2303806275129318,0.23328467905521394,0.23620910048484803,0.23679616302251816
1949,0.26175458580255506,1949,0.22655851691961287,0.22741060853004455,0.2297339305281639,0.2297941505908966,0.2303806275129318,0.23328467905521394,0.23620910048484803,0.23679616302251816
1950,0.26175458580255506,1950,0.22655851691961287,0.22741060853004455,0.2297339305281639,0.2297941505908966,0.2303806275129318,0.23328467905521394,0.23620910048484803,0.23679616302251816
1951,0.26175458580255506,1951,0.22655851691961287,0.22741060853004455,0.2297339305281639,0.2297941505908966,0.2303806275129318,0.23328467905521394,0.23620910048484803,0.23679616302251816
1952,0.26175458580255506,1952,0.22655851691961287,0.22741060853004455,0.2297339305281639,0.2297941505908966,0.2303806275129318,0.23328467905521394,0.23620910048484803,0.23679616302251816
1953,0.26175458580255506,1953,0.22655851691961287,0.22741060853004455,0.2297339305281639,0.2297941505908966,0.2303806275129318,0.23328467905521394,0.23620910048484803,0.23679616302251816
1954,0.26175458580255506,1954,0.22655851691961287,0.22741060853004455,0.2297339305281639,0.2297941505908966,0.2303806275129318,0.23328467905521394,0.23620910048484803,0.23679616302251816
1955,0.26175458580255506,1955,0.22655851691961287,0.22741060853004455,0.2297339305281639,0.2297941505908966,0.2303806275129318,0.23328467905521394,0.23620910048484803,0.23679616302251816
1956,0.26175458580255506,1956,0.22655851691961287,0.22741060853004455,0.2297339305281639,0.2297941505908966,0.2303806275129318,0.23328467905521394,0.23620910048484803,0.23679616302251816
1957,0.26175458580255506,1957,0.22655851691961287,0.22741060853004455,0.2297339305281639,0.2297941505908966,0.2303806275129318,0.23328467905521394,0.23620910048484803,0.23679616302251816
1958,0.26175458580255506,1958,0.22655851691961287,0.22741060853004455,0.2297339305281639,0.2297941505908966,0.2303806275129318,0.23328467905521394,0.23620910048484803,0.23679616302251816
1959,0.26175458580255506,1959,0.22655851691961287,0.22741060853004455,0.2297339305281639,0.2297941505908966,0.2303806275129318,0.23328467905521394,0.23620910048484803,0.23679616302251816
1960,0.26175458580255506,1960,0.22655851691961287,0.22741060853004455,0.2297339305281639,0.2297941505908966,0.2303806275129318,0.23328467905521394,0.23620910048484803,0.23679616302251816
1961,0.26175458580255506,1961,0.22655851691961287,0.22741060853004455,0.2297339305281639,0.2297941505908966,0.2303806275129318,0.23328467905521394,0.23620910048484803,0.23679616302251816
1962,0.26175458580255506,1962,0.22655851691961287,0.22741060853004455,0.2297339305281639,0.2297941505908966,0.2303806275129318,0.23328467905521394,0.23620910048484803,0.23679616302251816
1963,0.26175458580255506,1963,0.22655851691961287,0.22741060853004455,0.2297339305281639,0.2297941505908966,0.2303806275129318,0.23328467905521394,0.23620910048484803,0.23679616302251816
1964,0.26175458580255506,1964,0.22655851691961287,0.22741060853004455,0.2297339305281639,0.2297941505908966,0.2303806275129318,0.23328467905521394,0.23620910048484803,0.23679616302251816
1965,0.26175458580255506,1965,0.22655851691961287,0.22741060853004455,0.2297339305281639,0.2297941505908966,0.2303806275129318,0.23328467905521394,0.23620910048484803,0.23679616302251816
1966,0.26175458580255506,1966,0.22655851691961287,0.22741060853004455,0.2297339305281639,0.2297941505908966,0.2303806275129318,0.23328467905521394,0.23620910048484803,0.23679616302251816
1967,0.26175458580255506,1967,0.22655851691961287,0.22741060853004455,0.2297339305281639,0.2297941505908966,0.2303806275129318,0.23328467905521394,0.23620910048484803,0.23679616302251816
1968,0.26175458580255506,1968,0.22655851691961287,0.22741060853004455,0.2297339305281639,0.2297941505908966,0.2303806275129318,0.23328467905521394,0.23620910048484803,0.23679616302251816
1969,0.26175458580255506,1969,0.22655851691961287,0.22741060853004455,0.2297339305281639,0.2297941505908966,0.2303806275129318,0.23328467905521394,0.23620910048484803,0.23679616302251816
1970,0.26175458580255506,1970,0.22655851691961287,0.22741060853004455,0.2297339305281639,0.2297941505908966,0.2303806275129318,0.23328467905521394,0.23620910048484803,0.23679616302251816
1971,0.26175458580255506,1971,0.22655851691961287,0.22741060853004455,0.2297339305281639,0.2297941505908966,0.2303806275129318,0.23328467905521394,0.23620910048484803,0.23679616302251816
1972,0.26175458580255506,1972,0.22655851691961287,0.22741060853004455,0.2297339305281639,0.2297941505908966,0.2303806275129318,0.23328467905521394,0.23620910048484803,0.23679616302251816
1973,0.26175458580255506,1973,0.22655851691961287,0.22741060853004455,0.2297339305281639,0.2297941505908966,0.2303806275129318,0.23328467905521394,0.23620910048484803,0.23679616302251816
1974,0.26175458580255506,1974,0.22655851691961287,0.22741060853004455,0.2297339305281639,0.2297941505908966,0.2303806275129318,0.23328467905521394,0.23620910048484803,0.23679616302251816
1975,0.26175458580255506,1975,0.22655851691961287,0.22741060853004455,0.2297339305281639,0.2297941505908966,0.2303806275129318,0.23328467905521394,0.23620910048484803,0.23679616302251816
1976,0.26175458580255506,1976,0.22655851691961287,0.22741060853004455,0.2297339305281639,0.2297941505908966,0.2303806275129318,0.23328467905521394,0.23620910048484803,0.23679616302251816
1977,0.26175458580255506,1977,0.22655851691961287,0.22741060853004455,0.2297339305281639,0.2297941505908966,0.2303806275129318,0.23328467905521394,0.23620910048484803,0.23679616302251816
1978,0.26175458580255506,1978,0.22655851691961287,0.22741060853004455,0.2297339305281639,0.2297941505908966,0.2303806275129318,0.23328467905521394,0.23620910048484803,0.23679616302251816
1979,0.26175458580255506,1979,0.22655851691961287,0.22741060853004455,0.2297339305281639,0.2297941505908966,0.2303806275129318,0.23328467905521394,0.23620910048484803,0.23679616302251816
1980,0.26175458580255506,1980,0.22655851691961287,0.22741060853004455,0.2297339305281639,0.2297941505908966,0.2303806275129318,0.23328467905521394,0.23620910048484803,0.23679616302251816
1981,0.26175458580255506,1981,0.22655851691961287,0.22741060853004455,0.2297339305281639,0.2297941505908966,0.2303806275129318,0.23328467905521394,0.23620910048484803,0.23679616302251816
1982,0.26175458580255506,1982,0.22655851691961287,0.22741060853004455,0.2297339305281639,0.2297941505908966,0.2303806275129318,0.23328467905521394,0.23620910048484803,0.23679616302251816
1983,0.26175458580255506,1983,0.22655851691961287,0.22741060853004455,0.2297339305281639,0.2297941505908966,0.2303806275129318,0.23328467905521394,0.23620910048484803,0.23679616302251816
1984,0.26175458580255506,1984,0.22655851691961287,0.22741060853004455,0.2297339305281639,0.2297941505908966,0.2303806275129318,0.23328467905521394,0.23620910048484803,0.23679616302251816
1985,0.26175458580255506,1985,0.22655851691961287,0.22741060853004455,0.2297339305281639,0.2297941505908966,0.2303806275129318,0.23328467905521394,0.23620910048484803,0.23679616302251816
1986,0.26175458580255506,1986,0.22655851691961287,0.22741060853004455,0.2297339305281639,0.2297941505908966,0.2303806275129318,0.23328467905521394,0.23620910048484803,0.23679616302251816
1987,0.26175458580255506,1987,0.22655851691961287,0.22741060853004455,0.2297339305281639,0.2297941505908966,0.2303806275129318,0.23328467905521394,0.23620910048484803,0.23679616302251816
1988,0.26175458580255506,1988,0.22655851691961287,0.22741060853004455,0.2297339305281639,0.2297941505908966,0.2303806275129318,0.23328467905521394,0.23620910048484803,0.23679616302251816
1989,0.26175458580255506,1989,0.22655851691961287,0.22741060853004455,0.2297339305281639,0.2297941505908966,0.2303806275129318,0.23328467905521394,0.23620910048484803,0.23679616302251816
1990,0.26175458580255506,1990,0.22655851691961287,0.22741060853004455,0.2297339305281639,0.2297941505908966,0.2303806275129318,0.23328467905521394,0.23620910048484803,0.23679616302251816
1991,0.26175458580255506,1991,0.22655851691961287,0.22741060853004455,0.2297339305281639,0.2297941505908966,0.2303806275129318,0.23328467905521394,0.23620910048484803,0.23679616302251816
1992,0.26175458580255506,1992,0.22655851691961287,0.22741060853004455,0.2297339305281639,0.2297941505908966,0.2303806275129318,0.23328467905521394,0.23620910048484803,0.23679616302251816
1993,0.26175458580255506,1993,0.22655851691961287,0.22741060853004455,0.2297339305281639,0.2297941505908966,0.2303806275129318,0.23328467905521394,0.23620910048484803,0.23679616302251816
1994,0.26175458580255506,1994,0.22655851691961287,0.22741060853004455,0.2297339305281639,0.2297941505908966,0.2303806275129318,0.23328467905521394,0.23620910048484803,0.23679616302251816
1995,0.26175458580255506,1995,0.22655851691961287,0.22741060853004455,0.2297339305281639,0.2297941505908966,0.2303806275129318,0.23328467905521394,0.23620910048484803,0.23679616302251816
1996,0.26175458580255506,1996,0.22655851691961287,0.22741060853004455,0.2297339305281639,0.2297941505908966,0.2303806275129318,0.23328467905521394,0.23620910048484803,0.23679616302251816
1997,0.26175458580255506,1997,0.22655851691961287,0.22741060853004455,0.2297339305281639,0.2297941505908966,0.2303806275129318,0.23328467905521394,0.23620910048484803,0.23679616302251816
1998,0.26175458580255506,1998,0.22655851691961287,0.22741060853004455,0.2297339305281639,0.2297941505908966,0.2303806275129318,0.23328467905521394,0.23620910048484803,0.23679616302251816
1999,0.26175458580255506,1999,0.22655851691961287,0.22741060853004455,0.2297339305281639,0.2297941505908966,0.2303806275129318,0.23328467905521394,0.23620910048484803,0.23679616302251816
2000,0.2618058517575264,2000,0.22659353464841842,0.22774963080883026,0.230127976834774,0.23157919347286224,0.22798659056425094,0.23349503576755523,0.23638064563274383,0.23633677661418914
2001,0.2618058517575264,2001,0.22659353464841842,0.22774963080883026,0.230127976834774,0.23157919347286224,0.22798659056425094,0.23349503576755523,0.23638064563274383,0.23633677661418914
2002,0.2618058517575264,2002,0.22659353464841842,0.22774963080883026,0.230127976834774,0.23157919347286224,0.22798659056425094,0.23349503576755523,0.23638064563274383,0.23633677661418914
2003,0.2618058517575264,2003,0.22659353464841842,0.22774963080883026,0.230127976834774,0.23157919347286224,0.22798659056425094,0.23349503576755523,0.23638064563274383,0.23633677661418914
2004,0.2618058517575264,2004,0.22659353464841842,0.22774963080883026,0.230127976834774,0.23157919347286224,0.22798659056425094,0.23349503576755523,0.23638064563274383,0.23633677661418914
2005,0.2618058517575264,2005,0.22659353464841842,0.22774963080883026,0.230127976834774,0.23157919347286224,0.22798659056425094,0.23349503576755523,0.23638064563274383,0.23633677661418914
2006,0.2618058517575264,2006,0.22659353464841842,0.22774963080883026,0.230127976834774,0.23157919347286224,0.22798659056425094,0.23349503576755523,0.23638064563274383,0.23633677661418914
2007,0.2618058517575264,2007,0.22659353464841842,0.22774963080883026,0.230127976834774,0.23157919347286224,0.22798659056425094,0.23349503576755523,0.23638064563274383,0.23633677661418914
2008,0.2618058517575264,2008,0.22659353464841842,0.22774963080883026,0.230127976834774,0.23157919347286224,0.22798659056425094,0.23349503576755523,0.23638064563274383,0.23633677661418914
2009,0.2618058517575264,2009,0.22659353464841842,0.22774963080883026,0.230127976834774,0.23157919347286224,0.22798659056425094,0.23349503576755523,0.23638064563274383,0.23633677661418914
2010,0.2618058517575264,2010,0.22659353464841842,0.22774963080883026,0.230127976834774,0.23157919347286224,0.22798659056425094,0.23349503576755523,0.23638064563274383,0.23633677661418914
2011,0.2618058517575264,2011,0.22659353464841842,0.22774963080883026,0.230127976834774,0.23157919347286224,0.22798659056425094,0.23349503576755523,0.23638064563274383,0.23633677661418914
2012,0.2618058517575264,2012,0.22659353464841842,0.22774963080883026,0.230127976834774,0.23157919347286224,0.22798659056425094,0.23349503576755523,0.23638064563274383,0.23633677661418914
2013,0.2618058517575264,2013,0.22659353464841842,0.22774963080883026,0.230127976834774,0.23157919347286224,0.22798659056425094,0.23349503576755523,0.23638064563274383,0.23633677661418914
2014,0.2618058517575264,2014,0.22659353464841842,0.22774963080883026,0.230127976834774,0.23157919347286224,0.22798659056425094,0.23349503576755523,0.23638064563274383,0.23633677661418914
2015,0.2618058517575264,2015,0.22659353464841842,0.22774963080883026,0.230127976834774,0.23157919347286224,0.22798659056425094,0.23349503576755523,0.23638064563274383,0.23633677661418914
2016,0.2618058517575264,2016,0.22659353464841842,0.22774963080883026,0.230127976834774,0.23157919347286224,0.22798659056425094,0.23349503576755523,0.23638064563274383,0.23633677661418914
2017,0.2618058517575264,2017,0.22659353464841842,0.22774963080883026,0.230127976834774,0.23157919347286224,0.22798659056425094,0.23349503576755523,0.23638064563274383,0.23633677661418914
2018,0.2618058517575264,2018,0.22659353464841842,0.22774963080883026,0.230127976834774,0.23157919347286224,0.22798659056425094,0.23349503576755523,0.23638064563274383,0.23633677661418914
2019,0.2618058517575264,2019,0.22659353464841842,0.22774963080883026,0.230127976834774,0.23157919347286224,0.22798659056425094,0.23349503576755523,0.23638064563274383,0.23633677661418914
2020,0.2618058517575264,2020,0.22659353464841842,0.22774963080883026,0.230127976834774,0.23157919347286224,0.22798659056425094,0.23349503576755523,0.23638064563274383,0.23633677661418914
2021,0.2618058517575264,2021,0.22659353464841842,0.22774963080883026,0.230127976834774,0.23157919347286224,0.22798659056425094,0.23349503576755523,0.23638064563274383,0.23633677661418914
2022,0.2618058517575264,2022,0.22659353464841842,0.22774963080883026,0.230127976834774,0.23157919347286224,0.22798659056425094,0.23349503576755523,0.23638064563274383,0.23633677661418914
2023,0.2618058517575264,2023,0.22659353464841842,0.22774963080883026,0.230127976834774,0.23157919347286224,0.22798659056425094,0.23349503576755523,0.23638064563274383,0.23633677661418914
2024,0.2618058517575264,2024,0.22659353464841842,0.22774963080883026,0.230127976834774,0.23157919347286224,0.22798659056425094,0.23349503576755523,0.23638064563274383,0.23633677661418914
2025,0.2618058517575264,2025,0.22659353464841842,0.22774963080883026,0.230127976834774,0.23157919347286224,0.22798659056425094,0.23349503576755523,0.23638064563274383,0.23633677661418914
2026,0.2618058517575264,2026,0.22659353464841842,0.22774963080883026,0.230127976834774,0.23157919347286224,0.22798659056425094,0.23349503576755523,0.23638064563274383,0.23633677661418914
2027,0.2618058517575264,2027,0.22659353464841842,0.22774963080883026,0.230127976834774,0.23157919347286224,0.22798659056425094,0.23349503576755523,0.23638064563274383,0.23633677661418914
2028,0.2618058517575264,2028,0.22659353464841842,0.22774963080883026,0.230127976834774,0.23157919347286224,0.22798659056425094,0.23349503576755523,0.23638064563274383,0.23633677661418914
2029,0.2618058517575264,2029,0.22659353464841842,0.22774963080883026,0.230127976834774,0.23157919347286224,0.22798659056425094,0.23349503576755523,0.23638064563274383,0.23633677661418914
2030,0.2618058517575264,2030,0.22659353464841842,0.22774963080883026,0.230127976834774,0.23157919347286224,0.22798659056425094,0.23349503576755523,0.23638064563274383,0.23633677661418914
2031,0.2618058517575264,2031,0.22659353464841842,0.22774963080883026,0.230127976834774,0.23157919347286224,0.22798659056425094,0.23349503576755523,0.23638064563274383,0.23633677661418914
2032,0.2618058517575264,2032,0.22659353464841842,0.22774963080883026,0.230127976834774,0.23157919347286224,0.22798659056425094,0.23349503576755523,0.23638064563274383,0.23633677661418914
2033,0.2618058517575264,2033,0.22659353464841842,0.22774963080883026,0.230127976834774,0.23157919347286224,0.22798659056425094,0.23349503576755523,0.23638064563274383,0.23633677661418914
2034,0.2618058517575264,2034,0.22659353464841842,0.22774963080883026,0.230127976834774,0.23157919347286224,0.22798659056425094,0.23349503576755523,0.23638064563274383,0.23633677661418914
2035,0.2618058517575264,2035,0.22659353464841842,0.22774963080883026,0.230127976834774,0.23157919347286224,0.22798659056425094,0.23349503576755523,0.23638064563274383,0.23633677661418914
2036,0.2618058517575264,2036,0.22659353464841842,0.22774963080883026,0.230127976834774,0.23157919347286224,0.22798659056425094,0.23349503576755523,0.23638064563274383,0.23633677661418914
2037,0.2618058517575264,2037,0.22659353464841842,0.22774963080883026,0.230127976834774,0.23157919347286224,0.22798659056425094,0.23349503576755523,0.23638064563274383,0.23633677661418914
2038,0.2618058517575264,2038,0.22659353464841842,0.22774963080883026,0.230127976834774,0.23157919347286224,0.22798659056425094,0.23349503576755523,0.23638064563274383,0.23633677661418914
2039,0.2618058517575264,2039,0.22659353464841842,0.22774963080883026,0.230127976834774,0.23157919347286224,0.22798659056425094,0.23349503576755523,0.23638064563274383,0.23633677661418914
2040,0.2618058517575264,2040,0.22659353464841842,0.22774963080883026,0.230127976834774,0.23157919347286224,0.22798659056425094,0.23349503576755523,0.23638064563274383,0.23633677661418914
2041,0.2618058517575264,2041,0.22659353464841842,0.22774963080883026,0.230127976834774,0.23157919347286224,0.22798659056425094,0.23349503576755523,0.23638064563274383,0.23633677661418914
2042,0.2618058517575264,2042,0.22659353464841842,0.22774963080883026,0.230127976834774,0.23157919347286224,0.22798659056425094,0.23349503576755523,0.23638064563274383,0.23633677661418914
2043,0.2618058517575264,2043,0.22659353464841842,0.22774963080883026,0.230127976834774,0.23157919347286224,0.22798659056425094,0.23349503576755523,0.23638064563274383,0.23633677661418914
2044,0.2618058517575264,2044,0.22659353464841842,0.22774963080883026,0.230127976834774,0.23157919347286224,0.22798659056425094,0.23349503576755523,0.23638064563274383,0.23633677661418914
2045,0.2618058517575264,2045,0.22659353464841842,0.22774963080883026,0.230127976834774,0.23157919347286224,0.22798659056425094,0.23349503576755523,0.23638064563274383,0.23633677661418914
2046,0.2618058517575264,2046,0.22659353464841842,0.22774963080883026,0.230127976834774,0.23157919347286224,0.22798659056425094,0.23349503576755523,0.23638064563274383,0.23633677661418914
2047,0.2618058517575264,2047,0.22659353464841842,0.22774963080883026,0.230127976834774,0.23157919347286224,0.22798659056425094,0.23349503576755523,0.23638064563274383,0.23633677661418914
2048,0.2618058517575264,2048,0.22659353464841842,0.22774963080883026,0.230127976834774,0.23157919347286224,0.22798659056425094,0.23349503576755523,0.23638064563274383,0.23633677661418914
2049,0.2618058517575264,2049,0.22659353464841842,0.22774963080883026,0.230127976834774,0.23157919347286224,0.22798659056425094,0.23349503576755523,0.23638064563274383,0.23633677661418914
2050,0.2618058517575264,2050,0.22659353464841842,0.22774963080883026,0.230127976834774,0.23157919347286224,0.22798659056425094,0.23349503576755523,0.23638064563274383,0.23633677661418914
2051,0.2618058517575264,2051,0.22659353464841842,0.22774963080883026,0.230127976834774,0.23157919347286224,0.22798659056425094,0.23349503576755523,0.23638064563274383,0.23633677661418914
2052,0.2618058517575264,2052,0.22659353464841842,0.22774963080883026,0.230127976834774,0.23157919347286224,0.22798659056425094,0.23349503576755523,0.23638064563274383,0.23633677661418914
2053,0.2618058517575264,2053,0.22659353464841842,0.22774963080883026,0.230127976834774,0.23157919347286224,0.22798659056425094,0.23349503576755523,0.23638064563274383,0.23633677661418914
2054,0.2618058517575264,2054,0.22659353464841842,0.22774963080883026,0.230127976834774,0.23157919347286224,0.22798659056425094,0.23349503576755523,0.23638064563274383,0.23633677661418914
2055,0.2618058517575264,2055,0.22659353464841842,0.22774963080883026,0.230127976834774,0.23157919347286224,0.22798659056425094,0.23349503576755523,0.23638064563274383,0.23633677661418914
2056,0.2618058517575264,2056,0.22659353464841842,0.22774963080883026,0.230127976834774,0.23157919347286224,0.22798659056425094,0.23349503576755523,0.23638064563274383,0.23633677661418914
2057,0.2618058517575264,2057,0.22659353464841842,0.22774963080883026,0.230127976834774,0.23157919347286224,0.22798659056425094,0.23349503576755523,0.23638064563274383,0.23633677661418914
2058,0.2618058517575264,2058,0.22659353464841842,0.22774963080883026,0.230127976834774,0.23157919347286224,0.22798659056425094,0.23349503576755523,0.23638064563274383,0.23633677661418914
2059,0.2618058517575264,2059,0.22659353464841842,0.22774963080883026,0.230127976834774,0.23157919347286224,0.22798659056425094,0.23349503576755523,0.23638064563274383,0.23633677661418914
2060,0.2618058517575264,2060,0.22659353464841842,0.22774963080883026,0.230127976834774,0.23157919347286224,0.22798659056425094,0.23349503576755523,0.23638064563274383,0.23633677661418914
2061,0.2618058517575264,2061,0.22659353464841842,0.22774963080883026,0.230127976834774,0.23157919347286224,0.22798659056425094,0.23349503576755523,0.23638064563274383,0.23633677661418914
2062,0.2618058517575264,2062,0.22659353464841842,0.22774963080883026,0.230127976834774,0.23157919347286224,0.22798659056425094,0.23349503576755523,0.23638064563274383,0.23633677661418914
2063,0.2618058517575264,2063,0.22659353464841842,0.22774963080883026,0.230127976834774,0.23157919347286224,0.22798659056425094,0.23349503576755523,0.23638064563274383,0.23633677661418914
2064,0.2618058517575264,2064,0.22659353464841842,0.22774963080883026,0.230127976834774,0.23157919347286224,0.22798659056425094,0.23349503576755523,0.23638064563274383,0.23633677661418914
2065,0.2618058517575264,2065,0.22659353464841842,0.22774963080883026,0.230127976834774,0.23157919347286224,0.22798659056425094,0.23349503576755523,0.23638064563274383,0.23633677661418914
2066,0.2618058517575264,2066,0.22659353464841842,0.22774963080883026,0.230127976834774,0.23157919347286224,0.22798659056425094,0.23349503576755523,0.23638064563274383,0.23633677661418914
2067,0.2618058517575264,2067,0.22659353464841842,0.22774963080883026,0.230127976834774,0.23157919347286224,0.22798659056425094,0.23349503576755523,0.23638064563274383,0.23633677661418914
2068,0.2618058517575264,2068,0.22659353464841842,0.22774963080883026,0.230127976834774,0.23157919347286224,0.22798659056425094,0.23349503576755523,0.23638064563274383,0.23633677661418914
2069,0.2618058517575264,2069,0.22659353464841842,0.22774963080883026,0.230127976834774,0.23157919347286224,0.22798659056425094,0.23349503576755523,0.23638064563274383,0.23633677661418914
2070,0.2618058517575264,2070,0.22659353464841842,0.22774963080883026,0.230127976834774,0.23157919347286224,0.22798659056425094,0.23349503576755523,0.23638064563274383,0.23633677661418914
2071,0.2618058517575264,2071,0.22659353464841842,0.22774963080883026,0.230127976834774,0.23157919347286224,0.22798659056425094,0.23349503576755523,0.23638064563274383,0.23633677661418914
2072,0.2618058517575264,2072,0.22659353464841842,0.22774963080883026,0.230127976834774,0.23157919347286224,0.22798659056425094,0.23349503576755523,0.23638064563274383,0.23633677661418914
2073,0.2618058517575264,2073,0.22659353464841842,0.22774963080883026,0.230127976834774,0.23157919347286224,0.22798659056425094,0.23349503576755523,0.23638064563274383,0.23633677661418914
2074,0.2618058517575264,2074,0.22659353464841842,0.22774963080883026,0.230127976834774,0.23157919347286224,0.22798659056425094,0.23349503576755523,0.23638064563274383,0.23633677661418914
2075,0.2618058517575264,2075,0.22659353464841842,0.22774963080883026,0.230127976834774,0.23157919347286224,0.22798659056425094,0.23349503576755523,0.23638064563274383,0.23633677661418914
2076,0.2618058517575264,2076,0.22659353464841842,0.22774963080883026,0.230127976834774,0.23157919347286224,0.22798659056425094,0.23349503576755523,0.23638064563274383,0.23633677661418914
2077,0.2618058517575264,2077,0.22659353464841842,0.22774963080883026,0.230127976834774,0.23157919347286224,0.22798659056425094,0.23349503576755523,0.23638064563274383,0.23633677661418914
2078,0.2618058517575264,2078,0.22659353464841842,0.22774963080883026,0.230127976834774,0.23157919347286224,0.22798659056425094,0.23349503576755523,0.23638064563274383,0.23633677661418914
2079,0.2618058517575264,2079,0.22659353464841842,0.22774963080883026,0.230127976834774,0.23157919347286224,0.22798659056425094,0.23349503576755523,0.23638064563274383,0.23633677661418914
2080,0.2618058517575264,2080,0.22659353464841842,0.22774963080883026,0.230127976834774,0.23157919347286224,0.22798659056425094,0.23349503576755523,0.23638064563274383,0.23633677661418914
2081,0.2618058517575264,2081,0.22659353464841842,0.22774963080883026,0.230127976834774,0.23157919347286224,0.22798659056425094,0.23349503576755523,0.23638064563274383,0.23633677661418914
2082,0.2618058517575264,2082,0.22659353464841842,0.22774963080883026,0.230127976834774,0.23157919347286224,0.22798659056425094,0.23349503576755523,0.23638064563274383,0.23633677661418914
2083,0.2618058517575264,2083,0.22659353464841842,0.22774963080883026,0.230127976834774,0.23157919347286224,0.22798659056425094,0.23349503576755523,0.23638064563274383,0.23633677661418914
2084,0.2618058517575264,2084,0.22659353464841842,0.22774963080883026,0.230127976834774,0.23157919347286224,0.22798659056425094,0.23349503576755523,0.23638064563274383,0.23633677661418914
2085,0.2618058517575264,2085,0.22659353464841842,0.22774963080883026,0.230127976834774,0.23157919347286224,0.22798659056425094,0.23349503576755523,0.23638064563274383,0.23633677661418914
2086,0.2618058517575264,2086,0.22659353464841842,0.22774963080883026,0.230127976834774,0.23157919347286224,0.22798659056425094,0.23349503576755523,0.23638064563274383,0.23633677661418914
2087,0.2618058517575264,2087,0.22659353464841842,0.22774963080883026,0.230127976834774,0.23157919347286224,0.22798659056425094,0.23349503576755523,0.23638064563274383,0.23633677661418914
2088,0.2618058517575264,2088,0.22659353464841842,0.22774963080883026,0.230127976834774,0.23157919347286224,0.22798659056425094,0.23349503576755523,0.23638064563274383,0.23633677661418914
2089,0.2618058517575264,2089,0.22659353464841842,0.22774963080883026,0.230127976834774,0.23157919347286224,0.22798659056425094,0.23349503576755523,0.23638064563274383,0.23633677661418914
2090,0.2618058517575264,2090,0.22659353464841842,0.22774963080883026,0.230127976834774,0.23157919347286224,0.22798659056425094,0.23349503576755523,0.23638064563274383,0.23633677661418914
2091,0.2618058517575264,2091,0.22659353464841842,0.22774963080883026,0.230127976834774,0.23157919347286224,0.22798659056425094,0.23349503576755523,0.23638064563274383,0.23633677661418914
2092,0.2618058517575264,2092,0.22659353464841842,0.22774963080883026,0.230127976834774,0.23157919347286224,0.22798659056425094,0.23349503576755523,0.23638064563274383,0.23633677661418914
2093,0.2618058517575264,2093,0.22659353464841842,0.22774963080883026,0.230127976834774,0.23157919347286224,0.22798659056425094,0.23349503576755523,0.23638064563274383,0.23633677661418914
2094,0.2618058517575264,2094,0.22659353464841842,0.22774963080883026,0.230127976834774,0.23157919347286224,0.22798659056425094,0.23349503576755523,0.23638064563274383,0.23633677661418914
2095,0.2618058517575264,2095,0.22659353464841842,0.22774963080883026,0.230127976834774,0.23157919347286224,0.22798659056425094,0.23349503576755523,0.23638064563274383,0.23633677661418914
2096,0.2618058517575264,2096,0.22659353464841842,0.22774963080883026,0.230127976834774,0.23157919347286224,0.22798659056425094,0.23349503576755523,0.23638064563274383,0.23633677661418914
2097,0.2618058517575264,2097,0.22659353464841842,0.22774963080883026,0.230127976834774,0.23157919347286224,0.22798659056425094,0.23349503576755523,0.23638064563274383,0.23633677661418914
2098,0.2618058517575264,2098,0.22659353464841842,0.22774963080883026,0.230127976834774,0.23157919347286224,0.22798659056425094,0.23349503576755523,0.23638064563274383,0.23633677661418914
2099,0.2618058517575264,2099,0.22659353464841842,0.22774963080883026,0.230127976834774,0.23157919347286224,0.22798659056425094,0.23349503576755523,0.23638064563274383,0.23633677661418914
2100,0.2618058517575264,2100,0.22659353464841842,0.22774963080883026,0.230127976834774,0.23157919347286224,0.22798659056425094,0.23349503576755523,0.23638064563274383,0.23633677661418914
2101,0.2618058517575264,2101,0.22659353464841842,0.22774963080883026,0.230127976834774,0.23157919347286224,0.22798659056425094,0.23349503576755523,0.23638064563274383,0.23633677661418914
2102,0.2618058517575264,2102,0.22659353464841842,0.22774963080883026,0.230127976834774,0.23157919347286224,0.22798659056425094,0.23349503576755523,0.23638064563274383,0.23633677661418914
2103,0.2618058517575264,2103,0.22659353464841842,0.22774963080883026,0.230127976834774,0.23157919347286224,0.22798659056425094,0.23349503576755523,0.23638064563274383,0.23633677661418914
2104,0.2618058517575264,2104,0.22659353464841842,0.22774963080883026,0.230127976834774,0.23157919347286224,0.22798659056425094,0.23349503576755523,0.23638064563274383,0.23633677661418914
2105,0.2618058517575264,2105,0.22659353464841842,0.22774963080883026,0.230127976834774,0.23157919347286224,0.22798659056425094,0.23349503576755523,0.23638064563274383,0.23633677661418914
2106,0.2618058517575264,2106,0.22659353464841842,0.22774963080883026,0.230127976834774,0.23157919347286224,0.22798659056425094,0.23349503576755523,0.23638064563274383,0.23633677661418914
2107,0.2618058517575264,2107,0.22659353464841842,0.22774963080883026,0.230127976834774,0.23157919347286224,0.22798659056425094,0.23349503576755523,0.23638064563274383,0.23633677661418914
2108,0.2618058517575264,2108,0.22659353464841842,0.22774963080883026,0.230127976834774,0.23157919347286224,0.22798659056425094,0.23349503576755523,0.23638064563274383,0.23633677661418914
2109,0.2618058517575264,2109,0.22659353464841842,0.22774963080883026,0.230127976834774,0.23157919347286224,0.22798659056425094,0.23349503576755523,0.23638064563274383,0.23633677661418914
2110,0.2618058517575264,2110,0.22659353464841842,0.22774963080883026,0.230127976834774,0.23157919347286224,0.22798659056425094,0.23349503576755523,0.23638064563274383,0.23633677661418914
2111,0.2618058517575264,2111,0.22659353464841842,0.22774963080883026,0.230127976834774,0.23157919347286224,0.22798659056425094,0.23349503576755523,0.23638064563274383,0.23633677661418914
2112,0.2618058517575264,2112,0.22659353464841842,0.22774963080883026,0.230127976834774,0.23157919347286224,0.22798659056425094,0.23349503576755523,0.23638064563274383,0.23633677661418914
2113,0.2618058517575264,2113,0.22659353464841842,0.22774963080883026,0.230127976834774,0.23157919347286224,0.22798659056425094,0.23349503576755523,0.23638064563274383,0.23633677661418914
2114,0.2618058517575264,2114,0.22659353464841842,0.22774963080883026,0.230127976834774,0.23157919347286224,0.22798659056425094,0.23349503576755523,0.23638064563274383,0.23633677661418914
2115,0.2618058517575264,2115,0.22659353464841842,0.22774963080883026,0.230127976834774,0.23157919347286224,0.22798659056425094,0.23349503576755523,0.23638064563274383,0.23633677661418914
2116,0.2618058517575264,2116,0.22659353464841842,0.22774963080883026,0.230127976834774,0.23157919347286224,0.22798659056425094,0.23349503576755523,0.23638064563274383,0.23633677661418914
2117,0.2618058517575264,2117,0.22659353464841842,0.22774963080883026,0.230127976834774,0.23157919347286224,0.22798659056425094,0.23349503576755523,0.23638064563274383,0.23633677661418914
2118,0.2618058517575264,2118,0.22659353464841842,0.22774963080883026,0.230127976834774,0.23157919347286224,0.22798659056425094,0.23349503576755523,0.23638064563274383,0.23633677661418914
2119,0.2618058517575264,2119,0.22659353464841842,0.22774963080883026,0.230127976834774,0.23157919347286224,0.22798659056425094,0.23349503576755523,0.23638064563274383,0.23633677661418914
2120,0.2618058517575264,2120,0.22659353464841842,0.22774963080883026,0.230127976834774,0.23157919347286224,0.22798659056425094,0.23349503576755523,0.23638064563274383,0.23633677661418914
2121,0.2618058517575264,2121,0.22659353464841842,0.22774963080883026,0.230127976834774,0.23157919347286224,0.22798659056425094,0.23349503576755523,0.23638064563274383,0.23633677661418914
2122,0.2618058517575264,2122,0.22659353464841842,0.22774963080883026,0.230127976834774,0.23157919347286224,0.22798659056425094,0.23349503576755523,0.23638064563274383,0.23633677661418914
2123,0.2618058517575264,2123,0.22659353464841842,0.22774963080883026,0.230127976834774,0.23157919347286224,0.22798659056425094,0.23349503576755523,0.23638064563274383,0.23633677661418914
2124,0.2618058517575264,2124,0.22659353464841842,0.22774963080883026,0.230127976834774,0.23157919347286224,0.22798659056425094,0.23349503576755523,0.23638064563274383,0.23633677661418914
2125,0.2618058517575264,2125,0.22659353464841842,0.22774963080883026,0.230127976834774,0.23157919347286224,0.22798659056425094,0.23349503576755523,0.23638064563274383,0.23633677661418914
2126,0.2618058517575264,2126,0.22659353464841842,0.22774963080883026,0.230127976834774,0.23157919347286224,0.22798659056425094,0.23349503576755523,0.23638064563274383,0.23633677661418914
2127,0.2618058517575264,2127,0.22659353464841842,0.22774963080883026,0.230127976834774,0.23157919347286224,0.22798659056425094,0.23349503576755523,0.23638064563274383,0.23633677661418914
2128,0.2618058517575264,2128,0.22659353464841842,0.22774963080883026,0.230127976834774,0.23157919347286224,0.22798659056425094,0.23349503576755523,0.23638064563274383,0.23633677661418914
2129,0.2618058517575264,2129,0.22659353464841842,0.22774963080883026,0.230127976834774,0.23157919347286224,0.22798659056425094,0.23349503576755523,0.23638064563274383,0.23633677661418914
2130,0.2618058517575264,2130,0.22659353464841842,0.22774963080883026,0.230127976834774,0.23157919347286224,0.22798659056425094,0.23349503576755523,0.23638064563274383,0.23633677661418914
2131,0.2618058517575264,2131,0.22659353464841842,0.22774963080883026,0.230127976834774,0.23157919347286224,0.22798659056425094,0.23349503576755523,0.23638064563274383,0.23633677661418914
2132,0.2618058517575264,2132,0.22659353464841842,0.22774963080883026,0.230127976834774,0.23157919347286224,0.22798659056425094,0.23349503576755523,0.23638064563274383,0.23633677661418914
2133,0.2618058517575264,2133,0.22659353464841842,0.22774963080883026,0.230127976834774,0.23157919347286224,0.22798659056425094,0.23349503576755523,0.23638064563274383,0.23633677661418914
2134,0.2618058517575264,2134,0.22659353464841842,0.22774963080883026,0.230127976834774,0.23157919347286224,0.22798659056425094,0.23349503576755523,0.23638064563274383,0.23633677661418914
2135,0.2618058517575264,2135,0.22659353464841842,0.22774963080883026,0.230127976834774,0.23157919347286224,0.22798659056425094,0.23349503576755523,0.23638064563274383,0.23633677661418914
2136,0.2618058517575264,2136,0.22659353464841842,0.22774963080883026,0.230127976834774,0.23157919347286224,0.22798659056425094,0.23349503576755523,0.23638064563274383,0.23633677661418914
2137,0.2618058517575264,2137,0.22659353464841842,0.22774963080883026,0.230127976834774,0.23157919347286224,0.22798659056425094,0.23349503576755523,0.23638064563274383,0.23633677661418914
2138,0.2618058517575264,2138,0.22659353464841842,0.22774963080883026,0.230127976834774,0.23157919347286224,0.22798659056425094,0.23349503576755523,0.23638064563274383,0.23633677661418914
2139,0.2618058517575264,2139,0.22659353464841842,0.22774963080883026,0.230127976834774,0.23157919347286224,0.22798659056425094,0.23349503576755523,0.23638064563274383,0.23633677661418914
2140,0.2618058517575264,2140,0.22659353464841842,0.22774963080883026,0.230127976834774,0.23157919347286224,0.22798659056425094,0.23349503576755523,0.23638064563274383,0.23633677661418914
2141,0.2618058517575264,2141,0.22659353464841842,0.22774963080883026,0.230127976834774,0.23157919347286224,0.22798659056425094,0.23349503576755523,0.23638064563274383,0.23633677661418914
2142,0.2618058517575264,2142,0.22659353464841842,0.22774963080883026,0.230127976834774,0.23157919347286224,0.22798659056425094,0.23349503576755523,0.23638064563274383,0.23633677661418914
2143,0.2618058517575264,2143,0.22659353464841842,0.22774963080883026,0.230127976834774,0.23157919347286224,0.22798659056425094,0.23349503576755523,0.23638064563274383,0.23633677661418914
2144,0.2618058517575264,2144,0.22659353464841842,0.22774963080883026,0.230127976834774,0.23157919347286224,0.22798659056425094,0.23349503576755523,0.23638064563274383,0.23633677661418914
2145,0.2618058517575264,2145,0.22659353464841842,0.22774963080883026,0.230127976834774,0.23157919347286224,0.22798659056425094,0.23349503576755523,0.23638064563274383,0.23633677661418914
2146,0.2618058517575264,2146,0.22659353464841842,0.22774963080883026,0.230127976834774,0.23157919347286224,0.22798659056425094,0.23349503576755523,0.23638064563274383,0.23633677661418914
2147,0.2618058517575264,2147,0.22659353464841842,0.22774963080883026,0.230127976834774,0.23157919347286224,0.22798659056425094,0.23349503576755523,0.23638064563274383,0.23633677661418914
2148,0.2618058517575264,2148,0.22659353464841842,0.22774963080883026,0.230127976834774,0.23157919347286224,0.22798659056425094,0.23349503576755523,0.23638064563274383,0.23633677661418914
2149,0.2618058517575264,2149,0.22659353464841842,0.22774963080883026,0.230127976834774,0.23157919347286224,0.22798659056425094,0.23349503576755523,0.23638064563274383,0.23633677661418914
2150,0.2618058517575264,2150,0.22659353464841842,0.22774963080883026,0.230127976834774,0.23157919347286224,0.22798659056425094,0.23349503576755523,0.23638064563274383,0.23633677661418914
2151,0.2618058517575264,2151,0.22659353464841842,0.22774963080883026,0.230127976834774,0.23157919347286224,0.22798659056425094,0.23349503576755523,0.23638064563274383,0.23633677661418914
2152,0.2618058517575264,2152,0.22659353464841842,0.22774963080883026,0.230127976834774,0.23157919347286224,0.22798659056425094,0.23349503576755523,0.23638064563274383,0.23633677661418914
2153,0.2618058517575264,2153,0.22659353464841842,0.22774963080883026,0.230127976834774,0.23157919347286224,0.22798659056425094,0.23349503576755523,0.23638064563274383,0.23633677661418914
2154,0.2618058517575264,2154,0.22659353464841842,0.22774963080883026,0.230127976834774,0.23157919347286224,0.22798659056425094,0.23349503576755523,0.23638064563274383,0.23633677661418914
2155,0.2618058517575264,2155,0.22659353464841842,0.22774963080883026,0.230127976834774,0.23157919347286224,0.22798659056425094,0.23349503576755523,0.23638064563274383,0.23633677661418914
2156,0.2618058517575264,2156,0.22659353464841842,0.22774963080883026,0.230127976834774,0.23157919347286224,0.22798659056425094,0.23349503576755523,0.23638064563274383,0.23633677661418914
2157,0.2618058517575264,2157,0.22659353464841842,0.22774963080883026,0.230127976834774,0.23157919347286224,0.22798659056425094,0.23349503576755523,0.23638064563274383,0.23633677661418914
2158,0.2618058517575264,2158,0.22659353464841842,0.22774963080883026,0.230127976834774,0.23157919347286224,0.22798659056425094,0.23349503576755523,0.23638064563274383,0.23633677661418914
2159,0.2618058517575264,2159,0.22659353464841842,0.22774963080883026,0.230127976834774,0.23157919347286224,0.22798659056425094,0.23349503576755523,0.23638064563274383,0.23633677661418914
2160,0.2618058517575264,2160,0.22659353464841842,0.22774963080883026,0.230127976834774,0.23157919347286224,0.22798659056425094,0.23349503576755523,0.23638064563274383,0.23633677661418914
2161,0.2618058517575264,2161,0.22659353464841842,0.22774963080883026,0.230127976834774,0.23157919347286224,0.22798659056425094,0.23349503576755523,0.23638064563274383,0.23633677661418914
2162,0.2618058517575264,2162,0.22659353464841842,0.22774963080883026,0.230127976834774,0.23157919347286224,0.22798659056425094,0.23349503576755523,0.23638064563274383,0.23633677661418914
2163,0.2618058517575264,2163,0.22659353464841842,0.22774963080883026,0.230127976834774,0.23157919347286224,0.22798659056425094,0.23349503576755523,0.23638064563274383,0.23633677661418914
2164,0.2618058517575264,2164,0.22659353464841842,0.22774963080883026,0.230127976834774,0.23157919347286224,0.22798659056425094,0.23349503576755523,0.23638064563274383,0.23633677661418914
2165,0.2618058517575264,2165,0.22659353464841842,0.22774963080883026,0.230127976834774,0.23157919347286224,0.22798659056425094,0.23349503576755523,0.23638064563274383,0.23633677661418914
2166,0.2618058517575264,2166,0.22659353464841842,0.22774963080883026,0.230127976834774,0.23157919347286224,0.22798659056425094,0.23349503576755523,0.23638064563274383,0.23633677661418914
2167,0.2618058517575264,2167,0.22659353464841842,0.22774963080883026,0.230127976834774,0.23157919347286224,0.22798659056425094,0.23349503576755523,0.23638064563274383,0.23633677661418914
2168,0.2618058517575264,2168,0.22659353464841842,0.22774963080883026,0.230127976834774,0.23157919347286224,0.22798659056425094,0.23349503576755523,0.23638064563274383,0.23633677661418914
2169,0.2618058517575264,2169,0.22659353464841842,0.22774963080883026,0.230127976834774,0.23157919347286224,0.22798659056425094,0.23349503576755523,0.23638064563274383,0.23633677661418914
2170,0.2618058517575264,2170,0.22659353464841842,0.22774963080883026,0.230127976834774,0.23157919347286224,0.22798659056425094,0.23349503576755523,0.23638064563274383,0.23633677661418914
2171,0.2618058517575264,2171,0.22659353464841842,0.22774963080883026,0.230127976834774,0.23157919347286224,0.22798659056425094,0.23349503576755523,0.23638064563274383,0.23633677661418914
2172,0.2618058517575264,2172,0.22659353464841842,0.22774963080883026,0.230127976834774,0.23157919347286224,0.22798659056425094,0.23349503576755523,0.23638064563274383,0.23633677661418914
2173,0.2618058517575264,2173,0.22659353464841842,0.22774963080883026,0.230127976834774,0.23157919347286224,0.22798659056425094,0.23349503576755523,0.23638064563274383,0.23633677661418914
2174,0.2618058517575264,2174,0.22659353464841842,0.22774963080883026,0.230127976834774,0.23157919347286224,0.22798659056425094,0.23349503576755523,0.23638064563274383,0.23633677661418914
2175,0.2618058517575264,2175,0.22659353464841842,0.22774963080883026,0.230127976834774,0.23157919347286224,0.22798659056425094,0.23349503576755523,0.23638064563274383,0.23633677661418914
2176,0.2618058517575264,2176,0.22659353464841842,0.22774963080883026,0.230127976834774,0.23157919347286224,0.22798659056425094,0.23349503576755523,0.23638064563274383,0.23633677661418914
2177,0.2618058517575264,2177,0.22659353464841842,0.22774963080883026,0.230127976834774,0.23157919347286224,0.22798659056425094,0.23349503576755523,0.23638064563274383,0.23633677661418914
2178,0.2618058517575264,2178,0.22659353464841842,0.22774963080883026,0.230127976834774,0.23157919347286224,0.22798659056425094,0.23349503576755523,0.23638064563274383,0.23633677661418914
2179,0.2618058517575264,2179,0.22659353464841842,0.22774963080883026,0.230127976834774,0.23157919347286224,0.22798659056425094,0.23349503576755523,0.23638064563274383,0.23633677661418914
2180,0.2618058517575264,2180,0.22659353464841842,0.22774963080883026,0.230127976834774,0.23157919347286224,0.22798659056425094,0.23349503576755523,0.23638064563274383,0.23633677661418914
2181,0.2618058517575264,2181,0.22659353464841842,0.22774963080883026,0.230127976834774,0.23157919347286224,0.22798659056425094,0.23349503576755523,0.23638064563274383,0.23633677661418914
2182,0.2618058517575264,2182,0.22659353464841842,0.22774963080883026,0.230127976834774,0.23157919347286224,0.22798659056425094,0.23349503576755523,0.23638064563274383,0.23633677661418914
2183,0.2618058517575264,2183,0.22659353464841842,0.22774963080883026,0.230127976834774,0.23157919347286224,0.22798659056425094,0.23349503576755523,0.23638064563274383,0.23633677661418914
2184,0.2618058517575264,2184,0.22659353464841842,0.22774963080883026,0.230127976834774,0.23157919347286224,0.22798659056425094,0.23349503576755523,0.23638064563274383,0.23633677661418914
2185,0.2618058517575264,2185,0.22659353464841842,0.22774963080883026,0.230127976834774,0.23157919347286224,0.22798659056425094,0.23349503576755523,0.23638064563274383,0.23633677661418914
2186,0.2618058517575264,2186,0.22659353464841842,0.22774963080883026,0.230127976834774,0.23157919347286224,0.22798659056425094,0.23349503576755523,0.23638064563274383,0.23633677661418914
2187,0.2618058517575264,2187,0.22659353464841842,0.22774963080883026,0.230127976834774,0.23157919347286224,0.22798659056425094,0.23349503576755523,0.23638064563274383,0.23633677661418914
2188,0.2618058517575264,2188,0.22659353464841842,0.22774963080883026,0.230127976834774,0.23157919347286224,0.22798659056425094,0.23349503576755523,0.23638064563274383,0.23633677661418914
2189,0.2618058517575264,2189,0.22659353464841842,0.22774963080883026,0.230127976834774,0.23157919347286224,0.22798659056425094,0.23349503576755523,0.23638064563274383,0.23633677661418914
2190,0.2618058517575264,2190,0.22659353464841842,0.22774963080883026,0.230127976834774,0.23157919347286224,0.22798659056425094,0.23349503576755523,0.23638064563274383,0.23633677661418914
2191,0.2618058517575264,2191,0.22659353464841842,0.22774963080883026,0.230127976834774,0.23157919347286224,0.22798659056425094,0.23349503576755523,0.23638064563274383,0.23633677661418914
2192,0.2618058517575264,2192,0.22659353464841842,0.22774963080883026,0.230127976834774,0.23157919347286224,0.22798659056425094,0.23349503576755523,0.23638064563274383,0.23633677661418914
2193,0.2618058517575264,2193,0.22659353464841842,0.22774963080883026,0.230127976834774,0.23157919347286224,0.22798659056425094,0.23349503576755523,0.23638064563274383,0.23633677661418914
2194,0.2618058517575264,2194,0.22659353464841842,0.22774963080883026,0.230127976834774,0.23157919347286224,0.22798659056425094,0.23349503576755523,0.23638064563274383,0.23633677661418914
2195,0.2618058517575264,2195,0.22659353464841842,0.22774963080883026,0.230127976834774,0.23157919347286224,0.22798659056425094,0.23349503576755523,0.23638064563274383,0.23633677661418914
2196,0.2618058517575264,2196,0.22659353464841842,0.22774963080883026,0.230127976834774,0.23157919347286224,0.22798659056425094,0.23349503576755523,0.23638064563274383,0.23633677661418914
2197,0.2618058517575264,2197,0.22659353464841842,0.22774963080883026,0.230127976834774,0.23157919347286224,0.22798659056425094,0.23349503576755523,0.23638064563274383,0.23633677661418914
2198,0.2618058517575264,2198,0.22659353464841842,0.22774963080883026,0.230127976834774,0.23157919347286224,0.22798659056425094,0.23349503576755523,0.23638064563274383,0.23633677661418914
2199,0.2618058517575264,2199,0.22659353464841842,0.22774963080883026,0.230127976834774,0.23157919347286224,0.22798659056425094,0.23349503576755523,0.23638064563274383,0.23633677661418914
2200,0.2618058517575264,2200,0.22659353464841842,0.22774963080883026,0.230127976834774,0.23157919347286224,0.22798659056425094,0.23349503576755523,0.23638064563274383,0.23633677661418914
2201,0.2618058517575264,2201,0.22659353464841842,0.22774963080883026,0.230127976834774,0.23157919347286224,0.22798659056425094,0.23349503576755523,0.23638064563274383,0.23633677661418914
2202,0.2618058517575264,2202,0.22659353464841842,0.22774963080883026,0.230127976834774,0.23157919347286224,0.22798659056425094,0.23349503576755523,0.23638064563274383,0.23633677661418914
2203,0.2618058517575264,2203,0.22659353464841842,0.22774963080883026,0.230127976834774,0.23157919347286224,0.22798659056425094,0.23349503576755523,0.23638064563274383,0.23633677661418914
2204,0.2618058517575264,2204,0.22659353464841842,0.22774963080883026,0.230127976834774,0.23157919347286224,0.22798659056425094,0.23349503576755523,0.23638064563274383,0.23633677661418914
2205,0.2618058517575264,2205,0.22659353464841842,0.22774963080883026,0.230127976834774,0.23157919347286224,0.22798659056425094,0.23349503576755523,0.23638064563274383,0.23633677661418914
2206,0.2618058517575264,2206,0.22659353464841842,0.22774963080883026,0.230127976834774,0.23157919347286224,0.22798659056425094,0.23349503576755523,0.23638064563274383,0.23633677661418914
2207,0.2618058517575264,2207,0.22659353464841842,0.22774963080883026,0.230127976834774,0.23157919347286224,0.22798659056425094,0.23349503576755523,0.23638064563274383,0.23633677661418914
2208,0.2618058517575264,2208,0.22659353464841842,0.22774963080883026,0.230127976834774,0.23157919347286224,0.22798659056425094,0.23349503576755523,0.23638064563274383,0.23633677661418914
2209,0.2618058517575264,2209,0.22659353464841842,0.22774963080883026,0.230127976834774,0.23157919347286224,0.22798659056425094,0.23349503576755523,0.23638064563274383,0.23633677661418914
2210,0.2618058517575264,2210,0.22659353464841842,0.22774963080883026,0.230127976834774,0.23157919347286224,0.22798659056425094,0.23349503576755523,0.23638064563274383,0.23633677661418914
2211,0.2618058517575264,2211,0.22659353464841842,0.22774963080883026,0.230127976834774,0.23157919347286224,0.22798659056425094,0.23349503576755523,0.23638064563274383,0.23633677661418914
2212,0.2618058517575264,2212,0.22659353464841842,0.22774963080883026,0.230127976834774,0.23157919347286224,0.22798659056425094,0.23349503576755523,0.23638064563274383,0.23633677661418914
2213,0.2618058517575264,2213,0.22659353464841842,0.22774963080883026,0.230127976834774,0.23157919347286224,0.22798659056425094,0.23349503576755523,0.23638064563274383,0.23633677661418914
2214,0.2618058517575264,2214,0.22659353464841842,0.22774963080883026,0.230127976834774,0.23157919347286224,0.22798659056425094,0.23349503576755523,0.23638064563274383,0.23633677661418914
2215,0.2618058517575264,2215,0.22659353464841842,0.22774963080883026,0.230127976834774,0.23157919347286224,0.22798659056425094,0.23349503576755523,0.23638064563274383,0.23633677661418914
2216,0.2618058517575264,2216,0.22659353464841842,0.22774963080883026,0.230127976834774,0.23157919347286224,0.22798659056425094,0.23349503576755523,0.23638064563274383,0.23633677661418914
2217,0.2618058517575264,2217,0.22659353464841842,0.22774963080883026,0.230127976834774,0.23157919347286224,0.22798659056425094,0.23349503576755523,0.23638064563274383,0.23633677661418914
2218,0.2618058517575264,2218,0.22659353464841842,0.22774963080883026,0.230127976834774,0.23157919347286224,0.22798659056425094,0.23349503576755523,0.23638064563274383,0.23633677661418914
2219,0.2618058517575264,2219,0.22659353464841842,0.22774963080883026,0.230127976834774,0.23157919347286224,0.22798659056425094,0.23349503576755523,0.23638064563274383,0.23633677661418914
2220,0.2618058517575264,2220,0.22659353464841842,0.22774963080883026,0.230127976834774,0.23157919347286224,0.22798659056425094,0.23349503576755523,0.23638064563274383,0.23633677661418914
2221,0.2618058517575264,2221,0.22659353464841842,0.22774963080883026,0.230127976834774,0.23157919347286224,0.22798659056425094,0.23349503576755523,0.23638064563274383,0.23633677661418914
2222,0.2618058517575264,2222,0.22659353464841842,0.22774963080883026,0.230127976834774,0.23157919347286224,0.22798659056425094,0.23349503576755523,0.23638064563274383,0.23633677661418914
2223,0.2618058517575264,2223,0.22659353464841842,0.22774963080883026,0.230127976834774,0.23157919347286224,0.22798659056425094,0.23349503576755523,0.23638064563274383,0.23633677661418914
2224,0.2618058517575264,2224,0.22659353464841842,0.22774963080883026,0.230127976834774,0.23157919347286224,0.22798659056425094,0.23349503576755523,0.23638064563274383,0.23633677661418914
2225,0.2618058517575264,2225,0.22659353464841842,0.22774963080883026,0.230127976834774,0.23157919347286224,0.22798659056425094,0.23349503576755523,0.23638064563274383,0.23633677661418914
2226,0.2618058517575264,2226,0.22659353464841842,0.22774963080883026,0.230127976834774,0.23157919347286224,0.22798659056425094,0.23349503576755523,0.23638064563274383,0.23633677661418914
2227,0.2618058517575264,2227,0.22659353464841842,0.22774963080883026,0.230127976834774,0.23157919347286224,0.22798659056425094,0.23349503576755523,0.23638064563274383,0.23633677661418914
2228,0.2618058517575264,2228,0.22659353464841842,0.22774963080883026,0.230127976834774,0.23157919347286224,0.22798659056425094,0.23349503576755523,0.23638064563274383,0.23633677661418914
2229,0.2618058517575264,2229,0.22659353464841842,0.22774963080883026,0.230127976834774,0.23157919347286224,0.22798659056425094,0.23349503576755523,0.23638064563274383,0.23633677661418914
2230,0.2618058517575264,2230,0.22659353464841842,0.22774963080883026,0.230127976834774,0.23157919347286224,0.22798659056425094,0.23349503576755523,0.23638064563274383,0.23633677661418914
2231,0.2618058517575264,2231,0.22659353464841842,0.22774963080883026,0.230127976834774,0.23157919347286224,0.22798659056425094,0.23349503576755523,0.23638064563274383,0.23633677661418914
2232,0.2618058517575264,2232,0.22659353464841842,0.22774963080883026,0.230127976834774,0.23157919347286224,0.22798659056425094,0.23349503576755523,0.23638064563274383,0.23633677661418914
2233,0.2618058517575264,2233,0.22659353464841842,0.22774963080883026,0.230127976834774,0.23157919347286224,0.22798659056425094,0.23349503576755523,0.23638064563274383,0.23633677661418914
2234,0.2618058517575264,2234,0.22659353464841842,0.22774963080883026,0.230127976834774,0.23157919347286224,0.22798659056425094,0.23349503576755523,0.23638064563274383,0.23633677661418914
2235,0.2618058517575264,2235,0.22659353464841842,0.22774963080883026,0.230127976834774,0.23157919347286224,0.22798659056425094,0.23349503576755523,0.23638064563274383,0.23633677661418914
2236,0.2618058517575264,2236,0.22659353464841842,0.22774963080883026,0.230127976834774,0.23157919347286224,0.22798659056425094,0.23349503576755523,0.23638064563274383,0.23633677661418914
2237,0.2618058517575264,2237,0.22659353464841842,0.22774963080883026,0.230127976834774,0.23157919347286224,0.22798659056425094,0.23349503576755523,0.23638064563274383,0.23633677661418914
2238,0.2618058517575264,2238,0.22659353464841842,0.22774963080883026,0.230127976834774,0.23157919347286224,0.22798659056425094,0.23349503576755523,0.23638064563274383,0.23633677661418914
2239,0.2618058517575264,2239,0.22659353464841842,0.22774963080883026,0.230127976834774,0.23157919347286224,0.22798659056425094,0.23349503576755523,0.23638064563274383,0.23633677661418914
2240,0.2618058517575264,2240,0.22659353464841842,0.22774963080883026,0.230127976834774,0.23157919347286224,0.22798659056425094,0.23349503576755523,0.23638064563274383,0.23633677661418914
2241,0.2618058517575264,2241,0.22659353464841842,0.22774963080883026,0.230127976834774,0.23157919347286224,0.22798659056425094,0.23349503576755523,0.23638064563274383,0.23633677661418914
2242,0.2618058517575264,2242,0.22659353464841842,0.22774963080883026,0.230127976834774,0.23157919347286224,0.22798659056425094,0.23349503576755523,0.23638064563274383,0.23633677661418914
2243,0.2618058517575264,2243,0.22659353464841842,0.22774963080883026,0.230127976834774,0.23157919347286224,0.22798659056425094,0.23349503576755523,0.23638064563274383,0.23633677661418914
2244,0.2618058517575264,2244,0.22659353464841842,0.22774963080883026,0.230127976834774,0.23157919347286224,0.22798659056425094,0.23349503576755523,0.23638064563274383,0.23633677661418914
2245,0.2618058517575264,2245,0.22659353464841842,0.22774963080883026,0.230127976834774,0.23157919347286224,0.22798659056425094,0.23349503576755523,0.23638064563274383,0.23633677661418914
2246,0.2618058517575264,2246,0.22659353464841842,0.22774963080883026,0.230127976834774,0.23157919347286224,0.22798659056425094,0.23349503576755523,0.23638064563274383,0.23633677661418914
2247,0.2618058517575264,2247,0.22659353464841842,0.22774963080883026,0.230127976834774,0.23157919347286224,0.22798659056425094,0.23349503576755523,0.23638064563274383,0.23633677661418914
2248,0.2618058517575264,2248,0.22659353464841842,0.22774963080883026,0.230127976834774,0.23157919347286224,0.22798659056425094,0.23349503576755523,0.23638064563274383,0.23633677661418914
2249,0.2618058517575264,2249,0.22659353464841842,0.22774963080883026,0.230127976834774,0.23157919347286224,0.22798659056425094,0.23349503576755523,0.23638064563274383,0.23633677661418914
2250,0.261950746178627,2250,0.22659264951944352,0.22840743660926818,0.2311888337135315,0.23022177964448928,0.22697597593069077,0.23394874930381776,0.2361050844192505,0.23682819455862045
2251,0.261950746178627,2251,0.22659264951944352,0.22840743660926818,0.2311888337135315,0.23022177964448928,0.22697597593069077,0.23394874930381776,0.2361050844192505,0.23682819455862045
2252,0.261950746178627,2252,0.22659264951944352,0.22840743660926818,0.2311888337135315,0.23022177964448928,0.22697597593069077,0.23394874930381776,0.2361050844192505,0.23682819455862045
2253,0.261950746178627,2253,0.22659264951944352,0.22840743660926818,0.2311888337135315,0.23022177964448928,0.22697597593069077,0.23394874930381776,0.2361050844192505,0.23682819455862045
2254,0.261950746178627,2254,0.22659264951944352,0.22840743660926818,0.2311888337135315,0.23022177964448928,0.22697597593069077,0.23394874930381776,0.2361050844192505,0.23682819455862045
2255,0.261950746178627,2255,0.22659264951944352,0.22840743660926818,0.2311888337135315,0.23022177964448928,0.22697597593069077,0.23394874930381776,0.2361050844192505,0.23682819455862045
2256,0.261950746178627,2256,0.22659264951944352,0.22840743660926818,0.2311888337135315,0.23022177964448928,0.22697597593069077,0.23394874930381776,0.2361050844192505,0.23682819455862045
2257,0.261950746178627,2257,0.22659264951944352,0.22840743660926818,0.2311888337135315,0.23022177964448928,0.22697597593069077,0.23394874930381776,0.2361050844192505,0.23682819455862045
2258,0.261950746178627,2258,0.22659264951944352,0.22840743660926818,0.2311888337135315,0.23022177964448928,0.22697597593069077,0.23394874930381776,0.2361050844192505,0.23682819455862045
2259,0.261950746178627,2259,0.22659264951944352,0.22840743660926818,0.2311888337135315,0.23022177964448928,0.22697597593069077,0.23394874930381776,0.2361050844192505,0.23682819455862045
2260,0.261950746178627,2260,0.22659264951944352,0.22840743660926818,0.2311888337135315,0.23022177964448928,0.22697597593069077,0.23394874930381776,0.2361050844192505,0.23682819455862045
2261,0.261950746178627,2261,0.22659264951944352,0.22840743660926818,0.2311888337135315,0.23022177964448928,0.22697597593069077,0.23394874930381776,0.2361050844192505,0.23682819455862045
2262,0.261950746178627,2262,0.22659264951944352,0.22840743660926818,0.2311888337135315,0.23022177964448928,0.22697597593069077,0.23394874930381776,0.2361050844192505,0.23682819455862045
2263,0.261950746178627,2263,0.22659264951944352,0.22840743660926818,0.2311888337135315,0.23022177964448928,0.22697597593069077,0.23394874930381776,0.2361050844192505,0.23682819455862045
2264,0.261950746178627,2264,0.22659264951944352,0.22840743660926818,0.2311888337135315,0.23022177964448928,0.22697597593069077,0.23394874930381776,0.2361050844192505,0.23682819455862045
2265,0.261950746178627,2265,0.22659264951944352,0.22840743660926818,0.2311888337135315,0.23022177964448928,0.22697597593069077,0.23394874930381776,0.2361050844192505,0.23682819455862045
2266,0.261950746178627,2266,0.22659264951944352,0.22840743660926818,0.2311888337135315,0.23022177964448928,0.22697597593069077,0.23394874930381776,0.2361050844192505,0.23682819455862045
2267,0.261950746178627,2267,0.22659264951944352,0.22840743660926818,0.2311888337135315,0.23022177964448928,0.22697597593069077,0.23394874930381776,0.2361050844192505,0.23682819455862045
2268,0.261950746178627,2268,0.22659264951944352,0.22840743660926818,0.2311888337135315,0.23022177964448928,0.22697597593069077,0.23394874930381776,0.2361050844192505,0.23682819455862045
2269,0.261950746178627,2269,0.22659264951944352,0.22840743660926818,0.2311888337135315,0.23022177964448928,0.22697597593069077,0.23394874930381776,0.2361050844192505,0.23682819455862045
2270,0.261950746178627,2270,0.22659264951944352,0.22840743660926818,0.2311888337135315,0.23022177964448928,0.22697597593069077,0.23394874930381776,0.2361050844192505,0.23682819455862045
2271,0.261950746178627,2271,0.22659264951944352,0.22840743660926818,0.2311888337135315,0.23022177964448928,0.22697597593069077,0.23394874930381776,0.2361050844192505,0.23682819455862045
2272,0.261950746178627,2272,0.22659264951944352,0.22840743660926818,0.2311888337135315,0.23022177964448928,0.22697597593069077,0.23394874930381776,0.2361050844192505,0.23682819455862045
2273,0.261950746178627,2273,0.22659264951944352,0.22840743660926818,0.2311888337135315,0.23022177964448928,0.22697597593069077,0.23394874930381776,0.2361050844192505,0.23682819455862045
2274,0.261950746178627,2274,0.22659264951944352,0.22840743660926818,0.2311888337135315,0.23022177964448928,0.22697597593069077,0.23394874930381776,0.2361050844192505,0.23682819455862045
2275,0.261950746178627,2275,0.22659264951944352,0.22840743660926818,0.2311888337135315,0.23022177964448928,0.22697597593069077,0.23394874930381776,0.2361050844192505,0.23682819455862045
2276,0.261950746178627,2276,0.22659264951944352,0.22840743660926818,0.2311888337135315,0.23022177964448928,0.22697597593069077,0.23394874930381776,0.2361050844192505,0.23682819455862045
2277,0.261950746178627,2277,0.22659264951944352,0.22840743660926818,0.2311888337135315,0.23022177964448928,0.22697597593069077,0.23394874930381776,0.2361050844192505,0.23682819455862045
2278,0.261950746178627,2278,0.22659264951944352,0.22840743660926818,0.2311888337135315,0.23022177964448928,0.22697597593069077,0.23394874930381776,0.2361050844192505,0.23682819455862045
2279,0.261950746178627,2279,0.22659264951944352,0.22840743660926818,0.2311888337135315,0.23022177964448928,0.22697597593069077,0.23394874930381776,0.2361050844192505,0.23682819455862045
2280,0.261950746178627,2280,0.22659264951944352,0.22840743660926818,0.2311888337135315,0.23022177964448928,0.22697597593069077,0.23394874930381776,0.2361050844192505,0.23682819455862045
2281,0.261950746178627,2281,0.22659264951944352,0.22840743660926818,0.2311888337135315,0.23022177964448928,0.22697597593069077,0.23394874930381776,0.2361050844192505,0.23682819455862045
2282,0.261950746178627,2282,0.22659264951944352,0.22840743660926818,0.2311888337135315,0.23022177964448928,0.22697597593069077,0.23394874930381776,0.2361050844192505,0.23682819455862045
2283,0.261950746178627,2283,0.22659264951944352,0.22840743660926818,0.2311888337135315,0.23022177964448928,0.22697597593069077,0.23394874930381776,0.2361050844192505,0.23682819455862045
2284,0.261950746178627,2284,0.22659264951944352,0.22840743660926818,0.2311888337135315,0.23022177964448928,0.22697597593069077,0.23394874930381776,0.2361050844192505,0.23682819455862045
2285,0.261950746178627,2285,0.22659264951944352,0.22840743660926818,0.2311888337135315,0.23022177964448928,0.22697597593069077,0.23394874930381776,0.2361050844192505,0.23682819455862045
2286,0.261950746178627,2286,0.22659264951944352,0.22840743660926818,0.2311888337135315,0.23022177964448928,0.22697597593069077,0.23394874930381776,0.2361050844192505,0.23682819455862045
2287,0.261950746178627,2287,0.22659264951944352,0.22840743660926818,0.2311888337135315,0.23022177964448928,0.22697597593069077,0.23394874930381776,0.2361050844192505,0.23682819455862045
2288,0.261950746178627,2288,0.22659264951944352,0.22840743660926818,0.2311888337135315,0.23022177964448928,0.22697597593069077,0.23394874930381776,0.2361050844192505,0.23682819455862045
2289,0.261950746178627,2289,0.22659264951944352,0.22840743660926818,0.2311888337135315,0.23022177964448928,0.22697597593069077,0.23394874930381776,0.2361050844192505,0.23682819455862045
2290,0.261950746178627,2290,0.22659264951944352,0.22840743660926818,0.2311888337135315,0.23022177964448928,0.22697597593069077,0.23394874930381776,0.2361050844192505,0.23682819455862045
2291,0.261950746178627,2291,0.22659264951944352,0.22840743660926818,0.2311888337135315,0.23022177964448928,0.22697597593069077,0.23394874930381776,0.2361050844192505,0.23682819455862045
2292,0.261950746178627,2292,0.22659264951944352,0.22840743660926818,0.2311888337135315,0.23022177964448928,0.22697597593069077,0.23394874930381776,0.2361050844192505,0.23682819455862045
2293,0.261950746178627,2293,0.22659264951944352,0.22840743660926818,0.2311888337135315,0.23022177964448928,0.22697597593069077,0.23394874930381776,0.2361050844192505,0.23682819455862045
2294,0.261950746178627,2294,0.22659264951944352,0.22840743660926818,0.2311888337135315,0.23022177964448928,0.22697597593069077,0.23394874930381776,0.2361050844192505,0.23682819455862045
2295,0.261950746178627,2295,0.22659264951944352,0.22840743660926818,0.2311888337135315,0.23022177964448928,0.22697597593069077,0.23394874930381776,0.2361050844192505,0.23682819455862045
2296,0.261950746178627,2296,0.22659264951944352,0.22840743660926818,0.2311888337135315,0.23022177964448928,0.22697597593069077,0.23394874930381776,0.2361050844192505,0.23682819455862045
2297,0.261950746178627,2297,0.22659264951944352,0.22840743660926818,0.2311888337135315,0.23022177964448928,0.22697597593069077,0.23394874930381776,0.2361050844192505,0.23682819455862045
2298,0.261950746178627,2298,0.22659264951944352,0.22840743660926818,0.2311888337135315,0.23022177964448928,0.22697597593069077,0.23394874930381776,0.2361050844192505,0.23682819455862045
2299,0.261950746178627,2299,0.22659264951944352,0.22840743660926818,0.2311888337135315,0.23022177964448928,0.22697597593069077,0.23394874930381776,0.2361050844192505,0.23682819455862045
2300,0.261950746178627,2300,0.22659264951944352,0.22840743660926818,0.2311888337135315,0.23022177964448928,0.22697597593069077,0.23394874930381776,0.2361050844192505,0.23682819455862045
2301,0.261950746178627,2301,0.22659264951944352,0.22840743660926818,0.2311888337135315,0.23022177964448928,0.22697597593069077,0.23394874930381776,0.2361050844192505,0.23682819455862045
2302,0.261950746178627,2302,0.22659264951944352,0.22840743660926818,0.2311888337135315,0.23022177964448928,0.22697597593069077,0.23394874930381776,0.2361050844192505,0.23682819455862045
2303,0.261950746178627,2303,0.22659264951944352,0.22840743660926818,0.2311888337135315,0.23022177964448928,0.22697597593069077,0.23394874930381776,0.2361050844192505,0.23682819455862045
2304,0.261950746178627,2304,0.22659264951944352,0.22840743660926818,0.2311888337135315,0.23022177964448928,0.22697597593069077,0.23394874930381776,0.2361050844192505,0.23682819455862045
2305,0.261950746178627,2305,0.22659264951944352,0.22840743660926818,0.2311888337135315,0.23022177964448928,0.22697597593069077,0.23394874930381776,0.2361050844192505,0.23682819455862045
2306,0.261950746178627,2306,0.22659264951944352,0.22840743660926818,0.2311888337135315,0.23022177964448928,0.22697597593069077,0.23394874930381776,0.2361050844192505,0.23682819455862045
2307,0.261950746178627,2307,0.22659264951944352,0.22840743660926818,0.2311888337135315,0.23022177964448928,0.22697597593069077,0.23394874930381776,0.2361050844192505,0.23682819455862045
2308,0.261950746178627,2308,0.22659264951944352,0.22840743660926818,0.2311888337135315,0.23022177964448928,0.22697597593069077,0.23394874930381776,0.2361050844192505,0.23682819455862045
2309,0.261950746178627,2309,0.22659264951944352,0.22840743660926818,0.2311888337135315,0.23022177964448928,0.22697597593069077,0.23394874930381776,0.2361050844192505,0.23682819455862045
2310,0.261950746178627,2310,0.22659264951944352,0.22840743660926818,0.2311888337135315,0.23022177964448928,0.22697597593069077,0.23394874930381776,0.2361050844192505,0.23682819455862045
2311,0.261950746178627,2311,0.22659264951944352,0.22840743660926818,0.2311888337135315,0.23022177964448928,0.22697597593069077,0.23394874930381776,0.2361050844192505,0.23682819455862045
2312,0.261950746178627,2312,0.22659264951944352,0.22840743660926818,0.2311888337135315,0.23022177964448928,0.22697597593069077,0.23394874930381776,0.2361050844192505,0.23682819455862045
2313,0.261950746178627,2313,0.22659264951944352,0.22840743660926818,0.2311888337135315,0.23022177964448928,0.22697597593069077,0.23394874930381776,0.2361050844192505,0.23682819455862045
2314,0.261950746178627,2314,0.22659264951944352,0.22840743660926818,0.2311888337135315,0.23022177964448928,0.22697597593069077,0.23394874930381776,0.2361050844192505,0.23682819455862045
2315,0.261950746178627,2315,0.22659264951944352,0.22840743660926818,0.2311888337135315,0.23022177964448928,0.22697597593069077,0.23394874930381776,0.2361050844192505,0.23682819455862045
2316,0.261950746178627,2316,0.22659264951944352,0.22840743660926818,0.2311888337135315,0.23022177964448928,0.22697597593069077,0.23394874930381776,0.2361050844192505,0.23682819455862045
2317,0.261950746178627,2317,0.22659264951944352,0.22840743660926818,0.2311888337135315,0.23022177964448928,0.22697597593069077,0.23394874930381776,0.2361050844192505,0.23682819455862045
2318,0.261950746178627,2318,0.22659264951944352,0.22840743660926818,0.2311888337135315,0.23022177964448928,0.22697597593069077,0.23394874930381776,0.2361050844192505,0.23682819455862045
2319,0.261950746178627,2319,0.22659264951944352,0.22840743660926818,0.2311888337135315,0.23022177964448928,0.22697597593069077,0.23394874930381776,0.2361050844192505,0.23682819455862045
2320,0.261950746178627,2320,0.22659264951944352,0.22840743660926818,0.2311888337135315,0.23022177964448928,0.22697597593069077,0.23394874930381776,0.2361050844192505,0.23682819455862045
2321,0.261950746178627,2321,0.22659264951944352,0.22840743660926818,0.2311888337135315,0.23022177964448928,0.22697597593069077,0.23394874930381776,0.2361050844192505,0.23682819455862045
2322,0.261950746178627,2322,0.22659264951944352,0.22840743660926818,0.2311888337135315,0.23022177964448928,0.22697597593069077,0.23394874930381776,0.2361050844192505,0.23682819455862045
2323,0.261950746178627,2323,0.22659264951944352,0.22840743660926818,0.2311888337135315,0.23022177964448928,0.22697597593069077,0.23394874930381776,0.2361050844192505,0.23682819455862045
2324,0.261950746178627,2324,0.22659264951944352,0.22840743660926818,0.2311888337135315,0.23022177964448928,0.22697597593069077,0.23394874930381776,0.2361050844192505,0.23682819455862045
2325,0.261950746178627,2325,0.22659264951944352,0.22840743660926818,0.2311888337135315,0.23022177964448928,0.22697597593069077,0.23394874930381776,0.2361050844192505,0.23682819455862045
2326,0.261950746178627,2326,0.22659264951944352,0.22840743660926818,0.2311888337135315,0.23022177964448928,0.22697597593069077,0.23394874930381776,0.2361050844192505,0.23682819455862045
2327,0.261950746178627,2327,0.22659264951944352,0.22840743660926818,0.2311888337135315,0.23022177964448928,0.22697597593069077,0.23394874930381776,0.2361050844192505,0.23682819455862045
2328,0.261950746178627,2328,0.22659264951944352,0.22840743660926818,0.2311888337135315,0.23022177964448928,0.22697597593069077,0.23394874930381776,0.2361050844192505,0.23682819455862045
2329,0.261950746178627,2329,0.22659264951944352,0.22840743660926818,0.2311888337135315,0.23022177964448928,0.22697597593069077,0.23394874930381776,0.2361050844192505,0.23682819455862045
2330,0.261950746178627,2330,0.22659264951944352,0.22840743660926818,0.2311888337135315,0.23022177964448928,0.22697597593069077,0.23394874930381776,0.2361050844192505,0.23682819455862045
2331,0.261950746178627,2331,0.22659264951944352,0.22840743660926818,0.2311888337135315,0.23022177964448928,0.22697597593069077,0.23394874930381776,0.2361050844192505,0.23682819455862045
2332,0.261950746178627,2332,0.22659264951944352,0.22840743660926818,0.2311888337135315,0.23022177964448928,0.22697597593069077,0.23394874930381776,0.2361050844192505,0.23682819455862045
2333,0.261950746178627,2333,0.22659264951944352,0.22840743660926818,0.2311888337135315,0.23022177964448928,0.22697597593069077,0.23394874930381776,0.2361050844192505,0.23682819455862045
2334,0.261950746178627,2334,0.22659264951944352,0.22840743660926818,0.2311888337135315,0.23022177964448928,0.22697597593069077,0.23394874930381776,0.2361050844192505,0.23682819455862045
2335,0.261950746178627,2335,0.22659264951944352,0.22840743660926818,0.2311888337135315,0.23022177964448928,0.22697597593069077,0.23394874930381776,0.2361050844192505,0.23682819455862045
2336,0.261950746178627,2336,0.22659264951944352,0.22840743660926818,0.2311888337135315,0.23022177964448928,0.22697597593069077,0.23394874930381776,0.2361050844192505,0.23682819455862045
2337,0.261950746178627,2337,0.22659264951944352,0.22840743660926818,0.2311888337135315,0.23022177964448928,0.22697597593069077,0.23394874930381776,0.2361050844192505,0.23682819455862045
2338,0.261950746178627,2338,0.22659264951944352,0.22840743660926818,0.2311888337135315,0.23022177964448928,0.22697597593069077,0.23394874930381776,0.2361050844192505,0.23682819455862045
2339,0.261950746178627,2339,0.22659264951944352,0.22840743660926818,0.2311888337135315,0.23022177964448928,0.22697597593069077,0.23394874930381776,0.2361050844192505,0.23682819455862045
2340,0.261950746178627,2340,0.22659264951944352,0.22840743660926818,0.2311888337135315,0.23022177964448928,0.22697597593069077,0.23394874930381776,0.2361050844192505,0.23682819455862045
2341,0.261950746178627,2341,0.22659264951944352,0.22840743660926818,0.2311888337135315,0.23022177964448928,0.22697597593069077,0.23394874930381776,0.2361050844192505,0.23682819455862045
2342,0.261950746178627,2342,0.22659264951944352,0.22840743660926818,0.2311888337135315,0.23022177964448928,0.22697597593069077,0.23394874930381776,0.2361050844192505,0.23682819455862045
2343,0.261950746178627,2343,0.22659264951944352,0.22840743660926818,0.2311888337135315,0.23022177964448928,0.22697597593069077,0.23394874930381776,0.2361050844192505,0.23682819455862045
2344,0.261950746178627,2344,0.22659264951944352,0.22840743660926818,0.2311888337135315,0.23022177964448928,0.22697597593069077,0.23394874930381776,0.2361050844192505,0.23682819455862045
2345,0.261950746178627,2345,0.22659264951944352,0.22840743660926818,0.2311888337135315,0.23022177964448928,0.22697597593069077,0.23394874930381776,0.2361050844192505,0.23682819455862045
2346,0.261950746178627,2346,0.22659264951944352,0.22840743660926818,0.2311888337135315,0.23022177964448928,0.22697597593069077,0.23394874930381776,0.2361050844192505,0.23682819455862045
2347,0.261950746178627,2347,0.22659264951944352,0.22840743660926818,0.2311888337135315,0.23022177964448928,0.22697597593069077,0.23394874930381776,0.2361050844192505,0.23682819455862045
2348,0.261950746178627,2348,0.22659264951944352,0.22840743660926818,0.2311888337135315,0.23022177964448928,0.22697597593069077,0.23394874930381776,0.2361050844192505,0.23682819455862045
2349,0.261950746178627,2349,0.22659264951944352,0.22840743660926818,0.2311888337135315,0.23022177964448928,0.22697597593069077,0.23394874930381776,0.2361050844192505,0.23682819455862045
2350,0.261950746178627,2350,0.22659264951944352,0.22840743660926818,0.2311888337135315,0.23022177964448928,0.22697597593069077,0.23394874930381776,0.2361050844192505,0.23682819455862045
2351,0.261950746178627,2351,0.22659264951944352,0.22840743660926818,0.2311888337135315,0.23022177964448928,0.22697597593069077,0.23394874930381776,0.2361050844192505,0.23682819455862045
2352,0.261950746178627,2352,0.22659264951944352,0.22840743660926818,0.2311888337135315,0.23022177964448928,0.22697597593069077,0.23394874930381776,0.2361050844192505,0.23682819455862045
2353,0.261950746178627,2353,0.22659264951944352,0.22840743660926818,0.2311888337135315,0.23022177964448928,0.22697597593069077,0.23394874930381776,0.2361050844192505,0.23682819455862045
2354,0.261950746178627,2354,0.22659264951944352,0.22840743660926818,0.2311888337135315,0.23022177964448928,0.22697597593069077,0.23394874930381776,0.2361050844192505,0.23682819455862045
2355,0.261950746178627,2355,0.22659264951944352,0.22840743660926818,0.2311888337135315,0.23022177964448928,0.22697597593069077,0.23394874930381776,0.2361050844192505,0.23682819455862045
2356,0.261950746178627,2356,0.22659264951944352,0.22840743660926818,0.2311888337135315,0.23022177964448928,0.22697597593069077,0.23394874930381776,0.2361050844192505,0.23682819455862045
2357,0.261950746178627,2357,0.22659264951944352,0.22840743660926818,0.2311888337135315,0.23022177964448928,0.22697597593069077,0.23394874930381776,0.2361050844192505,0.23682819455862045
2358,0.261950746178627,2358,0.22659264951944352,0.22840743660926818,0.2311888337135315,0.23022177964448928,0.22697597593069077,0.23394874930381776,0.2361050844192505,0.23682819455862045
2359,0.261950746178627,2359,0.22659264951944352,0.22840743660926818,0.2311888337135315,0.23022177964448928,0.22697597593069077,0.23394874930381776,0.2361050844192505,0.23682819455862045
2360,0.261950746178627,2360,0.22659264951944352,0.22840743660926818,0.2311888337135315,0.23022177964448928,0.22697597593069077,0.23394874930381776,0.2361050844192505,0.23682819455862045
2361,0.261950746178627,2361,0.22659264951944352,0.22840743660926818,0.2311888337135315,0.23022177964448928,0.22697597593069077,0.23394874930381776,0.2361050844192505,0.23682819455862045
2362,0.261950746178627,2362,0.22659264951944352,0.22840743660926818,0.2311888337135315,0.23022177964448928,0.22697597593069077,0.23394874930381776,0.2361050844192505,0.23682819455862045
2363,0.261950746178627,2363,0.22659264951944352,0.22840743660926818,0.2311888337135315,0.23022177964448928,0.22697597593069077,0.23394874930381776,0.2361050844192505,0.23682819455862045
2364,0.261950746178627,2364,0.22659264951944352,0.22840743660926818,0.2311888337135315,0.23022177964448928,0.22697597593069077,0.23394874930381776,0.2361050844192505,0.23682819455862045
2365,0.261950746178627,2365,0.22659264951944352,0.22840743660926818,0.2311888337135315,0.23022177964448928,0.22697597593069077,0.23394874930381776,0.2361050844192505,0.23682819455862045
2366,0.261950746178627,2366,0.22659264951944352,0.22840743660926818,0.2311888337135315,0.23022177964448928,0.22697597593069077,0.23394874930381776,0.2361050844192505,0.23682819455862045
2367,0.261950746178627,2367,0.22659264951944352,0.22840743660926818,0.2311888337135315,0.23022177964448928,0.22697597593069077,0.23394874930381776,0.2361050844192505,0.23682819455862045
2368,0.261950746178627,2368,0.22659264951944352,0.22840743660926818,0.2311888337135315,0.23022177964448928,0.22697597593069077,0.23394874930381776,0.2361050844192505,0.23682819455862045
2369,0.261950746178627,2369,0.22659264951944352,0.22840743660926818,0.2311888337135315,0.23022177964448928,0.22697597593069077,0.23394874930381776,0.2361050844192505,0.23682819455862045
2370,0.261950746178627,2370,0.22659264951944352,0.22840743660926818,0.2311888337135315,0.23022177964448928,0.22697597593069077,0.23394874930381776,0.2361050844192505,0.23682819455862045
2371,0.261950746178627,2371,0.22659264951944352,0.22840743660926818,0.2311888337135315,0.23022177964448928,0.22697597593069077,0.23394874930381776,0.2361050844192505,0.23682819455862045
2372,0.261950746178627,2372,0.22659264951944352,0.22840743660926818,0.2311888337135315,0.23022177964448928,0.22697597593069077,0.23394874930381776,0.2361050844192505,0.23682819455862045
2373,0.261950746178627,2373,0.22659264951944352,0.22840743660926818,0.2311888337135315,0.23022177964448928,0.22697597593069077,0.23394874930381776,0.2361050844192505,0.23682819455862045
2374,0.261950746178627,2374,0.22659264951944352,0.22840743660926818,0.2311888337135315,0.23022177964448928,0.22697597593069077,0.23394874930381776,0.2361050844192505,0.23682819455862045
2375,0.261950746178627,2375,0.22659264951944352,0.22840743660926818,0.2311888337135315,0.23022177964448928,0.22697597593069077,0.23394874930381776,0.2361050844192505,0.23682819455862045
2376,0.261950746178627,2376,0.22659264951944352,0.22840743660926818,0.2311888337135315,0.23022177964448928,0.22697597593069077,0.23394874930381776,0.2361050844192505,0.23682819455862045
2377,0.261950746178627,2377,0.22659264951944352,0.22840743660926818,0.2311888337135315,0.23022177964448928,0.22697597593069077,0.23394874930381776,0.2361050844192505,0.23682819455862045
2378,0.261950746178627,2378,0.22659264951944352,0.22840743660926818,0.2311888337135315,0.23022177964448928,0.22697597593069077,0.23394874930381776,0.2361050844192505,0.23682819455862045
2379,0.261950746178627,2379,0.22659264951944352,0.22840743660926818,0.2311888337135315,0.23022177964448928,0.22697597593069077,0.23394874930381776,0.2361050844192505,0.23682819455862045
2380,0.261950746178627,2380,0.22659264951944352,0.22840743660926818,0.2311888337135315,0.23022177964448928,0.22697597593069077,0.23394874930381776,0.2361050844192505,0.23682819455862045
2381,0.261950746178627,2381,0.22659264951944352,0.22840743660926818,0.2311888337135315,0.23022177964448928,0.22697597593069077,0.23394874930381776,0.2361050844192505,0.23682819455862045
2382,0.261950746178627,2382,0.22659264951944352,0.22840743660926818,0.2311888337135315,0.23022177964448928,0.22697597593069077,0.23394874930381776,0.2361050844192505,0.23682819455862045
2383,0.261950746178627,2383,0.22659264951944352,0.22840743660926818,0.2311888337135315,0.23022177964448928,0.22697597593069077,0.23394874930381776,0.2361050844192505,0.23682819455862045
2384,0.261950746178627,2384,0.22659264951944352,0.22840743660926818,0.2311888337135315,0.23022177964448928,0.22697597593069077,0.23394874930381776,0.2361050844192505,0.23682819455862045
2385,0.261950746178627,2385,0.22659264951944352,0.22840743660926818,0.2311888337135315,0.23022177964448928,0.22697597593069077,0.23394874930381776,0.2361050844192505,0.23682819455862045
2386,0.261950746178627,2386,0.22659264951944352,0.22840743660926818,0.2311888337135315,0.23022177964448928,0.22697597593069077,0.23394874930381776,0.2361050844192505,0.23682819455862045
2387,0.261950746178627,2387,0.22659264951944352,0.22840743660926818,0.2311888337135315,0.23022177964448928,0.22697597593069077,0.23394874930381776,0.2361050844192505,0.23682819455862045
2388,0.261950746178627,2388,0.22659264951944352,0.22840743660926818,0.2311888337135315,0.23022177964448928,0.22697597593069077,0.23394874930381776,0.2361050844192505,0.23682819455862045
2389,0.261950746178627,2389,0.22659264951944352,0.22840743660926818,0.2311888337135315,0.23022177964448928,0.22697597593069077,0.23394874930381776,0.2361050844192505,0.23682819455862045
2390,0.261950746178627,2390,0.22659264951944352,0.22840743660926818,0.2311888337135315,0.23022177964448928,0.22697597593069077,0.23394874930381776,0.2361050844192505,0.23682819455862045
2391,0.261950746178627,2391,0.22659264951944352,0.22840743660926818,0.2311888337135315,0.23022177964448928,0.22697597593069077,0.23394874930381776,0.2361050844192505,0.23682819455862045
2392,0.261950746178627,2392,0.22659264951944352,0.22840743660926818,0.2311888337135315,0.23022177964448928,0.22697597593069077,0.23394874930381776,0.2361050844192505,0.23682819455862045
2393,0.261950746178627,2393,0.22659264951944352,0.22840743660926818,0.2311888337135315,0.23022177964448928,0.22697597593069077,0.23394874930381776,0.2361050844192505,0.23682819455862045
2394,0.261950746178627,2394,0.22659264951944352,0.22840743660926818,0.2311888337135315,0.23022177964448928,0.22697597593069077,0.23394874930381776,0.2361050844192505,0.23682819455862045
2395,0.261950746178627,2395,0.22659264951944352,0.22840743660926818,0.2311888337135315,0.23022177964448928,0.22697597593069077,0.23394874930381776,0.2361050844192505,0.23682819455862045
2396,0.261950746178627,2396,0.22659264951944352,0.22840743660926818,0.2311888337135315,0.23022177964448928,0.22697597593069077,0.23394874930381776,0.2361050844192505,0.23682819455862045
2397,0.261950746178627,2397,0.22659264951944352,0.22840743660926818,0.2311888337135315,0.23022177964448928,0.22697597593069077,0.23394874930381776,0.2361050844192505,0.23682819455862045
2398,0.261950746178627,2398,0.22659264951944352,0.22840743660926818,0.2311888337135315,0.23022177964448928,0.22697597593069077,0.23394874930381776,0.2361050844192505,0.23682819455862045
2399,0.261950746178627,2399,0.22659264951944352,0.22840743660926818,0.2311888337135315,0.23022177964448928,0.22697597593069077,0.23394874930381776,0.2361050844192505,0.23682819455862045
2400,0.261950746178627,2400,0.22659264951944352,0.22840743660926818,0.2311888337135315,0.23022177964448928,0.22697597593069077,0.23394874930381776,0.2361050844192505,0.23682819455862045
2401,0.261950746178627,2401,0.22659264951944352,0.22840743660926818,0.2311888337135315,0.23022177964448928,0.22697597593069077,0.23394874930381776,0.2361050844192505,0.23682819455862045
2402,0.261950746178627,2402,0.22659264951944352,0.22840743660926818,0.2311888337135315,0.23022177964448928,0.22697597593069077,0.23394874930381776,0.2361050844192505,0.23682819455862045
2403,0.261950746178627,2403,0.22659264951944352,0.22840743660926818,0.2311888337135315,0.23022177964448928,0.22697597593069077,0.23394874930381776,0.2361050844192505,0.23682819455862045
2404,0.261950746178627,2404,0.22659264951944352,0.22840743660926818,0.2311888337135315,0.23022177964448928,0.22697597593069077,0.23394874930381776,0.2361050844192505,0.23682819455862045
2405,0.261950746178627,2405,0.22659264951944352,0.22840743660926818,0.2311888337135315,0.23022177964448928,0.22697597593069077,0.23394874930381776,0.2361050844192505,0.23682819455862045
2406,0.261950746178627,2406,0.22659264951944352,0.22840743660926818,0.2311888337135315,0.23022177964448928,0.22697597593069077,0.23394874930381776,0.2361050844192505,0.23682819455862045
2407,0.261950746178627,2407,0.22659264951944352,0.22840743660926818,0.2311888337135315,0.23022177964448928,0.22697597593069077,0.23394874930381776,0.2361050844192505,0.23682819455862045
2408,0.261950746178627,2408,0.22659264951944352,0.22840743660926818,0.2311888337135315,0.23022177964448928,0.22697597593069077,0.23394874930381776,0.2361050844192505,0.23682819455862045
2409,0.261950746178627,2409,0.22659264951944352,0.22840743660926818,0.2311888337135315,0.23022177964448928,0.22697597593069077,0.23394874930381776,0.2361050844192505,0.23682819455862045
2410,0.261950746178627,2410,0.22659264951944352,0.22840743660926818,0.2311888337135315,0.23022177964448928,0.22697597593069077,0.23394874930381776,0.2361050844192505,0.23682819455862045
2411,0.261950746178627,2411,0.22659264951944352,0.22840743660926818,0.2311888337135315,0.23022177964448928,0.22697597593069077,0.23394874930381776,0.2361050844192505,0.23682819455862045
2412,0.261950746178627,2412,0.22659264951944352,0.22840743660926818,0.2311888337135315,0.23022177964448928,0.22697597593069077,0.23394874930381776,0.2361050844192505,0.23682819455862045
2413,0.261950746178627,2413,0.22659264951944352,0.22840743660926818,0.2311888337135315,0.23022177964448928,0.22697597593069077,0.23394874930381776,0.2361050844192505,0.23682819455862045
2414,0.261950746178627,2414,0.22659264951944352,0.22840743660926818,0.2311888337135315,0.23022177964448928,0.22697597593069077,0.23394874930381776,0.2361050844192505,0.23682819455862045
2415,0.261950746178627,2415,0.22659264951944352,0.22840743660926818,0.2311888337135315,0.23022177964448928,0.22697597593069077,0.23394874930381776,0.2361050844192505,0.23682819455862045
2416,0.261950746178627,2416,0.22659264951944352,0.22840743660926818,0.2311888337135315,0.23022177964448928,0.22697597593069077,0.23394874930381776,0.2361050844192505,0.23682819455862045
2417,0.261950746178627,2417,0.22659264951944352,0.22840743660926818,0.2311888337135315,0.23022177964448928,0.22697597593069077,0.23394874930381776,0.2361050844192505,0.23682819455862045
2418,0.261950746178627,2418,0.22659264951944352,0.22840743660926818,0.2311888337135315,0.23022177964448928,0.22697597593069077,0.23394874930381776,0.2361050844192505,0.23682819455862045
2419,0.261950746178627,2419,0.22659264951944352,0.22840743660926818,0.2311888337135315,0.23022177964448928,0.22697597593069077,0.23394874930381776,0.2361050844192505,0.23682819455862045
2420,0.261950746178627,2420,0.22659264951944352,0.22840743660926818,0.2311888337135315,0.23022177964448928,0.22697597593069077,0.23394874930381776,0.2361050844192505,0.23682819455862045
2421,0.261950746178627,2421,0.22659264951944352,0.22840743660926818,0.2311888337135315,0.23022177964448928,0.22697597593069077,0.23394874930381776,0.2361050844192505,0.23682819455862045
2422,0.261950746178627,2422,0.22659264951944352,0.22840743660926818,0.2311888337135315,0.23022177964448928,0.22697597593069077,0.23394874930381776,0.2361050844192505,0.23682819455862045
2423,0.261950746178627,2423,0.22659264951944352,0.22840743660926818,0.2311888337135315,0.23022177964448928,0.22697597593069077,0.23394874930381776,0.2361050844192505,0.23682819455862045
2424,0.261950746178627,2424,0.22659264951944352,0.22840743660926818,0.2311888337135315,0.23022177964448928,0.22697597593069077,0.23394874930381776,0.2361050844192505,0.23682819455862045
2425,0.261950746178627,2425,0.22659264951944352,0.22840743660926818,0.2311888337135315,0.23022177964448928,0.22697597593069077,0.23394874930381776,0.2361050844192505,0.23682819455862045
2426,0.261950746178627,2426,0.22659264951944352,0.22840743660926818,0.2311888337135315,0.23022177964448928,0.22697597593069077,0.23394874930381776,0.2361050844192505,0.23682819455862045
2427,0.261950746178627,2427,0.22659264951944352,0.22840743660926818,0.2311888337135315,0.23022177964448928,0.22697597593069077,0.23394874930381776,0.2361050844192505,0.23682819455862045
2428,0.261950746178627,2428,0.22659264951944352,0.22840743660926818,0.2311888337135315,0.23022177964448928,0.22697597593069077,0.23394874930381776,0.2361050844192505,0.23682819455862045
2429,0.261950746178627,2429,0.22659264951944352,0.22840743660926818,0.2311888337135315,0.23022177964448928,0.22697597593069077,0.23394874930381776,0.2361050844192505,0.23682819455862045
2430,0.261950746178627,2430,0.22659264951944352,0.22840743660926818,0.2311888337135315,0.23022177964448928,0.22697597593069077,0.23394874930381776,0.2361050844192505,0.23682819455862045
2431,0.261950746178627,2431,0.22659264951944352,0.22840743660926818,0.2311888337135315,0.23022177964448928,0.22697597593069077,0.23394874930381776,0.2361050844192505,0.23682819455862045
2432,0.261950746178627,2432,0.22659264951944352,0.22840743660926818,0.2311888337135315,0.23022177964448928,0.22697597593069077,0.23394874930381776,0.2361050844192505,0.23682819455862045
2433,0.261950746178627,2433,0.22659264951944352,0.22840743660926818,0.2311888337135315,0.23022177964448928,0.22697597593069077,0.23394874930381776,0.2361050844192505,0.23682819455862045
2434,0.261950746178627,2434,0.22659264951944352,0.22840743660926818,0.2311888337135315,0.23022177964448928,0.22697597593069077,0.23394874930381776,0.2361050844192505,0.23682819455862045
2435,0.261950746178627,2435,0.22659264951944352,0.22840743660926818,0.2311888337135315,0.23022177964448928,0.22697597593069077,0.23394874930381776,0.2361050844192505,0.23682819455862045
2436,0.261950746178627,2436,0.22659264951944352,0.22840743660926818,0.2311888337135315,0.23022177964448928,0.22697597593069077,0.23394874930381776,0.2361050844192505,0.23682819455862045
2437,0.261950746178627,2437,0.22659264951944352,0.22840743660926818,0.2311888337135315,0.23022177964448928,0.22697597593069077,0.23394874930381776,0.2361050844192505,0.23682819455862045
2438,0.261950746178627,2438,0.22659264951944352,0.22840743660926818,0.2311888337135315,0.23022177964448928,0.22697597593069077,0.23394874930381776,0.2361050844192505,0.23682819455862045
2439,0.261950746178627,2439,0.22659264951944352,0.22840743660926818,0.2311888337135315,0.23022177964448928,0.22697597593069077,0.23394874930381776,0.2361050844192505,0.23682819455862045
2440,0.261950746178627,2440,0.22659264951944352,0.22840743660926818,0.2311888337135315,0.23022177964448928,0.22697597593069077,0.23394874930381776,0.2361050844192505,0.23682819455862045
2441,0.261950746178627,2441,0.22659264951944352,0.22840743660926818,0.2311888337135315,0.23022177964448928,0.22697597593069077,0.23394874930381776,0.2361050844192505,0.23682819455862045
2442,0.261950746178627,2442,0.22659264951944352,0.22840743660926818,0.2311888337135315,0.23022177964448928,0.22697597593069077,0.23394874930381776,0.2361050844192505,0.23682819455862045
2443,0.261950746178627,2443,0.22659264951944352,0.22840743660926818,0.2311888337135315,0.23022177964448928,0.22697597593069077,0.23394874930381776,0.2361050844192505,0.23682819455862045
2444,0.261950746178627,2444,0.22659264951944352,0.22840743660926818,0.2311888337135315,0.23022177964448928,0.22697597593069077,0.23394874930381776,0.2361050844192505,0.23682819455862045
2445,0.261950746178627,2445,0.22659264951944352,0.22840743660926818,0.2311888337135315,0.23022177964448928,0.22697597593069077,0.23394874930381776,0.2361050844192505,0.23682819455862045
2446,0.261950746178627,2446,0.22659264951944352,0.22840743660926818,0.2311888337135315,0.23022177964448928,0.22697597593069077,0.23394874930381776,0.2361050844192505,0.23682819455862045
2447,0.261950746178627,2447,0.22659264951944352,0.22840743660926818,0.2311888337135315,0.23022177964448928,0.22697597593069077,0.23394874930381776,0.2361050844192505,0.23682819455862045
2448,0.261950746178627,2448,0.22659264951944352,0.22840743660926818,0.2311888337135315,0.23022177964448928,0.22697597593069077,0.23394874930381776,0.2361050844192505,0.23682819455862045
2449,0.261950746178627,2449,0.22659264951944352,0.22840743660926818,0.2311888337135315,0.23022177964448928,0.22697597593069077,0.23394874930381776,0.2361050844192505,0.23682819455862045
2450,0.261950746178627,2450,0.22659264951944352,0.22840743660926818,0.2311888337135315,0.23022177964448928,0.22697597593069077,0.23394874930381776,0.2361050844192505,0.23682819455862045
2451,0.261950746178627,2451,0.22659264951944352,0.22840743660926818,0.2311888337135315,0.23022177964448928,0.22697597593069077,0.23394874930381776,0.2361050844192505,0.23682819455862045
2452,0.261950746178627,2452,0.22659264951944352,0.22840743660926818,0.2311888337135315,0.23022177964448928,0.22697597593069077,0.23394874930381776,0.2361050844192505,0.23682819455862045
2453,0.261950746178627,2453,0.22659264951944352,0.22840743660926818,0.2311888337135315,0.23022177964448928,0.22697597593069077,0.23394874930381776,0.2361050844192505,0.23682819455862045
2454,0.261950746178627,2454,0.22659264951944352,0.22840743660926818,0.2311888337135315,0.23022177964448928,0.22697597593069077,0.23394874930381776,0.2361050844192505,0.23682819455862045
2455,0.261950746178627,2455,0.22659264951944352,0.22840743660926818,0.2311888337135315,0.23022177964448928,0.22697597593069077,0.23394874930381776,0.2361050844192505,0.23682819455862045
2456,0.261950746178627,2456,0.22659264951944352,0.22840743660926818,0.2311888337135315,0.23022177964448928,0.22697597593069077,0.23394874930381776,0.2361050844192505,0.23682819455862045
2457,0.261950746178627,2457,0.22659264951944352,0.22840743660926818,0.2311888337135315,0.23022177964448928,0.22697597593069077,0.23394874930381776,0.2361050844192505,0.23682819455862045
2458,0.261950746178627,2458,0.22659264951944352,0.22840743660926818,0.2311888337135315,0.23022177964448928,0.22697597593069077,0.23394874930381776,0.2361050844192505,0.23682819455862045
2459,0.261950746178627,2459,0.22659264951944352,0.22840743660926818,0.2311888337135315,0.23022177964448928,0.22697597593069077,0.23394874930381776,0.2361050844192505,0.23682819455862045
2460,0.261950746178627,2460,0.22659264951944352,0.22840743660926818,0.2311888337135315,0.23022177964448928,0.22697597593069077,0.23394874930381776,0.2361050844192505,0.23682819455862045
2461,0.261950746178627,2461,0.22659264951944352,0.22840743660926818,0.2311888337135315,0.23022177964448928,0.22697597593069077,0.23394874930381776,0.2361050844192505,0.23682819455862045
2462,0.261950746178627,2462,0.22659264951944352,0.22840743660926818,0.2311888337135315,0.23022177964448928,0.22697597593069077,0.23394874930381776,0.2361050844192505,0.23682819455862045
2463,0.261950746178627,2463,0.22659264951944352,0.22840743660926818,0.2311888337135315,0.23022177964448928,0.22697597593069077,0.23394874930381776,0.2361050844192505,0.23682819455862045
2464,0.261950746178627,2464,0.22659264951944352,0.22840743660926818,0.2311888337135315,0.23022177964448928,0.22697597593069077,0.23394874930381776,0.2361050844192505,0.23682819455862045
2465,0.261950746178627,2465,0.22659264951944352,0.22840743660926818,0.2311888337135315,0.23022177964448928,0.22697597593069077,0.23394874930381776,0.2361050844192505,0.23682819455862045
2466,0.261950746178627,2466,0.22659264951944352,0.22840743660926818,0.2311888337135315,0.23022177964448928,0.22697597593069077,0.23394874930381776,0.2361050844192505,0.23682819455862045
2467,0.261950746178627,2467,0.22659264951944352,0.22840743660926818,0.2311888337135315,0.23022177964448928,0.22697597593069077,0.23394874930381776,0.2361050844192505,0.23682819455862045
2468,0.261950746178627,2468,0.22659264951944352,0.22840743660926818,0.2311888337135315,0.23022177964448928,0.22697597593069077,0.23394874930381776,0.2361050844192505,0.23682819455862045
2469,0.261950746178627,2469,0.22659264951944352,0.22840743660926818,0.2311888337135315,0.23022177964448928,0.22697597593069077,0.23394874930381776,0.2361050844192505,0.23682819455862045
2470,0.261950746178627,2470,0.22659264951944352,0.22840743660926818,0.2311888337135315,0.23022177964448928,0.22697597593069077,0.23394874930381776,0.2361050844192505,0.23682819455862045
2471,0.261950746178627,2471,0.22659264951944352,0.22840743660926818,0.2311888337135315,0.23022177964448928,0.22697597593069077,0.23394874930381776,0.2361050844192505,0.23682819455862045
2472,0.261950746178627,2472,0.22659264951944352,0.22840743660926818,0.2311888337135315,0.23022177964448928,0.22697597593069077,0.23394874930381776,0.2361050844192505,0.23682819455862045
2473,0.261950746178627,2473,0.22659264951944352,0.22840743660926818,0.2311888337135315,0.23022177964448928,0.22697597593069077,0.23394874930381776,0.2361050844192505,0.23682819455862045
2474,0.261950746178627,2474,0.22659264951944352,0.22840743660926818,0.2311888337135315,0.23022177964448928,0.22697597593069077,0.23394874930381776,0.2361050844192505,0.23682819455862045
2475,0.261950746178627,2475,0.22659264951944352,0.22840743660926818,0.2311888337135315,0.23022177964448928,0.22697597593069077,0.23394874930381776,0.2361050844192505,0.23682819455862045
2476,0.261950746178627,2476,0.22659264951944352,0.22840743660926818,0.2311888337135315,0.23022177964448928,0.22697597593069077,0.23394874930381776,0.2361050844192505,0.23682819455862045
2477,0.261950746178627,2477,0.22659264951944352,0.22840743660926818,0.2311888337135315,0.23022177964448928,0.22697597593069077,0.23394874930381776,0.2361050844192505,0.23682819455862045
2478,0.261950746178627,2478,0.22659264951944352,0.22840743660926818,0.2311888337135315,0.23022177964448928,0.22697597593069077,0.23394874930381776,0.2361050844192505,0.23682819455862045
2479,0.261950746178627,2479,0.22659264951944352,0.22840743660926818,0.2311888337135315,0.23022177964448928,0.22697597593069077,0.23394874930381776,0.2361050844192505,0.23682819455862045
2480,0.261950746178627,2480,0.22659264951944352,0.22840743660926818,0.2311888337135315,0.23022177964448928,0.22697597593069077,0.23394874930381776,0.2361050844192505,0.23682819455862045
2481,0.261950746178627,2481,0.22659264951944352,0.22840743660926818,0.2311888337135315,0.23022177964448928,0.22697597593069077,0.23394874930381776,0.2361050844192505,0.23682819455862045
2482,0.261950746178627,2482,0.22659264951944352,0.22840743660926818,0.2311888337135315,0.23022177964448928,0.22697597593069077,0.23394874930381776,0.2361050844192505,0.23682819455862045
2483,0.261950746178627,2483,0.22659264951944352,0.22840743660926818,0.2311888337135315,0.23022177964448928,0.22697597593069077,0.23394874930381776,0.2361050844192505,0.23682819455862045
2484,0.261950746178627,2484,0.22659264951944352,0.22840743660926818,0.2311888337135315,0.23022177964448928,0.22697597593069077,0.23394874930381776,0.2361050844192505,0.23682819455862045
2485,0.261950746178627,2485,0.22659264951944352,0.22840743660926818,0.2311888337135315,0.23022177964448928,0.22697597593069077,0.23394874930381776,0.2361050844192505,0.23682819455862045
2486,0.261950746178627,2486,0.22659264951944352,0.22840743660926818,0.2311888337135315,0.23022177964448928,0.22697597593069077,0.23394874930381776,0.2361050844192505,0.23682819455862045
2487,0.261950746178627,2487,0.22659264951944352,0.22840743660926818,0.2311888337135315,0.23022177964448928,0.22697597593069077,0.23394874930381776,0.2361050844192505,0.23682819455862045
2488,0.261950746178627,2488,0.22659264951944352,0.22840743660926818,0.2311888337135315,0.23022177964448928,0.22697597593069077,0.23394874930381776,0.2361050844192505,0.23682819455862045
2489,0.261950746178627,2489,0.22659264951944352,0.22840743660926818,0.2311888337135315,0.23022177964448928,0.22697597593069077,0.23394874930381776,0.2361050844192505,0.23682819455862045
2490,0.261950746178627,2490,0.22659264951944352,0.22840743660926818,0.2311888337135315,0.23022177964448928,0.22697597593069077,0.23394874930381776,0.2361050844192505,0.23682819455862045
2491,0.261950746178627,2491,0.22659264951944352,0.22840743660926818,0.2311888337135315,0.23022177964448928,0.22697597593069077,0.23394874930381776,0.2361050844192505,0.23682819455862045
2492,0.261950746178627,2492,0.22659264951944352,0.22840743660926818,0.2311888337135315,0.23022177964448928,0.22697597593069077,0.23394874930381776,0.2361050844192505,0.23682819455862045
2493,0.261950746178627,2493,0.22659264951944352,0.22840743660926818,0.2311888337135315,0.23022177964448928,0.22697597593069077,0.23394874930381776,0.2361050844192505,0.23682819455862045
2494,0.261950746178627,2494,0.22659264951944352,0.22840743660926818,0.2311888337135315,0.23022177964448928,0.22697597593069077,0.23394874930381776,0.2361050844192505,0.23682819455862045
2495,0.261950746178627,2495,0.22659264951944352,0.22840743660926818,0.2311888337135315,0.23022177964448928,0.22697597593069077,0.23394874930381776,0.2361050844192505,0.23682819455862045
2496,0.261950746178627,2496,0.22659264951944352,0.22840743660926818,0.2311888337135315,0.23022177964448928,0.22697597593069077,0.23394874930381776,0.2361050844192505,0.23682819455862045
2497,0.261950746178627,2497,0.22659264951944352,0.22840743660926818,0.2311888337135315,0.23022177964448928,0.22697597593069077,0.23394874930381776,0.2361050844192505,0.23682819455862045
2498,0.261950746178627,2498,0.22659264951944352,0.22840743660926818,0.2311888337135315,0.23022177964448928,0.22697597593069077,0.23394874930381776,0.2361050844192505,0.23682819455862045
2499,0.261950746178627,2499,0.22659264951944352,0.22840743660926818,0.2311888337135315,0.23022177964448928,0.22697597593069077,0.23394874930381776,0.2361050844192505,0.23682819455862045
