,bpr_unbiased_uncalibrated,round,bpr_unbiased_calibrated,random_uncalibrated
0,0.0017521396320506772,0,0.0016173596603544713,0.7363703753622212
1,0.0026955994339241188,1,0.002156479547139295,0.7423680841027024
2,0.0033021093065570455,2,0.0028977693914684277,0.7373138351640947
3,0.0034368892782532514,3,0.0030999393490127366,0.7435137138621201
4,0.003908619179189972,4,0.0033694992924051485,0.740211604555563
5,0.003976009165038075,5,0.0033694992924051485,0.740211604555563
6,0.004110789136734281,6,0.0035716692499494574,0.7400768245838668
7,0.004178179122582384,7,0.0035716692499494574,0.7386616348810566
8,0.004245569108430487,8,0.0035716692499494574,0.7423006941168543
9,0.004245569108430487,9,0.0035716692499494574,0.7376507850933351
10,0.004245569108430487,10,0.0035716692499494574,0.7380551250084237
11,0.00431295909427859,11,0.0036390592357975603,0.7402789945414111
12,0.00431295909427859,12,0.0036390592357975603,0.7387964148527529
13,0.00431295909427859,13,0.0036390592357975603,0.7380551250084237
14,0.00431295909427859,14,0.0037064492216456633,0.7412898443291327
15,0.00431295909427859,15,0.0037064492216456633,0.7414246243008289
16,0.00431295909427859,16,0.0037064492216456633,0.7435137138621201
17,0.00431295909427859,17,0.0037064492216456633,0.7414246243008289
18,0.00431295909427859,18,0.0037064492216456633,0.7392007547678415
19,0.00431295909427859,19,0.0037064492216456633,0.7376507850933351
20,0.00431295909427859,20,0.0037064492216456633,0.741492014286677
21,0.00431295909427859,21,0.0037064492216456633,0.7386616348810566
22,0.00431295909427859,22,0.0037064492216456633,0.7417615742300694
23,0.00431295909427859,23,0.0037064492216456633,0.7442550037064493
24,0.00431295909427859,24,0.0037064492216456633,0.7412224543432846
25,0.00431295909427859,25,0.0037064492216456633,0.7371116652065504
26,0.00431295909427859,26,0.0037064492216456633,0.7414246243008289
27,0.00431295909427859,27,0.0037064492216456633,0.7466810431969809
28,0.00431295909427859,28,0.0037738392074937663,0.7418289642159175
29,0.00431295909427859,29,0.003908619179189972,0.7429072039894872
30,0.004380349080126693,30,0.003908619179189972,0.7413572343149808
31,0.004447739065974796,31,0.003908619179189972,0.7429745939753353
32,0.004447739065974796,32,0.003976009165038075,0.7453332434800188
33,0.004447739065974796,33,0.004043399150886178,0.7373138351640947
34,0.004380349080126693,34,0.004043399150886178,0.7441876137206012
35,0.004380349080126693,35,0.004043399150886178,0.7392681447536896
36,0.004447739065974796,36,0.004043399150886178,0.7397398746546263
37,0.004447739065974796,37,0.004043399150886178,0.7359660354471326
38,0.004447739065974796,38,0.004043399150886178,0.7411550643574365
39,0.004515129051822899,39,0.004043399150886178,0.7385268549093604
40,0.004515129051822899,40,0.004043399150886178,0.7433789338904239
41,0.004515129051822899,41,0.004043399150886178,0.7370442752207021
42,0.004649909023519105,42,0.004043399150886178,0.7400094345980187
43,0.004649909023519105,43,0.004043399150886178,0.7358312554754364
44,0.004649909023519105,44,0.004110789136734281,0.7445245636498417
45,0.004649909023519105,45,0.004110789136734281,0.739537704697082
46,0.004649909023519105,46,0.004178179122582384,0.7414246243008289
47,0.004649909023519105,47,0.004178179122582384,0.7399420446121706
48,0.004649909023519105,48,0.004178179122582384,0.7398746546263225
49,0.004649909023519105,49,0.004178179122582384,0.7429745939753353
50,0.004649909023519105,50,0.004178179122582384,0.7373812251499428
51,0.004649909023519105,51,0.004178179122582384,0.7392681447536896
52,0.004649909023519105,52,0.004178179122582384,0.7391333647819934
53,0.004649909023519105,53,0.004178179122582384,0.7371790551923985
54,0.004649909023519105,54,0.004178179122582384,0.740211604555563
55,0.004649909023519105,55,0.004178179122582384,0.744052833748905
56,0.004717299009367208,56,0.004178179122582384,0.7410876743715884
57,0.004717299009367208,57,0.004178179122582384,0.7394703147112339
58,0.004717299009367208,58,0.004178179122582384,0.7404137745131073
59,0.004717299009367208,59,0.004110789136734281,0.7354943055461959
60,0.00498685895275962,60,0.004110789136734281,0.7410202843857403
61,0.00498685895275962,61,0.004110789136734281,0.7380551250084237
62,0.00498685895275962,62,0.004110789136734281,0.7423006941168543
63,0.00498685895275962,63,0.004110789136734281,0.7403463845272592
64,0.00498685895275962,64,0.004110789136734281,0.7404137745131073
65,0.00498685895275962,65,0.004110789136734281,0.7441202237347531
66,0.005054248938607723,66,0.004110789136734281,0.736976885234854
67,0.005121638924455826,67,0.004110789136734281,0.7392007547678415
68,0.005121638924455826,68,0.004110789136734281,0.7394029247253858
69,0.005189028910303929,69,0.004110789136734281,0.7367073252914617
70,0.005189028910303929,70,0.004110789136734281,0.738257294965968
71,0.005189028910303929,71,0.004110789136734281,0.7400094345980187
72,0.005189028910303929,72,0.004110789136734281,0.7393355347395377
73,0.005189028910303929,73,0.004178179122582384,0.7404811644989554
74,0.005189028910303929,74,0.004178179122582384,0.7371790551923985
75,0.005189028910303929,75,0.004178179122582384,0.740211604555563
76,0.005256418896152032,76,0.004245569108430487,0.7401442145697149
77,0.005189028910303929,77,0.004245569108430487,0.7376507850933351
78,0.005256418896152032,78,0.004245569108430487,0.7379877350225756
79,0.005256418896152032,79,0.004245569108430487,0.7417615742300694
80,0.005256418896152032,80,0.00431295909427859,0.7400094345980187
81,0.005256418896152032,81,0.00431295909427859,0.7429072039894872
82,0.005256418896152032,82,0.00431295909427859,0.7403463845272592
83,0.005323808882000135,83,0.00431295909427859,0.7383920749376642
84,0.005323808882000135,84,0.00431295909427859,0.7394029247253858
85,0.0053911988678482375,85,0.004380349080126693,0.751263562234652
86,0.0053911988678482375,86,0.004380349080126693,0.7439180537772087
87,0.0054585888536963405,87,0.004380349080126693,0.7404137745131073
88,0.0054585888536963405,88,0.004380349080126693,0.7411550643574365
89,0.0054585888536963405,89,0.00431295909427859,0.7350899656311072
90,0.0054585888536963405,90,0.00431295909427859,0.7414246243008289
91,0.0054585888536963405,91,0.00431295909427859,0.7422333041310061
92,0.0054585888536963405,92,0.00431295909427859,0.7441876137206012
93,0.0054585888536963405,93,0.00431295909427859,0.7385268549093604
94,0.0054585888536963405,94,0.00431295909427859,0.7415594042725251
95,0.0055259788395444435,95,0.004380349080126693,0.738863804838601
96,0.0055933688253925464,96,0.004380349080126693,0.7439854437630569
97,0.005660758811240649,97,0.004447739065974796,0.7415594042725251
98,0.005660758811240649,98,0.004447739065974796,0.7414246243008289
99,0.005728148797088752,99,0.004447739065974796,0.7412898443291327
100,0.005728148797088752,100,0.004515129051822899,0.7400094345980187
101,0.005728148797088752,101,0.004515129051822899,0.7381225149942718
102,0.005728148797088752,102,0.004515129051822899,0.7417615742300694
103,0.005728148797088752,103,0.004649909023519105,0.7391333647819934
104,0.005728148797088752,104,0.004582519037671002,0.7419637441876137
105,0.005728148797088752,105,0.004919468966911517,0.7410202843857403
106,0.005728148797088752,106,0.004919468966911517,0.7374486151357909
107,0.005728148797088752,107,0.004784688995215311,0.7396724846687782
108,0.005728148797088752,108,0.004784688995215311,0.7412224543432846
109,0.005728148797088752,109,0.004852078981063414,0.7450636835366264
110,0.005795538782936855,110,0.004919468966911517,0.7451984635083226
111,0.005795538782936855,111,0.00498685895275962,0.7410876743715884
112,0.005795538782936855,112,0.00498685895275962,0.7383246849518161
113,0.005795538782936855,113,0.00498685895275962,0.7387290248669047
114,0.005795538782936855,114,0.00498685895275962,0.7396050946829301
115,0.005795538782936855,115,0.00498685895275962,0.7457375833951075
116,0.005795538782936855,116,0.005054248938607723,0.7392007547678415
117,0.005862928768784958,117,0.00498685895275962,0.7394029247253858
118,0.005862928768784958,118,0.005054248938607723,0.7419637441876137
119,0.005930318754633061,119,0.005121638924455826,0.7406159444706517
120,0.005930318754633061,120,0.005121638924455826,0.7406159444706517
121,0.005930318754633061,121,0.005121638924455826,0.743446323876272
122,0.005930318754633061,122,0.005121638924455826,0.7380551250084237
123,0.005930318754633061,123,0.005121638924455826,0.7413572343149808
124,0.005930318754633061,124,0.005121638924455826,0.7419637441876137
125,0.005930318754633061,125,0.00498685895275962,0.740818114428196
126,0.005997708740481164,126,0.00498685895275962,0.7403463845272592
127,0.005997708740481164,127,0.00498685895275962,0.7433789338904239
128,0.005997708740481164,128,0.004919468966911517,0.7394029247253858
129,0.006065098726329267,129,0.004919468966911517,0.7398746546263225
130,0.006065098726329267,130,0.00498685895275962,0.7398072646404744
131,0.006065098726329267,131,0.005054248938607723,0.7390659747961453
132,0.006065098726329267,132,0.005121638924455826,0.7407507244423479
133,0.00613248871217737,133,0.005121638924455826,0.7433789338904239
134,0.00613248871217737,134,0.005121638924455826,0.7394703147112339
135,0.00613248871217737,135,0.005121638924455826,0.7371116652065504
136,0.00613248871217737,136,0.005121638924455826,0.7345508457443224
137,0.00613248871217737,137,0.005121638924455826,0.7418963542017656
138,0.00613248871217737,138,0.005121638924455826,0.7422333041310061
139,0.00613248871217737,139,0.005121638924455826,0.7423680841027024
140,0.00613248871217737,140,0.005121638924455826,0.7372464451782466
141,0.00613248871217737,141,0.005121638924455826,0.7415594042725251
142,0.006199878698025473,142,0.005189028910303929,0.7396724846687782
143,0.006199878698025473,143,0.005189028910303929,0.7445919536356898
144,0.006199878698025473,144,0.005189028910303929,0.7427050340319429
145,0.006199878698025473,145,0.005256418896152032,0.7409528943998922
146,0.006199878698025473,146,0.005256418896152032,0.7450636835366264
147,0.006199878698025473,147,0.005256418896152032,0.7398072646404744
148,0.006199878698025473,148,0.005323808882000135,0.7438506637913606
149,0.006267268683873576,149,0.0054585888536963405,0.7379877350225756
150,0.006334658669721679,150,0.0054585888536963405,0.7416267942583732
151,0.006334658669721679,151,0.0054585888536963405,0.7442550037064493
152,0.006334658669721679,152,0.0054585888536963405,0.7371116652065504
153,0.006334658669721679,153,0.0054585888536963405,0.7385942448952085
154,0.006334658669721679,154,0.0053911988678482375,0.7464114832535885
155,0.006334658669721679,155,0.0053911988678482375,0.7404811644989554
156,0.006334658669721679,156,0.005323808882000135,0.7423006941168543
157,0.006334658669721679,157,0.0054585888536963405,0.7376507850933351
158,0.006334658669721679,158,0.0055933688253925464,0.7393355347395377
159,0.006334658669721679,159,0.0055933688253925464,0.7449289035649302
160,0.006334658669721679,160,0.0055933688253925464,0.7433789338904239
161,0.006334658669721679,161,0.005660758811240649,0.7398072646404744
162,0.006334658669721679,162,0.005728148797088752,0.7389311948244491
163,0.006469438641417885,163,0.005728148797088752,0.7383920749376642
164,0.006536828627265988,164,0.005728148797088752,0.7383246849518161
165,0.006536828627265988,165,0.005795538782936855,0.7391333647819934
166,0.006536828627265988,166,0.005795538782936855,0.7367073252914617
167,0.006536828627265988,167,0.005795538782936855,0.7400768245838668
168,0.006536828627265988,168,0.005795538782936855,0.7417615742300694
169,0.006536828627265988,169,0.005795538782936855,0.7470179931262214
170,0.006536828627265988,170,0.005795538782936855,0.7410202843857403
171,0.006536828627265988,171,0.005795538782936855,0.740211604555563
172,0.006604218613114091,172,0.005862928768784958,0.7372464451782466
173,0.006604218613114091,173,0.005930318754633061,0.7425028640743986
174,0.006604218613114091,174,0.005930318754633061,0.7435811038479682
175,0.006604218613114091,175,0.006065098726329267,0.7406159444706517
176,0.006604218613114091,176,0.005997708740481164,0.7406159444706517
177,0.006738998584810297,177,0.006065098726329267,0.7401442145697149
178,0.0068063885706584,178,0.006065098726329267,0.7409528943998922
179,0.0068063885706584,179,0.006065098726329267,0.7431767639328796
180,0.0068063885706584,180,0.006065098726329267,0.7385268549093604
181,0.0068063885706584,181,0.006065098726329267,0.740211604555563
182,0.0068063885706584,182,0.006065098726329267,0.7406833344564998
183,0.0068063885706584,183,0.005997708740481164,0.7398746546263225
184,0.0068063885706584,184,0.005997708740481164,0.7365051553339174
185,0.0068063885706584,185,0.005997708740481164,0.7423680841027024
186,0.0068063885706584,186,0.005997708740481164,0.7409528943998922
187,0.0068063885706584,187,0.005997708740481164,0.7394703147112339
188,0.0068063885706584,188,0.005997708740481164,0.7404137745131073
189,0.0068063885706584,189,0.006065098726329267,0.7371790551923985
190,0.0068063885706584,190,0.006065098726329267,0.7399420446121706
191,0.0068063885706584,191,0.006065098726329267,0.7394029247253858
192,0.0068063885706584,192,0.006065098726329267,0.7389311948244491
193,0.0068063885706584,193,0.006065098726329267,0.7397398746546263
194,0.0068063885706584,194,0.006065098726329267,0.7423006941168543
195,0.0068063885706584,195,0.006065098726329267,0.738257294965968
196,0.006873778556506503,196,0.006065098726329267,0.7394703147112339
197,0.006941168542354606,197,0.006065098726329267,0.7446593436215379
198,0.007008558528202709,198,0.00613248871217737,0.7387290248669047
199,0.007008558528202709,199,0.00613248871217737,0.7418289642159175
200,0.007008558528202709,200,0.006199878698025473,0.7361008154188288
201,0.007008558528202709,201,0.006199878698025473,0.7393355347395377
202,0.007008558528202709,202,0.006267268683873576,0.737516005121639
203,0.007008558528202709,203,0.006267268683873576,0.7391333647819934
204,0.007008558528202709,204,0.006267268683873576,0.7432441539187277
205,0.007008558528202709,205,0.006267268683873576,0.7374486151357909
206,0.007008558528202709,206,0.006267268683873576,0.7451310735224745
207,0.007008558528202709,207,0.006267268683873576,0.736235595390525
208,0.007008558528202709,208,0.006267268683873576,0.7403463845272592
209,0.007143338499898915,209,0.006267268683873576,0.7387290248669047
210,0.007075948514050812,210,0.006267268683873576,0.7386616348810566
211,0.007075948514050812,211,0.006267268683873576,0.7370442752207021
212,0.007075948514050812,212,0.006267268683873576,0.7426376440460948
213,0.007075948514050812,213,0.006267268683873576,0.7431767639328796
214,0.007075948514050812,214,0.006267268683873576,0.7425028640743986
215,0.007075948514050812,215,0.006267268683873576,0.7370442752207021
216,0.007075948514050812,216,0.006267268683873576,0.737516005121639
217,0.007075948514050812,217,0.006334658669721679,0.7392007547678415
218,0.007075948514050812,218,0.006334658669721679,0.7443223936922974
219,0.007075948514050812,219,0.006334658669721679,0.740818114428196
220,0.007143338499898915,220,0.006334658669721679,0.7394703147112339
221,0.007143338499898915,221,0.006334658669721679,0.741492014286677
222,0.007143338499898915,222,0.006334658669721679,0.7418963542017656
223,0.007143338499898915,223,0.006334658669721679,0.7404811644989554
224,0.007143338499898915,224,0.006334658669721679,0.7394703147112339
225,0.007278118471595121,225,0.006334658669721679,0.739537704697082
226,0.007278118471595121,226,0.006334658669721679,0.7394029247253858
227,0.007278118471595121,227,0.006334658669721679,0.7385942448952085
228,0.007345508457443224,228,0.006334658669721679,0.7424354740885505
229,0.007345508457443224,229,0.006334658669721679,0.7380551250084237
230,0.007345508457443224,230,0.006334658669721679,0.7420985241593099
231,0.007345508457443224,231,0.006334658669721679,0.7336073859424489
232,0.007345508457443224,232,0.006334658669721679,0.7408855044140441
233,0.007345508457443224,233,0.006334658669721679,0.7403463845272592
234,0.007345508457443224,234,0.006334658669721679,0.7454006334658669
235,0.007345508457443224,235,0.006334658669721679,0.7400094345980187
236,0.007345508457443224,236,0.006334658669721679,0.7425028640743986
237,0.007345508457443224,237,0.006334658669721679,0.7449962935507783
238,0.007345508457443224,238,0.006334658669721679,0.7426376440460948
239,0.007345508457443224,239,0.006334658669721679,0.7443223936922974
240,0.007345508457443224,240,0.006334658669721679,0.7411550643574365
241,0.007345508457443224,241,0.006267268683873576,0.7384594649235123
242,0.007345508457443224,242,0.006267268683873576,0.7405485544848036
243,0.007412898443291327,243,0.006267268683873576,0.7404137745131073
244,0.00748028842913943,244,0.006334658669721679,0.7397398746546263
245,0.00748028842913943,245,0.006334658669721679,0.7412898443291327
246,0.00748028842913943,246,0.006334658669721679,0.742165914145158
247,0.00748028842913943,247,0.006334658669721679,0.7445245636498417
248,0.00748028842913943,248,0.006334658669721679,0.740211604555563
249,0.00748028842913943,249,0.006334658669721679,0.7419637441876137
250,0.00862591818855718,250,0.011051957679088887,0.7424354740885505
251,0.0028977693914684277,251,0.0028303794056203247,0.7385268549093604
252,0.0028977693914684277,252,0.0028303794056203247,0.7423006941168543
253,0.0028977693914684277,253,0.0028977693914684277,0.7370442752207021
254,0.0028977693914684277,254,0.0028977693914684277,0.7386616348810566
255,0.0028977693914684277,255,0.0028977693914684277,0.7422333041310061
256,0.0028977693914684277,256,0.0028977693914684277,0.7439180537772087
257,0.0029651593773165306,257,0.0028977693914684277,0.7401442145697149
258,0.0029651593773165306,258,0.0028977693914684277,0.7394703147112339
259,0.0029651593773165306,259,0.0028977693914684277,0.7368421052631579
260,0.0030325493631646336,260,0.0028977693914684277,0.7461419233101961
261,0.0030325493631646336,261,0.0028977693914684277,0.7360334254329807
262,0.0030325493631646336,262,0.0028977693914684277,0.7412224543432846
263,0.0030325493631646336,263,0.0028977693914684277,0.7368421052631579
264,0.0030999393490127366,264,0.0028977693914684277,0.7389985848102972
265,0.0030999393490127366,265,0.0028977693914684277,0.7379877350225756
266,0.0030999393490127366,266,0.0028977693914684277,0.7373812251499428
267,0.0030999393490127366,267,0.0028977693914684277,0.7410202843857403
268,0.0030999393490127366,268,0.0028977693914684277,0.7340791158433857
269,0.0030999393490127366,269,0.0028977693914684277,0.7381899049801199
270,0.0030999393490127366,270,0.0028977693914684277,0.7416941842442213
271,0.0030999393490127366,271,0.0028977693914684277,0.738863804838601
272,0.0030999393490127366,272,0.0028977693914684277,0.7398746546263225
273,0.0030999393490127366,273,0.0028977693914684277,0.7394703147112339
274,0.0030999393490127366,274,0.0028977693914684277,0.7394703147112339
275,0.0030999393490127366,275,0.0028977693914684277,0.7397398746546263
276,0.0030999393490127366,276,0.0028977693914684277,0.7405485544848036
277,0.0030999393490127366,277,0.0028977693914684277,0.7436484938338163
278,0.0030999393490127366,278,0.0028977693914684277,0.7396724846687782
279,0.0030999393490127366,279,0.0028977693914684277,0.7423680841027024
280,0.0030999393490127366,280,0.0028977693914684277,0.7425028640743986
281,0.0030999393490127366,281,0.0028977693914684277,0.7449962935507783
282,0.0030999393490127366,282,0.0028977693914684277,0.7367073252914617
283,0.0030999393490127366,283,0.0028977693914684277,0.7429745939753353
284,0.0030999393490127366,284,0.0029651593773165306,0.742772424017791
285,0.0030999393490127366,285,0.0029651593773165306,0.7438506637913606
286,0.0030999393490127366,286,0.0029651593773165306,0.7408855044140441
287,0.0030999393490127366,287,0.0029651593773165306,0.7413572343149808
288,0.0030999393490127366,288,0.0029651593773165306,0.7416267942583732
289,0.0030999393490127366,289,0.0029651593773165306,0.7356290855178921
290,0.0030999393490127366,290,0.0029651593773165306,0.7448615135790821
291,0.0030999393490127366,291,0.0029651593773165306,0.7398746546263225
292,0.0030999393490127366,292,0.0029651593773165306,0.7449289035649302
293,0.0030999393490127366,293,0.0029651593773165306,0.7445919536356898
294,0.0030999393490127366,294,0.0029651593773165306,0.742772424017791
295,0.0030999393490127366,295,0.0029651593773165306,0.7405485544848036
296,0.0030999393490127366,296,0.0029651593773165306,0.7408855044140441
297,0.0030999393490127366,297,0.0029651593773165306,0.7394703147112339
298,0.0030999393490127366,298,0.0029651593773165306,0.745468023451715
299,0.0031673293348608396,299,0.0029651593773165306,0.7414246243008289
300,0.0031673293348608396,300,0.0029651593773165306,0.7377855650650313
301,0.0031673293348608396,301,0.0029651593773165306,0.7403463845272592
302,0.0031673293348608396,302,0.0029651593773165306,0.7379877350225756
303,0.0031673293348608396,303,0.0029651593773165306,0.7392681447536896
304,0.0031673293348608396,304,0.0029651593773165306,0.7377855650650313
305,0.0031673293348608396,305,0.0029651593773165306,0.7352921355886515
306,0.0031673293348608396,306,0.0029651593773165306,0.742165914145158
307,0.0031673293348608396,307,0.0029651593773165306,0.7472201630837657
308,0.0031673293348608396,308,0.0029651593773165306,0.7357638654895883
309,0.0032347193207089425,309,0.0029651593773165306,0.7394029247253858
310,0.0033021093065570455,310,0.0029651593773165306,0.7398072646404744
311,0.0033021093065570455,311,0.0029651593773165306,0.7418963542017656
312,0.0033021093065570455,312,0.0029651593773165306,0.7394029247253858
313,0.0033021093065570455,313,0.0029651593773165306,0.740211604555563
314,0.0033021093065570455,314,0.0029651593773165306,0.7368421052631579
315,0.0032347193207089425,315,0.0029651593773165306,0.736976885234854
316,0.0032347193207089425,316,0.0029651593773165306,0.738863804838601
317,0.0033021093065570455,317,0.0029651593773165306,0.7415594042725251
318,0.0033021093065570455,318,0.0029651593773165306,0.738863804838601
319,0.0033021093065570455,319,0.0029651593773165306,0.741492014286677
320,0.0033021093065570455,320,0.0029651593773165306,0.744052833748905
321,0.0033021093065570455,321,0.0029651593773165306,0.7466810431969809
322,0.0033021093065570455,322,0.0029651593773165306,0.745468023451715
323,0.0033021093065570455,323,0.0029651593773165306,0.736909495249006
324,0.0033694992924051485,324,0.0029651593773165306,0.737516005121639
325,0.0033694992924051485,325,0.0029651593773165306,0.7425702540602467
326,0.0033694992924051485,326,0.0029651593773165306,0.7352921355886515
327,0.0033694992924051485,327,0.0029651593773165306,0.738863804838601
328,0.0033694992924051485,328,0.0029651593773165306,0.7445919536356898
329,0.0033694992924051485,329,0.0029651593773165306,0.7394703147112339
330,0.0033694992924051485,330,0.0029651593773165306,0.7373138351640947
331,0.0033694992924051485,331,0.0030325493631646336,0.7408855044140441
332,0.0033694992924051485,332,0.0030325493631646336,0.7363029853763731
333,0.0035042792641013544,333,0.0030325493631646336,0.7435811038479682
334,0.0035042792641013544,334,0.0030325493631646336,0.7412224543432846
335,0.0035042792641013544,335,0.0030325493631646336,0.7412224543432846
336,0.0035042792641013544,336,0.0030325493631646336,0.7394703147112339
337,0.0035042792641013544,337,0.0030325493631646336,0.7393355347395377
338,0.0035042792641013544,338,0.0030325493631646336,0.7383246849518161
339,0.0035042792641013544,339,0.0030325493631646336,0.7381225149942718
340,0.0035042792641013544,340,0.0030325493631646336,0.7443897836781455
341,0.0035042792641013544,341,0.0030325493631646336,0.7407507244423479
342,0.0035042792641013544,342,0.0029651593773165306,0.7409528943998922
343,0.0035042792641013544,343,0.0030325493631646336,0.7468158231686771
344,0.0035042792641013544,344,0.0030325493631646336,0.7350899656311072
345,0.0035042792641013544,345,0.0030325493631646336,0.7410202843857403
346,0.0035042792641013544,346,0.0030325493631646336,0.740211604555563
347,0.0035042792641013544,347,0.0030325493631646336,0.7383920749376642
348,0.0035042792641013544,348,0.0030325493631646336,0.7413572343149808
349,0.0035042792641013544,349,0.0030325493631646336,0.7397398746546263
350,0.0035716692499494574,350,0.0030325493631646336,0.7365051553339174
351,0.0035716692499494574,351,0.0030325493631646336,0.7410876743715884
352,0.0035716692499494574,352,0.0030999393490127366,0.7379203450367275
353,0.0035716692499494574,353,0.0031673293348608396,0.7387290248669047
354,0.0035716692499494574,354,0.0031673293348608396,0.736976885234854
355,0.0035716692499494574,355,0.0030999393490127366,0.7400768245838668
356,0.0035716692499494574,356,0.0030999393490127366,0.7439854437630569
357,0.0035716692499494574,357,0.0030999393490127366,0.7418289642159175
358,0.0035716692499494574,358,0.0030999393490127366,0.7394703147112339
359,0.0035716692499494574,359,0.0030999393490127366,0.7399420446121706
360,0.0035716692499494574,360,0.0030999393490127366,0.741492014286677
361,0.0035716692499494574,361,0.0030999393490127366,0.7404137745131073
362,0.0035716692499494574,362,0.0030999393490127366,0.7415594042725251
363,0.0035716692499494574,363,0.0030999393490127366,0.7404137745131073
364,0.0035716692499494574,364,0.0030999393490127366,0.7361008154188288
365,0.0035716692499494574,365,0.0030999393490127366,0.7466810431969809
366,0.0035716692499494574,366,0.0030999393490127366,0.7381899049801199
367,0.0035716692499494574,367,0.0030999393490127366,0.737516005121639
368,0.0035716692499494574,368,0.0030999393490127366,0.7420311341734618
369,0.0035716692499494574,369,0.0030999393490127366,0.7385942448952085
370,0.0036390592357975603,370,0.0030999393490127366,0.7424354740885505
371,0.0036390592357975603,371,0.0030999393490127366,0.7417615742300694
372,0.0036390592357975603,372,0.0030999393490127366,0.7396724846687782
373,0.0036390592357975603,373,0.0030999393490127366,0.7433789338904239
374,0.0036390592357975603,374,0.0030999393490127366,0.7389985848102972
375,0.0036390592357975603,375,0.0030999393490127366,0.7383920749376642
376,0.0036390592357975603,376,0.0030999393490127366,0.7416941842442213
377,0.0037064492216456633,377,0.0030999393490127366,0.7404811644989554
378,0.0037064492216456633,378,0.0030999393490127366,0.7431093739470315
379,0.0037064492216456633,379,0.0030999393490127366,0.7409528943998922
380,0.0037064492216456633,380,0.0030999393490127366,0.7432441539187277
381,0.0037064492216456633,381,0.0030999393490127366,0.7392007547678415
382,0.0037064492216456633,382,0.0030999393490127366,0.7398746546263225
383,0.0037738392074937663,383,0.0030999393490127366,0.7336747759282971
384,0.0037738392074937663,384,0.0030999393490127366,0.7420311341734618
385,0.0037738392074937663,385,0.0030999393490127366,0.7400094345980187
386,0.0037738392074937663,386,0.0030999393490127366,0.7399420446121706
387,0.0037738392074937663,387,0.0030999393490127366,0.7406159444706517
388,0.0037738392074937663,388,0.0030999393490127366,0.736909495249006
389,0.0037738392074937663,389,0.0030999393490127366,0.7389311948244491
390,0.0037738392074937663,390,0.0030999393490127366,0.7390659747961453
391,0.0037738392074937663,391,0.0030999393490127366,0.7387290248669047
392,0.0037738392074937663,392,0.0030999393490127366,0.7415594042725251
393,0.0037738392074937663,393,0.0030999393490127366,0.7402789945414111
394,0.0037738392074937663,394,0.0030999393490127366,0.7410202843857403
395,0.0037738392074937663,395,0.0030999393490127366,0.7396050946829301
396,0.0037738392074937663,396,0.0030999393490127366,0.7403463845272592
397,0.0037738392074937663,397,0.0030999393490127366,0.7410876743715884
398,0.0037738392074937663,398,0.0031673293348608396,0.7367073252914617
399,0.0038412291933418692,399,0.0031673293348608396,0.7352921355886515
400,0.0038412291933418692,400,0.0031673293348608396,0.7378529550508794
401,0.0038412291933418692,401,0.0031673293348608396,0.7415594042725251
402,0.0038412291933418692,402,0.0031673293348608396,0.7431767639328796
403,0.0038412291933418692,403,0.0031673293348608396,0.7411550643574365
404,0.0038412291933418692,404,0.0032347193207089425,0.7423006941168543
405,0.0038412291933418692,405,0.0032347193207089425,0.7425028640743986
406,0.0038412291933418692,406,0.0032347193207089425,0.7366399353056136
407,0.0038412291933418692,407,0.0032347193207089425,0.7396050946829301
408,0.0038412291933418692,408,0.0032347193207089425,0.7411550643574365
409,0.0038412291933418692,409,0.0032347193207089425,0.7396050946829301
410,0.003908619179189972,410,0.0033021093065570455,0.7409528943998922
411,0.003908619179189972,411,0.0033021093065570455,0.7466810431969809
412,0.003908619179189972,412,0.0033694992924051485,0.7363029853763731
413,0.003908619179189972,413,0.0033694992924051485,0.7385268549093604
414,0.003908619179189972,414,0.0033694992924051485,0.7397398746546263
415,0.003908619179189972,415,0.0033694992924051485,0.7417615742300694
416,0.003908619179189972,416,0.0034368892782532514,0.7403463845272592
417,0.003908619179189972,417,0.0034368892782532514,0.7457375833951075
418,0.003908619179189972,418,0.0034368892782532514,0.7407507244423479
419,0.003908619179189972,419,0.0034368892782532514,0.7400768245838668
420,0.003908619179189972,420,0.0034368892782532514,0.7373138351640947
421,0.003908619179189972,421,0.0034368892782532514,0.7412224543432846
422,0.003976009165038075,422,0.0035716692499494574,0.7387964148527529
423,0.003976009165038075,423,0.0035042792641013544,0.7378529550508794
424,0.003976009165038075,424,0.0035042792641013544,0.7383246849518161
425,0.004043399150886178,425,0.0035042792641013544,0.7381899049801199
426,0.004043399150886178,426,0.0035042792641013544,0.7423680841027024
427,0.004043399150886178,427,0.0035042792641013544,0.7412898443291327
428,0.004110789136734281,428,0.0035042792641013544,0.7414246243008289
429,0.004110789136734281,429,0.0035042792641013544,0.7420311341734618
430,0.004110789136734281,430,0.0035042792641013544,0.7433789338904239
431,0.004110789136734281,431,0.0035716692499494574,0.7422333041310061
432,0.004110789136734281,432,0.0037064492216456633,0.7379203450367275
433,0.004110789136734281,433,0.0037064492216456633,0.740818114428196
434,0.004178179122582384,434,0.0037064492216456633,0.7414246243008289
435,0.004178179122582384,435,0.0037064492216456633,0.7423006941168543
436,0.004178179122582384,436,0.0037064492216456633,0.7422333041310061
437,0.004178179122582384,437,0.0036390592357975603,0.7344160657726262
438,0.004178179122582384,438,0.0036390592357975603,0.7373138351640947
439,0.004178179122582384,439,0.0036390592357975603,0.7406159444706517
440,0.004178179122582384,440,0.0036390592357975603,0.7462093132960442
441,0.004178179122582384,441,0.0036390592357975603,0.7378529550508794
442,0.004178179122582384,442,0.0036390592357975603,0.739537704697082
443,0.004178179122582384,443,0.0036390592357975603,0.7412224543432846
444,0.004178179122582384,444,0.0036390592357975603,0.7415594042725251
445,0.004178179122582384,445,0.0037064492216456633,0.744794123593234
446,0.004178179122582384,446,0.0037064492216456633,0.7371790551923985
447,0.004178179122582384,447,0.0037738392074937663,0.7444571736639936
448,0.004178179122582384,448,0.0037738392074937663,0.7422333041310061
449,0.004245569108430487,449,0.0037064492216456633,0.7396050946829301
450,0.004245569108430487,450,0.0037738392074937663,0.7379877350225756
451,0.004245569108430487,451,0.0038412291933418692,0.7398746546263225
452,0.004245569108430487,452,0.0038412291933418692,0.7416267942583732
453,0.00431295909427859,453,0.0038412291933418692,0.7387964148527529
454,0.00431295909427859,454,0.0038412291933418692,0.7367073252914617
455,0.00431295909427859,455,0.0038412291933418692,0.7371790551923985
456,0.00431295909427859,456,0.0038412291933418692,0.7442550037064493
457,0.00431295909427859,457,0.0038412291933418692,0.7377855650650313
458,0.00431295909427859,458,0.0038412291933418692,0.7383246849518161
459,0.00431295909427859,459,0.0038412291933418692,0.7456701934092593
460,0.00431295909427859,460,0.003908619179189972,0.7384594649235123
461,0.00431295909427859,461,0.003908619179189972,0.7405485544848036
462,0.00431295909427859,462,0.003908619179189972,0.7411550643574365
463,0.00431295909427859,463,0.003908619179189972,0.7372464451782466
464,0.004380349080126693,464,0.003908619179189972,0.7381225149942718
465,0.004380349080126693,465,0.003908619179189972,0.7365725453197655
466,0.004447739065974796,466,0.003908619179189972,0.7411550643574365
467,0.004447739065974796,467,0.003908619179189972,0.7389311948244491
468,0.004447739065974796,468,0.003908619179189972,0.7399420446121706
469,0.004447739065974796,469,0.003908619179189972,0.7407507244423479
470,0.004447739065974796,470,0.003908619179189972,0.738863804838601
471,0.004447739065974796,471,0.003908619179189972,0.7397398746546263
472,0.004515129051822899,472,0.003908619179189972,0.7361008154188288
473,0.004582519037671002,473,0.003908619179189972,0.7428398140036391
474,0.004582519037671002,474,0.003908619179189972,0.7420311341734618
475,0.004582519037671002,475,0.003908619179189972,0.7432441539187277
476,0.004582519037671002,476,0.003908619179189972,0.740818114428196
477,0.004582519037671002,477,0.003908619179189972,0.7343486757867781
478,0.004582519037671002,478,0.003908619179189972,0.7378529550508794
479,0.004582519037671002,479,0.003908619179189972,0.7383920749376642
480,0.004582519037671002,480,0.003908619179189972,0.7415594042725251
481,0.004582519037671002,481,0.003908619179189972,0.7367073252914617
482,0.004582519037671002,482,0.003908619179189972,0.7407507244423479
483,0.004582519037671002,483,0.003908619179189972,0.7377855650650313
484,0.004582519037671002,484,0.003976009165038075,0.7410876743715884
485,0.004582519037671002,485,0.003976009165038075,0.7378529550508794
486,0.004582519037671002,486,0.003976009165038075,0.7379203450367275
487,0.004649909023519105,487,0.003976009165038075,0.7381899049801199
488,0.004649909023519105,488,0.004043399150886178,0.7418289642159175
489,0.004649909023519105,489,0.004043399150886178,0.7431767639328796
490,0.004717299009367208,490,0.004043399150886178,0.740211604555563
491,0.004717299009367208,491,0.004043399150886178,0.738257294965968
492,0.004717299009367208,492,0.004043399150886178,0.7449962935507783
493,0.004717299009367208,493,0.004043399150886178,0.7424354740885505
494,0.004717299009367208,494,0.004043399150886178,0.7381899049801199
495,0.004717299009367208,495,0.004043399150886178,0.7427050340319429
496,0.004717299009367208,496,0.004110789136734281,0.7372464451782466
497,0.004784688995215311,497,0.004110789136734281,0.7420311341734618
498,0.004784688995215311,498,0.004110789136734281,0.7425702540602467
499,0.004852078981063414,499,0.004178179122582384,0.7377181750791832
500,0.004784688995215311,500,0.0038412291933418692,0.7401442145697149
501,0.002089089561291192,501,0.002291259518835501,0.7343486757867781
502,0.002156479547139295,502,0.002291259518835501,0.742165914145158
503,0.002156479547139295,503,0.002291259518835501,0.740818114428196
504,0.002223869532987398,504,0.002291259518835501,0.7418289642159175
505,0.002223869532987398,505,0.002358649504683604,0.7387290248669047
506,0.002223869532987398,506,0.002358649504683604,0.740818114428196
507,0.002223869532987398,507,0.002358649504683604,0.7387290248669047
508,0.002223869532987398,508,0.002358649504683604,0.7394703147112339
509,0.002223869532987398,509,0.002358649504683604,0.7394029247253858
510,0.002223869532987398,510,0.002358649504683604,0.7381225149942718
511,0.002223869532987398,511,0.002358649504683604,0.7414246243008289
512,0.002291259518835501,512,0.002358649504683604,0.7404137745131073
513,0.002358649504683604,513,0.002358649504683604,0.7380551250084237
514,0.002358649504683604,514,0.002358649504683604,0.7391333647819934
515,0.002426039490531707,515,0.002358649504683604,0.7396050946829301
516,0.002426039490531707,516,0.002358649504683604,0.7380551250084237
517,0.00249342947637981,517,0.002358649504683604,0.7387964148527529
518,0.00249342947637981,518,0.002358649504683604,0.7381899049801199
519,0.00249342947637981,519,0.002358649504683604,0.7443897836781455
520,0.00249342947637981,520,0.002358649504683604,0.7416941842442213
521,0.00249342947637981,521,0.002358649504683604,0.7400768245838668
522,0.00249342947637981,522,0.002358649504683604,0.7468158231686771
523,0.00249342947637981,523,0.002358649504683604,0.744052833748905
524,0.00249342947637981,524,0.002358649504683604,0.7443223936922974
525,0.00249342947637981,525,0.002358649504683604,0.742772424017791
526,0.00249342947637981,526,0.002358649504683604,0.7439854437630569
527,0.00249342947637981,527,0.002358649504683604,0.7427050340319429
528,0.00249342947637981,528,0.002358649504683604,0.7401442145697149
529,0.00249342947637981,529,0.002358649504683604,0.7429072039894872
530,0.002560819462227913,530,0.002358649504683604,0.7404811644989554
531,0.002560819462227913,531,0.002358649504683604,0.7381225149942718
532,0.002628209448076016,532,0.002358649504683604,0.7443223936922974
533,0.002628209448076016,533,0.002358649504683604,0.7402789945414111
534,0.002628209448076016,534,0.002358649504683604,0.735561695532044
535,0.002628209448076016,535,0.002358649504683604,0.742165914145158
536,0.002628209448076016,536,0.002358649504683604,0.7414246243008289
537,0.002628209448076016,537,0.002358649504683604,0.7430419839611834
538,0.002628209448076016,538,0.002358649504683604,0.7386616348810566
539,0.002628209448076016,539,0.002358649504683604,0.7416267942583732
540,0.0026955994339241188,540,0.002358649504683604,0.7403463845272592
541,0.0026955994339241188,541,0.002358649504683604,0.7394029247253858
542,0.0026955994339241188,542,0.002358649504683604,0.7456028034234112
543,0.0026955994339241188,543,0.002358649504683604,0.7416941842442213
544,0.0026955994339241188,544,0.002358649504683604,0.7377855650650313
545,0.0026955994339241188,545,0.002358649504683604,0.737583395107487
546,0.0026955994339241188,546,0.002358649504683604,0.737516005121639
547,0.0026955994339241188,547,0.002358649504683604,0.7410202843857403
548,0.0027629894197722217,548,0.002358649504683604,0.7441202237347531
549,0.0027629894197722217,549,0.002426039490531707,0.7402789945414111
550,0.0027629894197722217,550,0.002426039490531707,0.7436484938338163
551,0.0027629894197722217,551,0.002426039490531707,0.7404811644989554
552,0.0027629894197722217,552,0.002426039490531707,0.7461419233101961
553,0.0027629894197722217,553,0.002426039490531707,0.7377181750791832
554,0.0027629894197722217,554,0.002426039490531707,0.7405485544848036
555,0.0027629894197722217,555,0.002426039490531707,0.7410876743715884
556,0.0027629894197722217,556,0.002426039490531707,0.7420311341734618
557,0.0027629894197722217,557,0.00249342947637981,0.7452658534941707
558,0.0027629894197722217,558,0.00249342947637981,0.7364377653480693
559,0.0027629894197722217,559,0.00249342947637981,0.7396724846687782
560,0.0027629894197722217,560,0.00249342947637981,0.7400094345980187
561,0.0027629894197722217,561,0.00249342947637981,0.7409528943998922
562,0.0027629894197722217,562,0.00249342947637981,0.740211604555563
563,0.0027629894197722217,563,0.00249342947637981,0.7367073252914617
564,0.0027629894197722217,564,0.002560819462227913,0.7408855044140441
565,0.0028303794056203247,565,0.002560819462227913,0.7424354740885505
566,0.0028303794056203247,566,0.002560819462227913,0.7357638654895883
567,0.0028303794056203247,567,0.002560819462227913,0.7477592829705506
568,0.0028303794056203247,568,0.002560819462227913,0.741492014286677
569,0.0028303794056203247,569,0.002560819462227913,0.740211604555563
570,0.0028303794056203247,570,0.002560819462227913,0.7427050340319429
571,0.0028303794056203247,571,0.002560819462227913,0.7414246243008289
572,0.0028303794056203247,572,0.002560819462227913,0.737583395107487
573,0.0028303794056203247,573,0.002560819462227913,0.7389311948244491
574,0.0028303794056203247,574,0.002560819462227913,0.7404137745131073
575,0.0028303794056203247,575,0.002560819462227913,0.7392681447536896
576,0.0028303794056203247,576,0.002560819462227913,0.7403463845272592
577,0.0028303794056203247,577,0.002560819462227913,0.739537704697082
578,0.0028303794056203247,578,0.002560819462227913,0.736909495249006
579,0.0028303794056203247,579,0.002628209448076016,0.7415594042725251
580,0.0028303794056203247,580,0.002628209448076016,0.7398746546263225
581,0.0028303794056203247,581,0.0026955994339241188,0.734955185659411
582,0.0028303794056203247,582,0.0026955994339241188,0.7371790551923985
583,0.0028303794056203247,583,0.0026955994339241188,0.7409528943998922
584,0.0028303794056203247,584,0.0026955994339241188,0.7414246243008289
585,0.0028303794056203247,585,0.0026955994339241188,0.7413572343149808
586,0.0028303794056203247,586,0.0026955994339241188,0.7462767032818923
587,0.0028977693914684277,587,0.0026955994339241188,0.7389985848102972
588,0.0028977693914684277,588,0.0026955994339241188,0.7387290248669047
589,0.0028977693914684277,589,0.0026955994339241188,0.7404811644989554
590,0.0028977693914684277,590,0.0026955994339241188,0.7387290248669047
591,0.0028977693914684277,591,0.0026955994339241188,0.7381899049801199
592,0.0028977693914684277,592,0.0026955994339241188,0.7426376440460948
593,0.0028977693914684277,593,0.0027629894197722217,0.7399420446121706
594,0.0028977693914684277,594,0.0027629894197722217,0.7412898443291327
595,0.0028977693914684277,595,0.0027629894197722217,0.7410202843857403
596,0.0029651593773165306,596,0.0027629894197722217,0.7347530157018667
597,0.0029651593773165306,597,0.0027629894197722217,0.7495788125884494
598,0.0029651593773165306,598,0.0027629894197722217,0.7393355347395377
599,0.0029651593773165306,599,0.0027629894197722217,0.7406159444706517
600,0.0029651593773165306,600,0.0027629894197722217,0.7404811644989554
601,0.0029651593773165306,601,0.0028303794056203247,0.7381225149942718
602,0.0029651593773165306,602,0.0028303794056203247,0.7468158231686771
603,0.0030325493631646336,603,0.0028303794056203247,0.7366399353056136
604,0.0030325493631646336,604,0.0028303794056203247,0.7406833344564998
605,0.0030325493631646336,605,0.0028303794056203247,0.7387964148527529
606,0.0030325493631646336,606,0.0028303794056203247,0.7373812251499428
607,0.0030999393490127366,607,0.0028303794056203247,0.7364377653480693
608,0.0030999393490127366,608,0.0028303794056203247,0.7405485544848036
609,0.0030999393490127366,609,0.0028977693914684277,0.7394029247253858
610,0.0030999393490127366,610,0.0028977693914684277,0.7394029247253858
611,0.0030999393490127366,611,0.0028977693914684277,0.7377181750791832
612,0.0030999393490127366,612,0.0028977693914684277,0.7423680841027024
613,0.0030999393490127366,613,0.0028977693914684277,0.7451984635083226
614,0.0030999393490127366,614,0.0028977693914684277,0.7436484938338163
615,0.0030999393490127366,615,0.0028977693914684277,0.7398746546263225
616,0.0031673293348608396,616,0.0028977693914684277,0.7425028640743986
617,0.0031673293348608396,617,0.0028977693914684277,0.7417615742300694
618,0.0031673293348608396,618,0.0028977693914684277,0.744052833748905
619,0.0031673293348608396,619,0.0028977693914684277,0.7384594649235123
620,0.0031673293348608396,620,0.0028977693914684277,0.7433789338904239
621,0.0031673293348608396,621,0.0028977693914684277,0.7389311948244491
622,0.0031673293348608396,622,0.0028977693914684277,0.7361008154188288
623,0.0031673293348608396,623,0.0028977693914684277,0.7377181750791832
624,0.0032347193207089425,624,0.0028977693914684277,0.7445919536356898
625,0.0033021093065570455,625,0.0028977693914684277,0.7426376440460948
626,0.0033694992924051485,626,0.0028977693914684277,0.7403463845272592
627,0.0033694992924051485,627,0.0028977693914684277,0.7396050946829301
628,0.0033694992924051485,628,0.0029651593773165306,0.7420985241593099
629,0.0033694992924051485,629,0.0029651593773165306,0.7338769458858414
630,0.0033694992924051485,630,0.0029651593773165306,0.7409528943998922
631,0.0033694992924051485,631,0.0029651593773165306,0.7404137745131073
632,0.0033694992924051485,632,0.0029651593773165306,0.7352921355886515
633,0.0033694992924051485,633,0.0029651593773165306,0.7398072646404744
634,0.0034368892782532514,634,0.0029651593773165306,0.7416267942583732
635,0.0034368892782532514,635,0.0029651593773165306,0.7408855044140441
636,0.0035042792641013544,636,0.0029651593773165306,0.7400768245838668
637,0.0035042792641013544,637,0.0029651593773165306,0.7418289642159175
638,0.0035042792641013544,638,0.0029651593773165306,0.7410876743715884
639,0.0035042792641013544,639,0.0029651593773165306,0.7431767639328796
640,0.0035042792641013544,640,0.0029651593773165306,0.738257294965968
641,0.0035042792641013544,641,0.0029651593773165306,0.7406833344564998
642,0.0035716692499494574,642,0.0029651593773165306,0.7424354740885505
643,0.0035716692499494574,643,0.0030325493631646336,0.7396050946829301
644,0.0035716692499494574,644,0.0030325493631646336,0.7412224543432846
645,0.0035716692499494574,645,0.0030325493631646336,0.7432441539187277
646,0.0035716692499494574,646,0.0030325493631646336,0.7431093739470315
647,0.0035716692499494574,647,0.0030325493631646336,0.744052833748905
648,0.0035716692499494574,648,0.0030325493631646336,0.739537704697082
649,0.0036390592357975603,649,0.0030999393490127366,0.7415594042725251
650,0.0037064492216456633,650,0.0030999393490127366,0.7424354740885505
651,0.0037064492216456633,651,0.0030999393490127366,0.7419637441876137
652,0.0037064492216456633,652,0.0030999393490127366,0.7408855044140441
653,0.0037064492216456633,653,0.0030999393490127366,0.7394029247253858
654,0.0036390592357975603,654,0.0030999393490127366,0.7381899049801199
655,0.0037064492216456633,655,0.0030999393490127366,0.7410876743715884
656,0.0037738392074937663,656,0.0030999393490127366,0.7373138351640947
657,0.0037738392074937663,657,0.0030999393490127366,0.7368421052631579
658,0.0037738392074937663,658,0.0030999393490127366,0.7364377653480693
659,0.0038412291933418692,659,0.0031673293348608396,0.7348204056877148
660,0.0038412291933418692,660,0.0031673293348608396,0.7389985848102972
661,0.0038412291933418692,661,0.0031673293348608396,0.7410876743715884
662,0.0038412291933418692,662,0.0031673293348608396,0.7351573556169553
663,0.0038412291933418692,663,0.0031673293348608396,0.7359660354471326
664,0.0038412291933418692,664,0.0031673293348608396,0.7423006941168543
665,0.0038412291933418692,665,0.0031673293348608396,0.7396050946829301
666,0.0038412291933418692,666,0.0032347193207089425,0.7400768245838668
667,0.003908619179189972,667,0.0032347193207089425,0.7397398746546263
668,0.003908619179189972,668,0.0032347193207089425,0.7358986454612845
669,0.003908619179189972,669,0.0031673293348608396,0.735561695532044
670,0.003908619179189972,670,0.0032347193207089425,0.7380551250084237
671,0.003976009165038075,671,0.0032347193207089425,0.7393355347395377
672,0.004043399150886178,672,0.0032347193207089425,0.7373138351640947
673,0.004043399150886178,673,0.0032347193207089425,0.7404137745131073
674,0.004043399150886178,674,0.0031673293348608396,0.7378529550508794
675,0.004043399150886178,675,0.0032347193207089425,0.7398746546263225
676,0.004110789136734281,676,0.0033021093065570455,0.7392681447536896
677,0.004110789136734281,677,0.0033021093065570455,0.7423006941168543
678,0.004110789136734281,678,0.0033694992924051485,0.7415594042725251
679,0.004110789136734281,679,0.0033694992924051485,0.7374486151357909
680,0.004110789136734281,680,0.0033694992924051485,0.7416267942583732
681,0.004110789136734281,681,0.0034368892782532514,0.742165914145158
682,0.004178179122582384,682,0.0034368892782532514,0.7367747152773098
683,0.004178179122582384,683,0.0034368892782532514,0.742772424017791
684,0.004178179122582384,684,0.0034368892782532514,0.7392681447536896
685,0.004178179122582384,685,0.0034368892782532514,0.7396050946829301
686,0.004178179122582384,686,0.0034368892782532514,0.7411550643574365
687,0.004178179122582384,687,0.0034368892782532514,0.7414246243008289
688,0.004178179122582384,688,0.0034368892782532514,0.7389311948244491
689,0.004178179122582384,689,0.0034368892782532514,0.7383920749376642
690,0.004178179122582384,690,0.0034368892782532514,0.7399420446121706
691,0.004178179122582384,691,0.0034368892782532514,0.7420985241593099
692,0.004178179122582384,692,0.0034368892782532514,0.7450636835366264
693,0.004178179122582384,693,0.0034368892782532514,0.7394703147112339
694,0.004178179122582384,694,0.0034368892782532514,0.7373812251499428
695,0.004178179122582384,695,0.0035042792641013544,0.7383246849518161
696,0.00431295909427859,696,0.0035042792641013544,0.7365051553339174
697,0.00431295909427859,697,0.0035042792641013544,0.738863804838601
698,0.004380349080126693,698,0.0035042792641013544,0.7394703147112339
699,0.004380349080126693,699,0.0035042792641013544,0.7342138958150819
700,0.004447739065974796,700,0.0035042792641013544,0.7429745939753353
701,0.004447739065974796,701,0.0035042792641013544,0.7438506637913606
702,0.004515129051822899,702,0.0035042792641013544,0.740211604555563
703,0.004515129051822899,703,0.0035042792641013544,0.7381225149942718
704,0.004515129051822899,704,0.0035042792641013544,0.7420985241593099
705,0.004515129051822899,705,0.0035042792641013544,0.7417615742300694
706,0.004582519037671002,706,0.0035042792641013544,0.7374486151357909
707,0.004582519037671002,707,0.0035042792641013544,0.7425028640743986
708,0.004582519037671002,708,0.0035042792641013544,0.7445919536356898
709,0.004582519037671002,709,0.0035042792641013544,0.7383920749376642
710,0.004582519037671002,710,0.0035716692499494574,0.7425028640743986
711,0.004582519037671002,711,0.0035716692499494574,0.7432441539187277
712,0.004649909023519105,712,0.0035716692499494574,0.7398072646404744
713,0.004649909023519105,713,0.0035716692499494574,0.7400768245838668
714,0.004649909023519105,714,0.0035716692499494574,0.7410876743715884
715,0.004649909023519105,715,0.0035716692499494574,0.7410202843857403
716,0.004649909023519105,716,0.0035716692499494574,0.7419637441876137
717,0.004649909023519105,717,0.0035716692499494574,0.7394703147112339
718,0.004649909023519105,718,0.0035716692499494574,0.7397398746546263
719,0.004649909023519105,719,0.0035716692499494574,0.7424354740885505
720,0.004649909023519105,720,0.0035716692499494574,0.7423006941168543
721,0.004649909023519105,721,0.0035716692499494574,0.7444571736639936
722,0.004717299009367208,722,0.0035716692499494574,0.7365051553339174
723,0.004717299009367208,723,0.0035716692499494574,0.7390659747961453
724,0.004717299009367208,724,0.0035716692499494574,0.7378529550508794
725,0.004852078981063414,725,0.0035716692499494574,0.743446323876272
726,0.004852078981063414,726,0.0035716692499494574,0.7413572343149808
727,0.004852078981063414,727,0.0035716692499494574,0.7420311341734618
728,0.004852078981063414,728,0.0035716692499494574,0.7419637441876137
729,0.004852078981063414,729,0.0035716692499494574,0.7387290248669047
730,0.004919468966911517,730,0.0036390592357975603,0.7450636835366264
731,0.00498685895275962,731,0.0036390592357975603,0.7390659747961453
732,0.00498685895275962,732,0.0036390592357975603,0.7398746546263225
733,0.00498685895275962,733,0.0036390592357975603,0.7377855650650313
734,0.00498685895275962,734,0.0036390592357975603,0.7412898443291327
735,0.005054248938607723,735,0.0036390592357975603,0.7403463845272592
736,0.005054248938607723,736,0.0037064492216456633,0.7389985848102972
737,0.005054248938607723,737,0.0037064492216456633,0.7384594649235123
738,0.005054248938607723,738,0.0037064492216456633,0.7376507850933351
739,0.005189028910303929,739,0.0037738392074937663,0.7398072646404744
740,0.005189028910303929,740,0.0037738392074937663,0.7406159444706517
741,0.005323808882000135,741,0.0037738392074937663,0.7393355347395377
742,0.005323808882000135,742,0.0037738392074937663,0.743446323876272
743,0.005323808882000135,743,0.0037738392074937663,0.7425028640743986
744,0.005323808882000135,744,0.0037738392074937663,0.7410876743715884
745,0.005323808882000135,745,0.0037064492216456633,0.744794123593234
746,0.005323808882000135,746,0.0037064492216456633,0.7383246849518161
747,0.0053911988678482375,747,0.0037064492216456633,0.7379877350225756
748,0.0054585888536963405,748,0.0037064492216456633,0.7348877956735629
749,0.0054585888536963405,749,0.0037064492216456633,0.7391333647819934
750,0.0053911988678482375,750,0.0037064492216456633,0.7412898443291327
751,0.0016847496462025742,751,0.001954309589594986,0.7394703147112339
752,0.0016847496462025742,752,0.002021699575443089,0.7408855044140441
753,0.0016847496462025742,753,0.002021699575443089,0.7408855044140441
754,0.0016847496462025742,754,0.002021699575443089,0.740818114428196
755,0.0016847496462025742,755,0.002021699575443089,0.7433115439045758
756,0.0016847496462025742,756,0.002021699575443089,0.7417615742300694
757,0.0016847496462025742,757,0.002021699575443089,0.7468832131545252
758,0.0018195296178987802,758,0.002021699575443089,0.7435811038479682
759,0.0018195296178987802,759,0.002021699575443089,0.7410202843857403
760,0.0018869196037468831,760,0.002021699575443089,0.7481636228856392
761,0.0018869196037468831,761,0.002021699575443089,0.7420311341734618
762,0.0018869196037468831,762,0.002021699575443089,0.7417615742300694
763,0.002089089561291192,763,0.002021699575443089,0.7422333041310061
764,0.002089089561291192,764,0.002156479547139295,0.7409528943998922
765,0.002089089561291192,765,0.002156479547139295,0.7386616348810566
766,0.002089089561291192,766,0.002156479547139295,0.7394703147112339
767,0.002089089561291192,767,0.002089089561291192,0.7438506637913606
768,0.002156479547139295,768,0.002089089561291192,0.7365725453197655
769,0.002156479547139295,769,0.002089089561291192,0.7352247456028034
770,0.002156479547139295,770,0.002089089561291192,0.7402789945414111
771,0.002156479547139295,771,0.002089089561291192,0.741492014286677
772,0.002156479547139295,772,0.002089089561291192,0.738863804838601
773,0.002156479547139295,773,0.002089089561291192,0.7450636835366264
774,0.002156479547139295,774,0.002089089561291192,0.7352247456028034
775,0.002156479547139295,775,0.002089089561291192,0.7392007547678415
776,0.002156479547139295,776,0.002089089561291192,0.7387290248669047
777,0.002223869532987398,777,0.002156479547139295,0.7390659747961453
778,0.002223869532987398,778,0.002156479547139295,0.744052833748905
779,0.002223869532987398,779,0.002156479547139295,0.7380551250084237
780,0.002223869532987398,780,0.002156479547139295,0.7379877350225756
781,0.002291259518835501,781,0.002223869532987398,0.7392681447536896
782,0.002358649504683604,782,0.002223869532987398,0.7399420446121706
783,0.002358649504683604,783,0.002223869532987398,0.7410202843857403
784,0.002358649504683604,784,0.002223869532987398,0.7371790551923985
785,0.002358649504683604,785,0.002291259518835501,0.7443897836781455
786,0.002358649504683604,786,0.002291259518835501,0.7344160657726262
787,0.002358649504683604,787,0.002291259518835501,0.7449962935507783
788,0.002426039490531707,788,0.002291259518835501,0.7409528943998922
789,0.00249342947637981,789,0.002291259518835501,0.7411550643574365
790,0.00249342947637981,790,0.002291259518835501,0.7400768245838668
791,0.00249342947637981,791,0.002291259518835501,0.7413572343149808
792,0.00249342947637981,792,0.002291259518835501,0.7392681447536896
793,0.00249342947637981,793,0.002291259518835501,0.7404137745131073
794,0.00249342947637981,794,0.002291259518835501,0.7427050340319429
795,0.00249342947637981,795,0.002291259518835501,0.7350899656311072
796,0.00249342947637981,796,0.002291259518835501,0.7400094345980187
797,0.00249342947637981,797,0.002291259518835501,0.7418963542017656
798,0.00249342947637981,798,0.002291259518835501,0.7350899656311072
799,0.002560819462227913,799,0.002291259518835501,0.7428398140036391
800,0.002560819462227913,800,0.002291259518835501,0.7412898443291327
801,0.002560819462227913,801,0.002291259518835501,0.7406833344564998
802,0.002560819462227913,802,0.002291259518835501,0.7367747152773098
803,0.002560819462227913,803,0.002291259518835501,0.7374486151357909
804,0.002560819462227913,804,0.002291259518835501,0.7438506637913606
805,0.002628209448076016,805,0.002291259518835501,0.7368421052631579
806,0.002628209448076016,806,0.002291259518835501,0.7437832738055125
807,0.002628209448076016,807,0.002291259518835501,0.7411550643574365
808,0.002628209448076016,808,0.002291259518835501,0.7381225149942718
809,0.002628209448076016,809,0.002291259518835501,0.7386616348810566
810,0.002628209448076016,810,0.002291259518835501,0.7358312554754364
811,0.002628209448076016,811,0.002291259518835501,0.7423680841027024
812,0.0026955994339241188,812,0.002291259518835501,0.7438506637913606
813,0.0026955994339241188,813,0.002426039490531707,0.7433789338904239
814,0.0026955994339241188,814,0.002426039490531707,0.7398072646404744
815,0.0026955994339241188,815,0.002426039490531707,0.7389311948244491
816,0.0026955994339241188,816,0.002426039490531707,0.7419637441876137
817,0.0026955994339241188,817,0.002426039490531707,0.7365051553339174
818,0.0026955994339241188,818,0.002426039490531707,0.7391333647819934
819,0.0027629894197722217,819,0.002426039490531707,0.7392007547678415
820,0.0027629894197722217,820,0.002426039490531707,0.7370442752207021
821,0.0027629894197722217,821,0.002426039490531707,0.7386616348810566
822,0.0027629894197722217,822,0.002426039490531707,0.737516005121639
823,0.0027629894197722217,823,0.002426039490531707,0.7404811644989554
824,0.0027629894197722217,824,0.002426039490531707,0.7394029247253858
825,0.0027629894197722217,825,0.00249342947637981,0.7400094345980187
826,0.0027629894197722217,826,0.00249342947637981,0.7393355347395377
827,0.0027629894197722217,827,0.00249342947637981,0.7413572343149808
828,0.0027629894197722217,828,0.00249342947637981,0.7379877350225756
829,0.0027629894197722217,829,0.00249342947637981,0.7402789945414111
830,0.0027629894197722217,830,0.00249342947637981,0.7376507850933351
831,0.0027629894197722217,831,0.002628209448076016,0.7423006941168543
832,0.0028303794056203247,832,0.002628209448076016,0.7439180537772087
833,0.0028977693914684277,833,0.0026955994339241188,0.7409528943998922
834,0.0028977693914684277,834,0.0026955994339241188,0.7437832738055125
835,0.0028977693914684277,835,0.0026955994339241188,0.7387964148527529
836,0.0029651593773165306,836,0.0026955994339241188,0.7441876137206012
837,0.0029651593773165306,837,0.0026955994339241188,0.7450636835366264
838,0.0029651593773165306,838,0.0026955994339241188,0.7385942448952085
839,0.0030325493631646336,839,0.0026955994339241188,0.7365725453197655
840,0.0030325493631646336,840,0.0026955994339241188,0.7435137138621201
841,0.0030325493631646336,841,0.0026955994339241188,0.738863804838601
842,0.0030999393490127366,842,0.0026955994339241188,0.7381225149942718
843,0.0030999393490127366,843,0.0026955994339241188,0.7363029853763731
844,0.0031673293348608396,844,0.0026955994339241188,0.7442550037064493
845,0.0031673293348608396,845,0.0026955994339241188,0.7406159444706517
846,0.0031673293348608396,846,0.0026955994339241188,0.7383246849518161
847,0.0031673293348608396,847,0.0026955994339241188,0.7371116652065504
848,0.0031673293348608396,848,0.0026955994339241188,0.7423680841027024
849,0.0031673293348608396,849,0.0026955994339241188,0.7387964148527529
850,0.0031673293348608396,850,0.0026955994339241188,0.7416941842442213
851,0.0032347193207089425,851,0.0026955994339241188,0.739537704697082
852,0.0032347193207089425,852,0.002628209448076016,0.7398072646404744
853,0.0032347193207089425,853,0.002628209448076016,0.7409528943998922
854,0.0032347193207089425,854,0.002628209448076016,0.740818114428196
855,0.0033021093065570455,855,0.002628209448076016,0.7383920749376642
856,0.0033021093065570455,856,0.002628209448076016,0.7423680841027024
857,0.0033021093065570455,857,0.002628209448076016,0.7418289642159175
858,0.0033021093065570455,858,0.002628209448076016,0.7407507244423479
859,0.0033694992924051485,859,0.0026955994339241188,0.7399420446121706
860,0.0034368892782532514,860,0.0026955994339241188,0.7426376440460948
861,0.0034368892782532514,861,0.0026955994339241188,0.7413572343149808
862,0.0034368892782532514,862,0.0027629894197722217,0.7370442752207021
863,0.0034368892782532514,863,0.0027629894197722217,0.7383246849518161
864,0.0034368892782532514,864,0.0027629894197722217,0.7419637441876137
865,0.0034368892782532514,865,0.0027629894197722217,0.7428398140036391
866,0.0034368892782532514,866,0.0027629894197722217,0.7423006941168543
867,0.0034368892782532514,867,0.0027629894197722217,0.7385268549093604
868,0.0034368892782532514,868,0.0027629894197722217,0.7371116652065504
869,0.0034368892782532514,869,0.0028303794056203247,0.7392681447536896
870,0.0035042792641013544,870,0.0028303794056203247,0.7416267942583732
871,0.0035042792641013544,871,0.0028303794056203247,0.742772424017791
872,0.0035042792641013544,872,0.0027629894197722217,0.7448615135790821
873,0.0035042792641013544,873,0.0027629894197722217,0.7389311948244491
874,0.0035042792641013544,874,0.0028303794056203247,0.7389311948244491
875,0.0035716692499494574,875,0.0028977693914684277,0.7405485544848036
876,0.0035716692499494574,876,0.0028977693914684277,0.7419637441876137
877,0.0036390592357975603,877,0.0028977693914684277,0.7379877350225756
878,0.0036390592357975603,878,0.0028977693914684277,0.7400094345980187
879,0.0036390592357975603,879,0.0028977693914684277,0.7400094345980187
880,0.0036390592357975603,880,0.0028977693914684277,0.7404811644989554
881,0.0036390592357975603,881,0.0028977693914684277,0.7441202237347531
882,0.0036390592357975603,882,0.0028977693914684277,0.7404137745131073
883,0.0036390592357975603,883,0.0028977693914684277,0.7423006941168543
884,0.0036390592357975603,884,0.0028977693914684277,0.738863804838601
885,0.0036390592357975603,885,0.0028977693914684277,0.7371116652065504
886,0.0036390592357975603,886,0.0028977693914684277,0.7423006941168543
887,0.0036390592357975603,887,0.0028977693914684277,0.7406159444706517
888,0.0036390592357975603,888,0.0028977693914684277,0.7373138351640947
889,0.0036390592357975603,889,0.0028977693914684277,0.7397398746546263
890,0.0036390592357975603,890,0.0028303794056203247,0.7383246849518161
891,0.0036390592357975603,891,0.0028303794056203247,0.7428398140036391
892,0.0038412291933418692,892,0.0028977693914684277,0.7381899049801199
893,0.0038412291933418692,893,0.0028977693914684277,0.7396050946829301
894,0.003908619179189972,894,0.0028977693914684277,0.7419637441876137
895,0.003908619179189972,895,0.0029651593773165306,0.7456028034234112
896,0.003908619179189972,896,0.0029651593773165306,0.7423006941168543
897,0.003908619179189972,897,0.0029651593773165306,0.7439854437630569
898,0.004043399150886178,898,0.0029651593773165306,0.742165914145158
899,0.004110789136734281,899,0.0029651593773165306,0.7424354740885505
900,0.004110789136734281,900,0.0029651593773165306,0.739537704697082
901,0.004110789136734281,901,0.0030325493631646336,0.7411550643574365
902,0.004110789136734281,902,0.0030325493631646336,0.7408855044140441
903,0.004110789136734281,903,0.0030325493631646336,0.7443223936922974
904,0.004110789136734281,904,0.0030325493631646336,0.7381225149942718
905,0.004110789136734281,905,0.0030325493631646336,0.7350225756452591
906,0.004110789136734281,906,0.0030325493631646336,0.7383920749376642
907,0.004110789136734281,907,0.0030325493631646336,0.7430419839611834
908,0.004110789136734281,908,0.0030999393490127366,0.7417615742300694
909,0.004110789136734281,909,0.0030999393490127366,0.7406833344564998
910,0.004178179122582384,910,0.0030999393490127366,0.7418289642159175
911,0.004245569108430487,911,0.0030999393490127366,0.7412224543432846
912,0.004245569108430487,912,0.0031673293348608396,0.7452658534941707
913,0.004245569108430487,913,0.0031673293348608396,0.7400768245838668
914,0.004245569108430487,914,0.0031673293348608396,0.743446323876272
915,0.004245569108430487,915,0.0031673293348608396,0.7415594042725251
916,0.004245569108430487,916,0.0031673293348608396,0.7401442145697149
917,0.004245569108430487,917,0.0031673293348608396,0.7412224543432846
918,0.004245569108430487,918,0.0031673293348608396,0.7453332434800188
919,0.004245569108430487,919,0.0031673293348608396,0.742165914145158
920,0.004245569108430487,920,0.0031673293348608396,0.742772424017791
921,0.004245569108430487,921,0.0031673293348608396,0.741492014286677
922,0.004245569108430487,922,0.0032347193207089425,0.7449289035649302
923,0.00431295909427859,923,0.0032347193207089425,0.7426376440460948
924,0.00431295909427859,924,0.0032347193207089425,0.7410876743715884
925,0.004380349080126693,925,0.0032347193207089425,0.7396050946829301
926,0.004380349080126693,926,0.0032347193207089425,0.7408855044140441
927,0.004380349080126693,927,0.0032347193207089425,0.7415594042725251
928,0.004380349080126693,928,0.0032347193207089425,0.7419637441876137
929,0.004380349080126693,929,0.0032347193207089425,0.7410876743715884
930,0.004380349080126693,930,0.0032347193207089425,0.7366399353056136
931,0.004380349080126693,931,0.0032347193207089425,0.7422333041310061
932,0.00431295909427859,932,0.0032347193207089425,0.7374486151357909
933,0.00431295909427859,933,0.0032347193207089425,0.737516005121639
934,0.00431295909427859,934,0.0033021093065570455,0.7437832738055125
935,0.004447739065974796,935,0.0033694992924051485,0.7427050340319429
936,0.004447739065974796,936,0.0033694992924051485,0.7418289642159175
937,0.004447739065974796,937,0.0034368892782532514,0.7411550643574365
938,0.004582519037671002,938,0.0035042792641013544,0.7479614529280949
939,0.004582519037671002,939,0.0035042792641013544,0.7410876743715884
940,0.004649909023519105,940,0.0035042792641013544,0.7405485544848036
941,0.004649909023519105,941,0.0035042792641013544,0.741492014286677
942,0.004717299009367208,942,0.0035716692499494574,0.7435811038479682
943,0.004717299009367208,943,0.0035716692499494574,0.7397398746546263
944,0.004717299009367208,944,0.0035716692499494574,0.7424354740885505
945,0.004784688995215311,945,0.0035716692499494574,0.7403463845272592
946,0.004784688995215311,946,0.0035716692499494574,0.7411550643574365
947,0.004784688995215311,947,0.0035716692499494574,0.7424354740885505
948,0.004784688995215311,948,0.0035716692499494574,0.7435811038479682
949,0.004784688995215311,949,0.0035716692499494574,0.7379877350225756
950,0.004784688995215311,950,0.0035716692499494574,0.740211604555563
951,0.004852078981063414,951,0.0035716692499494574,0.7402789945414111
952,0.004852078981063414,952,0.0035716692499494574,0.7470179931262214
953,0.004852078981063414,953,0.0035716692499494574,0.7503874924186266
954,0.004852078981063414,954,0.0035716692499494574,0.736976885234854
955,0.004919468966911517,955,0.0035716692499494574,0.7498483725318418
956,0.004919468966911517,956,0.0035716692499494574,0.7425702540602467
957,0.004919468966911517,957,0.0035716692499494574,0.7371790551923985
958,0.004919468966911517,958,0.0035716692499494574,0.7420311341734618
959,0.00498685895275962,959,0.0035716692499494574,0.738257294965968
960,0.00498685895275962,960,0.0035716692499494574,0.7420311341734618
961,0.00498685895275962,961,0.0035716692499494574,0.7414246243008289
962,0.00498685895275962,962,0.0035716692499494574,0.7412898443291327
963,0.00498685895275962,963,0.0035716692499494574,0.7420311341734618
964,0.00498685895275962,964,0.0036390592357975603,0.7419637441876137
965,0.00498685895275962,965,0.0036390592357975603,0.7385942448952085
966,0.00498685895275962,966,0.0036390592357975603,0.7407507244423479
967,0.00498685895275962,967,0.0036390592357975603,0.7429072039894872
968,0.00498685895275962,968,0.0036390592357975603,0.7466136532111328
969,0.00498685895275962,969,0.0036390592357975603,0.7427050340319429
970,0.00498685895275962,970,0.0036390592357975603,0.7374486151357909
971,0.00498685895275962,971,0.0036390592357975603,0.744726733607386
972,0.00498685895275962,972,0.0036390592357975603,0.7405485544848036
973,0.005054248938607723,973,0.0036390592357975603,0.7408855044140441
974,0.005054248938607723,974,0.0037064492216456633,0.7379877350225756
975,0.005054248938607723,975,0.0037064492216456633,0.7398072646404744
976,0.005054248938607723,976,0.0037064492216456633,0.7436484938338163
977,0.005054248938607723,977,0.0037738392074937663,0.7372464451782466
978,0.005054248938607723,978,0.0037738392074937663,0.7410876743715884
979,0.005189028910303929,979,0.0037738392074937663,0.7423006941168543
980,0.005189028910303929,980,0.0037738392074937663,0.7393355347395377
981,0.005189028910303929,981,0.0037738392074937663,0.7398072646404744
982,0.005323808882000135,982,0.0037064492216456633,0.7378529550508794
983,0.0053911988678482375,983,0.0037064492216456633,0.7443897836781455
984,0.0053911988678482375,984,0.0037738392074937663,0.7370442752207021
985,0.0053911988678482375,985,0.0037738392074937663,0.7379203450367275
986,0.0055259788395444435,986,0.0037738392074937663,0.7425702540602467
987,0.0055259788395444435,987,0.0037738392074937663,0.7389985848102972
988,0.0055259788395444435,988,0.0038412291933418692,0.7422333041310061
989,0.0055259788395444435,989,0.0038412291933418692,0.7503201024327785
990,0.0055259788395444435,990,0.0038412291933418692,0.7332704360132084
991,0.0055259788395444435,991,0.0038412291933418692,0.7392007547678415
992,0.0055259788395444435,992,0.0038412291933418692,0.7383920749376642
993,0.0055259788395444435,993,0.0038412291933418692,0.7407507244423479
994,0.0055259788395444435,994,0.003908619179189972,0.740818114428196
995,0.0055259788395444435,995,0.003908619179189972,0.737516005121639
996,0.0055259788395444435,996,0.003908619179189972,0.7396050946829301
997,0.0055259788395444435,997,0.003908619179189972,0.738257294965968
998,0.0055259788395444435,998,0.003908619179189972,0.7403463845272592
999,0.0055259788395444435,999,0.003908619179189972,0.7364377653480693
1000,0.0055259788395444435,1000,0.003908619179189972,0.7400768245838668
1001,0.0016847496462025742,1001,0.0018869196037468831,0.7425702540602467
1002,0.0016847496462025742,1002,0.0018869196037468831,0.7396724846687782
1003,0.0016847496462025742,1003,0.0018869196037468831,0.7418289642159175
1004,0.0016847496462025742,1004,0.0018869196037468831,0.7356290855178921
1005,0.0016847496462025742,1005,0.0018869196037468831,0.7432441539187277
1006,0.0017521396320506772,1006,0.0018869196037468831,0.740818114428196
1007,0.0017521396320506772,1007,0.0018869196037468831,0.7407507244423479
1008,0.0018195296178987802,1008,0.0018869196037468831,0.741492014286677
1009,0.0018195296178987802,1009,0.0018869196037468831,0.7408855044140441
1010,0.0018869196037468831,1010,0.0018869196037468831,0.7423006941168543
1011,0.0018869196037468831,1011,0.001954309589594986,0.7366399353056136
1012,0.0018869196037468831,1012,0.001954309589594986,0.7377855650650313
1013,0.0018869196037468831,1013,0.001954309589594986,0.7363703753622212
1014,0.0018869196037468831,1014,0.001954309589594986,0.737583395107487
1015,0.001954309589594986,1015,0.001954309589594986,0.7451984635083226
1016,0.002021699575443089,1016,0.0018869196037468831,0.7376507850933351
1017,0.002021699575443089,1017,0.0018869196037468831,0.7408855044140441
1018,0.002021699575443089,1018,0.001954309589594986,0.738257294965968
1019,0.002021699575443089,1019,0.001954309589594986,0.7468832131545252
1020,0.002021699575443089,1020,0.002089089561291192,0.7458723633668037
1021,0.002089089561291192,1021,0.002089089561291192,0.7449289035649302
1022,0.002089089561291192,1022,0.002089089561291192,0.7381225149942718
1023,0.002089089561291192,1023,0.002089089561291192,0.7380551250084237
1024,0.002089089561291192,1024,0.002089089561291192,0.7437158838196644
1025,0.002089089561291192,1025,0.002089089561291192,0.7429745939753353
1026,0.002089089561291192,1026,0.002089089561291192,0.7403463845272592
1027,0.002156479547139295,1027,0.002156479547139295,0.7435137138621201
1028,0.002156479547139295,1028,0.002156479547139295,0.743446323876272
1029,0.002156479547139295,1029,0.002156479547139295,0.7334052159849046
1030,0.002156479547139295,1030,0.002223869532987398,0.7385268549093604
1031,0.002156479547139295,1031,0.002223869532987398,0.7389985848102972
1032,0.002156479547139295,1032,0.002223869532987398,0.7401442145697149
1033,0.002223869532987398,1033,0.002223869532987398,0.736976885234854
1034,0.002291259518835501,1034,0.002223869532987398,0.7392681447536896
1035,0.002358649504683604,1035,0.002223869532987398,0.736235595390525
1036,0.002358649504683604,1036,0.002223869532987398,0.7394703147112339
1037,0.002358649504683604,1037,0.002223869532987398,0.7415594042725251
1038,0.002358649504683604,1038,0.002223869532987398,0.7427050340319429
1039,0.002358649504683604,1039,0.002223869532987398,0.736976885234854
1040,0.002358649504683604,1040,0.002223869532987398,0.7429072039894872
1041,0.002358649504683604,1041,0.002223869532987398,0.7425702540602467
1042,0.002358649504683604,1042,0.002223869532987398,0.7385942448952085
1043,0.002358649504683604,1043,0.002223869532987398,0.739537704697082
1044,0.002358649504683604,1044,0.002223869532987398,0.7432441539187277
1045,0.002358649504683604,1045,0.002223869532987398,0.7403463845272592
1046,0.002358649504683604,1046,0.002223869532987398,0.7399420446121706
1047,0.002358649504683604,1047,0.002223869532987398,0.7424354740885505
1048,0.002358649504683604,1048,0.002223869532987398,0.7379877350225756
1049,0.002358649504683604,1049,0.002223869532987398,0.7396724846687782
1050,0.002426039490531707,1050,0.002223869532987398,0.7433789338904239
1051,0.002426039490531707,1051,0.002223869532987398,0.7411550643574365
1052,0.002426039490531707,1052,0.002223869532987398,0.7373138351640947
1053,0.002426039490531707,1053,0.002223869532987398,0.7364377653480693
1054,0.002426039490531707,1054,0.002223869532987398,0.7398072646404744
1055,0.002560819462227913,1055,0.002358649504683604,0.7419637441876137
1056,0.002560819462227913,1056,0.002358649504683604,0.740211604555563
1057,0.002560819462227913,1057,0.002358649504683604,0.7387964148527529
1058,0.002560819462227913,1058,0.002358649504683604,0.7379203450367275
1059,0.002560819462227913,1059,0.002358649504683604,0.7370442752207021
1060,0.002560819462227913,1060,0.002426039490531707,0.7347530157018667
1061,0.002628209448076016,1061,0.002426039490531707,0.7416941842442213
1062,0.002628209448076016,1062,0.002426039490531707,0.7367073252914617
1063,0.002560819462227913,1063,0.002426039490531707,0.7398746546263225
1064,0.002628209448076016,1064,0.002426039490531707,0.7443897836781455
1065,0.002628209448076016,1065,0.002426039490531707,0.7403463845272592
1066,0.002628209448076016,1066,0.002426039490531707,0.7400094345980187
1067,0.0026955994339241188,1067,0.002426039490531707,0.7379203450367275
1068,0.0027629894197722217,1068,0.002426039490531707,0.7347530157018667
1069,0.0027629894197722217,1069,0.002426039490531707,0.7431767639328796
1070,0.0027629894197722217,1070,0.002426039490531707,0.7441202237347531
1071,0.0026955994339241188,1071,0.00249342947637981,0.741492014286677
1072,0.0026955994339241188,1072,0.00249342947637981,0.7392007547678415
1073,0.0027629894197722217,1073,0.00249342947637981,0.7374486151357909
1074,0.0027629894197722217,1074,0.00249342947637981,0.7377181750791832
1075,0.0028303794056203247,1075,0.00249342947637981,0.7404811644989554
1076,0.0028303794056203247,1076,0.00249342947637981,0.7406159444706517
1077,0.0028977693914684277,1077,0.00249342947637981,0.7408855044140441
1078,0.0028977693914684277,1078,0.00249342947637981,0.7419637441876137
1079,0.0029651593773165306,1079,0.00249342947637981,0.742165914145158
1080,0.0029651593773165306,1080,0.00249342947637981,0.7417615742300694
1081,0.0029651593773165306,1081,0.00249342947637981,0.7396724846687782
1082,0.0029651593773165306,1082,0.00249342947637981,0.7405485544848036
1083,0.0029651593773165306,1083,0.00249342947637981,0.7392681447536896
1084,0.0029651593773165306,1084,0.002560819462227913,0.7437832738055125
1085,0.0029651593773165306,1085,0.002560819462227913,0.7439854437630569
1086,0.0029651593773165306,1086,0.002560819462227913,0.7422333041310061
1087,0.0029651593773165306,1087,0.0026955994339241188,0.7422333041310061
1088,0.0029651593773165306,1088,0.0026955994339241188,0.7385942448952085
1089,0.0029651593773165306,1089,0.0026955994339241188,0.7352921355886515
1090,0.0029651593773165306,1090,0.0026955994339241188,0.7431093739470315
1091,0.0029651593773165306,1091,0.0026955994339241188,0.7436484938338163
1092,0.0029651593773165306,1092,0.0026955994339241188,0.7385942448952085
1093,0.0029651593773165306,1093,0.0026955994339241188,0.7402789945414111
1094,0.0029651593773165306,1094,0.0026955994339241188,0.7425702540602467
1095,0.0029651593773165306,1095,0.0026955994339241188,0.7406833344564998
1096,0.0029651593773165306,1096,0.0026955994339241188,0.7389311948244491
1097,0.0030325493631646336,1097,0.0026955994339241188,0.7416941842442213
1098,0.0030999393490127366,1098,0.0026955994339241188,0.7385268549093604
1099,0.0030999393490127366,1099,0.0026955994339241188,0.7422333041310061
1100,0.0030999393490127366,1100,0.0026955994339241188,0.740818114428196
1101,0.0030999393490127366,1101,0.0026955994339241188,0.7370442752207021
1102,0.0030999393490127366,1102,0.0026955994339241188,0.7398746546263225
1103,0.0030999393490127366,1103,0.0027629894197722217,0.7417615742300694
1104,0.0030999393490127366,1104,0.0027629894197722217,0.741492014286677
1105,0.0030999393490127366,1105,0.0027629894197722217,0.7387964148527529
1106,0.0030999393490127366,1106,0.0027629894197722217,0.7428398140036391
1107,0.0030999393490127366,1107,0.0027629894197722217,0.7401442145697149
1108,0.0030999393490127366,1108,0.0028303794056203247,0.7414246243008289
1109,0.0030999393490127366,1109,0.0028303794056203247,0.7397398746546263
1110,0.0030999393490127366,1110,0.0028303794056203247,0.7404811644989554
1111,0.0030999393490127366,1111,0.0028303794056203247,0.7408855044140441
1112,0.0030999393490127366,1112,0.0028303794056203247,0.7378529550508794
1113,0.0030999393490127366,1113,0.0028303794056203247,0.7387964148527529
1114,0.0030999393490127366,1114,0.0028303794056203247,0.736976885234854
1115,0.0030999393490127366,1115,0.0028303794056203247,0.7418289642159175
1116,0.0031673293348608396,1116,0.0028303794056203247,0.7410876743715884
1117,0.0032347193207089425,1117,0.0028303794056203247,0.7406833344564998
1118,0.0032347193207089425,1118,0.0028303794056203247,0.7387290248669047
1119,0.0032347193207089425,1119,0.0028303794056203247,0.7405485544848036
1120,0.0032347193207089425,1120,0.0028303794056203247,0.7411550643574365
1121,0.0032347193207089425,1121,0.0028303794056203247,0.7390659747961453
1122,0.0033694992924051485,1122,0.0028303794056203247,0.7416267942583732
1123,0.0033694992924051485,1123,0.0028303794056203247,0.7439180537772087
1124,0.0033694992924051485,1124,0.0028303794056203247,0.7385268549093604
1125,0.0034368892782532514,1125,0.0028303794056203247,0.7397398746546263
1126,0.0034368892782532514,1126,0.0028303794056203247,0.7412898443291327
1127,0.0034368892782532514,1127,0.0028303794056203247,0.7398746546263225
1128,0.0034368892782532514,1128,0.0028977693914684277,0.7389985848102972
1129,0.0035042792641013544,1129,0.0028977693914684277,0.7381225149942718
1130,0.0035042792641013544,1130,0.0028977693914684277,0.7383920749376642
1131,0.0035042792641013544,1131,0.0028977693914684277,0.7426376440460948
1132,0.0035716692499494574,1132,0.0029651593773165306,0.7404811644989554
1133,0.0035716692499494574,1133,0.0029651593773165306,0.7412898443291327
1134,0.0035716692499494574,1134,0.0029651593773165306,0.7398746546263225
1135,0.0035716692499494574,1135,0.0028977693914684277,0.7409528943998922
1136,0.0035716692499494574,1136,0.0028977693914684277,0.7409528943998922
1137,0.0035716692499494574,1137,0.0028977693914684277,0.7394029247253858
1138,0.0035716692499494574,1138,0.0028977693914684277,0.7402789945414111
1139,0.0035716692499494574,1139,0.0028977693914684277,0.7433789338904239
1140,0.0035716692499494574,1140,0.0028977693914684277,0.739537704697082
1141,0.0035716692499494574,1141,0.0028977693914684277,0.7365051553339174
1142,0.0035716692499494574,1142,0.0028977693914684277,0.7425028640743986
1143,0.0035716692499494574,1143,0.0028977693914684277,0.7392007547678415
1144,0.0035716692499494574,1144,0.0028977693914684277,0.7425028640743986
1145,0.0035716692499494574,1145,0.0028977693914684277,0.7348877956735629
1146,0.0035716692499494574,1146,0.0028977693914684277,0.7435137138621201
1147,0.0035716692499494574,1147,0.0028977693914684277,0.740818114428196
1148,0.0035716692499494574,1148,0.0028977693914684277,0.7377181750791832
1149,0.0035716692499494574,1149,0.0029651593773165306,0.7400768245838668
1150,0.0035716692499494574,1150,0.0029651593773165306,0.7403463845272592
1151,0.0035716692499494574,1151,0.0029651593773165306,0.7377181750791832
1152,0.0036390592357975603,1152,0.0029651593773165306,0.7366399353056136
1153,0.0036390592357975603,1153,0.0029651593773165306,0.7437832738055125
1154,0.0036390592357975603,1154,0.0030999393490127366,0.738863804838601
1155,0.0036390592357975603,1155,0.0030999393490127366,0.7383920749376642
1156,0.0036390592357975603,1156,0.0030999393490127366,0.7391333647819934
1157,0.0036390592357975603,1157,0.0030325493631646336,0.7471527730979176
1158,0.0036390592357975603,1158,0.0030325493631646336,0.7400768245838668
1159,0.0036390592357975603,1159,0.0030325493631646336,0.7354269155603478
1160,0.0036390592357975603,1160,0.0030325493631646336,0.744794123593234
1161,0.0036390592357975603,1161,0.0030325493631646336,0.7401442145697149
1162,0.0037064492216456633,1162,0.0030325493631646336,0.7444571736639936
1163,0.0037064492216456633,1163,0.0030325493631646336,0.7407507244423479
1164,0.0037064492216456633,1164,0.0030325493631646336,0.7428398140036391
1165,0.0037738392074937663,1165,0.0030325493631646336,0.7442550037064493
1166,0.0037738392074937663,1166,0.0030325493631646336,0.7418963542017656
1167,0.0037738392074937663,1167,0.0030325493631646336,0.7398746546263225
1168,0.0037738392074937663,1168,0.0030325493631646336,0.744726733607386
1169,0.0037738392074937663,1169,0.0030325493631646336,0.7371116652065504
1170,0.0037738392074937663,1170,0.0030999393490127366,0.7423680841027024
1171,0.0037738392074937663,1171,0.0030999393490127366,0.7420985241593099
1172,0.0037738392074937663,1172,0.0030999393490127366,0.7427050340319429
1173,0.0037738392074937663,1173,0.0030999393490127366,0.743446323876272
1174,0.0037738392074937663,1174,0.0030999393490127366,0.7356964755037402
1175,0.0038412291933418692,1175,0.0030999393490127366,0.7468832131545252
1176,0.003908619179189972,1176,0.0030999393490127366,0.7374486151357909
1177,0.003908619179189972,1177,0.0030999393490127366,0.7420985241593099
1178,0.003908619179189972,1178,0.0030999393490127366,0.7377855650650313
1179,0.003908619179189972,1179,0.0030999393490127366,0.7398746546263225
1180,0.003908619179189972,1180,0.0030999393490127366,0.7392007547678415
1181,0.003908619179189972,1181,0.0030999393490127366,0.7370442752207021
1182,0.003908619179189972,1182,0.0030999393490127366,0.7396050946829301
1183,0.003908619179189972,1183,0.0030999393490127366,0.7373138351640947
1184,0.003908619179189972,1184,0.0030999393490127366,0.7429745939753353
1185,0.003908619179189972,1185,0.0030999393490127366,0.7397398746546263
1186,0.003908619179189972,1186,0.0030999393490127366,0.7407507244423479
1187,0.003908619179189972,1187,0.0030999393490127366,0.7373812251499428
1188,0.003908619179189972,1188,0.0031673293348608396,0.7374486151357909
1189,0.003908619179189972,1189,0.0031673293348608396,0.737583395107487
1190,0.003908619179189972,1190,0.0031673293348608396,0.7428398140036391
1191,0.003908619179189972,1191,0.0031673293348608396,0.7400094345980187
1192,0.003908619179189972,1192,0.0031673293348608396,0.7394029247253858
1193,0.003908619179189972,1193,0.0031673293348608396,0.7438506637913606
1194,0.003976009165038075,1194,0.0031673293348608396,0.7384594649235123
1195,0.004043399150886178,1195,0.0031673293348608396,0.741492014286677
1196,0.004043399150886178,1196,0.0032347193207089425,0.7367073252914617
1197,0.004110789136734281,1197,0.0032347193207089425,0.7411550643574365
1198,0.004110789136734281,1198,0.0032347193207089425,0.7445245636498417
1199,0.004110789136734281,1199,0.0032347193207089425,0.7474897230271582
1200,0.004178179122582384,1200,0.0032347193207089425,0.743446323876272
1201,0.004178179122582384,1201,0.0033694992924051485,0.7435137138621201
1202,0.004245569108430487,1202,0.0033694992924051485,0.7433789338904239
1203,0.004245569108430487,1203,0.0033694992924051485,0.7437158838196644
1204,0.00431295909427859,1204,0.0033694992924051485,0.7430419839611834
1205,0.00431295909427859,1205,0.0033694992924051485,0.7392007547678415
1206,0.00431295909427859,1206,0.0035042792641013544,0.7408855044140441
1207,0.00431295909427859,1207,0.0035042792641013544,0.7431767639328796
1208,0.00431295909427859,1208,0.0035042792641013544,0.7417615742300694
1209,0.00431295909427859,1209,0.0035042792641013544,0.7429745939753353
1210,0.00431295909427859,1210,0.0035042792641013544,0.7363029853763731
1211,0.00431295909427859,1211,0.0035042792641013544,0.7432441539187277
1212,0.00431295909427859,1212,0.0035042792641013544,0.7436484938338163
1213,0.00431295909427859,1213,0.0035716692499494574,0.7389311948244491
1214,0.00431295909427859,1214,0.0035716692499494574,0.7379877350225756
1215,0.00431295909427859,1215,0.0035716692499494574,0.7445245636498417
1216,0.00431295909427859,1216,0.0035716692499494574,0.7396050946829301
1217,0.00431295909427859,1217,0.0035716692499494574,0.7449962935507783
1218,0.00431295909427859,1218,0.0035716692499494574,0.738863804838601
1219,0.00431295909427859,1219,0.0035716692499494574,0.7462093132960442
1220,0.00431295909427859,1220,0.0035716692499494574,0.7417615742300694
1221,0.00431295909427859,1221,0.0035716692499494574,0.7397398746546263
1222,0.004447739065974796,1222,0.0035042792641013544,0.7400768245838668
1223,0.004447739065974796,1223,0.0035042792641013544,0.7385268549093604
1224,0.004515129051822899,1224,0.0035042792641013544,0.744726733607386
1225,0.004515129051822899,1225,0.0035042792641013544,0.7383246849518161
1226,0.004515129051822899,1226,0.0035042792641013544,0.7412224543432846
1227,0.004515129051822899,1227,0.0035042792641013544,0.7399420446121706
1228,0.004515129051822899,1228,0.0035042792641013544,0.7429745939753353
1229,0.004515129051822899,1229,0.0035042792641013544,0.7424354740885505
1230,0.004515129051822899,1230,0.0035042792641013544,0.7399420446121706
1231,0.004515129051822899,1231,0.0035042792641013544,0.7397398746546263
1232,0.004515129051822899,1232,0.0035042792641013544,0.740211604555563
1233,0.004515129051822899,1233,0.0035042792641013544,0.7367747152773098
1234,0.004515129051822899,1234,0.0035042792641013544,0.7414246243008289
1235,0.004515129051822899,1235,0.0035716692499494574,0.741492014286677
1236,0.004515129051822899,1236,0.0035716692499494574,0.7406833344564998
1237,0.004515129051822899,1237,0.0035716692499494574,0.7394029247253858
1238,0.004515129051822899,1238,0.0035716692499494574,0.7383920749376642
1239,0.004515129051822899,1239,0.0036390592357975603,0.7391333647819934
1240,0.004515129051822899,1240,0.0036390592357975603,0.7364377653480693
1241,0.004515129051822899,1241,0.0036390592357975603,0.7391333647819934
1242,0.004515129051822899,1242,0.0037738392074937663,0.7390659747961453
1243,0.004515129051822899,1243,0.0037738392074937663,0.735561695532044
1244,0.004582519037671002,1244,0.003908619179189972,0.7376507850933351
1245,0.004582519037671002,1245,0.003908619179189972,0.7418289642159175
1246,0.004649909023519105,1246,0.003976009165038075,0.7416267942583732
1247,0.004717299009367208,1247,0.003976009165038075,0.7443223936922974
1248,0.004717299009367208,1248,0.003976009165038075,0.7368421052631579
1249,0.004717299009367208,1249,0.003976009165038075,0.7386616348810566
1250,0.004717299009367208,1250,0.0038412291933418692,0.7431767639328796
1251,0.0016847496462025742,1251,0.0016173596603544713,0.7424354740885505
1252,0.0016847496462025742,1252,0.0016847496462025742,0.7373138351640947
1253,0.0016847496462025742,1253,0.0016847496462025742,0.7429072039894872
1254,0.0016847496462025742,1254,0.0016847496462025742,0.7373812251499428
1255,0.0017521396320506772,1255,0.0017521396320506772,0.7383920749376642
1256,0.0017521396320506772,1256,0.0017521396320506772,0.7396724846687782
1257,0.0017521396320506772,1257,0.0017521396320506772,0.7374486151357909
1258,0.0017521396320506772,1258,0.0017521396320506772,0.7410202843857403
1259,0.0017521396320506772,1259,0.0018869196037468831,0.738257294965968
1260,0.0017521396320506772,1260,0.0018869196037468831,0.7426376440460948
1261,0.0018195296178987802,1261,0.001954309589594986,0.7384594649235123
1262,0.0018195296178987802,1262,0.001954309589594986,0.740211604555563
1263,0.0018195296178987802,1263,0.001954309589594986,0.7412898443291327
1264,0.0018869196037468831,1264,0.001954309589594986,0.7383246849518161
1265,0.0018869196037468831,1265,0.001954309589594986,0.7422333041310061
1266,0.0018869196037468831,1266,0.001954309589594986,0.7387964148527529
1267,0.0018869196037468831,1267,0.001954309589594986,0.7404137745131073
1268,0.0018869196037468831,1268,0.002021699575443089,0.7433789338904239
1269,0.002021699575443089,1269,0.002021699575443089,0.7424354740885505
1270,0.002021699575443089,1270,0.002021699575443089,0.7405485544848036
1271,0.002089089561291192,1271,0.002021699575443089,0.7416267942583732
1272,0.002089089561291192,1272,0.002021699575443089,0.7407507244423479
1273,0.002089089561291192,1273,0.002021699575443089,0.7383920749376642
1274,0.002089089561291192,1274,0.002089089561291192,0.7350899656311072
1275,0.002089089561291192,1275,0.002089089561291192,0.7460071433384999
1276,0.002089089561291192,1276,0.002089089561291192,0.7416267942583732
1277,0.002089089561291192,1277,0.002089089561291192,0.7396724846687782
1278,0.002089089561291192,1278,0.002089089561291192,0.7404811644989554
1279,0.002156479547139295,1279,0.002089089561291192,0.7408855044140441
1280,0.002156479547139295,1280,0.002089089561291192,0.7399420446121706
1281,0.002223869532987398,1281,0.002089089561291192,0.7398746546263225
1282,0.002223869532987398,1282,0.002089089561291192,0.7400768245838668
1283,0.002223869532987398,1283,0.002089089561291192,0.7432441539187277
1284,0.002223869532987398,1284,0.002089089561291192,0.7408855044140441
1285,0.002223869532987398,1285,0.002089089561291192,0.7413572343149808
1286,0.002223869532987398,1286,0.002089089561291192,0.7412224543432846
1287,0.002223869532987398,1287,0.002089089561291192,0.7416267942583732
1288,0.002223869532987398,1288,0.002089089561291192,0.7387964148527529
1289,0.002291259518835501,1289,0.002089089561291192,0.7403463845272592
1290,0.002426039490531707,1290,0.002089089561291192,0.7397398746546263
1291,0.002426039490531707,1291,0.002089089561291192,0.742772424017791
1292,0.002426039490531707,1292,0.002089089561291192,0.7424354740885505
1293,0.002426039490531707,1293,0.002089089561291192,0.7373138351640947
1294,0.002426039490531707,1294,0.002089089561291192,0.7377855650650313
1295,0.002426039490531707,1295,0.002089089561291192,0.7415594042725251
1296,0.002426039490531707,1296,0.002089089561291192,0.7418963542017656
1297,0.002426039490531707,1297,0.002089089561291192,0.7406833344564998
1298,0.002426039490531707,1298,0.002089089561291192,0.7394703147112339
1299,0.00249342947637981,1299,0.002089089561291192,0.7376507850933351
1300,0.00249342947637981,1300,0.002089089561291192,0.7415594042725251
1301,0.00249342947637981,1301,0.002089089561291192,0.742165914145158
1302,0.00249342947637981,1302,0.002089089561291192,0.744794123593234
1303,0.00249342947637981,1303,0.002089089561291192,0.7410202843857403
1304,0.00249342947637981,1304,0.002089089561291192,0.7412224543432846
1305,0.00249342947637981,1305,0.002089089561291192,0.7451310735224745
1306,0.00249342947637981,1306,0.002089089561291192,0.7446593436215379
1307,0.00249342947637981,1307,0.002089089561291192,0.7396050946829301
1308,0.00249342947637981,1308,0.002089089561291192,0.7458049733809556
1309,0.00249342947637981,1309,0.002089089561291192,0.7394703147112339
1310,0.00249342947637981,1310,0.002089089561291192,0.7466136532111328
1311,0.00249342947637981,1311,0.002089089561291192,0.7409528943998922
1312,0.00249342947637981,1312,0.002089089561291192,0.7392681447536896
1313,0.00249342947637981,1313,0.002156479547139295,0.7403463845272592
1314,0.00249342947637981,1314,0.002156479547139295,0.7418289642159175
1315,0.00249342947637981,1315,0.002156479547139295,0.7392681447536896
1316,0.00249342947637981,1316,0.002156479547139295,0.7404137745131073
1317,0.00249342947637981,1317,0.002156479547139295,0.7422333041310061
1318,0.00249342947637981,1318,0.002156479547139295,0.7393355347395377
1319,0.002560819462227913,1319,0.002223869532987398,0.7406833344564998
1320,0.002560819462227913,1320,0.002223869532987398,0.7422333041310061
1321,0.002560819462227913,1321,0.002223869532987398,0.7406833344564998
1322,0.002560819462227913,1322,0.002223869532987398,0.7389311948244491
1323,0.002560819462227913,1323,0.002223869532987398,0.7410202843857403
1324,0.002560819462227913,1324,0.002223869532987398,0.7400768245838668
1325,0.002628209448076016,1325,0.002223869532987398,0.7381899049801199
1326,0.002628209448076016,1326,0.002223869532987398,0.7389985848102972
1327,0.002628209448076016,1327,0.002223869532987398,0.7368421052631579
1328,0.002628209448076016,1328,0.002223869532987398,0.7412224543432846
1329,0.002628209448076016,1329,0.002223869532987398,0.7413572343149808
1330,0.0026955994339241188,1330,0.002223869532987398,0.7417615742300694
1331,0.0026955994339241188,1331,0.002223869532987398,0.7397398746546263
1332,0.0027629894197722217,1332,0.002223869532987398,0.7435811038479682
1333,0.0028303794056203247,1333,0.002223869532987398,0.7406159444706517
1334,0.0028303794056203247,1334,0.002291259518835501,0.7412224543432846
1335,0.0028303794056203247,1335,0.002291259518835501,0.7409528943998922
1336,0.0028303794056203247,1336,0.002291259518835501,0.7392681447536896
1337,0.0028303794056203247,1337,0.002291259518835501,0.7420985241593099
1338,0.0028303794056203247,1338,0.002291259518835501,0.7462767032818923
1339,0.0028303794056203247,1339,0.002291259518835501,0.7367073252914617
1340,0.0028303794056203247,1340,0.002291259518835501,0.7384594649235123
1341,0.0028303794056203247,1341,0.002358649504683604,0.7432441539187277
1342,0.0028977693914684277,1342,0.002358649504683604,0.7438506637913606
1343,0.0028977693914684277,1343,0.002358649504683604,0.734955185659411
1344,0.0029651593773165306,1344,0.002358649504683604,0.739537704697082
1345,0.0029651593773165306,1345,0.002426039490531707,0.7371116652065504
1346,0.0030325493631646336,1346,0.002426039490531707,0.7376507850933351
1347,0.0030325493631646336,1347,0.002426039490531707,0.7385268549093604
1348,0.0030325493631646336,1348,0.002426039490531707,0.7387290248669047
1349,0.0030325493631646336,1349,0.002426039490531707,0.7438506637913606
1350,0.0030325493631646336,1350,0.002426039490531707,0.7401442145697149
1351,0.0030325493631646336,1351,0.002426039490531707,0.7411550643574365
1352,0.0030325493631646336,1352,0.002426039490531707,0.7449962935507783
1353,0.0030325493631646336,1353,0.002426039490531707,0.7367073252914617
1354,0.0030999393490127366,1354,0.00249342947637981,0.7392681447536896
1355,0.0030999393490127366,1355,0.00249342947637981,0.7428398140036391
1356,0.0030999393490127366,1356,0.00249342947637981,0.7423680841027024
1357,0.0030999393490127366,1357,0.00249342947637981,0.7406833344564998
1358,0.0030999393490127366,1358,0.00249342947637981,0.7387290248669047
1359,0.0030999393490127366,1359,0.00249342947637981,0.7438506637913606
1360,0.0030999393490127366,1360,0.00249342947637981,0.7394703147112339
1361,0.0030999393490127366,1361,0.00249342947637981,0.742165914145158
1362,0.0030999393490127366,1362,0.002560819462227913,0.7438506637913606
1363,0.0030999393490127366,1363,0.002560819462227913,0.7397398746546263
1364,0.0030999393490127366,1364,0.002560819462227913,0.7390659747961453
1365,0.0030999393490127366,1365,0.002560819462227913,0.7446593436215379
1366,0.0030999393490127366,1366,0.002628209448076016,0.7418289642159175
1367,0.0030999393490127366,1367,0.002628209448076016,0.7376507850933351
1368,0.0030999393490127366,1368,0.002628209448076016,0.7412224543432846
1369,0.0031673293348608396,1369,0.0026955994339241188,0.7402789945414111
1370,0.0031673293348608396,1370,0.0026955994339241188,0.7403463845272592
1371,0.0031673293348608396,1371,0.0026955994339241188,0.7416941842442213
1372,0.0031673293348608396,1372,0.0027629894197722217,0.7404811644989554
1373,0.0031673293348608396,1373,0.0028303794056203247,0.7373812251499428
1374,0.0031673293348608396,1374,0.0028303794056203247,0.7441202237347531
1375,0.0031673293348608396,1375,0.0028303794056203247,0.7422333041310061
1376,0.0031673293348608396,1376,0.0028303794056203247,0.7422333041310061
1377,0.0031673293348608396,1377,0.0028303794056203247,0.7432441539187277
1378,0.0031673293348608396,1378,0.0028977693914684277,0.7387290248669047
1379,0.0031673293348608396,1379,0.0028303794056203247,0.7396724846687782
1380,0.0031673293348608396,1380,0.0028303794056203247,0.7408855044140441
1381,0.0031673293348608396,1381,0.0028303794056203247,0.7385942448952085
1382,0.0031673293348608396,1382,0.0028977693914684277,0.7463440932677404
1383,0.0031673293348608396,1383,0.0028977693914684277,0.7404811644989554
1384,0.0031673293348608396,1384,0.0028977693914684277,0.738863804838601
1385,0.0031673293348608396,1385,0.0028977693914684277,0.7371790551923985
1386,0.0031673293348608396,1386,0.0028977693914684277,0.7464114832535885
1387,0.0031673293348608396,1387,0.0028303794056203247,0.7451310735224745
1388,0.0031673293348608396,1388,0.0028977693914684277,0.7394029247253858
1389,0.0031673293348608396,1389,0.0028977693914684277,0.7433789338904239
1390,0.0031673293348608396,1390,0.0028977693914684277,0.7390659747961453
1391,0.0031673293348608396,1391,0.0028977693914684277,0.7371790551923985
1392,0.0032347193207089425,1392,0.0029651593773165306,0.7436484938338163
1393,0.0032347193207089425,1393,0.0029651593773165306,0.7404137745131073
1394,0.0032347193207089425,1394,0.0029651593773165306,0.7426376440460948
1395,0.0033021093065570455,1395,0.0029651593773165306,0.7406833344564998
1396,0.0033021093065570455,1396,0.0029651593773165306,0.7429745939753353
1397,0.0033021093065570455,1397,0.0029651593773165306,0.7407507244423479
1398,0.0035042792641013544,1398,0.0029651593773165306,0.744794123593234
1399,0.0035042792641013544,1399,0.0030325493631646336,0.7338095558999933
1400,0.0035042792641013544,1400,0.0030325493631646336,0.7430419839611834
1401,0.0035042792641013544,1401,0.0030325493631646336,0.740818114428196
1402,0.0035042792641013544,1402,0.0030325493631646336,0.7365725453197655
1403,0.0035716692499494574,1403,0.0030325493631646336,0.7399420446121706
1404,0.0035716692499494574,1404,0.0030325493631646336,0.740818114428196
1405,0.0035716692499494574,1405,0.0030325493631646336,0.742165914145158
1406,0.0035716692499494574,1406,0.0030325493631646336,0.7441202237347531
1407,0.0035716692499494574,1407,0.0030325493631646336,0.7418963542017656
1408,0.0035716692499494574,1408,0.0030325493631646336,0.7393355347395377
1409,0.0035716692499494574,1409,0.0030325493631646336,0.7398072646404744
1410,0.0035716692499494574,1410,0.0030325493631646336,0.7400094345980187
1411,0.0035716692499494574,1411,0.0030325493631646336,0.7385268549093604
1412,0.0035716692499494574,1412,0.0030325493631646336,0.7391333647819934
1413,0.0035716692499494574,1413,0.0030325493631646336,0.7418289642159175
1414,0.0035716692499494574,1414,0.0030325493631646336,0.7346182357301705
1415,0.0035716692499494574,1415,0.0030325493631646336,0.7406833344564998
1416,0.0035716692499494574,1416,0.0030325493631646336,0.7392681447536896
1417,0.0035716692499494574,1417,0.0030325493631646336,0.7340791158433857
1418,0.0035716692499494574,1418,0.0030325493631646336,0.7407507244423479
1419,0.0035716692499494574,1419,0.0030999393490127366,0.7381225149942718
1420,0.0035716692499494574,1420,0.0030999393490127366,0.7432441539187277
1421,0.0035716692499494574,1421,0.0031673293348608396,0.7409528943998922
1422,0.0035716692499494574,1422,0.0031673293348608396,0.7466136532111328
1423,0.0035716692499494574,1423,0.0031673293348608396,0.7359660354471326
1424,0.0035716692499494574,1424,0.0031673293348608396,0.743446323876272
1425,0.0035716692499494574,1425,0.0031673293348608396,0.7377855650650313
1426,0.0035716692499494574,1426,0.0031673293348608396,0.7416267942583732
1427,0.0035716692499494574,1427,0.0031673293348608396,0.7378529550508794
1428,0.0035716692499494574,1428,0.0031673293348608396,0.7420985241593099
1429,0.0035716692499494574,1429,0.0031673293348608396,0.742165914145158
1430,0.0035716692499494574,1430,0.0031673293348608396,0.7357638654895883
1431,0.0035716692499494574,1431,0.0031673293348608396,0.7399420446121706
1432,0.0036390592357975603,1432,0.0031673293348608396,0.7433115439045758
1433,0.0036390592357975603,1433,0.0031673293348608396,0.7396050946829301
1434,0.0036390592357975603,1434,0.0031673293348608396,0.7445919536356898
1435,0.0036390592357975603,1435,0.0031673293348608396,0.7387290248669047
1436,0.0036390592357975603,1436,0.0031673293348608396,0.7379203450367275
1437,0.0036390592357975603,1437,0.0031673293348608396,0.7393355347395377
1438,0.0036390592357975603,1438,0.0032347193207089425,0.744794123593234
1439,0.0037064492216456633,1439,0.0032347193207089425,0.740211604555563
1440,0.0037738392074937663,1440,0.0033021093065570455,0.7416941842442213
1441,0.0037738392074937663,1441,0.0033021093065570455,0.7392681447536896
1442,0.0037738392074937663,1442,0.0033021093065570455,0.7389311948244491
1443,0.0037738392074937663,1443,0.0033021093065570455,0.7385268549093604
1444,0.0038412291933418692,1444,0.0033021093065570455,0.7363029853763731
1445,0.0038412291933418692,1445,0.0033021093065570455,0.7404137745131073
1446,0.003908619179189972,1446,0.0033021093065570455,0.7414246243008289
1447,0.003908619179189972,1447,0.0033694992924051485,0.740211604555563
1448,0.003908619179189972,1448,0.0033694992924051485,0.7485679628007278
1449,0.003908619179189972,1449,0.0033694992924051485,0.7381225149942718
1450,0.003908619179189972,1450,0.0033694992924051485,0.7406833344564998
1451,0.003976009165038075,1451,0.0033694992924051485,0.7415594042725251
1452,0.003976009165038075,1452,0.0033694992924051485,0.7414246243008289
1453,0.003976009165038075,1453,0.0033694992924051485,0.737516005121639
1454,0.003976009165038075,1454,0.0033694992924051485,0.742165914145158
1455,0.004043399150886178,1455,0.0033694992924051485,0.7451310735224745
1456,0.004043399150886178,1456,0.0033694992924051485,0.7402789945414111
1457,0.004245569108430487,1457,0.0033694992924051485,0.7435811038479682
1458,0.004245569108430487,1458,0.0033694992924051485,0.7437158838196644
1459,0.004245569108430487,1459,0.0033694992924051485,0.7396724846687782
1460,0.004245569108430487,1460,0.0033694992924051485,0.7372464451782466
1461,0.004245569108430487,1461,0.0033694992924051485,0.7352921355886515
1462,0.004245569108430487,1462,0.0033694992924051485,0.7368421052631579
1463,0.004245569108430487,1463,0.0033694992924051485,0.7406833344564998
1464,0.004245569108430487,1464,0.0033021093065570455,0.7407507244423479
1465,0.004245569108430487,1465,0.0033021093065570455,0.7419637441876137
1466,0.004245569108430487,1466,0.0033021093065570455,0.7401442145697149
1467,0.004245569108430487,1467,0.0033694992924051485,0.7396724846687782
1468,0.004245569108430487,1468,0.0033694992924051485,0.7401442145697149
1469,0.00431295909427859,1469,0.0033694992924051485,0.7416267942583732
1470,0.00431295909427859,1470,0.0033694992924051485,0.7443897836781455
1471,0.00431295909427859,1471,0.0034368892782532514,0.7441876137206012
1472,0.00431295909427859,1472,0.0035716692499494574,0.7356964755037402
1473,0.00431295909427859,1473,0.0035716692499494574,0.740818114428196
1474,0.00431295909427859,1474,0.0035042792641013544,0.7422333041310061
1475,0.00431295909427859,1475,0.0035716692499494574,0.7394703147112339
1476,0.00431295909427859,1476,0.0035716692499494574,0.7397398746546263
1477,0.00431295909427859,1477,0.0035716692499494574,0.741492014286677
1478,0.004380349080126693,1478,0.0035716692499494574,0.7418963542017656
1479,0.004447739065974796,1479,0.0035716692499494574,0.7391333647819934
1480,0.004447739065974796,1480,0.0035716692499494574,0.7431093739470315
1481,0.004447739065974796,1481,0.0035716692499494574,0.7445919536356898
1482,0.004447739065974796,1482,0.0035716692499494574,0.7412898443291327
1483,0.004515129051822899,1483,0.0035716692499494574,0.7410202843857403
1484,0.004515129051822899,1484,0.0035716692499494574,0.7400094345980187
1485,0.004515129051822899,1485,0.0035716692499494574,0.7423680841027024
1486,0.004515129051822899,1486,0.0035716692499494574,0.7415594042725251
1487,0.004515129051822899,1487,0.0035716692499494574,0.7412898443291327
1488,0.004515129051822899,1488,0.0035716692499494574,0.7404137745131073
1489,0.004515129051822899,1489,0.0035716692499494574,0.742165914145158
1490,0.004515129051822899,1490,0.0035716692499494574,0.7360334254329807
1491,0.004515129051822899,1491,0.0035716692499494574,0.7408855044140441
1492,0.004515129051822899,1492,0.0036390592357975603,0.7474897230271582
1493,0.004582519037671002,1493,0.0036390592357975603,0.7400094345980187
1494,0.004582519037671002,1494,0.0037738392074937663,0.7429072039894872
1495,0.004582519037671002,1495,0.0037738392074937663,0.7412224543432846
1496,0.004582519037671002,1496,0.0037738392074937663,0.7381899049801199
1497,0.004582519037671002,1497,0.0037064492216456633,0.7384594649235123
1498,0.004582519037671002,1498,0.0037064492216456633,0.7350899656311072
1499,0.004582519037671002,1499,0.0037064492216456633,0.7399420446121706
1500,0.004582519037671002,1500,0.0037064492216456633,0.7391333647819934
1501,0.0016847496462025742,1501,0.0014825796886582653,0.7383246849518161
1502,0.0016847496462025742,1502,0.0015499696745063683,0.7420985241593099
1503,0.0016847496462025742,1503,0.0015499696745063683,0.7379203450367275
1504,0.0016847496462025742,1504,0.0015499696745063683,0.7385268549093604
1505,0.0016847496462025742,1505,0.0015499696745063683,0.7374486151357909
1506,0.0016847496462025742,1506,0.0016173596603544713,0.7380551250084237
1507,0.0017521396320506772,1507,0.0016173596603544713,0.7387290248669047
1508,0.0018195296178987802,1508,0.0016847496462025742,0.7404811644989554
1509,0.0018195296178987802,1509,0.0018195296178987802,0.735561695532044
1510,0.0018195296178987802,1510,0.0018195296178987802,0.7396050946829301
1511,0.0018869196037468831,1511,0.0018195296178987802,0.7397398746546263
1512,0.0018869196037468831,1512,0.0018195296178987802,0.736976885234854
1513,0.0018869196037468831,1513,0.0018195296178987802,0.7400768245838668
1514,0.0018869196037468831,1514,0.0018195296178987802,0.7405485544848036
1515,0.0018869196037468831,1515,0.0018869196037468831,0.738863804838601
1516,0.0018869196037468831,1516,0.0018869196037468831,0.7423680841027024
1517,0.0018869196037468831,1517,0.001954309589594986,0.7387290248669047
1518,0.001954309589594986,1518,0.001954309589594986,0.7406159444706517
1519,0.001954309589594986,1519,0.001954309589594986,0.7387964148527529
1520,0.001954309589594986,1520,0.001954309589594986,0.7400094345980187
1521,0.001954309589594986,1521,0.001954309589594986,0.7365051553339174
1522,0.001954309589594986,1522,0.001954309589594986,0.7379203450367275
1523,0.001954309589594986,1523,0.001954309589594986,0.7438506637913606
1524,0.002021699575443089,1524,0.002021699575443089,0.7410202843857403
1525,0.002021699575443089,1525,0.002021699575443089,0.7381225149942718
1526,0.002021699575443089,1526,0.002021699575443089,0.738257294965968
1527,0.002021699575443089,1527,0.002021699575443089,0.7365051553339174
1528,0.002021699575443089,1528,0.002021699575443089,0.7424354740885505
1529,0.002021699575443089,1529,0.002089089561291192,0.7449962935507783
1530,0.002021699575443089,1530,0.002089089561291192,0.7393355347395377
1531,0.002021699575443089,1531,0.002089089561291192,0.7423006941168543
1532,0.002089089561291192,1532,0.002089089561291192,0.7423680841027024
1533,0.002089089561291192,1533,0.002089089561291192,0.7408855044140441
1534,0.002156479547139295,1534,0.002089089561291192,0.7400768245838668
1535,0.002156479547139295,1535,0.002089089561291192,0.7406833344564998
1536,0.002223869532987398,1536,0.002089089561291192,0.7449962935507783
1537,0.002223869532987398,1537,0.002089089561291192,0.7404137745131073
1538,0.002223869532987398,1538,0.002089089561291192,0.7352247456028034
1539,0.002291259518835501,1539,0.002089089561291192,0.7377181750791832
1540,0.002358649504683604,1540,0.002089089561291192,0.7406159444706517
1541,0.002358649504683604,1541,0.002089089561291192,0.7433115439045758
1542,0.002426039490531707,1542,0.002089089561291192,0.7389985848102972
1543,0.002426039490531707,1543,0.002089089561291192,0.7424354740885505
1544,0.002426039490531707,1544,0.002089089561291192,0.744052833748905
1545,0.002426039490531707,1545,0.002089089561291192,0.7413572343149808
1546,0.002426039490531707,1546,0.002089089561291192,0.7414246243008289
1547,0.002426039490531707,1547,0.002089089561291192,0.7429072039894872
1548,0.002426039490531707,1548,0.002089089561291192,0.7406833344564998
1549,0.002426039490531707,1549,0.002089089561291192,0.7367073252914617
1550,0.002426039490531707,1550,0.002089089561291192,0.7352921355886515
1551,0.002426039490531707,1551,0.002089089561291192,0.7394029247253858
1552,0.002426039490531707,1552,0.002089089561291192,0.736909495249006
1553,0.002426039490531707,1553,0.002089089561291192,0.741492014286677
1554,0.002426039490531707,1554,0.002089089561291192,0.7433115439045758
1555,0.002426039490531707,1555,0.002089089561291192,0.743446323876272
1556,0.002426039490531707,1556,0.002089089561291192,0.744052833748905
1557,0.002426039490531707,1557,0.002089089561291192,0.742165914145158
1558,0.002426039490531707,1558,0.002089089561291192,0.744052833748905
1559,0.002426039490531707,1559,0.002089089561291192,0.7387964148527529
1560,0.002426039490531707,1560,0.002089089561291192,0.7372464451782466
1561,0.00249342947637981,1561,0.002089089561291192,0.736976885234854
1562,0.00249342947637981,1562,0.002156479547139295,0.7430419839611834
1563,0.00249342947637981,1563,0.002156479547139295,0.7419637441876137
1564,0.00249342947637981,1564,0.002223869532987398,0.7430419839611834
1565,0.00249342947637981,1565,0.002291259518835501,0.7384594649235123
1566,0.00249342947637981,1566,0.002291259518835501,0.7417615742300694
1567,0.00249342947637981,1567,0.002291259518835501,0.7406833344564998
1568,0.002560819462227913,1568,0.002291259518835501,0.7383920749376642
1569,0.002560819462227913,1569,0.002291259518835501,0.7387964148527529
1570,0.002628209448076016,1570,0.002291259518835501,0.7374486151357909
1571,0.002628209448076016,1571,0.002291259518835501,0.7350899656311072
1572,0.002628209448076016,1572,0.002291259518835501,0.7389985848102972
1573,0.002628209448076016,1573,0.002291259518835501,0.7354943055461959
1574,0.002628209448076016,1574,0.002291259518835501,0.739537704697082
1575,0.002628209448076016,1575,0.002291259518835501,0.7356290855178921
1576,0.002628209448076016,1576,0.002291259518835501,0.738863804838601
1577,0.002628209448076016,1577,0.002291259518835501,0.7383246849518161
1578,0.002628209448076016,1578,0.002291259518835501,0.7423006941168543
1579,0.0026955994339241188,1579,0.002291259518835501,0.7418963542017656
1580,0.0026955994339241188,1580,0.002291259518835501,0.7459397533526518
1581,0.0026955994339241188,1581,0.002291259518835501,0.7455354134375631
1582,0.0026955994339241188,1582,0.002291259518835501,0.7419637441876137
1583,0.0026955994339241188,1583,0.002291259518835501,0.7365725453197655
1584,0.0026955994339241188,1584,0.002291259518835501,0.7391333647819934
1585,0.0026955994339241188,1585,0.002291259518835501,0.738863804838601
1586,0.0026955994339241188,1586,0.002291259518835501,0.7443223936922974
1587,0.0027629894197722217,1587,0.002291259518835501,0.7400094345980187
1588,0.0027629894197722217,1588,0.002291259518835501,0.7400094345980187
1589,0.0027629894197722217,1589,0.002291259518835501,0.7401442145697149
1590,0.0027629894197722217,1590,0.002291259518835501,0.7371790551923985
1591,0.0027629894197722217,1591,0.002291259518835501,0.7418289642159175
1592,0.0027629894197722217,1592,0.002291259518835501,0.739537704697082
1593,0.0027629894197722217,1593,0.002291259518835501,0.7401442145697149
1594,0.0028303794056203247,1594,0.002426039490531707,0.7347530157018667
1595,0.0028303794056203247,1595,0.002426039490531707,0.7384594649235123
1596,0.0028303794056203247,1596,0.002426039490531707,0.7410876743715884
1597,0.0028303794056203247,1597,0.00249342947637981,0.7420311341734618
1598,0.0028303794056203247,1598,0.00249342947637981,0.7413572343149808
1599,0.0029651593773165306,1599,0.00249342947637981,0.7377181750791832
1600,0.0029651593773165306,1600,0.00249342947637981,0.7406833344564998
1601,0.0030325493631646336,1601,0.00249342947637981,0.7383246849518161
1602,0.0030325493631646336,1602,0.002560819462227913,0.7420985241593099
1603,0.0030325493631646336,1603,0.002560819462227913,0.743446323876272
1604,0.0030325493631646336,1604,0.002560819462227913,0.736976885234854
1605,0.0030325493631646336,1605,0.002560819462227913,0.740211604555563
1606,0.0030999393490127366,1606,0.002560819462227913,0.7416941842442213
1607,0.0030999393490127366,1607,0.002560819462227913,0.7409528943998922
1608,0.0030999393490127366,1608,0.002560819462227913,0.7389311948244491
1609,0.0030999393490127366,1609,0.002628209448076016,0.7429072039894872
1610,0.0030999393490127366,1610,0.002628209448076016,0.7351573556169553
1611,0.0030999393490127366,1611,0.002628209448076016,0.7423006941168543
1612,0.0030999393490127366,1612,0.002628209448076016,0.7416267942583732
1613,0.0030999393490127366,1613,0.002628209448076016,0.7365051553339174
1614,0.0030999393490127366,1614,0.002628209448076016,0.7404137745131073
1615,0.0030999393490127366,1615,0.002628209448076016,0.7406159444706517
1616,0.0030999393490127366,1616,0.002628209448076016,0.7364377653480693
1617,0.0030999393490127366,1617,0.002628209448076016,0.7435811038479682
1618,0.0030999393490127366,1618,0.002628209448076016,0.7401442145697149
1619,0.0030999393490127366,1619,0.002628209448076016,0.7408855044140441
1620,0.0030999393490127366,1620,0.002628209448076016,0.7420985241593099
1621,0.0030999393490127366,1621,0.002628209448076016,0.739537704697082
1622,0.0030999393490127366,1622,0.002628209448076016,0.7425028640743986
1623,0.0030999393490127366,1623,0.002628209448076016,0.7400768245838668
1624,0.0030999393490127366,1624,0.002628209448076016,0.7416267942583732
1625,0.0032347193207089425,1625,0.002628209448076016,0.7433789338904239
1626,0.0032347193207089425,1626,0.002628209448076016,0.7415594042725251
1627,0.0032347193207089425,1627,0.002628209448076016,0.7429745939753353
1628,0.0032347193207089425,1628,0.002628209448076016,0.7433789338904239
1629,0.0032347193207089425,1629,0.002628209448076016,0.743446323876272
1630,0.0032347193207089425,1630,0.002628209448076016,0.7408855044140441
1631,0.0032347193207089425,1631,0.002628209448076016,0.7420985241593099
1632,0.0032347193207089425,1632,0.002628209448076016,0.7439854437630569
1633,0.0032347193207089425,1633,0.002628209448076016,0.7410876743715884
1634,0.0032347193207089425,1634,0.002628209448076016,0.7394029247253858
1635,0.0033021093065570455,1635,0.002628209448076016,0.7400768245838668
1636,0.0033021093065570455,1636,0.002628209448076016,0.7390659747961453
1637,0.0033694992924051485,1637,0.002628209448076016,0.7377181750791832
1638,0.0033694992924051485,1638,0.002628209448076016,0.7403463845272592
1639,0.0033694992924051485,1639,0.002628209448076016,0.7454006334658669
1640,0.0033694992924051485,1640,0.002628209448076016,0.7415594042725251
1641,0.0033694992924051485,1641,0.0027629894197722217,0.7424354740885505
1642,0.0034368892782532514,1642,0.0027629894197722217,0.7392681447536896
1643,0.0034368892782532514,1643,0.0027629894197722217,0.7371116652065504
1644,0.0034368892782532514,1644,0.0027629894197722217,0.7359660354471326
1645,0.0034368892782532514,1645,0.0027629894197722217,0.7457375833951075
1646,0.0034368892782532514,1646,0.0027629894197722217,0.7452658534941707
1647,0.0034368892782532514,1647,0.0027629894197722217,0.7394029247253858
1648,0.0034368892782532514,1648,0.0027629894197722217,0.7340791158433857
1649,0.0034368892782532514,1649,0.0027629894197722217,0.7407507244423479
1650,0.0034368892782532514,1650,0.0028303794056203247,0.7423006941168543
1651,0.0034368892782532514,1651,0.0028303794056203247,0.7443897836781455
1652,0.0034368892782532514,1652,0.0028303794056203247,0.735561695532044
1653,0.0034368892782532514,1653,0.0028303794056203247,0.739537704697082
1654,0.0035042792641013544,1654,0.0028303794056203247,0.7425702540602467
1655,0.0035042792641013544,1655,0.0028977693914684277,0.7353595255744997
1656,0.0035042792641013544,1656,0.0028977693914684277,0.7405485544848036
1657,0.0035042792641013544,1657,0.0028977693914684277,0.7394029247253858
1658,0.0035042792641013544,1658,0.0028977693914684277,0.7472201630837657
1659,0.0035716692499494574,1659,0.0028977693914684277,0.7431767639328796
1660,0.0036390592357975603,1660,0.0028977693914684277,0.7379203450367275
1661,0.0037064492216456633,1661,0.0028977693914684277,0.7432441539187277
1662,0.0037064492216456633,1662,0.0028977693914684277,0.7398072646404744
1663,0.0037064492216456633,1663,0.0028977693914684277,0.7399420446121706
1664,0.0037064492216456633,1664,0.0028977693914684277,0.7376507850933351
1665,0.0037064492216456633,1665,0.0028977693914684277,0.7380551250084237
1666,0.0037064492216456633,1666,0.0028977693914684277,0.7330682660556641
1667,0.0037064492216456633,1667,0.0028977693914684277,0.7397398746546263
1668,0.0038412291933418692,1668,0.0028977693914684277,0.7398746546263225
1669,0.0038412291933418692,1669,0.0028977693914684277,0.7401442145697149
1670,0.003976009165038075,1670,0.0028977693914684277,0.738257294965968
1671,0.003976009165038075,1671,0.0028977693914684277,0.7406159444706517
1672,0.004043399150886178,1672,0.0028977693914684277,0.740818114428196
1673,0.004043399150886178,1673,0.0028977693914684277,0.7390659747961453
1674,0.004043399150886178,1674,0.0028977693914684277,0.7379203450367275
1675,0.004043399150886178,1675,0.0028977693914684277,0.7374486151357909
1676,0.004043399150886178,1676,0.0028977693914684277,0.7383920749376642
1677,0.004043399150886178,1677,0.0028977693914684277,0.7387290248669047
1678,0.004043399150886178,1678,0.0028977693914684277,0.7420311341734618
1679,0.004043399150886178,1679,0.0028977693914684277,0.7398746546263225
1680,0.004043399150886178,1680,0.0028977693914684277,0.7370442752207021
1681,0.004043399150886178,1681,0.0028977693914684277,0.7420985241593099
1682,0.004043399150886178,1682,0.0029651593773165306,0.7402789945414111
1683,0.004178179122582384,1683,0.0029651593773165306,0.7366399353056136
1684,0.004245569108430487,1684,0.0030325493631646336,0.7423006941168543
1685,0.004245569108430487,1685,0.0030325493631646336,0.7394029247253858
1686,0.004245569108430487,1686,0.0030325493631646336,0.742772424017791
1687,0.004245569108430487,1687,0.0030325493631646336,0.7407507244423479
1688,0.00431295909427859,1688,0.0030999393490127366,0.7416267942583732
1689,0.00431295909427859,1689,0.0030999393490127366,0.7435137138621201
1690,0.00431295909427859,1690,0.0031673293348608396,0.7330682660556641
1691,0.00431295909427859,1691,0.0031673293348608396,0.7413572343149808
1692,0.00431295909427859,1692,0.0031673293348608396,0.7396050946829301
1693,0.00431295909427859,1693,0.0032347193207089425,0.7416941842442213
1694,0.00431295909427859,1694,0.0032347193207089425,0.7472201630837657
1695,0.00431295909427859,1695,0.0033021093065570455,0.7402789945414111
1696,0.00431295909427859,1696,0.0033021093065570455,0.7383246849518161
1697,0.00431295909427859,1697,0.0033021093065570455,0.7420311341734618
1698,0.00431295909427859,1698,0.0033021093065570455,0.7433789338904239
1699,0.00431295909427859,1699,0.0033021093065570455,0.740818114428196
1700,0.00431295909427859,1700,0.0033021093065570455,0.7408855044140441
1701,0.00431295909427859,1701,0.0033021093065570455,0.740818114428196
1702,0.00431295909427859,1702,0.0032347193207089425,0.7402789945414111
1703,0.00431295909427859,1703,0.0032347193207089425,0.7396724846687782
1704,0.004380349080126693,1704,0.0032347193207089425,0.7385268549093604
1705,0.004380349080126693,1705,0.0032347193207089425,0.7410876743715884
1706,0.004380349080126693,1706,0.0032347193207089425,0.7373812251499428
1707,0.004447739065974796,1707,0.0032347193207089425,0.7436484938338163
1708,0.004447739065974796,1708,0.0032347193207089425,0.7438506637913606
1709,0.004447739065974796,1709,0.0032347193207089425,0.7358986454612845
1710,0.004447739065974796,1710,0.0032347193207089425,0.739537704697082
1711,0.004515129051822899,1711,0.0032347193207089425,0.740211604555563
1712,0.004515129051822899,1712,0.0032347193207089425,0.7379877350225756
1713,0.004515129051822899,1713,0.0032347193207089425,0.7443223936922974
1714,0.004515129051822899,1714,0.0032347193207089425,0.7412898443291327
1715,0.004515129051822899,1715,0.0032347193207089425,0.742772424017791
1716,0.004582519037671002,1716,0.0032347193207089425,0.7419637441876137
1717,0.004582519037671002,1717,0.0032347193207089425,0.7436484938338163
1718,0.004582519037671002,1718,0.0032347193207089425,0.7334052159849046
1719,0.004582519037671002,1719,0.0032347193207089425,0.7348204056877148
1720,0.004582519037671002,1720,0.0033021093065570455,0.7363703753622212
1721,0.004582519037671002,1721,0.0033694992924051485,0.7385942448952085
1722,0.004582519037671002,1722,0.0033694992924051485,0.7385268549093604
1723,0.004582519037671002,1723,0.0034368892782532514,0.7389311948244491
1724,0.004582519037671002,1724,0.0034368892782532514,0.7425702540602467
1725,0.004582519037671002,1725,0.0034368892782532514,0.7379877350225756
1726,0.004582519037671002,1726,0.0034368892782532514,0.7464114832535885
1727,0.004582519037671002,1727,0.0034368892782532514,0.7431767639328796
1728,0.004582519037671002,1728,0.0034368892782532514,0.7372464451782466
1729,0.004649909023519105,1729,0.0034368892782532514,0.7423006941168543
1730,0.004649909023519105,1730,0.0034368892782532514,0.7423006941168543
1731,0.004717299009367208,1731,0.0034368892782532514,0.7443223936922974
1732,0.004717299009367208,1732,0.0035042792641013544,0.7425028640743986
1733,0.004717299009367208,1733,0.0035042792641013544,0.7425702540602467
1734,0.004717299009367208,1734,0.0035042792641013544,0.7389985848102972
1735,0.004784688995215311,1735,0.0035042792641013544,0.741492014286677
1736,0.004784688995215311,1736,0.0035042792641013544,0.7385942448952085
1737,0.004784688995215311,1737,0.0035042792641013544,0.7409528943998922
1738,0.004852078981063414,1738,0.0035042792641013544,0.736976885234854
1739,0.004852078981063414,1739,0.0035042792641013544,0.7404137745131073
1740,0.004852078981063414,1740,0.0035042792641013544,0.7396050946829301
1741,0.004852078981063414,1741,0.0035716692499494574,0.7414246243008289
1742,0.004852078981063414,1742,0.0035716692499494574,0.7383246849518161
1743,0.004852078981063414,1743,0.0036390592357975603,0.7450636835366264
1744,0.004919468966911517,1744,0.0036390592357975603,0.7416941842442213
1745,0.004919468966911517,1745,0.0036390592357975603,0.7433789338904239
1746,0.004919468966911517,1746,0.0037064492216456633,0.7379203450367275
1747,0.004919468966911517,1747,0.0037064492216456633,0.7356290855178921
1748,0.004919468966911517,1748,0.0037064492216456633,0.7398072646404744
1749,0.004919468966911517,1749,0.0037064492216456633,0.7380551250084237
1750,0.004919468966911517,1750,0.0037064492216456633,0.7402789945414111
1751,0.0016847496462025742,1751,0.0014151897028101624,0.7387964148527529
1752,0.0016847496462025742,1752,0.0014825796886582653,0.7431093739470315
1753,0.0016847496462025742,1753,0.0014825796886582653,0.7386616348810566
1754,0.0016847496462025742,1754,0.0014825796886582653,0.7414246243008289
1755,0.0016847496462025742,1755,0.0015499696745063683,0.7372464451782466
1756,0.0016847496462025742,1756,0.0015499696745063683,0.7422333041310061
1757,0.0016847496462025742,1757,0.0016173596603544713,0.7401442145697149
1758,0.0017521396320506772,1758,0.0016173596603544713,0.7379203450367275
1759,0.0017521396320506772,1759,0.0016173596603544713,0.7465462632252847
1760,0.0017521396320506772,1760,0.0016847496462025742,0.7417615742300694
1761,0.0018195296178987802,1761,0.0016847496462025742,0.7401442145697149
1762,0.0018869196037468831,1762,0.0017521396320506772,0.7445919536356898
1763,0.0018869196037468831,1763,0.0017521396320506772,0.7383920749376642
1764,0.001954309589594986,1764,0.0018195296178987802,0.743446323876272
1765,0.002021699575443089,1765,0.0018195296178987802,0.7350225756452591
1766,0.002021699575443089,1766,0.0018195296178987802,0.7412224543432846
1767,0.002021699575443089,1767,0.0018195296178987802,0.7445919536356898
1768,0.002021699575443089,1768,0.0018195296178987802,0.7435811038479682
1769,0.002021699575443089,1769,0.0018195296178987802,0.7384594649235123
1770,0.002021699575443089,1770,0.0018195296178987802,0.7408855044140441
1771,0.002021699575443089,1771,0.0018869196037468831,0.7398072646404744
1772,0.002021699575443089,1772,0.0018869196037468831,0.7405485544848036
1773,0.002021699575443089,1773,0.001954309589594986,0.7390659747961453
1774,0.002021699575443089,1774,0.001954309589594986,0.7404811644989554
1775,0.002021699575443089,1775,0.002021699575443089,0.7394029247253858
1776,0.002021699575443089,1776,0.002021699575443089,0.7422333041310061
1777,0.002021699575443089,1777,0.002021699575443089,0.7399420446121706
1778,0.002021699575443089,1778,0.002021699575443089,0.7416941842442213
1779,0.002021699575443089,1779,0.002021699575443089,0.7381899049801199
1780,0.002021699575443089,1780,0.002021699575443089,0.7443223936922974
1781,0.002021699575443089,1781,0.002021699575443089,0.7432441539187277
1782,0.002089089561291192,1782,0.002089089561291192,0.7423006941168543
1783,0.002089089561291192,1783,0.002089089561291192,0.7410202843857403
1784,0.002156479547139295,1784,0.002021699575443089,0.7392681447536896
1785,0.002156479547139295,1785,0.002089089561291192,0.7408855044140441
1786,0.002156479547139295,1786,0.002089089561291192,0.7408855044140441
1787,0.002156479547139295,1787,0.002089089561291192,0.7400094345980187
1788,0.002156479547139295,1788,0.002089089561291192,0.7396724846687782
1789,0.002156479547139295,1789,0.002089089561291192,0.7466136532111328
1790,0.002156479547139295,1790,0.002089089561291192,0.7385942448952085
1791,0.002156479547139295,1791,0.002089089561291192,0.7373812251499428
1792,0.002156479547139295,1792,0.002089089561291192,0.7410876743715884
1793,0.002156479547139295,1793,0.002089089561291192,0.7430419839611834
1794,0.002223869532987398,1794,0.002089089561291192,0.7380551250084237
1795,0.002223869532987398,1795,0.002089089561291192,0.7364377653480693
1796,0.002223869532987398,1796,0.002089089561291192,0.7397398746546263
1797,0.002223869532987398,1797,0.002089089561291192,0.7363029853763731
1798,0.002223869532987398,1798,0.002089089561291192,0.7429745939753353
1799,0.002223869532987398,1799,0.002089089561291192,0.742772424017791
1800,0.002223869532987398,1800,0.002089089561291192,0.7411550643574365
1801,0.002291259518835501,1801,0.002089089561291192,0.7396724846687782
1802,0.002291259518835501,1802,0.002089089561291192,0.7454006334658669
1803,0.002291259518835501,1803,0.002156479547139295,0.742772424017791
1804,0.002291259518835501,1804,0.002156479547139295,0.7392681447536896
1805,0.002358649504683604,1805,0.002156479547139295,0.7394029247253858
1806,0.002358649504683604,1806,0.002156479547139295,0.742165914145158
1807,0.002426039490531707,1807,0.002156479547139295,0.7370442752207021
1808,0.002426039490531707,1808,0.002156479547139295,0.7420985241593099
1809,0.002426039490531707,1809,0.002156479547139295,0.7365051553339174
1810,0.002426039490531707,1810,0.002156479547139295,0.7417615742300694
1811,0.002426039490531707,1811,0.002156479547139295,0.738863804838601
1812,0.002426039490531707,1812,0.002156479547139295,0.7412224543432846
1813,0.002426039490531707,1813,0.002156479547139295,0.7406159444706517
1814,0.002426039490531707,1814,0.002223869532987398,0.7379203450367275
1815,0.002426039490531707,1815,0.002223869532987398,0.7397398746546263
1816,0.002426039490531707,1816,0.002223869532987398,0.7365051553339174
1817,0.002426039490531707,1817,0.002291259518835501,0.7386616348810566
1818,0.002426039490531707,1818,0.002291259518835501,0.7424354740885505
1819,0.002426039490531707,1819,0.002291259518835501,0.736909495249006
1820,0.002426039490531707,1820,0.002291259518835501,0.7420985241593099
1821,0.00249342947637981,1821,0.002291259518835501,0.7383246849518161
1822,0.00249342947637981,1822,0.002291259518835501,0.7464114832535885
1823,0.002560819462227913,1823,0.002291259518835501,0.7431093739470315
1824,0.002560819462227913,1824,0.002291259518835501,0.7422333041310061
1825,0.002628209448076016,1825,0.002358649504683604,0.7384594649235123
1826,0.002628209448076016,1826,0.002358649504683604,0.736909495249006
1827,0.002628209448076016,1827,0.002426039490531707,0.7418963542017656
1828,0.002628209448076016,1828,0.002426039490531707,0.7366399353056136
1829,0.002628209448076016,1829,0.002426039490531707,0.7391333647819934
1830,0.002628209448076016,1830,0.002426039490531707,0.740211604555563
1831,0.002628209448076016,1831,0.002426039490531707,0.7409528943998922
1832,0.002628209448076016,1832,0.002426039490531707,0.7415594042725251
1833,0.002628209448076016,1833,0.002426039490531707,0.7430419839611834
1834,0.002628209448076016,1834,0.002426039490531707,0.7381225149942718
1835,0.0027629894197722217,1835,0.002426039490531707,0.738863804838601
1836,0.0027629894197722217,1836,0.002426039490531707,0.7449962935507783
1837,0.0027629894197722217,1837,0.00249342947637981,0.7406833344564998
1838,0.0027629894197722217,1838,0.00249342947637981,0.7327313161264236
1839,0.0028303794056203247,1839,0.00249342947637981,0.7438506637913606
1840,0.0028303794056203247,1840,0.002560819462227913,0.7403463845272592
1841,0.0028303794056203247,1841,0.002628209448076016,0.7392007547678415
1842,0.0028977693914684277,1842,0.002628209448076016,0.7405485544848036
1843,0.0028977693914684277,1843,0.002628209448076016,0.7406833344564998
1844,0.0028977693914684277,1844,0.002628209448076016,0.7385268549093604
1845,0.0028977693914684277,1845,0.002560819462227913,0.7411550643574365
1846,0.0028977693914684277,1846,0.002560819462227913,0.7410876743715884
1847,0.0028977693914684277,1847,0.002560819462227913,0.7435137138621201
1848,0.0028977693914684277,1848,0.002560819462227913,0.7353595255744997
1849,0.0028977693914684277,1849,0.002560819462227913,0.7402789945414111
1850,0.0028977693914684277,1850,0.002560819462227913,0.7396724846687782
1851,0.0028977693914684277,1851,0.002628209448076016,0.7403463845272592
1852,0.0028977693914684277,1852,0.002628209448076016,0.7420985241593099
1853,0.0028977693914684277,1853,0.002628209448076016,0.7389985848102972
1854,0.0029651593773165306,1854,0.002628209448076016,0.7412898443291327
1855,0.0029651593773165306,1855,0.002628209448076016,0.7401442145697149
1856,0.0029651593773165306,1856,0.002628209448076016,0.7367747152773098
1857,0.0029651593773165306,1857,0.002628209448076016,0.7397398746546263
1858,0.0029651593773165306,1858,0.002628209448076016,0.7441876137206012
1859,0.0029651593773165306,1859,0.002628209448076016,0.7416267942583732
1860,0.0029651593773165306,1860,0.0026955994339241188,0.7398072646404744
1861,0.0029651593773165306,1861,0.0026955994339241188,0.7429745939753353
1862,0.0029651593773165306,1862,0.0027629894197722217,0.7416267942583732
1863,0.0029651593773165306,1863,0.0027629894197722217,0.741492014286677
1864,0.0029651593773165306,1864,0.0027629894197722217,0.7381899049801199
1865,0.0029651593773165306,1865,0.0027629894197722217,0.7404811644989554
1866,0.0029651593773165306,1866,0.0027629894197722217,0.7442550037064493
1867,0.0029651593773165306,1867,0.0027629894197722217,0.7370442752207021
1868,0.0030325493631646336,1868,0.0027629894197722217,0.7359660354471326
1869,0.0030325493631646336,1869,0.0027629894197722217,0.738863804838601
1870,0.0030325493631646336,1870,0.0027629894197722217,0.7393355347395377
1871,0.0030325493631646336,1871,0.0027629894197722217,0.737583395107487
1872,0.0030325493631646336,1872,0.0027629894197722217,0.7439854437630569
1873,0.0030325493631646336,1873,0.0027629894197722217,0.7383920749376642
1874,0.0030999393490127366,1874,0.0027629894197722217,0.7371790551923985
1875,0.0030999393490127366,1875,0.0027629894197722217,0.737583395107487
1876,0.0030999393490127366,1876,0.0026955994339241188,0.7437158838196644
1877,0.0030999393490127366,1877,0.0027629894197722217,0.7378529550508794
1878,0.0030999393490127366,1878,0.0028303794056203247,0.7350899656311072
1879,0.0030999393490127366,1879,0.0028303794056203247,0.7430419839611834
1880,0.0030999393490127366,1880,0.0028303794056203247,0.7416941842442213
1881,0.0031673293348608396,1881,0.0028303794056203247,0.7439854437630569
1882,0.0031673293348608396,1882,0.0028977693914684277,0.7379203450367275
1883,0.0031673293348608396,1883,0.0028977693914684277,0.7365051553339174
1884,0.0031673293348608396,1884,0.0028977693914684277,0.7432441539187277
1885,0.0031673293348608396,1885,0.0028977693914684277,0.7401442145697149
1886,0.0032347193207089425,1886,0.0028977693914684277,0.7372464451782466
1887,0.0033021093065570455,1887,0.0028977693914684277,0.7425702540602467
1888,0.0033021093065570455,1888,0.0028977693914684277,0.7400768245838668
1889,0.0033021093065570455,1889,0.0028977693914684277,0.7402789945414111
1890,0.0033694992924051485,1890,0.0028977693914684277,0.7404137745131073
1891,0.0033694992924051485,1891,0.0029651593773165306,0.7420985241593099
1892,0.0033694992924051485,1892,0.0029651593773165306,0.7381899049801199
1893,0.0033694992924051485,1893,0.0029651593773165306,0.7432441539187277
1894,0.0033694992924051485,1894,0.0029651593773165306,0.7357638654895883
1895,0.0033694992924051485,1895,0.0029651593773165306,0.7396724846687782
1896,0.0034368892782532514,1896,0.0029651593773165306,0.7394029247253858
1897,0.0034368892782532514,1897,0.0029651593773165306,0.7399420446121706
1898,0.0034368892782532514,1898,0.0029651593773165306,0.7387290248669047
1899,0.0034368892782532514,1899,0.0029651593773165306,0.7387290248669047
1900,0.0034368892782532514,1900,0.0028977693914684277,0.740211604555563
1901,0.0034368892782532514,1901,0.0028977693914684277,0.7397398746546263
1902,0.0034368892782532514,1902,0.0029651593773165306,0.7418963542017656
1903,0.0034368892782532514,1903,0.0029651593773165306,0.7381225149942718
1904,0.0034368892782532514,1904,0.0029651593773165306,0.7409528943998922
1905,0.0034368892782532514,1905,0.0029651593773165306,0.7393355347395377
1906,0.0034368892782532514,1906,0.0030325493631646336,0.7387290248669047
1907,0.0034368892782532514,1907,0.0030325493631646336,0.7377181750791832
1908,0.0034368892782532514,1908,0.0030325493631646336,0.7390659747961453
1909,0.0034368892782532514,1909,0.0030999393490127366,0.7351573556169553
1910,0.0034368892782532514,1910,0.0030999393490127366,0.7449962935507783
1911,0.0035042792641013544,1911,0.0030999393490127366,0.7412224543432846
1912,0.0035042792641013544,1912,0.0030999393490127366,0.7408855044140441
1913,0.0035042792641013544,1913,0.0030999393490127366,0.7427050340319429
1914,0.0035042792641013544,1914,0.0030999393490127366,0.7379877350225756
1915,0.0035716692499494574,1915,0.0030999393490127366,0.7391333647819934
1916,0.0035716692499494574,1916,0.0030999393490127366,0.739537704697082
1917,0.0035716692499494574,1917,0.0030999393490127366,0.7376507850933351
1918,0.0035716692499494574,1918,0.0030999393490127366,0.7360334254329807
1919,0.0035716692499494574,1919,0.0030999393490127366,0.7454006334658669
1920,0.0035716692499494574,1920,0.0030999393490127366,0.7397398746546263
1921,0.0035716692499494574,1921,0.0030999393490127366,0.7443897836781455
1922,0.0035716692499494574,1922,0.0030999393490127366,0.7406833344564998
1923,0.0035716692499494574,1923,0.0030999393490127366,0.7400094345980187
1924,0.0035716692499494574,1924,0.0031673293348608396,0.741492014286677
1925,0.0035716692499494574,1925,0.0031673293348608396,0.7396724846687782
1926,0.0035716692499494574,1926,0.0031673293348608396,0.7389985848102972
1927,0.0035716692499494574,1927,0.0031673293348608396,0.7373138351640947
1928,0.0036390592357975603,1928,0.0031673293348608396,0.7422333041310061
1929,0.0036390592357975603,1929,0.0031673293348608396,0.7470853831120695
1930,0.0036390592357975603,1930,0.0031673293348608396,0.7348204056877148
1931,0.0036390592357975603,1931,0.0031673293348608396,0.7400768245838668
1932,0.0037064492216456633,1932,0.0031673293348608396,0.7408855044140441
1933,0.0037064492216456633,1933,0.0031673293348608396,0.7389985848102972
1934,0.0038412291933418692,1934,0.0031673293348608396,0.7448615135790821
1935,0.0038412291933418692,1935,0.0031673293348608396,0.738257294965968
1936,0.0038412291933418692,1936,0.0031673293348608396,0.7396724846687782
1937,0.003908619179189972,1937,0.0032347193207089425,0.7412224543432846
1938,0.003908619179189972,1938,0.0032347193207089425,0.7418963542017656
1939,0.003908619179189972,1939,0.0031673293348608396,0.740211604555563
1940,0.003976009165038075,1940,0.0031673293348608396,0.7437832738055125
1941,0.004110789136734281,1941,0.0031673293348608396,0.7414246243008289
1942,0.004110789136734281,1942,0.0030999393490127366,0.7415594042725251
1943,0.004110789136734281,1943,0.0030999393490127366,0.7396050946829301
1944,0.004110789136734281,1944,0.0030999393490127366,0.7458049733809556
1945,0.004178179122582384,1945,0.0030999393490127366,0.739537704697082
1946,0.004245569108430487,1946,0.0031673293348608396,0.7420985241593099
1947,0.004245569108430487,1947,0.0031673293348608396,0.7407507244423479
1948,0.004245569108430487,1948,0.0033021093065570455,0.7417615742300694
1949,0.004245569108430487,1949,0.0033021093065570455,0.7418289642159175
1950,0.00431295909427859,1950,0.0033021093065570455,0.7383246849518161
1951,0.004380349080126693,1951,0.0033021093065570455,0.7442550037064493
1952,0.004380349080126693,1952,0.0033021093065570455,0.7437158838196644
1953,0.004380349080126693,1953,0.0033021093065570455,0.737583395107487
1954,0.004380349080126693,1954,0.0033021093065570455,0.7410876743715884
1955,0.004380349080126693,1955,0.0033021093065570455,0.739537704697082
1956,0.004447739065974796,1956,0.0033021093065570455,0.7439854437630569
1957,0.004447739065974796,1957,0.0035042792641013544,0.7433789338904239
1958,0.004447739065974796,1958,0.0035042792641013544,0.7339443358716895
1959,0.004515129051822899,1959,0.0035042792641013544,0.7352921355886515
1960,0.004515129051822899,1960,0.0035042792641013544,0.7394703147112339
1961,0.004515129051822899,1961,0.0035716692499494574,0.7407507244423479
1962,0.004515129051822899,1962,0.0035716692499494574,0.7429072039894872
1963,0.004515129051822899,1963,0.0035716692499494574,0.7429072039894872
1964,0.004515129051822899,1964,0.0035716692499494574,0.7406833344564998
1965,0.004582519037671002,1965,0.0035042792641013544,0.738863804838601
1966,0.004582519037671002,1966,0.0035042792641013544,0.7427050340319429
1967,0.004582519037671002,1967,0.0035042792641013544,0.7370442752207021
1968,0.004649909023519105,1968,0.0035042792641013544,0.7394703147112339
1969,0.004649909023519105,1969,0.0035042792641013544,0.7415594042725251
1970,0.004649909023519105,1970,0.0035042792641013544,0.7390659747961453
1971,0.004649909023519105,1971,0.0035042792641013544,0.7444571736639936
1972,0.004649909023519105,1972,0.0035042792641013544,0.7462093132960442
1973,0.004649909023519105,1973,0.0036390592357975603,0.7393355347395377
1974,0.004649909023519105,1974,0.0036390592357975603,0.7424354740885505
1975,0.004649909023519105,1975,0.0035716692499494574,0.7392681447536896
1976,0.004649909023519105,1976,0.0035716692499494574,0.7390659747961453
1977,0.004649909023519105,1977,0.0035716692499494574,0.7398072646404744
1978,0.004649909023519105,1978,0.0036390592357975603,0.7405485544848036
1979,0.004649909023519105,1979,0.0036390592357975603,0.7400768245838668
1980,0.004649909023519105,1980,0.0036390592357975603,0.7454006334658669
1981,0.004649909023519105,1981,0.0036390592357975603,0.7406159444706517
1982,0.004649909023519105,1982,0.0036390592357975603,0.7418289642159175
1983,0.004649909023519105,1983,0.0037738392074937663,0.7436484938338163
1984,0.004649909023519105,1984,0.0036390592357975603,0.7379203450367275
1985,0.004717299009367208,1985,0.0036390592357975603,0.7398746546263225
1986,0.004784688995215311,1986,0.0036390592357975603,0.7441876137206012
1987,0.004784688995215311,1987,0.0038412291933418692,0.7410876743715884
1988,0.004784688995215311,1988,0.0038412291933418692,0.7396050946829301
1989,0.004784688995215311,1989,0.0038412291933418692,0.7433789338904239
1990,0.004784688995215311,1990,0.0038412291933418692,0.7393355347395377
1991,0.004784688995215311,1991,0.0038412291933418692,0.7435137138621201
1992,0.004852078981063414,1992,0.0038412291933418692,0.7377181750791832
1993,0.004852078981063414,1993,0.0038412291933418692,0.7356964755037402
1994,0.004852078981063414,1994,0.0038412291933418692,0.7438506637913606
1995,0.004852078981063414,1995,0.0038412291933418692,0.7444571736639936
1996,0.004852078981063414,1996,0.0038412291933418692,0.7405485544848036
1997,0.004852078981063414,1997,0.0038412291933418692,0.7422333041310061
1998,0.004852078981063414,1998,0.0038412291933418692,0.7419637441876137
1999,0.004852078981063414,1999,0.0038412291933418692,0.7396724846687782
2000,0.00498685895275962,2000,0.0037064492216456633,0.7373812251499428
2001,0.0016173596603544713,2001,0.0014825796886582653,0.7404137745131073
2002,0.0016847496462025742,2002,0.0014825796886582653,0.7412898443291327
2003,0.0016847496462025742,2003,0.0014825796886582653,0.7433115439045758
2004,0.0016847496462025742,2004,0.0014825796886582653,0.739537704697082
2005,0.0016847496462025742,2005,0.0014825796886582653,0.7410202843857403
2006,0.0016847496462025742,2006,0.0016173596603544713,0.7428398140036391
2007,0.0016847496462025742,2007,0.0016173596603544713,0.7404811644989554
2008,0.0016847496462025742,2008,0.0016847496462025742,0.7407507244423479
2009,0.0016847496462025742,2009,0.0016847496462025742,0.7441876137206012
2010,0.0016847496462025742,2010,0.0016847496462025742,0.740818114428196
2011,0.0018195296178987802,2011,0.0016847496462025742,0.7418289642159175
2012,0.0018869196037468831,2012,0.0017521396320506772,0.7427050340319429
2013,0.0018869196037468831,2013,0.0017521396320506772,0.7430419839611834
2014,0.0018869196037468831,2014,0.0017521396320506772,0.7445919536356898
2015,0.0018869196037468831,2015,0.0017521396320506772,0.7405485544848036
2016,0.0018869196037468831,2016,0.0017521396320506772,0.7373138351640947
2017,0.0018869196037468831,2017,0.0017521396320506772,0.7365051553339174
2018,0.001954309589594986,2018,0.0017521396320506772,0.7431093739470315
2019,0.001954309589594986,2019,0.0017521396320506772,0.7418963542017656
2020,0.001954309589594986,2020,0.0018195296178987802,0.7416941842442213
2021,0.002021699575443089,2021,0.0018195296178987802,0.7435137138621201
2022,0.002021699575443089,2022,0.0018195296178987802,0.7402789945414111
2023,0.002021699575443089,2023,0.0018195296178987802,0.7403463845272592
2024,0.002021699575443089,2024,0.0018195296178987802,0.7377855650650313
2025,0.002021699575443089,2025,0.0018195296178987802,0.7389985848102972
2026,0.002021699575443089,2026,0.0018869196037468831,0.7431767639328796
2027,0.002156479547139295,2027,0.001954309589594986,0.7416941842442213
2028,0.002156479547139295,2028,0.001954309589594986,0.7365051553339174
2029,0.002156479547139295,2029,0.001954309589594986,0.7372464451782466
2030,0.002156479547139295,2030,0.001954309589594986,0.7425702540602467
2031,0.002156479547139295,2031,0.001954309589594986,0.7429072039894872
2032,0.002156479547139295,2032,0.001954309589594986,0.7401442145697149
2033,0.002156479547139295,2033,0.002021699575443089,0.7386616348810566
2034,0.002156479547139295,2034,0.002021699575443089,0.7400094345980187
2035,0.002156479547139295,2035,0.002089089561291192,0.7383246849518161
2036,0.002156479547139295,2036,0.002089089561291192,0.7404137745131073
2037,0.002223869532987398,2037,0.002089089561291192,0.7406833344564998
2038,0.002223869532987398,2038,0.002089089561291192,0.7404811644989554
2039,0.002223869532987398,2039,0.002089089561291192,0.7398746546263225
2040,0.002223869532987398,2040,0.002089089561291192,0.7425702540602467
2041,0.002223869532987398,2041,0.002089089561291192,0.7419637441876137
2042,0.002223869532987398,2042,0.002089089561291192,0.7438506637913606
2043,0.002223869532987398,2043,0.002089089561291192,0.7385942448952085
2044,0.002223869532987398,2044,0.002089089561291192,0.7426376440460948
2045,0.002291259518835501,2045,0.002089089561291192,0.7412224543432846
2046,0.002291259518835501,2046,0.002089089561291192,0.7363703753622212
2047,0.002291259518835501,2047,0.002089089561291192,0.7411550643574365
2048,0.002291259518835501,2048,0.002089089561291192,0.7417615742300694
2049,0.002291259518835501,2049,0.002089089561291192,0.7397398746546263
2050,0.002291259518835501,2050,0.002089089561291192,0.7387290248669047
2051,0.002291259518835501,2051,0.002089089561291192,0.7398746546263225
2052,0.002291259518835501,2052,0.002089089561291192,0.7398072646404744
2053,0.002358649504683604,2053,0.002089089561291192,0.7385942448952085
2054,0.002358649504683604,2054,0.002156479547139295,0.7350899656311072
2055,0.002358649504683604,2055,0.002156479547139295,0.7410202843857403
2056,0.002358649504683604,2056,0.002156479547139295,0.7381899049801199
2057,0.002358649504683604,2057,0.002156479547139295,0.7358986454612845
2058,0.002358649504683604,2058,0.002156479547139295,0.737516005121639
2059,0.002358649504683604,2059,0.002156479547139295,0.7420985241593099
2060,0.002358649504683604,2060,0.002156479547139295,0.7429072039894872
2061,0.002426039490531707,2061,0.002156479547139295,0.7417615742300694
2062,0.00249342947637981,2062,0.002156479547139295,0.7406833344564998
2063,0.002560819462227913,2063,0.002156479547139295,0.7418963542017656
2064,0.002560819462227913,2064,0.002156479547139295,0.7398746546263225
2065,0.002560819462227913,2065,0.002156479547139295,0.738863804838601
2066,0.002560819462227913,2066,0.002156479547139295,0.736976885234854
2067,0.002560819462227913,2067,0.002156479547139295,0.7398746546263225
2068,0.002560819462227913,2068,0.002156479547139295,0.7361682054046769
2069,0.002560819462227913,2069,0.002156479547139295,0.740818114428196
2070,0.002560819462227913,2070,0.002156479547139295,0.7409528943998922
2071,0.002560819462227913,2071,0.002156479547139295,0.7413572343149808
2072,0.002560819462227913,2072,0.002156479547139295,0.743446323876272
2073,0.002560819462227913,2073,0.002223869532987398,0.7430419839611834
2074,0.002560819462227913,2074,0.002223869532987398,0.7410876743715884
2075,0.002628209448076016,2075,0.002223869532987398,0.7380551250084237
2076,0.002628209448076016,2076,0.002223869532987398,0.7394029247253858
2077,0.0026955994339241188,2077,0.002223869532987398,0.7404811644989554
2078,0.0026955994339241188,2078,0.002223869532987398,0.7429072039894872
2079,0.0026955994339241188,2079,0.002223869532987398,0.7431767639328796
2080,0.0026955994339241188,2080,0.002223869532987398,0.7418963542017656
2081,0.0026955994339241188,2081,0.002223869532987398,0.7411550643574365
2082,0.0026955994339241188,2082,0.002291259518835501,0.7405485544848036
2083,0.0026955994339241188,2083,0.002291259518835501,0.738257294965968
2084,0.0026955994339241188,2084,0.002291259518835501,0.7441876137206012
2085,0.0026955994339241188,2085,0.002358649504683604,0.7392681447536896
2086,0.0026955994339241188,2086,0.002426039490531707,0.738863804838601
2087,0.0027629894197722217,2087,0.002426039490531707,0.7407507244423479
2088,0.0027629894197722217,2088,0.002426039490531707,0.7392007547678415
2089,0.0027629894197722217,2089,0.002426039490531707,0.7377181750791832
2090,0.0027629894197722217,2090,0.002426039490531707,0.7406159444706517
2091,0.0027629894197722217,2091,0.002426039490531707,0.7361008154188288
2092,0.0027629894197722217,2092,0.002426039490531707,0.733000876069816
2093,0.0027629894197722217,2093,0.002426039490531707,0.7383920749376642
2094,0.0027629894197722217,2094,0.002426039490531707,0.7462767032818923
2095,0.0027629894197722217,2095,0.002426039490531707,0.7431093739470315
2096,0.0028303794056203247,2096,0.00249342947637981,0.7378529550508794
2097,0.0028303794056203247,2097,0.002560819462227913,0.7412898443291327
2098,0.0028303794056203247,2098,0.002560819462227913,0.7393355347395377
2099,0.0028303794056203247,2099,0.002560819462227913,0.7409528943998922
2100,0.0028977693914684277,2100,0.002560819462227913,0.7439854437630569
2101,0.0028977693914684277,2101,0.002560819462227913,0.736235595390525
2102,0.0028977693914684277,2102,0.002560819462227913,0.740211604555563
2103,0.0028977693914684277,2103,0.002560819462227913,0.7410876743715884
2104,0.0028977693914684277,2104,0.002560819462227913,0.7423680841027024
2105,0.0028977693914684277,2105,0.002560819462227913,0.7389985848102972
2106,0.0028977693914684277,2106,0.002560819462227913,0.7367073252914617
2107,0.0028977693914684277,2107,0.002560819462227913,0.7417615742300694
2108,0.0028977693914684277,2108,0.002560819462227913,0.7344834557584743
2109,0.0028977693914684277,2109,0.002560819462227913,0.7357638654895883
2110,0.0028977693914684277,2110,0.002560819462227913,0.7412224543432846
2111,0.0029651593773165306,2111,0.002560819462227913,0.7346182357301705
2112,0.0030325493631646336,2112,0.002560819462227913,0.7363029853763731
2113,0.0030325493631646336,2113,0.002560819462227913,0.7366399353056136
2114,0.0030325493631646336,2114,0.002560819462227913,0.7406833344564998
2115,0.0030325493631646336,2115,0.002560819462227913,0.7361682054046769
2116,0.0030325493631646336,2116,0.002560819462227913,0.7391333647819934
2117,0.0030325493631646336,2117,0.002560819462227913,0.7418289642159175
2118,0.0030325493631646336,2118,0.002560819462227913,0.7396050946829301
2119,0.0030325493631646336,2119,0.0027629894197722217,0.7404137745131073
2120,0.0030325493631646336,2120,0.0027629894197722217,0.738863804838601
2121,0.0030325493631646336,2121,0.0027629894197722217,0.7427050340319429
2122,0.0030999393490127366,2122,0.0027629894197722217,0.7379203450367275
2123,0.0030999393490127366,2123,0.0027629894197722217,0.7418289642159175
2124,0.0030999393490127366,2124,0.0027629894197722217,0.7353595255744997
2125,0.0030999393490127366,2125,0.0027629894197722217,0.7428398140036391
2126,0.0030999393490127366,2126,0.0027629894197722217,0.7443897836781455
2127,0.0030999393490127366,2127,0.0027629894197722217,0.741492014286677
2128,0.0030999393490127366,2128,0.0027629894197722217,0.7404811644989554
2129,0.0030999393490127366,2129,0.0027629894197722217,0.7406833344564998
2130,0.0030999393490127366,2130,0.0027629894197722217,0.7348204056877148
2131,0.0031673293348608396,2131,0.0027629894197722217,0.7363029853763731
2132,0.0031673293348608396,2132,0.0027629894197722217,0.7393355347395377
2133,0.0031673293348608396,2133,0.0027629894197722217,0.7385942448952085
2134,0.0031673293348608396,2134,0.0027629894197722217,0.7403463845272592
2135,0.0031673293348608396,2135,0.0027629894197722217,0.7425028640743986
2136,0.0031673293348608396,2136,0.0027629894197722217,0.7392681447536896
2137,0.0032347193207089425,2137,0.0028303794056203247,0.7376507850933351
2138,0.0032347193207089425,2138,0.0028303794056203247,0.7426376440460948
2139,0.0032347193207089425,2139,0.0028303794056203247,0.7414246243008289
2140,0.0032347193207089425,2140,0.0027629894197722217,0.7432441539187277
2141,0.0032347193207089425,2141,0.0027629894197722217,0.7384594649235123
2142,0.0032347193207089425,2142,0.0028303794056203247,0.7378529550508794
2143,0.0032347193207089425,2143,0.0028303794056203247,0.7397398746546263
2144,0.0033021093065570455,2144,0.0028303794056203247,0.7398072646404744
2145,0.0033021093065570455,2145,0.0028303794056203247,0.7398072646404744
2146,0.0033021093065570455,2146,0.0028303794056203247,0.7399420446121706
2147,0.0033021093065570455,2147,0.0028303794056203247,0.7438506637913606
2148,0.0033021093065570455,2148,0.0028303794056203247,0.7435811038479682
2149,0.0033021093065570455,2149,0.0028977693914684277,0.7410876743715884
2150,0.0033694992924051485,2150,0.0028977693914684277,0.7409528943998922
2151,0.0033694992924051485,2151,0.0029651593773165306,0.7426376440460948
2152,0.0033694992924051485,2152,0.0029651593773165306,0.739537704697082
2153,0.0033694992924051485,2153,0.0030325493631646336,0.7383246849518161
2154,0.0033694992924051485,2154,0.0030325493631646336,0.7491744726733608
2155,0.0033694992924051485,2155,0.0030325493631646336,0.7398746546263225
2156,0.0034368892782532514,2156,0.0030325493631646336,0.7387290248669047
2157,0.0034368892782532514,2157,0.0030325493631646336,0.742165914145158
2158,0.0035042792641013544,2158,0.0030999393490127366,0.7403463845272592
2159,0.0035042792641013544,2159,0.0030999393490127366,0.7416941842442213
2160,0.0035042792641013544,2160,0.0030999393490127366,0.7412224543432846
2161,0.0035042792641013544,2161,0.0030999393490127366,0.7419637441876137
2162,0.0035042792641013544,2162,0.0030999393490127366,0.7367073252914617
2163,0.0035042792641013544,2163,0.0030999393490127366,0.7413572343149808
2164,0.0035042792641013544,2164,0.0030999393490127366,0.7379203450367275
2165,0.0035042792641013544,2165,0.0030999393490127366,0.7423680841027024
2166,0.0035042792641013544,2166,0.0030999393490127366,0.737583395107487
2167,0.0035042792641013544,2167,0.0030325493631646336,0.7394029247253858
2168,0.0035716692499494574,2168,0.0030325493631646336,0.7422333041310061
2169,0.0035716692499494574,2169,0.0030325493631646336,0.739537704697082
2170,0.0035716692499494574,2170,0.0030325493631646336,0.7405485544848036
2171,0.0035716692499494574,2171,0.0030999393490127366,0.7399420446121706
2172,0.0036390592357975603,2172,0.0030999393490127366,0.7417615742300694
2173,0.0036390592357975603,2173,0.0030999393490127366,0.7406833344564998
2174,0.0036390592357975603,2174,0.0030999393490127366,0.7398746546263225
2175,0.0036390592357975603,2175,0.0030999393490127366,0.7413572343149808
2176,0.0036390592357975603,2176,0.0030999393490127366,0.7442550037064493
2177,0.0036390592357975603,2177,0.0030999393490127366,0.7387290248669047
2178,0.0037064492216456633,2178,0.0030999393490127366,0.739537704697082
2179,0.0037064492216456633,2179,0.0030999393490127366,0.7429745939753353
2180,0.0037064492216456633,2180,0.0030999393490127366,0.7383920749376642
2181,0.0037064492216456633,2181,0.0030325493631646336,0.7420311341734618
2182,0.0037064492216456633,2182,0.0030325493631646336,0.7374486151357909
2183,0.0037064492216456633,2183,0.0030325493631646336,0.7392681447536896
2184,0.0037064492216456633,2184,0.0030325493631646336,0.7365051553339174
2185,0.0037064492216456633,2185,0.0030325493631646336,0.7402789945414111
2186,0.0037064492216456633,2186,0.0030325493631646336,0.7384594649235123
2187,0.0037064492216456633,2187,0.0030325493631646336,0.7404811644989554
2188,0.0037064492216456633,2188,0.0030999393490127366,0.735561695532044
2189,0.0037738392074937663,2189,0.0030999393490127366,0.7366399353056136
2190,0.0037738392074937663,2190,0.0030999393490127366,0.740818114428196
2191,0.0038412291933418692,2191,0.0030999393490127366,0.7385942448952085
2192,0.0038412291933418692,2192,0.0030999393490127366,0.740211604555563
2193,0.0038412291933418692,2193,0.0030999393490127366,0.7391333647819934
2194,0.0038412291933418692,2194,0.0030999393490127366,0.7377855650650313
2195,0.0038412291933418692,2195,0.0030999393490127366,0.7407507244423479
2196,0.0038412291933418692,2196,0.0030999393490127366,0.7410876743715884
2197,0.0038412291933418692,2197,0.0030999393490127366,0.7436484938338163
2198,0.0038412291933418692,2198,0.0030999393490127366,0.7391333647819934
2199,0.0038412291933418692,2199,0.0031673293348608396,0.7398072646404744
2200,0.003908619179189972,2200,0.0031673293348608396,0.7392007547678415
2201,0.003908619179189972,2201,0.0031673293348608396,0.7360334254329807
2202,0.003908619179189972,2202,0.0032347193207089425,0.7426376440460948
2203,0.003908619179189972,2203,0.0032347193207089425,0.7358312554754364
2204,0.003908619179189972,2204,0.0032347193207089425,0.7413572343149808
2205,0.003908619179189972,2205,0.0033021093065570455,0.7399420446121706
2206,0.003908619179189972,2206,0.0033021093065570455,0.7408855044140441
2207,0.003908619179189972,2207,0.0033694992924051485,0.7413572343149808
2208,0.003908619179189972,2208,0.0033694992924051485,0.7437832738055125
2209,0.003908619179189972,2209,0.0034368892782532514,0.7383920749376642
2210,0.003976009165038075,2210,0.0034368892782532514,0.7404811644989554
2211,0.003976009165038075,2211,0.0034368892782532514,0.7418963542017656
2212,0.003976009165038075,2212,0.0034368892782532514,0.7356964755037402
2213,0.003976009165038075,2213,0.0034368892782532514,0.7470853831120695
2214,0.003976009165038075,2214,0.0034368892782532514,0.7351573556169553
2215,0.003976009165038075,2215,0.0034368892782532514,0.7406159444706517
2216,0.003976009165038075,2216,0.0035042792641013544,0.7398746546263225
2217,0.003976009165038075,2217,0.0035042792641013544,0.7402789945414111
2218,0.003976009165038075,2218,0.0035042792641013544,0.742772424017791
2219,0.003976009165038075,2219,0.0035042792641013544,0.738863804838601
2220,0.003976009165038075,2220,0.0035042792641013544,0.7402789945414111
2221,0.003976009165038075,2221,0.0035716692499494574,0.7379203450367275
2222,0.004043399150886178,2222,0.0035716692499494574,0.741492014286677
2223,0.004043399150886178,2223,0.0035042792641013544,0.7438506637913606
2224,0.004043399150886178,2224,0.0035042792641013544,0.7392681447536896
2225,0.004043399150886178,2225,0.0035042792641013544,0.7385268549093604
2226,0.004043399150886178,2226,0.0035042792641013544,0.7423680841027024
2227,0.004043399150886178,2227,0.0035042792641013544,0.7411550643574365
2228,0.004043399150886178,2228,0.0035042792641013544,0.742772424017791
2229,0.004043399150886178,2229,0.0035042792641013544,0.7376507850933351
2230,0.004043399150886178,2230,0.0036390592357975603,0.7411550643574365
2231,0.004043399150886178,2231,0.0036390592357975603,0.7410876743715884
2232,0.004043399150886178,2232,0.0036390592357975603,0.7383920749376642
2233,0.004043399150886178,2233,0.0036390592357975603,0.7439854437630569
2234,0.004043399150886178,2234,0.0036390592357975603,0.7368421052631579
2235,0.004110789136734281,2235,0.0036390592357975603,0.7414246243008289
2236,0.004110789136734281,2236,0.0036390592357975603,0.741492014286677
2237,0.004110789136734281,2237,0.0036390592357975603,0.7410876743715884
2238,0.004110789136734281,2238,0.0036390592357975603,0.740211604555563
2239,0.004110789136734281,2239,0.0036390592357975603,0.7370442752207021
2240,0.004110789136734281,2240,0.0036390592357975603,0.7385942448952085
2241,0.004110789136734281,2241,0.0036390592357975603,0.7393355347395377
2242,0.004110789136734281,2242,0.0036390592357975603,0.7414246243008289
2243,0.004110789136734281,2243,0.0036390592357975603,0.736909495249006
2244,0.004110789136734281,2244,0.0036390592357975603,0.7418963542017656
2245,0.004110789136734281,2245,0.0036390592357975603,0.7402789945414111
2246,0.004110789136734281,2246,0.0036390592357975603,0.7413572343149808
2247,0.004110789136734281,2247,0.0036390592357975603,0.7356290855178921
2248,0.004110789136734281,2248,0.0036390592357975603,0.7446593436215379
2249,0.004110789136734281,2249,0.0036390592357975603,0.7445919536356898
2250,0.004110789136734281,2250,0.0036390592357975603,0.7381225149942718
2251,0.0016173596603544713,2251,0.0014151897028101624,0.7363703753622212
2252,0.0016847496462025742,2252,0.0014825796886582653,0.7387290248669047
2253,0.0016847496462025742,2253,0.0014825796886582653,0.7370442752207021
2254,0.0016847496462025742,2254,0.0014825796886582653,0.7396724846687782
2255,0.0016847496462025742,2255,0.0014825796886582653,0.740818114428196
2256,0.0016847496462025742,2256,0.0014825796886582653,0.744794123593234
2257,0.0016847496462025742,2257,0.0015499696745063683,0.7449289035649302
2258,0.0016847496462025742,2258,0.0015499696745063683,0.7418289642159175
2259,0.0016847496462025742,2259,0.0015499696745063683,0.7353595255744997
2260,0.0016847496462025742,2260,0.0015499696745063683,0.7394703147112339
2261,0.0016847496462025742,2261,0.0016173596603544713,0.7389985848102972
2262,0.0016847496462025742,2262,0.0016173596603544713,0.7405485544848036
2263,0.0018195296178987802,2263,0.0016173596603544713,0.7400094345980187
2264,0.0018195296178987802,2264,0.0016847496462025742,0.7409528943998922
2265,0.0018869196037468831,2265,0.0017521396320506772,0.736909495249006
2266,0.0018869196037468831,2266,0.0017521396320506772,0.7409528943998922
2267,0.0018869196037468831,2267,0.0017521396320506772,0.739537704697082
2268,0.0018869196037468831,2268,0.0018195296178987802,0.7407507244423479
2269,0.001954309589594986,2269,0.0018195296178987802,0.7416267942583732
2270,0.001954309589594986,2270,0.0018195296178987802,0.7412898443291327
2271,0.001954309589594986,2271,0.0018195296178987802,0.740818114428196
2272,0.001954309589594986,2272,0.0018195296178987802,0.7348204056877148
2273,0.002021699575443089,2273,0.0018195296178987802,0.735561695532044
2274,0.002089089561291192,2274,0.0018195296178987802,0.7400094345980187
2275,0.002156479547139295,2275,0.0018195296178987802,0.7418963542017656
2276,0.002156479547139295,2276,0.0018869196037468831,0.740818114428196
2277,0.002156479547139295,2277,0.0018869196037468831,0.7400768245838668
2278,0.002156479547139295,2278,0.0018869196037468831,0.7380551250084237
2279,0.002156479547139295,2279,0.001954309589594986,0.7400768245838668
2280,0.002156479547139295,2280,0.001954309589594986,0.7392007547678415
2281,0.002156479547139295,2281,0.001954309589594986,0.7398746546263225
2282,0.002156479547139295,2282,0.002021699575443089,0.7424354740885505
2283,0.002156479547139295,2283,0.002021699575443089,0.741492014286677
2284,0.002156479547139295,2284,0.002021699575443089,0.7424354740885505
2285,0.002223869532987398,2285,0.002021699575443089,0.7436484938338163
2286,0.002223869532987398,2286,0.002089089561291192,0.736909495249006
2287,0.002223869532987398,2287,0.002089089561291192,0.7377855650650313
2288,0.002291259518835501,2288,0.002089089561291192,0.7435811038479682
2289,0.002291259518835501,2289,0.002089089561291192,0.7406833344564998
2290,0.002291259518835501,2290,0.002089089561291192,0.7378529550508794
2291,0.002291259518835501,2291,0.002089089561291192,0.7412898443291327
2292,0.002291259518835501,2292,0.002089089561291192,0.7381899049801199
2293,0.002291259518835501,2293,0.002089089561291192,0.7397398746546263
2294,0.002291259518835501,2294,0.002089089561291192,0.738257294965968
2295,0.002358649504683604,2295,0.002089089561291192,0.737516005121639
2296,0.002358649504683604,2296,0.002089089561291192,0.7445919536356898
2297,0.002358649504683604,2297,0.002089089561291192,0.7387964148527529
2298,0.002358649504683604,2298,0.002089089561291192,0.7385268549093604
2299,0.002358649504683604,2299,0.002089089561291192,0.7363029853763731
2300,0.002426039490531707,2300,0.002089089561291192,0.7393355347395377
2301,0.002426039490531707,2301,0.002089089561291192,0.7394029247253858
2302,0.002426039490531707,2302,0.002089089561291192,0.7371116652065504
2303,0.002426039490531707,2303,0.002089089561291192,0.7458049733809556
2304,0.002426039490531707,2304,0.002089089561291192,0.7404811644989554
2305,0.002426039490531707,2305,0.002089089561291192,0.736909495249006
2306,0.002426039490531707,2306,0.002089089561291192,0.7393355347395377
2307,0.00249342947637981,2307,0.002089089561291192,0.7407507244423479
2308,0.00249342947637981,2308,0.002089089561291192,0.737516005121639
2309,0.00249342947637981,2309,0.002089089561291192,0.743446323876272
2310,0.00249342947637981,2310,0.002089089561291192,0.7417615742300694
2311,0.00249342947637981,2311,0.002089089561291192,0.7384594649235123
2312,0.00249342947637981,2312,0.002089089561291192,0.7425028640743986
2313,0.00249342947637981,2313,0.002089089561291192,0.7391333647819934
2314,0.00249342947637981,2314,0.002089089561291192,0.7444571736639936
2315,0.00249342947637981,2315,0.002156479547139295,0.7413572343149808
2316,0.00249342947637981,2316,0.002156479547139295,0.7439854437630569
2317,0.00249342947637981,2317,0.002156479547139295,0.7425028640743986
2318,0.00249342947637981,2318,0.002156479547139295,0.7510613922771077
2319,0.00249342947637981,2319,0.002156479547139295,0.7370442752207021
2320,0.00249342947637981,2320,0.002156479547139295,0.7389985848102972
2321,0.00249342947637981,2321,0.002156479547139295,0.7370442752207021
2322,0.002560819462227913,2322,0.002156479547139295,0.7392007547678415
2323,0.002560819462227913,2323,0.002156479547139295,0.7393355347395377
2324,0.002560819462227913,2324,0.002156479547139295,0.7397398746546263
2325,0.002560819462227913,2325,0.002223869532987398,0.7435137138621201
2326,0.002560819462227913,2326,0.002223869532987398,0.7413572343149808
2327,0.002628209448076016,2327,0.002291259518835501,0.7414246243008289
2328,0.002628209448076016,2328,0.002291259518835501,0.7449962935507783
2329,0.002628209448076016,2329,0.002291259518835501,0.742772424017791
2330,0.0026955994339241188,2330,0.002291259518835501,0.7396050946829301
2331,0.0026955994339241188,2331,0.002291259518835501,0.7383920749376642
2332,0.0026955994339241188,2332,0.002291259518835501,0.7404137745131073
2333,0.0026955994339241188,2333,0.002291259518835501,0.7410202843857403
2334,0.0026955994339241188,2334,0.002291259518835501,0.7417615742300694
2335,0.0026955994339241188,2335,0.002358649504683604,0.740818114428196
2336,0.0027629894197722217,2336,0.002358649504683604,0.7400768245838668
2337,0.0027629894197722217,2337,0.002358649504683604,0.741492014286677
2338,0.0028303794056203247,2338,0.002426039490531707,0.7446593436215379
2339,0.0028303794056203247,2339,0.00249342947637981,0.7423680841027024
2340,0.0028303794056203247,2340,0.002560819462227913,0.7408855044140441
2341,0.0028303794056203247,2341,0.002560819462227913,0.7418289642159175
2342,0.0028977693914684277,2342,0.002560819462227913,0.7410876743715884
2343,0.0028977693914684277,2343,0.002560819462227913,0.7404811644989554
2344,0.0028977693914684277,2344,0.002560819462227913,0.7354269155603478
2345,0.0028977693914684277,2345,0.002560819462227913,0.7399420446121706
2346,0.0028977693914684277,2346,0.002560819462227913,0.7429072039894872
2347,0.0028977693914684277,2347,0.002560819462227913,0.742772424017791
2348,0.0029651593773165306,2348,0.002560819462227913,0.7422333041310061
2349,0.0029651593773165306,2349,0.002560819462227913,0.7372464451782466
2350,0.0029651593773165306,2350,0.002560819462227913,0.7414246243008289
2351,0.0029651593773165306,2351,0.002560819462227913,0.7356290855178921
2352,0.0029651593773165306,2352,0.002560819462227913,0.7441202237347531
2353,0.0029651593773165306,2353,0.002560819462227913,0.7416267942583732
2354,0.0029651593773165306,2354,0.002560819462227913,0.7406159444706517
2355,0.0029651593773165306,2355,0.002560819462227913,0.7371116652065504
2356,0.0030325493631646336,2356,0.002560819462227913,0.7411550643574365
2357,0.0030325493631646336,2357,0.002560819462227913,0.7410876743715884
2358,0.0030999393490127366,2358,0.002628209448076016,0.7404811644989554
2359,0.0030999393490127366,2359,0.002628209448076016,0.7426376440460948
2360,0.0030999393490127366,2360,0.002628209448076016,0.7348204056877148
2361,0.0031673293348608396,2361,0.002628209448076016,0.7422333041310061
2362,0.0031673293348608396,2362,0.0026955994339241188,0.7389985848102972
2363,0.0031673293348608396,2363,0.0026955994339241188,0.7406833344564998
2364,0.0031673293348608396,2364,0.0026955994339241188,0.738863804838601
2365,0.0031673293348608396,2365,0.0026955994339241188,0.7410876743715884
2366,0.0031673293348608396,2366,0.0026955994339241188,0.7410202843857403
2367,0.0031673293348608396,2367,0.0026955994339241188,0.7448615135790821
2368,0.0031673293348608396,2368,0.0026955994339241188,0.7379877350225756
2369,0.0033021093065570455,2369,0.0026955994339241188,0.7436484938338163
2370,0.0033021093065570455,2370,0.0026955994339241188,0.7401442145697149
2371,0.0033021093065570455,2371,0.0026955994339241188,0.7401442145697149
2372,0.0033021093065570455,2372,0.0026955994339241188,0.7423006941168543
2373,0.0033021093065570455,2373,0.0026955994339241188,0.7418289642159175
2374,0.0033021093065570455,2374,0.0026955994339241188,0.7404137745131073
2375,0.0033021093065570455,2375,0.0026955994339241188,0.7423006941168543
2376,0.0033021093065570455,2376,0.0026955994339241188,0.7399420446121706
2377,0.0033694992924051485,2377,0.0026955994339241188,0.7378529550508794
2378,0.0034368892782532514,2378,0.0027629894197722217,0.7401442145697149
2379,0.0035042792641013544,2379,0.0027629894197722217,0.7415594042725251
2380,0.0035042792641013544,2380,0.0027629894197722217,0.7394029247253858
2381,0.0035716692499494574,2381,0.0027629894197722217,0.7429072039894872
2382,0.0035716692499494574,2382,0.0027629894197722217,0.7438506637913606
2383,0.0035716692499494574,2383,0.0027629894197722217,0.7400768245838668
2384,0.0035716692499494574,2384,0.0028303794056203247,0.7396724846687782
2385,0.0035716692499494574,2385,0.0028303794056203247,0.7390659747961453
2386,0.0035716692499494574,2386,0.0028303794056203247,0.7400768245838668
2387,0.0035716692499494574,2387,0.0028303794056203247,0.743446323876272
2388,0.0035716692499494574,2388,0.0028303794056203247,0.7423680841027024
2389,0.0036390592357975603,2389,0.0028303794056203247,0.7435811038479682
2390,0.0036390592357975603,2390,0.0028303794056203247,0.7396724846687782
2391,0.0036390592357975603,2391,0.0028977693914684277,0.738257294965968
2392,0.0036390592357975603,2392,0.0028977693914684277,0.7412224543432846
2393,0.0036390592357975603,2393,0.0028977693914684277,0.7433789338904239
2394,0.0036390592357975603,2394,0.0028977693914684277,0.7442550037064493
2395,0.0037064492216456633,2395,0.0028977693914684277,0.7422333041310061
2396,0.0037064492216456633,2396,0.0028977693914684277,0.7427050340319429
2397,0.0037064492216456633,2397,0.0029651593773165306,0.7453332434800188
2398,0.0037064492216456633,2398,0.0029651593773165306,0.7368421052631579
2399,0.0037064492216456633,2399,0.0029651593773165306,0.741492014286677
2400,0.0037738392074937663,2400,0.0029651593773165306,0.7429745939753353
2401,0.0037738392074937663,2401,0.0029651593773165306,0.735561695532044
2402,0.0037738392074937663,2402,0.0030325493631646336,0.7361008154188288
2403,0.0037738392074937663,2403,0.0030999393490127366,0.7413572343149808
2404,0.0037738392074937663,2404,0.0030999393490127366,0.7399420446121706
2405,0.0038412291933418692,2405,0.0030999393490127366,0.7436484938338163
2406,0.0038412291933418692,2406,0.0031673293348608396,0.7406159444706517
2407,0.0038412291933418692,2407,0.0031673293348608396,0.7408855044140441
2408,0.0038412291933418692,2408,0.0031673293348608396,0.7407507244423479
2409,0.0038412291933418692,2409,0.0031673293348608396,0.7412898443291327
2410,0.0038412291933418692,2410,0.0031673293348608396,0.7426376440460948
2411,0.0038412291933418692,2411,0.0031673293348608396,0.7432441539187277
2412,0.0038412291933418692,2412,0.0031673293348608396,0.7415594042725251
2413,0.0038412291933418692,2413,0.0031673293348608396,0.7380551250084237
2414,0.0038412291933418692,2414,0.0031673293348608396,0.7372464451782466
2415,0.0038412291933418692,2415,0.0031673293348608396,0.7449962935507783
2416,0.003908619179189972,2416,0.0031673293348608396,0.7404811644989554
2417,0.003976009165038075,2417,0.0031673293348608396,0.7418963542017656
2418,0.003976009165038075,2418,0.0031673293348608396,0.7401442145697149
2419,0.003976009165038075,2419,0.0031673293348608396,0.740211604555563
2420,0.003976009165038075,2420,0.0031673293348608396,0.7419637441876137
2421,0.003976009165038075,2421,0.0031673293348608396,0.7402789945414111
2422,0.003976009165038075,2422,0.0031673293348608396,0.7406833344564998
2423,0.003976009165038075,2423,0.0031673293348608396,0.739537704697082
2424,0.003976009165038075,2424,0.0031673293348608396,0.7431767639328796
2425,0.003976009165038075,2425,0.0031673293348608396,0.7392007547678415
2426,0.004043399150886178,2426,0.0031673293348608396,0.7390659747961453
2427,0.004043399150886178,2427,0.0031673293348608396,0.7397398746546263
2428,0.004043399150886178,2428,0.0031673293348608396,0.7372464451782466
2429,0.004110789136734281,2429,0.0031673293348608396,0.737583395107487
2430,0.004110789136734281,2430,0.0032347193207089425,0.7392681447536896
2431,0.004178179122582384,2431,0.0032347193207089425,0.7367747152773098
2432,0.004178179122582384,2432,0.0032347193207089425,0.7439180537772087
2433,0.004178179122582384,2433,0.0032347193207089425,0.7400094345980187
2434,0.004178179122582384,2434,0.0032347193207089425,0.7406159444706517
2435,0.004178179122582384,2435,0.0032347193207089425,0.7385268549093604
2436,0.004245569108430487,2436,0.0032347193207089425,0.73428128580093
2437,0.004245569108430487,2437,0.0032347193207089425,0.7389985848102972
2438,0.004245569108430487,2438,0.0032347193207089425,0.7461419233101961
2439,0.004245569108430487,2439,0.0032347193207089425,0.7385942448952085
2440,0.004245569108430487,2440,0.0032347193207089425,0.7418963542017656
2441,0.004245569108430487,2441,0.0032347193207089425,0.7389985848102972
2442,0.004245569108430487,2442,0.0032347193207089425,0.738257294965968
2443,0.00431295909427859,2443,0.0032347193207089425,0.7358986454612845
2444,0.00431295909427859,2444,0.0032347193207089425,0.7425028640743986
2445,0.00431295909427859,2445,0.0032347193207089425,0.7429745939753353
2446,0.00431295909427859,2446,0.0033021093065570455,0.7417615742300694
2447,0.00431295909427859,2447,0.0033021093065570455,0.7394703147112339
2448,0.00431295909427859,2448,0.0033021093065570455,0.7417615742300694
2449,0.00431295909427859,2449,0.0033694992924051485,0.742165914145158
2450,0.004380349080126693,2450,0.0033694992924051485,0.7425702540602467
2451,0.004380349080126693,2451,0.0033694992924051485,0.7425702540602467
2452,0.004447739065974796,2452,0.0033694992924051485,0.7379203450367275
2453,0.004515129051822899,2453,0.0033694992924051485,0.7402789945414111
2454,0.004515129051822899,2454,0.0034368892782532514,0.7432441539187277
2455,0.004515129051822899,2455,0.0034368892782532514,0.7425028640743986
2456,0.004515129051822899,2456,0.0034368892782532514,0.7435811038479682
2457,0.004582519037671002,2457,0.0034368892782532514,0.7420985241593099
2458,0.004582519037671002,2458,0.0034368892782532514,0.740211604555563
2459,0.004582519037671002,2459,0.0034368892782532514,0.7437158838196644
2460,0.004582519037671002,2460,0.0034368892782532514,0.7437158838196644
2461,0.004582519037671002,2461,0.0034368892782532514,0.739537704697082
2462,0.004582519037671002,2462,0.0034368892782532514,0.7411550643574365
2463,0.004582519037671002,2463,0.0035042792641013544,0.738863804838601
2464,0.004582519037671002,2464,0.0035042792641013544,0.7413572343149808
2465,0.004582519037671002,2465,0.0035042792641013544,0.7427050340319429
2466,0.004582519037671002,2466,0.0035042792641013544,0.7410876743715884
2467,0.004582519037671002,2467,0.0035042792641013544,0.7410876743715884
2468,0.004582519037671002,2468,0.0035042792641013544,0.7391333647819934
2469,0.004582519037671002,2469,0.0035042792641013544,0.7406159444706517
2470,0.004582519037671002,2470,0.0035042792641013544,0.7412898443291327
2471,0.004582519037671002,2471,0.0035042792641013544,0.7406833344564998
2472,0.004582519037671002,2472,0.0035042792641013544,0.7361008154188288
2473,0.004582519037671002,2473,0.0035042792641013544,0.7406159444706517
2474,0.004582519037671002,2474,0.0035042792641013544,0.738257294965968
2475,0.004582519037671002,2475,0.0035042792641013544,0.7389985848102972
2476,0.004582519037671002,2476,0.0035042792641013544,0.738863804838601
2477,0.004582519037671002,2477,0.0035042792641013544,0.7412898443291327
2478,0.004582519037671002,2478,0.0035042792641013544,0.7416267942583732
2479,0.004582519037671002,2479,0.0035042792641013544,0.7365725453197655
2480,0.004582519037671002,2480,0.0035042792641013544,0.7365051553339174
2481,0.004649909023519105,2481,0.0035042792641013544,0.7416267942583732
2482,0.004649909023519105,2482,0.0035716692499494574,0.7358986454612845
2483,0.004717299009367208,2483,0.0035716692499494574,0.7423680841027024
2484,0.004717299009367208,2484,0.0035716692499494574,0.7411550643574365
2485,0.004717299009367208,2485,0.0035716692499494574,0.7418963542017656
2486,0.004717299009367208,2486,0.0035716692499494574,0.7406159444706517
2487,0.004784688995215311,2487,0.0035716692499494574,0.742165914145158
2488,0.004784688995215311,2488,0.0035716692499494574,0.7365725453197655
2489,0.004784688995215311,2489,0.0035716692499494574,0.7401442145697149
2490,0.004784688995215311,2490,0.0035716692499494574,0.7410876743715884
2491,0.004784688995215311,2491,0.0035716692499494574,0.7410202843857403
2492,0.004784688995215311,2492,0.0035716692499494574,0.7412224543432846
2493,0.004784688995215311,2493,0.0035716692499494574,0.744726733607386
2494,0.004852078981063414,2494,0.0035716692499494574,0.7408855044140441
2495,0.004852078981063414,2495,0.0036390592357975603,0.7377181750791832
2496,0.004852078981063414,2496,0.0036390592357975603,0.7443897836781455
2497,0.004852078981063414,2497,0.0036390592357975603,0.7404811644989554
2498,0.004852078981063414,2498,0.0036390592357975603,0.7415594042725251
2499,0.004852078981063414,2499,0.0036390592357975603,0.7422333041310061
