,bpr_unbiased_uncalibrated_large,round,bpr_unbiased_calibrated_linear_time_large,bpr_unbiased_calibrated_constant_large
0,0.001646410208195448,0,0.0016430250834673643,0.0016429477836936712
1,0.001646410208195448,1,0.0016430250834673643,0.0016429477836936712
2,0.001646410208195448,2,0.0016430250834673643,0.0016429477836936712
3,0.001646410208195448,3,0.0016430250834673643,0.0016429477836936712
4,0.001646410208195448,4,0.0016430250834673643,0.0016429477836936712
5,0.001646410208195448,5,0.0016430250834673643,0.0016429477836936712
6,0.001646410208195448,6,0.0016430250834673643,0.0016429477836936712
7,0.001646410208195448,7,0.0016430250834673643,0.0016429477836936712
8,0.001646410208195448,8,0.0016430250834673643,0.0016429477836936712
9,0.001646410208195448,9,0.0016430250834673643,0.0016429477836936712
10,0.001646410208195448,10,0.0016430250834673643,0.0016429477836936712
11,0.001646410208195448,11,0.0016430250834673643,0.0016429477836936712
12,0.001646410208195448,12,0.0016430250834673643,0.0016429477836936712
13,0.001646410208195448,13,0.0016430250834673643,0.0016429477836936712
14,0.001646410208195448,14,0.0016430250834673643,0.0016429477836936712
15,0.001646410208195448,15,0.0016430250834673643,0.0016429477836936712
16,0.001646410208195448,16,0.0016430250834673643,0.0016429477836936712
17,0.001646410208195448,17,0.0016430250834673643,0.0016429477836936712
18,0.001646410208195448,18,0.0016430250834673643,0.0016429477836936712
19,0.001646410208195448,19,0.0016430250834673643,0.0016429477836936712
20,0.001646410208195448,20,0.0016430250834673643,0.0016429477836936712
21,0.001646410208195448,21,0.0016430250834673643,0.0016429477836936712
22,0.001646410208195448,22,0.0016430250834673643,0.0016429477836936712
23,0.001646410208195448,23,0.0016430250834673643,0.0016429477836936712
24,0.001646410208195448,24,0.0016430250834673643,0.0016429477836936712
25,0.001646410208195448,25,0.0016430250834673643,0.0016429477836936712
26,0.001646410208195448,26,0.0016430250834673643,0.0016429477836936712
27,0.001646410208195448,27,0.0016430250834673643,0.0016429477836936712
28,0.001646410208195448,28,0.0016430250834673643,0.0016429477836936712
29,0.001646410208195448,29,0.0016430250834673643,0.0016429477836936712
30,0.001646410208195448,30,0.0016430250834673643,0.0016429477836936712
31,0.001646410208195448,31,0.0016430250834673643,0.0016429477836936712
32,0.001646410208195448,32,0.0016430250834673643,0.0016429477836936712
33,0.001646410208195448,33,0.0016430250834673643,0.0016429477836936712
34,0.001646410208195448,34,0.0016430250834673643,0.0016429477836936712
35,0.001646410208195448,35,0.0016430250834673643,0.0016429477836936712
36,0.001646410208195448,36,0.0016430250834673643,0.0016429477836936712
37,0.001646410208195448,37,0.0016430250834673643,0.0016429477836936712
38,0.001646410208195448,38,0.0016430250834673643,0.0016429477836936712
39,0.001646410208195448,39,0.0016430250834673643,0.0016429477836936712
40,0.001646410208195448,40,0.0016430250834673643,0.0016429477836936712
41,0.001646410208195448,41,0.0016430250834673643,0.0016429477836936712
42,0.001646410208195448,42,0.0016430250834673643,0.0016429477836936712
43,0.001646410208195448,43,0.0016430250834673643,0.0016429477836936712
44,0.001646410208195448,44,0.0016430250834673643,0.0016429477836936712
45,0.001646410208195448,45,0.0016430250834673643,0.0016429477836936712
46,0.001646410208195448,46,0.0016430250834673643,0.0016429477836936712
47,0.001646410208195448,47,0.0016430250834673643,0.0016429477836936712
48,0.001646410208195448,48,0.0016430250834673643,0.0016429477836936712
49,0.001646410208195448,49,0.0016430250834673643,0.0016429477836936712
50,0.001646410208195448,50,0.0016430250834673643,0.0016429477836936712
51,0.001646410208195448,51,0.0016430250834673643,0.0016429477836936712
52,0.001646410208195448,52,0.0016430250834673643,0.0016429477836936712
53,0.001646410208195448,53,0.0016430250834673643,0.0016429477836936712
54,0.001646410208195448,54,0.0016430250834673643,0.0016429477836936712
55,0.001646410208195448,55,0.0016430250834673643,0.0016429477836936712
56,0.001646410208195448,56,0.0016430250834673643,0.0016429477836936712
57,0.001646410208195448,57,0.0016430250834673643,0.0016429477836936712
58,0.001646410208195448,58,0.0016430250834673643,0.0016429477836936712
59,0.001646410208195448,59,0.0016430250834673643,0.0016429477836936712
60,0.001646410208195448,60,0.0016430250834673643,0.0016429477836936712
61,0.001646410208195448,61,0.0016430250834673643,0.0016429477836936712
62,0.001646410208195448,62,0.0016430250834673643,0.0016429477836936712
63,0.001646410208195448,63,0.0016430250834673643,0.0016429477836936712
64,0.001646410208195448,64,0.0016430250834673643,0.0016429477836936712
65,0.001646410208195448,65,0.0016430250834673643,0.0016429477836936712
66,0.001646410208195448,66,0.0016430250834673643,0.0016429477836936712
67,0.001646410208195448,67,0.0016430250834673643,0.0016429477836936712
68,0.001646410208195448,68,0.0016430250834673643,0.0016429477836936712
69,0.001646410208195448,69,0.0016430250834673643,0.0016429477836936712
70,0.001646410208195448,70,0.0016430250834673643,0.0016429477836936712
71,0.001646410208195448,71,0.0016430250834673643,0.0016429477836936712
72,0.001646410208195448,72,0.0016430250834673643,0.0016429477836936712
73,0.001646410208195448,73,0.0016430250834673643,0.0016429477836936712
74,0.001646410208195448,74,0.0016430250834673643,0.0016429477836936712
75,0.001646410208195448,75,0.0016430250834673643,0.0016429477836936712
76,0.001646410208195448,76,0.0016430250834673643,0.0016429477836936712
77,0.001646410208195448,77,0.0016430250834673643,0.0016429477836936712
78,0.001646410208195448,78,0.0016430250834673643,0.0016429477836936712
79,0.001646410208195448,79,0.0016430250834673643,0.0016429477836936712
80,0.001646410208195448,80,0.0016430250834673643,0.0016429477836936712
81,0.001646410208195448,81,0.0016430250834673643,0.0016429477836936712
82,0.001646410208195448,82,0.0016430250834673643,0.0016429477836936712
83,0.001646410208195448,83,0.0016430250834673643,0.0016429477836936712
84,0.001646410208195448,84,0.0016430250834673643,0.0016429477836936712
85,0.001646410208195448,85,0.0016430250834673643,0.0016429477836936712
86,0.001646410208195448,86,0.0016430250834673643,0.0016429477836936712
87,0.001646410208195448,87,0.0016430250834673643,0.0016429477836936712
88,0.001646410208195448,88,0.0016430250834673643,0.0016429477836936712
89,0.001646410208195448,89,0.0016430250834673643,0.0016429477836936712
90,0.001646410208195448,90,0.0016430250834673643,0.0016429477836936712
91,0.001646410208195448,91,0.0016430250834673643,0.0016429477836936712
92,0.001646410208195448,92,0.0016430250834673643,0.0016429477836936712
93,0.001646410208195448,93,0.0016430250834673643,0.0016429477836936712
94,0.001646410208195448,94,0.0016430250834673643,0.0016429477836936712
95,0.001646410208195448,95,0.0016430250834673643,0.0016429477836936712
96,0.001646410208195448,96,0.0016430250834673643,0.0016429477836936712
97,0.001646410208195448,97,0.0016430250834673643,0.0016429477836936712
98,0.001646410208195448,98,0.0016430250834673643,0.0016429477836936712
99,0.001646410208195448,99,0.0016430250834673643,0.0016429477836936712
100,0.001646410208195448,100,0.0016430250834673643,0.0016429477836936712
101,0.001646410208195448,101,0.0016430250834673643,0.0016429477836936712
102,0.001646410208195448,102,0.0016430250834673643,0.0016429477836936712
103,0.001646410208195448,103,0.0016430250834673643,0.0016429477836936712
104,0.001646410208195448,104,0.0016430250834673643,0.0016429477836936712
105,0.001646410208195448,105,0.0016430250834673643,0.0016429477836936712
106,0.001646410208195448,106,0.0016430250834673643,0.0016429477836936712
107,0.001646410208195448,107,0.0016430250834673643,0.0016429477836936712
108,0.001646410208195448,108,0.0016430250834673643,0.0016429477836936712
109,0.001646410208195448,109,0.0016430250834673643,0.0016429477836936712
110,0.001646410208195448,110,0.0016430250834673643,0.0016429477836936712
111,0.001646410208195448,111,0.0016430250834673643,0.0016429477836936712
112,0.001646410208195448,112,0.0016430250834673643,0.0016429477836936712
113,0.001646410208195448,113,0.0016430250834673643,0.0016429477836936712
114,0.001646410208195448,114,0.0016430250834673643,0.0016429477836936712
115,0.001646410208195448,115,0.0016430250834673643,0.0016429477836936712
116,0.001646410208195448,116,0.0016430250834673643,0.0016429477836936712
117,0.001646410208195448,117,0.0016430250834673643,0.0016429477836936712
118,0.001646410208195448,118,0.0016430250834673643,0.0016429477836936712
119,0.001646410208195448,119,0.0016430250834673643,0.0016429477836936712
120,0.001646410208195448,120,0.0016430250834673643,0.0016429477836936712
121,0.001646410208195448,121,0.0016430250834673643,0.0016429477836936712
122,0.001646410208195448,122,0.0016430250834673643,0.0016429477836936712
123,0.001646410208195448,123,0.0016430250834673643,0.0016429477836936712
124,0.001646410208195448,124,0.0016430250834673643,0.0016429477836936712
125,0.001646410208195448,125,0.0016430250834673643,0.0016429477836936712
126,0.001646410208195448,126,0.0016430250834673643,0.0016429477836936712
127,0.001646410208195448,127,0.0016430250834673643,0.0016429477836936712
128,0.001646410208195448,128,0.0016430250834673643,0.0016429477836936712
129,0.001646410208195448,129,0.0016430250834673643,0.0016429477836936712
130,0.001646410208195448,130,0.0016430250834673643,0.0016429477836936712
131,0.001646410208195448,131,0.0016430250834673643,0.0016429477836936712
132,0.001646410208195448,132,0.0016430250834673643,0.0016429477836936712
133,0.001646410208195448,133,0.0016430250834673643,0.0016429477836936712
134,0.001646410208195448,134,0.0016430250834673643,0.0016429477836936712
135,0.001646410208195448,135,0.0016430250834673643,0.0016429477836936712
136,0.001646410208195448,136,0.0016430250834673643,0.0016429477836936712
137,0.001646410208195448,137,0.0016430250834673643,0.0016429477836936712
138,0.001646410208195448,138,0.0016430250834673643,0.0016429477836936712
139,0.001646410208195448,139,0.0016430250834673643,0.0016429477836936712
140,0.001646410208195448,140,0.0016430250834673643,0.0016429477836936712
141,0.001646410208195448,141,0.0016430250834673643,0.0016429477836936712
142,0.001646410208195448,142,0.0016430250834673643,0.0016429477836936712
143,0.001646410208195448,143,0.0016430250834673643,0.0016429477836936712
144,0.001646410208195448,144,0.0016430250834673643,0.0016429477836936712
145,0.001646410208195448,145,0.0016430250834673643,0.0016429477836936712
146,0.001646410208195448,146,0.0016430250834673643,0.0016429477836936712
147,0.001646410208195448,147,0.0016430250834673643,0.0016429477836936712
148,0.001646410208195448,148,0.0016430250834673643,0.0016429477836936712
149,0.001646410208195448,149,0.0016430250834673643,0.0016429477836936712
150,0.001646410208195448,150,0.0016430250834673643,0.0016429477836936712
151,0.001646410208195448,151,0.0016430250834673643,0.0016429477836936712
152,0.001646410208195448,152,0.0016430250834673643,0.0016429477836936712
153,0.001646410208195448,153,0.0016430250834673643,0.0016429477836936712
154,0.001646410208195448,154,0.0016430250834673643,0.0016429477836936712
155,0.001646410208195448,155,0.0016430250834673643,0.0016429477836936712
156,0.001646410208195448,156,0.0016430250834673643,0.0016429477836936712
157,0.001646410208195448,157,0.0016430250834673643,0.0016429477836936712
158,0.001646410208195448,158,0.0016430250834673643,0.0016429477836936712
159,0.001646410208195448,159,0.0016430250834673643,0.0016429477836936712
160,0.001646410208195448,160,0.0016430250834673643,0.0016429477836936712
161,0.001646410208195448,161,0.0016430250834673643,0.0016429477836936712
162,0.001646410208195448,162,0.0016430250834673643,0.0016429477836936712
163,0.001646410208195448,163,0.0016430250834673643,0.0016429477836936712
164,0.001646410208195448,164,0.0016430250834673643,0.0016429477836936712
165,0.001646410208195448,165,0.0016430250834673643,0.0016429477836936712
166,0.001646410208195448,166,0.0016430250834673643,0.0016429477836936712
167,0.001646410208195448,167,0.0016430250834673643,0.0016429477836936712
168,0.001646410208195448,168,0.0016430250834673643,0.0016429477836936712
169,0.001646410208195448,169,0.0016430250834673643,0.0016429477836936712
170,0.001646410208195448,170,0.0016430250834673643,0.0016429477836936712
171,0.001646410208195448,171,0.0016430250834673643,0.0016429477836936712
172,0.001646410208195448,172,0.0016430250834673643,0.0016429477836936712
173,0.001646410208195448,173,0.0016430250834673643,0.0016429477836936712
174,0.001646410208195448,174,0.0016430250834673643,0.0016429477836936712
175,0.001646410208195448,175,0.0016430250834673643,0.0016429477836936712
176,0.001646410208195448,176,0.0016430250834673643,0.0016429477836936712
177,0.001646410208195448,177,0.0016430250834673643,0.0016429477836936712
178,0.001646410208195448,178,0.0016430250834673643,0.0016429477836936712
179,0.001646410208195448,179,0.0016430250834673643,0.0016429477836936712
180,0.001646410208195448,180,0.0016430250834673643,0.0016429477836936712
181,0.001646410208195448,181,0.0016430250834673643,0.0016429477836936712
182,0.001646410208195448,182,0.0016430250834673643,0.0016429477836936712
183,0.001646410208195448,183,0.0016430250834673643,0.0016429477836936712
184,0.001646410208195448,184,0.0016430250834673643,0.0016429477836936712
185,0.001646410208195448,185,0.0016430250834673643,0.0016429477836936712
186,0.001646410208195448,186,0.0016430250834673643,0.0016429477836936712
187,0.001646410208195448,187,0.0016430250834673643,0.0016429477836936712
188,0.001646410208195448,188,0.0016430250834673643,0.0016429477836936712
189,0.001646410208195448,189,0.0016430250834673643,0.0016429477836936712
190,0.001646410208195448,190,0.0016430250834673643,0.0016429477836936712
191,0.001646410208195448,191,0.0016430250834673643,0.0016429477836936712
192,0.001646410208195448,192,0.0016430250834673643,0.0016429477836936712
193,0.001646410208195448,193,0.0016430250834673643,0.0016429477836936712
194,0.001646410208195448,194,0.0016430250834673643,0.0016429477836936712
195,0.001646410208195448,195,0.0016430250834673643,0.0016429477836936712
196,0.001646410208195448,196,0.0016430250834673643,0.0016429477836936712
197,0.001646410208195448,197,0.0016430250834673643,0.0016429477836936712
198,0.001646410208195448,198,0.0016430250834673643,0.0016429477836936712
199,0.001646410208195448,199,0.0016430250834673643,0.0016429477836936712
200,0.001646410208195448,200,0.0016430250834673643,0.0016429477836936712
201,0.001646410208195448,201,0.0016430250834673643,0.0016429477836936712
202,0.001646410208195448,202,0.0016430250834673643,0.0016429477836936712
203,0.001646410208195448,203,0.0016430250834673643,0.0016429477836936712
204,0.001646410208195448,204,0.0016430250834673643,0.0016429477836936712
205,0.001646410208195448,205,0.0016430250834673643,0.0016429477836936712
206,0.001646410208195448,206,0.0016430250834673643,0.0016429477836936712
207,0.001646410208195448,207,0.0016430250834673643,0.0016429477836936712
208,0.001646410208195448,208,0.0016430250834673643,0.0016429477836936712
209,0.001646410208195448,209,0.0016430250834673643,0.0016429477836936712
210,0.001646410208195448,210,0.0016430250834673643,0.0016429477836936712
211,0.001646410208195448,211,0.0016430250834673643,0.0016429477836936712
212,0.001646410208195448,212,0.0016430250834673643,0.0016429477836936712
213,0.001646410208195448,213,0.0016430250834673643,0.0016429477836936712
214,0.001646410208195448,214,0.0016430250834673643,0.0016429477836936712
215,0.001646410208195448,215,0.0016430250834673643,0.0016429477836936712
216,0.001646410208195448,216,0.0016430250834673643,0.0016429477836936712
217,0.001646410208195448,217,0.0016430250834673643,0.0016429477836936712
218,0.001646410208195448,218,0.0016430250834673643,0.0016429477836936712
219,0.001646410208195448,219,0.0016430250834673643,0.0016429477836936712
220,0.001646410208195448,220,0.0016430250834673643,0.0016429477836936712
221,0.001646410208195448,221,0.0016430250834673643,0.0016429477836936712
222,0.001646410208195448,222,0.0016430250834673643,0.0016429477836936712
223,0.001646410208195448,223,0.0016430250834673643,0.0016429477836936712
224,0.001646410208195448,224,0.0016430250834673643,0.0016429477836936712
225,0.001646410208195448,225,0.0016430250834673643,0.0016429477836936712
226,0.001646410208195448,226,0.0016430250834673643,0.0016429477836936712
227,0.001646410208195448,227,0.0016430250834673643,0.0016429477836936712
228,0.001646410208195448,228,0.0016430250834673643,0.0016429477836936712
229,0.001646410208195448,229,0.0016430250834673643,0.0016429477836936712
230,0.001646410208195448,230,0.0016430250834673643,0.0016429477836936712
231,0.001646410208195448,231,0.0016430250834673643,0.0016429477836936712
232,0.001646410208195448,232,0.0016430250834673643,0.0016429477836936712
233,0.001646410208195448,233,0.0016430250834673643,0.0016429477836936712
234,0.001646410208195448,234,0.0016430250834673643,0.0016429477836936712
235,0.001646410208195448,235,0.0016430250834673643,0.0016429477836936712
236,0.001646410208195448,236,0.0016430250834673643,0.0016429477836936712
237,0.001646410208195448,237,0.0016430250834673643,0.0016429477836936712
238,0.001646410208195448,238,0.0016430250834673643,0.0016429477836936712
239,0.001646410208195448,239,0.0016430250834673643,0.0016429477836936712
240,0.001646410208195448,240,0.0016430250834673643,0.0016429477836936712
241,0.001646410208195448,241,0.0016430250834673643,0.0016429477836936712
242,0.001646410208195448,242,0.0016430250834673643,0.0016429477836936712
243,0.001646410208195448,243,0.0016430250834673643,0.0016429477836936712
244,0.001646410208195448,244,0.0016430250834673643,0.0016429477836936712
245,0.001646410208195448,245,0.0016430250834673643,0.0016429477836936712
246,0.001646410208195448,246,0.0016430250834673643,0.0016429477836936712
247,0.001646410208195448,247,0.0016430250834673643,0.0016429477836936712
248,0.001646410208195448,248,0.0016430250834673643,0.0016429477836936712
249,0.001646410208195448,249,0.0016430250834673643,0.0016429477836936712
250,0.0016464381478726864,250,0.0016439693281427026,0.0016426191432401538
251,0.0016464381478726864,251,0.0016439693281427026,0.0016426191432401538
252,0.0016464381478726864,252,0.0016439693281427026,0.0016426191432401538
253,0.0016464381478726864,253,0.0016439693281427026,0.0016426191432401538
254,0.0016464381478726864,254,0.0016439693281427026,0.0016426191432401538
255,0.0016464381478726864,255,0.0016439693281427026,0.0016426191432401538
256,0.0016464381478726864,256,0.0016439693281427026,0.0016426191432401538
257,0.0016464381478726864,257,0.0016439693281427026,0.0016426191432401538
258,0.0016464381478726864,258,0.0016439693281427026,0.0016426191432401538
259,0.0016464381478726864,259,0.0016439693281427026,0.0016426191432401538
260,0.0016464381478726864,260,0.0016439693281427026,0.0016426191432401538
261,0.0016464381478726864,261,0.0016439693281427026,0.0016426191432401538
262,0.0016464381478726864,262,0.0016439693281427026,0.0016426191432401538
263,0.0016464381478726864,263,0.0016439693281427026,0.0016426191432401538
264,0.0016464381478726864,264,0.0016439693281427026,0.0016426191432401538
265,0.0016464381478726864,265,0.0016439693281427026,0.0016426191432401538
266,0.0016464381478726864,266,0.0016439693281427026,0.0016426191432401538
267,0.0016464381478726864,267,0.0016439693281427026,0.0016426191432401538
268,0.0016464381478726864,268,0.0016439693281427026,0.0016426191432401538
269,0.0016464381478726864,269,0.0016439693281427026,0.0016426191432401538
270,0.0016464381478726864,270,0.0016439693281427026,0.0016426191432401538
271,0.0016464381478726864,271,0.0016439693281427026,0.0016426191432401538
272,0.0016464381478726864,272,0.0016439693281427026,0.0016426191432401538
273,0.0016464381478726864,273,0.0016439693281427026,0.0016426191432401538
274,0.0016464381478726864,274,0.0016439693281427026,0.0016426191432401538
275,0.0016464381478726864,275,0.0016439693281427026,0.0016426191432401538
276,0.0016464381478726864,276,0.0016439693281427026,0.0016426191432401538
277,0.0016464381478726864,277,0.0016439693281427026,0.0016426191432401538
278,0.0016464381478726864,278,0.0016439693281427026,0.0016426191432401538
279,0.0016464381478726864,279,0.0016439693281427026,0.0016426191432401538
280,0.0016464381478726864,280,0.0016439693281427026,0.0016426191432401538
281,0.0016464381478726864,281,0.0016439693281427026,0.0016426191432401538
282,0.0016464381478726864,282,0.0016439693281427026,0.0016426191432401538
283,0.0016464381478726864,283,0.0016439693281427026,0.0016426191432401538
284,0.0016464381478726864,284,0.0016439693281427026,0.0016426191432401538
285,0.0016464381478726864,285,0.0016439693281427026,0.0016426191432401538
286,0.0016464381478726864,286,0.0016439693281427026,0.0016426191432401538
287,0.0016464381478726864,287,0.0016439693281427026,0.0016426191432401538
288,0.0016464381478726864,288,0.0016439693281427026,0.0016426191432401538
289,0.0016464381478726864,289,0.0016439693281427026,0.0016426191432401538
290,0.0016464381478726864,290,0.0016439693281427026,0.0016426191432401538
291,0.0016464381478726864,291,0.0016439693281427026,0.0016426191432401538
292,0.0016464381478726864,292,0.0016439693281427026,0.0016426191432401538
293,0.0016464381478726864,293,0.0016439693281427026,0.0016426191432401538
294,0.0016464381478726864,294,0.0016439693281427026,0.0016426191432401538
295,0.0016464381478726864,295,0.0016439693281427026,0.0016426191432401538
296,0.0016464381478726864,296,0.0016439693281427026,0.0016426191432401538
297,0.0016464381478726864,297,0.0016439693281427026,0.0016426191432401538
298,0.0016464381478726864,298,0.0016439693281427026,0.0016426191432401538
299,0.0016464381478726864,299,0.0016439693281427026,0.0016426191432401538
300,0.0016464381478726864,300,0.0016439693281427026,0.0016426191432401538
301,0.0016464381478726864,301,0.0016439693281427026,0.0016426191432401538
302,0.0016464381478726864,302,0.0016439693281427026,0.0016426191432401538
303,0.0016464381478726864,303,0.0016439693281427026,0.0016426191432401538
304,0.0016464381478726864,304,0.0016439693281427026,0.0016426191432401538
305,0.0016464381478726864,305,0.0016439693281427026,0.0016426191432401538
306,0.0016464381478726864,306,0.0016439693281427026,0.0016426191432401538
307,0.0016464381478726864,307,0.0016439693281427026,0.0016426191432401538
308,0.0016464381478726864,308,0.0016439693281427026,0.0016426191432401538
309,0.0016464381478726864,309,0.0016439693281427026,0.0016426191432401538
310,0.0016464381478726864,310,0.0016439693281427026,0.0016426191432401538
311,0.0016464381478726864,311,0.0016439693281427026,0.0016426191432401538
312,0.0016464381478726864,312,0.0016439693281427026,0.0016426191432401538
313,0.0016464381478726864,313,0.0016439693281427026,0.0016426191432401538
314,0.0016464381478726864,314,0.0016439693281427026,0.0016426191432401538
315,0.0016464381478726864,315,0.0016439693281427026,0.0016426191432401538
316,0.0016464381478726864,316,0.0016439693281427026,0.0016426191432401538
317,0.0016464381478726864,317,0.0016439693281427026,0.0016426191432401538
318,0.0016464381478726864,318,0.0016439693281427026,0.0016426191432401538
319,0.0016464381478726864,319,0.0016439693281427026,0.0016426191432401538
320,0.0016464381478726864,320,0.0016439693281427026,0.0016426191432401538
321,0.0016464381478726864,321,0.0016439693281427026,0.0016426191432401538
322,0.0016464381478726864,322,0.0016439693281427026,0.0016426191432401538
323,0.0016464381478726864,323,0.0016439693281427026,0.0016426191432401538
324,0.0016464381478726864,324,0.0016439693281427026,0.0016426191432401538
325,0.0016464381478726864,325,0.0016439693281427026,0.0016426191432401538
326,0.0016464381478726864,326,0.0016439693281427026,0.0016426191432401538
327,0.0016464381478726864,327,0.0016439693281427026,0.0016426191432401538
328,0.0016464381478726864,328,0.0016439693281427026,0.0016426191432401538
329,0.0016464381478726864,329,0.0016439693281427026,0.0016426191432401538
330,0.0016464381478726864,330,0.0016439693281427026,0.0016426191432401538
331,0.0016464381478726864,331,0.0016439693281427026,0.0016426191432401538
332,0.0016464381478726864,332,0.0016439693281427026,0.0016426191432401538
333,0.0016464381478726864,333,0.0016439693281427026,0.0016426191432401538
334,0.0016464381478726864,334,0.0016439693281427026,0.0016426191432401538
335,0.0016464381478726864,335,0.0016439693281427026,0.0016426191432401538
336,0.0016464381478726864,336,0.0016439693281427026,0.0016426191432401538
337,0.0016464381478726864,337,0.0016439693281427026,0.0016426191432401538
338,0.0016464381478726864,338,0.0016439693281427026,0.0016426191432401538
339,0.0016464381478726864,339,0.0016439693281427026,0.0016426191432401538
340,0.0016464381478726864,340,0.0016439693281427026,0.0016426191432401538
341,0.0016464381478726864,341,0.0016439693281427026,0.0016426191432401538
342,0.0016464381478726864,342,0.0016439693281427026,0.0016426191432401538
343,0.0016464381478726864,343,0.0016439693281427026,0.0016426191432401538
344,0.0016464381478726864,344,0.0016439693281427026,0.0016426191432401538
345,0.0016464381478726864,345,0.0016439693281427026,0.0016426191432401538
346,0.0016464381478726864,346,0.0016439693281427026,0.0016426191432401538
347,0.0016464381478726864,347,0.0016439693281427026,0.0016426191432401538
348,0.0016464381478726864,348,0.0016439693281427026,0.0016426191432401538
349,0.0016464381478726864,349,0.0016439693281427026,0.0016426191432401538
350,0.0016464381478726864,350,0.0016439693281427026,0.0016426191432401538
351,0.0016464381478726864,351,0.0016439693281427026,0.0016426191432401538
352,0.0016464381478726864,352,0.0016439693281427026,0.0016426191432401538
353,0.0016464381478726864,353,0.0016439693281427026,0.0016426191432401538
354,0.0016464381478726864,354,0.0016439693281427026,0.0016426191432401538
355,0.0016464381478726864,355,0.0016439693281427026,0.0016426191432401538
356,0.0016464381478726864,356,0.0016439693281427026,0.0016426191432401538
357,0.0016464381478726864,357,0.0016439693281427026,0.0016426191432401538
358,0.0016464381478726864,358,0.0016439693281427026,0.0016426191432401538
359,0.0016464381478726864,359,0.0016439693281427026,0.0016426191432401538
360,0.0016464381478726864,360,0.0016439693281427026,0.0016426191432401538
361,0.0016464381478726864,361,0.0016439693281427026,0.0016426191432401538
362,0.0016464381478726864,362,0.0016439693281427026,0.0016426191432401538
363,0.0016464381478726864,363,0.0016439693281427026,0.0016426191432401538
364,0.0016464381478726864,364,0.0016439693281427026,0.0016426191432401538
365,0.0016464381478726864,365,0.0016439693281427026,0.0016426191432401538
366,0.0016464381478726864,366,0.0016439693281427026,0.0016426191432401538
367,0.0016464381478726864,367,0.0016439693281427026,0.0016426191432401538
368,0.0016464381478726864,368,0.0016439693281427026,0.0016426191432401538
369,0.0016464381478726864,369,0.0016439693281427026,0.0016426191432401538
370,0.0016464381478726864,370,0.0016439693281427026,0.0016426191432401538
371,0.0016464381478726864,371,0.0016439693281427026,0.0016426191432401538
372,0.0016464381478726864,372,0.0016439693281427026,0.0016426191432401538
373,0.0016464381478726864,373,0.0016439693281427026,0.0016426191432401538
374,0.0016464381478726864,374,0.0016439693281427026,0.0016426191432401538
375,0.0016464381478726864,375,0.0016439693281427026,0.0016426191432401538
376,0.0016464381478726864,376,0.0016439693281427026,0.0016426191432401538
377,0.0016464381478726864,377,0.0016439693281427026,0.0016426191432401538
378,0.0016464381478726864,378,0.0016439693281427026,0.0016426191432401538
379,0.0016464381478726864,379,0.0016439693281427026,0.0016426191432401538
380,0.0016464381478726864,380,0.0016439693281427026,0.0016426191432401538
381,0.0016464381478726864,381,0.0016439693281427026,0.0016426191432401538
382,0.0016464381478726864,382,0.0016439693281427026,0.0016426191432401538
383,0.0016464381478726864,383,0.0016439693281427026,0.0016426191432401538
384,0.0016464381478726864,384,0.0016439693281427026,0.0016426191432401538
385,0.0016464381478726864,385,0.0016439693281427026,0.0016426191432401538
386,0.0016464381478726864,386,0.0016439693281427026,0.0016426191432401538
387,0.0016464381478726864,387,0.0016439693281427026,0.0016426191432401538
388,0.0016464381478726864,388,0.0016439693281427026,0.0016426191432401538
389,0.0016464381478726864,389,0.0016439693281427026,0.0016426191432401538
390,0.0016464381478726864,390,0.0016439693281427026,0.0016426191432401538
391,0.0016464381478726864,391,0.0016439693281427026,0.0016426191432401538
392,0.0016464381478726864,392,0.0016439693281427026,0.0016426191432401538
393,0.0016464381478726864,393,0.0016439693281427026,0.0016426191432401538
394,0.0016464381478726864,394,0.0016439693281427026,0.0016426191432401538
395,0.0016464381478726864,395,0.0016439693281427026,0.0016426191432401538
396,0.0016464381478726864,396,0.0016439693281427026,0.0016426191432401538
397,0.0016464381478726864,397,0.0016439693281427026,0.0016426191432401538
398,0.0016464381478726864,398,0.0016439693281427026,0.0016426191432401538
399,0.0016464381478726864,399,0.0016439693281427026,0.0016426191432401538
400,0.0016464381478726864,400,0.0016439693281427026,0.0016426191432401538
401,0.0016464381478726864,401,0.0016439693281427026,0.0016426191432401538
402,0.0016464381478726864,402,0.0016439693281427026,0.0016426191432401538
403,0.0016464381478726864,403,0.0016439693281427026,0.0016426191432401538
404,0.0016464381478726864,404,0.0016439693281427026,0.0016426191432401538
405,0.0016464381478726864,405,0.0016439693281427026,0.0016426191432401538
406,0.0016464381478726864,406,0.0016439693281427026,0.0016426191432401538
407,0.0016464381478726864,407,0.0016439693281427026,0.0016426191432401538
408,0.0016464381478726864,408,0.0016439693281427026,0.0016426191432401538
409,0.0016464381478726864,409,0.0016439693281427026,0.0016426191432401538
410,0.0016464381478726864,410,0.0016439693281427026,0.0016426191432401538
411,0.0016464381478726864,411,0.0016439693281427026,0.0016426191432401538
412,0.0016464381478726864,412,0.0016439693281427026,0.0016426191432401538
413,0.0016464381478726864,413,0.0016439693281427026,0.0016426191432401538
414,0.0016464381478726864,414,0.0016439693281427026,0.0016426191432401538
415,0.0016464381478726864,415,0.0016439693281427026,0.0016426191432401538
416,0.0016464381478726864,416,0.0016439693281427026,0.0016426191432401538
417,0.0016464381478726864,417,0.0016439693281427026,0.0016426191432401538
418,0.0016464381478726864,418,0.0016439693281427026,0.0016426191432401538
419,0.0016464381478726864,419,0.0016439693281427026,0.0016426191432401538
420,0.0016464381478726864,420,0.0016439693281427026,0.0016426191432401538
421,0.0016464381478726864,421,0.0016439693281427026,0.0016426191432401538
422,0.0016464381478726864,422,0.0016439693281427026,0.0016426191432401538
423,0.0016464381478726864,423,0.0016439693281427026,0.0016426191432401538
424,0.0016464381478726864,424,0.0016439693281427026,0.0016426191432401538
425,0.0016464381478726864,425,0.0016439693281427026,0.0016426191432401538
426,0.0016464381478726864,426,0.0016439693281427026,0.0016426191432401538
427,0.0016464381478726864,427,0.0016439693281427026,0.0016426191432401538
428,0.0016464381478726864,428,0.0016439693281427026,0.0016426191432401538
429,0.0016464381478726864,429,0.0016439693281427026,0.0016426191432401538
430,0.0016464381478726864,430,0.0016439693281427026,0.0016426191432401538
431,0.0016464381478726864,431,0.0016439693281427026,0.0016426191432401538
432,0.0016464381478726864,432,0.0016439693281427026,0.0016426191432401538
433,0.0016464381478726864,433,0.0016439693281427026,0.0016426191432401538
434,0.0016464381478726864,434,0.0016439693281427026,0.0016426191432401538
435,0.0016464381478726864,435,0.0016439693281427026,0.0016426191432401538
436,0.0016464381478726864,436,0.0016439693281427026,0.0016426191432401538
437,0.0016464381478726864,437,0.0016439693281427026,0.0016426191432401538
438,0.0016464381478726864,438,0.0016439693281427026,0.0016426191432401538
439,0.0016464381478726864,439,0.0016439693281427026,0.0016426191432401538
440,0.0016464381478726864,440,0.0016439693281427026,0.0016426191432401538
441,0.0016464381478726864,441,0.0016439693281427026,0.0016426191432401538
442,0.0016464381478726864,442,0.0016439693281427026,0.0016426191432401538
443,0.0016464381478726864,443,0.0016439693281427026,0.0016426191432401538
444,0.0016464381478726864,444,0.0016439693281427026,0.0016426191432401538
445,0.0016464381478726864,445,0.0016439693281427026,0.0016426191432401538
446,0.0016464381478726864,446,0.0016439693281427026,0.0016426191432401538
447,0.0016464381478726864,447,0.0016439693281427026,0.0016426191432401538
448,0.0016464381478726864,448,0.0016439693281427026,0.0016426191432401538
449,0.0016464381478726864,449,0.0016439693281427026,0.0016426191432401538
450,0.0016464381478726864,450,0.0016439693281427026,0.0016426191432401538
451,0.0016464381478726864,451,0.0016439693281427026,0.0016426191432401538
452,0.0016464381478726864,452,0.0016439693281427026,0.0016426191432401538
453,0.0016464381478726864,453,0.0016439693281427026,0.0016426191432401538
454,0.0016464381478726864,454,0.0016439693281427026,0.0016426191432401538
455,0.0016464381478726864,455,0.0016439693281427026,0.0016426191432401538
456,0.0016464381478726864,456,0.0016439693281427026,0.0016426191432401538
457,0.0016464381478726864,457,0.0016439693281427026,0.0016426191432401538
458,0.0016464381478726864,458,0.0016439693281427026,0.0016426191432401538
459,0.0016464381478726864,459,0.0016439693281427026,0.0016426191432401538
460,0.0016464381478726864,460,0.0016439693281427026,0.0016426191432401538
461,0.0016464381478726864,461,0.0016439693281427026,0.0016426191432401538
462,0.0016464381478726864,462,0.0016439693281427026,0.0016426191432401538
463,0.0016464381478726864,463,0.0016439693281427026,0.0016426191432401538
464,0.0016464381478726864,464,0.0016439693281427026,0.0016426191432401538
465,0.0016464381478726864,465,0.0016439693281427026,0.0016426191432401538
466,0.0016464381478726864,466,0.0016439693281427026,0.0016426191432401538
467,0.0016464381478726864,467,0.0016439693281427026,0.0016426191432401538
468,0.0016464381478726864,468,0.0016439693281427026,0.0016426191432401538
469,0.0016464381478726864,469,0.0016439693281427026,0.0016426191432401538
470,0.0016464381478726864,470,0.0016439693281427026,0.0016426191432401538
471,0.0016464381478726864,471,0.0016439693281427026,0.0016426191432401538
472,0.0016464381478726864,472,0.0016439693281427026,0.0016426191432401538
473,0.0016464381478726864,473,0.0016439693281427026,0.0016426191432401538
474,0.0016464381478726864,474,0.0016439693281427026,0.0016426191432401538
475,0.0016464381478726864,475,0.0016439693281427026,0.0016426191432401538
476,0.0016464381478726864,476,0.0016439693281427026,0.0016426191432401538
477,0.0016464381478726864,477,0.0016439693281427026,0.0016426191432401538
478,0.0016464381478726864,478,0.0016439693281427026,0.0016426191432401538
479,0.0016464381478726864,479,0.0016439693281427026,0.0016426191432401538
480,0.0016464381478726864,480,0.0016439693281427026,0.0016426191432401538
481,0.0016464381478726864,481,0.0016439693281427026,0.0016426191432401538
482,0.0016464381478726864,482,0.0016439693281427026,0.0016426191432401538
483,0.0016464381478726864,483,0.0016439693281427026,0.0016426191432401538
484,0.0016464381478726864,484,0.0016439693281427026,0.0016426191432401538
485,0.0016464381478726864,485,0.0016439693281427026,0.0016426191432401538
486,0.0016464381478726864,486,0.0016439693281427026,0.0016426191432401538
487,0.0016464381478726864,487,0.0016439693281427026,0.0016426191432401538
488,0.0016464381478726864,488,0.0016439693281427026,0.0016426191432401538
489,0.0016464381478726864,489,0.0016439693281427026,0.0016426191432401538
490,0.0016464381478726864,490,0.0016439693281427026,0.0016426191432401538
491,0.0016464381478726864,491,0.0016439693281427026,0.0016426191432401538
492,0.0016464381478726864,492,0.0016439693281427026,0.0016426191432401538
493,0.0016464381478726864,493,0.0016439693281427026,0.0016426191432401538
494,0.0016464381478726864,494,0.0016439693281427026,0.0016426191432401538
495,0.0016464381478726864,495,0.0016439693281427026,0.0016426191432401538
496,0.0016464381478726864,496,0.0016439693281427026,0.0016426191432401538
497,0.0016464381478726864,497,0.0016439693281427026,0.0016426191432401538
498,0.0016464381478726864,498,0.0016439693281427026,0.0016426191432401538
499,0.0016464381478726864,499,0.0016439693281427026,0.0016426191432401538
500,0.0016467274399474263,500,0.0016433406854048371,0.0016427438240498304
501,0.0016467274399474263,501,0.0016433406854048371,0.0016427438240498304
502,0.0016467274399474263,502,0.0016433406854048371,0.0016427438240498304
503,0.0016467274399474263,503,0.0016433406854048371,0.0016427438240498304
504,0.0016467274399474263,504,0.0016433406854048371,0.0016427438240498304
505,0.0016467274399474263,505,0.0016433406854048371,0.0016427438240498304
506,0.0016467274399474263,506,0.0016433406854048371,0.0016427438240498304
507,0.0016467274399474263,507,0.0016433406854048371,0.0016427438240498304
508,0.0016467274399474263,508,0.0016433406854048371,0.0016427438240498304
509,0.0016467274399474263,509,0.0016433406854048371,0.0016427438240498304
510,0.0016467274399474263,510,0.0016433406854048371,0.0016427438240498304
511,0.0016467274399474263,511,0.0016433406854048371,0.0016427438240498304
512,0.0016467274399474263,512,0.0016433406854048371,0.0016427438240498304
513,0.0016467274399474263,513,0.0016433406854048371,0.0016427438240498304
514,0.0016467274399474263,514,0.0016433406854048371,0.0016427438240498304
515,0.0016467274399474263,515,0.0016433406854048371,0.0016427438240498304
516,0.0016467274399474263,516,0.0016433406854048371,0.0016427438240498304
517,0.0016467274399474263,517,0.0016433406854048371,0.0016427438240498304
518,0.0016467274399474263,518,0.0016433406854048371,0.0016427438240498304
519,0.0016467274399474263,519,0.0016433406854048371,0.0016427438240498304
520,0.0016467274399474263,520,0.0016433406854048371,0.0016427438240498304
521,0.0016467274399474263,521,0.0016433406854048371,0.0016427438240498304
522,0.0016467274399474263,522,0.0016433406854048371,0.0016427438240498304
523,0.0016467274399474263,523,0.0016433406854048371,0.0016427438240498304
524,0.0016467274399474263,524,0.0016433406854048371,0.0016427438240498304
525,0.0016467274399474263,525,0.0016433406854048371,0.0016427438240498304
526,0.0016467274399474263,526,0.0016433406854048371,0.0016427438240498304
527,0.0016467274399474263,527,0.0016433406854048371,0.0016427438240498304
528,0.0016467274399474263,528,0.0016433406854048371,0.0016427438240498304
529,0.0016467274399474263,529,0.0016433406854048371,0.0016427438240498304
530,0.0016467274399474263,530,0.0016433406854048371,0.0016427438240498304
531,0.0016467274399474263,531,0.0016433406854048371,0.0016427438240498304
532,0.0016467274399474263,532,0.0016433406854048371,0.0016427438240498304
533,0.0016467274399474263,533,0.0016433406854048371,0.0016427438240498304
534,0.0016467274399474263,534,0.0016433406854048371,0.0016427438240498304
535,0.0016467274399474263,535,0.0016433406854048371,0.0016427438240498304
536,0.0016467274399474263,536,0.0016433406854048371,0.0016427438240498304
537,0.0016467274399474263,537,0.0016433406854048371,0.0016427438240498304
538,0.0016467274399474263,538,0.0016433406854048371,0.0016427438240498304
539,0.0016467274399474263,539,0.0016433406854048371,0.0016427438240498304
540,0.0016467274399474263,540,0.0016433406854048371,0.0016427438240498304
541,0.0016467274399474263,541,0.0016433406854048371,0.0016427438240498304
542,0.0016467274399474263,542,0.0016433406854048371,0.0016427438240498304
543,0.0016467274399474263,543,0.0016433406854048371,0.0016427438240498304
544,0.0016467274399474263,544,0.0016433406854048371,0.0016427438240498304
545,0.0016467274399474263,545,0.0016433406854048371,0.0016427438240498304
546,0.0016467274399474263,546,0.0016433406854048371,0.0016427438240498304
547,0.0016467274399474263,547,0.0016433406854048371,0.0016427438240498304
548,0.0016467274399474263,548,0.0016433406854048371,0.0016427438240498304
549,0.0016467274399474263,549,0.0016433406854048371,0.0016427438240498304
550,0.0016467274399474263,550,0.0016433406854048371,0.0016427438240498304
551,0.0016467274399474263,551,0.0016433406854048371,0.0016427438240498304
552,0.0016467274399474263,552,0.0016433406854048371,0.0016427438240498304
553,0.0016467274399474263,553,0.0016433406854048371,0.0016427438240498304
554,0.0016467274399474263,554,0.0016433406854048371,0.0016427438240498304
555,0.0016467274399474263,555,0.0016433406854048371,0.0016427438240498304
556,0.0016467274399474263,556,0.0016433406854048371,0.0016427438240498304
557,0.0016467274399474263,557,0.0016433406854048371,0.0016427438240498304
558,0.0016467274399474263,558,0.0016433406854048371,0.0016427438240498304
559,0.0016467274399474263,559,0.0016433406854048371,0.0016427438240498304
560,0.0016467274399474263,560,0.0016433406854048371,0.0016427438240498304
561,0.0016467274399474263,561,0.0016433406854048371,0.0016427438240498304
562,0.0016467274399474263,562,0.0016433406854048371,0.0016427438240498304
563,0.0016467274399474263,563,0.0016433406854048371,0.0016427438240498304
564,0.0016467274399474263,564,0.0016433406854048371,0.0016427438240498304
565,0.0016467274399474263,565,0.0016433406854048371,0.0016427438240498304
566,0.0016467274399474263,566,0.0016433406854048371,0.0016427438240498304
567,0.0016467274399474263,567,0.0016433406854048371,0.0016427438240498304
568,0.0016467274399474263,568,0.0016433406854048371,0.0016427438240498304
569,0.0016467274399474263,569,0.0016433406854048371,0.0016427438240498304
570,0.0016467274399474263,570,0.0016433406854048371,0.0016427438240498304
571,0.0016467274399474263,571,0.0016433406854048371,0.0016427438240498304
572,0.0016467274399474263,572,0.0016433406854048371,0.0016427438240498304
573,0.0016467274399474263,573,0.0016433406854048371,0.0016427438240498304
574,0.0016467274399474263,574,0.0016433406854048371,0.0016427438240498304
575,0.0016467274399474263,575,0.0016433406854048371,0.0016427438240498304
576,0.0016467274399474263,576,0.0016433406854048371,0.0016427438240498304
577,0.0016467274399474263,577,0.0016433406854048371,0.0016427438240498304
578,0.0016467274399474263,578,0.0016433406854048371,0.0016427438240498304
579,0.0016467274399474263,579,0.0016433406854048371,0.0016427438240498304
580,0.0016467274399474263,580,0.0016433406854048371,0.0016427438240498304
581,0.0016467274399474263,581,0.0016433406854048371,0.0016427438240498304
582,0.0016467274399474263,582,0.0016433406854048371,0.0016427438240498304
583,0.0016467274399474263,583,0.0016433406854048371,0.0016427438240498304
584,0.0016467274399474263,584,0.0016433406854048371,0.0016427438240498304
585,0.0016467274399474263,585,0.0016433406854048371,0.0016427438240498304
586,0.0016467274399474263,586,0.0016433406854048371,0.0016427438240498304
587,0.0016467274399474263,587,0.0016433406854048371,0.0016427438240498304
588,0.0016467274399474263,588,0.0016433406854048371,0.0016427438240498304
589,0.0016467274399474263,589,0.0016433406854048371,0.0016427438240498304
590,0.0016467274399474263,590,0.0016433406854048371,0.0016427438240498304
591,0.0016467274399474263,591,0.0016433406854048371,0.0016427438240498304
592,0.0016467274399474263,592,0.0016433406854048371,0.0016427438240498304
593,0.0016467274399474263,593,0.0016433406854048371,0.0016427438240498304
594,0.0016467274399474263,594,0.0016433406854048371,0.0016427438240498304
595,0.0016467274399474263,595,0.0016433406854048371,0.0016427438240498304
596,0.0016467274399474263,596,0.0016433406854048371,0.0016427438240498304
597,0.0016467274399474263,597,0.0016433406854048371,0.0016427438240498304
598,0.0016467274399474263,598,0.0016433406854048371,0.0016427438240498304
599,0.0016467274399474263,599,0.0016433406854048371,0.0016427438240498304
600,0.0016467274399474263,600,0.0016433406854048371,0.0016427438240498304
601,0.0016467274399474263,601,0.0016433406854048371,0.0016427438240498304
602,0.0016467274399474263,602,0.0016433406854048371,0.0016427438240498304
603,0.0016467274399474263,603,0.0016433406854048371,0.0016427438240498304
604,0.0016467274399474263,604,0.0016433406854048371,0.0016427438240498304
605,0.0016467274399474263,605,0.0016433406854048371,0.0016427438240498304
606,0.0016467274399474263,606,0.0016433406854048371,0.0016427438240498304
607,0.0016467274399474263,607,0.0016433406854048371,0.0016427438240498304
608,0.0016467274399474263,608,0.0016433406854048371,0.0016427438240498304
609,0.0016467274399474263,609,0.0016433406854048371,0.0016427438240498304
610,0.0016467274399474263,610,0.0016433406854048371,0.0016427438240498304
611,0.0016467274399474263,611,0.0016433406854048371,0.0016427438240498304
612,0.0016467274399474263,612,0.0016433406854048371,0.0016427438240498304
613,0.0016467274399474263,613,0.0016433406854048371,0.0016427438240498304
614,0.0016467274399474263,614,0.0016433406854048371,0.0016427438240498304
615,0.0016467274399474263,615,0.0016433406854048371,0.0016427438240498304
616,0.0016467274399474263,616,0.0016433406854048371,0.0016427438240498304
617,0.0016467274399474263,617,0.0016433406854048371,0.0016427438240498304
618,0.0016467274399474263,618,0.0016433406854048371,0.0016427438240498304
619,0.0016467274399474263,619,0.0016433406854048371,0.0016427438240498304
620,0.0016467274399474263,620,0.0016433406854048371,0.0016427438240498304
621,0.0016467274399474263,621,0.0016433406854048371,0.0016427438240498304
622,0.0016467274399474263,622,0.0016433406854048371,0.0016427438240498304
623,0.0016467274399474263,623,0.0016433406854048371,0.0016427438240498304
624,0.0016467274399474263,624,0.0016433406854048371,0.0016427438240498304
625,0.0016467274399474263,625,0.0016433406854048371,0.0016427438240498304
626,0.0016467274399474263,626,0.0016433406854048371,0.0016427438240498304
627,0.0016467274399474263,627,0.0016433406854048371,0.0016427438240498304
628,0.0016467274399474263,628,0.0016433406854048371,0.0016427438240498304
629,0.0016467274399474263,629,0.0016433406854048371,0.0016427438240498304
630,0.0016467274399474263,630,0.0016433406854048371,0.0016427438240498304
631,0.0016467274399474263,631,0.0016433406854048371,0.0016427438240498304
632,0.0016467274399474263,632,0.0016433406854048371,0.0016427438240498304
633,0.0016467274399474263,633,0.0016433406854048371,0.0016427438240498304
634,0.0016467274399474263,634,0.0016433406854048371,0.0016427438240498304
635,0.0016467274399474263,635,0.0016433406854048371,0.0016427438240498304
636,0.0016467274399474263,636,0.0016433406854048371,0.0016427438240498304
637,0.0016467274399474263,637,0.0016433406854048371,0.0016427438240498304
638,0.0016467274399474263,638,0.0016433406854048371,0.0016427438240498304
639,0.0016467274399474263,639,0.0016433406854048371,0.0016427438240498304
640,0.0016467274399474263,640,0.0016433406854048371,0.0016427438240498304
641,0.0016467274399474263,641,0.0016433406854048371,0.0016427438240498304
642,0.0016467274399474263,642,0.0016433406854048371,0.0016427438240498304
643,0.0016467274399474263,643,0.0016433406854048371,0.0016427438240498304
644,0.0016467274399474263,644,0.0016433405689895153,0.0016427438240498304
645,0.0016467274399474263,645,0.0016433405689895153,0.0016427438240498304
646,0.0016467274399474263,646,0.0016433405689895153,0.0016427438240498304
647,0.0016467274399474263,647,0.0016433405689895153,0.0016427438240498304
648,0.0016467274399474263,648,0.0016433405689895153,0.0016427438240498304
649,0.0016467274399474263,649,0.0016433405689895153,0.0016427438240498304
650,0.0016467274399474263,650,0.0016433405689895153,0.0016427438240498304
651,0.0016467274399474263,651,0.0016433405689895153,0.0016427438240498304
652,0.0016467274399474263,652,0.0016433405689895153,0.0016427438240498304
653,0.0016467274399474263,653,0.0016433405689895153,0.0016427438240498304
654,0.0016467274399474263,654,0.0016433405689895153,0.0016427438240498304
655,0.0016467274399474263,655,0.0016433405689895153,0.0016427438240498304
656,0.0016467274399474263,656,0.0016433405689895153,0.0016427438240498304
657,0.0016467274399474263,657,0.0016433405689895153,0.0016427438240498304
658,0.0016467274399474263,658,0.0016433405689895153,0.0016427438240498304
659,0.0016467274399474263,659,0.0016433405689895153,0.0016427438240498304
660,0.0016467274399474263,660,0.0016433405689895153,0.0016427438240498304
661,0.0016467274399474263,661,0.0016433405689895153,0.0016427438240498304
662,0.0016467274399474263,662,0.0016433405689895153,0.0016427438240498304
663,0.0016467274399474263,663,0.0016433405689895153,0.0016427438240498304
664,0.0016467274399474263,664,0.0016433405689895153,0.0016427438240498304
665,0.0016467274399474263,665,0.0016433405689895153,0.0016427438240498304
666,0.0016467274399474263,666,0.0016433405689895153,0.0016427438240498304
667,0.0016467274399474263,667,0.0016433405689895153,0.0016427438240498304
668,0.0016467274399474263,668,0.0016433405689895153,0.0016427438240498304
669,0.0016467274399474263,669,0.0016433405689895153,0.0016427438240498304
670,0.0016467274399474263,670,0.0016433405689895153,0.0016427438240498304
671,0.0016467274399474263,671,0.0016433405689895153,0.0016427438240498304
672,0.0016467274399474263,672,0.0016433405689895153,0.0016427438240498304
673,0.0016467274399474263,673,0.0016433405689895153,0.0016427438240498304
674,0.0016467274399474263,674,0.0016433405689895153,0.0016427438240498304
675,0.0016467274399474263,675,0.0016433405689895153,0.0016427438240498304
676,0.0016467274399474263,676,0.0016433405689895153,0.0016427438240498304
677,0.0016467274399474263,677,0.0016433405689895153,0.0016427438240498304
678,0.0016467274399474263,678,0.0016433405689895153,0.0016427438240498304
679,0.0016467274399474263,679,0.0016433405689895153,0.0016427438240498304
680,0.0016467274399474263,680,0.0016433405689895153,0.0016427438240498304
681,0.0016467274399474263,681,0.0016433405689895153,0.0016427438240498304
682,0.0016467274399474263,682,0.0016433405689895153,0.0016427438240498304
683,0.0016467274399474263,683,0.0016433405689895153,0.0016427438240498304
684,0.0016467274399474263,684,0.0016433405689895153,0.0016427438240498304
685,0.0016467274399474263,685,0.0016433405689895153,0.0016427438240498304
686,0.0016467274399474263,686,0.0016433405689895153,0.0016427438240498304
687,0.0016467274399474263,687,0.0016433405689895153,0.0016427438240498304
688,0.0016467274399474263,688,0.0016433405689895153,0.0016427438240498304
689,0.0016467274399474263,689,0.0016433405689895153,0.0016427438240498304
690,0.0016467274399474263,690,0.0016433405689895153,0.0016427438240498304
691,0.0016467274399474263,691,0.0016433405689895153,0.0016427438240498304
692,0.0016467274399474263,692,0.0016433405689895153,0.0016427438240498304
693,0.0016467274399474263,693,0.0016433405689895153,0.0016427438240498304
694,0.0016467274399474263,694,0.0016433405689895153,0.0016427438240498304
695,0.0016467274399474263,695,0.0016433405689895153,0.0016427438240498304
696,0.0016467274399474263,696,0.0016433405689895153,0.0016427438240498304
697,0.0016467274399474263,697,0.0016433405689895153,0.0016427438240498304
698,0.0016467274399474263,698,0.0016433405689895153,0.0016427438240498304
699,0.0016467274399474263,699,0.0016433405689895153,0.0016427438240498304
700,0.0016467274399474263,700,0.0016433405689895153,0.0016427438240498304
701,0.0016467274399474263,701,0.0016433405689895153,0.0016427438240498304
702,0.0016467274399474263,702,0.0016433405689895153,0.0016427438240498304
703,0.0016467274399474263,703,0.0016433405689895153,0.0016427438240498304
704,0.0016467274399474263,704,0.0016433405689895153,0.0016427438240498304
705,0.0016467274399474263,705,0.0016433405689895153,0.0016427438240498304
706,0.0016467274399474263,706,0.0016433405689895153,0.0016427438240498304
707,0.0016467274399474263,707,0.0016433405689895153,0.0016427438240498304
708,0.0016467274399474263,708,0.0016433405689895153,0.0016427438240498304
709,0.0016467274399474263,709,0.0016433405689895153,0.0016427438240498304
710,0.0016467274399474263,710,0.0016433405689895153,0.0016427438240498304
711,0.0016467274399474263,711,0.0016433405689895153,0.0016427438240498304
712,0.0016467274399474263,712,0.0016433405689895153,0.0016427438240498304
713,0.0016467274399474263,713,0.0016433405689895153,0.0016427438240498304
714,0.0016467274399474263,714,0.0016433405689895153,0.0016427438240498304
715,0.0016467274399474263,715,0.0016433405689895153,0.0016427438240498304
716,0.0016467274399474263,716,0.0016433405689895153,0.0016427438240498304
717,0.0016467274399474263,717,0.0016433405689895153,0.0016427438240498304
718,0.0016467274399474263,718,0.0016433405689895153,0.0016427438240498304
719,0.0016467274399474263,719,0.0016433405689895153,0.0016427438240498304
720,0.0016467274399474263,720,0.0016433405689895153,0.0016427438240498304
721,0.0016467274399474263,721,0.0016433405689895153,0.0016427438240498304
722,0.0016467274399474263,722,0.0016433405689895153,0.0016427438240498304
723,0.0016467274399474263,723,0.0016433405689895153,0.0016427438240498304
724,0.0016467274399474263,724,0.0016433405689895153,0.0016427438240498304
725,0.0016467274399474263,725,0.0016433405689895153,0.0016427438240498304
726,0.0016467274399474263,726,0.0016433405689895153,0.0016427438240498304
727,0.0016467274399474263,727,0.0016433405689895153,0.0016427438240498304
728,0.0016467274399474263,728,0.0016433405689895153,0.0016427438240498304
729,0.0016467274399474263,729,0.0016433405689895153,0.0016427438240498304
730,0.0016467274399474263,730,0.0016433405689895153,0.0016427438240498304
731,0.0016467274399474263,731,0.0016433405689895153,0.0016427438240498304
732,0.0016467274399474263,732,0.0016433405689895153,0.0016427438240498304
733,0.0016467274399474263,733,0.0016433405689895153,0.0016427438240498304
734,0.0016467274399474263,734,0.0016433405689895153,0.0016427438240498304
735,0.0016467274399474263,735,0.0016433405689895153,0.0016427438240498304
736,0.0016467274399474263,736,0.0016433405689895153,0.0016427438240498304
737,0.0016467274399474263,737,0.0016433405689895153,0.0016427438240498304
738,0.0016467274399474263,738,0.0016433405689895153,0.0016427438240498304
739,0.0016467274399474263,739,0.0016433405689895153,0.0016427438240498304
740,0.0016467274399474263,740,0.0016433405689895153,0.0016427438240498304
741,0.0016467274399474263,741,0.0016433405689895153,0.0016427438240498304
742,0.0016467274399474263,742,0.0016433405689895153,0.0016427438240498304
743,0.0016467274399474263,743,0.0016433405689895153,0.0016427438240498304
744,0.0016467274399474263,744,0.0016433405689895153,0.0016427438240498304
745,0.0016467274399474263,745,0.0016433405689895153,0.0016427438240498304
746,0.0016467274399474263,746,0.0016433405689895153,0.0016427438240498304
747,0.0016467274399474263,747,0.0016433405689895153,0.0016427438240498304
748,0.0016467274399474263,748,0.0016433405689895153,0.0016427438240498304
749,0.0016467274399474263,749,0.0016433405689895153,0.0016427438240498304
750,0.0016467152163386345,750,0.0016429080860689282,0.0016426821239292622
751,0.0016467152163386345,751,0.0016429658280685544,0.0016426821239292622
752,0.0016467152163386345,752,0.0016429658280685544,0.0016426821239292622
753,0.0016467152163386345,753,0.0016429658280685544,0.0016426821239292622
754,0.0016467152163386345,754,0.0016429658280685544,0.0016426821239292622
755,0.0016467152163386345,755,0.0016429658280685544,0.0016426821239292622
756,0.0016467152163386345,756,0.0016429658280685544,0.0016426821239292622
757,0.0016467152163386345,757,0.0016429658280685544,0.0016426821239292622
758,0.0016467152163386345,758,0.0016429658280685544,0.0016426821239292622
759,0.0016467152163386345,759,0.0016429658280685544,0.0016426821239292622
760,0.0016467152163386345,760,0.0016429658280685544,0.0016426821239292622
761,0.0016467152163386345,761,0.0016429658280685544,0.0016426821239292622
762,0.0016467152163386345,762,0.0016429658280685544,0.0016426821239292622
763,0.0016467152163386345,763,0.0016429658280685544,0.0016426821239292622
764,0.0016467152163386345,764,0.0016429658280685544,0.0016426821239292622
765,0.0016467152163386345,765,0.0016429658280685544,0.0016426821239292622
766,0.0016467152163386345,766,0.0016429658280685544,0.0016426821239292622
767,0.0016467152163386345,767,0.0016429658280685544,0.0016426821239292622
768,0.0016467152163386345,768,0.0016429658280685544,0.0016426821239292622
769,0.0016467152163386345,769,0.0016429658280685544,0.0016426821239292622
770,0.0016467152163386345,770,0.0016429658280685544,0.0016426821239292622
771,0.0016467152163386345,771,0.0016429658280685544,0.0016426821239292622
772,0.0016467152163386345,772,0.0016429658280685544,0.0016426821239292622
773,0.0016467152163386345,773,0.0016429658280685544,0.0016426821239292622
774,0.0016467152163386345,774,0.0016429658280685544,0.0016426821239292622
775,0.0016467152163386345,775,0.0016429658280685544,0.0016426821239292622
776,0.0016467152163386345,776,0.0016429658280685544,0.0016426821239292622
777,0.0016467152163386345,777,0.0016429658280685544,0.0016426821239292622
778,0.0016467152163386345,778,0.0016429658280685544,0.0016426821239292622
779,0.0016467152163386345,779,0.0016429658280685544,0.0016426821239292622
780,0.0016467152163386345,780,0.0016429658280685544,0.0016426821239292622
781,0.0016467152163386345,781,0.0016429658280685544,0.0016426821239292622
782,0.0016467152163386345,782,0.0016429658280685544,0.0016426821239292622
783,0.0016467152163386345,783,0.0016429658280685544,0.0016426821239292622
784,0.0016467152163386345,784,0.0016429658280685544,0.0016426821239292622
785,0.0016467152163386345,785,0.0016429658280685544,0.0016426821239292622
786,0.0016467152163386345,786,0.0016429658280685544,0.0016426821239292622
787,0.0016467152163386345,787,0.0016429658280685544,0.0016426821239292622
788,0.0016467152163386345,788,0.0016429658280685544,0.0016426821239292622
789,0.0016467152163386345,789,0.0016429658280685544,0.0016426821239292622
790,0.0016467152163386345,790,0.0016429658280685544,0.0016426821239292622
791,0.0016467152163386345,791,0.0016429658280685544,0.0016426821239292622
792,0.0016467152163386345,792,0.0016429658280685544,0.0016426821239292622
793,0.0016467152163386345,793,0.0016429658280685544,0.0016426821239292622
794,0.0016467152163386345,794,0.0016429658280685544,0.0016426821239292622
795,0.0016467152163386345,795,0.0016429658280685544,0.0016426821239292622
796,0.0016467152163386345,796,0.0016429658280685544,0.0016426821239292622
797,0.0016467152163386345,797,0.0016429658280685544,0.0016426821239292622
798,0.0016467152163386345,798,0.0016429658280685544,0.0016426821239292622
799,0.0016467152163386345,799,0.0016429658280685544,0.0016426821239292622
800,0.0016467152163386345,800,0.0016429658280685544,0.0016426821239292622
801,0.0016467152163386345,801,0.0016429658280685544,0.0016426821239292622
802,0.0016467152163386345,802,0.0016429658280685544,0.0016426821239292622
803,0.0016467152163386345,803,0.0016429658280685544,0.0016426821239292622
804,0.0016467152163386345,804,0.0016429658280685544,0.0016426821239292622
805,0.0016467152163386345,805,0.0016429658280685544,0.0016426821239292622
806,0.0016467152163386345,806,0.0016429658280685544,0.0016426821239292622
807,0.0016467152163386345,807,0.0016429658280685544,0.0016426821239292622
808,0.0016467152163386345,808,0.0016429658280685544,0.0016426821239292622
809,0.0016467152163386345,809,0.0016429658280685544,0.0016426821239292622
810,0.0016467152163386345,810,0.0016429658280685544,0.0016426821239292622
811,0.0016467152163386345,811,0.0016429658280685544,0.0016426821239292622
812,0.0016467152163386345,812,0.0016429658280685544,0.0016426821239292622
813,0.0016467152163386345,813,0.0016429658280685544,0.0016426821239292622
814,0.0016467152163386345,814,0.0016429658280685544,0.0016426821239292622
815,0.0016467152163386345,815,0.0016429658280685544,0.0016426821239292622
816,0.0016467152163386345,816,0.0016429658280685544,0.0016426821239292622
817,0.0016467152163386345,817,0.0016429658280685544,0.0016426821239292622
818,0.0016467152163386345,818,0.0016429658280685544,0.0016426821239292622
819,0.0016467152163386345,819,0.0016429658280685544,0.0016426821239292622
820,0.0016467152163386345,820,0.0016429658280685544,0.0016426821239292622
821,0.0016467152163386345,821,0.0016429658280685544,0.0016426821239292622
822,0.0016467152163386345,822,0.0016429658280685544,0.0016426821239292622
823,0.0016467152163386345,823,0.0016429658280685544,0.0016426821239292622
824,0.0016467152163386345,824,0.0016429658280685544,0.0016426821239292622
825,0.0016467152163386345,825,0.0016429658280685544,0.0016426821239292622
826,0.0016467152163386345,826,0.0016429658280685544,0.0016426821239292622
827,0.0016467152163386345,827,0.0016429658280685544,0.0016426821239292622
828,0.0016467152163386345,828,0.0016429658280685544,0.0016426821239292622
829,0.0016467152163386345,829,0.0016429658280685544,0.0016426821239292622
830,0.0016467152163386345,830,0.0016429658280685544,0.0016426821239292622
831,0.0016467152163386345,831,0.0016429658280685544,0.0016426821239292622
832,0.0016467152163386345,832,0.0016429658280685544,0.0016426821239292622
833,0.0016467152163386345,833,0.0016429658280685544,0.0016426821239292622
834,0.0016467152163386345,834,0.0016429658280685544,0.0016426821239292622
835,0.0016467152163386345,835,0.0016429658280685544,0.0016426821239292622
836,0.0016467152163386345,836,0.0016429658280685544,0.0016426821239292622
837,0.0016467152163386345,837,0.0016429658280685544,0.0016426821239292622
838,0.0016467152163386345,838,0.0016429658280685544,0.0016426821239292622
839,0.0016467152163386345,839,0.0016429658280685544,0.0016426821239292622
840,0.0016467152163386345,840,0.0016429658280685544,0.0016426821239292622
841,0.0016467152163386345,841,0.0016429658280685544,0.0016426821239292622
842,0.0016467152163386345,842,0.0016429658280685544,0.0016426821239292622
843,0.0016467152163386345,843,0.0016429658280685544,0.0016426821239292622
844,0.0016467152163386345,844,0.0016429658280685544,0.0016426821239292622
845,0.0016467152163386345,845,0.0016429658280685544,0.0016426821239292622
846,0.0016467152163386345,846,0.0016429658280685544,0.0016426821239292622
847,0.0016467152163386345,847,0.0016429658280685544,0.0016426821239292622
848,0.0016467152163386345,848,0.0016429658280685544,0.0016426821239292622
849,0.0016467152163386345,849,0.0016429658280685544,0.0016426821239292622
850,0.0016467152163386345,850,0.0016429658280685544,0.0016426821239292622
851,0.0016467152163386345,851,0.0016429658280685544,0.0016426821239292622
852,0.0016467152163386345,852,0.0016429658280685544,0.0016426821239292622
853,0.0016467152163386345,853,0.0016429658280685544,0.0016426821239292622
854,0.0016467152163386345,854,0.0016429658280685544,0.0016426821239292622
855,0.0016467152163386345,855,0.0016429658280685544,0.0016426821239292622
856,0.0016467152163386345,856,0.0016429658280685544,0.0016426821239292622
857,0.0016467152163386345,857,0.0016429658280685544,0.0016426821239292622
858,0.0016467152163386345,858,0.0016429658280685544,0.0016426821239292622
859,0.0016467152163386345,859,0.0016429658280685544,0.0016426821239292622
860,0.0016467152163386345,860,0.0016429658280685544,0.0016426821239292622
861,0.0016467152163386345,861,0.0016429658280685544,0.0016426821239292622
862,0.0016467152163386345,862,0.0016429658280685544,0.0016426821239292622
863,0.0016467152163386345,863,0.0016429658280685544,0.0016426821239292622
864,0.0016467152163386345,864,0.0016429658280685544,0.0016426821239292622
865,0.0016467152163386345,865,0.0016429658280685544,0.0016426821239292622
866,0.0016467152163386345,866,0.0016429658280685544,0.0016426821239292622
867,0.0016467152163386345,867,0.0016429658280685544,0.0016426821239292622
868,0.0016467152163386345,868,0.0016429658280685544,0.0016426821239292622
869,0.0016467152163386345,869,0.0016429658280685544,0.0016426821239292622
870,0.0016467152163386345,870,0.0016429658280685544,0.0016426821239292622
871,0.0016467152163386345,871,0.0016429658280685544,0.0016426821239292622
872,0.0016467152163386345,872,0.0016429658280685544,0.0016426821239292622
873,0.0016467152163386345,873,0.0016429658280685544,0.0016426821239292622
874,0.0016467152163386345,874,0.0016429658280685544,0.0016426821239292622
875,0.0016467152163386345,875,0.0016429658280685544,0.0016426821239292622
876,0.0016467152163386345,876,0.0016429658280685544,0.0016426821239292622
877,0.0016467152163386345,877,0.0016429658280685544,0.0016426821239292622
878,0.0016467152163386345,878,0.0016429658280685544,0.0016426821239292622
879,0.0016467152163386345,879,0.0016429658280685544,0.0016426821239292622
880,0.0016467152163386345,880,0.0016429658280685544,0.0016426821239292622
881,0.0016467152163386345,881,0.0016429658280685544,0.0016426821239292622
882,0.0016467152163386345,882,0.0016429658280685544,0.0016426821239292622
883,0.0016467152163386345,883,0.0016429658280685544,0.0016426821239292622
884,0.0016467152163386345,884,0.0016429658280685544,0.0016426821239292622
885,0.0016467152163386345,885,0.0016429658280685544,0.0016426821239292622
886,0.0016467152163386345,886,0.0016429658280685544,0.0016426821239292622
887,0.0016467152163386345,887,0.0016429658280685544,0.0016426821239292622
888,0.0016467152163386345,888,0.0016429658280685544,0.0016426821239292622
889,0.0016467152163386345,889,0.0016429658280685544,0.0016426821239292622
890,0.0016467152163386345,890,0.0016429658280685544,0.0016426821239292622
891,0.0016467152163386345,891,0.0016429658280685544,0.0016426821239292622
892,0.0016467152163386345,892,0.0016429658280685544,0.0016426821239292622
893,0.0016467152163386345,893,0.0016429658280685544,0.0016426821239292622
894,0.0016467152163386345,894,0.0016429658280685544,0.0016426821239292622
895,0.0016467152163386345,895,0.0016429658280685544,0.0016426821239292622
896,0.0016467152163386345,896,0.0016429658280685544,0.0016426821239292622
897,0.0016467152163386345,897,0.0016429658280685544,0.0016426821239292622
898,0.0016467152163386345,898,0.0016429658280685544,0.0016426821239292622
899,0.0016467152163386345,899,0.0016429658280685544,0.0016426821239292622
900,0.0016467152163386345,900,0.0016429658280685544,0.0016426821239292622
901,0.0016467152163386345,901,0.0016429658280685544,0.0016426821239292622
902,0.0016467152163386345,902,0.0016429658280685544,0.0016426821239292622
903,0.0016467152163386345,903,0.0016429658280685544,0.0016426821239292622
904,0.0016467152163386345,904,0.0016429658280685544,0.0016426821239292622
905,0.0016467152163386345,905,0.0016429658280685544,0.0016426821239292622
906,0.0016467152163386345,906,0.0016429658280685544,0.0016426821239292622
907,0.0016467152163386345,907,0.0016429658280685544,0.0016426821239292622
908,0.0016467152163386345,908,0.0016429658280685544,0.0016426821239292622
909,0.0016467152163386345,909,0.0016429658280685544,0.0016426821239292622
910,0.0016467152163386345,910,0.0016429658280685544,0.0016426821239292622
911,0.0016467152163386345,911,0.0016429658280685544,0.0016426821239292622
912,0.0016467152163386345,912,0.0016429658280685544,0.0016426821239292622
913,0.0016467152163386345,913,0.0016429658280685544,0.0016426821239292622
914,0.0016467152163386345,914,0.0016429658280685544,0.0016426821239292622
915,0.0016467152163386345,915,0.0016429658280685544,0.0016426821239292622
916,0.0016467152163386345,916,0.0016429658280685544,0.0016426821239292622
917,0.0016467152163386345,917,0.0016429658280685544,0.0016426821239292622
918,0.0016467152163386345,918,0.0016429658280685544,0.0016426821239292622
919,0.0016467152163386345,919,0.0016429658280685544,0.0016426821239292622
920,0.0016467152163386345,920,0.0016429658280685544,0.0016426821239292622
921,0.0016467152163386345,921,0.0016429658280685544,0.0016426821239292622
922,0.0016467152163386345,922,0.0016429658280685544,0.0016426821239292622
923,0.0016467152163386345,923,0.0016429658280685544,0.0016426821239292622
924,0.0016467152163386345,924,0.0016429658280685544,0.0016426821239292622
925,0.0016467152163386345,925,0.0016429658280685544,0.0016426821239292622
926,0.0016467152163386345,926,0.0016429658280685544,0.0016426821239292622
927,0.0016467152163386345,927,0.0016429658280685544,0.0016426821239292622
928,0.0016467152163386345,928,0.0016429658280685544,0.0016426821239292622
929,0.0016467152163386345,929,0.0016429658280685544,0.0016426821239292622
930,0.0016467152163386345,930,0.0016429658280685544,0.0016426821239292622
931,0.0016467152163386345,931,0.0016429658280685544,0.0016426821239292622
932,0.0016467152163386345,932,0.0016429658280685544,0.0016426821239292622
933,0.0016467152163386345,933,0.0016429658280685544,0.0016426821239292622
934,0.0016467152163386345,934,0.0016429658280685544,0.0016426821239292622
935,0.0016467152163386345,935,0.0016429658280685544,0.0016426821239292622
936,0.0016467152163386345,936,0.0016429658280685544,0.0016426821239292622
937,0.0016467152163386345,937,0.0016429658280685544,0.0016426821239292622
938,0.0016467152163386345,938,0.0016429658280685544,0.0016426821239292622
939,0.0016467152163386345,939,0.0016429658280685544,0.0016426821239292622
940,0.0016467152163386345,940,0.0016429658280685544,0.0016426821239292622
941,0.0016467152163386345,941,0.0016429658280685544,0.0016426821239292622
942,0.0016467152163386345,942,0.0016429658280685544,0.0016426821239292622
943,0.0016467152163386345,943,0.0016429658280685544,0.0016426821239292622
944,0.0016467152163386345,944,0.0016429658280685544,0.0016426821239292622
945,0.0016467152163386345,945,0.0016429658280685544,0.0016426821239292622
946,0.0016467152163386345,946,0.0016429658280685544,0.0016426821239292622
947,0.0016467152163386345,947,0.0016429658280685544,0.0016426821239292622
948,0.0016467152163386345,948,0.0016429658280685544,0.0016426821239292622
949,0.0016467152163386345,949,0.0016429658280685544,0.0016426821239292622
950,0.0016467152163386345,950,0.0016429658280685544,0.0016426821239292622
951,0.0016467152163386345,951,0.0016429658280685544,0.0016426821239292622
952,0.0016467152163386345,952,0.0016429658280685544,0.0016426821239292622
953,0.0016467152163386345,953,0.0016429658280685544,0.0016426821239292622
954,0.0016467152163386345,954,0.0016429658280685544,0.0016426821239292622
955,0.0016467152163386345,955,0.0016429658280685544,0.0016426821239292622
956,0.0016467152163386345,956,0.0016429658280685544,0.0016426821239292622
957,0.0016467152163386345,957,0.0016429658280685544,0.0016426821239292622
958,0.0016467152163386345,958,0.0016429658280685544,0.0016426821239292622
959,0.0016467152163386345,959,0.0016429658280685544,0.0016426821239292622
960,0.0016467152163386345,960,0.0016429658280685544,0.0016426821239292622
961,0.0016467152163386345,961,0.0016429658280685544,0.0016426821239292622
962,0.0016467152163386345,962,0.0016429658280685544,0.0016426821239292622
963,0.0016467152163386345,963,0.0016429658280685544,0.0016426821239292622
964,0.0016467152163386345,964,0.0016429658280685544,0.0016426821239292622
965,0.0016467152163386345,965,0.0016429658280685544,0.0016426821239292622
966,0.0016467152163386345,966,0.0016429658280685544,0.0016426821239292622
967,0.0016467152163386345,967,0.0016429658280685544,0.0016426821239292622
968,0.0016467152163386345,968,0.0016429658280685544,0.0016426821239292622
969,0.0016467152163386345,969,0.0016429658280685544,0.0016426821239292622
970,0.0016467152163386345,970,0.0016429658280685544,0.0016426821239292622
971,0.0016467152163386345,971,0.0016429658280685544,0.0016426821239292622
972,0.0016467152163386345,972,0.0016429658280685544,0.0016426821239292622
973,0.0016467152163386345,973,0.0016429658280685544,0.0016426821239292622
974,0.0016467152163386345,974,0.0016429658280685544,0.0016426821239292622
975,0.0016467152163386345,975,0.0016429658280685544,0.0016426821239292622
976,0.0016467152163386345,976,0.0016429658280685544,0.0016426821239292622
977,0.0016467152163386345,977,0.0016429658280685544,0.0016426821239292622
978,0.0016467152163386345,978,0.0016429658280685544,0.0016426821239292622
979,0.0016467152163386345,979,0.0016429658280685544,0.0016426821239292622
980,0.0016467152163386345,980,0.0016429658280685544,0.0016426821239292622
981,0.0016467152163386345,981,0.0016429658280685544,0.0016426821239292622
982,0.0016467152163386345,982,0.0016429658280685544,0.0016426821239292622
983,0.0016467152163386345,983,0.0016429658280685544,0.0016426821239292622
984,0.0016467152163386345,984,0.0016429658280685544,0.0016426821239292622
985,0.0016467152163386345,985,0.0016429658280685544,0.0016426821239292622
986,0.0016467152163386345,986,0.0016429658280685544,0.0016426821239292622
987,0.0016467152163386345,987,0.0016429658280685544,0.0016426821239292622
988,0.0016467152163386345,988,0.0016429658280685544,0.0016426821239292622
989,0.0016467152163386345,989,0.0016429658280685544,0.0016426821239292622
990,0.0016467152163386345,990,0.0016429658280685544,0.0016426821239292622
991,0.0016467152163386345,991,0.0016429658280685544,0.0016426821239292622
992,0.0016467152163386345,992,0.0016429658280685544,0.0016426821239292622
993,0.0016467152163386345,993,0.0016429658280685544,0.0016426821239292622
994,0.0016467152163386345,994,0.0016429658280685544,0.0016426821239292622
995,0.0016467152163386345,995,0.0016429658280685544,0.0016426821239292622
996,0.0016467152163386345,996,0.0016429658280685544,0.0016426821239292622
997,0.0016467152163386345,997,0.0016429658280685544,0.0016426821239292622
998,0.0016467152163386345,998,0.0016429658280685544,0.0016426821239292622
999,0.0016467152163386345,999,0.0016429658280685544,0.0016426821239292622
1000,0.0016467872774228454,1000,0.001642857096157968,0.0016426857328042388
1001,0.0016467872774228454,1001,0.001642857096157968,0.0016426857328042388
1002,0.0016467872774228454,1002,0.001642857096157968,0.0016426857328042388
1003,0.0016467872774228454,1003,0.001642857096157968,0.0016426857328042388
1004,0.0016467872774228454,1004,0.001642857096157968,0.0016426857328042388
1005,0.0016467872774228454,1005,0.001642857096157968,0.0016426857328042388
1006,0.0016467872774228454,1006,0.001642857096157968,0.0016426857328042388
1007,0.0016467872774228454,1007,0.001642857096157968,0.0016426857328042388
1008,0.0016467872774228454,1008,0.001642857096157968,0.0016426857328042388
1009,0.0016467872774228454,1009,0.001642857096157968,0.0016426857328042388
1010,0.0016467872774228454,1010,0.001642857096157968,0.0016426857328042388
1011,0.0016467872774228454,1011,0.001642857096157968,0.0016426857328042388
1012,0.0016467872774228454,1012,0.001642857096157968,0.0016426857328042388
1013,0.0016467872774228454,1013,0.001642857096157968,0.0016426857328042388
1014,0.0016467872774228454,1014,0.001642857096157968,0.0016426857328042388
1015,0.0016467872774228454,1015,0.001642857096157968,0.0016426857328042388
1016,0.0016467872774228454,1016,0.001642857096157968,0.0016426857328042388
1017,0.0016467872774228454,1017,0.001642857096157968,0.0016426857328042388
1018,0.0016467872774228454,1018,0.001642857096157968,0.0016426857328042388
1019,0.0016467872774228454,1019,0.001642857096157968,0.0016426857328042388
1020,0.0016467872774228454,1020,0.001642857096157968,0.0016426857328042388
1021,0.0016467872774228454,1021,0.001642857096157968,0.0016426857328042388
1022,0.0016467872774228454,1022,0.001642857096157968,0.0016426857328042388
1023,0.0016467872774228454,1023,0.001642857096157968,0.0016426857328042388
1024,0.0016467872774228454,1024,0.001642857096157968,0.0016426857328042388
1025,0.0016467872774228454,1025,0.001642857096157968,0.0016426857328042388
1026,0.0016467872774228454,1026,0.001642857096157968,0.0016426857328042388
1027,0.0016467872774228454,1027,0.001642857096157968,0.0016426857328042388
1028,0.0016467872774228454,1028,0.001642857096157968,0.0016426857328042388
1029,0.0016467872774228454,1029,0.001642857096157968,0.0016426857328042388
1030,0.0016467872774228454,1030,0.001642857096157968,0.0016426857328042388
1031,0.0016467872774228454,1031,0.001642857096157968,0.0016426857328042388
1032,0.0016467872774228454,1032,0.001642857096157968,0.0016426857328042388
1033,0.0016467872774228454,1033,0.001642857096157968,0.0016426857328042388
1034,0.0016467872774228454,1034,0.001642857096157968,0.0016426857328042388
1035,0.0016467872774228454,1035,0.001642857096157968,0.0016426857328042388
1036,0.0016467872774228454,1036,0.001642857096157968,0.0016426857328042388
1037,0.0016467872774228454,1037,0.001642857096157968,0.0016426857328042388
1038,0.0016467872774228454,1038,0.001642857096157968,0.0016426857328042388
1039,0.0016467872774228454,1039,0.001642857096157968,0.0016426857328042388
1040,0.0016467872774228454,1040,0.001642857096157968,0.0016426857328042388
1041,0.0016467872774228454,1041,0.001642857096157968,0.0016426857328042388
1042,0.0016467872774228454,1042,0.001642857096157968,0.0016426857328042388
1043,0.0016467872774228454,1043,0.001642857096157968,0.0016426857328042388
1044,0.0016467872774228454,1044,0.001642857096157968,0.0016426857328042388
1045,0.0016467872774228454,1045,0.001642857096157968,0.0016426857328042388
1046,0.0016467872774228454,1046,0.001642857096157968,0.0016426857328042388
1047,0.0016467872774228454,1047,0.001642857096157968,0.0016426857328042388
1048,0.0016467872774228454,1048,0.001642857096157968,0.0016426857328042388
1049,0.0016467872774228454,1049,0.001642857096157968,0.0016426857328042388
1050,0.0016467872774228454,1050,0.001642857096157968,0.0016426857328042388
1051,0.0016467872774228454,1051,0.001642857096157968,0.0016426857328042388
1052,0.0016467872774228454,1052,0.001642857096157968,0.0016426857328042388
1053,0.0016467872774228454,1053,0.001642857096157968,0.0016426857328042388
1054,0.0016467872774228454,1054,0.001642857096157968,0.0016426857328042388
1055,0.0016467872774228454,1055,0.001642857096157968,0.0016426857328042388
1056,0.0016467872774228454,1056,0.001642857096157968,0.0016426857328042388
1057,0.0016467872774228454,1057,0.001642857096157968,0.0016426857328042388
1058,0.0016467872774228454,1058,0.001642857096157968,0.0016426857328042388
1059,0.0016467872774228454,1059,0.001642857096157968,0.0016426857328042388
1060,0.0016467872774228454,1060,0.001642857096157968,0.0016426857328042388
1061,0.0016467872774228454,1061,0.001642857096157968,0.0016426857328042388
1062,0.0016467872774228454,1062,0.001642857096157968,0.0016426857328042388
1063,0.0016467872774228454,1063,0.001642857096157968,0.0016426857328042388
1064,0.0016467872774228454,1064,0.001642857096157968,0.0016426857328042388
1065,0.0016467872774228454,1065,0.001642857096157968,0.0016426857328042388
1066,0.0016467872774228454,1066,0.001642857096157968,0.0016426857328042388
1067,0.0016467872774228454,1067,0.001642857096157968,0.0016426857328042388
1068,0.0016467872774228454,1068,0.001642857096157968,0.0016426857328042388
1069,0.0016467872774228454,1069,0.001642857096157968,0.0016426857328042388
1070,0.0016467872774228454,1070,0.001642857096157968,0.0016426857328042388
1071,0.0016467872774228454,1071,0.001642857096157968,0.0016426857328042388
1072,0.0016467872774228454,1072,0.001642857096157968,0.0016426857328042388
1073,0.0016467872774228454,1073,0.001642857096157968,0.0016426857328042388
1074,0.0016467872774228454,1074,0.001642857096157968,0.0016426857328042388
1075,0.0016467872774228454,1075,0.001642857096157968,0.0016426857328042388
1076,0.0016467872774228454,1076,0.001642857096157968,0.0016426857328042388
1077,0.0016467872774228454,1077,0.001642857096157968,0.0016426857328042388
1078,0.0016467872774228454,1078,0.001642857096157968,0.0016426857328042388
1079,0.0016467872774228454,1079,0.001642857096157968,0.0016426857328042388
1080,0.0016467872774228454,1080,0.001642857096157968,0.0016426857328042388
1081,0.0016467872774228454,1081,0.001642857096157968,0.0016426857328042388
1082,0.0016467872774228454,1082,0.001642857096157968,0.0016426857328042388
1083,0.0016467872774228454,1083,0.001642857096157968,0.0016426857328042388
1084,0.0016467872774228454,1084,0.001642857096157968,0.0016426857328042388
1085,0.0016467872774228454,1085,0.001642857096157968,0.0016426857328042388
1086,0.0016467872774228454,1086,0.001642857096157968,0.0016426857328042388
1087,0.0016467872774228454,1087,0.001642857096157968,0.0016426857328042388
1088,0.0016467872774228454,1088,0.001642857096157968,0.0016426857328042388
1089,0.0016467872774228454,1089,0.001642857096157968,0.0016426857328042388
1090,0.0016467872774228454,1090,0.001642857096157968,0.0016426857328042388
1091,0.0016467872774228454,1091,0.001642857096157968,0.0016426857328042388
1092,0.0016467872774228454,1092,0.001642857096157968,0.0016426857328042388
1093,0.0016467872774228454,1093,0.001642857096157968,0.0016426857328042388
1094,0.0016467872774228454,1094,0.001642857096157968,0.0016426857328042388
1095,0.0016467872774228454,1095,0.001642857096157968,0.0016426857328042388
1096,0.0016467872774228454,1096,0.001642857096157968,0.0016426857328042388
1097,0.0016467872774228454,1097,0.001642857096157968,0.0016426857328042388
1098,0.0016467872774228454,1098,0.001642857096157968,0.0016426857328042388
1099,0.0016467872774228454,1099,0.001642857096157968,0.0016426857328042388
1100,0.0016467872774228454,1100,0.001642857096157968,0.0016426857328042388
1101,0.0016467872774228454,1101,0.001642857096157968,0.0016426857328042388
1102,0.0016467872774228454,1102,0.001642857096157968,0.0016426857328042388
1103,0.0016467872774228454,1103,0.001642857096157968,0.0016426857328042388
1104,0.0016467872774228454,1104,0.001642857096157968,0.0016426857328042388
1105,0.0016467872774228454,1105,0.001642857096157968,0.0016426857328042388
1106,0.0016467872774228454,1106,0.001642857096157968,0.0016426857328042388
1107,0.0016467872774228454,1107,0.001642857096157968,0.0016426857328042388
1108,0.0016467872774228454,1108,0.001642857096157968,0.0016426857328042388
1109,0.0016467872774228454,1109,0.001642857096157968,0.0016426857328042388
1110,0.0016467872774228454,1110,0.001642857096157968,0.0016426857328042388
1111,0.0016467872774228454,1111,0.001642857096157968,0.0016426857328042388
1112,0.0016467872774228454,1112,0.001642857096157968,0.0016426857328042388
1113,0.0016467872774228454,1113,0.001642857096157968,0.0016426857328042388
1114,0.0016467872774228454,1114,0.001642857096157968,0.0016426857328042388
1115,0.0016467872774228454,1115,0.001642857096157968,0.0016426857328042388
1116,0.0016467872774228454,1116,0.001642857096157968,0.0016426857328042388
1117,0.0016467872774228454,1117,0.001642857096157968,0.0016426857328042388
1118,0.0016467872774228454,1118,0.001642857096157968,0.0016426857328042388
1119,0.0016467872774228454,1119,0.001642857096157968,0.0016426857328042388
1120,0.0016467872774228454,1120,0.001642857096157968,0.0016426857328042388
1121,0.0016467872774228454,1121,0.001642857096157968,0.0016426857328042388
1122,0.0016467872774228454,1122,0.001642857096157968,0.0016426857328042388
1123,0.0016467872774228454,1123,0.001642857096157968,0.0016426857328042388
1124,0.0016467872774228454,1124,0.001642857096157968,0.0016426857328042388
1125,0.0016467872774228454,1125,0.001642857096157968,0.0016426857328042388
1126,0.0016467872774228454,1126,0.001642857096157968,0.0016426857328042388
1127,0.0016467872774228454,1127,0.001642857096157968,0.0016426857328042388
1128,0.0016467872774228454,1128,0.001642857096157968,0.0016426857328042388
1129,0.0016467872774228454,1129,0.001642857096157968,0.0016426857328042388
1130,0.0016467872774228454,1130,0.001642857096157968,0.0016426857328042388
1131,0.0016467872774228454,1131,0.001642857096157968,0.0016426857328042388
1132,0.0016467872774228454,1132,0.001642857096157968,0.0016426857328042388
1133,0.0016467872774228454,1133,0.001642857096157968,0.0016426857328042388
1134,0.0016467872774228454,1134,0.001642857096157968,0.0016426857328042388
1135,0.0016467872774228454,1135,0.001642857096157968,0.0016426857328042388
1136,0.0016467872774228454,1136,0.001642857096157968,0.0016426857328042388
1137,0.0016467872774228454,1137,0.001642857096157968,0.0016426857328042388
1138,0.0016467872774228454,1138,0.001642857096157968,0.0016426857328042388
1139,0.0016467872774228454,1139,0.001642857096157968,0.0016426857328042388
1140,0.0016467872774228454,1140,0.001642857096157968,0.0016426857328042388
1141,0.0016467872774228454,1141,0.001642857096157968,0.0016426857328042388
1142,0.0016467872774228454,1142,0.001642857096157968,0.0016426857328042388
1143,0.0016467872774228454,1143,0.001642857096157968,0.0016426857328042388
1144,0.0016467872774228454,1144,0.001642857096157968,0.0016426857328042388
1145,0.0016467872774228454,1145,0.001642857096157968,0.0016426857328042388
1146,0.0016467872774228454,1146,0.001642857096157968,0.0016426857328042388
1147,0.0016467872774228454,1147,0.001642857096157968,0.0016426857328042388
1148,0.0016467872774228454,1148,0.001642857096157968,0.0016426857328042388
1149,0.0016467872774228454,1149,0.001642857096157968,0.0016426857328042388
1150,0.0016467872774228454,1150,0.001642857096157968,0.0016426857328042388
1151,0.0016467872774228454,1151,0.001642857096157968,0.0016426857328042388
1152,0.0016467872774228454,1152,0.001642857096157968,0.0016426857328042388
1153,0.0016467872774228454,1153,0.001642857096157968,0.0016426857328042388
1154,0.0016467872774228454,1154,0.001642857096157968,0.0016426857328042388
1155,0.0016467872774228454,1155,0.001642857096157968,0.0016426857328042388
1156,0.0016467872774228454,1156,0.001642857096157968,0.0016426857328042388
1157,0.0016467872774228454,1157,0.001642857096157968,0.0016426857328042388
1158,0.0016467872774228454,1158,0.001642857096157968,0.0016426857328042388
1159,0.0016467872774228454,1159,0.001642857096157968,0.0016426857328042388
1160,0.0016467872774228454,1160,0.001642857096157968,0.0016426857328042388
1161,0.0016467872774228454,1161,0.001642857096157968,0.0016426857328042388
1162,0.0016467872774228454,1162,0.001642857096157968,0.0016426857328042388
1163,0.0016467872774228454,1163,0.001642857096157968,0.0016426857328042388
1164,0.0016467872774228454,1164,0.001642857096157968,0.0016426857328042388
1165,0.0016467872774228454,1165,0.001642857096157968,0.0016426857328042388
1166,0.0016467872774228454,1166,0.001642857096157968,0.0016426857328042388
1167,0.0016467872774228454,1167,0.001642857096157968,0.0016426857328042388
1168,0.0016467872774228454,1168,0.001642857096157968,0.0016426857328042388
1169,0.0016467872774228454,1169,0.001642857096157968,0.0016426857328042388
1170,0.0016467872774228454,1170,0.001642857096157968,0.0016426857328042388
1171,0.0016467872774228454,1171,0.001642857096157968,0.0016426857328042388
1172,0.0016467872774228454,1172,0.001642857096157968,0.0016426857328042388
1173,0.0016467872774228454,1173,0.001642857096157968,0.0016426857328042388
1174,0.0016467872774228454,1174,0.001642857096157968,0.0016426857328042388
1175,0.0016467872774228454,1175,0.001642857096157968,0.0016426857328042388
1176,0.0016467872774228454,1176,0.001642857096157968,0.0016426857328042388
1177,0.0016467872774228454,1177,0.001642857096157968,0.0016426857328042388
1178,0.0016467872774228454,1178,0.001642857096157968,0.0016426857328042388
1179,0.0016467872774228454,1179,0.001642857096157968,0.0016426857328042388
1180,0.0016467872774228454,1180,0.001642857096157968,0.0016426857328042388
1181,0.0016467872774228454,1181,0.001642857096157968,0.0016426857328042388
1182,0.0016467872774228454,1182,0.001642857096157968,0.0016426857328042388
1183,0.0016467872774228454,1183,0.001642857096157968,0.0016426857328042388
1184,0.0016467872774228454,1184,0.001642857096157968,0.0016426857328042388
1185,0.0016467872774228454,1185,0.001642857096157968,0.0016426857328042388
1186,0.0016467872774228454,1186,0.001642857096157968,0.0016426857328042388
1187,0.0016467872774228454,1187,0.001642857096157968,0.0016426857328042388
1188,0.0016467872774228454,1188,0.001642857096157968,0.0016426857328042388
1189,0.0016467872774228454,1189,0.001642857096157968,0.0016426857328042388
1190,0.0016467872774228454,1190,0.001642857096157968,0.0016426857328042388
1191,0.0016467872774228454,1191,0.001642857096157968,0.0016426857328042388
1192,0.0016467872774228454,1192,0.001642857096157968,0.0016426857328042388
1193,0.0016467872774228454,1193,0.001642857096157968,0.0016426857328042388
1194,0.0016467872774228454,1194,0.001642857096157968,0.0016426857328042388
1195,0.0016467872774228454,1195,0.001642857096157968,0.0016426857328042388
1196,0.0016467872774228454,1196,0.001642857096157968,0.0016426857328042388
1197,0.0016467872774228454,1197,0.001642857096157968,0.0016426857328042388
1198,0.0016467872774228454,1198,0.001642857096157968,0.0016426857328042388
1199,0.0016467872774228454,1199,0.001642857096157968,0.0016426857328042388
1200,0.0016467872774228454,1200,0.001642857096157968,0.0016426857328042388
1201,0.0016467872774228454,1201,0.001642857096157968,0.0016426857328042388
1202,0.0016467872774228454,1202,0.001642857096157968,0.0016426857328042388
1203,0.0016467872774228454,1203,0.001642857096157968,0.0016426857328042388
1204,0.0016467872774228454,1204,0.001642857096157968,0.0016426857328042388
1205,0.0016467872774228454,1205,0.001642857096157968,0.0016426857328042388
1206,0.0016467872774228454,1206,0.001642857096157968,0.0016426857328042388
1207,0.0016467872774228454,1207,0.001642857096157968,0.0016426857328042388
1208,0.0016467872774228454,1208,0.001642857096157968,0.0016426857328042388
1209,0.0016467872774228454,1209,0.001642857096157968,0.0016426857328042388
1210,0.0016467872774228454,1210,0.001642857096157968,0.0016426857328042388
1211,0.0016467872774228454,1211,0.001642857096157968,0.0016426857328042388
1212,0.0016467872774228454,1212,0.001642857096157968,0.0016426857328042388
1213,0.0016467872774228454,1213,0.001642857096157968,0.0016426857328042388
1214,0.0016467872774228454,1214,0.001642857096157968,0.0016426857328042388
1215,0.0016467872774228454,1215,0.001642857096157968,0.0016426857328042388
1216,0.0016467872774228454,1216,0.001642857096157968,0.0016426857328042388
1217,0.0016467872774228454,1217,0.001642857096157968,0.0016426857328042388
1218,0.0016467872774228454,1218,0.001642857096157968,0.0016426857328042388
1219,0.0016467872774228454,1219,0.001642857096157968,0.0016426857328042388
1220,0.0016467872774228454,1220,0.001642857096157968,0.0016426857328042388
1221,0.0016467872774228454,1221,0.001642857096157968,0.0016426857328042388
1222,0.0016467872774228454,1222,0.001642857096157968,0.0016426857328042388
1223,0.0016467872774228454,1223,0.001642857096157968,0.0016426857328042388
1224,0.0016467872774228454,1224,0.001642857096157968,0.0016426857328042388
1225,0.0016467872774228454,1225,0.001642857096157968,0.0016426857328042388
1226,0.0016467872774228454,1226,0.001642857096157968,0.0016426857328042388
1227,0.0016467872774228454,1227,0.001642857096157968,0.0016426857328042388
1228,0.0016467872774228454,1228,0.001642857096157968,0.0016426857328042388
1229,0.0016467872774228454,1229,0.001642857096157968,0.0016426857328042388
1230,0.0016467872774228454,1230,0.001642857096157968,0.0016426857328042388
1231,0.0016467872774228454,1231,0.001642857096157968,0.0016426857328042388
1232,0.0016467872774228454,1232,0.001642857096157968,0.0016426857328042388
1233,0.0016467872774228454,1233,0.001642857096157968,0.0016426857328042388
1234,0.0016467872774228454,1234,0.001642857096157968,0.0016426857328042388
1235,0.0016467872774228454,1235,0.001642857096157968,0.0016426857328042388
1236,0.0016467872774228454,1236,0.001642857096157968,0.0016426857328042388
1237,0.0016467872774228454,1237,0.001642857096157968,0.0016426857328042388
1238,0.0016467872774228454,1238,0.001642857096157968,0.0016426857328042388
1239,0.0016467872774228454,1239,0.001642857096157968,0.0016426857328042388
1240,0.0016467872774228454,1240,0.001642857096157968,0.0016426857328042388
1241,0.0016467872774228454,1241,0.001642857096157968,0.0016426857328042388
1242,0.0016467872774228454,1242,0.001642857096157968,0.0016426857328042388
1243,0.0016467872774228454,1243,0.001642857096157968,0.0016426857328042388
1244,0.0016467872774228454,1244,0.001642857096157968,0.0016426857328042388
1245,0.0016467872774228454,1245,0.001642857096157968,0.0016426857328042388
1246,0.0016467872774228454,1246,0.001642857096157968,0.0016426857328042388
1247,0.0016467872774228454,1247,0.001642857096157968,0.0016426857328042388
1248,0.0016467872774228454,1248,0.001642857096157968,0.0016426857328042388
1249,0.0016467872774228454,1249,0.001642857096157968,0.0016426857328042388
1250,0.0016468395479023457,1250,0.0016430505784228444,0.0016426846850663424
1251,0.0016468395479023457,1251,0.0016430505784228444,0.0016426846850663424
1252,0.0016468395479023457,1252,0.0016430505784228444,0.0016426846850663424
1253,0.0016468395479023457,1253,0.0016430505784228444,0.0016426846850663424
1254,0.0016468395479023457,1254,0.0016430505784228444,0.0016426846850663424
1255,0.0016468395479023457,1255,0.0016430505784228444,0.0016426846850663424
1256,0.0016468395479023457,1256,0.0016430505784228444,0.0016426846850663424
1257,0.0016468395479023457,1257,0.0016430505784228444,0.0016426846850663424
1258,0.0016468395479023457,1258,0.0016430505784228444,0.0016426846850663424
1259,0.0016468395479023457,1259,0.0016430505784228444,0.0016426846850663424
1260,0.0016468395479023457,1260,0.0016430505784228444,0.0016426846850663424
1261,0.0016468395479023457,1261,0.0016430505784228444,0.0016426846850663424
1262,0.0016468395479023457,1262,0.0016430505784228444,0.0016426846850663424
1263,0.0016468395479023457,1263,0.0016430505784228444,0.0016426846850663424
1264,0.0016468395479023457,1264,0.0016430505784228444,0.0016426846850663424
1265,0.0016468395479023457,1265,0.0016430505784228444,0.0016426846850663424
1266,0.0016468395479023457,1266,0.0016430505784228444,0.0016426846850663424
1267,0.0016468395479023457,1267,0.0016430505784228444,0.0016426846850663424
1268,0.0016468395479023457,1268,0.0016430505784228444,0.0016426846850663424
1269,0.0016468395479023457,1269,0.0016430505784228444,0.0016426846850663424
1270,0.0016468395479023457,1270,0.0016430505784228444,0.0016426846850663424
1271,0.0016468395479023457,1271,0.0016430505784228444,0.0016426846850663424
1272,0.0016468395479023457,1272,0.0016430505784228444,0.0016426846850663424
1273,0.0016468395479023457,1273,0.0016430505784228444,0.0016426846850663424
1274,0.0016468395479023457,1274,0.0016430505784228444,0.0016426846850663424
1275,0.0016468395479023457,1275,0.0016430505784228444,0.0016426846850663424
1276,0.0016468395479023457,1276,0.0016430505784228444,0.0016426846850663424
1277,0.0016468395479023457,1277,0.0016430505784228444,0.0016426846850663424
1278,0.0016468395479023457,1278,0.0016430505784228444,0.0016426846850663424
1279,0.0016468395479023457,1279,0.0016430505784228444,0.0016426846850663424
1280,0.0016468395479023457,1280,0.0016430505784228444,0.0016426846850663424
1281,0.0016468395479023457,1281,0.0016430505784228444,0.0016426846850663424
1282,0.0016468395479023457,1282,0.0016430505784228444,0.0016426846850663424
1283,0.0016468395479023457,1283,0.0016430505784228444,0.0016426846850663424
1284,0.0016468395479023457,1284,0.0016430505784228444,0.0016426846850663424
1285,0.0016468395479023457,1285,0.0016430505784228444,0.0016426846850663424
1286,0.0016468395479023457,1286,0.0016430505784228444,0.0016426846850663424
1287,0.0016468395479023457,1287,0.0016430505784228444,0.0016426846850663424
1288,0.0016468395479023457,1288,0.0016430505784228444,0.0016426846850663424
1289,0.0016468395479023457,1289,0.0016430505784228444,0.0016426846850663424
1290,0.0016468395479023457,1290,0.0016430505784228444,0.0016426846850663424
1291,0.0016468395479023457,1291,0.0016430505784228444,0.0016426846850663424
1292,0.0016468395479023457,1292,0.0016430505784228444,0.0016426846850663424
1293,0.0016468395479023457,1293,0.0016430505784228444,0.0016426846850663424
1294,0.0016468395479023457,1294,0.0016430505784228444,0.0016426846850663424
1295,0.0016468395479023457,1295,0.0016430505784228444,0.0016426846850663424
1296,0.0016468395479023457,1296,0.0016430505784228444,0.0016426846850663424
1297,0.0016468395479023457,1297,0.0016430505784228444,0.0016426846850663424
1298,0.0016468395479023457,1298,0.0016430505784228444,0.0016426846850663424
1299,0.0016468395479023457,1299,0.0016430505784228444,0.0016426846850663424
1300,0.0016468395479023457,1300,0.0016430505784228444,0.0016426846850663424
1301,0.0016468395479023457,1301,0.0016430505784228444,0.0016426846850663424
1302,0.0016468395479023457,1302,0.0016430505784228444,0.0016426846850663424
1303,0.0016468395479023457,1303,0.0016430505784228444,0.0016426846850663424
1304,0.0016468395479023457,1304,0.0016430505784228444,0.0016426846850663424
1305,0.0016468395479023457,1305,0.0016430505784228444,0.0016426846850663424
1306,0.0016468395479023457,1306,0.0016430505784228444,0.0016426846850663424
1307,0.0016468395479023457,1307,0.0016430505784228444,0.0016426846850663424
1308,0.0016468395479023457,1308,0.0016430505784228444,0.0016426846850663424
1309,0.0016468395479023457,1309,0.0016430505784228444,0.0016426846850663424
1310,0.0016468395479023457,1310,0.0016430505784228444,0.0016426846850663424
1311,0.0016468395479023457,1311,0.0016430505784228444,0.0016426846850663424
1312,0.0016468395479023457,1312,0.0016430505784228444,0.0016426846850663424
1313,0.0016468395479023457,1313,0.0016430505784228444,0.0016426846850663424
1314,0.0016468395479023457,1314,0.0016430505784228444,0.0016426846850663424
1315,0.0016468395479023457,1315,0.0016430505784228444,0.0016426846850663424
1316,0.0016468395479023457,1316,0.0016430505784228444,0.0016426846850663424
1317,0.0016468395479023457,1317,0.0016430505784228444,0.0016426846850663424
1318,0.0016468395479023457,1318,0.0016430505784228444,0.0016426846850663424
1319,0.0016468395479023457,1319,0.0016430505784228444,0.0016426846850663424
1320,0.0016468395479023457,1320,0.0016430505784228444,0.0016426846850663424
1321,0.0016468395479023457,1321,0.0016430505784228444,0.0016426846850663424
1322,0.0016468395479023457,1322,0.0016430505784228444,0.0016426846850663424
1323,0.0016468395479023457,1323,0.0016430505784228444,0.0016426846850663424
1324,0.0016468395479023457,1324,0.0016430505784228444,0.0016426846850663424
1325,0.0016468395479023457,1325,0.0016430505784228444,0.0016426846850663424
1326,0.0016468395479023457,1326,0.0016430505784228444,0.0016426846850663424
1327,0.0016468395479023457,1327,0.0016430505784228444,0.0016426846850663424
1328,0.0016468395479023457,1328,0.0016430505784228444,0.0016426846850663424
1329,0.0016468395479023457,1329,0.0016430505784228444,0.0016426846850663424
1330,0.0016468395479023457,1330,0.0016430505784228444,0.0016426846850663424
1331,0.0016468395479023457,1331,0.0016430505784228444,0.0016426846850663424
1332,0.0016468395479023457,1332,0.0016430505784228444,0.0016426846850663424
1333,0.0016468395479023457,1333,0.0016430505784228444,0.0016426846850663424
1334,0.0016468395479023457,1334,0.0016430505784228444,0.0016426846850663424
1335,0.0016468395479023457,1335,0.0016430505784228444,0.0016426846850663424
1336,0.0016468395479023457,1336,0.0016430505784228444,0.0016426846850663424
1337,0.0016468395479023457,1337,0.0016430505784228444,0.0016426846850663424
1338,0.0016468395479023457,1338,0.0016430505784228444,0.0016426846850663424
1339,0.0016468395479023457,1339,0.0016430505784228444,0.0016426846850663424
1340,0.0016468395479023457,1340,0.0016430505784228444,0.0016426846850663424
1341,0.0016468395479023457,1341,0.0016430505784228444,0.0016426846850663424
1342,0.0016468395479023457,1342,0.0016430505784228444,0.0016426846850663424
1343,0.0016468395479023457,1343,0.0016430505784228444,0.0016426846850663424
1344,0.0016468395479023457,1344,0.0016430505784228444,0.0016426846850663424
1345,0.0016468395479023457,1345,0.0016430505784228444,0.0016426846850663424
1346,0.0016468395479023457,1346,0.0016430505784228444,0.0016426846850663424
1347,0.0016468395479023457,1347,0.0016430505784228444,0.0016426846850663424
1348,0.0016468395479023457,1348,0.0016430505784228444,0.0016426846850663424
1349,0.0016468395479023457,1349,0.0016430505784228444,0.0016426846850663424
1350,0.0016468395479023457,1350,0.0016430505784228444,0.0016426846850663424
1351,0.0016468395479023457,1351,0.0016430505784228444,0.0016426846850663424
1352,0.0016468395479023457,1352,0.0016430505784228444,0.0016426846850663424
1353,0.0016468395479023457,1353,0.0016430505784228444,0.0016426846850663424
1354,0.0016468395479023457,1354,0.0016430505784228444,0.0016426846850663424
1355,0.0016468395479023457,1355,0.0016430505784228444,0.0016426846850663424
1356,0.0016468395479023457,1356,0.0016430505784228444,0.0016426846850663424
1357,0.0016468395479023457,1357,0.0016430505784228444,0.0016426846850663424
1358,0.0016468395479023457,1358,0.0016430505784228444,0.0016426846850663424
1359,0.0016468395479023457,1359,0.0016430505784228444,0.0016426846850663424
1360,0.0016468395479023457,1360,0.0016430505784228444,0.0016426846850663424
1361,0.0016468395479023457,1361,0.0016430505784228444,0.0016426846850663424
1362,0.0016468395479023457,1362,0.0016430505784228444,0.0016426846850663424
1363,0.0016468395479023457,1363,0.0016430505784228444,0.0016426846850663424
1364,0.0016468395479023457,1364,0.0016430505784228444,0.0016426846850663424
1365,0.0016468395479023457,1365,0.0016430505784228444,0.0016426846850663424
1366,0.0016468395479023457,1366,0.0016430505784228444,0.0016426846850663424
1367,0.0016468395479023457,1367,0.0016430505784228444,0.0016426846850663424
1368,0.0016468395479023457,1368,0.0016430505784228444,0.0016426846850663424
1369,0.0016468395479023457,1369,0.0016430505784228444,0.0016426846850663424
1370,0.0016468395479023457,1370,0.0016430505784228444,0.0016426846850663424
1371,0.0016468395479023457,1371,0.0016430505784228444,0.0016426846850663424
1372,0.0016468395479023457,1372,0.0016430505784228444,0.0016426846850663424
1373,0.0016468395479023457,1373,0.0016430505784228444,0.0016426846850663424
1374,0.0016468395479023457,1374,0.0016430505784228444,0.0016426846850663424
1375,0.0016468395479023457,1375,0.0016430505784228444,0.0016426846850663424
1376,0.0016468395479023457,1376,0.0016430505784228444,0.0016426846850663424
1377,0.0016468395479023457,1377,0.0016430505784228444,0.0016426846850663424
1378,0.0016468395479023457,1378,0.0016430505784228444,0.0016426846850663424
1379,0.0016468395479023457,1379,0.0016430505784228444,0.0016426846850663424
1380,0.0016468395479023457,1380,0.0016430505784228444,0.0016426846850663424
1381,0.0016468395479023457,1381,0.0016430505784228444,0.0016426846850663424
1382,0.0016468395479023457,1382,0.0016430505784228444,0.0016426846850663424
1383,0.0016468395479023457,1383,0.0016430505784228444,0.0016426846850663424
1384,0.0016468395479023457,1384,0.0016430505784228444,0.0016426846850663424
1385,0.0016468395479023457,1385,0.0016430505784228444,0.0016426846850663424
1386,0.0016468395479023457,1386,0.0016430505784228444,0.0016426846850663424
1387,0.0016468395479023457,1387,0.0016430505784228444,0.0016426846850663424
1388,0.0016468395479023457,1388,0.0016430505784228444,0.0016426846850663424
1389,0.0016468395479023457,1389,0.0016430505784228444,0.0016426846850663424
1390,0.0016468395479023457,1390,0.0016430505784228444,0.0016426846850663424
1391,0.0016468395479023457,1391,0.0016430505784228444,0.0016426846850663424
1392,0.0016468395479023457,1392,0.0016430505784228444,0.0016426846850663424
1393,0.0016468395479023457,1393,0.0016430505784228444,0.0016426846850663424
1394,0.0016468395479023457,1394,0.0016430505784228444,0.0016426846850663424
1395,0.0016468395479023457,1395,0.0016430505784228444,0.0016426846850663424
1396,0.0016468395479023457,1396,0.0016430505784228444,0.0016426846850663424
1397,0.0016468395479023457,1397,0.0016430505784228444,0.0016426846850663424
1398,0.0016468395479023457,1398,0.0016430505784228444,0.0016426846850663424
1399,0.0016468395479023457,1399,0.0016430505784228444,0.0016426846850663424
1400,0.0016468395479023457,1400,0.0016430505784228444,0.0016426846850663424
1401,0.0016468395479023457,1401,0.0016430505784228444,0.0016426846850663424
1402,0.0016468395479023457,1402,0.0016430505784228444,0.0016426846850663424
1403,0.0016468395479023457,1403,0.0016430505784228444,0.0016426846850663424
1404,0.0016468395479023457,1404,0.0016430505784228444,0.0016426846850663424
1405,0.0016468395479023457,1405,0.0016430505784228444,0.0016426846850663424
1406,0.0016468395479023457,1406,0.0016430505784228444,0.0016426846850663424
1407,0.0016468395479023457,1407,0.0016430505784228444,0.0016426846850663424
1408,0.0016468395479023457,1408,0.0016430505784228444,0.0016426846850663424
1409,0.0016468395479023457,1409,0.0016430505784228444,0.0016426846850663424
1410,0.0016468395479023457,1410,0.0016430505784228444,0.0016426846850663424
1411,0.0016468395479023457,1411,0.0016430505784228444,0.0016426846850663424
1412,0.0016468395479023457,1412,0.0016430505784228444,0.0016426846850663424
1413,0.0016468395479023457,1413,0.0016430505784228444,0.0016426846850663424
1414,0.0016468395479023457,1414,0.0016430505784228444,0.0016426846850663424
1415,0.0016468395479023457,1415,0.0016430505784228444,0.0016426846850663424
1416,0.0016468395479023457,1416,0.0016430505784228444,0.0016426846850663424
1417,0.0016468395479023457,1417,0.0016430505784228444,0.0016426846850663424
1418,0.0016468395479023457,1418,0.0016430505784228444,0.0016426846850663424
1419,0.0016468395479023457,1419,0.0016430505784228444,0.0016426846850663424
1420,0.0016468395479023457,1420,0.0016430505784228444,0.0016426846850663424
1421,0.0016468395479023457,1421,0.0016430505784228444,0.0016426846850663424
1422,0.0016468395479023457,1422,0.0016430505784228444,0.0016426846850663424
1423,0.0016468395479023457,1423,0.0016430505784228444,0.0016426846850663424
1424,0.0016468395479023457,1424,0.0016430505784228444,0.0016426846850663424
1425,0.0016468395479023457,1425,0.0016430505784228444,0.0016426846850663424
1426,0.0016468395479023457,1426,0.0016430505784228444,0.0016426846850663424
1427,0.0016468395479023457,1427,0.0016430505784228444,0.0016426846850663424
1428,0.0016468395479023457,1428,0.0016430505784228444,0.0016426846850663424
1429,0.0016468395479023457,1429,0.0016430505784228444,0.0016426846850663424
1430,0.0016468395479023457,1430,0.0016430505784228444,0.0016426846850663424
1431,0.0016468395479023457,1431,0.0016430505784228444,0.0016426846850663424
1432,0.0016468395479023457,1432,0.0016430505784228444,0.0016426846850663424
1433,0.0016468395479023457,1433,0.0016430505784228444,0.0016426846850663424
1434,0.0016468395479023457,1434,0.0016430505784228444,0.0016426846850663424
1435,0.0016468395479023457,1435,0.0016430505784228444,0.0016426846850663424
1436,0.0016468395479023457,1436,0.0016430505784228444,0.0016426846850663424
1437,0.0016468395479023457,1437,0.0016430505784228444,0.0016426846850663424
1438,0.0016468395479023457,1438,0.0016430505784228444,0.0016426846850663424
1439,0.0016468395479023457,1439,0.0016430505784228444,0.0016426846850663424
1440,0.0016468395479023457,1440,0.0016430505784228444,0.0016426846850663424
1441,0.0016468395479023457,1441,0.0016430505784228444,0.0016426846850663424
1442,0.0016468395479023457,1442,0.0016430505784228444,0.0016426846850663424
1443,0.0016468395479023457,1443,0.0016430505784228444,0.0016426846850663424
1444,0.0016468395479023457,1444,0.0016430505784228444,0.0016426846850663424
1445,0.0016468395479023457,1445,0.0016430505784228444,0.0016426846850663424
1446,0.0016468395479023457,1446,0.0016430505784228444,0.0016426846850663424
1447,0.0016468395479023457,1447,0.0016430505784228444,0.0016426846850663424
1448,0.0016468395479023457,1448,0.0016430505784228444,0.0016426846850663424
1449,0.0016468395479023457,1449,0.0016430505784228444,0.0016426846850663424
1450,0.0016468395479023457,1450,0.0016430505784228444,0.0016426846850663424
1451,0.0016468395479023457,1451,0.0016430505784228444,0.0016426846850663424
1452,0.0016468395479023457,1452,0.0016430505784228444,0.0016426846850663424
1453,0.0016468395479023457,1453,0.0016430505784228444,0.0016426846850663424
1454,0.0016468395479023457,1454,0.0016430505784228444,0.0016426846850663424
1455,0.0016468395479023457,1455,0.0016430505784228444,0.0016426846850663424
1456,0.0016468395479023457,1456,0.0016430505784228444,0.0016426846850663424
1457,0.0016468395479023457,1457,0.0016430505784228444,0.0016426846850663424
1458,0.0016468395479023457,1458,0.0016430505784228444,0.0016426846850663424
1459,0.0016468395479023457,1459,0.0016430505784228444,0.0016426846850663424
1460,0.0016468395479023457,1460,0.0016430505784228444,0.0016426846850663424
1461,0.0016468395479023457,1461,0.0016430505784228444,0.0016426846850663424
1462,0.0016468395479023457,1462,0.0016430505784228444,0.0016426846850663424
1463,0.0016468395479023457,1463,0.0016430505784228444,0.0016426846850663424
1464,0.0016468395479023457,1464,0.0016430505784228444,0.0016426846850663424
1465,0.0016468395479023457,1465,0.0016430505784228444,0.0016426846850663424
1466,0.0016468395479023457,1466,0.0016430505784228444,0.0016426846850663424
1467,0.0016468395479023457,1467,0.0016430505784228444,0.0016426846850663424
1468,0.0016468395479023457,1468,0.0016430505784228444,0.0016426846850663424
1469,0.0016468395479023457,1469,0.0016430505784228444,0.0016426846850663424
1470,0.0016468395479023457,1470,0.0016430505784228444,0.0016426846850663424
1471,0.0016468395479023457,1471,0.0016430505784228444,0.0016426846850663424
1472,0.0016468395479023457,1472,0.0016430505784228444,0.0016426846850663424
1473,0.0016468395479023457,1473,0.0016430505784228444,0.0016426846850663424
1474,0.0016468395479023457,1474,0.0016430505784228444,0.0016426846850663424
1475,0.0016468395479023457,1475,0.0016430505784228444,0.0016426846850663424
1476,0.0016468395479023457,1476,0.0016430505784228444,0.0016426846850663424
1477,0.0016468395479023457,1477,0.0016430505784228444,0.0016426846850663424
1478,0.0016468395479023457,1478,0.0016430505784228444,0.0016426846850663424
1479,0.0016468395479023457,1479,0.0016430505784228444,0.0016426846850663424
1480,0.0016468395479023457,1480,0.0016430505784228444,0.0016426846850663424
1481,0.0016468395479023457,1481,0.0016430505784228444,0.0016426846850663424
1482,0.0016468395479023457,1482,0.0016430505784228444,0.0016426846850663424
1483,0.0016468395479023457,1483,0.0016430505784228444,0.0016426846850663424
1484,0.0016468395479023457,1484,0.0016430505784228444,0.0016426846850663424
1485,0.0016468395479023457,1485,0.0016430505784228444,0.0016426846850663424
1486,0.0016468395479023457,1486,0.0016430505784228444,0.0016426846850663424
1487,0.0016468395479023457,1487,0.0016430505784228444,0.0016426846850663424
1488,0.0016468395479023457,1488,0.0016430505784228444,0.0016426846850663424
1489,0.0016468395479023457,1489,0.0016430505784228444,0.0016426846850663424
1490,0.0016468395479023457,1490,0.0016430505784228444,0.0016426846850663424
1491,0.0016468395479023457,1491,0.0016430505784228444,0.0016426846850663424
1492,0.0016468395479023457,1492,0.0016430505784228444,0.0016426846850663424
1493,0.0016468395479023457,1493,0.0016430505784228444,0.0016426846850663424
1494,0.0016468395479023457,1494,0.0016430505784228444,0.0016426846850663424
1495,0.0016468395479023457,1495,0.0016430505784228444,0.0016426846850663424
1496,0.0016468395479023457,1496,0.0016430505784228444,0.0016426846850663424
1497,0.0016468395479023457,1497,0.0016430505784228444,0.0016426846850663424
1498,0.0016468395479023457,1498,0.0016430505784228444,0.0016426846850663424
1499,0.0016468395479023457,1499,0.0016430505784228444,0.0016426846850663424
1500,0.0016468361718580127,1500,0.0016430406831204891,0.0016427361406385899
1501,0.0016468361718580127,1501,0.0016430406831204891,0.0016427361406385899
1502,0.0016468361718580127,1502,0.0016430406831204891,0.0016427361406385899
1503,0.0016468361718580127,1503,0.0016430406831204891,0.0016427361406385899
1504,0.0016468361718580127,1504,0.0016430406831204891,0.0016427361406385899
1505,0.0016468361718580127,1505,0.0016430406831204891,0.0016427361406385899
1506,0.0016468361718580127,1506,0.0016430406831204891,0.0016427361406385899
1507,0.0016468361718580127,1507,0.0016430406831204891,0.0016427361406385899
1508,0.0016468361718580127,1508,0.0016430406831204891,0.0016427361406385899
1509,0.0016468361718580127,1509,0.0016430406831204891,0.0016427361406385899
1510,0.0016468361718580127,1510,0.0016430406831204891,0.0016427361406385899
1511,0.0016468361718580127,1511,0.0016430406831204891,0.0016427361406385899
1512,0.0016468361718580127,1512,0.0016430406831204891,0.0016427361406385899
1513,0.0016468361718580127,1513,0.0016430406831204891,0.0016427361406385899
1514,0.0016468361718580127,1514,0.0016430406831204891,0.0016427361406385899
1515,0.0016468361718580127,1515,0.0016430406831204891,0.0016427361406385899
1516,0.0016468361718580127,1516,0.0016430406831204891,0.0016427361406385899
1517,0.0016468361718580127,1517,0.0016430406831204891,0.0016427361406385899
1518,0.0016468361718580127,1518,0.0016430406831204891,0.0016427361406385899
1519,0.0016468361718580127,1519,0.0016430406831204891,0.0016427361406385899
1520,0.0016468361718580127,1520,0.0016430406831204891,0.0016427361406385899
1521,0.0016468361718580127,1521,0.0016430406831204891,0.0016427361406385899
1522,0.0016468361718580127,1522,0.0016430406831204891,0.0016427361406385899
1523,0.0016468361718580127,1523,0.0016430406831204891,0.0016427361406385899
1524,0.0016468361718580127,1524,0.0016430406831204891,0.0016427361406385899
1525,0.0016468361718580127,1525,0.0016430406831204891,0.0016427361406385899
1526,0.0016468361718580127,1526,0.0016430406831204891,0.0016427361406385899
1527,0.0016468361718580127,1527,0.0016430406831204891,0.0016427361406385899
1528,0.0016468361718580127,1528,0.0016430406831204891,0.0016427361406385899
1529,0.0016468361718580127,1529,0.0016430406831204891,0.0016427361406385899
1530,0.0016468361718580127,1530,0.0016430406831204891,0.0016427361406385899
1531,0.0016468361718580127,1531,0.0016430406831204891,0.0016427361406385899
1532,0.0016468361718580127,1532,0.0016430406831204891,0.0016427361406385899
1533,0.0016468361718580127,1533,0.0016430406831204891,0.0016427361406385899
1534,0.0016468361718580127,1534,0.0016430406831204891,0.0016427361406385899
1535,0.0016468361718580127,1535,0.0016430406831204891,0.0016427361406385899
1536,0.0016468361718580127,1536,0.0016430406831204891,0.0016427361406385899
1537,0.0016468361718580127,1537,0.0016430406831204891,0.0016427361406385899
1538,0.0016468361718580127,1538,0.0016430406831204891,0.0016427361406385899
1539,0.0016468361718580127,1539,0.0016430406831204891,0.0016427361406385899
1540,0.0016468361718580127,1540,0.0016430406831204891,0.0016427361406385899
1541,0.0016468361718580127,1541,0.0016430406831204891,0.0016427361406385899
1542,0.0016468361718580127,1542,0.0016430406831204891,0.0016427361406385899
1543,0.0016468361718580127,1543,0.0016430406831204891,0.0016427361406385899
1544,0.0016468361718580127,1544,0.0016430406831204891,0.0016427361406385899
1545,0.0016468361718580127,1545,0.0016430406831204891,0.0016427361406385899
1546,0.0016468361718580127,1546,0.0016430406831204891,0.0016427361406385899
1547,0.0016468361718580127,1547,0.0016430406831204891,0.0016427361406385899
1548,0.0016468361718580127,1548,0.0016430406831204891,0.0016427361406385899
1549,0.0016468361718580127,1549,0.0016430406831204891,0.0016427361406385899
1550,0.0016468361718580127,1550,0.0016430406831204891,0.0016427361406385899
1551,0.0016468361718580127,1551,0.0016430406831204891,0.0016427361406385899
1552,0.0016468361718580127,1552,0.0016430406831204891,0.0016427361406385899
1553,0.0016468361718580127,1553,0.0016430406831204891,0.0016427361406385899
1554,0.0016468361718580127,1554,0.0016430406831204891,0.0016427361406385899
1555,0.0016468361718580127,1555,0.0016430406831204891,0.0016427361406385899
1556,0.0016468361718580127,1556,0.0016430406831204891,0.0016427361406385899
1557,0.0016468361718580127,1557,0.0016430406831204891,0.0016427361406385899
1558,0.0016468361718580127,1558,0.0016430406831204891,0.0016427361406385899
1559,0.0016468361718580127,1559,0.0016430406831204891,0.0016427361406385899
1560,0.0016468361718580127,1560,0.0016430406831204891,0.0016427361406385899
1561,0.0016468361718580127,1561,0.0016430406831204891,0.0016427361406385899
1562,0.0016468361718580127,1562,0.0016430406831204891,0.0016427361406385899
1563,0.0016468361718580127,1563,0.0016430406831204891,0.0016427361406385899
1564,0.0016468361718580127,1564,0.0016430406831204891,0.0016427361406385899
1565,0.0016468361718580127,1565,0.0016430406831204891,0.0016427361406385899
1566,0.0016468361718580127,1566,0.0016430406831204891,0.0016427361406385899
1567,0.0016468361718580127,1567,0.0016430406831204891,0.0016427361406385899
1568,0.0016468361718580127,1568,0.0016430406831204891,0.0016427361406385899
1569,0.0016468361718580127,1569,0.0016430406831204891,0.0016427361406385899
1570,0.0016468361718580127,1570,0.0016430406831204891,0.0016427361406385899
1571,0.0016468361718580127,1571,0.0016430406831204891,0.0016427361406385899
1572,0.0016468361718580127,1572,0.0016430406831204891,0.0016427361406385899
1573,0.0016468361718580127,1573,0.0016430406831204891,0.0016427361406385899
1574,0.0016468361718580127,1574,0.0016430406831204891,0.0016427361406385899
1575,0.0016468361718580127,1575,0.0016430406831204891,0.0016427361406385899
1576,0.0016468361718580127,1576,0.0016430406831204891,0.0016427361406385899
1577,0.0016468361718580127,1577,0.0016430406831204891,0.0016427361406385899
1578,0.0016468361718580127,1578,0.0016430406831204891,0.0016427361406385899
1579,0.0016468361718580127,1579,0.0016430406831204891,0.0016427361406385899
1580,0.0016468361718580127,1580,0.0016430406831204891,0.0016427361406385899
1581,0.0016468361718580127,1581,0.0016430406831204891,0.0016427361406385899
1582,0.0016468361718580127,1582,0.0016430406831204891,0.0016427361406385899
1583,0.0016468361718580127,1583,0.0016430406831204891,0.0016427361406385899
1584,0.0016468361718580127,1584,0.0016430406831204891,0.0016427361406385899
1585,0.0016468361718580127,1585,0.0016430406831204891,0.0016427361406385899
1586,0.0016468361718580127,1586,0.0016430406831204891,0.0016427361406385899
1587,0.0016468361718580127,1587,0.0016430406831204891,0.0016427361406385899
1588,0.0016468361718580127,1588,0.0016430406831204891,0.0016427361406385899
1589,0.0016468361718580127,1589,0.0016430406831204891,0.0016427361406385899
1590,0.0016468361718580127,1590,0.0016430406831204891,0.0016427361406385899
1591,0.0016468361718580127,1591,0.0016430406831204891,0.0016427361406385899
1592,0.0016468361718580127,1592,0.0016430406831204891,0.0016427361406385899
1593,0.0016468361718580127,1593,0.0016430406831204891,0.0016427361406385899
1594,0.0016468361718580127,1594,0.0016430406831204891,0.0016427361406385899
1595,0.0016468361718580127,1595,0.0016430406831204891,0.0016427361406385899
1596,0.0016468361718580127,1596,0.0016430406831204891,0.0016427361406385899
1597,0.0016468361718580127,1597,0.0016430406831204891,0.0016427361406385899
1598,0.0016468361718580127,1598,0.0016430406831204891,0.0016427361406385899
1599,0.0016468361718580127,1599,0.0016430406831204891,0.0016427361406385899
1600,0.0016468361718580127,1600,0.0016430406831204891,0.0016427361406385899
1601,0.0016468361718580127,1601,0.0016430406831204891,0.0016427361406385899
1602,0.0016468361718580127,1602,0.0016430406831204891,0.0016427361406385899
1603,0.0016468361718580127,1603,0.0016430406831204891,0.0016427361406385899
1604,0.0016468361718580127,1604,0.0016430406831204891,0.0016427361406385899
1605,0.0016468361718580127,1605,0.0016430406831204891,0.0016427361406385899
1606,0.0016468361718580127,1606,0.0016430406831204891,0.0016427361406385899
1607,0.0016468361718580127,1607,0.0016430406831204891,0.0016427361406385899
1608,0.0016468361718580127,1608,0.0016430406831204891,0.0016427361406385899
1609,0.0016468361718580127,1609,0.0016430406831204891,0.0016427361406385899
1610,0.0016468361718580127,1610,0.0016430406831204891,0.0016427361406385899
1611,0.0016468361718580127,1611,0.0016430406831204891,0.0016427361406385899
1612,0.0016468361718580127,1612,0.0016430406831204891,0.0016427361406385899
1613,0.0016468361718580127,1613,0.0016430406831204891,0.0016427361406385899
1614,0.0016468361718580127,1614,0.0016430406831204891,0.0016427361406385899
1615,0.0016468361718580127,1615,0.0016430406831204891,0.0016427361406385899
1616,0.0016468361718580127,1616,0.0016430406831204891,0.0016427361406385899
1617,0.0016468361718580127,1617,0.0016430406831204891,0.0016427361406385899
1618,0.0016468361718580127,1618,0.0016430406831204891,0.0016427361406385899
1619,0.0016468361718580127,1619,0.0016430406831204891,0.0016427361406385899
1620,0.0016468361718580127,1620,0.0016430406831204891,0.0016427361406385899
1621,0.0016468361718580127,1621,0.0016430406831204891,0.0016427361406385899
1622,0.0016468361718580127,1622,0.0016430406831204891,0.0016427361406385899
1623,0.0016468361718580127,1623,0.0016430406831204891,0.0016427361406385899
1624,0.0016468361718580127,1624,0.0016430406831204891,0.0016427361406385899
1625,0.0016468361718580127,1625,0.0016430406831204891,0.0016427361406385899
1626,0.0016468361718580127,1626,0.0016430406831204891,0.0016427361406385899
1627,0.0016468361718580127,1627,0.0016430406831204891,0.0016427361406385899
1628,0.0016468361718580127,1628,0.0016430406831204891,0.0016427361406385899
1629,0.0016468361718580127,1629,0.0016430406831204891,0.0016427361406385899
1630,0.0016468361718580127,1630,0.0016430406831204891,0.0016427361406385899
1631,0.0016468361718580127,1631,0.0016430406831204891,0.0016427361406385899
1632,0.0016468361718580127,1632,0.0016430406831204891,0.0016427361406385899
1633,0.0016468361718580127,1633,0.0016430406831204891,0.0016427361406385899
1634,0.0016468361718580127,1634,0.0016430406831204891,0.0016427361406385899
1635,0.0016468361718580127,1635,0.0016430406831204891,0.0016427361406385899
1636,0.0016468361718580127,1636,0.0016430406831204891,0.0016427361406385899
1637,0.0016468361718580127,1637,0.0016430406831204891,0.0016427361406385899
1638,0.0016468361718580127,1638,0.0016430406831204891,0.0016427361406385899
1639,0.0016468361718580127,1639,0.0016430406831204891,0.0016427361406385899
1640,0.0016468361718580127,1640,0.0016430406831204891,0.0016427361406385899
1641,0.0016468361718580127,1641,0.0016430406831204891,0.0016427361406385899
1642,0.0016468361718580127,1642,0.0016430406831204891,0.0016427361406385899
1643,0.0016468361718580127,1643,0.0016430406831204891,0.0016427361406385899
1644,0.0016468361718580127,1644,0.0016430406831204891,0.0016427361406385899
1645,0.0016468361718580127,1645,0.0016430406831204891,0.0016427361406385899
1646,0.0016468361718580127,1646,0.0016430406831204891,0.0016427361406385899
1647,0.0016468361718580127,1647,0.0016430406831204891,0.0016427361406385899
1648,0.0016468361718580127,1648,0.0016430406831204891,0.0016427361406385899
1649,0.0016468361718580127,1649,0.0016430406831204891,0.0016427361406385899
1650,0.0016468361718580127,1650,0.0016430406831204891,0.0016427361406385899
1651,0.0016468361718580127,1651,0.0016430406831204891,0.0016427361406385899
1652,0.0016468361718580127,1652,0.0016430406831204891,0.0016427361406385899
1653,0.0016468361718580127,1653,0.0016430406831204891,0.0016427361406385899
1654,0.0016468361718580127,1654,0.0016430406831204891,0.0016427361406385899
1655,0.0016468361718580127,1655,0.0016430406831204891,0.0016427361406385899
1656,0.0016468361718580127,1656,0.0016430406831204891,0.0016427361406385899
1657,0.0016468361718580127,1657,0.0016430406831204891,0.0016427361406385899
1658,0.0016468361718580127,1658,0.0016430406831204891,0.0016427361406385899
1659,0.0016468361718580127,1659,0.0016430406831204891,0.0016427361406385899
1660,0.0016468361718580127,1660,0.0016430406831204891,0.0016427361406385899
1661,0.0016468361718580127,1661,0.0016430406831204891,0.0016427361406385899
1662,0.0016468361718580127,1662,0.0016430406831204891,0.0016427361406385899
1663,0.0016468361718580127,1663,0.0016430406831204891,0.0016427361406385899
1664,0.0016468361718580127,1664,0.0016430406831204891,0.0016427361406385899
1665,0.0016468361718580127,1665,0.0016430406831204891,0.0016427361406385899
1666,0.0016468361718580127,1666,0.0016430406831204891,0.0016427361406385899
1667,0.0016468361718580127,1667,0.0016430406831204891,0.0016427361406385899
1668,0.0016468361718580127,1668,0.0016430406831204891,0.0016427361406385899
1669,0.0016468361718580127,1669,0.0016430406831204891,0.0016427361406385899
1670,0.0016468361718580127,1670,0.0016430406831204891,0.0016427361406385899
1671,0.0016468361718580127,1671,0.0016430406831204891,0.0016427361406385899
1672,0.0016468361718580127,1672,0.0016430406831204891,0.0016427361406385899
1673,0.0016468361718580127,1673,0.0016430406831204891,0.0016427361406385899
1674,0.0016468361718580127,1674,0.0016430406831204891,0.0016427361406385899
1675,0.0016468361718580127,1675,0.0016430406831204891,0.0016427361406385899
1676,0.0016468361718580127,1676,0.0016430406831204891,0.0016427361406385899
1677,0.0016468361718580127,1677,0.0016430406831204891,0.0016427361406385899
1678,0.0016468361718580127,1678,0.0016430406831204891,0.0016427361406385899
1679,0.0016468361718580127,1679,0.0016430406831204891,0.0016427361406385899
1680,0.0016468361718580127,1680,0.0016430406831204891,0.0016427361406385899
1681,0.0016468361718580127,1681,0.0016430406831204891,0.0016427361406385899
1682,0.0016468361718580127,1682,0.0016430406831204891,0.0016427361406385899
1683,0.0016468361718580127,1683,0.0016430406831204891,0.0016427361406385899
1684,0.0016468361718580127,1684,0.0016430406831204891,0.0016427361406385899
1685,0.0016468361718580127,1685,0.0016430406831204891,0.0016427361406385899
1686,0.0016468361718580127,1686,0.0016430406831204891,0.0016427361406385899
1687,0.0016468361718580127,1687,0.0016430406831204891,0.0016427361406385899
1688,0.0016468361718580127,1688,0.0016430406831204891,0.0016427361406385899
1689,0.0016468361718580127,1689,0.0016430406831204891,0.0016427361406385899
1690,0.0016468361718580127,1690,0.0016430406831204891,0.0016427361406385899
1691,0.0016468361718580127,1691,0.0016430406831204891,0.0016427361406385899
1692,0.0016468361718580127,1692,0.0016430406831204891,0.0016427361406385899
1693,0.0016468361718580127,1693,0.0016430406831204891,0.0016427361406385899
1694,0.0016468361718580127,1694,0.0016430406831204891,0.0016427361406385899
1695,0.0016468361718580127,1695,0.0016430406831204891,0.0016427361406385899
1696,0.0016468361718580127,1696,0.0016430406831204891,0.0016427361406385899
1697,0.0016468361718580127,1697,0.0016430406831204891,0.0016427361406385899
1698,0.0016468361718580127,1698,0.0016430406831204891,0.0016427361406385899
1699,0.0016468361718580127,1699,0.0016430406831204891,0.0016427361406385899
1700,0.0016468361718580127,1700,0.0016430406831204891,0.0016427361406385899
1701,0.0016468361718580127,1701,0.0016430406831204891,0.0016427361406385899
1702,0.0016468361718580127,1702,0.0016430406831204891,0.0016427361406385899
1703,0.0016468361718580127,1703,0.0016430406831204891,0.0016427361406385899
1704,0.0016468361718580127,1704,0.0016430406831204891,0.0016427361406385899
1705,0.0016468361718580127,1705,0.0016430406831204891,0.0016427361406385899
1706,0.0016468361718580127,1706,0.0016430406831204891,0.0016427361406385899
1707,0.0016468361718580127,1707,0.0016430406831204891,0.0016427361406385899
1708,0.0016468361718580127,1708,0.0016430406831204891,0.0016427361406385899
1709,0.0016468361718580127,1709,0.0016430406831204891,0.0016427361406385899
1710,0.0016468361718580127,1710,0.0016430406831204891,0.0016427361406385899
1711,0.0016468361718580127,1711,0.0016430406831204891,0.0016427361406385899
1712,0.0016468361718580127,1712,0.0016430406831204891,0.0016427361406385899
1713,0.0016468361718580127,1713,0.0016430406831204891,0.0016427361406385899
1714,0.0016468361718580127,1714,0.0016430406831204891,0.0016427361406385899
1715,0.0016468361718580127,1715,0.0016430406831204891,0.0016427361406385899
1716,0.0016468361718580127,1716,0.0016430406831204891,0.0016427361406385899
1717,0.0016468361718580127,1717,0.0016430406831204891,0.0016427361406385899
1718,0.0016468361718580127,1718,0.0016430406831204891,0.0016427361406385899
1719,0.0016468361718580127,1719,0.0016430406831204891,0.0016427361406385899
1720,0.0016468361718580127,1720,0.0016430406831204891,0.0016427361406385899
1721,0.0016468361718580127,1721,0.0016430406831204891,0.0016427361406385899
1722,0.0016468361718580127,1722,0.0016430406831204891,0.0016427361406385899
1723,0.0016468361718580127,1723,0.0016430406831204891,0.0016427361406385899
1724,0.0016468361718580127,1724,0.0016430406831204891,0.0016427361406385899
1725,0.0016468361718580127,1725,0.0016430406831204891,0.0016427361406385899
1726,0.0016468361718580127,1726,0.0016430406831204891,0.0016427361406385899
1727,0.0016468361718580127,1727,0.0016430406831204891,0.0016427361406385899
1728,0.0016468361718580127,1728,0.0016430406831204891,0.0016427361406385899
1729,0.0016468361718580127,1729,0.0016430406831204891,0.0016427361406385899
1730,0.0016468361718580127,1730,0.0016430406831204891,0.0016427361406385899
1731,0.0016468361718580127,1731,0.0016430406831204891,0.0016427361406385899
1732,0.0016468361718580127,1732,0.0016430406831204891,0.0016427361406385899
1733,0.0016468361718580127,1733,0.0016430406831204891,0.0016427361406385899
1734,0.0016468361718580127,1734,0.0016430406831204891,0.0016427361406385899
1735,0.0016468361718580127,1735,0.0016430406831204891,0.0016427361406385899
1736,0.0016468361718580127,1736,0.0016430406831204891,0.0016427361406385899
1737,0.0016468361718580127,1737,0.0016430406831204891,0.0016427361406385899
1738,0.0016468361718580127,1738,0.0016430406831204891,0.0016427361406385899
1739,0.0016468361718580127,1739,0.0016430406831204891,0.0016427361406385899
1740,0.0016468361718580127,1740,0.0016430406831204891,0.0016427361406385899
1741,0.0016468361718580127,1741,0.0016430406831204891,0.0016427361406385899
1742,0.0016468361718580127,1742,0.0016430406831204891,0.0016427361406385899
1743,0.0016468361718580127,1743,0.0016430406831204891,0.0016427361406385899
1744,0.0016468361718580127,1744,0.0016430406831204891,0.0016427361406385899
1745,0.0016468361718580127,1745,0.0016430406831204891,0.0016427361406385899
1746,0.0016468361718580127,1746,0.0016430406831204891,0.0016427361406385899
1747,0.0016468361718580127,1747,0.0016430406831204891,0.0016427361406385899
1748,0.0016468361718580127,1748,0.0016430406831204891,0.0016427361406385899
1749,0.0016468361718580127,1749,0.0016430406831204891,0.0016427361406385899
1750,0.001646944903768599,1750,0.0016431253170594573,0.0016427097143605351
1751,0.001646944903768599,1751,0.0016431253170594573,0.0016427097143605351
1752,0.001646944903768599,1752,0.0016431253170594573,0.0016427097143605351
1753,0.001646944903768599,1753,0.0016431253170594573,0.0016427097143605351
1754,0.001646944903768599,1754,0.0016431253170594573,0.0016427097143605351
1755,0.001646944903768599,1755,0.0016431253170594573,0.0016427097143605351
1756,0.001646944903768599,1756,0.0016431253170594573,0.0016427097143605351
1757,0.001646944903768599,1757,0.0016431253170594573,0.0016427097143605351
1758,0.001646944903768599,1758,0.0016431253170594573,0.0016427097143605351
1759,0.001646944903768599,1759,0.0016431253170594573,0.0016427097143605351
1760,0.001646944903768599,1760,0.0016431253170594573,0.0016427097143605351
1761,0.001646944903768599,1761,0.0016431253170594573,0.0016427097143605351
1762,0.001646944903768599,1762,0.0016431253170594573,0.0016427097143605351
1763,0.001646944903768599,1763,0.0016431253170594573,0.0016427097143605351
1764,0.001646944903768599,1764,0.0016431253170594573,0.0016427097143605351
1765,0.001646944903768599,1765,0.0016431253170594573,0.0016427097143605351
1766,0.001646944903768599,1766,0.0016431253170594573,0.0016427097143605351
1767,0.001646944903768599,1767,0.0016431253170594573,0.0016427097143605351
1768,0.001646944903768599,1768,0.0016431253170594573,0.0016427097143605351
1769,0.001646944903768599,1769,0.0016431253170594573,0.0016427097143605351
1770,0.001646944903768599,1770,0.0016431253170594573,0.0016427097143605351
1771,0.001646944903768599,1771,0.0016431253170594573,0.0016427097143605351
1772,0.001646944903768599,1772,0.0016431253170594573,0.0016427097143605351
1773,0.001646944903768599,1773,0.0016431253170594573,0.0016427097143605351
1774,0.001646944903768599,1774,0.0016431253170594573,0.0016427097143605351
1775,0.001646944903768599,1775,0.0016431253170594573,0.0016427097143605351
1776,0.001646944903768599,1776,0.0016431253170594573,0.0016427097143605351
1777,0.001646944903768599,1777,0.0016431253170594573,0.0016427097143605351
1778,0.001646944903768599,1778,0.0016431253170594573,0.0016427097143605351
1779,0.001646944903768599,1779,0.0016431253170594573,0.0016427097143605351
1780,0.001646944903768599,1780,0.0016431253170594573,0.0016427097143605351
1781,0.001646944903768599,1781,0.0016431253170594573,0.0016427097143605351
1782,0.001646944903768599,1782,0.0016431253170594573,0.0016427097143605351
1783,0.001646944903768599,1783,0.0016431253170594573,0.0016427097143605351
1784,0.001646944903768599,1784,0.0016431253170594573,0.0016427097143605351
1785,0.001646944903768599,1785,0.0016431253170594573,0.0016427097143605351
1786,0.001646944903768599,1786,0.0016431253170594573,0.0016427097143605351
1787,0.001646944903768599,1787,0.0016431253170594573,0.0016427097143605351
1788,0.001646944903768599,1788,0.0016431253170594573,0.0016427097143605351
1789,0.001646944903768599,1789,0.0016431253170594573,0.0016427097143605351
1790,0.001646944903768599,1790,0.0016431253170594573,0.0016427097143605351
1791,0.001646944903768599,1791,0.0016431253170594573,0.0016427097143605351
1792,0.001646944903768599,1792,0.0016431253170594573,0.0016427097143605351
1793,0.001646944903768599,1793,0.0016431253170594573,0.0016427097143605351
1794,0.001646944903768599,1794,0.0016431253170594573,0.0016427097143605351
1795,0.001646944903768599,1795,0.0016431253170594573,0.0016427097143605351
1796,0.001646944903768599,1796,0.0016431253170594573,0.0016427097143605351
1797,0.001646944903768599,1797,0.0016431253170594573,0.0016427097143605351
1798,0.001646944903768599,1798,0.0016431253170594573,0.0016427097143605351
1799,0.001646944903768599,1799,0.0016431253170594573,0.0016427097143605351
1800,0.001646944903768599,1800,0.0016431253170594573,0.0016427097143605351
1801,0.001646944903768599,1801,0.0016431253170594573,0.0016427097143605351
1802,0.001646944903768599,1802,0.0016431253170594573,0.0016427097143605351
1803,0.001646944903768599,1803,0.0016431253170594573,0.0016427097143605351
1804,0.001646944903768599,1804,0.0016431253170594573,0.0016427097143605351
1805,0.001646944903768599,1805,0.0016431253170594573,0.0016427097143605351
1806,0.001646944903768599,1806,0.0016431253170594573,0.0016427097143605351
1807,0.001646944903768599,1807,0.0016431253170594573,0.0016427097143605351
1808,0.001646944903768599,1808,0.0016431253170594573,0.0016427097143605351
1809,0.001646944903768599,1809,0.0016431253170594573,0.0016427097143605351
1810,0.001646944903768599,1810,0.0016431253170594573,0.0016427097143605351
1811,0.001646944903768599,1811,0.0016431253170594573,0.0016427097143605351
1812,0.001646944903768599,1812,0.0016431253170594573,0.0016427097143605351
1813,0.001646944903768599,1813,0.0016431253170594573,0.0016427097143605351
1814,0.001646944903768599,1814,0.0016431253170594573,0.0016427097143605351
1815,0.001646944903768599,1815,0.0016431253170594573,0.0016427097143605351
1816,0.001646944903768599,1816,0.0016431253170594573,0.0016427097143605351
1817,0.001646944903768599,1817,0.0016431253170594573,0.0016427097143605351
1818,0.001646944903768599,1818,0.0016431253170594573,0.0016427097143605351
1819,0.001646944903768599,1819,0.0016431253170594573,0.0016427097143605351
1820,0.001646944903768599,1820,0.0016431253170594573,0.0016427097143605351
1821,0.001646944903768599,1821,0.0016431253170594573,0.0016427097143605351
1822,0.001646944903768599,1822,0.0016431253170594573,0.0016427097143605351
1823,0.001646944903768599,1823,0.0016431253170594573,0.0016427097143605351
1824,0.001646944903768599,1824,0.0016431253170594573,0.0016427097143605351
1825,0.001646944903768599,1825,0.0016431253170594573,0.0016427097143605351
1826,0.001646944903768599,1826,0.0016431253170594573,0.0016427097143605351
1827,0.001646944903768599,1827,0.0016431253170594573,0.0016427097143605351
1828,0.001646944903768599,1828,0.0016431253170594573,0.0016427097143605351
1829,0.001646944903768599,1829,0.0016431253170594573,0.0016427097143605351
1830,0.001646944903768599,1830,0.0016431253170594573,0.0016427097143605351
1831,0.001646944903768599,1831,0.0016431253170594573,0.0016427097143605351
1832,0.001646944903768599,1832,0.0016431253170594573,0.0016427097143605351
1833,0.001646944903768599,1833,0.0016431253170594573,0.0016427097143605351
1834,0.001646944903768599,1834,0.0016431253170594573,0.0016427097143605351
1835,0.001646944903768599,1835,0.0016431253170594573,0.0016427097143605351
1836,0.001646944903768599,1836,0.0016431253170594573,0.0016427097143605351
1837,0.001646944903768599,1837,0.0016431253170594573,0.0016427097143605351
1838,0.001646944903768599,1838,0.0016431253170594573,0.0016427097143605351
1839,0.001646944903768599,1839,0.0016431253170594573,0.0016427097143605351
1840,0.001646944903768599,1840,0.0016431253170594573,0.0016427097143605351
1841,0.001646944903768599,1841,0.0016431253170594573,0.0016427097143605351
1842,0.001646944903768599,1842,0.0016431253170594573,0.0016427097143605351
1843,0.001646944903768599,1843,0.0016431253170594573,0.0016427097143605351
1844,0.001646944903768599,1844,0.0016431253170594573,0.0016427097143605351
1845,0.001646944903768599,1845,0.0016431253170594573,0.0016427097143605351
1846,0.001646944903768599,1846,0.0016431253170594573,0.0016427097143605351
1847,0.001646944903768599,1847,0.0016431253170594573,0.0016427097143605351
1848,0.001646944903768599,1848,0.0016431253170594573,0.0016427097143605351
1849,0.001646944903768599,1849,0.0016431253170594573,0.0016427097143605351
1850,0.001646944903768599,1850,0.0016431253170594573,0.0016427097143605351
1851,0.001646944903768599,1851,0.0016431253170594573,0.0016427097143605351
1852,0.001646944903768599,1852,0.0016431253170594573,0.0016427097143605351
1853,0.001646944903768599,1853,0.0016431253170594573,0.0016427097143605351
1854,0.001646944903768599,1854,0.0016431253170594573,0.0016427097143605351
1855,0.001646944903768599,1855,0.0016431253170594573,0.0016427097143605351
1856,0.001646944903768599,1856,0.0016431253170594573,0.0016427097143605351
1857,0.001646944903768599,1857,0.0016431253170594573,0.0016427097143605351
1858,0.001646944903768599,1858,0.0016431253170594573,0.0016427097143605351
1859,0.001646944903768599,1859,0.0016431253170594573,0.0016427097143605351
1860,0.001646944903768599,1860,0.0016431253170594573,0.0016427097143605351
1861,0.001646944903768599,1861,0.0016431253170594573,0.0016427097143605351
1862,0.001646944903768599,1862,0.0016431253170594573,0.0016427097143605351
1863,0.001646944903768599,1863,0.0016431253170594573,0.0016427097143605351
1864,0.001646944903768599,1864,0.0016431253170594573,0.0016427097143605351
1865,0.001646944903768599,1865,0.0016431253170594573,0.0016427097143605351
1866,0.001646944903768599,1866,0.0016431253170594573,0.0016427097143605351
1867,0.001646944903768599,1867,0.0016431253170594573,0.0016427097143605351
1868,0.001646944903768599,1868,0.0016431253170594573,0.0016427097143605351
1869,0.001646944903768599,1869,0.0016431253170594573,0.0016427097143605351
1870,0.001646944903768599,1870,0.0016431253170594573,0.0016427097143605351
1871,0.001646944903768599,1871,0.0016431253170594573,0.0016427097143605351
1872,0.001646944903768599,1872,0.0016431253170594573,0.0016427097143605351
1873,0.001646944903768599,1873,0.0016431253170594573,0.0016427097143605351
1874,0.001646944903768599,1874,0.0016431253170594573,0.0016427097143605351
1875,0.001646944903768599,1875,0.0016431253170594573,0.0016427097143605351
1876,0.001646944903768599,1876,0.0016431253170594573,0.0016427097143605351
1877,0.001646944903768599,1877,0.0016431253170594573,0.0016427097143605351
1878,0.001646944903768599,1878,0.0016431253170594573,0.0016427097143605351
1879,0.001646944903768599,1879,0.0016431253170594573,0.0016427097143605351
1880,0.001646944903768599,1880,0.0016431253170594573,0.0016427097143605351
1881,0.001646944903768599,1881,0.0016431253170594573,0.0016427097143605351
1882,0.001646944903768599,1882,0.0016431253170594573,0.0016427097143605351
1883,0.001646944903768599,1883,0.0016431253170594573,0.0016427097143605351
1884,0.001646944903768599,1884,0.0016431253170594573,0.0016427097143605351
1885,0.001646944903768599,1885,0.0016431253170594573,0.0016427097143605351
1886,0.001646944903768599,1886,0.0016431253170594573,0.0016427097143605351
1887,0.001646944903768599,1887,0.0016431253170594573,0.0016427097143605351
1888,0.001646944903768599,1888,0.0016431253170594573,0.0016427097143605351
1889,0.001646944903768599,1889,0.0016431253170594573,0.0016427097143605351
1890,0.001646944903768599,1890,0.0016431253170594573,0.0016427097143605351
1891,0.001646944903768599,1891,0.0016431253170594573,0.0016427097143605351
1892,0.001646944903768599,1892,0.0016431253170594573,0.0016427097143605351
1893,0.001646944903768599,1893,0.0016431253170594573,0.0016427097143605351
1894,0.001646944903768599,1894,0.0016431253170594573,0.0016427097143605351
1895,0.001646944903768599,1895,0.0016431253170594573,0.0016427097143605351
1896,0.001646944903768599,1896,0.0016431253170594573,0.0016427097143605351
1897,0.001646944903768599,1897,0.0016431253170594573,0.0016427097143605351
1898,0.001646944903768599,1898,0.0016431253170594573,0.0016427097143605351
1899,0.001646944903768599,1899,0.0016431253170594573,0.0016427097143605351
1900,0.001646944903768599,1900,0.0016431253170594573,0.0016427097143605351
1901,0.001646944903768599,1901,0.0016431253170594573,0.0016427097143605351
1902,0.001646944903768599,1902,0.0016431253170594573,0.0016427097143605351
1903,0.001646944903768599,1903,0.0016431253170594573,0.0016427097143605351
1904,0.001646944903768599,1904,0.0016431253170594573,0.0016427097143605351
1905,0.001646944903768599,1905,0.0016431253170594573,0.0016427097143605351
1906,0.001646944903768599,1906,0.0016431253170594573,0.0016427097143605351
1907,0.001646944903768599,1907,0.0016431253170594573,0.0016427097143605351
1908,0.001646944903768599,1908,0.0016431253170594573,0.0016427097143605351
1909,0.001646944903768599,1909,0.0016431253170594573,0.0016427097143605351
1910,0.001646944903768599,1910,0.0016431253170594573,0.0016427097143605351
1911,0.001646944903768599,1911,0.0016431253170594573,0.0016427097143605351
1912,0.001646944903768599,1912,0.0016431253170594573,0.0016427097143605351
1913,0.001646944903768599,1913,0.0016431253170594573,0.0016427097143605351
1914,0.001646944903768599,1914,0.0016431253170594573,0.0016427097143605351
1915,0.001646944903768599,1915,0.0016431253170594573,0.0016427097143605351
1916,0.001646944903768599,1916,0.0016431253170594573,0.0016427097143605351
1917,0.001646944903768599,1917,0.0016431253170594573,0.0016427097143605351
1918,0.001646944903768599,1918,0.0016431253170594573,0.0016427097143605351
1919,0.001646944903768599,1919,0.0016431253170594573,0.0016427097143605351
1920,0.001646944903768599,1920,0.0016431253170594573,0.0016427097143605351
1921,0.001646944903768599,1921,0.0016431253170594573,0.0016427097143605351
1922,0.001646944903768599,1922,0.0016431253170594573,0.0016427097143605351
1923,0.001646944903768599,1923,0.0016431253170594573,0.0016427097143605351
1924,0.001646944903768599,1924,0.0016431253170594573,0.0016427097143605351
1925,0.001646944903768599,1925,0.0016431253170594573,0.0016427097143605351
1926,0.001646944903768599,1926,0.0016431253170594573,0.0016427097143605351
1927,0.001646944903768599,1927,0.0016431253170594573,0.0016427097143605351
1928,0.001646944903768599,1928,0.0016431253170594573,0.0016427097143605351
1929,0.001646944903768599,1929,0.0016431253170594573,0.0016427097143605351
1930,0.001646944903768599,1930,0.0016431253170594573,0.0016427097143605351
1931,0.001646944903768599,1931,0.0016431253170594573,0.0016427097143605351
1932,0.001646944903768599,1932,0.0016431253170594573,0.0016427097143605351
1933,0.001646944903768599,1933,0.0016431253170594573,0.0016427097143605351
1934,0.001646944903768599,1934,0.0016431253170594573,0.0016427097143605351
1935,0.001646944903768599,1935,0.0016431253170594573,0.0016427097143605351
1936,0.001646944903768599,1936,0.0016431253170594573,0.0016427097143605351
1937,0.001646944903768599,1937,0.0016431253170594573,0.0016427097143605351
1938,0.001646944903768599,1938,0.0016431253170594573,0.0016427097143605351
1939,0.001646944903768599,1939,0.0016431253170594573,0.0016427097143605351
1940,0.001646944903768599,1940,0.0016431253170594573,0.0016427097143605351
1941,0.001646944903768599,1941,0.0016431253170594573,0.0016427097143605351
1942,0.001646944903768599,1942,0.0016431253170594573,0.0016427097143605351
1943,0.001646944903768599,1943,0.0016431253170594573,0.0016427097143605351
1944,0.001646944903768599,1944,0.0016431253170594573,0.0016427097143605351
1945,0.001646944903768599,1945,0.0016431253170594573,0.0016427097143605351
1946,0.001646944903768599,1946,0.0016431253170594573,0.0016427097143605351
1947,0.001646944903768599,1947,0.0016431253170594573,0.0016427097143605351
1948,0.001646944903768599,1948,0.0016431253170594573,0.0016427097143605351
1949,0.001646944903768599,1949,0.0016431253170594573,0.0016427097143605351
1950,0.001646944903768599,1950,0.0016431253170594573,0.0016427097143605351
1951,0.001646944903768599,1951,0.0016431253170594573,0.0016427097143605351
1952,0.001646944903768599,1952,0.0016431253170594573,0.0016427097143605351
1953,0.001646944903768599,1953,0.0016431253170594573,0.0016427097143605351
1954,0.001646944903768599,1954,0.0016431253170594573,0.0016427097143605351
1955,0.001646944903768599,1955,0.0016431253170594573,0.0016427097143605351
1956,0.001646944903768599,1956,0.0016431253170594573,0.0016427097143605351
1957,0.001646944903768599,1957,0.0016431253170594573,0.0016427097143605351
1958,0.001646944903768599,1958,0.0016431253170594573,0.0016427097143605351
1959,0.001646944903768599,1959,0.0016431253170594573,0.0016427097143605351
1960,0.001646944903768599,1960,0.0016431253170594573,0.0016427097143605351
1961,0.001646944903768599,1961,0.0016431253170594573,0.0016427097143605351
1962,0.001646944903768599,1962,0.0016431253170594573,0.0016427097143605351
1963,0.001646944903768599,1963,0.0016431253170594573,0.0016427097143605351
1964,0.001646944903768599,1964,0.0016431253170594573,0.0016427097143605351
1965,0.001646944903768599,1965,0.0016431253170594573,0.0016427097143605351
1966,0.001646944903768599,1966,0.0016431253170594573,0.0016427097143605351
1967,0.001646944903768599,1967,0.0016431253170594573,0.0016427097143605351
1968,0.001646944903768599,1968,0.0016431253170594573,0.0016427097143605351
1969,0.001646944903768599,1969,0.0016431253170594573,0.0016427097143605351
1970,0.001646944903768599,1970,0.0016431253170594573,0.0016427097143605351
1971,0.001646944903768599,1971,0.0016431253170594573,0.0016427097143605351
1972,0.001646944903768599,1972,0.0016431253170594573,0.0016427097143605351
1973,0.001646944903768599,1973,0.0016431253170594573,0.0016427097143605351
1974,0.001646944903768599,1974,0.0016431253170594573,0.0016427097143605351
1975,0.001646944903768599,1975,0.0016431253170594573,0.0016427097143605351
1976,0.001646944903768599,1976,0.0016431253170594573,0.0016427097143605351
1977,0.001646944903768599,1977,0.0016431253170594573,0.0016427097143605351
1978,0.001646944903768599,1978,0.0016431253170594573,0.0016427097143605351
1979,0.001646944903768599,1979,0.0016431253170594573,0.0016427097143605351
1980,0.001646944903768599,1980,0.0016431253170594573,0.0016427097143605351
1981,0.001646944903768599,1981,0.0016431253170594573,0.0016427097143605351
1982,0.001646944903768599,1982,0.0016431253170594573,0.0016427097143605351
1983,0.001646944903768599,1983,0.0016431253170594573,0.0016427097143605351
1984,0.001646944903768599,1984,0.0016431253170594573,0.0016427097143605351
1985,0.001646944903768599,1985,0.0016431253170594573,0.0016427097143605351
1986,0.001646944903768599,1986,0.0016431253170594573,0.0016427097143605351
1987,0.001646944903768599,1987,0.0016431253170594573,0.0016427097143605351
1988,0.001646944903768599,1988,0.0016431253170594573,0.0016427097143605351
1989,0.001646944903768599,1989,0.0016431253170594573,0.0016427097143605351
1990,0.001646944903768599,1990,0.0016431253170594573,0.0016427097143605351
1991,0.001646944903768599,1991,0.0016431253170594573,0.0016427097143605351
1992,0.001646944903768599,1992,0.0016431253170594573,0.0016427097143605351
1993,0.001646944903768599,1993,0.0016431253170594573,0.0016427097143605351
1994,0.001646944903768599,1994,0.0016431253170594573,0.0016427097143605351
1995,0.001646944903768599,1995,0.0016431253170594573,0.0016427097143605351
1996,0.001646944903768599,1996,0.0016431253170594573,0.0016427097143605351
1997,0.001646944903768599,1997,0.0016431253170594573,0.0016427097143605351
1998,0.001646944903768599,1998,0.0016431253170594573,0.0016427097143605351
1999,0.001646944903768599,1999,0.0016431253170594573,0.0016427097143605351
2000,0.0016470621339976788,2000,0.0016429793322458863,0.0016427276423200965
2001,0.0016470621339976788,2001,0.0016429793322458863,0.0016427276423200965
2002,0.0016470621339976788,2002,0.0016429793322458863,0.0016427276423200965
2003,0.0016470621339976788,2003,0.0016429793322458863,0.0016427276423200965
2004,0.0016470621339976788,2004,0.0016429793322458863,0.0016427276423200965
2005,0.0016470621339976788,2005,0.0016429793322458863,0.0016427276423200965
2006,0.0016470621339976788,2006,0.0016429793322458863,0.0016427276423200965
2007,0.0016470621339976788,2007,0.0016429793322458863,0.0016427276423200965
2008,0.0016470621339976788,2008,0.0016429793322458863,0.0016427276423200965
2009,0.0016470621339976788,2009,0.0016429793322458863,0.0016427276423200965
2010,0.0016470621339976788,2010,0.0016429793322458863,0.0016427276423200965
2011,0.0016470621339976788,2011,0.0016429793322458863,0.0016427276423200965
2012,0.0016470621339976788,2012,0.0016429793322458863,0.0016427276423200965
2013,0.0016470621339976788,2013,0.0016429793322458863,0.0016427276423200965
2014,0.0016470621339976788,2014,0.0016429793322458863,0.0016427276423200965
2015,0.0016470621339976788,2015,0.0016429793322458863,0.0016427276423200965
2016,0.0016470621339976788,2016,0.0016429793322458863,0.0016427276423200965
2017,0.0016470621339976788,2017,0.0016429793322458863,0.0016427276423200965
2018,0.0016470621339976788,2018,0.0016429793322458863,0.0016427276423200965
2019,0.0016470621339976788,2019,0.0016429793322458863,0.0016427276423200965
2020,0.0016470621339976788,2020,0.0016429793322458863,0.0016427276423200965
2021,0.0016470621339976788,2021,0.0016429793322458863,0.0016427276423200965
2022,0.0016470621339976788,2022,0.0016429793322458863,0.0016427276423200965
2023,0.0016470621339976788,2023,0.0016429793322458863,0.0016427276423200965
2024,0.0016470621339976788,2024,0.0016429793322458863,0.0016427276423200965
2025,0.0016470621339976788,2025,0.0016429793322458863,0.0016427276423200965
2026,0.0016470621339976788,2026,0.0016429793322458863,0.0016427276423200965
2027,0.0016470621339976788,2027,0.0016429793322458863,0.0016427276423200965
2028,0.0016470621339976788,2028,0.0016429793322458863,0.0016427276423200965
2029,0.0016470621339976788,2029,0.0016429793322458863,0.0016427276423200965
2030,0.0016470621339976788,2030,0.0016429793322458863,0.0016427276423200965
2031,0.0016470621339976788,2031,0.0016429793322458863,0.0016427276423200965
2032,0.0016470621339976788,2032,0.0016429793322458863,0.0016427276423200965
2033,0.0016470621339976788,2033,0.0016429793322458863,0.0016427276423200965
2034,0.0016470621339976788,2034,0.0016429793322458863,0.0016427276423200965
2035,0.0016470621339976788,2035,0.0016429793322458863,0.0016427276423200965
2036,0.0016470621339976788,2036,0.0016429793322458863,0.0016427276423200965
2037,0.0016470621339976788,2037,0.0016429793322458863,0.0016427276423200965
2038,0.0016470621339976788,2038,0.0016429793322458863,0.0016427276423200965
2039,0.0016470621339976788,2039,0.0016429793322458863,0.0016427276423200965
2040,0.0016470621339976788,2040,0.0016429793322458863,0.0016427276423200965
2041,0.0016470621339976788,2041,0.0016429793322458863,0.0016427276423200965
2042,0.0016470621339976788,2042,0.0016429793322458863,0.0016427276423200965
2043,0.0016470621339976788,2043,0.0016429793322458863,0.0016427276423200965
2044,0.0016470621339976788,2044,0.0016429793322458863,0.0016427276423200965
2045,0.0016470621339976788,2045,0.0016429793322458863,0.0016427276423200965
2046,0.0016470621339976788,2046,0.0016429793322458863,0.0016427276423200965
2047,0.0016470621339976788,2047,0.0016429793322458863,0.0016427276423200965
2048,0.0016470621339976788,2048,0.0016429793322458863,0.0016427276423200965
2049,0.0016470621339976788,2049,0.0016429793322458863,0.0016427276423200965
2050,0.0016470621339976788,2050,0.0016429793322458863,0.0016427276423200965
2051,0.0016470621339976788,2051,0.0016429793322458863,0.0016427276423200965
2052,0.0016470621339976788,2052,0.0016429793322458863,0.0016427276423200965
2053,0.0016470621339976788,2053,0.0016429793322458863,0.0016427276423200965
2054,0.0016470621339976788,2054,0.0016429793322458863,0.0016427276423200965
2055,0.0016470621339976788,2055,0.0016429793322458863,0.0016427276423200965
2056,0.0016470621339976788,2056,0.0016429793322458863,0.0016427276423200965
2057,0.0016470621339976788,2057,0.0016429793322458863,0.0016427276423200965
2058,0.0016470621339976788,2058,0.0016429793322458863,0.0016427276423200965
2059,0.0016470621339976788,2059,0.0016429793322458863,0.0016427276423200965
2060,0.0016470621339976788,2060,0.0016429793322458863,0.0016427276423200965
2061,0.0016470621339976788,2061,0.0016429793322458863,0.0016427276423200965
2062,0.0016470621339976788,2062,0.0016429793322458863,0.0016427276423200965
2063,0.0016470621339976788,2063,0.0016429793322458863,0.0016427276423200965
2064,0.0016470621339976788,2064,0.0016429793322458863,0.0016427276423200965
2065,0.0016470621339976788,2065,0.0016429793322458863,0.0016427276423200965
2066,0.0016470621339976788,2066,0.0016429793322458863,0.0016427276423200965
2067,0.0016470621339976788,2067,0.0016429793322458863,0.0016427276423200965
2068,0.0016470621339976788,2068,0.0016429793322458863,0.0016427276423200965
2069,0.0016470621339976788,2069,0.0016429793322458863,0.0016427276423200965
2070,0.0016470621339976788,2070,0.0016429793322458863,0.0016427276423200965
2071,0.0016470621339976788,2071,0.0016429793322458863,0.0016427276423200965
2072,0.0016470621339976788,2072,0.0016429793322458863,0.0016427276423200965
2073,0.0016470621339976788,2073,0.0016429793322458863,0.0016427276423200965
2074,0.0016470621339976788,2074,0.0016429793322458863,0.0016427276423200965
2075,0.0016470621339976788,2075,0.0016429793322458863,0.0016427276423200965
2076,0.0016470621339976788,2076,0.0016429793322458863,0.0016427276423200965
2077,0.0016470621339976788,2077,0.0016429793322458863,0.0016427276423200965
2078,0.0016470621339976788,2078,0.0016429793322458863,0.0016427276423200965
2079,0.0016470621339976788,2079,0.0016429793322458863,0.0016427276423200965
2080,0.0016470621339976788,2080,0.0016429793322458863,0.0016427276423200965
2081,0.0016470621339976788,2081,0.0016429793322458863,0.0016427276423200965
2082,0.0016470621339976788,2082,0.0016429793322458863,0.0016427276423200965
2083,0.0016470621339976788,2083,0.0016429793322458863,0.0016427276423200965
2084,0.0016470621339976788,2084,0.0016429793322458863,0.0016427276423200965
2085,0.0016470621339976788,2085,0.0016429793322458863,0.0016427276423200965
2086,0.0016470621339976788,2086,0.0016429793322458863,0.0016427276423200965
2087,0.0016470621339976788,2087,0.0016429793322458863,0.0016427276423200965
2088,0.0016470621339976788,2088,0.0016429793322458863,0.0016427276423200965
2089,0.0016470621339976788,2089,0.0016429793322458863,0.0016427276423200965
2090,0.0016470621339976788,2090,0.0016429793322458863,0.0016427276423200965
2091,0.0016470621339976788,2091,0.0016429793322458863,0.0016427276423200965
2092,0.0016470621339976788,2092,0.0016429793322458863,0.0016427276423200965
2093,0.0016470621339976788,2093,0.0016429793322458863,0.0016427276423200965
2094,0.0016470621339976788,2094,0.0016429793322458863,0.0016427276423200965
2095,0.0016470621339976788,2095,0.0016429793322458863,0.0016427276423200965
2096,0.0016470621339976788,2096,0.0016429793322458863,0.0016427276423200965
2097,0.0016470621339976788,2097,0.0016429793322458863,0.0016427276423200965
2098,0.0016470621339976788,2098,0.0016429793322458863,0.0016427276423200965
2099,0.0016470621339976788,2099,0.0016429793322458863,0.0016427276423200965
2100,0.0016470621339976788,2100,0.0016429793322458863,0.0016427276423200965
2101,0.0016470621339976788,2101,0.0016429793322458863,0.0016427276423200965
2102,0.0016470621339976788,2102,0.0016429793322458863,0.0016427276423200965
2103,0.0016470621339976788,2103,0.0016429793322458863,0.0016427276423200965
2104,0.0016470621339976788,2104,0.0016429793322458863,0.0016427276423200965
2105,0.0016470621339976788,2105,0.0016429793322458863,0.0016427276423200965
2106,0.0016470621339976788,2106,0.0016429793322458863,0.0016427276423200965
2107,0.0016470621339976788,2107,0.0016429793322458863,0.0016427276423200965
2108,0.0016470621339976788,2108,0.0016429793322458863,0.0016427276423200965
2109,0.0016470621339976788,2109,0.0016429793322458863,0.0016427276423200965
2110,0.0016470621339976788,2110,0.0016429793322458863,0.0016427276423200965
2111,0.0016470621339976788,2111,0.0016429793322458863,0.0016427276423200965
2112,0.0016470621339976788,2112,0.0016429793322458863,0.0016427276423200965
2113,0.0016470621339976788,2113,0.0016429793322458863,0.0016427276423200965
2114,0.0016470621339976788,2114,0.0016429793322458863,0.0016427276423200965
2115,0.0016470621339976788,2115,0.0016429793322458863,0.0016427276423200965
2116,0.0016470621339976788,2116,0.0016429793322458863,0.0016427276423200965
2117,0.0016470621339976788,2117,0.0016429793322458863,0.0016427276423200965
2118,0.0016470621339976788,2118,0.0016429793322458863,0.0016427276423200965
2119,0.0016470621339976788,2119,0.0016429793322458863,0.0016427276423200965
2120,0.0016470621339976788,2120,0.0016429793322458863,0.0016427276423200965
2121,0.0016470621339976788,2121,0.0016429793322458863,0.0016427276423200965
2122,0.0016470621339976788,2122,0.0016429793322458863,0.0016427276423200965
2123,0.0016470621339976788,2123,0.0016429793322458863,0.0016427276423200965
2124,0.0016470621339976788,2124,0.0016429793322458863,0.0016427276423200965
2125,0.0016470621339976788,2125,0.0016429793322458863,0.0016427276423200965
2126,0.0016470621339976788,2126,0.0016429793322458863,0.0016427276423200965
2127,0.0016470621339976788,2127,0.0016429793322458863,0.0016427276423200965
2128,0.0016470621339976788,2128,0.0016429793322458863,0.0016427276423200965
2129,0.0016470621339976788,2129,0.0016429793322458863,0.0016427276423200965
2130,0.0016470621339976788,2130,0.0016429793322458863,0.0016427276423200965
2131,0.0016470621339976788,2131,0.0016429793322458863,0.0016427276423200965
2132,0.0016470621339976788,2132,0.0016429793322458863,0.0016427276423200965
2133,0.0016470621339976788,2133,0.0016429793322458863,0.0016427276423200965
2134,0.0016470621339976788,2134,0.0016429793322458863,0.0016427276423200965
2135,0.0016470621339976788,2135,0.0016429793322458863,0.0016427276423200965
2136,0.0016470621339976788,2136,0.0016429793322458863,0.0016427276423200965
2137,0.0016470621339976788,2137,0.0016429793322458863,0.0016427276423200965
2138,0.0016470621339976788,2138,0.0016429793322458863,0.0016427276423200965
2139,0.0016470621339976788,2139,0.0016429793322458863,0.0016427276423200965
2140,0.0016470621339976788,2140,0.0016429793322458863,0.0016427276423200965
2141,0.0016470621339976788,2141,0.0016429793322458863,0.0016427276423200965
2142,0.0016470621339976788,2142,0.0016429793322458863,0.0016427276423200965
2143,0.0016470621339976788,2143,0.0016429793322458863,0.0016427276423200965
2144,0.0016470621339976788,2144,0.0016429793322458863,0.0016427276423200965
2145,0.0016470621339976788,2145,0.0016429793322458863,0.0016427276423200965
2146,0.0016470621339976788,2146,0.0016429793322458863,0.0016427276423200965
2147,0.0016470621339976788,2147,0.0016429793322458863,0.0016427276423200965
2148,0.0016470621339976788,2148,0.0016429793322458863,0.0016427276423200965
2149,0.0016470621339976788,2149,0.0016429793322458863,0.0016427276423200965
2150,0.0016470621339976788,2150,0.0016429793322458863,0.0016427276423200965
2151,0.0016470621339976788,2151,0.0016429793322458863,0.0016427276423200965
2152,0.0016470621339976788,2152,0.0016429793322458863,0.0016427276423200965
2153,0.0016470621339976788,2153,0.0016429793322458863,0.0016427276423200965
2154,0.0016470621339976788,2154,0.0016429793322458863,0.0016427276423200965
2155,0.0016470621339976788,2155,0.0016429793322458863,0.0016427276423200965
2156,0.0016470621339976788,2156,0.0016429793322458863,0.0016427276423200965
2157,0.0016470621339976788,2157,0.0016429793322458863,0.0016427276423200965
2158,0.0016470621339976788,2158,0.0016429793322458863,0.0016427276423200965
2159,0.0016470621339976788,2159,0.0016429793322458863,0.0016427276423200965
2160,0.0016470621339976788,2160,0.0016429793322458863,0.0016427276423200965
2161,0.0016470621339976788,2161,0.0016429793322458863,0.0016427276423200965
2162,0.0016470621339976788,2162,0.0016429793322458863,0.0016427276423200965
2163,0.0016470621339976788,2163,0.0016429793322458863,0.0016427276423200965
2164,0.0016470621339976788,2164,0.0016429793322458863,0.0016427276423200965
2165,0.0016470621339976788,2165,0.0016429793322458863,0.0016427276423200965
2166,0.0016470621339976788,2166,0.0016429793322458863,0.0016427276423200965
2167,0.0016470621339976788,2167,0.0016429793322458863,0.0016427276423200965
2168,0.0016470621339976788,2168,0.0016429793322458863,0.0016427276423200965
2169,0.0016470621339976788,2169,0.0016429793322458863,0.0016427276423200965
2170,0.0016470621339976788,2170,0.0016429793322458863,0.0016427276423200965
2171,0.0016470621339976788,2171,0.0016429793322458863,0.0016427276423200965
2172,0.0016470621339976788,2172,0.0016429793322458863,0.0016427276423200965
2173,0.0016470621339976788,2173,0.0016429793322458863,0.0016427276423200965
2174,0.0016470621339976788,2174,0.0016429793322458863,0.0016427276423200965
2175,0.0016470621339976788,2175,0.0016429793322458863,0.0016427276423200965
2176,0.0016470621339976788,2176,0.0016429793322458863,0.0016427276423200965
2177,0.0016470621339976788,2177,0.0016429793322458863,0.0016427276423200965
2178,0.0016470621339976788,2178,0.0016429793322458863,0.0016427276423200965
2179,0.0016470621339976788,2179,0.0016429793322458863,0.0016427276423200965
2180,0.0016470621339976788,2180,0.0016429793322458863,0.0016427276423200965
2181,0.0016470621339976788,2181,0.0016429793322458863,0.0016427276423200965
2182,0.0016470621339976788,2182,0.0016429793322458863,0.0016427276423200965
2183,0.0016470621339976788,2183,0.0016429793322458863,0.0016427276423200965
2184,0.0016470621339976788,2184,0.0016429793322458863,0.0016427276423200965
2185,0.0016470621339976788,2185,0.0016429793322458863,0.0016427276423200965
2186,0.0016470621339976788,2186,0.0016429793322458863,0.0016427276423200965
2187,0.0016470621339976788,2187,0.0016429793322458863,0.0016427276423200965
2188,0.0016470621339976788,2188,0.0016429793322458863,0.0016427276423200965
2189,0.0016470621339976788,2189,0.0016429793322458863,0.0016427276423200965
2190,0.0016470621339976788,2190,0.0016429793322458863,0.0016427276423200965
2191,0.0016470621339976788,2191,0.0016429793322458863,0.0016427276423200965
2192,0.0016470621339976788,2192,0.0016429793322458863,0.0016427276423200965
2193,0.0016470621339976788,2193,0.0016429793322458863,0.0016427276423200965
2194,0.0016470621339976788,2194,0.0016429793322458863,0.0016427276423200965
2195,0.0016470621339976788,2195,0.0016429793322458863,0.0016427276423200965
2196,0.0016470621339976788,2196,0.0016429793322458863,0.0016427276423200965
2197,0.0016470621339976788,2197,0.0016429793322458863,0.0016427276423200965
2198,0.0016470621339976788,2198,0.0016429793322458863,0.0016427276423200965
2199,0.0016470621339976788,2199,0.0016429793322458863,0.0016427276423200965
2200,0.0016470621339976788,2200,0.0016429793322458863,0.0016427276423200965
2201,0.0016470621339976788,2201,0.0016429793322458863,0.0016427276423200965
2202,0.0016470621339976788,2202,0.0016429793322458863,0.0016427276423200965
2203,0.0016470621339976788,2203,0.0016429793322458863,0.0016427276423200965
2204,0.0016470621339976788,2204,0.0016429793322458863,0.0016427276423200965
2205,0.0016470621339976788,2205,0.0016429793322458863,0.0016427276423200965
2206,0.0016470621339976788,2206,0.0016429793322458863,0.0016427276423200965
2207,0.0016470621339976788,2207,0.0016429793322458863,0.0016427276423200965
2208,0.0016470621339976788,2208,0.0016429793322458863,0.0016427276423200965
2209,0.0016470621339976788,2209,0.0016429793322458863,0.0016427276423200965
2210,0.0016470621339976788,2210,0.0016429793322458863,0.0016427276423200965
2211,0.0016470621339976788,2211,0.0016429793322458863,0.0016427276423200965
2212,0.0016470621339976788,2212,0.0016429793322458863,0.0016427276423200965
2213,0.0016470621339976788,2213,0.0016429793322458863,0.0016427276423200965
2214,0.0016470621339976788,2214,0.0016429793322458863,0.0016427276423200965
2215,0.0016470621339976788,2215,0.0016429793322458863,0.0016427276423200965
2216,0.0016470621339976788,2216,0.0016429793322458863,0.0016427276423200965
2217,0.0016470621339976788,2217,0.0016429793322458863,0.0016427276423200965
2218,0.0016470621339976788,2218,0.0016429793322458863,0.0016427276423200965
2219,0.0016470621339976788,2219,0.0016429793322458863,0.0016427276423200965
2220,0.0016470621339976788,2220,0.0016429793322458863,0.0016427276423200965
2221,0.0016470621339976788,2221,0.0016429793322458863,0.0016427276423200965
2222,0.0016470621339976788,2222,0.0016429793322458863,0.0016427276423200965
2223,0.0016470621339976788,2223,0.0016429793322458863,0.0016427276423200965
2224,0.0016470621339976788,2224,0.0016429793322458863,0.0016427276423200965
2225,0.0016470621339976788,2225,0.0016429793322458863,0.0016427276423200965
2226,0.0016470621339976788,2226,0.0016429793322458863,0.0016427276423200965
2227,0.0016470621339976788,2227,0.0016429793322458863,0.0016427276423200965
2228,0.0016470621339976788,2228,0.0016429793322458863,0.0016427276423200965
2229,0.0016470621339976788,2229,0.0016429793322458863,0.0016427276423200965
2230,0.0016470621339976788,2230,0.0016429793322458863,0.0016427276423200965
2231,0.0016470621339976788,2231,0.0016429793322458863,0.0016427276423200965
2232,0.0016470621339976788,2232,0.0016429793322458863,0.0016427276423200965
2233,0.0016470621339976788,2233,0.0016429793322458863,0.0016427276423200965
2234,0.0016470621339976788,2234,0.0016429793322458863,0.0016427276423200965
2235,0.0016470621339976788,2235,0.0016429793322458863,0.0016427276423200965
2236,0.0016470621339976788,2236,0.0016429793322458863,0.0016427276423200965
2237,0.0016470621339976788,2237,0.0016429793322458863,0.0016427276423200965
2238,0.0016470621339976788,2238,0.0016429793322458863,0.0016427276423200965
2239,0.0016470621339976788,2239,0.0016429793322458863,0.0016427276423200965
2240,0.0016470621339976788,2240,0.0016429793322458863,0.0016427276423200965
2241,0.0016470621339976788,2241,0.0016429793322458863,0.0016427276423200965
2242,0.0016470621339976788,2242,0.0016429793322458863,0.0016427276423200965
2243,0.0016470621339976788,2243,0.0016429793322458863,0.0016427276423200965
2244,0.0016470621339976788,2244,0.0016429793322458863,0.0016427276423200965
2245,0.0016470621339976788,2245,0.0016429793322458863,0.0016427276423200965
2246,0.0016470621339976788,2246,0.0016429793322458863,0.0016427276423200965
2247,0.0016470621339976788,2247,0.0016429793322458863,0.0016427276423200965
2248,0.0016470621339976788,2248,0.0016429793322458863,0.0016427276423200965
2249,0.0016470621339976788,2249,0.0016429793322458863,0.0016427276423200965
2250,0.001647144672460854,2250,0.0016429740935564041,0.0016427368391305208
2251,0.001647144672460854,2251,0.0016429740935564041,0.0016427368391305208
2252,0.001647144672460854,2252,0.0016429740935564041,0.0016427368391305208
2253,0.001647144672460854,2253,0.0016429740935564041,0.0016427368391305208
2254,0.001647144672460854,2254,0.0016429740935564041,0.0016427368391305208
2255,0.001647144672460854,2255,0.0016429740935564041,0.0016427368391305208
2256,0.001647144672460854,2256,0.0016429740935564041,0.0016427368391305208
2257,0.001647144672460854,2257,0.0016429740935564041,0.0016427368391305208
2258,0.001647144672460854,2258,0.0016429740935564041,0.0016427368391305208
2259,0.001647144672460854,2259,0.0016429740935564041,0.0016427368391305208
2260,0.001647144672460854,2260,0.0016429740935564041,0.0016427368391305208
2261,0.001647144672460854,2261,0.0016429740935564041,0.0016427368391305208
2262,0.001647144672460854,2262,0.0016429740935564041,0.0016427368391305208
2263,0.001647144672460854,2263,0.0016429740935564041,0.0016427368391305208
2264,0.001647144672460854,2264,0.0016429740935564041,0.0016427368391305208
2265,0.001647144672460854,2265,0.0016429740935564041,0.0016427368391305208
2266,0.001647144672460854,2266,0.0016429740935564041,0.0016427368391305208
2267,0.001647144672460854,2267,0.0016429740935564041,0.0016427368391305208
2268,0.001647144672460854,2268,0.0016429740935564041,0.0016427368391305208
2269,0.001647144672460854,2269,0.0016429740935564041,0.0016427368391305208
2270,0.001647144672460854,2270,0.0016429740935564041,0.0016427368391305208
2271,0.001647144672460854,2271,0.0016429740935564041,0.0016427368391305208
2272,0.001647144672460854,2272,0.0016429740935564041,0.0016427368391305208
2273,0.001647144672460854,2273,0.0016429740935564041,0.0016427368391305208
2274,0.001647144672460854,2274,0.0016429740935564041,0.0016427368391305208
2275,0.001647144672460854,2275,0.0016429740935564041,0.0016427368391305208
2276,0.001647144672460854,2276,0.0016429740935564041,0.0016427368391305208
2277,0.001647144672460854,2277,0.0016429740935564041,0.0016427368391305208
2278,0.001647144672460854,2278,0.0016429740935564041,0.0016427368391305208
2279,0.001647144672460854,2279,0.0016429740935564041,0.0016427368391305208
2280,0.001647144672460854,2280,0.0016429740935564041,0.0016427368391305208
2281,0.001647144672460854,2281,0.0016429740935564041,0.0016427368391305208
2282,0.001647144672460854,2282,0.0016429740935564041,0.0016427368391305208
2283,0.001647144672460854,2283,0.0016429740935564041,0.0016427368391305208
2284,0.001647144672460854,2284,0.0016429740935564041,0.0016427368391305208
2285,0.001647144672460854,2285,0.0016429740935564041,0.0016427368391305208
2286,0.001647144672460854,2286,0.0016429740935564041,0.0016427368391305208
2287,0.001647144672460854,2287,0.0016429740935564041,0.0016427368391305208
2288,0.001647144672460854,2288,0.0016429740935564041,0.0016427368391305208
2289,0.001647144672460854,2289,0.0016429740935564041,0.0016427368391305208
2290,0.001647144672460854,2290,0.0016429740935564041,0.0016427368391305208
2291,0.001647144672460854,2291,0.0016429740935564041,0.0016427368391305208
2292,0.001647144672460854,2292,0.0016429740935564041,0.0016427368391305208
2293,0.001647144672460854,2293,0.0016429740935564041,0.0016427368391305208
2294,0.001647144672460854,2294,0.0016429740935564041,0.0016427368391305208
2295,0.001647144672460854,2295,0.0016429740935564041,0.0016427368391305208
2296,0.001647144672460854,2296,0.0016429740935564041,0.0016427368391305208
2297,0.001647144672460854,2297,0.0016429740935564041,0.0016427368391305208
2298,0.001647144672460854,2298,0.0016429740935564041,0.0016427368391305208
2299,0.001647144672460854,2299,0.0016429740935564041,0.0016427368391305208
2300,0.001647144672460854,2300,0.0016429740935564041,0.0016427368391305208
2301,0.001647144672460854,2301,0.0016429740935564041,0.0016427368391305208
2302,0.001647144672460854,2302,0.0016429740935564041,0.0016427368391305208
2303,0.001647144672460854,2303,0.0016429740935564041,0.0016427368391305208
2304,0.001647144672460854,2304,0.0016429740935564041,0.0016427368391305208
2305,0.001647144672460854,2305,0.0016429740935564041,0.0016427368391305208
2306,0.001647144672460854,2306,0.0016429740935564041,0.0016427368391305208
2307,0.001647144672460854,2307,0.0016429740935564041,0.0016427368391305208
2308,0.001647144672460854,2308,0.0016429740935564041,0.0016427368391305208
2309,0.001647144672460854,2309,0.0016429740935564041,0.0016427368391305208
2310,0.001647144672460854,2310,0.0016429740935564041,0.0016427368391305208
2311,0.001647144672460854,2311,0.0016429740935564041,0.0016427368391305208
2312,0.001647144672460854,2312,0.0016429740935564041,0.0016427368391305208
2313,0.001647144672460854,2313,0.0016429740935564041,0.0016427368391305208
2314,0.001647144672460854,2314,0.0016429740935564041,0.0016427368391305208
2315,0.001647144672460854,2315,0.0016429740935564041,0.0016427368391305208
2316,0.001647144672460854,2316,0.0016429740935564041,0.0016427368391305208
2317,0.001647144672460854,2317,0.0016429740935564041,0.0016427368391305208
2318,0.001647144672460854,2318,0.0016429740935564041,0.0016427368391305208
2319,0.001647144672460854,2319,0.0016429740935564041,0.0016427368391305208
2320,0.001647144672460854,2320,0.0016429740935564041,0.0016427368391305208
2321,0.001647144672460854,2321,0.0016429740935564041,0.0016427368391305208
2322,0.001647144672460854,2322,0.0016429740935564041,0.0016427368391305208
2323,0.001647144672460854,2323,0.0016429740935564041,0.0016427368391305208
2324,0.001647144672460854,2324,0.0016429740935564041,0.0016427368391305208
2325,0.001647144672460854,2325,0.0016429740935564041,0.0016427368391305208
2326,0.001647144672460854,2326,0.0016429740935564041,0.0016427368391305208
2327,0.001647144672460854,2327,0.0016429740935564041,0.0016427368391305208
2328,0.001647144672460854,2328,0.0016429740935564041,0.0016427368391305208
2329,0.001647144672460854,2329,0.0016429740935564041,0.0016427368391305208
2330,0.001647144672460854,2330,0.0016429740935564041,0.0016427368391305208
2331,0.001647144672460854,2331,0.0016429740935564041,0.0016427368391305208
2332,0.001647144672460854,2332,0.0016429740935564041,0.0016427368391305208
2333,0.001647144672460854,2333,0.0016429740935564041,0.0016427368391305208
2334,0.001647144672460854,2334,0.0016429740935564041,0.0016427368391305208
2335,0.001647144672460854,2335,0.0016429740935564041,0.0016427368391305208
2336,0.001647144672460854,2336,0.0016429740935564041,0.0016427368391305208
2337,0.001647144672460854,2337,0.0016429740935564041,0.0016427368391305208
2338,0.001647144672460854,2338,0.0016429740935564041,0.0016427368391305208
2339,0.001647144672460854,2339,0.0016429740935564041,0.0016427368391305208
2340,0.001647144672460854,2340,0.0016429740935564041,0.0016427368391305208
2341,0.001647144672460854,2341,0.0016429740935564041,0.0016427368391305208
2342,0.001647144672460854,2342,0.0016429740935564041,0.0016427368391305208
2343,0.001647144672460854,2343,0.0016429740935564041,0.0016427368391305208
2344,0.001647144672460854,2344,0.0016429740935564041,0.0016427368391305208
2345,0.001647144672460854,2345,0.0016429740935564041,0.0016427368391305208
2346,0.001647144672460854,2346,0.0016429740935564041,0.0016427368391305208
2347,0.001647144672460854,2347,0.0016429740935564041,0.0016427368391305208
2348,0.001647144672460854,2348,0.0016429740935564041,0.0016427368391305208
2349,0.001647144672460854,2349,0.0016429740935564041,0.0016427368391305208
2350,0.001647144672460854,2350,0.0016429740935564041,0.0016427368391305208
2351,0.001647144672460854,2351,0.0016429740935564041,0.0016427368391305208
2352,0.001647144672460854,2352,0.0016429740935564041,0.0016427368391305208
2353,0.001647144672460854,2353,0.0016429740935564041,0.0016427368391305208
2354,0.001647144672460854,2354,0.0016429740935564041,0.0016427368391305208
2355,0.001647144672460854,2355,0.0016429740935564041,0.0016427368391305208
2356,0.001647144672460854,2356,0.0016429740935564041,0.0016427368391305208
2357,0.001647144672460854,2357,0.0016429740935564041,0.0016427368391305208
2358,0.001647144672460854,2358,0.0016429740935564041,0.0016427368391305208
2359,0.001647144672460854,2359,0.0016429740935564041,0.0016427368391305208
2360,0.001647144672460854,2360,0.0016429740935564041,0.0016427368391305208
2361,0.001647144672460854,2361,0.0016429740935564041,0.0016427368391305208
2362,0.001647144672460854,2362,0.0016429740935564041,0.0016427368391305208
2363,0.001647144672460854,2363,0.0016429740935564041,0.0016427368391305208
2364,0.001647144672460854,2364,0.0016429740935564041,0.0016427368391305208
2365,0.001647144672460854,2365,0.0016429740935564041,0.0016427368391305208
2366,0.001647144672460854,2366,0.0016429740935564041,0.0016427368391305208
2367,0.001647144672460854,2367,0.0016429740935564041,0.0016427368391305208
2368,0.001647144672460854,2368,0.0016429740935564041,0.0016427368391305208
2369,0.001647144672460854,2369,0.0016429740935564041,0.0016427368391305208
2370,0.001647144672460854,2370,0.0016429740935564041,0.0016427368391305208
2371,0.001647144672460854,2371,0.0016429740935564041,0.0016427368391305208
2372,0.001647144672460854,2372,0.0016429740935564041,0.0016427368391305208
2373,0.001647144672460854,2373,0.0016429740935564041,0.0016427368391305208
2374,0.001647144672460854,2374,0.0016429740935564041,0.0016427368391305208
2375,0.001647144672460854,2375,0.0016429740935564041,0.0016427368391305208
2376,0.001647144672460854,2376,0.0016429740935564041,0.0016427368391305208
2377,0.001647144672460854,2377,0.0016429740935564041,0.0016427368391305208
2378,0.001647144672460854,2378,0.0016429740935564041,0.0016427368391305208
2379,0.001647144672460854,2379,0.0016429740935564041,0.0016427368391305208
2380,0.001647144672460854,2380,0.0016429740935564041,0.0016427368391305208
2381,0.001647144672460854,2381,0.0016429740935564041,0.0016427368391305208
2382,0.001647144672460854,2382,0.0016429740935564041,0.0016427368391305208
2383,0.001647144672460854,2383,0.0016429740935564041,0.0016427368391305208
2384,0.001647144672460854,2384,0.0016429740935564041,0.0016427368391305208
2385,0.001647144672460854,2385,0.0016429740935564041,0.0016427368391305208
2386,0.001647144672460854,2386,0.0016429740935564041,0.0016427368391305208
2387,0.001647144672460854,2387,0.0016429740935564041,0.0016427368391305208
2388,0.001647144672460854,2388,0.0016429740935564041,0.0016427368391305208
2389,0.001647144672460854,2389,0.0016429740935564041,0.0016427368391305208
2390,0.001647144672460854,2390,0.0016429740935564041,0.0016427368391305208
2391,0.001647144672460854,2391,0.0016429740935564041,0.0016427368391305208
2392,0.001647144672460854,2392,0.0016429740935564041,0.0016427368391305208
2393,0.001647144672460854,2393,0.0016429740935564041,0.0016427368391305208
2394,0.001647144672460854,2394,0.0016429740935564041,0.0016427368391305208
2395,0.001647144672460854,2395,0.0016429740935564041,0.0016427368391305208
2396,0.001647144672460854,2396,0.0016429740935564041,0.0016427368391305208
2397,0.001647144672460854,2397,0.0016429740935564041,0.0016427368391305208
2398,0.001647144672460854,2398,0.0016429740935564041,0.0016427368391305208
2399,0.001647144672460854,2399,0.0016429740935564041,0.0016427368391305208
2400,0.001647144672460854,2400,0.0016429740935564041,0.0016427368391305208
2401,0.001647144672460854,2401,0.0016429740935564041,0.0016427368391305208
2402,0.001647144672460854,2402,0.0016429740935564041,0.0016427368391305208
2403,0.001647144672460854,2403,0.0016429740935564041,0.0016427368391305208
2404,0.001647144672460854,2404,0.0016429740935564041,0.0016427368391305208
2405,0.001647144672460854,2405,0.0016429740935564041,0.0016427368391305208
2406,0.001647144672460854,2406,0.0016429740935564041,0.0016427368391305208
2407,0.001647144672460854,2407,0.0016429740935564041,0.0016427368391305208
2408,0.001647144672460854,2408,0.0016429740935564041,0.0016427368391305208
2409,0.001647144672460854,2409,0.0016429740935564041,0.0016427368391305208
2410,0.001647144672460854,2410,0.0016429740935564041,0.0016427368391305208
2411,0.001647144672460854,2411,0.0016429740935564041,0.0016427368391305208
2412,0.001647144672460854,2412,0.0016429740935564041,0.0016427368391305208
2413,0.001647144672460854,2413,0.0016429740935564041,0.0016427368391305208
2414,0.001647144672460854,2414,0.0016429740935564041,0.0016427368391305208
2415,0.001647144672460854,2415,0.0016429740935564041,0.0016427368391305208
2416,0.001647144672460854,2416,0.0016429740935564041,0.0016427368391305208
2417,0.001647144672460854,2417,0.0016429740935564041,0.0016427368391305208
2418,0.001647144672460854,2418,0.0016429740935564041,0.0016427368391305208
2419,0.001647144672460854,2419,0.0016429740935564041,0.0016427368391305208
2420,0.001647144672460854,2420,0.0016429740935564041,0.0016427368391305208
2421,0.001647144672460854,2421,0.0016429740935564041,0.0016427368391305208
2422,0.001647144672460854,2422,0.0016429740935564041,0.0016427368391305208
2423,0.001647144672460854,2423,0.0016429740935564041,0.0016427368391305208
2424,0.001647144672460854,2424,0.0016429740935564041,0.0016427368391305208
2425,0.001647144672460854,2425,0.0016429740935564041,0.0016427368391305208
2426,0.001647144672460854,2426,0.0016429740935564041,0.0016427368391305208
2427,0.001647144672460854,2427,0.0016429740935564041,0.0016427368391305208
2428,0.001647144672460854,2428,0.0016429740935564041,0.0016427368391305208
2429,0.001647144672460854,2429,0.0016429740935564041,0.0016427368391305208
2430,0.001647144672460854,2430,0.0016429740935564041,0.0016427368391305208
2431,0.001647144672460854,2431,0.0016429740935564041,0.0016427368391305208
2432,0.001647144672460854,2432,0.0016429740935564041,0.0016427368391305208
2433,0.001647144672460854,2433,0.0016429740935564041,0.0016427368391305208
2434,0.001647144672460854,2434,0.0016429740935564041,0.0016427368391305208
2435,0.001647144672460854,2435,0.0016429740935564041,0.0016427368391305208
2436,0.001647144672460854,2436,0.0016429740935564041,0.0016427368391305208
2437,0.001647144672460854,2437,0.0016429740935564041,0.0016427368391305208
2438,0.001647144672460854,2438,0.0016429740935564041,0.0016427368391305208
2439,0.001647144672460854,2439,0.0016429740935564041,0.0016427368391305208
2440,0.001647144672460854,2440,0.0016429740935564041,0.0016427368391305208
2441,0.001647144672460854,2441,0.0016429740935564041,0.0016427368391305208
2442,0.001647144672460854,2442,0.0016429740935564041,0.0016427368391305208
2443,0.001647144672460854,2443,0.0016429740935564041,0.0016427368391305208
2444,0.001647144672460854,2444,0.0016429740935564041,0.0016427368391305208
2445,0.001647144672460854,2445,0.0016429740935564041,0.0016427368391305208
2446,0.001647144672460854,2446,0.0016429740935564041,0.0016427368391305208
2447,0.001647144672460854,2447,0.0016429740935564041,0.0016427368391305208
2448,0.001647144672460854,2448,0.0016429740935564041,0.0016427368391305208
2449,0.001647144672460854,2449,0.0016429740935564041,0.0016427368391305208
2450,0.001647144672460854,2450,0.0016429740935564041,0.0016427368391305208
2451,0.001647144672460854,2451,0.0016429740935564041,0.0016427368391305208
2452,0.001647144672460854,2452,0.0016429740935564041,0.0016427368391305208
2453,0.001647144672460854,2453,0.0016429740935564041,0.0016427368391305208
2454,0.001647144672460854,2454,0.0016429740935564041,0.0016427368391305208
2455,0.001647144672460854,2455,0.0016429740935564041,0.0016427368391305208
2456,0.001647144672460854,2456,0.0016429740935564041,0.0016427368391305208
2457,0.001647144672460854,2457,0.0016429740935564041,0.0016427368391305208
2458,0.001647144672460854,2458,0.0016429740935564041,0.0016427368391305208
2459,0.001647144672460854,2459,0.0016429740935564041,0.0016427368391305208
2460,0.001647144672460854,2460,0.0016429740935564041,0.0016427368391305208
2461,0.001647144672460854,2461,0.0016429740935564041,0.0016427368391305208
2462,0.001647144672460854,2462,0.0016429740935564041,0.0016427368391305208
2463,0.001647144672460854,2463,0.0016429740935564041,0.0016427368391305208
2464,0.001647144672460854,2464,0.0016429740935564041,0.0016427368391305208
2465,0.001647144672460854,2465,0.0016429740935564041,0.0016427368391305208
2466,0.001647144672460854,2466,0.0016429740935564041,0.0016427368391305208
2467,0.001647144672460854,2467,0.0016429740935564041,0.0016427368391305208
2468,0.001647144672460854,2468,0.0016429740935564041,0.0016427368391305208
2469,0.001647144672460854,2469,0.0016429740935564041,0.0016427368391305208
2470,0.001647144672460854,2470,0.0016429740935564041,0.0016427368391305208
2471,0.001647144672460854,2471,0.0016429740935564041,0.0016427368391305208
2472,0.001647144672460854,2472,0.0016429740935564041,0.0016427368391305208
2473,0.001647144672460854,2473,0.0016429740935564041,0.0016427368391305208
2474,0.001647144672460854,2474,0.0016429740935564041,0.0016427368391305208
2475,0.001647144672460854,2475,0.0016429740935564041,0.0016427368391305208
2476,0.001647144672460854,2476,0.0016429740935564041,0.0016427368391305208
2477,0.001647144672460854,2477,0.0016429740935564041,0.0016427368391305208
2478,0.001647144672460854,2478,0.0016429740935564041,0.0016427368391305208
2479,0.001647144672460854,2479,0.0016429740935564041,0.0016427368391305208
2480,0.001647144672460854,2480,0.0016429740935564041,0.0016427368391305208
2481,0.001647144672460854,2481,0.0016429740935564041,0.0016427368391305208
2482,0.001647144672460854,2482,0.0016429740935564041,0.0016427368391305208
2483,0.001647144672460854,2483,0.0016429740935564041,0.0016427368391305208
2484,0.001647144672460854,2484,0.0016429740935564041,0.0016427368391305208
2485,0.001647144672460854,2485,0.0016429740935564041,0.0016427368391305208
2486,0.001647144672460854,2486,0.0016429740935564041,0.0016427368391305208
2487,0.001647144672460854,2487,0.0016429740935564041,0.0016427368391305208
2488,0.001647144672460854,2488,0.0016429740935564041,0.0016427368391305208
2489,0.001647144672460854,2489,0.0016429740935564041,0.0016427368391305208
2490,0.001647144672460854,2490,0.0016429740935564041,0.0016427368391305208
2491,0.001647144672460854,2491,0.0016429740935564041,0.0016427368391305208
2492,0.001647144672460854,2492,0.0016429740935564041,0.0016427368391305208
2493,0.001647144672460854,2493,0.0016429740935564041,0.0016427368391305208
2494,0.001647144672460854,2494,0.0016429740935564041,0.0016427368391305208
2495,0.001647144672460854,2495,0.0016429740935564041,0.0016427368391305208
2496,0.001647144672460854,2496,0.0016429740935564041,0.0016427368391305208
2497,0.001647144672460854,2497,0.0016429740935564041,0.0016427368391305208
2498,0.001647144672460854,2498,0.0016429740935564041,0.0016427368391305208
2499,0.001647144672460854,2499,0.0016429740935564041,0.0016427368391305208
2500,0.0016472458373755217,2500,0.001642973511479795,0.0016426878282800317
2501,0.0016472458373755217,2501,0.001642973511479795,0.0016426878282800317
2502,0.0016472458373755217,2502,0.001642973511479795,0.0016426878282800317
2503,0.0016472458373755217,2503,0.001642973511479795,0.0016426878282800317
2504,0.0016472458373755217,2504,0.001642973511479795,0.0016426878282800317
2505,0.0016472458373755217,2505,0.001642973511479795,0.0016426878282800317
2506,0.0016472458373755217,2506,0.001642973511479795,0.0016426878282800317
2507,0.0016472458373755217,2507,0.001642973511479795,0.0016426878282800317
2508,0.0016472458373755217,2508,0.001642973511479795,0.0016426878282800317
2509,0.0016472458373755217,2509,0.001642973511479795,0.0016426878282800317
2510,0.0016472458373755217,2510,0.001642973511479795,0.0016426878282800317
2511,0.0016472458373755217,2511,0.001642973511479795,0.0016426878282800317
2512,0.0016472458373755217,2512,0.001642973511479795,0.0016426878282800317
2513,0.0016472458373755217,2513,0.001642973511479795,0.0016426878282800317
2514,0.0016472458373755217,2514,0.001642973511479795,0.0016426878282800317
2515,0.0016472458373755217,2515,0.001642973511479795,0.0016426878282800317
2516,0.0016472458373755217,2516,0.001642973511479795,0.0016426878282800317
2517,0.0016472458373755217,2517,0.001642973511479795,0.0016426878282800317
2518,0.0016472458373755217,2518,0.001642973511479795,0.0016426878282800317
2519,0.0016472458373755217,2519,0.001642973511479795,0.0016426878282800317
2520,0.0016472458373755217,2520,0.001642973511479795,0.0016426878282800317
2521,0.0016472458373755217,2521,0.001642973511479795,0.0016426878282800317
2522,0.0016472458373755217,2522,0.001642973511479795,0.0016426878282800317
2523,0.0016472458373755217,2523,0.001642973511479795,0.0016426878282800317
2524,0.0016472458373755217,2524,0.001642973511479795,0.0016426878282800317
2525,0.0016472458373755217,2525,0.001642973511479795,0.0016426878282800317
2526,0.0016472458373755217,2526,0.001642973511479795,0.0016426878282800317
2527,0.0016472458373755217,2527,0.001642973511479795,0.0016426878282800317
2528,0.0016472458373755217,2528,0.001642973511479795,0.0016426878282800317
2529,0.0016472458373755217,2529,0.001642973511479795,0.0016426878282800317
2530,0.0016472458373755217,2530,0.001642973511479795,0.0016426878282800317
2531,0.0016472458373755217,2531,0.001642973511479795,0.0016426878282800317
2532,0.0016472458373755217,2532,0.001642973511479795,0.0016426878282800317
2533,0.0016472458373755217,2533,0.001642973511479795,0.0016426878282800317
2534,0.0016472458373755217,2534,0.001642973511479795,0.0016426878282800317
2535,0.0016472458373755217,2535,0.001642973511479795,0.0016426878282800317
2536,0.0016472458373755217,2536,0.001642973511479795,0.0016426878282800317
2537,0.0016472458373755217,2537,0.001642973511479795,0.0016426878282800317
2538,0.0016472458373755217,2538,0.001642973511479795,0.0016426878282800317
2539,0.0016472458373755217,2539,0.001642973511479795,0.0016426878282800317
2540,0.0016472458373755217,2540,0.001642973511479795,0.0016426878282800317
2541,0.0016472458373755217,2541,0.001642973511479795,0.0016426878282800317
2542,0.0016472458373755217,2542,0.001642973511479795,0.0016426878282800317
2543,0.0016472458373755217,2543,0.001642973511479795,0.0016426878282800317
2544,0.0016472458373755217,2544,0.001642973511479795,0.0016426878282800317
2545,0.0016472458373755217,2545,0.001642973511479795,0.0016426878282800317
2546,0.0016472458373755217,2546,0.001642973511479795,0.0016426878282800317
2547,0.0016472458373755217,2547,0.001642973511479795,0.0016426878282800317
2548,0.0016472458373755217,2548,0.001642973511479795,0.0016426878282800317
2549,0.0016472458373755217,2549,0.001642973511479795,0.0016426878282800317
2550,0.0016472458373755217,2550,0.001642973511479795,0.0016426878282800317
2551,0.0016472458373755217,2551,0.001642973511479795,0.0016426878282800317
2552,0.0016472458373755217,2552,0.001642973511479795,0.0016426878282800317
2553,0.0016472458373755217,2553,0.001642973511479795,0.0016426878282800317
2554,0.0016472458373755217,2554,0.001642973511479795,0.0016426878282800317
2555,0.0016472458373755217,2555,0.001642973511479795,0.0016426878282800317
2556,0.0016472458373755217,2556,0.001642973511479795,0.0016426878282800317
2557,0.0016472458373755217,2557,0.001642973511479795,0.0016426878282800317
2558,0.0016472458373755217,2558,0.001642973511479795,0.0016426878282800317
2559,0.0016472458373755217,2559,0.001642973511479795,0.0016426878282800317
2560,0.0016472458373755217,2560,0.001642973511479795,0.0016426878282800317
2561,0.0016472458373755217,2561,0.001642973511479795,0.0016426878282800317
2562,0.0016472458373755217,2562,0.001642973511479795,0.0016426878282800317
2563,0.0016472458373755217,2563,0.001642973511479795,0.0016426878282800317
2564,0.0016472458373755217,2564,0.001642973511479795,0.0016426878282800317
2565,0.0016472458373755217,2565,0.001642973511479795,0.0016426878282800317
2566,0.0016472458373755217,2566,0.001642973511479795,0.0016426878282800317
2567,0.0016472458373755217,2567,0.001642973511479795,0.0016426878282800317
2568,0.0016472458373755217,2568,0.001642973511479795,0.0016426878282800317
2569,0.0016472458373755217,2569,0.001642973511479795,0.0016426878282800317
2570,0.0016472458373755217,2570,0.001642973511479795,0.0016426878282800317
2571,0.0016472458373755217,2571,0.001642973511479795,0.0016426878282800317
2572,0.0016472458373755217,2572,0.001642973511479795,0.0016426878282800317
2573,0.0016472458373755217,2573,0.001642973511479795,0.0016426878282800317
2574,0.0016472458373755217,2574,0.001642973511479795,0.0016426878282800317
2575,0.0016472458373755217,2575,0.001642973511479795,0.0016426878282800317
2576,0.0016472458373755217,2576,0.001642973511479795,0.0016426878282800317
2577,0.0016472458373755217,2577,0.001642973511479795,0.0016426878282800317
2578,0.0016472458373755217,2578,0.001642973511479795,0.0016426878282800317
2579,0.0016472458373755217,2579,0.001642973511479795,0.0016426878282800317
2580,0.0016472458373755217,2580,0.001642973511479795,0.0016426878282800317
2581,0.0016472458373755217,2581,0.001642973511479795,0.0016426878282800317
2582,0.0016472458373755217,2582,0.001642973511479795,0.0016426878282800317
2583,0.0016472458373755217,2583,0.001642973511479795,0.0016426878282800317
2584,0.0016472458373755217,2584,0.001642973511479795,0.0016426878282800317
2585,0.0016472458373755217,2585,0.001642973511479795,0.0016426878282800317
2586,0.0016472458373755217,2586,0.001642973511479795,0.0016426878282800317
2587,0.0016472458373755217,2587,0.001642973511479795,0.0016426878282800317
2588,0.0016472458373755217,2588,0.001642973511479795,0.0016426878282800317
2589,0.0016472458373755217,2589,0.001642973511479795,0.0016426878282800317
2590,0.0016472458373755217,2590,0.001642973511479795,0.0016426878282800317
2591,0.0016472458373755217,2591,0.001642973511479795,0.0016426878282800317
2592,0.0016472458373755217,2592,0.001642973511479795,0.0016426878282800317
2593,0.0016472458373755217,2593,0.001642973511479795,0.0016426878282800317
2594,0.0016472458373755217,2594,0.001642973511479795,0.0016426878282800317
2595,0.0016472458373755217,2595,0.001642973511479795,0.0016426878282800317
2596,0.0016472458373755217,2596,0.001642973511479795,0.0016426878282800317
2597,0.0016472458373755217,2597,0.001642973511479795,0.0016426878282800317
2598,0.0016472458373755217,2598,0.001642973511479795,0.0016426878282800317
2599,0.0016472458373755217,2599,0.001642973511479795,0.0016426878282800317
2600,0.0016472458373755217,2600,0.001642973511479795,0.0016426878282800317
2601,0.0016472458373755217,2601,0.001642973511479795,0.0016426878282800317
2602,0.0016472458373755217,2602,0.001642973511479795,0.0016426878282800317
2603,0.0016472458373755217,2603,0.001642973511479795,0.0016426878282800317
2604,0.0016472458373755217,2604,0.001642973511479795,0.0016426878282800317
2605,0.0016472458373755217,2605,0.001642973511479795,0.0016426878282800317
2606,0.0016472458373755217,2606,0.001642973511479795,0.0016426878282800317
2607,0.0016472458373755217,2607,0.001642973511479795,0.0016426878282800317
2608,0.0016472458373755217,2608,0.001642973511479795,0.0016426878282800317
2609,0.0016472458373755217,2609,0.001642973511479795,0.0016426878282800317
2610,0.0016472458373755217,2610,0.001642973511479795,0.0016426878282800317
2611,0.0016472458373755217,2611,0.001642973511479795,0.0016426878282800317
2612,0.0016472458373755217,2612,0.001642973511479795,0.0016426878282800317
2613,0.0016472458373755217,2613,0.001642973511479795,0.0016426878282800317
2614,0.0016472458373755217,2614,0.001642973511479795,0.0016426878282800317
2615,0.0016472458373755217,2615,0.001642973511479795,0.0016426878282800317
2616,0.0016472458373755217,2616,0.001642973511479795,0.0016426878282800317
2617,0.0016472458373755217,2617,0.001642973511479795,0.0016426878282800317
2618,0.0016472458373755217,2618,0.001642973511479795,0.0016426878282800317
2619,0.0016472458373755217,2619,0.001642973511479795,0.0016426878282800317
2620,0.0016472458373755217,2620,0.001642973511479795,0.0016426878282800317
2621,0.0016472458373755217,2621,0.001642973511479795,0.0016426878282800317
2622,0.0016472458373755217,2622,0.001642973511479795,0.0016426878282800317
2623,0.0016472458373755217,2623,0.001642973511479795,0.0016426878282800317
2624,0.0016472458373755217,2624,0.001642973511479795,0.0016426878282800317
2625,0.0016472458373755217,2625,0.001642973511479795,0.0016426878282800317
2626,0.0016472458373755217,2626,0.001642973511479795,0.0016426878282800317
2627,0.0016472458373755217,2627,0.001642973511479795,0.0016426878282800317
2628,0.0016472458373755217,2628,0.001642973511479795,0.0016426878282800317
2629,0.0016472458373755217,2629,0.001642973511479795,0.0016426878282800317
2630,0.0016472458373755217,2630,0.001642973511479795,0.0016426878282800317
2631,0.0016472458373755217,2631,0.001642973511479795,0.0016426878282800317
2632,0.0016472458373755217,2632,0.001642973511479795,0.0016426878282800317
2633,0.0016472458373755217,2633,0.001642973511479795,0.0016426878282800317
2634,0.0016472458373755217,2634,0.001642973511479795,0.0016426878282800317
2635,0.0016472458373755217,2635,0.001642973511479795,0.0016426878282800317
2636,0.0016472458373755217,2636,0.001642973511479795,0.0016426878282800317
2637,0.0016472458373755217,2637,0.001642973511479795,0.0016426878282800317
2638,0.0016472458373755217,2638,0.001642973511479795,0.0016426878282800317
2639,0.0016472458373755217,2639,0.001642973511479795,0.0016426878282800317
2640,0.0016472458373755217,2640,0.001642973511479795,0.0016426878282800317
2641,0.0016472458373755217,2641,0.001642973511479795,0.0016426878282800317
2642,0.0016472458373755217,2642,0.001642973511479795,0.0016426878282800317
2643,0.0016472458373755217,2643,0.001642973511479795,0.0016426878282800317
2644,0.0016472458373755217,2644,0.001642973511479795,0.0016426878282800317
2645,0.0016472458373755217,2645,0.001642973511479795,0.0016426878282800317
2646,0.0016472458373755217,2646,0.001642973511479795,0.0016426878282800317
2647,0.0016472458373755217,2647,0.001642973511479795,0.0016426878282800317
2648,0.0016472458373755217,2648,0.001642973511479795,0.0016426878282800317
2649,0.0016472458373755217,2649,0.001642973511479795,0.0016426878282800317
2650,0.0016472458373755217,2650,0.001642973511479795,0.0016426878282800317
2651,0.0016472458373755217,2651,0.001642973511479795,0.0016426878282800317
2652,0.0016472458373755217,2652,0.001642973511479795,0.0016426878282800317
2653,0.0016472458373755217,2653,0.001642973511479795,0.0016426878282800317
2654,0.0016472458373755217,2654,0.001642973511479795,0.0016426878282800317
2655,0.0016472458373755217,2655,0.001642973511479795,0.0016426878282800317
2656,0.0016472458373755217,2656,0.001642973511479795,0.0016426878282800317
2657,0.0016472458373755217,2657,0.001642973511479795,0.0016426878282800317
2658,0.0016472458373755217,2658,0.001642973511479795,0.0016426878282800317
2659,0.0016472458373755217,2659,0.001642973511479795,0.0016426878282800317
2660,0.0016472458373755217,2660,0.001642973511479795,0.0016426878282800317
2661,0.0016472458373755217,2661,0.001642973511479795,0.0016426878282800317
2662,0.0016472458373755217,2662,0.001642973511479795,0.0016426878282800317
2663,0.0016472458373755217,2663,0.001642973511479795,0.0016426878282800317
2664,0.0016472458373755217,2664,0.001642973511479795,0.0016426878282800317
2665,0.0016472458373755217,2665,0.001642973511479795,0.0016426878282800317
2666,0.0016472458373755217,2666,0.001642973511479795,0.0016426878282800317
2667,0.0016472458373755217,2667,0.001642973511479795,0.0016426878282800317
2668,0.0016472458373755217,2668,0.001642973511479795,0.0016426878282800317
2669,0.0016472458373755217,2669,0.001642973511479795,0.0016426878282800317
2670,0.0016472458373755217,2670,0.001642973511479795,0.0016426878282800317
2671,0.0016472458373755217,2671,0.001642973511479795,0.0016426878282800317
2672,0.0016472458373755217,2672,0.001642973511479795,0.0016426878282800317
2673,0.0016472458373755217,2673,0.001642973511479795,0.0016426878282800317
2674,0.0016472458373755217,2674,0.001642973511479795,0.0016426878282800317
2675,0.0016472458373755217,2675,0.001642973511479795,0.0016426878282800317
2676,0.0016472458373755217,2676,0.001642973511479795,0.0016426878282800317
2677,0.0016472458373755217,2677,0.001642973511479795,0.0016426878282800317
2678,0.0016472458373755217,2678,0.001642973511479795,0.0016426878282800317
2679,0.0016472458373755217,2679,0.001642973511479795,0.0016426878282800317
2680,0.0016472458373755217,2680,0.001642973511479795,0.0016426878282800317
2681,0.0016472458373755217,2681,0.001642973511479795,0.0016426878282800317
2682,0.0016472458373755217,2682,0.001642973511479795,0.0016426878282800317
2683,0.0016472458373755217,2683,0.001642973511479795,0.0016426878282800317
2684,0.0016472458373755217,2684,0.001642973511479795,0.0016426878282800317
2685,0.0016472458373755217,2685,0.001642973511479795,0.0016426878282800317
2686,0.0016472458373755217,2686,0.001642973511479795,0.0016426878282800317
2687,0.0016472458373755217,2687,0.001642973511479795,0.0016426878282800317
2688,0.0016472458373755217,2688,0.001642973511479795,0.0016426878282800317
2689,0.0016472458373755217,2689,0.001642973511479795,0.0016426878282800317
2690,0.0016472458373755217,2690,0.001642973511479795,0.0016426878282800317
2691,0.0016472458373755217,2691,0.001642973511479795,0.0016426878282800317
2692,0.0016472458373755217,2692,0.001642973511479795,0.0016426878282800317
2693,0.0016472458373755217,2693,0.001642973511479795,0.0016426878282800317
2694,0.0016472458373755217,2694,0.001642973511479795,0.0016426878282800317
2695,0.0016472458373755217,2695,0.001642973511479795,0.0016426878282800317
2696,0.0016472458373755217,2696,0.001642973511479795,0.0016426878282800317
2697,0.0016472458373755217,2697,0.001642973511479795,0.0016426878282800317
2698,0.0016472458373755217,2698,0.001642973511479795,0.0016426878282800317
2699,0.0016472458373755217,2699,0.001642973511479795,0.0016426878282800317
2700,0.0016472458373755217,2700,0.001642973511479795,0.0016426878282800317
2701,0.0016472458373755217,2701,0.001642973511479795,0.0016426878282800317
2702,0.0016472458373755217,2702,0.001642973511479795,0.0016426878282800317
2703,0.0016472458373755217,2703,0.001642973511479795,0.0016426878282800317
2704,0.0016472458373755217,2704,0.001642973511479795,0.0016426878282800317
2705,0.0016472458373755217,2705,0.001642973511479795,0.0016426878282800317
2706,0.0016472458373755217,2706,0.001642973511479795,0.0016426878282800317
2707,0.0016472458373755217,2707,0.001642973511479795,0.0016426878282800317
2708,0.0016472458373755217,2708,0.001642973511479795,0.0016426878282800317
2709,0.0016472458373755217,2709,0.001642973511479795,0.0016426878282800317
2710,0.0016472458373755217,2710,0.001642973511479795,0.0016426878282800317
2711,0.0016472458373755217,2711,0.001642973511479795,0.0016426878282800317
2712,0.0016472458373755217,2712,0.001642973511479795,0.0016426878282800317
2713,0.0016472458373755217,2713,0.001642973511479795,0.0016426878282800317
2714,0.0016472458373755217,2714,0.001642973511479795,0.0016426878282800317
2715,0.0016472458373755217,2715,0.001642973511479795,0.0016426878282800317
2716,0.0016472458373755217,2716,0.001642973511479795,0.0016426878282800317
2717,0.0016472458373755217,2717,0.001642973511479795,0.0016426878282800317
2718,0.0016472458373755217,2718,0.001642973511479795,0.0016426878282800317
2719,0.0016472458373755217,2719,0.001642973511479795,0.0016426878282800317
2720,0.0016472458373755217,2720,0.001642973511479795,0.0016426878282800317
2721,0.0016472458373755217,2721,0.001642973511479795,0.0016426878282800317
2722,0.0016472458373755217,2722,0.001642973511479795,0.0016426878282800317
2723,0.0016472458373755217,2723,0.001642973511479795,0.0016426878282800317
2724,0.0016472458373755217,2724,0.001642973511479795,0.0016426878282800317
2725,0.0016472458373755217,2725,0.001642973511479795,0.0016426878282800317
2726,0.0016472458373755217,2726,0.001642973511479795,0.0016426878282800317
2727,0.0016472458373755217,2727,0.001642973511479795,0.0016426878282800317
2728,0.0016472458373755217,2728,0.001642973511479795,0.0016426878282800317
2729,0.0016472458373755217,2729,0.001642973511479795,0.0016426878282800317
2730,0.0016472458373755217,2730,0.001642973511479795,0.0016426878282800317
2731,0.0016472458373755217,2731,0.001642973511479795,0.0016426878282800317
2732,0.0016472458373755217,2732,0.001642973511479795,0.0016426878282800317
2733,0.0016472458373755217,2733,0.001642973511479795,0.0016426878282800317
2734,0.0016472458373755217,2734,0.001642973511479795,0.0016426878282800317
2735,0.0016472458373755217,2735,0.001642973511479795,0.0016426878282800317
2736,0.0016472458373755217,2736,0.001642973511479795,0.0016426878282800317
2737,0.0016472458373755217,2737,0.001642973511479795,0.0016426878282800317
2738,0.0016472458373755217,2738,0.001642973511479795,0.0016426878282800317
2739,0.0016472458373755217,2739,0.001642973511479795,0.0016426878282800317
2740,0.0016472458373755217,2740,0.001642973511479795,0.0016426878282800317
2741,0.0016472458373755217,2741,0.001642973511479795,0.0016426878282800317
2742,0.0016472458373755217,2742,0.001642973511479795,0.0016426878282800317
2743,0.0016472458373755217,2743,0.001642973511479795,0.0016426878282800317
2744,0.0016472458373755217,2744,0.001642973511479795,0.0016426878282800317
2745,0.0016472458373755217,2745,0.001642973511479795,0.0016426878282800317
2746,0.0016472458373755217,2746,0.001642973511479795,0.0016426878282800317
2747,0.0016472458373755217,2747,0.001642973511479795,0.0016426878282800317
2748,0.0016472458373755217,2748,0.001642973511479795,0.0016426878282800317
2749,0.0016472458373755217,2749,0.001642973511479795,0.0016426878282800317
2750,0.0016473035793751478,2750,0.001642973511479795,0.0016426850343123078
2751,0.0016473035793751478,2751,0.001642973511479795,0.0016426850343123078
2752,0.0016473035793751478,2752,0.001642973511479795,0.0016426850343123078
2753,0.0016473035793751478,2753,0.001642973511479795,0.0016426850343123078
2754,0.0016473035793751478,2754,0.001642973511479795,0.0016426850343123078
2755,0.0016473035793751478,2755,0.001642973511479795,0.0016426850343123078
2756,0.0016473035793751478,2756,0.001642973511479795,0.0016426850343123078
2757,0.0016473035793751478,2757,0.001642973511479795,0.0016426850343123078
2758,0.0016473035793751478,2758,0.001642973511479795,0.0016426850343123078
2759,0.0016473035793751478,2759,0.001642973511479795,0.0016426850343123078
2760,0.0016473035793751478,2760,0.001642973511479795,0.0016426850343123078
2761,0.0016473035793751478,2761,0.001642973511479795,0.0016426850343123078
2762,0.0016473035793751478,2762,0.001642973511479795,0.0016426850343123078
2763,0.0016473035793751478,2763,0.001642973511479795,0.0016426850343123078
2764,0.0016473035793751478,2764,0.001642973511479795,0.0016426850343123078
2765,0.0016473035793751478,2765,0.001642973511479795,0.0016426850343123078
2766,0.0016473035793751478,2766,0.001642973511479795,0.0016426850343123078
2767,0.0016473035793751478,2767,0.001642973511479795,0.0016426850343123078
2768,0.0016473035793751478,2768,0.001642973511479795,0.0016426850343123078
2769,0.0016473035793751478,2769,0.001642973511479795,0.0016426850343123078
2770,0.0016473035793751478,2770,0.001642973511479795,0.0016426850343123078
2771,0.0016473035793751478,2771,0.001642973511479795,0.0016426850343123078
2772,0.0016473035793751478,2772,0.001642973511479795,0.0016426850343123078
2773,0.0016473035793751478,2773,0.001642973511479795,0.0016426850343123078
2774,0.0016473035793751478,2774,0.001642973511479795,0.0016426850343123078
2775,0.0016473035793751478,2775,0.001642973511479795,0.0016426850343123078
2776,0.0016473035793751478,2776,0.001642973511479795,0.0016426850343123078
2777,0.0016473035793751478,2777,0.001642973511479795,0.0016426850343123078
2778,0.0016473035793751478,2778,0.001642973511479795,0.0016426850343123078
2779,0.0016473035793751478,2779,0.001642973511479795,0.0016426850343123078
2780,0.0016473035793751478,2780,0.001642973511479795,0.0016426850343123078
2781,0.0016473035793751478,2781,0.001642973511479795,0.0016426850343123078
2782,0.0016473035793751478,2782,0.001642973511479795,0.0016426850343123078
2783,0.0016473035793751478,2783,0.001642973511479795,0.0016426850343123078
2784,0.0016473035793751478,2784,0.001642973511479795,0.0016426850343123078
2785,0.0016473035793751478,2785,0.001642973511479795,0.0016426850343123078
2786,0.0016473035793751478,2786,0.001642973511479795,0.0016426850343123078
2787,0.0016473035793751478,2787,0.001642973511479795,0.0016426850343123078
2788,0.0016473035793751478,2788,0.001642973511479795,0.0016426850343123078
2789,0.0016473035793751478,2789,0.001642973511479795,0.0016426850343123078
2790,0.0016473035793751478,2790,0.001642973511479795,0.0016426850343123078
2791,0.0016473035793751478,2791,0.001642973511479795,0.0016426850343123078
2792,0.0016473035793751478,2792,0.001642973511479795,0.0016426850343123078
2793,0.0016473035793751478,2793,0.001642973511479795,0.0016426850343123078
2794,0.0016473035793751478,2794,0.001642973511479795,0.0016426850343123078
2795,0.0016473035793751478,2795,0.001642973511479795,0.0016426850343123078
2796,0.0016473035793751478,2796,0.001642973511479795,0.0016426850343123078
2797,0.0016473035793751478,2797,0.001642973511479795,0.0016426850343123078
2798,0.0016473035793751478,2798,0.001642973511479795,0.0016426850343123078
2799,0.0016473035793751478,2799,0.001642973511479795,0.0016426850343123078
2800,0.0016473035793751478,2800,0.001642973511479795,0.0016426850343123078
2801,0.0016473035793751478,2801,0.001642973511479795,0.0016426850343123078
2802,0.0016473035793751478,2802,0.001642973511479795,0.0016426850343123078
2803,0.0016473035793751478,2803,0.001642973511479795,0.0016426850343123078
2804,0.0016473035793751478,2804,0.001642973511479795,0.0016426850343123078
2805,0.0016473035793751478,2805,0.001642973511479795,0.0016426850343123078
2806,0.0016473035793751478,2806,0.001642973511479795,0.0016426850343123078
2807,0.0016473035793751478,2807,0.001642973511479795,0.0016426850343123078
2808,0.0016473035793751478,2808,0.001642973511479795,0.0016426850343123078
2809,0.0016473035793751478,2809,0.001642973511479795,0.0016426850343123078
2810,0.0016473035793751478,2810,0.001642973511479795,0.0016426850343123078
2811,0.0016473035793751478,2811,0.001642973511479795,0.0016426850343123078
2812,0.0016473035793751478,2812,0.001642973511479795,0.0016426850343123078
2813,0.0016473035793751478,2813,0.001642973511479795,0.0016426850343123078
2814,0.0016473035793751478,2814,0.001642973511479795,0.0016426850343123078
2815,0.0016473035793751478,2815,0.001642973511479795,0.0016426850343123078
2816,0.0016473035793751478,2816,0.001642973511479795,0.0016426850343123078
2817,0.0016473035793751478,2817,0.001642973511479795,0.0016426850343123078
2818,0.0016473035793751478,2818,0.001642973511479795,0.0016426850343123078
2819,0.0016473035793751478,2819,0.001642973511479795,0.0016426850343123078
2820,0.0016473035793751478,2820,0.001642973511479795,0.0016426850343123078
2821,0.0016473035793751478,2821,0.001642973511479795,0.0016426850343123078
2822,0.0016473035793751478,2822,0.001642973511479795,0.0016426850343123078
2823,0.0016473035793751478,2823,0.001642973511479795,0.0016426850343123078
2824,0.0016473035793751478,2824,0.001642973511479795,0.0016426850343123078
2825,0.0016473035793751478,2825,0.001642973511479795,0.0016426850343123078
2826,0.0016473035793751478,2826,0.001642973511479795,0.0016426850343123078
2827,0.0016473035793751478,2827,0.001642973511479795,0.0016426850343123078
2828,0.0016473035793751478,2828,0.001642973511479795,0.0016426850343123078
2829,0.0016473035793751478,2829,0.001642973511479795,0.0016426850343123078
2830,0.0016473035793751478,2830,0.001642973511479795,0.0016426850343123078
2831,0.0016473035793751478,2831,0.001642973511479795,0.0016426850343123078
2832,0.0016473035793751478,2832,0.001642973511479795,0.0016426850343123078
2833,0.0016473035793751478,2833,0.001642973511479795,0.0016426850343123078
2834,0.0016473035793751478,2834,0.001642973511479795,0.0016426850343123078
2835,0.0016473035793751478,2835,0.001642973511479795,0.0016426850343123078
2836,0.0016473035793751478,2836,0.001642973511479795,0.0016426850343123078
2837,0.0016473035793751478,2837,0.001642973511479795,0.0016426850343123078
2838,0.0016473035793751478,2838,0.001642973511479795,0.0016426850343123078
2839,0.0016473035793751478,2839,0.001642973511479795,0.0016426850343123078
2840,0.0016473035793751478,2840,0.001642973511479795,0.0016426850343123078
2841,0.0016473035793751478,2841,0.001642973511479795,0.0016426850343123078
2842,0.0016473035793751478,2842,0.001642973511479795,0.0016426850343123078
2843,0.0016473035793751478,2843,0.001642973511479795,0.0016426850343123078
2844,0.0016473035793751478,2844,0.001642973511479795,0.0016426850343123078
2845,0.0016473035793751478,2845,0.001642973511479795,0.0016426850343123078
2846,0.0016473035793751478,2846,0.001642973511479795,0.0016426850343123078
2847,0.0016473035793751478,2847,0.001642973511479795,0.0016426850343123078
2848,0.0016473035793751478,2848,0.001642973511479795,0.0016426850343123078
2849,0.0016473035793751478,2849,0.001642973511479795,0.0016426850343123078
2850,0.0016473035793751478,2850,0.001642973511479795,0.0016426850343123078
2851,0.0016473035793751478,2851,0.001642973511479795,0.0016426850343123078
2852,0.0016473035793751478,2852,0.001642973511479795,0.0016426850343123078
2853,0.0016473035793751478,2853,0.001642973511479795,0.0016426850343123078
2854,0.0016473035793751478,2854,0.001642973511479795,0.0016426850343123078
2855,0.0016473035793751478,2855,0.001642973511479795,0.0016426850343123078
2856,0.0016473035793751478,2856,0.001642973511479795,0.0016426850343123078
2857,0.0016473035793751478,2857,0.001642973511479795,0.0016426850343123078
2858,0.0016473035793751478,2858,0.001642973511479795,0.0016426850343123078
2859,0.0016473035793751478,2859,0.001642973511479795,0.0016426850343123078
2860,0.0016473035793751478,2860,0.001642973511479795,0.0016426850343123078
2861,0.0016473035793751478,2861,0.001642973511479795,0.0016426850343123078
2862,0.0016473035793751478,2862,0.001642973511479795,0.0016426850343123078
2863,0.0016473035793751478,2863,0.001642973511479795,0.0016426850343123078
2864,0.0016473035793751478,2864,0.001642973511479795,0.0016426850343123078
2865,0.0016473035793751478,2865,0.001642973511479795,0.0016426850343123078
2866,0.0016473035793751478,2866,0.001642973511479795,0.0016426850343123078
2867,0.0016473035793751478,2867,0.001642973511479795,0.0016426850343123078
2868,0.0016473035793751478,2868,0.001642973511479795,0.0016426850343123078
2869,0.0016473035793751478,2869,0.001642973511479795,0.0016426850343123078
2870,0.0016473035793751478,2870,0.001642973511479795,0.0016426850343123078
2871,0.0016473035793751478,2871,0.001642973511479795,0.0016426850343123078
2872,0.0016473035793751478,2872,0.001642973511479795,0.0016426850343123078
2873,0.0016473035793751478,2873,0.001642973511479795,0.0016426850343123078
2874,0.0016473035793751478,2874,0.001642973511479795,0.0016426850343123078
2875,0.0016473035793751478,2875,0.001642973511479795,0.0016426850343123078
2876,0.0016473035793751478,2876,0.001642973511479795,0.0016426850343123078
2877,0.0016473035793751478,2877,0.001642973511479795,0.0016426850343123078
2878,0.0016473035793751478,2878,0.001642973511479795,0.0016426850343123078
2879,0.0016473035793751478,2879,0.001642973511479795,0.0016426850343123078
2880,0.0016473035793751478,2880,0.001642973511479795,0.0016426850343123078
2881,0.0016473035793751478,2881,0.001642973511479795,0.0016426850343123078
2882,0.0016473035793751478,2882,0.001642973511479795,0.0016426850343123078
2883,0.0016473035793751478,2883,0.001642973511479795,0.0016426850343123078
2884,0.0016473035793751478,2884,0.001642973511479795,0.0016426850343123078
2885,0.0016473035793751478,2885,0.001642973511479795,0.0016426850343123078
2886,0.0016473035793751478,2886,0.001642973511479795,0.0016426850343123078
2887,0.0016473035793751478,2887,0.001642973511479795,0.0016426850343123078
2888,0.0016473035793751478,2888,0.001642973511479795,0.0016426850343123078
2889,0.0016473035793751478,2889,0.001642973511479795,0.0016426850343123078
2890,0.0016473035793751478,2890,0.001642973511479795,0.0016426850343123078
2891,0.0016473035793751478,2891,0.001642973511479795,0.0016426850343123078
2892,0.0016473035793751478,2892,0.001642973511479795,0.0016426850343123078
2893,0.0016473035793751478,2893,0.001642973511479795,0.0016426850343123078
2894,0.0016473035793751478,2894,0.001642973511479795,0.0016426850343123078
2895,0.0016473035793751478,2895,0.001642973511479795,0.0016426850343123078
2896,0.0016473035793751478,2896,0.001642973511479795,0.0016426850343123078
2897,0.0016473035793751478,2897,0.001642973511479795,0.0016426850343123078
2898,0.0016473035793751478,2898,0.001642973511479795,0.0016426850343123078
2899,0.0016473035793751478,2899,0.001642973511479795,0.0016426850343123078
2900,0.0016473035793751478,2900,0.001642973511479795,0.0016426850343123078
2901,0.0016473035793751478,2901,0.001642973511479795,0.0016426850343123078
2902,0.0016473035793751478,2902,0.001642973511479795,0.0016426850343123078
2903,0.0016473035793751478,2903,0.001642973511479795,0.0016426850343123078
2904,0.0016473035793751478,2904,0.001642973511479795,0.0016426850343123078
2905,0.0016473035793751478,2905,0.001642973511479795,0.0016426850343123078
2906,0.0016473035793751478,2906,0.001642973511479795,0.0016426850343123078
2907,0.0016473035793751478,2907,0.001642973511479795,0.0016426850343123078
2908,0.0016473035793751478,2908,0.001642973511479795,0.0016426850343123078
2909,0.0016473035793751478,2909,0.001642973511479795,0.0016426850343123078
2910,0.0016473035793751478,2910,0.001642973511479795,0.0016426850343123078
2911,0.0016473035793751478,2911,0.001642973511479795,0.0016426850343123078
2912,0.0016473035793751478,2912,0.001642973511479795,0.0016426850343123078
2913,0.0016473035793751478,2913,0.001642973511479795,0.0016426850343123078
2914,0.0016473035793751478,2914,0.001642973511479795,0.0016426850343123078
2915,0.0016473035793751478,2915,0.001642973511479795,0.0016426850343123078
2916,0.0016473035793751478,2916,0.001642973511479795,0.0016426850343123078
2917,0.0016473035793751478,2917,0.001642973511479795,0.0016426850343123078
2918,0.0016473035793751478,2918,0.001642973511479795,0.0016426850343123078
2919,0.0016473035793751478,2919,0.001642973511479795,0.0016426850343123078
2920,0.0016473035793751478,2920,0.001642973511479795,0.0016426850343123078
2921,0.0016473035793751478,2921,0.001642973511479795,0.0016426850343123078
2922,0.0016473035793751478,2922,0.001642973511479795,0.0016426850343123078
2923,0.0016473035793751478,2923,0.001642973511479795,0.0016426850343123078
2924,0.0016473035793751478,2924,0.001642973511479795,0.0016426850343123078
2925,0.0016473035793751478,2925,0.001642973511479795,0.0016426850343123078
2926,0.0016473035793751478,2926,0.001642973511479795,0.0016426850343123078
2927,0.0016473035793751478,2927,0.001642973511479795,0.0016426850343123078
2928,0.0016473035793751478,2928,0.001642973511479795,0.0016426850343123078
2929,0.0016473035793751478,2929,0.001642973511479795,0.0016426850343123078
2930,0.0016473035793751478,2930,0.001642973511479795,0.0016426850343123078
2931,0.0016473035793751478,2931,0.001642973511479795,0.0016426850343123078
2932,0.0016473035793751478,2932,0.001642973511479795,0.0016426850343123078
2933,0.0016473035793751478,2933,0.001642973511479795,0.0016426850343123078
2934,0.0016473035793751478,2934,0.001642973511479795,0.0016426850343123078
2935,0.0016473035793751478,2935,0.001642973511479795,0.0016426850343123078
2936,0.0016473035793751478,2936,0.001642973511479795,0.0016426850343123078
2937,0.0016473035793751478,2937,0.001642973511479795,0.0016426850343123078
2938,0.0016473035793751478,2938,0.001642973511479795,0.0016426850343123078
2939,0.0016473035793751478,2939,0.001642973511479795,0.0016426850343123078
2940,0.0016473035793751478,2940,0.001642973511479795,0.0016426850343123078
2941,0.0016473035793751478,2941,0.001642973511479795,0.0016426850343123078
2942,0.0016473035793751478,2942,0.001642973511479795,0.0016426850343123078
2943,0.0016473035793751478,2943,0.001642973511479795,0.0016426850343123078
2944,0.0016473035793751478,2944,0.001642973511479795,0.0016426850343123078
2945,0.0016473035793751478,2945,0.001642973511479795,0.0016426850343123078
2946,0.0016473035793751478,2946,0.001642973511479795,0.0016426850343123078
2947,0.0016473035793751478,2947,0.001642973511479795,0.0016426850343123078
2948,0.0016473035793751478,2948,0.001642973511479795,0.0016426850343123078
2949,0.0016473035793751478,2949,0.001642973511479795,0.0016426850343123078
2950,0.0016473035793751478,2950,0.001642973511479795,0.0016426850343123078
2951,0.0016473035793751478,2951,0.001642973511479795,0.0016426850343123078
2952,0.0016473035793751478,2952,0.001642973511479795,0.0016426850343123078
2953,0.0016473035793751478,2953,0.001642973511479795,0.0016426850343123078
2954,0.0016473035793751478,2954,0.001642973511479795,0.0016426850343123078
2955,0.0016473035793751478,2955,0.001642973511479795,0.0016426850343123078
2956,0.0016473035793751478,2956,0.001642973511479795,0.0016426850343123078
2957,0.0016473035793751478,2957,0.001642973511479795,0.0016426850343123078
2958,0.0016473035793751478,2958,0.001642973511479795,0.0016426850343123078
2959,0.0016473035793751478,2959,0.001642973511479795,0.0016426850343123078
2960,0.0016473035793751478,2960,0.001642973511479795,0.0016426850343123078
2961,0.0016473035793751478,2961,0.001642973511479795,0.0016426850343123078
2962,0.0016473035793751478,2962,0.001642973511479795,0.0016426850343123078
2963,0.0016473035793751478,2963,0.001642973511479795,0.0016426850343123078
2964,0.0016473035793751478,2964,0.001642973511479795,0.0016426850343123078
2965,0.0016473035793751478,2965,0.001642973511479795,0.0016426850343123078
2966,0.0016473035793751478,2966,0.001642973511479795,0.0016426850343123078
2967,0.0016473035793751478,2967,0.001642973511479795,0.0016426850343123078
2968,0.0016473035793751478,2968,0.001642973511479795,0.0016426850343123078
2969,0.0016473035793751478,2969,0.001642973511479795,0.0016426850343123078
2970,0.0016473035793751478,2970,0.001642973511479795,0.0016426850343123078
2971,0.0016473035793751478,2971,0.001642973511479795,0.0016426850343123078
2972,0.0016473035793751478,2972,0.001642973511479795,0.0016426850343123078
2973,0.0016473035793751478,2973,0.001642973511479795,0.0016426850343123078
2974,0.0016473035793751478,2974,0.001642973511479795,0.0016426850343123078
2975,0.0016473035793751478,2975,0.001642973511479795,0.0016426850343123078
2976,0.0016473035793751478,2976,0.001642973511479795,0.0016426850343123078
2977,0.0016473035793751478,2977,0.001642973511479795,0.0016426850343123078
2978,0.0016473035793751478,2978,0.001642973511479795,0.0016426850343123078
2979,0.0016473035793751478,2979,0.001642973511479795,0.0016426850343123078
2980,0.0016473035793751478,2980,0.001642973511479795,0.0016426850343123078
2981,0.0016473035793751478,2981,0.001642973511479795,0.0016426850343123078
2982,0.0016473035793751478,2982,0.001642973511479795,0.0016426850343123078
2983,0.0016473035793751478,2983,0.001642973511479795,0.0016426850343123078
2984,0.0016473035793751478,2984,0.001642973511479795,0.0016426850343123078
2985,0.0016473035793751478,2985,0.001642973511479795,0.0016426850343123078
2986,0.0016473035793751478,2986,0.001642973511479795,0.0016426850343123078
2987,0.0016473035793751478,2987,0.001642973511479795,0.0016426850343123078
2988,0.0016473035793751478,2988,0.001642973511479795,0.0016426850343123078
2989,0.0016473035793751478,2989,0.001642973511479795,0.0016426850343123078
2990,0.0016473035793751478,2990,0.001642973511479795,0.0016426850343123078
2991,0.0016473035793751478,2991,0.001642973511479795,0.0016426850343123078
2992,0.0016473035793751478,2992,0.001642973511479795,0.0016426850343123078
2993,0.0016473035793751478,2993,0.001642973511479795,0.0016426850343123078
2994,0.0016473035793751478,2994,0.001642973511479795,0.0016426850343123078
2995,0.0016473035793751478,2995,0.001642973511479795,0.0016426850343123078
2996,0.0016473035793751478,2996,0.001642973511479795,0.0016426850343123078
2997,0.0016473035793751478,2997,0.001642973511479795,0.0016426850343123078
2998,0.0016473035793751478,2998,0.001642973511479795,0.0016426850343123078
2999,0.0016473035793751478,2999,0.001642973511479795,0.0016426850343123078
3000,0.0016473365249112248,3000,0.0016429725801572204,0.0016426945803686976
3001,0.0016473365249112248,3001,0.0016429725801572204,0.0016426945803686976
3002,0.0016473365249112248,3002,0.0016429725801572204,0.0016426945803686976
3003,0.0016473365249112248,3003,0.0016429725801572204,0.0016426945803686976
3004,0.0016473365249112248,3004,0.0016429725801572204,0.0016426945803686976
3005,0.0016473365249112248,3005,0.0016429725801572204,0.0016426945803686976
3006,0.0016473365249112248,3006,0.0016429725801572204,0.0016426945803686976
3007,0.0016473365249112248,3007,0.0016429725801572204,0.0016426945803686976
3008,0.0016473365249112248,3008,0.0016429725801572204,0.0016426945803686976
3009,0.0016473365249112248,3009,0.0016429725801572204,0.0016426945803686976
3010,0.0016473365249112248,3010,0.0016429725801572204,0.0016426945803686976
3011,0.0016473365249112248,3011,0.0016429725801572204,0.0016426945803686976
3012,0.0016473365249112248,3012,0.0016429725801572204,0.0016426945803686976
3013,0.0016473365249112248,3013,0.0016429725801572204,0.0016426945803686976
3014,0.0016473365249112248,3014,0.0016429725801572204,0.0016426945803686976
3015,0.0016473365249112248,3015,0.0016429725801572204,0.0016426945803686976
3016,0.0016473365249112248,3016,0.0016429725801572204,0.0016426945803686976
3017,0.0016473365249112248,3017,0.0016429725801572204,0.0016426945803686976
3018,0.0016473365249112248,3018,0.0016429725801572204,0.0016426945803686976
3019,0.0016473365249112248,3019,0.0016429725801572204,0.0016426945803686976
3020,0.0016473365249112248,3020,0.0016429725801572204,0.0016426945803686976
3021,0.0016473365249112248,3021,0.0016429725801572204,0.0016426945803686976
3022,0.0016473365249112248,3022,0.0016429725801572204,0.0016426945803686976
3023,0.0016473365249112248,3023,0.0016429725801572204,0.0016426945803686976
3024,0.0016473365249112248,3024,0.0016429725801572204,0.0016426945803686976
3025,0.0016473365249112248,3025,0.0016429725801572204,0.0016426945803686976
3026,0.0016473365249112248,3026,0.0016429725801572204,0.0016426945803686976
3027,0.0016473365249112248,3027,0.0016429725801572204,0.0016426945803686976
3028,0.0016473365249112248,3028,0.0016429725801572204,0.0016426945803686976
3029,0.0016473365249112248,3029,0.0016429725801572204,0.0016426945803686976
3030,0.0016473365249112248,3030,0.0016429725801572204,0.0016426945803686976
3031,0.0016473365249112248,3031,0.0016429725801572204,0.0016426945803686976
3032,0.0016473365249112248,3032,0.0016429725801572204,0.0016426945803686976
3033,0.0016473365249112248,3033,0.0016429725801572204,0.0016426945803686976
3034,0.0016473365249112248,3034,0.0016429725801572204,0.0016426945803686976
3035,0.0016473365249112248,3035,0.0016429725801572204,0.0016426945803686976
3036,0.0016473365249112248,3036,0.0016429725801572204,0.0016426945803686976
3037,0.0016473365249112248,3037,0.0016429725801572204,0.0016426945803686976
3038,0.0016473365249112248,3038,0.0016429725801572204,0.0016426945803686976
3039,0.0016473365249112248,3039,0.0016429725801572204,0.0016426945803686976
3040,0.0016473365249112248,3040,0.0016429725801572204,0.0016426945803686976
3041,0.0016473365249112248,3041,0.0016429725801572204,0.0016426945803686976
3042,0.0016473365249112248,3042,0.0016429725801572204,0.0016426945803686976
3043,0.0016473365249112248,3043,0.0016429725801572204,0.0016426945803686976
3044,0.0016473365249112248,3044,0.0016429725801572204,0.0016426945803686976
3045,0.0016473365249112248,3045,0.0016429725801572204,0.0016426945803686976
3046,0.0016473365249112248,3046,0.0016429725801572204,0.0016426945803686976
3047,0.0016473365249112248,3047,0.0016429725801572204,0.0016426945803686976
3048,0.0016473365249112248,3048,0.0016429725801572204,0.0016426945803686976
3049,0.0016473365249112248,3049,0.0016429725801572204,0.0016426945803686976
3050,0.0016473365249112248,3050,0.0016429725801572204,0.0016426945803686976
3051,0.0016473365249112248,3051,0.0016429725801572204,0.0016426945803686976
3052,0.0016473365249112248,3052,0.0016429725801572204,0.0016426945803686976
3053,0.0016473365249112248,3053,0.0016429725801572204,0.0016426945803686976
3054,0.0016473365249112248,3054,0.0016429725801572204,0.0016426945803686976
3055,0.0016473365249112248,3055,0.0016429725801572204,0.0016426945803686976
3056,0.0016473365249112248,3056,0.0016429725801572204,0.0016426945803686976
3057,0.0016473365249112248,3057,0.0016429725801572204,0.0016426945803686976
3058,0.0016473365249112248,3058,0.0016429725801572204,0.0016426945803686976
3059,0.0016473365249112248,3059,0.0016429725801572204,0.0016426945803686976
3060,0.0016473365249112248,3060,0.0016429725801572204,0.0016426945803686976
3061,0.0016473365249112248,3061,0.0016429725801572204,0.0016426945803686976
3062,0.0016473365249112248,3062,0.0016429725801572204,0.0016426945803686976
3063,0.0016473365249112248,3063,0.0016429725801572204,0.0016426945803686976
3064,0.0016473365249112248,3064,0.0016429725801572204,0.0016426945803686976
3065,0.0016473365249112248,3065,0.0016429725801572204,0.0016426945803686976
3066,0.0016473365249112248,3066,0.0016429725801572204,0.0016426945803686976
3067,0.0016473365249112248,3067,0.0016429725801572204,0.0016426945803686976
3068,0.0016473365249112248,3068,0.0016429725801572204,0.0016426945803686976
3069,0.0016473365249112248,3069,0.0016429725801572204,0.0016426945803686976
3070,0.0016473365249112248,3070,0.0016429725801572204,0.0016426945803686976
3071,0.0016473365249112248,3071,0.0016429725801572204,0.0016426945803686976
3072,0.0016473365249112248,3072,0.0016429725801572204,0.0016426945803686976
3073,0.0016473365249112248,3073,0.0016429725801572204,0.0016426945803686976
3074,0.0016473365249112248,3074,0.0016429725801572204,0.0016426945803686976
3075,0.0016473365249112248,3075,0.0016429725801572204,0.0016426945803686976
3076,0.0016473365249112248,3076,0.0016429725801572204,0.0016426945803686976
3077,0.0016473365249112248,3077,0.0016429725801572204,0.0016426945803686976
3078,0.0016473365249112248,3078,0.0016429725801572204,0.0016426945803686976
3079,0.0016473365249112248,3079,0.0016429725801572204,0.0016426945803686976
3080,0.0016473365249112248,3080,0.0016429725801572204,0.0016426945803686976
3081,0.0016473365249112248,3081,0.0016429725801572204,0.0016426945803686976
3082,0.0016473365249112248,3082,0.0016429725801572204,0.0016426945803686976
3083,0.0016473365249112248,3083,0.0016429725801572204,0.0016426945803686976
3084,0.0016473365249112248,3084,0.0016429725801572204,0.0016426945803686976
3085,0.0016473365249112248,3085,0.0016429725801572204,0.0016426945803686976
3086,0.0016473365249112248,3086,0.0016429725801572204,0.0016426945803686976
3087,0.0016473365249112248,3087,0.0016429725801572204,0.0016426945803686976
3088,0.0016473365249112248,3088,0.0016429725801572204,0.0016426945803686976
3089,0.0016473365249112248,3089,0.0016429725801572204,0.0016426945803686976
3090,0.0016473365249112248,3090,0.0016429725801572204,0.0016426945803686976
3091,0.0016473365249112248,3091,0.0016429725801572204,0.0016426945803686976
3092,0.0016473365249112248,3092,0.0016429725801572204,0.0016426945803686976
3093,0.0016473365249112248,3093,0.0016429725801572204,0.0016426945803686976
3094,0.0016473365249112248,3094,0.0016429725801572204,0.0016426945803686976
3095,0.0016473365249112248,3095,0.0016429725801572204,0.0016426945803686976
3096,0.0016473365249112248,3096,0.0016429725801572204,0.0016426945803686976
3097,0.0016473365249112248,3097,0.0016429725801572204,0.0016426945803686976
3098,0.0016473365249112248,3098,0.0016429725801572204,0.0016426945803686976
3099,0.0016473365249112248,3099,0.0016429725801572204,0.0016426945803686976
3100,0.0016473365249112248,3100,0.0016429725801572204,0.0016426945803686976
3101,0.0016473365249112248,3101,0.0016429725801572204,0.0016426945803686976
3102,0.0016473365249112248,3102,0.0016429725801572204,0.0016426945803686976
3103,0.0016473365249112248,3103,0.0016429725801572204,0.0016426945803686976
3104,0.0016473365249112248,3104,0.0016429725801572204,0.0016426945803686976
3105,0.0016473365249112248,3105,0.0016429725801572204,0.0016426945803686976
3106,0.0016473365249112248,3106,0.0016429725801572204,0.0016426945803686976
3107,0.0016473365249112248,3107,0.0016429725801572204,0.0016426945803686976
3108,0.0016473365249112248,3108,0.0016429725801572204,0.0016426945803686976
3109,0.0016473365249112248,3109,0.0016429725801572204,0.0016426945803686976
3110,0.0016473365249112248,3110,0.0016429725801572204,0.0016426945803686976
3111,0.0016473365249112248,3111,0.0016429725801572204,0.0016426945803686976
3112,0.0016473365249112248,3112,0.0016429725801572204,0.0016426945803686976
3113,0.0016473365249112248,3113,0.0016429725801572204,0.0016426945803686976
3114,0.0016473365249112248,3114,0.0016429725801572204,0.0016426945803686976
3115,0.0016473365249112248,3115,0.0016429725801572204,0.0016426945803686976
3116,0.0016473365249112248,3116,0.0016429725801572204,0.0016426945803686976
3117,0.0016473365249112248,3117,0.0016429725801572204,0.0016426945803686976
3118,0.0016473365249112248,3118,0.0016429725801572204,0.0016426945803686976
3119,0.0016473365249112248,3119,0.0016429725801572204,0.0016426945803686976
3120,0.0016473365249112248,3120,0.0016429725801572204,0.0016426945803686976
3121,0.0016473365249112248,3121,0.0016429725801572204,0.0016426945803686976
3122,0.0016473365249112248,3122,0.0016429725801572204,0.0016426945803686976
3123,0.0016473365249112248,3123,0.0016429725801572204,0.0016426945803686976
3124,0.0016473365249112248,3124,0.0016429725801572204,0.0016426945803686976
3125,0.0016473365249112248,3125,0.0016429725801572204,0.0016426945803686976
3126,0.0016473365249112248,3126,0.0016429725801572204,0.0016426945803686976
3127,0.0016473365249112248,3127,0.0016429725801572204,0.0016426945803686976
3128,0.0016473365249112248,3128,0.0016429725801572204,0.0016426945803686976
3129,0.0016473365249112248,3129,0.0016429725801572204,0.0016426945803686976
3130,0.0016473365249112248,3130,0.0016429725801572204,0.0016426945803686976
3131,0.0016473365249112248,3131,0.0016429725801572204,0.0016426945803686976
3132,0.0016473365249112248,3132,0.0016429725801572204,0.0016426945803686976
3133,0.0016473365249112248,3133,0.0016429725801572204,0.0016426945803686976
3134,0.0016473365249112248,3134,0.0016429725801572204,0.0016426945803686976
3135,0.0016473365249112248,3135,0.0016429725801572204,0.0016426945803686976
3136,0.0016473365249112248,3136,0.0016429725801572204,0.0016426945803686976
3137,0.0016473365249112248,3137,0.0016429725801572204,0.0016426945803686976
3138,0.0016473365249112248,3138,0.0016429725801572204,0.0016426945803686976
3139,0.0016473365249112248,3139,0.0016429725801572204,0.0016426945803686976
3140,0.0016473365249112248,3140,0.0016429725801572204,0.0016426945803686976
3141,0.0016473365249112248,3141,0.0016429725801572204,0.0016426945803686976
3142,0.0016473365249112248,3142,0.0016429725801572204,0.0016426945803686976
3143,0.0016473365249112248,3143,0.0016429725801572204,0.0016426945803686976
3144,0.0016473365249112248,3144,0.0016429725801572204,0.0016426945803686976
3145,0.0016473365249112248,3145,0.0016429725801572204,0.0016426945803686976
3146,0.0016473365249112248,3146,0.0016429725801572204,0.0016426945803686976
3147,0.0016473365249112248,3147,0.0016429725801572204,0.0016426945803686976
3148,0.0016473365249112248,3148,0.0016429725801572204,0.0016426945803686976
3149,0.0016473365249112248,3149,0.0016429725801572204,0.0016426945803686976
3150,0.0016473365249112248,3150,0.0016429725801572204,0.0016426945803686976
3151,0.0016473365249112248,3151,0.0016429725801572204,0.0016426945803686976
3152,0.0016473365249112248,3152,0.0016429725801572204,0.0016426945803686976
3153,0.0016473365249112248,3153,0.0016429725801572204,0.0016426945803686976
3154,0.0016473365249112248,3154,0.0016429725801572204,0.0016426945803686976
3155,0.0016473365249112248,3155,0.0016429725801572204,0.0016426945803686976
3156,0.0016473365249112248,3156,0.0016429725801572204,0.0016426945803686976
3157,0.0016473365249112248,3157,0.0016429725801572204,0.0016426945803686976
3158,0.0016473365249112248,3158,0.0016429725801572204,0.0016426945803686976
3159,0.0016473365249112248,3159,0.0016429725801572204,0.0016426945803686976
3160,0.0016473365249112248,3160,0.0016429725801572204,0.0016426945803686976
3161,0.0016473365249112248,3161,0.0016429725801572204,0.0016426945803686976
3162,0.0016473365249112248,3162,0.0016429725801572204,0.0016426945803686976
3163,0.0016473365249112248,3163,0.0016429725801572204,0.0016426945803686976
3164,0.0016473365249112248,3164,0.0016429725801572204,0.0016426945803686976
3165,0.0016473365249112248,3165,0.0016429725801572204,0.0016426945803686976
3166,0.0016473365249112248,3166,0.0016429725801572204,0.0016426945803686976
3167,0.0016473365249112248,3167,0.0016429725801572204,0.0016426945803686976
3168,0.0016473365249112248,3168,0.0016429725801572204,0.0016426945803686976
3169,0.0016473365249112248,3169,0.0016429725801572204,0.0016426945803686976
3170,0.0016473365249112248,3170,0.0016429725801572204,0.0016426945803686976
3171,0.0016473365249112248,3171,0.0016429725801572204,0.0016426945803686976
3172,0.0016473365249112248,3172,0.0016429725801572204,0.0016426945803686976
3173,0.0016473365249112248,3173,0.0016429725801572204,0.0016426945803686976
3174,0.0016473365249112248,3174,0.0016429725801572204,0.0016426945803686976
3175,0.0016473365249112248,3175,0.0016429725801572204,0.0016426945803686976
3176,0.0016473365249112248,3176,0.0016429725801572204,0.0016426945803686976
3177,0.0016473365249112248,3177,0.0016429725801572204,0.0016426945803686976
3178,0.0016473365249112248,3178,0.0016429725801572204,0.0016426945803686976
3179,0.0016473365249112248,3179,0.0016429725801572204,0.0016426945803686976
3180,0.0016473365249112248,3180,0.0016429725801572204,0.0016426945803686976
3181,0.0016473365249112248,3181,0.0016429725801572204,0.0016426945803686976
3182,0.0016473365249112248,3182,0.0016429725801572204,0.0016426945803686976
3183,0.0016473365249112248,3183,0.0016429725801572204,0.0016426945803686976
3184,0.0016473365249112248,3184,0.0016429725801572204,0.0016426945803686976
3185,0.0016473365249112248,3185,0.0016429725801572204,0.0016426945803686976
3186,0.0016473365249112248,3186,0.0016429725801572204,0.0016426945803686976
3187,0.0016473365249112248,3187,0.0016429725801572204,0.0016426945803686976
3188,0.0016473365249112248,3188,0.0016429725801572204,0.0016426945803686976
3189,0.0016473365249112248,3189,0.0016429725801572204,0.0016426945803686976
3190,0.0016473365249112248,3190,0.0016429725801572204,0.0016426945803686976
3191,0.0016473365249112248,3191,0.0016429725801572204,0.0016426945803686976
3192,0.0016473365249112248,3192,0.0016429725801572204,0.0016426945803686976
3193,0.0016473365249112248,3193,0.0016429725801572204,0.0016426945803686976
3194,0.0016473365249112248,3194,0.0016429725801572204,0.0016426945803686976
3195,0.0016473365249112248,3195,0.0016429725801572204,0.0016426945803686976
3196,0.0016473365249112248,3196,0.0016429725801572204,0.0016426945803686976
3197,0.0016473365249112248,3197,0.0016429725801572204,0.0016426945803686976
3198,0.0016473365249112248,3198,0.0016429725801572204,0.0016426945803686976
3199,0.0016473365249112248,3199,0.0016429725801572204,0.0016426945803686976
3200,0.0016473365249112248,3200,0.0016429725801572204,0.0016426945803686976
3201,0.0016473365249112248,3201,0.0016429725801572204,0.0016426945803686976
3202,0.0016473365249112248,3202,0.0016429725801572204,0.0016426945803686976
3203,0.0016473365249112248,3203,0.0016429725801572204,0.0016426945803686976
3204,0.0016473365249112248,3204,0.0016429725801572204,0.0016426945803686976
3205,0.0016473365249112248,3205,0.0016429725801572204,0.0016426945803686976
3206,0.0016473365249112248,3206,0.0016429725801572204,0.0016426945803686976
3207,0.0016473365249112248,3207,0.0016429725801572204,0.0016426945803686976
3208,0.0016473365249112248,3208,0.0016429725801572204,0.0016426945803686976
3209,0.0016473365249112248,3209,0.0016429725801572204,0.0016426945803686976
3210,0.0016473365249112248,3210,0.0016429725801572204,0.0016426945803686976
3211,0.0016473365249112248,3211,0.0016429725801572204,0.0016426945803686976
3212,0.0016473365249112248,3212,0.0016429725801572204,0.0016426945803686976
3213,0.0016473365249112248,3213,0.0016429725801572204,0.0016426945803686976
3214,0.0016473365249112248,3214,0.0016429725801572204,0.0016426945803686976
3215,0.0016473365249112248,3215,0.0016429725801572204,0.0016426945803686976
3216,0.0016473365249112248,3216,0.0016429725801572204,0.0016426945803686976
3217,0.0016473365249112248,3217,0.0016429725801572204,0.0016426945803686976
3218,0.0016473365249112248,3218,0.0016429725801572204,0.0016426945803686976
3219,0.0016473365249112248,3219,0.0016429725801572204,0.0016426945803686976
3220,0.0016473365249112248,3220,0.0016429725801572204,0.0016426945803686976
3221,0.0016473365249112248,3221,0.0016429725801572204,0.0016426945803686976
3222,0.0016473365249112248,3222,0.0016429725801572204,0.0016426945803686976
3223,0.0016473365249112248,3223,0.0016429725801572204,0.0016426945803686976
3224,0.0016473365249112248,3224,0.0016429725801572204,0.0016426945803686976
3225,0.0016473365249112248,3225,0.0016429725801572204,0.0016426945803686976
3226,0.0016473365249112248,3226,0.0016429725801572204,0.0016426945803686976
3227,0.0016473365249112248,3227,0.0016429725801572204,0.0016426945803686976
3228,0.0016473365249112248,3228,0.0016429725801572204,0.0016426945803686976
3229,0.0016473365249112248,3229,0.0016429725801572204,0.0016426945803686976
3230,0.0016473365249112248,3230,0.0016429725801572204,0.0016426945803686976
3231,0.0016473365249112248,3231,0.0016429725801572204,0.0016426945803686976
3232,0.0016473365249112248,3232,0.0016429725801572204,0.0016426945803686976
3233,0.0016473365249112248,3233,0.0016429725801572204,0.0016426945803686976
3234,0.0016473365249112248,3234,0.0016429725801572204,0.0016426945803686976
3235,0.0016473365249112248,3235,0.0016429725801572204,0.0016426945803686976
3236,0.0016473365249112248,3236,0.0016429725801572204,0.0016426945803686976
3237,0.0016473365249112248,3237,0.0016429725801572204,0.0016426945803686976
3238,0.0016473365249112248,3238,0.0016429725801572204,0.0016426945803686976
3239,0.0016473365249112248,3239,0.0016429725801572204,0.0016426945803686976
3240,0.0016473365249112248,3240,0.0016429725801572204,0.0016426945803686976
3241,0.0016473365249112248,3241,0.0016429725801572204,0.0016426945803686976
3242,0.0016473365249112248,3242,0.0016429725801572204,0.0016426945803686976
3243,0.0016473365249112248,3243,0.0016429725801572204,0.0016426945803686976
3244,0.0016473365249112248,3244,0.0016429725801572204,0.0016426945803686976
3245,0.0016473365249112248,3245,0.0016429725801572204,0.0016426945803686976
3246,0.0016473365249112248,3246,0.0016429725801572204,0.0016426945803686976
3247,0.0016473365249112248,3247,0.0016429725801572204,0.0016426945803686976
3248,0.0016473365249112248,3248,0.0016429725801572204,0.0016426945803686976
3249,0.0016473365249112248,3249,0.0016429725801572204,0.0016426945803686976
3250,0.0016473556170240045,3250,0.0016429732786491513,0.0016427019145339727
3251,0.0016473556170240045,3251,0.0016429732786491513,0.0016427019145339727
3252,0.0016473556170240045,3252,0.0016429732786491513,0.0016427019145339727
3253,0.0016473556170240045,3253,0.0016429732786491513,0.0016427019145339727
3254,0.0016473556170240045,3254,0.0016429732786491513,0.0016427019145339727
3255,0.0016473556170240045,3255,0.0016429732786491513,0.0016427019145339727
3256,0.0016473556170240045,3256,0.0016429732786491513,0.0016427019145339727
3257,0.0016473556170240045,3257,0.0016429732786491513,0.0016427019145339727
3258,0.0016473556170240045,3258,0.0016429732786491513,0.0016427019145339727
3259,0.0016473556170240045,3259,0.0016429732786491513,0.0016427019145339727
3260,0.0016473556170240045,3260,0.0016429732786491513,0.0016427019145339727
3261,0.0016473556170240045,3261,0.0016429732786491513,0.0016427019145339727
3262,0.0016473556170240045,3262,0.0016429732786491513,0.0016427019145339727
3263,0.0016473556170240045,3263,0.0016429732786491513,0.0016427019145339727
3264,0.0016473556170240045,3264,0.0016429732786491513,0.0016427019145339727
3265,0.0016473556170240045,3265,0.0016429732786491513,0.0016427019145339727
3266,0.0016473556170240045,3266,0.0016429732786491513,0.0016427019145339727
3267,0.0016473556170240045,3267,0.0016429732786491513,0.0016427019145339727
3268,0.0016473556170240045,3268,0.0016429732786491513,0.0016427019145339727
3269,0.0016473556170240045,3269,0.0016429732786491513,0.0016427019145339727
3270,0.0016473556170240045,3270,0.0016429732786491513,0.0016427019145339727
3271,0.0016473556170240045,3271,0.0016429732786491513,0.0016427019145339727
3272,0.0016473556170240045,3272,0.0016429732786491513,0.0016427019145339727
3273,0.0016473556170240045,3273,0.0016429732786491513,0.0016427019145339727
3274,0.0016473556170240045,3274,0.0016429732786491513,0.0016427019145339727
3275,0.0016473556170240045,3275,0.0016429732786491513,0.0016427019145339727
3276,0.0016473556170240045,3276,0.0016429732786491513,0.0016427019145339727
3277,0.0016473556170240045,3277,0.0016429732786491513,0.0016427019145339727
3278,0.0016473556170240045,3278,0.0016429732786491513,0.0016427019145339727
3279,0.0016473556170240045,3279,0.0016429732786491513,0.0016427019145339727
3280,0.0016473556170240045,3280,0.0016429732786491513,0.0016427019145339727
3281,0.0016473556170240045,3281,0.0016429732786491513,0.0016427019145339727
3282,0.0016473556170240045,3282,0.0016429732786491513,0.0016427019145339727
3283,0.0016473556170240045,3283,0.0016429732786491513,0.0016427019145339727
3284,0.0016473556170240045,3284,0.0016429732786491513,0.0016427019145339727
3285,0.0016473556170240045,3285,0.0016429732786491513,0.0016427019145339727
3286,0.0016473556170240045,3286,0.0016429732786491513,0.0016427019145339727
3287,0.0016473556170240045,3287,0.0016429732786491513,0.0016427019145339727
3288,0.0016473556170240045,3288,0.0016429732786491513,0.0016427019145339727
3289,0.0016473556170240045,3289,0.0016429732786491513,0.0016427019145339727
3290,0.0016473556170240045,3290,0.0016429732786491513,0.0016427019145339727
3291,0.0016473556170240045,3291,0.0016429732786491513,0.0016427019145339727
3292,0.0016473556170240045,3292,0.0016429732786491513,0.0016427019145339727
3293,0.0016473556170240045,3293,0.0016429732786491513,0.0016427019145339727
3294,0.0016473556170240045,3294,0.0016429732786491513,0.0016427019145339727
3295,0.0016473556170240045,3295,0.0016429732786491513,0.0016427019145339727
3296,0.0016473556170240045,3296,0.0016429732786491513,0.0016427019145339727
3297,0.0016473556170240045,3297,0.0016429732786491513,0.0016427019145339727
3298,0.0016473556170240045,3298,0.0016429732786491513,0.0016427019145339727
3299,0.0016473556170240045,3299,0.0016429732786491513,0.0016427019145339727
3300,0.0016473556170240045,3300,0.0016429732786491513,0.0016427019145339727
3301,0.0016473556170240045,3301,0.0016429732786491513,0.0016427019145339727
3302,0.0016473556170240045,3302,0.0016429732786491513,0.0016427019145339727
3303,0.0016473556170240045,3303,0.0016429732786491513,0.0016427019145339727
3304,0.0016473556170240045,3304,0.0016429732786491513,0.0016427019145339727
3305,0.0016473556170240045,3305,0.0016429732786491513,0.0016427019145339727
3306,0.0016473556170240045,3306,0.0016429732786491513,0.0016427019145339727
3307,0.0016473556170240045,3307,0.0016429732786491513,0.0016427019145339727
3308,0.0016473556170240045,3308,0.0016429732786491513,0.0016427019145339727
3309,0.0016473556170240045,3309,0.0016429732786491513,0.0016427019145339727
3310,0.0016473556170240045,3310,0.0016429732786491513,0.0016427019145339727
3311,0.0016473556170240045,3311,0.0016429732786491513,0.0016427019145339727
3312,0.0016473556170240045,3312,0.0016429732786491513,0.0016427019145339727
3313,0.0016473556170240045,3313,0.0016429732786491513,0.0016427019145339727
3314,0.0016473556170240045,3314,0.0016429732786491513,0.0016427019145339727
3315,0.0016473556170240045,3315,0.0016429732786491513,0.0016427019145339727
3316,0.0016473556170240045,3316,0.0016429732786491513,0.0016427019145339727
3317,0.0016473556170240045,3317,0.0016429732786491513,0.0016427019145339727
3318,0.0016473556170240045,3318,0.0016429732786491513,0.0016427019145339727
3319,0.0016473556170240045,3319,0.0016429732786491513,0.0016427019145339727
3320,0.0016473556170240045,3320,0.0016429732786491513,0.0016427019145339727
3321,0.0016473556170240045,3321,0.0016429732786491513,0.0016427019145339727
3322,0.0016473556170240045,3322,0.0016429732786491513,0.0016427019145339727
3323,0.0016473556170240045,3323,0.0016429732786491513,0.0016427019145339727
3324,0.0016473556170240045,3324,0.0016429732786491513,0.0016427019145339727
3325,0.0016473556170240045,3325,0.0016429732786491513,0.0016427019145339727
3326,0.0016473556170240045,3326,0.0016429732786491513,0.0016427019145339727
3327,0.0016473556170240045,3327,0.0016429732786491513,0.0016427019145339727
3328,0.0016473556170240045,3328,0.0016429732786491513,0.0016427019145339727
3329,0.0016473556170240045,3329,0.0016429732786491513,0.0016427019145339727
3330,0.0016473556170240045,3330,0.0016429732786491513,0.0016427019145339727
3331,0.0016473556170240045,3331,0.0016429732786491513,0.0016427019145339727
3332,0.0016473556170240045,3332,0.0016429732786491513,0.0016427019145339727
3333,0.0016473556170240045,3333,0.0016429732786491513,0.0016427019145339727
3334,0.0016473556170240045,3334,0.0016429732786491513,0.0016427019145339727
3335,0.0016473556170240045,3335,0.0016429732786491513,0.0016427019145339727
3336,0.0016473556170240045,3336,0.0016429732786491513,0.0016427019145339727
3337,0.0016473556170240045,3337,0.0016429732786491513,0.0016427019145339727
3338,0.0016473556170240045,3338,0.0016429732786491513,0.0016427019145339727
3339,0.0016473556170240045,3339,0.0016429732786491513,0.0016427019145339727
3340,0.0016473556170240045,3340,0.0016429732786491513,0.0016427019145339727
3341,0.0016473556170240045,3341,0.0016429732786491513,0.0016427019145339727
3342,0.0016473556170240045,3342,0.0016429732786491513,0.0016427019145339727
3343,0.0016473556170240045,3343,0.0016429732786491513,0.0016427019145339727
3344,0.0016473556170240045,3344,0.0016429732786491513,0.0016427019145339727
3345,0.0016473556170240045,3345,0.0016429732786491513,0.0016427019145339727
3346,0.0016473556170240045,3346,0.0016429732786491513,0.0016427019145339727
3347,0.0016473556170240045,3347,0.0016429732786491513,0.0016427019145339727
3348,0.0016473556170240045,3348,0.0016429732786491513,0.0016427019145339727
3349,0.0016473556170240045,3349,0.0016429732786491513,0.0016427019145339727
3350,0.0016473556170240045,3350,0.0016429732786491513,0.0016427019145339727
3351,0.0016473556170240045,3351,0.0016429732786491513,0.0016427019145339727
3352,0.0016473556170240045,3352,0.0016429732786491513,0.0016427019145339727
3353,0.0016473556170240045,3353,0.0016429732786491513,0.0016427019145339727
3354,0.0016473556170240045,3354,0.0016429732786491513,0.0016427019145339727
3355,0.0016473556170240045,3355,0.0016429732786491513,0.0016427019145339727
3356,0.0016473556170240045,3356,0.0016429732786491513,0.0016427019145339727
3357,0.0016473556170240045,3357,0.0016429732786491513,0.0016427019145339727
3358,0.0016473556170240045,3358,0.0016429732786491513,0.0016427019145339727
3359,0.0016473556170240045,3359,0.0016429732786491513,0.0016427019145339727
3360,0.0016473556170240045,3360,0.0016429732786491513,0.0016427019145339727
3361,0.0016473556170240045,3361,0.0016429732786491513,0.0016427019145339727
3362,0.0016473556170240045,3362,0.0016429732786491513,0.0016427019145339727
3363,0.0016473556170240045,3363,0.0016429732786491513,0.0016427019145339727
3364,0.0016473556170240045,3364,0.0016429732786491513,0.0016427019145339727
3365,0.0016473556170240045,3365,0.0016429732786491513,0.0016427019145339727
3366,0.0016473556170240045,3366,0.0016429732786491513,0.0016427019145339727
3367,0.0016473556170240045,3367,0.0016429732786491513,0.0016427019145339727
3368,0.0016473556170240045,3368,0.0016429732786491513,0.0016427019145339727
3369,0.0016473556170240045,3369,0.0016429732786491513,0.0016427019145339727
3370,0.0016473556170240045,3370,0.0016429732786491513,0.0016427019145339727
3371,0.0016473556170240045,3371,0.0016429732786491513,0.0016427019145339727
3372,0.0016473556170240045,3372,0.0016429732786491513,0.0016427019145339727
3373,0.0016473556170240045,3373,0.0016429732786491513,0.0016427019145339727
3374,0.0016473556170240045,3374,0.0016429732786491513,0.0016427019145339727
3375,0.0016473556170240045,3375,0.0016429732786491513,0.0016427019145339727
3376,0.0016473556170240045,3376,0.0016429732786491513,0.0016427019145339727
3377,0.0016473556170240045,3377,0.0016429732786491513,0.0016427019145339727
3378,0.0016473556170240045,3378,0.0016429732786491513,0.0016427019145339727
3379,0.0016473556170240045,3379,0.0016429732786491513,0.0016427019145339727
3380,0.0016473556170240045,3380,0.0016429732786491513,0.0016427019145339727
3381,0.0016473556170240045,3381,0.0016429732786491513,0.0016427019145339727
3382,0.0016473556170240045,3382,0.0016429732786491513,0.0016427019145339727
3383,0.0016473556170240045,3383,0.0016429732786491513,0.0016427019145339727
3384,0.0016473556170240045,3384,0.0016429732786491513,0.0016427019145339727
3385,0.0016473556170240045,3385,0.0016429732786491513,0.0016427019145339727
3386,0.0016473556170240045,3386,0.0016429732786491513,0.0016427019145339727
3387,0.0016473556170240045,3387,0.0016429732786491513,0.0016427019145339727
3388,0.0016473556170240045,3388,0.0016429732786491513,0.0016427019145339727
3389,0.0016473556170240045,3389,0.0016429732786491513,0.0016427019145339727
3390,0.0016473556170240045,3390,0.0016429732786491513,0.0016427019145339727
3391,0.0016473556170240045,3391,0.0016429732786491513,0.0016427019145339727
3392,0.0016473556170240045,3392,0.0016429732786491513,0.0016427019145339727
3393,0.0016473556170240045,3393,0.0016429732786491513,0.0016427019145339727
3394,0.0016473556170240045,3394,0.0016429732786491513,0.0016427019145339727
3395,0.0016473556170240045,3395,0.0016429732786491513,0.0016427019145339727
3396,0.0016473556170240045,3396,0.0016429732786491513,0.0016427019145339727
3397,0.0016473556170240045,3397,0.0016429732786491513,0.0016427019145339727
3398,0.0016473556170240045,3398,0.0016429732786491513,0.0016427019145339727
3399,0.0016473556170240045,3399,0.0016429732786491513,0.0016427019145339727
3400,0.0016473556170240045,3400,0.0016429732786491513,0.0016427019145339727
3401,0.0016473556170240045,3401,0.0016429732786491513,0.0016427019145339727
3402,0.0016473556170240045,3402,0.0016429732786491513,0.0016427019145339727
3403,0.0016473556170240045,3403,0.0016429732786491513,0.0016427019145339727
3404,0.0016473556170240045,3404,0.0016429732786491513,0.0016427019145339727
3405,0.0016473556170240045,3405,0.0016429732786491513,0.0016427019145339727
3406,0.0016473556170240045,3406,0.0016429732786491513,0.0016427019145339727
3407,0.0016473556170240045,3407,0.0016429732786491513,0.0016427019145339727
3408,0.0016473556170240045,3408,0.0016429732786491513,0.0016427019145339727
3409,0.0016473556170240045,3409,0.0016429732786491513,0.0016427019145339727
3410,0.0016473556170240045,3410,0.0016429732786491513,0.0016427019145339727
3411,0.0016473556170240045,3411,0.0016429732786491513,0.0016427019145339727
3412,0.0016473556170240045,3412,0.0016429732786491513,0.0016427019145339727
3413,0.0016473556170240045,3413,0.0016429732786491513,0.0016427019145339727
3414,0.0016473556170240045,3414,0.0016429732786491513,0.0016427019145339727
3415,0.0016473556170240045,3415,0.0016429732786491513,0.0016427019145339727
3416,0.0016473556170240045,3416,0.0016429732786491513,0.0016427019145339727
3417,0.0016473556170240045,3417,0.0016429732786491513,0.0016427019145339727
3418,0.0016473556170240045,3418,0.0016429732786491513,0.0016427019145339727
3419,0.0016473556170240045,3419,0.0016429732786491513,0.0016427019145339727
3420,0.0016473556170240045,3420,0.0016429732786491513,0.0016427019145339727
3421,0.0016473556170240045,3421,0.0016429732786491513,0.0016427019145339727
3422,0.0016473556170240045,3422,0.0016429732786491513,0.0016427019145339727
3423,0.0016473556170240045,3423,0.0016429732786491513,0.0016427019145339727
3424,0.0016473556170240045,3424,0.0016429732786491513,0.0016427019145339727
3425,0.0016473556170240045,3425,0.0016429732786491513,0.0016427019145339727
3426,0.0016473556170240045,3426,0.0016429732786491513,0.0016427019145339727
3427,0.0016473556170240045,3427,0.0016429732786491513,0.0016427019145339727
3428,0.0016473556170240045,3428,0.0016429732786491513,0.0016427019145339727
3429,0.0016473556170240045,3429,0.0016429732786491513,0.0016427019145339727
3430,0.0016473556170240045,3430,0.0016429732786491513,0.0016427019145339727
3431,0.0016473556170240045,3431,0.0016429732786491513,0.0016427019145339727
3432,0.0016473556170240045,3432,0.0016429732786491513,0.0016427019145339727
3433,0.0016473556170240045,3433,0.0016429732786491513,0.0016427019145339727
3434,0.0016473556170240045,3434,0.0016429732786491513,0.0016427019145339727
3435,0.0016473556170240045,3435,0.0016429732786491513,0.0016427019145339727
3436,0.0016473556170240045,3436,0.0016429732786491513,0.0016427019145339727
3437,0.0016473556170240045,3437,0.0016429732786491513,0.0016427019145339727
3438,0.0016473556170240045,3438,0.0016429732786491513,0.0016427019145339727
3439,0.0016473556170240045,3439,0.0016429732786491513,0.0016427019145339727
3440,0.0016473556170240045,3440,0.0016429732786491513,0.0016427019145339727
3441,0.0016473556170240045,3441,0.0016429732786491513,0.0016427019145339727
3442,0.0016473556170240045,3442,0.0016429732786491513,0.0016427019145339727
3443,0.0016473556170240045,3443,0.0016429732786491513,0.0016427019145339727
3444,0.0016473556170240045,3444,0.0016429732786491513,0.0016427019145339727
3445,0.0016473556170240045,3445,0.0016429732786491513,0.0016427019145339727
3446,0.0016473556170240045,3446,0.0016429732786491513,0.0016427019145339727
3447,0.0016473556170240045,3447,0.0016429732786491513,0.0016427019145339727
3448,0.0016473556170240045,3448,0.0016429732786491513,0.0016427019145339727
3449,0.0016473556170240045,3449,0.0016429732786491513,0.0016427019145339727
3450,0.0016473556170240045,3450,0.0016429732786491513,0.0016427019145339727
3451,0.0016473556170240045,3451,0.0016429732786491513,0.0016427019145339727
3452,0.0016473556170240045,3452,0.0016429732786491513,0.0016427019145339727
3453,0.0016473556170240045,3453,0.0016429732786491513,0.0016427019145339727
3454,0.0016473556170240045,3454,0.0016429732786491513,0.0016427019145339727
3455,0.0016473556170240045,3455,0.0016429732786491513,0.0016427019145339727
3456,0.0016473556170240045,3456,0.0016429732786491513,0.0016427019145339727
3457,0.0016473556170240045,3457,0.0016429732786491513,0.0016427019145339727
3458,0.0016473556170240045,3458,0.0016429732786491513,0.0016427019145339727
3459,0.0016473556170240045,3459,0.0016429732786491513,0.0016427019145339727
3460,0.0016473556170240045,3460,0.0016429732786491513,0.0016427019145339727
3461,0.0016473556170240045,3461,0.0016429732786491513,0.0016427019145339727
3462,0.0016473556170240045,3462,0.0016429732786491513,0.0016427019145339727
3463,0.0016473556170240045,3463,0.0016429732786491513,0.0016427019145339727
3464,0.0016473556170240045,3464,0.0016429732786491513,0.0016427019145339727
3465,0.0016473556170240045,3465,0.0016429732786491513,0.0016427019145339727
3466,0.0016473556170240045,3466,0.0016429732786491513,0.0016427019145339727
3467,0.0016473556170240045,3467,0.0016429732786491513,0.0016427019145339727
3468,0.0016473556170240045,3468,0.0016429732786491513,0.0016427019145339727
3469,0.0016473556170240045,3469,0.0016429732786491513,0.0016427019145339727
3470,0.0016473556170240045,3470,0.0016429732786491513,0.0016427019145339727
3471,0.0016473556170240045,3471,0.0016429732786491513,0.0016427019145339727
3472,0.0016473556170240045,3472,0.0016429732786491513,0.0016427019145339727
3473,0.0016473556170240045,3473,0.0016429732786491513,0.0016427019145339727
3474,0.0016473556170240045,3474,0.0016429732786491513,0.0016427019145339727
3475,0.0016473556170240045,3475,0.0016429732786491513,0.0016427019145339727
3476,0.0016473556170240045,3476,0.0016429732786491513,0.0016427019145339727
3477,0.0016473556170240045,3477,0.0016429732786491513,0.0016427019145339727
3478,0.0016473556170240045,3478,0.0016429732786491513,0.0016427019145339727
3479,0.0016473556170240045,3479,0.0016429732786491513,0.0016427019145339727
3480,0.0016473556170240045,3480,0.0016429732786491513,0.0016427019145339727
3481,0.0016473556170240045,3481,0.0016429732786491513,0.0016427019145339727
3482,0.0016473556170240045,3482,0.0016429732786491513,0.0016427019145339727
3483,0.0016473556170240045,3483,0.0016429732786491513,0.0016427019145339727
3484,0.0016473556170240045,3484,0.0016429732786491513,0.0016427019145339727
3485,0.0016473556170240045,3485,0.0016429732786491513,0.0016427019145339727
3486,0.0016473556170240045,3486,0.0016429732786491513,0.0016427019145339727
3487,0.0016473556170240045,3487,0.0016429732786491513,0.0016427019145339727
3488,0.0016473556170240045,3488,0.0016429732786491513,0.0016427019145339727
3489,0.0016473556170240045,3489,0.0016429732786491513,0.0016427019145339727
3490,0.0016473556170240045,3490,0.0016429732786491513,0.0016427019145339727
3491,0.0016473556170240045,3491,0.0016429732786491513,0.0016427019145339727
3492,0.0016473556170240045,3492,0.0016429732786491513,0.0016427019145339727
3493,0.0016473556170240045,3493,0.0016429732786491513,0.0016427019145339727
3494,0.0016473556170240045,3494,0.0016429732786491513,0.0016427019145339727
3495,0.0016473556170240045,3495,0.0016429732786491513,0.0016427019145339727
3496,0.0016473556170240045,3496,0.0016429732786491513,0.0016427019145339727
3497,0.0016473556170240045,3497,0.0016429732786491513,0.0016427019145339727
3498,0.0016473556170240045,3498,0.0016429732786491513,0.0016427019145339727
3499,0.0016473556170240045,3499,0.0016429732786491513,0.0016427019145339727
3500,0.0016474351286888123,3500,0.0016429730458185077,0.0016427012160420418
3501,0.0016474351286888123,3501,0.0016429730458185077,0.0016427012160420418
3502,0.0016474351286888123,3502,0.0016429730458185077,0.0016427012160420418
3503,0.0016474351286888123,3503,0.0016429730458185077,0.0016427012160420418
3504,0.0016474351286888123,3504,0.0016429730458185077,0.0016427012160420418
3505,0.0016474351286888123,3505,0.0016429730458185077,0.0016427012160420418
3506,0.0016474351286888123,3506,0.0016429730458185077,0.0016427012160420418
3507,0.0016474351286888123,3507,0.0016429730458185077,0.0016427012160420418
3508,0.0016474351286888123,3508,0.0016429730458185077,0.0016427012160420418
3509,0.0016474351286888123,3509,0.0016429730458185077,0.0016427012160420418
3510,0.0016474351286888123,3510,0.0016429730458185077,0.0016427012160420418
3511,0.0016474351286888123,3511,0.0016429730458185077,0.0016427012160420418
3512,0.0016474351286888123,3512,0.0016429730458185077,0.0016427012160420418
3513,0.0016474351286888123,3513,0.0016429730458185077,0.0016427012160420418
3514,0.0016474351286888123,3514,0.0016429730458185077,0.0016427012160420418
3515,0.0016474351286888123,3515,0.0016429730458185077,0.0016427012160420418
3516,0.0016474351286888123,3516,0.0016429730458185077,0.0016427012160420418
3517,0.0016474351286888123,3517,0.0016429730458185077,0.0016427012160420418
3518,0.0016474351286888123,3518,0.0016429730458185077,0.0016427012160420418
3519,0.0016474351286888123,3519,0.0016429730458185077,0.0016427012160420418
3520,0.0016474351286888123,3520,0.0016429730458185077,0.0016427012160420418
3521,0.0016474351286888123,3521,0.0016429730458185077,0.0016427012160420418
3522,0.0016474351286888123,3522,0.0016429730458185077,0.0016427012160420418
3523,0.0016474351286888123,3523,0.0016429730458185077,0.0016427012160420418
3524,0.0016474351286888123,3524,0.0016429730458185077,0.0016427012160420418
3525,0.0016474351286888123,3525,0.0016429730458185077,0.0016427012160420418
3526,0.0016474351286888123,3526,0.0016429730458185077,0.0016427012160420418
3527,0.0016474351286888123,3527,0.0016429730458185077,0.0016427012160420418
3528,0.0016474351286888123,3528,0.0016429730458185077,0.0016427012160420418
3529,0.0016474351286888123,3529,0.0016429730458185077,0.0016427012160420418
3530,0.0016474351286888123,3530,0.0016429730458185077,0.0016427012160420418
3531,0.0016474351286888123,3531,0.0016429730458185077,0.0016427012160420418
3532,0.0016474351286888123,3532,0.0016429730458185077,0.0016427012160420418
3533,0.0016474351286888123,3533,0.0016429730458185077,0.0016427012160420418
3534,0.0016474351286888123,3534,0.0016429730458185077,0.0016427012160420418
3535,0.0016474351286888123,3535,0.0016429730458185077,0.0016427012160420418
3536,0.0016474351286888123,3536,0.0016429730458185077,0.0016427012160420418
3537,0.0016474351286888123,3537,0.0016429730458185077,0.0016427012160420418
3538,0.0016474351286888123,3538,0.0016429730458185077,0.0016427012160420418
3539,0.0016474351286888123,3539,0.0016429730458185077,0.0016427012160420418
3540,0.0016474351286888123,3540,0.0016429730458185077,0.0016427012160420418
3541,0.0016474351286888123,3541,0.0016429730458185077,0.0016427012160420418
3542,0.0016474351286888123,3542,0.0016429730458185077,0.0016427012160420418
3543,0.0016474351286888123,3543,0.0016429730458185077,0.0016427012160420418
3544,0.0016474351286888123,3544,0.0016429730458185077,0.0016427012160420418
3545,0.0016474351286888123,3545,0.0016429730458185077,0.0016427012160420418
3546,0.0016474351286888123,3546,0.0016429730458185077,0.0016427012160420418
3547,0.0016474351286888123,3547,0.0016429730458185077,0.0016427012160420418
3548,0.0016474351286888123,3548,0.0016429730458185077,0.0016427012160420418
3549,0.0016474351286888123,3549,0.0016429730458185077,0.0016427012160420418
3550,0.0016474351286888123,3550,0.0016429730458185077,0.0016427012160420418
3551,0.0016474351286888123,3551,0.0016429730458185077,0.0016427012160420418
3552,0.0016474351286888123,3552,0.0016429730458185077,0.0016427012160420418
3553,0.0016474351286888123,3553,0.0016429730458185077,0.0016427012160420418
3554,0.0016474351286888123,3554,0.0016429730458185077,0.0016427012160420418
3555,0.0016474351286888123,3555,0.0016429730458185077,0.0016427012160420418
3556,0.0016474351286888123,3556,0.0016429730458185077,0.0016427012160420418
3557,0.0016474351286888123,3557,0.0016429730458185077,0.0016427012160420418
3558,0.0016474351286888123,3558,0.0016429730458185077,0.0016427012160420418
3559,0.0016474351286888123,3559,0.0016429730458185077,0.0016427012160420418
3560,0.0016474351286888123,3560,0.0016429730458185077,0.0016427012160420418
3561,0.0016474351286888123,3561,0.0016429730458185077,0.0016427012160420418
3562,0.0016474351286888123,3562,0.0016429730458185077,0.0016427012160420418
3563,0.0016474351286888123,3563,0.0016429730458185077,0.0016427012160420418
3564,0.0016474351286888123,3564,0.0016429730458185077,0.0016427012160420418
3565,0.0016474351286888123,3565,0.0016429730458185077,0.0016427012160420418
3566,0.0016474351286888123,3566,0.0016429730458185077,0.0016427012160420418
3567,0.0016474351286888123,3567,0.0016429730458185077,0.0016427012160420418
3568,0.0016474351286888123,3568,0.0016429730458185077,0.0016427012160420418
3569,0.0016474351286888123,3569,0.0016429730458185077,0.0016427012160420418
3570,0.0016474351286888123,3570,0.0016429730458185077,0.0016427012160420418
3571,0.0016474351286888123,3571,0.0016429730458185077,0.0016427012160420418
3572,0.0016474351286888123,3572,0.0016429730458185077,0.0016427012160420418
3573,0.0016474351286888123,3573,0.0016429730458185077,0.0016427012160420418
3574,0.0016474351286888123,3574,0.0016429730458185077,0.0016427012160420418
3575,0.0016474351286888123,3575,0.0016429730458185077,0.0016427012160420418
3576,0.0016474351286888123,3576,0.0016429730458185077,0.0016427012160420418
3577,0.0016474351286888123,3577,0.0016429730458185077,0.0016427012160420418
3578,0.0016474351286888123,3578,0.0016429730458185077,0.0016427012160420418
3579,0.0016474351286888123,3579,0.0016429730458185077,0.0016427012160420418
3580,0.0016474351286888123,3580,0.0016429730458185077,0.0016427012160420418
3581,0.0016474351286888123,3581,0.0016429730458185077,0.0016427012160420418
3582,0.0016474351286888123,3582,0.0016429730458185077,0.0016427012160420418
3583,0.0016474351286888123,3583,0.0016429730458185077,0.0016427012160420418
3584,0.0016474351286888123,3584,0.0016429730458185077,0.0016427012160420418
3585,0.0016474351286888123,3585,0.0016429730458185077,0.0016427012160420418
3586,0.0016474351286888123,3586,0.0016429730458185077,0.0016427012160420418
3587,0.0016474351286888123,3587,0.0016429730458185077,0.0016427012160420418
3588,0.0016474351286888123,3588,0.0016429730458185077,0.0016427012160420418
3589,0.0016474351286888123,3589,0.0016429730458185077,0.0016427012160420418
3590,0.0016474351286888123,3590,0.0016429730458185077,0.0016427012160420418
3591,0.0016474351286888123,3591,0.0016429730458185077,0.0016427012160420418
3592,0.0016474351286888123,3592,0.0016429730458185077,0.0016427012160420418
3593,0.0016474351286888123,3593,0.0016429730458185077,0.0016427012160420418
3594,0.0016474351286888123,3594,0.0016429730458185077,0.0016427012160420418
3595,0.0016474351286888123,3595,0.0016429730458185077,0.0016427012160420418
3596,0.0016474351286888123,3596,0.0016429730458185077,0.0016427012160420418
3597,0.0016474351286888123,3597,0.0016429730458185077,0.0016427012160420418
3598,0.0016474351286888123,3598,0.0016429730458185077,0.0016427012160420418
3599,0.0016474351286888123,3599,0.0016429730458185077,0.0016427012160420418
3600,0.0016474351286888123,3600,0.0016429730458185077,0.0016427012160420418
3601,0.0016474351286888123,3601,0.0016429730458185077,0.0016427012160420418
3602,0.0016474351286888123,3602,0.0016429730458185077,0.0016427012160420418
3603,0.0016474351286888123,3603,0.0016429730458185077,0.0016427012160420418
3604,0.0016474351286888123,3604,0.0016429730458185077,0.0016427012160420418
3605,0.0016474351286888123,3605,0.0016429730458185077,0.0016427012160420418
3606,0.0016474351286888123,3606,0.0016429730458185077,0.0016427012160420418
3607,0.0016474351286888123,3607,0.0016429730458185077,0.0016427012160420418
3608,0.0016474351286888123,3608,0.0016429730458185077,0.0016427012160420418
3609,0.0016474351286888123,3609,0.0016429730458185077,0.0016427012160420418
3610,0.0016474351286888123,3610,0.0016429730458185077,0.0016427012160420418
3611,0.0016474351286888123,3611,0.0016429730458185077,0.0016427012160420418
3612,0.0016474351286888123,3612,0.0016429730458185077,0.0016427012160420418
3613,0.0016474351286888123,3613,0.0016429730458185077,0.0016427012160420418
3614,0.0016474351286888123,3614,0.0016429730458185077,0.0016427012160420418
3615,0.0016474351286888123,3615,0.0016429730458185077,0.0016427012160420418
3616,0.0016474351286888123,3616,0.0016429730458185077,0.0016427012160420418
3617,0.0016474351286888123,3617,0.0016429730458185077,0.0016427012160420418
3618,0.0016474351286888123,3618,0.0016429730458185077,0.0016427012160420418
3619,0.0016474351286888123,3619,0.0016429730458185077,0.0016427012160420418
3620,0.0016474351286888123,3620,0.0016429730458185077,0.0016427012160420418
3621,0.0016474351286888123,3621,0.0016429730458185077,0.0016427012160420418
3622,0.0016474351286888123,3622,0.0016429730458185077,0.0016427012160420418
3623,0.0016474351286888123,3623,0.0016429730458185077,0.0016427012160420418
3624,0.0016474351286888123,3624,0.0016429730458185077,0.0016427012160420418
3625,0.0016474351286888123,3625,0.0016429730458185077,0.0016427012160420418
3626,0.0016474351286888123,3626,0.0016429730458185077,0.0016427012160420418
3627,0.0016474351286888123,3627,0.0016429730458185077,0.0016427012160420418
3628,0.0016474351286888123,3628,0.0016429730458185077,0.0016427012160420418
3629,0.0016474351286888123,3629,0.0016429730458185077,0.0016427012160420418
3630,0.0016474351286888123,3630,0.0016429730458185077,0.0016427012160420418
3631,0.0016474351286888123,3631,0.0016429730458185077,0.0016427012160420418
3632,0.0016474351286888123,3632,0.0016429730458185077,0.0016427012160420418
3633,0.0016474351286888123,3633,0.0016429730458185077,0.0016427012160420418
3634,0.0016474351286888123,3634,0.0016429730458185077,0.0016427012160420418
3635,0.0016474351286888123,3635,0.0016429730458185077,0.0016427012160420418
3636,0.0016474351286888123,3636,0.0016429730458185077,0.0016427012160420418
3637,0.0016474351286888123,3637,0.0016429730458185077,0.0016427012160420418
3638,0.0016474351286888123,3638,0.0016429730458185077,0.0016427012160420418
3639,0.0016474351286888123,3639,0.0016429730458185077,0.0016427012160420418
3640,0.0016474351286888123,3640,0.0016429730458185077,0.0016427012160420418
3641,0.0016474351286888123,3641,0.0016429730458185077,0.0016427012160420418
3642,0.0016474351286888123,3642,0.0016429730458185077,0.0016427012160420418
3643,0.0016474351286888123,3643,0.0016429730458185077,0.0016427012160420418
3644,0.0016474351286888123,3644,0.0016429730458185077,0.0016427012160420418
3645,0.0016474351286888123,3645,0.0016429730458185077,0.0016427012160420418
3646,0.0016474351286888123,3646,0.0016429730458185077,0.0016427012160420418
3647,0.0016474351286888123,3647,0.0016429730458185077,0.0016427012160420418
3648,0.0016474351286888123,3648,0.0016429730458185077,0.0016427012160420418
3649,0.0016474351286888123,3649,0.0016429730458185077,0.0016427012160420418
3650,0.0016474351286888123,3650,0.0016429730458185077,0.0016427012160420418
3651,0.0016474351286888123,3651,0.0016429730458185077,0.0016427012160420418
3652,0.0016474351286888123,3652,0.0016429730458185077,0.0016427012160420418
3653,0.0016474351286888123,3653,0.0016429730458185077,0.0016427012160420418
3654,0.0016474351286888123,3654,0.0016429730458185077,0.0016427012160420418
3655,0.0016474351286888123,3655,0.0016429730458185077,0.0016427012160420418
3656,0.0016474351286888123,3656,0.0016429730458185077,0.0016427012160420418
3657,0.0016474351286888123,3657,0.0016429730458185077,0.0016427012160420418
3658,0.0016474351286888123,3658,0.0016429730458185077,0.0016427012160420418
3659,0.0016474351286888123,3659,0.0016429730458185077,0.0016427012160420418
3660,0.0016474351286888123,3660,0.0016429730458185077,0.0016427012160420418
3661,0.0016474351286888123,3661,0.0016429730458185077,0.0016427012160420418
3662,0.0016474351286888123,3662,0.0016429730458185077,0.0016427012160420418
3663,0.0016474351286888123,3663,0.0016429730458185077,0.0016427012160420418
3664,0.0016474351286888123,3664,0.0016429730458185077,0.0016427012160420418
3665,0.0016474351286888123,3665,0.0016429730458185077,0.0016427012160420418
3666,0.0016474351286888123,3666,0.0016429730458185077,0.0016427012160420418
3667,0.0016474351286888123,3667,0.0016429730458185077,0.0016427012160420418
3668,0.0016474351286888123,3668,0.0016429730458185077,0.0016427012160420418
3669,0.0016474351286888123,3669,0.0016429730458185077,0.0016427012160420418
3670,0.0016474351286888123,3670,0.0016429730458185077,0.0016427012160420418
3671,0.0016474351286888123,3671,0.0016429730458185077,0.0016427012160420418
3672,0.0016474351286888123,3672,0.0016429730458185077,0.0016427012160420418
3673,0.0016474351286888123,3673,0.0016429730458185077,0.0016427012160420418
3674,0.0016474351286888123,3674,0.0016429730458185077,0.0016427012160420418
3675,0.0016474351286888123,3675,0.0016429730458185077,0.0016427012160420418
3676,0.0016474351286888123,3676,0.0016429730458185077,0.0016427012160420418
3677,0.0016474351286888123,3677,0.0016429730458185077,0.0016427012160420418
3678,0.0016474351286888123,3678,0.0016429730458185077,0.0016427012160420418
3679,0.0016474351286888123,3679,0.0016429730458185077,0.0016427012160420418
3680,0.0016474351286888123,3680,0.0016429730458185077,0.0016427012160420418
3681,0.0016474351286888123,3681,0.0016429730458185077,0.0016427012160420418
3682,0.0016474351286888123,3682,0.0016429730458185077,0.0016427012160420418
3683,0.0016474351286888123,3683,0.0016429730458185077,0.0016427012160420418
3684,0.0016474351286888123,3684,0.0016429730458185077,0.0016427012160420418
3685,0.0016474351286888123,3685,0.0016429730458185077,0.0016427012160420418
3686,0.0016474351286888123,3686,0.0016429730458185077,0.0016427012160420418
3687,0.0016474351286888123,3687,0.0016429730458185077,0.0016427012160420418
3688,0.0016474351286888123,3688,0.0016429730458185077,0.0016427012160420418
3689,0.0016474351286888123,3689,0.0016429730458185077,0.0016427012160420418
3690,0.0016474351286888123,3690,0.0016429730458185077,0.0016427012160420418
3691,0.0016474351286888123,3691,0.0016429730458185077,0.0016427012160420418
3692,0.0016474351286888123,3692,0.0016429730458185077,0.0016427012160420418
3693,0.0016474351286888123,3693,0.0016429730458185077,0.0016427012160420418
3694,0.0016474351286888123,3694,0.0016429730458185077,0.0016427012160420418
3695,0.0016474351286888123,3695,0.0016429730458185077,0.0016427012160420418
3696,0.0016474351286888123,3696,0.0016429730458185077,0.0016427012160420418
3697,0.0016474351286888123,3697,0.0016429730458185077,0.0016427012160420418
3698,0.0016474351286888123,3698,0.0016429730458185077,0.0016427012160420418
3699,0.0016474351286888123,3699,0.0016429730458185077,0.0016427012160420418
3700,0.0016474351286888123,3700,0.0016429730458185077,0.0016427012160420418
3701,0.0016474351286888123,3701,0.0016429730458185077,0.0016427012160420418
3702,0.0016474351286888123,3702,0.0016429730458185077,0.0016427012160420418
3703,0.0016474351286888123,3703,0.0016429730458185077,0.0016427012160420418
3704,0.0016474351286888123,3704,0.0016429730458185077,0.0016427012160420418
3705,0.0016474351286888123,3705,0.0016429730458185077,0.0016427012160420418
3706,0.0016474351286888123,3706,0.0016429730458185077,0.0016427012160420418
3707,0.0016474351286888123,3707,0.0016429730458185077,0.0016427012160420418
3708,0.0016474351286888123,3708,0.0016429730458185077,0.0016427012160420418
3709,0.0016474351286888123,3709,0.0016429730458185077,0.0016427012160420418
3710,0.0016474351286888123,3710,0.0016429730458185077,0.0016427012160420418
3711,0.0016474351286888123,3711,0.0016429730458185077,0.0016427012160420418
3712,0.0016474351286888123,3712,0.0016429730458185077,0.0016427012160420418
3713,0.0016474351286888123,3713,0.0016429730458185077,0.0016427012160420418
3714,0.0016474351286888123,3714,0.0016429730458185077,0.0016427012160420418
3715,0.0016474351286888123,3715,0.0016429730458185077,0.0016427012160420418
3716,0.0016474351286888123,3716,0.0016429730458185077,0.0016427012160420418
3717,0.0016474351286888123,3717,0.0016429730458185077,0.0016427012160420418
3718,0.0016474351286888123,3718,0.0016429730458185077,0.0016427012160420418
3719,0.0016474351286888123,3719,0.0016429730458185077,0.0016427012160420418
3720,0.0016474351286888123,3720,0.0016429730458185077,0.0016427012160420418
3721,0.0016474351286888123,3721,0.0016429730458185077,0.0016427012160420418
3722,0.0016474351286888123,3722,0.0016429730458185077,0.0016427012160420418
3723,0.0016474351286888123,3723,0.0016429730458185077,0.0016427012160420418
3724,0.0016474351286888123,3724,0.0016429730458185077,0.0016427012160420418
3725,0.0016474351286888123,3725,0.0016429730458185077,0.0016427012160420418
3726,0.0016474351286888123,3726,0.0016429730458185077,0.0016427012160420418
3727,0.0016474351286888123,3727,0.0016429730458185077,0.0016427012160420418
3728,0.0016474351286888123,3728,0.0016429730458185077,0.0016427012160420418
3729,0.0016474351286888123,3729,0.0016429730458185077,0.0016427012160420418
3730,0.0016474351286888123,3730,0.0016429730458185077,0.0016427012160420418
3731,0.0016474351286888123,3731,0.0016429730458185077,0.0016427012160420418
3732,0.0016474351286888123,3732,0.0016429730458185077,0.0016427012160420418
3733,0.0016474351286888123,3733,0.0016429730458185077,0.0016427012160420418
3734,0.0016474351286888123,3734,0.0016429730458185077,0.0016427012160420418
3735,0.0016474351286888123,3735,0.0016429730458185077,0.0016427012160420418
3736,0.0016474351286888123,3736,0.0016429730458185077,0.0016427012160420418
3737,0.0016474351286888123,3737,0.0016429730458185077,0.0016427012160420418
3738,0.0016474351286888123,3738,0.0016429730458185077,0.0016427012160420418
3739,0.0016474351286888123,3739,0.0016429730458185077,0.0016427012160420418
3740,0.0016474351286888123,3740,0.0016429730458185077,0.0016427012160420418
3741,0.0016474351286888123,3741,0.0016429730458185077,0.0016427012160420418
3742,0.0016474351286888123,3742,0.0016429730458185077,0.0016427012160420418
3743,0.0016474351286888123,3743,0.0016429730458185077,0.0016427012160420418
3744,0.0016474351286888123,3744,0.0016429730458185077,0.0016427012160420418
3745,0.0016474351286888123,3745,0.0016429730458185077,0.0016427012160420418
3746,0.0016474351286888123,3746,0.0016429730458185077,0.0016427012160420418
3747,0.0016474351286888123,3747,0.0016429730458185077,0.0016427012160420418
3748,0.0016474351286888123,3748,0.0016429730458185077,0.0016427012160420418
3749,0.0016474351286888123,3749,0.0016429730458185077,0.0016427012160420418
3750,0.0016474550357088447,3750,0.001642932533286512,0.0016426382353529334
3751,0.0016474550357088447,3751,0.001642932533286512,0.0016426382353529334
3752,0.0016474550357088447,3752,0.001642932533286512,0.0016426382353529334
3753,0.0016474550357088447,3753,0.001642932533286512,0.0016426382353529334
3754,0.0016474550357088447,3754,0.001642932533286512,0.0016426382353529334
3755,0.0016474550357088447,3755,0.001642932533286512,0.0016426382353529334
3756,0.0016474550357088447,3756,0.001642932533286512,0.0016426382353529334
3757,0.0016474550357088447,3757,0.001642932533286512,0.0016426382353529334
3758,0.0016474550357088447,3758,0.001642932533286512,0.0016426382353529334
3759,0.0016474550357088447,3759,0.001642932533286512,0.0016426382353529334
3760,0.0016474550357088447,3760,0.001642932533286512,0.0016426382353529334
3761,0.0016474550357088447,3761,0.001642932533286512,0.0016426382353529334
3762,0.0016474550357088447,3762,0.001642932533286512,0.0016426382353529334
3763,0.0016474550357088447,3763,0.001642932533286512,0.0016426382353529334
3764,0.0016474550357088447,3764,0.001642932533286512,0.0016426382353529334
3765,0.0016474550357088447,3765,0.001642932533286512,0.0016426382353529334
3766,0.0016474550357088447,3766,0.001642932533286512,0.0016426382353529334
3767,0.0016474550357088447,3767,0.001642932533286512,0.0016426382353529334
3768,0.0016474550357088447,3768,0.001642932533286512,0.0016426382353529334
3769,0.0016474550357088447,3769,0.001642932533286512,0.0016426382353529334
3770,0.0016474550357088447,3770,0.001642932533286512,0.0016426382353529334
3771,0.0016474550357088447,3771,0.001642932533286512,0.0016426382353529334
3772,0.0016474550357088447,3772,0.001642932533286512,0.0016426382353529334
3773,0.0016474550357088447,3773,0.001642932533286512,0.0016426382353529334
3774,0.0016474550357088447,3774,0.001642932533286512,0.0016426382353529334
3775,0.0016474550357088447,3775,0.001642932533286512,0.0016426382353529334
3776,0.0016474550357088447,3776,0.001642932533286512,0.0016426382353529334
3777,0.0016474550357088447,3777,0.001642932533286512,0.0016426382353529334
3778,0.0016474550357088447,3778,0.001642932533286512,0.0016426382353529334
3779,0.0016474550357088447,3779,0.001642932533286512,0.0016426382353529334
3780,0.0016474550357088447,3780,0.001642932533286512,0.0016426382353529334
3781,0.0016474550357088447,3781,0.001642932533286512,0.0016426382353529334
3782,0.0016474550357088447,3782,0.001642932533286512,0.0016426382353529334
3783,0.0016474550357088447,3783,0.001642932533286512,0.0016426382353529334
3784,0.0016474550357088447,3784,0.001642932533286512,0.0016426382353529334
3785,0.0016474550357088447,3785,0.001642932533286512,0.0016426382353529334
3786,0.0016474550357088447,3786,0.001642932533286512,0.0016426382353529334
3787,0.0016474550357088447,3787,0.001642932533286512,0.0016426382353529334
3788,0.0016474550357088447,3788,0.001642932533286512,0.0016426382353529334
3789,0.0016474550357088447,3789,0.001642932533286512,0.0016426382353529334
3790,0.0016474550357088447,3790,0.001642932533286512,0.0016426382353529334
3791,0.0016474550357088447,3791,0.001642932533286512,0.0016426382353529334
3792,0.0016474550357088447,3792,0.001642932533286512,0.0016426382353529334
3793,0.0016474550357088447,3793,0.001642932533286512,0.0016426382353529334
3794,0.0016474550357088447,3794,0.001642932533286512,0.0016426382353529334
3795,0.0016474550357088447,3795,0.001642932533286512,0.0016426382353529334
3796,0.0016474550357088447,3796,0.001642932533286512,0.0016426382353529334
3797,0.0016474550357088447,3797,0.001642932533286512,0.0016426382353529334
3798,0.0016474550357088447,3798,0.001642932533286512,0.0016426382353529334
3799,0.0016474550357088447,3799,0.001642932533286512,0.0016426382353529334
3800,0.0016474550357088447,3800,0.001642932533286512,0.0016426382353529334
3801,0.0016474550357088447,3801,0.001642932533286512,0.0016426382353529334
3802,0.0016474550357088447,3802,0.001642932533286512,0.0016426382353529334
3803,0.0016474550357088447,3803,0.001642932533286512,0.0016426382353529334
3804,0.0016474550357088447,3804,0.001642932533286512,0.0016426382353529334
3805,0.0016474550357088447,3805,0.001642932533286512,0.0016426382353529334
3806,0.0016474550357088447,3806,0.001642932533286512,0.0016426382353529334
3807,0.0016474550357088447,3807,0.001642932533286512,0.0016426382353529334
3808,0.0016474550357088447,3808,0.001642932533286512,0.0016426382353529334
3809,0.0016474550357088447,3809,0.001642932533286512,0.0016426382353529334
3810,0.0016474550357088447,3810,0.001642932533286512,0.0016426382353529334
3811,0.0016474550357088447,3811,0.001642932533286512,0.0016426382353529334
3812,0.0016474550357088447,3812,0.001642932533286512,0.0016426382353529334
3813,0.0016474550357088447,3813,0.001642932533286512,0.0016426382353529334
3814,0.0016474550357088447,3814,0.001642932533286512,0.0016426382353529334
3815,0.0016474550357088447,3815,0.001642932533286512,0.0016426382353529334
3816,0.0016474550357088447,3816,0.001642932533286512,0.0016426382353529334
3817,0.0016474550357088447,3817,0.001642932533286512,0.0016426382353529334
3818,0.0016474550357088447,3818,0.001642932533286512,0.0016426382353529334
3819,0.0016474550357088447,3819,0.001642932533286512,0.0016426382353529334
3820,0.0016474550357088447,3820,0.001642932533286512,0.0016426382353529334
3821,0.0016474550357088447,3821,0.001642932533286512,0.0016426382353529334
3822,0.0016474550357088447,3822,0.001642932533286512,0.0016426382353529334
3823,0.0016474550357088447,3823,0.001642932533286512,0.0016426382353529334
3824,0.0016474550357088447,3824,0.001642932533286512,0.0016426382353529334
3825,0.0016474550357088447,3825,0.001642932533286512,0.0016426382353529334
3826,0.0016474550357088447,3826,0.001642932533286512,0.0016426382353529334
3827,0.0016474550357088447,3827,0.001642932533286512,0.0016426382353529334
3828,0.0016474550357088447,3828,0.001642932533286512,0.0016426382353529334
3829,0.0016474550357088447,3829,0.001642932533286512,0.0016426382353529334
3830,0.0016474550357088447,3830,0.001642932533286512,0.0016426382353529334
3831,0.0016474550357088447,3831,0.001642932533286512,0.0016426382353529334
3832,0.0016474550357088447,3832,0.001642932533286512,0.0016426382353529334
3833,0.0016474550357088447,3833,0.001642932533286512,0.0016426382353529334
3834,0.0016474550357088447,3834,0.001642932533286512,0.0016426382353529334
3835,0.0016474550357088447,3835,0.001642932533286512,0.0016426382353529334
3836,0.0016474550357088447,3836,0.001642932533286512,0.0016426382353529334
3837,0.0016474550357088447,3837,0.001642932533286512,0.0016426382353529334
3838,0.0016474550357088447,3838,0.001642932533286512,0.0016426382353529334
3839,0.0016474550357088447,3839,0.001642932533286512,0.0016426382353529334
3840,0.0016474550357088447,3840,0.001642932533286512,0.0016426382353529334
3841,0.0016474550357088447,3841,0.001642932533286512,0.0016426382353529334
3842,0.0016474550357088447,3842,0.001642932533286512,0.0016426382353529334
3843,0.0016474550357088447,3843,0.001642932533286512,0.0016426382353529334
3844,0.0016474550357088447,3844,0.001642932533286512,0.0016426382353529334
3845,0.0016474550357088447,3845,0.001642932533286512,0.0016426382353529334
3846,0.0016474550357088447,3846,0.001642932533286512,0.0016426382353529334
3847,0.0016474550357088447,3847,0.001642932533286512,0.0016426382353529334
3848,0.0016474550357088447,3848,0.001642932533286512,0.0016426382353529334
3849,0.0016474550357088447,3849,0.001642932533286512,0.0016426382353529334
3850,0.0016474550357088447,3850,0.001642932533286512,0.0016426382353529334
3851,0.0016474550357088447,3851,0.001642932533286512,0.0016426382353529334
3852,0.0016474550357088447,3852,0.001642932533286512,0.0016426382353529334
3853,0.0016474550357088447,3853,0.001642932533286512,0.0016426382353529334
3854,0.0016474550357088447,3854,0.001642932533286512,0.0016426382353529334
3855,0.0016474550357088447,3855,0.001642932533286512,0.0016426382353529334
3856,0.0016474550357088447,3856,0.001642932533286512,0.0016426382353529334
3857,0.0016474550357088447,3857,0.001642932533286512,0.0016426382353529334
3858,0.0016474550357088447,3858,0.001642932533286512,0.0016426382353529334
3859,0.0016474550357088447,3859,0.001642932533286512,0.0016426382353529334
3860,0.0016474550357088447,3860,0.001642932533286512,0.0016426382353529334
3861,0.0016474550357088447,3861,0.001642932533286512,0.0016426382353529334
3862,0.0016474550357088447,3862,0.001642932533286512,0.0016426382353529334
3863,0.0016474550357088447,3863,0.001642932533286512,0.0016426382353529334
3864,0.0016474550357088447,3864,0.001642932533286512,0.0016426382353529334
3865,0.0016474550357088447,3865,0.001642932533286512,0.0016426382353529334
3866,0.0016474550357088447,3866,0.001642932533286512,0.0016426382353529334
3867,0.0016474550357088447,3867,0.001642932533286512,0.0016426382353529334
3868,0.0016474550357088447,3868,0.001642932533286512,0.0016426382353529334
3869,0.0016474550357088447,3869,0.001642932533286512,0.0016426382353529334
3870,0.0016474550357088447,3870,0.001642932533286512,0.0016426382353529334
3871,0.0016474550357088447,3871,0.001642932533286512,0.0016426382353529334
3872,0.0016474550357088447,3872,0.001642932533286512,0.0016426382353529334
3873,0.0016474550357088447,3873,0.001642932533286512,0.0016426382353529334
3874,0.0016474550357088447,3874,0.001642932533286512,0.0016426382353529334
3875,0.0016474550357088447,3875,0.001642932533286512,0.0016426382353529334
3876,0.0016474550357088447,3876,0.001642932533286512,0.0016426382353529334
3877,0.0016474550357088447,3877,0.001642932533286512,0.0016426382353529334
3878,0.0016474550357088447,3878,0.001642932533286512,0.0016426382353529334
3879,0.0016474550357088447,3879,0.001642932533286512,0.0016426382353529334
3880,0.0016474550357088447,3880,0.001642932533286512,0.0016426382353529334
3881,0.0016474550357088447,3881,0.001642932533286512,0.0016426382353529334
3882,0.0016474550357088447,3882,0.001642932533286512,0.0016426382353529334
3883,0.0016474550357088447,3883,0.001642932533286512,0.0016426382353529334
3884,0.0016474550357088447,3884,0.001642932533286512,0.0016426382353529334
3885,0.0016474550357088447,3885,0.001642932533286512,0.0016426382353529334
3886,0.0016474550357088447,3886,0.001642932533286512,0.0016426382353529334
3887,0.0016474550357088447,3887,0.001642932533286512,0.0016426382353529334
3888,0.0016474550357088447,3888,0.001642932533286512,0.0016426382353529334
3889,0.0016474550357088447,3889,0.001642932533286512,0.0016426382353529334
3890,0.0016474550357088447,3890,0.001642932533286512,0.0016426382353529334
3891,0.0016474550357088447,3891,0.001642932533286512,0.0016426382353529334
3892,0.0016474550357088447,3892,0.001642932533286512,0.0016426382353529334
3893,0.0016474550357088447,3893,0.001642932533286512,0.0016426382353529334
3894,0.0016474550357088447,3894,0.001642932533286512,0.0016426382353529334
3895,0.0016474550357088447,3895,0.001642932533286512,0.0016426382353529334
3896,0.0016474550357088447,3896,0.001642932533286512,0.0016426382353529334
3897,0.0016474550357088447,3897,0.001642932533286512,0.0016426382353529334
3898,0.0016474550357088447,3898,0.001642932533286512,0.0016426382353529334
3899,0.0016474550357088447,3899,0.001642932533286512,0.0016426382353529334
3900,0.0016474550357088447,3900,0.001642932533286512,0.0016426382353529334
3901,0.0016474550357088447,3901,0.001642932533286512,0.0016426382353529334
3902,0.0016474550357088447,3902,0.001642932533286512,0.0016426382353529334
3903,0.0016474550357088447,3903,0.001642932533286512,0.0016426382353529334
3904,0.0016474550357088447,3904,0.001642932533286512,0.0016426382353529334
3905,0.0016474550357088447,3905,0.001642932533286512,0.0016426382353529334
3906,0.0016474550357088447,3906,0.001642932533286512,0.0016426382353529334
3907,0.0016474550357088447,3907,0.001642932533286512,0.0016426382353529334
3908,0.0016474550357088447,3908,0.001642932533286512,0.0016426382353529334
3909,0.0016474550357088447,3909,0.001642932533286512,0.0016426382353529334
3910,0.0016474550357088447,3910,0.001642932533286512,0.0016426382353529334
3911,0.0016474550357088447,3911,0.001642932533286512,0.0016426382353529334
3912,0.0016474550357088447,3912,0.001642932533286512,0.0016426382353529334
3913,0.0016474550357088447,3913,0.001642932533286512,0.0016426382353529334
3914,0.0016474550357088447,3914,0.001642932533286512,0.0016426382353529334
3915,0.0016474550357088447,3915,0.001642932533286512,0.0016426382353529334
3916,0.0016474550357088447,3916,0.001642932533286512,0.0016426382353529334
3917,0.0016474550357088447,3917,0.001642932533286512,0.0016426382353529334
3918,0.0016474550357088447,3918,0.001642932533286512,0.0016426382353529334
3919,0.0016474550357088447,3919,0.001642932533286512,0.0016426382353529334
3920,0.0016474550357088447,3920,0.001642932533286512,0.0016426382353529334
3921,0.0016474550357088447,3921,0.001642932533286512,0.0016426382353529334
3922,0.0016474550357088447,3922,0.001642932533286512,0.0016426382353529334
3923,0.0016474550357088447,3923,0.001642932533286512,0.0016426382353529334
3924,0.0016474550357088447,3924,0.001642932533286512,0.0016426382353529334
3925,0.0016474550357088447,3925,0.001642932533286512,0.0016426382353529334
3926,0.0016474550357088447,3926,0.001642932533286512,0.0016426382353529334
3927,0.0016474550357088447,3927,0.001642932533286512,0.0016426382353529334
3928,0.0016474550357088447,3928,0.001642932533286512,0.0016426382353529334
3929,0.0016474550357088447,3929,0.001642932533286512,0.0016426382353529334
3930,0.0016474550357088447,3930,0.001642932533286512,0.0016426382353529334
3931,0.0016474550357088447,3931,0.001642932533286512,0.0016426382353529334
3932,0.0016474550357088447,3932,0.001642932533286512,0.0016426382353529334
3933,0.0016474550357088447,3933,0.001642932533286512,0.0016426382353529334
3934,0.0016474550357088447,3934,0.001642932533286512,0.0016426382353529334
3935,0.0016474550357088447,3935,0.001642932533286512,0.0016426382353529334
3936,0.0016474550357088447,3936,0.001642932533286512,0.0016426382353529334
3937,0.0016474550357088447,3937,0.001642932533286512,0.0016426382353529334
3938,0.0016474550357088447,3938,0.001642932533286512,0.0016426382353529334
3939,0.0016474550357088447,3939,0.001642932533286512,0.0016426382353529334
3940,0.0016474550357088447,3940,0.001642932533286512,0.0016426382353529334
3941,0.0016474550357088447,3941,0.001642932533286512,0.0016426382353529334
3942,0.0016474550357088447,3942,0.001642932533286512,0.0016426382353529334
3943,0.0016474550357088447,3943,0.001642932533286512,0.0016426382353529334
3944,0.0016474550357088447,3944,0.001642932533286512,0.0016426382353529334
3945,0.0016474550357088447,3945,0.001642932533286512,0.0016426382353529334
3946,0.0016474550357088447,3946,0.001642932533286512,0.0016426382353529334
3947,0.0016474550357088447,3947,0.001642932533286512,0.0016426382353529334
3948,0.0016474550357088447,3948,0.001642932533286512,0.0016426382353529334
3949,0.0016474550357088447,3949,0.001642932533286512,0.0016426382353529334
3950,0.0016474550357088447,3950,0.001642932533286512,0.0016426382353529334
3951,0.0016474550357088447,3951,0.001642932533286512,0.0016426382353529334
3952,0.0016474550357088447,3952,0.001642932533286512,0.0016426382353529334
3953,0.0016474550357088447,3953,0.001642932533286512,0.0016426382353529334
3954,0.0016474550357088447,3954,0.001642932533286512,0.0016426382353529334
3955,0.0016474550357088447,3955,0.001642932533286512,0.0016426382353529334
3956,0.0016474550357088447,3956,0.001642932533286512,0.0016426382353529334
3957,0.0016474550357088447,3957,0.001642932533286512,0.0016426382353529334
3958,0.0016474550357088447,3958,0.001642932533286512,0.0016426382353529334
3959,0.0016474550357088447,3959,0.001642932533286512,0.0016426382353529334
3960,0.0016474550357088447,3960,0.001642932533286512,0.0016426382353529334
3961,0.0016474550357088447,3961,0.001642932533286512,0.0016426382353529334
3962,0.0016474550357088447,3962,0.001642932533286512,0.0016426382353529334
3963,0.0016474550357088447,3963,0.001642932533286512,0.0016426382353529334
3964,0.0016474550357088447,3964,0.001642932533286512,0.0016426382353529334
3965,0.0016474550357088447,3965,0.001642932533286512,0.0016426382353529334
3966,0.0016474550357088447,3966,0.001642932533286512,0.0016426382353529334
3967,0.0016474550357088447,3967,0.001642932533286512,0.0016426382353529334
3968,0.0016474550357088447,3968,0.001642932533286512,0.0016426382353529334
3969,0.0016474550357088447,3969,0.001642932533286512,0.0016426382353529334
3970,0.0016474550357088447,3970,0.001642932533286512,0.0016426382353529334
3971,0.0016474550357088447,3971,0.001642932533286512,0.0016426382353529334
3972,0.0016474550357088447,3972,0.001642932533286512,0.0016426382353529334
3973,0.0016474550357088447,3973,0.001642932533286512,0.0016426382353529334
3974,0.0016474550357088447,3974,0.001642932533286512,0.0016426382353529334
3975,0.0016474550357088447,3975,0.001642932533286512,0.0016426382353529334
3976,0.0016474550357088447,3976,0.001642932533286512,0.0016426382353529334
3977,0.0016474550357088447,3977,0.001642932533286512,0.0016426382353529334
3978,0.0016474550357088447,3978,0.001642932533286512,0.0016426382353529334
3979,0.0016474550357088447,3979,0.001642932533286512,0.0016426382353529334
3980,0.0016474550357088447,3980,0.001642932533286512,0.0016426382353529334
3981,0.0016474550357088447,3981,0.001642932533286512,0.0016426382353529334
3982,0.0016474550357088447,3982,0.001642932533286512,0.0016426382353529334
3983,0.0016474550357088447,3983,0.001642932533286512,0.0016426382353529334
3984,0.0016474550357088447,3984,0.001642932533286512,0.0016426382353529334
3985,0.0016474550357088447,3985,0.001642932533286512,0.0016426382353529334
3986,0.0016474550357088447,3986,0.001642932533286512,0.0016426382353529334
3987,0.0016474550357088447,3987,0.001642932533286512,0.0016426382353529334
3988,0.0016474550357088447,3988,0.001642932533286512,0.0016426382353529334
3989,0.0016474550357088447,3989,0.001642932533286512,0.0016426382353529334
3990,0.0016474550357088447,3990,0.001642932533286512,0.0016426382353529334
3991,0.0016474550357088447,3991,0.001642932533286512,0.0016426382353529334
3992,0.0016474550357088447,3992,0.001642932533286512,0.0016426382353529334
3993,0.0016474550357088447,3993,0.001642932533286512,0.0016426382353529334
3994,0.0016474550357088447,3994,0.001642932533286512,0.0016426382353529334
3995,0.0016474550357088447,3995,0.001642932533286512,0.0016426382353529334
3996,0.0016474550357088447,3996,0.001642932533286512,0.0016426382353529334
3997,0.0016474550357088447,3997,0.001642932533286512,0.0016426382353529334
3998,0.0016474550357088447,3998,0.001642932533286512,0.0016426382353529334
3999,0.0016474550357088447,3999,0.001642932533286512,0.0016426382353529334
4000,0.0016474974108859897,4000,0.0016429333481937647,0.0016426362562924623
4001,0.0016474974108859897,4001,0.0016429333481937647,0.0016426362562924623
4002,0.0016474974108859897,4002,0.0016429333481937647,0.0016426362562924623
4003,0.0016474974108859897,4003,0.0016429333481937647,0.0016426362562924623
4004,0.0016474974108859897,4004,0.0016429333481937647,0.0016426362562924623
4005,0.0016474974108859897,4005,0.0016429333481937647,0.0016426362562924623
4006,0.0016474974108859897,4006,0.0016429333481937647,0.0016426362562924623
4007,0.0016474974108859897,4007,0.0016429333481937647,0.0016426362562924623
4008,0.0016474974108859897,4008,0.0016429333481937647,0.0016426362562924623
4009,0.0016474974108859897,4009,0.0016429333481937647,0.0016426362562924623
4010,0.0016474974108859897,4010,0.0016429333481937647,0.0016426362562924623
4011,0.0016474974108859897,4011,0.0016429333481937647,0.0016426362562924623
4012,0.0016474974108859897,4012,0.0016429333481937647,0.0016426362562924623
4013,0.0016474974108859897,4013,0.0016429333481937647,0.0016426362562924623
4014,0.0016474974108859897,4014,0.0016429333481937647,0.0016426362562924623
4015,0.0016474974108859897,4015,0.0016429333481937647,0.0016426362562924623
4016,0.0016474974108859897,4016,0.0016429333481937647,0.0016426362562924623
4017,0.0016474974108859897,4017,0.0016429333481937647,0.0016426362562924623
4018,0.0016474974108859897,4018,0.0016429333481937647,0.0016426362562924623
4019,0.0016474974108859897,4019,0.0016429333481937647,0.0016426362562924623
4020,0.0016474974108859897,4020,0.0016429333481937647,0.0016426362562924623
4021,0.0016474974108859897,4021,0.0016429333481937647,0.0016426362562924623
4022,0.0016474974108859897,4022,0.0016429333481937647,0.0016426362562924623
4023,0.0016474974108859897,4023,0.0016429333481937647,0.0016426362562924623
4024,0.0016474974108859897,4024,0.0016429333481937647,0.0016426362562924623
4025,0.0016474974108859897,4025,0.0016429333481937647,0.0016426362562924623
4026,0.0016474974108859897,4026,0.0016429333481937647,0.0016426362562924623
4027,0.0016474974108859897,4027,0.0016429333481937647,0.0016426362562924623
4028,0.0016474974108859897,4028,0.0016429333481937647,0.0016426362562924623
4029,0.0016474974108859897,4029,0.0016429333481937647,0.0016426362562924623
4030,0.0016474974108859897,4030,0.0016429333481937647,0.0016426362562924623
4031,0.0016474974108859897,4031,0.0016429333481937647,0.0016426362562924623
4032,0.0016474974108859897,4032,0.0016429333481937647,0.0016426362562924623
4033,0.0016474974108859897,4033,0.0016429333481937647,0.0016426362562924623
4034,0.0016474974108859897,4034,0.0016429333481937647,0.0016426362562924623
4035,0.0016474974108859897,4035,0.0016429333481937647,0.0016426362562924623
4036,0.0016474974108859897,4036,0.0016429333481937647,0.0016426362562924623
4037,0.0016474974108859897,4037,0.0016429333481937647,0.0016426362562924623
4038,0.0016474974108859897,4038,0.0016429333481937647,0.0016426362562924623
4039,0.0016474974108859897,4039,0.0016429333481937647,0.0016426362562924623
4040,0.0016474974108859897,4040,0.0016429333481937647,0.0016426362562924623
4041,0.0016474974108859897,4041,0.0016429333481937647,0.0016426362562924623
4042,0.0016474974108859897,4042,0.0016429333481937647,0.0016426362562924623
4043,0.0016474974108859897,4043,0.0016429333481937647,0.0016426362562924623
4044,0.0016474974108859897,4044,0.0016429333481937647,0.0016426362562924623
4045,0.0016474974108859897,4045,0.0016429333481937647,0.0016426362562924623
4046,0.0016474974108859897,4046,0.0016429333481937647,0.0016426362562924623
4047,0.0016474974108859897,4047,0.0016429333481937647,0.0016426362562924623
4048,0.0016474974108859897,4048,0.0016429333481937647,0.0016426362562924623
4049,0.0016474974108859897,4049,0.0016429333481937647,0.0016426362562924623
4050,0.0016474974108859897,4050,0.0016429333481937647,0.0016426362562924623
4051,0.0016474974108859897,4051,0.0016429333481937647,0.0016426362562924623
4052,0.0016474974108859897,4052,0.0016429333481937647,0.0016426362562924623
4053,0.0016474974108859897,4053,0.0016429333481937647,0.0016426362562924623
4054,0.0016474974108859897,4054,0.0016429333481937647,0.0016426362562924623
4055,0.0016474974108859897,4055,0.0016429333481937647,0.0016426362562924623
4056,0.0016474974108859897,4056,0.0016429333481937647,0.0016426362562924623
4057,0.0016474974108859897,4057,0.0016429333481937647,0.0016426362562924623
4058,0.0016474974108859897,4058,0.0016429333481937647,0.0016426362562924623
4059,0.0016474974108859897,4059,0.0016429333481937647,0.0016426362562924623
4060,0.0016474974108859897,4060,0.0016429333481937647,0.0016426362562924623
4061,0.0016474974108859897,4061,0.0016429333481937647,0.0016426362562924623
4062,0.0016474974108859897,4062,0.0016429333481937647,0.0016426362562924623
4063,0.0016474974108859897,4063,0.0016429333481937647,0.0016426362562924623
4064,0.0016474974108859897,4064,0.0016429333481937647,0.0016426362562924623
4065,0.0016474974108859897,4065,0.0016429333481937647,0.0016426362562924623
4066,0.0016474974108859897,4066,0.0016429333481937647,0.0016426362562924623
4067,0.0016474974108859897,4067,0.0016429333481937647,0.0016426362562924623
4068,0.0016474974108859897,4068,0.0016429333481937647,0.0016426362562924623
4069,0.0016474974108859897,4069,0.0016429333481937647,0.0016426362562924623
4070,0.0016474974108859897,4070,0.0016429333481937647,0.0016426362562924623
4071,0.0016474974108859897,4071,0.0016429333481937647,0.0016426362562924623
4072,0.0016474974108859897,4072,0.0016429333481937647,0.0016426362562924623
4073,0.0016474974108859897,4073,0.0016429333481937647,0.0016426362562924623
4074,0.0016474974108859897,4074,0.0016429333481937647,0.0016426362562924623
4075,0.0016474974108859897,4075,0.0016429333481937647,0.0016426362562924623
4076,0.0016474974108859897,4076,0.0016429333481937647,0.0016426362562924623
4077,0.0016474974108859897,4077,0.0016429333481937647,0.0016426362562924623
4078,0.0016474974108859897,4078,0.0016429333481937647,0.0016426362562924623
4079,0.0016474974108859897,4079,0.0016429333481937647,0.0016426362562924623
4080,0.0016474974108859897,4080,0.0016429333481937647,0.0016426362562924623
4081,0.0016474974108859897,4081,0.0016429333481937647,0.0016426362562924623
4082,0.0016474974108859897,4082,0.0016429333481937647,0.0016426362562924623
4083,0.0016474974108859897,4083,0.0016429333481937647,0.0016426362562924623
4084,0.0016474974108859897,4084,0.0016429333481937647,0.0016426362562924623
4085,0.0016474974108859897,4085,0.0016429333481937647,0.0016426362562924623
4086,0.0016474974108859897,4086,0.0016429333481937647,0.0016426362562924623
4087,0.0016474974108859897,4087,0.0016429333481937647,0.0016426362562924623
4088,0.0016474974108859897,4088,0.0016429333481937647,0.0016426362562924623
4089,0.0016474974108859897,4089,0.0016429333481937647,0.0016426362562924623
4090,0.0016474974108859897,4090,0.0016429333481937647,0.0016426362562924623
4091,0.0016474974108859897,4091,0.0016429333481937647,0.0016426362562924623
4092,0.0016474974108859897,4092,0.0016429333481937647,0.0016426362562924623
4093,0.0016474974108859897,4093,0.0016429333481937647,0.0016426362562924623
4094,0.0016474974108859897,4094,0.0016429333481937647,0.0016426362562924623
4095,0.0016474974108859897,4095,0.0016429333481937647,0.0016426362562924623
4096,0.0016474974108859897,4096,0.0016429333481937647,0.0016426362562924623
4097,0.0016474974108859897,4097,0.0016429333481937647,0.0016426362562924623
4098,0.0016474974108859897,4098,0.0016429333481937647,0.0016426362562924623
4099,0.0016474974108859897,4099,0.0016429333481937647,0.0016426362562924623
4100,0.0016474974108859897,4100,0.0016429333481937647,0.0016426362562924623
4101,0.0016474974108859897,4101,0.0016429333481937647,0.0016426362562924623
4102,0.0016474974108859897,4102,0.0016429333481937647,0.0016426362562924623
4103,0.0016474974108859897,4103,0.0016429333481937647,0.0016426362562924623
4104,0.0016474974108859897,4104,0.0016429333481937647,0.0016426362562924623
4105,0.0016474974108859897,4105,0.0016429333481937647,0.0016426362562924623
4106,0.0016474974108859897,4106,0.0016429333481937647,0.0016426362562924623
4107,0.0016474974108859897,4107,0.0016429333481937647,0.0016426362562924623
4108,0.0016474974108859897,4108,0.0016429333481937647,0.0016426362562924623
4109,0.0016474974108859897,4109,0.0016429333481937647,0.0016426362562924623
4110,0.0016474974108859897,4110,0.0016429333481937647,0.0016426362562924623
4111,0.0016474974108859897,4111,0.0016429333481937647,0.0016426362562924623
4112,0.0016474974108859897,4112,0.0016429333481937647,0.0016426362562924623
4113,0.0016474974108859897,4113,0.0016429333481937647,0.0016426362562924623
4114,0.0016474974108859897,4114,0.0016429333481937647,0.0016426362562924623
4115,0.0016474974108859897,4115,0.0016429333481937647,0.0016426362562924623
4116,0.0016474974108859897,4116,0.0016429333481937647,0.0016426362562924623
4117,0.0016474974108859897,4117,0.0016429333481937647,0.0016426362562924623
4118,0.0016474974108859897,4118,0.0016429333481937647,0.0016426362562924623
4119,0.0016474974108859897,4119,0.0016429333481937647,0.0016426362562924623
4120,0.0016474974108859897,4120,0.0016429333481937647,0.0016426362562924623
4121,0.0016474974108859897,4121,0.0016429333481937647,0.0016426362562924623
4122,0.0016474974108859897,4122,0.0016429333481937647,0.0016426362562924623
4123,0.0016474974108859897,4123,0.0016429333481937647,0.0016426362562924623
4124,0.0016474974108859897,4124,0.0016429333481937647,0.0016426362562924623
4125,0.0016474974108859897,4125,0.0016429333481937647,0.0016426362562924623
4126,0.0016474974108859897,4126,0.0016429333481937647,0.0016426362562924623
4127,0.0016474974108859897,4127,0.0016429333481937647,0.0016426362562924623
4128,0.0016474974108859897,4128,0.0016429333481937647,0.0016426362562924623
4129,0.0016474974108859897,4129,0.0016429333481937647,0.0016426362562924623
4130,0.0016474974108859897,4130,0.0016429333481937647,0.0016426362562924623
4131,0.0016474974108859897,4131,0.0016429333481937647,0.0016426362562924623
4132,0.0016474974108859897,4132,0.0016429333481937647,0.0016426362562924623
4133,0.0016474974108859897,4133,0.0016429333481937647,0.0016426362562924623
4134,0.0016474974108859897,4134,0.0016429333481937647,0.0016426362562924623
4135,0.0016474974108859897,4135,0.0016429333481937647,0.0016426362562924623
4136,0.0016474974108859897,4136,0.0016429333481937647,0.0016426362562924623
4137,0.0016474974108859897,4137,0.0016429333481937647,0.0016426362562924623
4138,0.0016474974108859897,4138,0.0016429333481937647,0.0016426362562924623
4139,0.0016474974108859897,4139,0.0016429333481937647,0.0016426362562924623
4140,0.0016474974108859897,4140,0.0016429333481937647,0.0016426362562924623
4141,0.0016474974108859897,4141,0.0016429333481937647,0.0016426362562924623
4142,0.0016474974108859897,4142,0.0016429333481937647,0.0016426362562924623
4143,0.0016474974108859897,4143,0.0016429333481937647,0.0016426362562924623
4144,0.0016474974108859897,4144,0.0016429333481937647,0.0016426362562924623
4145,0.0016474974108859897,4145,0.0016429333481937647,0.0016426362562924623
4146,0.0016474974108859897,4146,0.0016429333481937647,0.0016426362562924623
4147,0.0016474974108859897,4147,0.0016429333481937647,0.0016426362562924623
4148,0.0016474974108859897,4148,0.0016429333481937647,0.0016426362562924623
4149,0.0016474974108859897,4149,0.0016429333481937647,0.0016426362562924623
4150,0.0016474974108859897,4150,0.0016429333481937647,0.0016426362562924623
4151,0.0016474974108859897,4151,0.0016429333481937647,0.0016426362562924623
4152,0.0016474974108859897,4152,0.0016429333481937647,0.0016426362562924623
4153,0.0016474974108859897,4153,0.0016429333481937647,0.0016426362562924623
4154,0.0016474974108859897,4154,0.0016429333481937647,0.0016426362562924623
4155,0.0016474974108859897,4155,0.0016429333481937647,0.0016426362562924623
4156,0.0016474974108859897,4156,0.0016429333481937647,0.0016426362562924623
4157,0.0016474974108859897,4157,0.0016429333481937647,0.0016426362562924623
4158,0.0016474974108859897,4158,0.0016429333481937647,0.0016426362562924623
4159,0.0016474974108859897,4159,0.0016429333481937647,0.0016426362562924623
4160,0.0016474974108859897,4160,0.0016429333481937647,0.0016426362562924623
4161,0.0016474974108859897,4161,0.0016429333481937647,0.0016426362562924623
4162,0.0016474974108859897,4162,0.0016429333481937647,0.0016426362562924623
4163,0.0016474974108859897,4163,0.0016429333481937647,0.0016426362562924623
4164,0.0016474974108859897,4164,0.0016429333481937647,0.0016426362562924623
4165,0.0016474974108859897,4165,0.0016429333481937647,0.0016426362562924623
4166,0.0016474974108859897,4166,0.0016429333481937647,0.0016426362562924623
4167,0.0016474974108859897,4167,0.0016429333481937647,0.0016426362562924623
4168,0.0016474974108859897,4168,0.0016429333481937647,0.0016426362562924623
4169,0.0016474974108859897,4169,0.0016429333481937647,0.0016426362562924623
4170,0.0016474974108859897,4170,0.0016429333481937647,0.0016426362562924623
4171,0.0016474974108859897,4171,0.0016429333481937647,0.0016426362562924623
4172,0.0016474974108859897,4172,0.0016429333481937647,0.0016426362562924623
4173,0.0016474974108859897,4173,0.0016429333481937647,0.0016426362562924623
4174,0.0016474974108859897,4174,0.0016429333481937647,0.0016426362562924623
4175,0.0016474974108859897,4175,0.0016429333481937647,0.0016426362562924623
4176,0.0016474974108859897,4176,0.0016429333481937647,0.0016426362562924623
4177,0.0016474974108859897,4177,0.0016429333481937647,0.0016426362562924623
4178,0.0016474974108859897,4178,0.0016429333481937647,0.0016426362562924623
4179,0.0016474974108859897,4179,0.0016429333481937647,0.0016426362562924623
4180,0.0016474974108859897,4180,0.0016429333481937647,0.0016426362562924623
4181,0.0016474974108859897,4181,0.0016429333481937647,0.0016426362562924623
4182,0.0016474974108859897,4182,0.0016429333481937647,0.0016426362562924623
4183,0.0016474974108859897,4183,0.0016429333481937647,0.0016426362562924623
4184,0.0016474974108859897,4184,0.0016429333481937647,0.0016426362562924623
4185,0.0016474974108859897,4185,0.0016429333481937647,0.0016426362562924623
4186,0.0016474974108859897,4186,0.0016429333481937647,0.0016426362562924623
4187,0.0016474974108859897,4187,0.0016429333481937647,0.0016426362562924623
4188,0.0016474974108859897,4188,0.0016429333481937647,0.0016426362562924623
4189,0.0016474974108859897,4189,0.0016429333481937647,0.0016426362562924623
4190,0.0016474974108859897,4190,0.0016429333481937647,0.0016426362562924623
4191,0.0016474974108859897,4191,0.0016429333481937647,0.0016426362562924623
4192,0.0016474974108859897,4192,0.0016429333481937647,0.0016426362562924623
4193,0.0016474974108859897,4193,0.0016429333481937647,0.0016426362562924623
4194,0.0016474974108859897,4194,0.0016429333481937647,0.0016426362562924623
4195,0.0016474974108859897,4195,0.0016429333481937647,0.0016426362562924623
4196,0.0016474974108859897,4196,0.0016429333481937647,0.0016426362562924623
4197,0.0016474974108859897,4197,0.0016429333481937647,0.0016426362562924623
4198,0.0016474974108859897,4198,0.0016429333481937647,0.0016426362562924623
4199,0.0016474974108859897,4199,0.0016429333481937647,0.0016426362562924623
4200,0.0016474974108859897,4200,0.0016429333481937647,0.0016426362562924623
4201,0.0016474974108859897,4201,0.0016429333481937647,0.0016426362562924623
4202,0.0016474974108859897,4202,0.0016429333481937647,0.0016426362562924623
4203,0.0016474974108859897,4203,0.0016429333481937647,0.0016426362562924623
4204,0.0016474974108859897,4204,0.0016429333481937647,0.0016426362562924623
4205,0.0016474974108859897,4205,0.0016429333481937647,0.0016426362562924623
4206,0.0016474974108859897,4206,0.0016429333481937647,0.0016426362562924623
4207,0.0016474974108859897,4207,0.0016429333481937647,0.0016426362562924623
4208,0.0016474974108859897,4208,0.0016429333481937647,0.0016426362562924623
4209,0.0016474974108859897,4209,0.0016429333481937647,0.0016426362562924623
4210,0.0016474974108859897,4210,0.0016429333481937647,0.0016426362562924623
4211,0.0016474974108859897,4211,0.0016429333481937647,0.0016426362562924623
4212,0.0016474974108859897,4212,0.0016429333481937647,0.0016426362562924623
4213,0.0016474974108859897,4213,0.0016429333481937647,0.0016426362562924623
4214,0.0016474974108859897,4214,0.0016429333481937647,0.0016426362562924623
4215,0.0016474974108859897,4215,0.0016429333481937647,0.0016426362562924623
4216,0.0016474974108859897,4216,0.0016429333481937647,0.0016426362562924623
4217,0.0016474974108859897,4217,0.0016429333481937647,0.0016426362562924623
4218,0.0016474974108859897,4218,0.0016429333481937647,0.0016426362562924623
4219,0.0016474974108859897,4219,0.0016429333481937647,0.0016426362562924623
4220,0.0016474974108859897,4220,0.0016429333481937647,0.0016426362562924623
4221,0.0016474974108859897,4221,0.0016429333481937647,0.0016426362562924623
4222,0.0016474974108859897,4222,0.0016429333481937647,0.0016426362562924623
4223,0.0016474974108859897,4223,0.0016429333481937647,0.0016426362562924623
4224,0.0016474974108859897,4224,0.0016429333481937647,0.0016426362562924623
4225,0.0016474974108859897,4225,0.0016429333481937647,0.0016426362562924623
4226,0.0016474974108859897,4226,0.0016429333481937647,0.0016426362562924623
4227,0.0016474974108859897,4227,0.0016429333481937647,0.0016426362562924623
4228,0.0016474974108859897,4228,0.0016429333481937647,0.0016426362562924623
4229,0.0016474974108859897,4229,0.0016429333481937647,0.0016426362562924623
4230,0.0016474974108859897,4230,0.0016429333481937647,0.0016426362562924623
4231,0.0016474974108859897,4231,0.0016429333481937647,0.0016426362562924623
4232,0.0016474974108859897,4232,0.0016429333481937647,0.0016426362562924623
4233,0.0016474974108859897,4233,0.0016429333481937647,0.0016426362562924623
4234,0.0016474974108859897,4234,0.0016429333481937647,0.0016426362562924623
4235,0.0016474974108859897,4235,0.0016429333481937647,0.0016426362562924623
4236,0.0016474974108859897,4236,0.0016429333481937647,0.0016426362562924623
4237,0.0016474974108859897,4237,0.0016429333481937647,0.0016426362562924623
4238,0.0016474974108859897,4238,0.0016429333481937647,0.0016426362562924623
4239,0.0016474974108859897,4239,0.0016429333481937647,0.0016426362562924623
4240,0.0016474974108859897,4240,0.0016429333481937647,0.0016426362562924623
4241,0.0016474974108859897,4241,0.0016429333481937647,0.0016426362562924623
4242,0.0016474974108859897,4242,0.0016429333481937647,0.0016426362562924623
4243,0.0016474974108859897,4243,0.0016429333481937647,0.0016426362562924623
4244,0.0016474974108859897,4244,0.0016429333481937647,0.0016426362562924623
4245,0.0016474974108859897,4245,0.0016429333481937647,0.0016426362562924623
4246,0.0016474974108859897,4246,0.0016429333481937647,0.0016426362562924623
4247,0.0016474974108859897,4247,0.0016429333481937647,0.0016426362562924623
4248,0.0016474974108859897,4248,0.0016429333481937647,0.0016426362562924623
4249,0.0016474974108859897,4249,0.0016429333481937647,0.0016426362562924623
4250,0.0016475338488817215,4250,0.0016429326497018337,0.0016426420770585537
4251,0.0016475338488817215,4251,0.0016429326497018337,0.0016426420770585537
4252,0.0016475338488817215,4252,0.0016429326497018337,0.0016426420770585537
4253,0.0016475338488817215,4253,0.0016429326497018337,0.0016426420770585537
4254,0.0016475338488817215,4254,0.0016429326497018337,0.0016426420770585537
4255,0.0016475338488817215,4255,0.0016429326497018337,0.0016426420770585537
4256,0.0016475338488817215,4256,0.0016429326497018337,0.0016426420770585537
4257,0.0016475338488817215,4257,0.0016429326497018337,0.0016426420770585537
4258,0.0016475338488817215,4258,0.0016429326497018337,0.0016426420770585537
4259,0.0016475338488817215,4259,0.0016429326497018337,0.0016426420770585537
4260,0.0016475338488817215,4260,0.0016429326497018337,0.0016426420770585537
4261,0.0016475338488817215,4261,0.0016429326497018337,0.0016426420770585537
4262,0.0016475338488817215,4262,0.0016429326497018337,0.0016426420770585537
4263,0.0016475338488817215,4263,0.0016429326497018337,0.0016426420770585537
4264,0.0016475338488817215,4264,0.0016429326497018337,0.0016426420770585537
4265,0.0016475338488817215,4265,0.0016429326497018337,0.0016426420770585537
4266,0.0016475338488817215,4266,0.0016429326497018337,0.0016426420770585537
4267,0.0016475338488817215,4267,0.0016429326497018337,0.0016426420770585537
4268,0.0016475338488817215,4268,0.0016429326497018337,0.0016426420770585537
4269,0.0016475338488817215,4269,0.0016429326497018337,0.0016426420770585537
4270,0.0016475338488817215,4270,0.0016429326497018337,0.0016426420770585537
4271,0.0016475338488817215,4271,0.0016429326497018337,0.0016426420770585537
4272,0.0016475338488817215,4272,0.0016429326497018337,0.0016426420770585537
4273,0.0016475338488817215,4273,0.0016429326497018337,0.0016426420770585537
4274,0.0016475338488817215,4274,0.0016429326497018337,0.0016426420770585537
4275,0.0016475338488817215,4275,0.0016429326497018337,0.0016426420770585537
4276,0.0016475338488817215,4276,0.0016429326497018337,0.0016426420770585537
4277,0.0016475338488817215,4277,0.0016429326497018337,0.0016426420770585537
4278,0.0016475338488817215,4278,0.0016429326497018337,0.0016426420770585537
4279,0.0016475338488817215,4279,0.0016429326497018337,0.0016426420770585537
4280,0.0016475338488817215,4280,0.0016429326497018337,0.0016426420770585537
4281,0.0016475338488817215,4281,0.0016429326497018337,0.0016426420770585537
4282,0.0016475338488817215,4282,0.0016429326497018337,0.0016426420770585537
4283,0.0016475338488817215,4283,0.0016429326497018337,0.0016426420770585537
4284,0.0016475338488817215,4284,0.0016429326497018337,0.0016426420770585537
4285,0.0016475338488817215,4285,0.0016429326497018337,0.0016426420770585537
4286,0.0016475338488817215,4286,0.0016429326497018337,0.0016426420770585537
4287,0.0016475338488817215,4287,0.0016429326497018337,0.0016426420770585537
4288,0.0016475338488817215,4288,0.0016429326497018337,0.0016426420770585537
4289,0.0016475338488817215,4289,0.0016429326497018337,0.0016426420770585537
4290,0.0016475338488817215,4290,0.0016429326497018337,0.0016426420770585537
4291,0.0016475338488817215,4291,0.0016429326497018337,0.0016426420770585537
4292,0.0016475338488817215,4292,0.0016429326497018337,0.0016426420770585537
4293,0.0016475338488817215,4293,0.0016429326497018337,0.0016426420770585537
4294,0.0016475338488817215,4294,0.0016429326497018337,0.0016426420770585537
4295,0.0016475338488817215,4295,0.0016429326497018337,0.0016426420770585537
4296,0.0016475338488817215,4296,0.0016429326497018337,0.0016426420770585537
4297,0.0016475338488817215,4297,0.0016429326497018337,0.0016426420770585537
4298,0.0016475338488817215,4298,0.0016429326497018337,0.0016426420770585537
4299,0.0016475338488817215,4299,0.0016429326497018337,0.0016426420770585537
4300,0.0016475338488817215,4300,0.0016429326497018337,0.0016426420770585537
4301,0.0016475338488817215,4301,0.0016429326497018337,0.0016426420770585537
4302,0.0016475338488817215,4302,0.0016429326497018337,0.0016426420770585537
4303,0.0016475338488817215,4303,0.0016429326497018337,0.0016426420770585537
4304,0.0016475338488817215,4304,0.0016429326497018337,0.0016426420770585537
4305,0.0016475338488817215,4305,0.0016429326497018337,0.0016426420770585537
4306,0.0016475338488817215,4306,0.0016429326497018337,0.0016426420770585537
4307,0.0016475338488817215,4307,0.0016429326497018337,0.0016426420770585537
4308,0.0016475338488817215,4308,0.0016429326497018337,0.0016426420770585537
4309,0.0016475338488817215,4309,0.0016429326497018337,0.0016426420770585537
4310,0.0016475338488817215,4310,0.0016429326497018337,0.0016426420770585537
4311,0.0016475338488817215,4311,0.0016429326497018337,0.0016426420770585537
4312,0.0016475338488817215,4312,0.0016429326497018337,0.0016426420770585537
4313,0.0016475338488817215,4313,0.0016429326497018337,0.0016426420770585537
4314,0.0016475338488817215,4314,0.0016429326497018337,0.0016426420770585537
4315,0.0016475338488817215,4315,0.0016429326497018337,0.0016426420770585537
4316,0.0016475338488817215,4316,0.0016429326497018337,0.0016426420770585537
4317,0.0016475338488817215,4317,0.0016429326497018337,0.0016426420770585537
4318,0.0016475338488817215,4318,0.0016429326497018337,0.0016426420770585537
4319,0.0016475338488817215,4319,0.0016429326497018337,0.0016426420770585537
4320,0.0016475338488817215,4320,0.0016429326497018337,0.0016426420770585537
4321,0.0016475338488817215,4321,0.0016429326497018337,0.0016426420770585537
4322,0.0016475338488817215,4322,0.0016429326497018337,0.0016426420770585537
4323,0.0016475338488817215,4323,0.0016429326497018337,0.0016426420770585537
4324,0.0016475338488817215,4324,0.0016429326497018337,0.0016426420770585537
4325,0.0016475338488817215,4325,0.0016429326497018337,0.0016426420770585537
4326,0.0016475338488817215,4326,0.0016429326497018337,0.0016426420770585537
4327,0.0016475338488817215,4327,0.0016429326497018337,0.0016426420770585537
4328,0.0016475338488817215,4328,0.0016429326497018337,0.0016426420770585537
4329,0.0016475338488817215,4329,0.0016429326497018337,0.0016426420770585537
4330,0.0016475338488817215,4330,0.0016429326497018337,0.0016426420770585537
4331,0.0016475338488817215,4331,0.0016429326497018337,0.0016426420770585537
4332,0.0016475338488817215,4332,0.0016429326497018337,0.0016426420770585537
4333,0.0016475338488817215,4333,0.0016429326497018337,0.0016426420770585537
4334,0.0016475338488817215,4334,0.0016429326497018337,0.0016426420770585537
4335,0.0016475338488817215,4335,0.0016429326497018337,0.0016426420770585537
4336,0.0016475338488817215,4336,0.0016429326497018337,0.0016426420770585537
4337,0.0016475338488817215,4337,0.0016429326497018337,0.0016426420770585537
4338,0.0016475338488817215,4338,0.0016429326497018337,0.0016426420770585537
4339,0.0016475338488817215,4339,0.0016429326497018337,0.0016426420770585537
4340,0.0016475338488817215,4340,0.0016429326497018337,0.0016426420770585537
4341,0.0016475338488817215,4341,0.0016429326497018337,0.0016426420770585537
4342,0.0016475338488817215,4342,0.0016429326497018337,0.0016426420770585537
4343,0.0016475338488817215,4343,0.0016429326497018337,0.0016426420770585537
4344,0.0016475338488817215,4344,0.0016429326497018337,0.0016426420770585537
4345,0.0016475338488817215,4345,0.0016429326497018337,0.0016426420770585537
4346,0.0016475338488817215,4346,0.0016429326497018337,0.0016426420770585537
4347,0.0016475338488817215,4347,0.0016429326497018337,0.0016426420770585537
4348,0.0016475338488817215,4348,0.0016429326497018337,0.0016426420770585537
4349,0.0016475338488817215,4349,0.0016429326497018337,0.0016426420770585537
4350,0.0016475338488817215,4350,0.0016429326497018337,0.0016426420770585537
4351,0.0016475338488817215,4351,0.0016429326497018337,0.0016426420770585537
4352,0.0016475338488817215,4352,0.0016429326497018337,0.0016426420770585537
4353,0.0016475338488817215,4353,0.0016429326497018337,0.0016426420770585537
4354,0.0016475338488817215,4354,0.0016429326497018337,0.0016426420770585537
4355,0.0016475338488817215,4355,0.0016429326497018337,0.0016426420770585537
4356,0.0016475338488817215,4356,0.0016429326497018337,0.0016426420770585537
4357,0.0016475338488817215,4357,0.0016429326497018337,0.0016426420770585537
4358,0.0016475338488817215,4358,0.0016429326497018337,0.0016426420770585537
4359,0.0016475338488817215,4359,0.0016429326497018337,0.0016426420770585537
4360,0.0016475338488817215,4360,0.0016429326497018337,0.0016426420770585537
4361,0.0016475338488817215,4361,0.0016429326497018337,0.0016426420770585537
4362,0.0016475338488817215,4362,0.0016429326497018337,0.0016426420770585537
4363,0.0016475338488817215,4363,0.0016429326497018337,0.0016426420770585537
4364,0.0016475338488817215,4364,0.0016429326497018337,0.0016426420770585537
4365,0.0016475338488817215,4365,0.0016429326497018337,0.0016426420770585537
4366,0.0016475338488817215,4366,0.0016429326497018337,0.0016426420770585537
4367,0.0016475338488817215,4367,0.0016429326497018337,0.0016426420770585537
4368,0.0016475338488817215,4368,0.0016429326497018337,0.0016426420770585537
4369,0.0016475338488817215,4369,0.0016429326497018337,0.0016426420770585537
4370,0.0016475338488817215,4370,0.0016429326497018337,0.0016426420770585537
4371,0.0016475338488817215,4371,0.0016429326497018337,0.0016426420770585537
4372,0.0016475338488817215,4372,0.0016429326497018337,0.0016426420770585537
4373,0.0016475338488817215,4373,0.0016429326497018337,0.0016426420770585537
4374,0.0016475338488817215,4374,0.0016429326497018337,0.0016426420770585537
4375,0.0016475338488817215,4375,0.0016429326497018337,0.0016426420770585537
4376,0.0016475338488817215,4376,0.0016429326497018337,0.0016426420770585537
4377,0.0016475338488817215,4377,0.0016429326497018337,0.0016426420770585537
4378,0.0016475338488817215,4378,0.0016429326497018337,0.0016426420770585537
4379,0.0016475338488817215,4379,0.0016429326497018337,0.0016426420770585537
4380,0.0016475338488817215,4380,0.0016429326497018337,0.0016426420770585537
4381,0.0016475338488817215,4381,0.0016429326497018337,0.0016426420770585537
4382,0.0016475338488817215,4382,0.0016429326497018337,0.0016426420770585537
4383,0.0016475338488817215,4383,0.0016429326497018337,0.0016426420770585537
4384,0.0016475338488817215,4384,0.0016429326497018337,0.0016426420770585537
4385,0.0016475338488817215,4385,0.0016429326497018337,0.0016426420770585537
4386,0.0016475338488817215,4386,0.0016429326497018337,0.0016426420770585537
4387,0.0016475338488817215,4387,0.0016429326497018337,0.0016426420770585537
4388,0.0016475338488817215,4388,0.0016429326497018337,0.0016426420770585537
4389,0.0016475338488817215,4389,0.0016429326497018337,0.0016426420770585537
4390,0.0016475338488817215,4390,0.0016429326497018337,0.0016426420770585537
4391,0.0016475338488817215,4391,0.0016429326497018337,0.0016426420770585537
4392,0.0016475338488817215,4392,0.0016429326497018337,0.0016426420770585537
4393,0.0016475338488817215,4393,0.0016429326497018337,0.0016426420770585537
4394,0.0016475338488817215,4394,0.0016429326497018337,0.0016426420770585537
4395,0.0016475338488817215,4395,0.0016429326497018337,0.0016426420770585537
4396,0.0016475338488817215,4396,0.0016429326497018337,0.0016426420770585537
4397,0.0016475338488817215,4397,0.0016429326497018337,0.0016426420770585537
4398,0.0016475338488817215,4398,0.0016429326497018337,0.0016426420770585537
4399,0.0016475338488817215,4399,0.0016429326497018337,0.0016426420770585537
4400,0.0016475338488817215,4400,0.0016429326497018337,0.0016426420770585537
4401,0.0016475338488817215,4401,0.0016429326497018337,0.0016426420770585537
4402,0.0016475338488817215,4402,0.0016429326497018337,0.0016426420770585537
4403,0.0016475338488817215,4403,0.0016429326497018337,0.0016426420770585537
4404,0.0016475338488817215,4404,0.0016429326497018337,0.0016426420770585537
4405,0.0016475338488817215,4405,0.0016429326497018337,0.0016426420770585537
4406,0.0016475338488817215,4406,0.0016429326497018337,0.0016426420770585537
4407,0.0016475338488817215,4407,0.0016429326497018337,0.0016426420770585537
4408,0.0016475338488817215,4408,0.0016429326497018337,0.0016426420770585537
4409,0.0016475338488817215,4409,0.0016429326497018337,0.0016426420770585537
4410,0.0016475338488817215,4410,0.0016429326497018337,0.0016426420770585537
4411,0.0016475338488817215,4411,0.0016429326497018337,0.0016426420770585537
4412,0.0016475338488817215,4412,0.0016429326497018337,0.0016426420770585537
4413,0.0016475338488817215,4413,0.0016429326497018337,0.0016426420770585537
4414,0.0016475338488817215,4414,0.0016429326497018337,0.0016426420770585537
4415,0.0016475338488817215,4415,0.0016429326497018337,0.0016426420770585537
4416,0.0016475338488817215,4416,0.0016429326497018337,0.0016426420770585537
4417,0.0016475338488817215,4417,0.0016429326497018337,0.0016426420770585537
4418,0.0016475338488817215,4418,0.0016429326497018337,0.0016426420770585537
4419,0.0016475338488817215,4419,0.0016429326497018337,0.0016426420770585537
4420,0.0016475338488817215,4420,0.0016429326497018337,0.0016426420770585537
4421,0.0016475338488817215,4421,0.0016429326497018337,0.0016426420770585537
4422,0.0016475338488817215,4422,0.0016429326497018337,0.0016426420770585537
4423,0.0016475338488817215,4423,0.0016429326497018337,0.0016426420770585537
4424,0.0016475338488817215,4424,0.0016429326497018337,0.0016426420770585537
4425,0.0016475338488817215,4425,0.0016429326497018337,0.0016426420770585537
4426,0.0016475338488817215,4426,0.0016429326497018337,0.0016426420770585537
4427,0.0016475338488817215,4427,0.0016429326497018337,0.0016426420770585537
4428,0.0016475338488817215,4428,0.0016429326497018337,0.0016426420770585537
4429,0.0016475338488817215,4429,0.0016429326497018337,0.0016426420770585537
4430,0.0016475338488817215,4430,0.0016429326497018337,0.0016426420770585537
4431,0.0016475338488817215,4431,0.0016429326497018337,0.0016426420770585537
4432,0.0016475338488817215,4432,0.0016429326497018337,0.0016426420770585537
4433,0.0016475338488817215,4433,0.0016429326497018337,0.0016426420770585537
4434,0.0016475338488817215,4434,0.0016429326497018337,0.0016426420770585537
4435,0.0016475338488817215,4435,0.0016429326497018337,0.0016426420770585537
4436,0.0016475338488817215,4436,0.0016429326497018337,0.0016426420770585537
4437,0.0016475338488817215,4437,0.0016429326497018337,0.0016426420770585537
4438,0.0016475338488817215,4438,0.0016429326497018337,0.0016426420770585537
4439,0.0016475338488817215,4439,0.0016429326497018337,0.0016426420770585537
4440,0.0016475338488817215,4440,0.0016429326497018337,0.0016426420770585537
4441,0.0016475338488817215,4441,0.0016429326497018337,0.0016426420770585537
4442,0.0016475338488817215,4442,0.0016429326497018337,0.0016426420770585537
4443,0.0016475338488817215,4443,0.0016429326497018337,0.0016426420770585537
4444,0.0016475338488817215,4444,0.0016429326497018337,0.0016426420770585537
4445,0.0016475338488817215,4445,0.0016429326497018337,0.0016426420770585537
4446,0.0016475338488817215,4446,0.0016429326497018337,0.0016426420770585537
4447,0.0016475338488817215,4447,0.0016429326497018337,0.0016426420770585537
4448,0.0016475338488817215,4448,0.0016429326497018337,0.0016426420770585537
4449,0.0016475338488817215,4449,0.0016429326497018337,0.0016426420770585537
4450,0.0016475338488817215,4450,0.0016429326497018337,0.0016426420770585537
4451,0.0016475338488817215,4451,0.0016429326497018337,0.0016426420770585537
4452,0.0016475338488817215,4452,0.0016429326497018337,0.0016426420770585537
4453,0.0016475338488817215,4453,0.0016429326497018337,0.0016426420770585537
4454,0.0016475338488817215,4454,0.0016429326497018337,0.0016426420770585537
4455,0.0016475338488817215,4455,0.0016429326497018337,0.0016426420770585537
4456,0.0016475338488817215,4456,0.0016429326497018337,0.0016426420770585537
4457,0.0016475338488817215,4457,0.0016429326497018337,0.0016426420770585537
4458,0.0016475338488817215,4458,0.0016429326497018337,0.0016426420770585537
4459,0.0016475338488817215,4459,0.0016429326497018337,0.0016426420770585537
4460,0.0016475338488817215,4460,0.0016429326497018337,0.0016426420770585537
4461,0.0016475338488817215,4461,0.0016429326497018337,0.0016426420770585537
4462,0.0016475338488817215,4462,0.0016429326497018337,0.0016426420770585537
4463,0.0016475338488817215,4463,0.0016429326497018337,0.0016426420770585537
4464,0.0016475338488817215,4464,0.0016429326497018337,0.0016426420770585537
4465,0.0016475338488817215,4465,0.0016429326497018337,0.0016426420770585537
4466,0.0016475338488817215,4466,0.0016429326497018337,0.0016426420770585537
4467,0.0016475338488817215,4467,0.0016429326497018337,0.0016426420770585537
4468,0.0016475338488817215,4468,0.0016429326497018337,0.0016426420770585537
4469,0.0016475338488817215,4469,0.0016429326497018337,0.0016426420770585537
4470,0.0016475338488817215,4470,0.0016429326497018337,0.0016426420770585537
4471,0.0016475338488817215,4471,0.0016429326497018337,0.0016426420770585537
4472,0.0016475338488817215,4472,0.0016429326497018337,0.0016426420770585537
4473,0.0016475338488817215,4473,0.0016429326497018337,0.0016426420770585537
4474,0.0016475338488817215,4474,0.0016429326497018337,0.0016426420770585537
4475,0.0016475338488817215,4475,0.0016429326497018337,0.0016426420770585537
4476,0.0016475338488817215,4476,0.0016429326497018337,0.0016426420770585537
4477,0.0016475338488817215,4477,0.0016429326497018337,0.0016426420770585537
4478,0.0016475338488817215,4478,0.0016429326497018337,0.0016426420770585537
4479,0.0016475338488817215,4479,0.0016429326497018337,0.0016426420770585537
4480,0.0016475338488817215,4480,0.0016429326497018337,0.0016426420770585537
4481,0.0016475338488817215,4481,0.0016429326497018337,0.0016426420770585537
4482,0.0016475338488817215,4482,0.0016429326497018337,0.0016426420770585537
4483,0.0016475338488817215,4483,0.0016429326497018337,0.0016426420770585537
4484,0.0016475338488817215,4484,0.0016429326497018337,0.0016426420770585537
4485,0.0016475338488817215,4485,0.0016429326497018337,0.0016426420770585537
4486,0.0016475338488817215,4486,0.0016429326497018337,0.0016426420770585537
4487,0.0016475338488817215,4487,0.0016429326497018337,0.0016426420770585537
4488,0.0016475338488817215,4488,0.0016429326497018337,0.0016426420770585537
4489,0.0016475338488817215,4489,0.0016429326497018337,0.0016426420770585537
4490,0.0016475338488817215,4490,0.0016429326497018337,0.0016426420770585537
4491,0.0016475338488817215,4491,0.0016429326497018337,0.0016426420770585537
4492,0.0016475338488817215,4492,0.0016429326497018337,0.0016426420770585537
4493,0.0016475338488817215,4493,0.0016429326497018337,0.0016426420770585537
4494,0.0016475338488817215,4494,0.0016429326497018337,0.0016426420770585537
4495,0.0016475338488817215,4495,0.0016429326497018337,0.0016426420770585537
4496,0.0016475338488817215,4496,0.0016429326497018337,0.0016426420770585537
4497,0.0016475338488817215,4497,0.0016429326497018337,0.0016426420770585537
4498,0.0016475338488817215,4498,0.0016429326497018337,0.0016426420770585537
4499,0.0016475338488817215,4499,0.0016429326497018337,0.0016426420770585537
4500,0.0016476408345624804,4500,0.001642974209971726,0.0016426348593086004
4501,0.0016476408345624804,4501,0.001642974209971726,0.0016426348593086004
4502,0.0016476408345624804,4502,0.001642974209971726,0.0016426348593086004
4503,0.0016476408345624804,4503,0.001642974209971726,0.0016426348593086004
4504,0.0016476408345624804,4504,0.001642974209971726,0.0016426348593086004
4505,0.0016476408345624804,4505,0.001642974209971726,0.0016426348593086004
4506,0.0016476408345624804,4506,0.001642974209971726,0.0016426348593086004
4507,0.0016476408345624804,4507,0.001642974209971726,0.0016426348593086004
4508,0.0016476408345624804,4508,0.001642974209971726,0.0016426348593086004
4509,0.0016476408345624804,4509,0.001642974209971726,0.0016426348593086004
4510,0.0016476408345624804,4510,0.001642974209971726,0.0016426348593086004
4511,0.0016476408345624804,4511,0.001642974209971726,0.0016426348593086004
4512,0.0016476408345624804,4512,0.001642974209971726,0.0016426348593086004
4513,0.0016476408345624804,4513,0.001642974209971726,0.0016426348593086004
4514,0.0016476408345624804,4514,0.001642974209971726,0.0016426348593086004
4515,0.0016476408345624804,4515,0.001642974209971726,0.0016426348593086004
4516,0.0016476408345624804,4516,0.001642974209971726,0.0016426348593086004
4517,0.0016476408345624804,4517,0.001642974209971726,0.0016426348593086004
4518,0.0016476408345624804,4518,0.001642974209971726,0.0016426348593086004
4519,0.0016476408345624804,4519,0.001642974209971726,0.0016426348593086004
4520,0.0016476408345624804,4520,0.001642974209971726,0.0016426348593086004
4521,0.0016476408345624804,4521,0.001642974209971726,0.0016426348593086004
4522,0.0016476408345624804,4522,0.001642974209971726,0.0016426348593086004
4523,0.0016476408345624804,4523,0.001642974209971726,0.0016426348593086004
4524,0.0016476408345624804,4524,0.001642974209971726,0.0016426348593086004
4525,0.0016476408345624804,4525,0.001642974209971726,0.0016426348593086004
4526,0.0016476408345624804,4526,0.001642974209971726,0.0016426348593086004
4527,0.0016476408345624804,4527,0.001642974209971726,0.0016426348593086004
4528,0.0016476408345624804,4528,0.001642974209971726,0.0016426348593086004
4529,0.0016476408345624804,4529,0.001642974209971726,0.0016426348593086004
4530,0.0016476408345624804,4530,0.001642974209971726,0.0016426348593086004
4531,0.0016476408345624804,4531,0.001642974209971726,0.0016426348593086004
4532,0.0016476408345624804,4532,0.001642974209971726,0.0016426348593086004
4533,0.0016476408345624804,4533,0.001642974209971726,0.0016426348593086004
4534,0.0016476408345624804,4534,0.001642974209971726,0.0016426348593086004
4535,0.0016476408345624804,4535,0.001642974209971726,0.0016426348593086004
4536,0.0016476408345624804,4536,0.001642974209971726,0.0016426348593086004
4537,0.0016476408345624804,4537,0.001642974209971726,0.0016426348593086004
4538,0.0016476408345624804,4538,0.001642974209971726,0.0016426348593086004
4539,0.0016476408345624804,4539,0.001642974209971726,0.0016426348593086004
4540,0.0016476408345624804,4540,0.001642974209971726,0.0016426348593086004
4541,0.0016476408345624804,4541,0.001642974209971726,0.0016426348593086004
4542,0.0016476408345624804,4542,0.001642974209971726,0.0016426348593086004
4543,0.0016476408345624804,4543,0.001642974209971726,0.0016426348593086004
4544,0.0016476408345624804,4544,0.001642974209971726,0.0016426348593086004
4545,0.0016476408345624804,4545,0.001642974209971726,0.0016426348593086004
4546,0.0016476408345624804,4546,0.001642974209971726,0.0016426348593086004
4547,0.0016476408345624804,4547,0.001642974209971726,0.0016426348593086004
4548,0.0016476408345624804,4548,0.001642974209971726,0.0016426348593086004
4549,0.0016476408345624804,4549,0.001642974209971726,0.0016426348593086004
4550,0.0016476408345624804,4550,0.001642974209971726,0.0016426348593086004
4551,0.0016476408345624804,4551,0.001642974209971726,0.0016426348593086004
4552,0.0016476408345624804,4552,0.001642974209971726,0.0016426348593086004
4553,0.0016476408345624804,4553,0.001642974209971726,0.0016426348593086004
4554,0.0016476408345624804,4554,0.001642974209971726,0.0016426348593086004
4555,0.0016476408345624804,4555,0.001642974209971726,0.0016426348593086004
4556,0.0016476408345624804,4556,0.001642974209971726,0.0016426348593086004
4557,0.0016476408345624804,4557,0.001642974209971726,0.0016426348593086004
4558,0.0016476408345624804,4558,0.001642974209971726,0.0016426348593086004
4559,0.0016476408345624804,4559,0.001642974209971726,0.0016426348593086004
4560,0.0016476408345624804,4560,0.001642974209971726,0.0016426348593086004
4561,0.0016476408345624804,4561,0.001642974209971726,0.0016426348593086004
4562,0.0016476408345624804,4562,0.001642974209971726,0.0016426348593086004
4563,0.0016476408345624804,4563,0.001642974209971726,0.0016426348593086004
4564,0.0016476408345624804,4564,0.001642974209971726,0.0016426348593086004
4565,0.0016476408345624804,4565,0.001642974209971726,0.0016426348593086004
4566,0.0016476408345624804,4566,0.001642974209971726,0.0016426348593086004
4567,0.0016476408345624804,4567,0.001642974209971726,0.0016426348593086004
4568,0.0016476408345624804,4568,0.001642974209971726,0.0016426348593086004
4569,0.0016476408345624804,4569,0.001642974209971726,0.0016426348593086004
4570,0.0016476408345624804,4570,0.001642974209971726,0.0016426348593086004
4571,0.0016476408345624804,4571,0.001642974209971726,0.0016426348593086004
4572,0.0016476408345624804,4572,0.001642974209971726,0.0016426348593086004
4573,0.0016476408345624804,4573,0.001642974209971726,0.0016426348593086004
4574,0.0016476408345624804,4574,0.001642974209971726,0.0016426348593086004
4575,0.0016476408345624804,4575,0.001642974209971726,0.0016426348593086004
4576,0.0016476408345624804,4576,0.001642974209971726,0.0016426348593086004
4577,0.0016476408345624804,4577,0.001642974209971726,0.0016426348593086004
4578,0.0016476408345624804,4578,0.001642974209971726,0.0016426348593086004
4579,0.0016476408345624804,4579,0.001642974209971726,0.0016426348593086004
4580,0.0016476408345624804,4580,0.001642974209971726,0.0016426348593086004
4581,0.0016476408345624804,4581,0.001642974209971726,0.0016426348593086004
4582,0.0016476408345624804,4582,0.001642974209971726,0.0016426348593086004
4583,0.0016476408345624804,4583,0.001642974209971726,0.0016426348593086004
4584,0.0016476408345624804,4584,0.001642974209971726,0.0016426348593086004
4585,0.0016476408345624804,4585,0.001642974209971726,0.0016426348593086004
4586,0.0016476408345624804,4586,0.001642974209971726,0.0016426348593086004
4587,0.0016476408345624804,4587,0.001642974209971726,0.0016426348593086004
4588,0.0016476408345624804,4588,0.001642974209971726,0.0016426348593086004
4589,0.0016476408345624804,4589,0.001642974209971726,0.0016426348593086004
4590,0.0016476408345624804,4590,0.001642974209971726,0.0016426348593086004
4591,0.0016476408345624804,4591,0.001642974209971726,0.0016426348593086004
4592,0.0016476408345624804,4592,0.001642974209971726,0.0016426348593086004
4593,0.0016476408345624804,4593,0.001642974209971726,0.0016426348593086004
4594,0.0016476408345624804,4594,0.001642974209971726,0.0016426348593086004
4595,0.0016476408345624804,4595,0.001642974209971726,0.0016426348593086004
4596,0.0016476408345624804,4596,0.001642974209971726,0.0016426348593086004
4597,0.0016476408345624804,4597,0.001642974209971726,0.0016426348593086004
4598,0.0016476408345624804,4598,0.001642974209971726,0.0016426348593086004
4599,0.0016476408345624804,4599,0.001642974209971726,0.0016426348593086004
4600,0.0016476408345624804,4600,0.001642974209971726,0.0016426348593086004
4601,0.0016476408345624804,4601,0.001642974209971726,0.0016426348593086004
4602,0.0016476408345624804,4602,0.001642974209971726,0.0016426348593086004
4603,0.0016476408345624804,4603,0.001642974209971726,0.0016426348593086004
4604,0.0016476408345624804,4604,0.001642974209971726,0.0016426348593086004
4605,0.0016476408345624804,4605,0.001642974209971726,0.0016426348593086004
4606,0.0016476408345624804,4606,0.001642974209971726,0.0016426348593086004
4607,0.0016476408345624804,4607,0.001642974209971726,0.0016426348593086004
4608,0.0016476408345624804,4608,0.001642974209971726,0.0016426348593086004
4609,0.0016476408345624804,4609,0.001642974209971726,0.0016426348593086004
4610,0.0016476408345624804,4610,0.001642974209971726,0.0016426348593086004
4611,0.0016476408345624804,4611,0.001642974209971726,0.0016426348593086004
4612,0.0016476408345624804,4612,0.001642974209971726,0.0016426348593086004
4613,0.0016476408345624804,4613,0.001642974209971726,0.0016426348593086004
4614,0.0016476408345624804,4614,0.001642974209971726,0.0016426348593086004
4615,0.0016476408345624804,4615,0.001642974209971726,0.0016426348593086004
4616,0.0016476408345624804,4616,0.001642974209971726,0.0016426348593086004
4617,0.0016476408345624804,4617,0.001642974209971726,0.0016426348593086004
4618,0.0016476408345624804,4618,0.001642974209971726,0.0016426348593086004
4619,0.0016476408345624804,4619,0.001642974209971726,0.0016426348593086004
4620,0.0016476408345624804,4620,0.001642974209971726,0.0016426348593086004
4621,0.0016476408345624804,4621,0.001642974209971726,0.0016426348593086004
4622,0.0016476408345624804,4622,0.001642974209971726,0.0016426348593086004
4623,0.0016476408345624804,4623,0.001642974209971726,0.0016426348593086004
4624,0.0016476408345624804,4624,0.001642974209971726,0.0016426348593086004
4625,0.0016476408345624804,4625,0.001642974209971726,0.0016426348593086004
4626,0.0016476408345624804,4626,0.001642974209971726,0.0016426348593086004
4627,0.0016476408345624804,4627,0.001642974209971726,0.0016426348593086004
4628,0.0016476408345624804,4628,0.001642974209971726,0.0016426348593086004
4629,0.0016476408345624804,4629,0.001642974209971726,0.0016426348593086004
4630,0.0016476408345624804,4630,0.001642974209971726,0.0016426348593086004
4631,0.0016476408345624804,4631,0.001642974209971726,0.0016426348593086004
4632,0.0016476408345624804,4632,0.001642974209971726,0.0016426348593086004
4633,0.0016476408345624804,4633,0.001642974209971726,0.0016426348593086004
4634,0.0016476408345624804,4634,0.001642974209971726,0.0016426348593086004
4635,0.0016476408345624804,4635,0.001642974209971726,0.0016426348593086004
4636,0.0016476408345624804,4636,0.001642974209971726,0.0016426348593086004
4637,0.0016476408345624804,4637,0.001642974209971726,0.0016426348593086004
4638,0.0016476408345624804,4638,0.001642974209971726,0.0016426348593086004
4639,0.0016476408345624804,4639,0.001642974209971726,0.0016426348593086004
4640,0.0016476408345624804,4640,0.001642974209971726,0.0016426348593086004
4641,0.0016476408345624804,4641,0.001642974209971726,0.0016426348593086004
4642,0.0016476408345624804,4642,0.001642974209971726,0.0016426348593086004
4643,0.0016476408345624804,4643,0.001642974209971726,0.0016426348593086004
4644,0.0016476408345624804,4644,0.001642974209971726,0.0016426348593086004
4645,0.0016476408345624804,4645,0.001642974209971726,0.0016426348593086004
4646,0.0016476408345624804,4646,0.001642974209971726,0.0016426348593086004
4647,0.0016476408345624804,4647,0.001642974209971726,0.0016426348593086004
4648,0.0016476408345624804,4648,0.001642974209971726,0.0016426348593086004
4649,0.0016476408345624804,4649,0.001642974209971726,0.0016426348593086004
4650,0.0016476408345624804,4650,0.001642974209971726,0.0016426348593086004
4651,0.0016476408345624804,4651,0.001642974209971726,0.0016426348593086004
4652,0.0016476408345624804,4652,0.001642974209971726,0.0016426348593086004
4653,0.0016476408345624804,4653,0.001642974209971726,0.0016426348593086004
4654,0.0016476408345624804,4654,0.001642974209971726,0.0016426348593086004
4655,0.0016476408345624804,4655,0.001642974209971726,0.0016426348593086004
4656,0.0016476408345624804,4656,0.001642974209971726,0.0016426348593086004
4657,0.0016476408345624804,4657,0.001642974209971726,0.0016426348593086004
4658,0.0016476408345624804,4658,0.001642974209971726,0.0016426348593086004
4659,0.0016476408345624804,4659,0.001642974209971726,0.0016426348593086004
4660,0.0016476408345624804,4660,0.001642974209971726,0.0016426348593086004
4661,0.0016476408345624804,4661,0.001642974209971726,0.0016426348593086004
4662,0.0016476408345624804,4662,0.001642974209971726,0.0016426348593086004
4663,0.0016476408345624804,4663,0.001642974209971726,0.0016426348593086004
4664,0.0016476408345624804,4664,0.001642974209971726,0.0016426348593086004
4665,0.0016476408345624804,4665,0.001642974209971726,0.0016426348593086004
4666,0.0016476408345624804,4666,0.001642974209971726,0.0016426348593086004
4667,0.0016476408345624804,4667,0.001642974209971726,0.0016426348593086004
4668,0.0016476408345624804,4668,0.001642974209971726,0.0016426348593086004
4669,0.0016476408345624804,4669,0.001642974209971726,0.0016426348593086004
4670,0.0016476408345624804,4670,0.001642974209971726,0.0016426348593086004
4671,0.0016476408345624804,4671,0.001642974209971726,0.0016426348593086004
4672,0.0016476408345624804,4672,0.001642974209971726,0.0016426348593086004
4673,0.0016476408345624804,4673,0.001642974209971726,0.0016426348593086004
4674,0.0016476408345624804,4674,0.001642974209971726,0.0016426348593086004
4675,0.0016476408345624804,4675,0.001642974209971726,0.0016426348593086004
4676,0.0016476408345624804,4676,0.001642974209971726,0.0016426348593086004
4677,0.0016476408345624804,4677,0.001642974209971726,0.0016426348593086004
4678,0.0016476408345624804,4678,0.001642974209971726,0.0016426348593086004
4679,0.0016476408345624804,4679,0.001642974209971726,0.0016426348593086004
4680,0.0016476408345624804,4680,0.001642974209971726,0.0016426348593086004
4681,0.0016476408345624804,4681,0.001642974209971726,0.0016426348593086004
4682,0.0016476408345624804,4682,0.001642974209971726,0.0016426348593086004
4683,0.0016476408345624804,4683,0.001642974209971726,0.0016426348593086004
4684,0.0016476408345624804,4684,0.001642974209971726,0.0016426348593086004
4685,0.0016476408345624804,4685,0.001642974209971726,0.0016426348593086004
4686,0.0016476408345624804,4686,0.001642974209971726,0.0016426348593086004
4687,0.0016476408345624804,4687,0.001642974209971726,0.0016426348593086004
4688,0.0016476408345624804,4688,0.001642974209971726,0.0016426348593086004
4689,0.0016476408345624804,4689,0.001642974209971726,0.0016426348593086004
4690,0.0016476408345624804,4690,0.001642974209971726,0.0016426348593086004
4691,0.0016476408345624804,4691,0.001642974209971726,0.0016426348593086004
4692,0.0016476408345624804,4692,0.001642974209971726,0.0016426348593086004
4693,0.0016476408345624804,4693,0.001642974209971726,0.0016426348593086004
4694,0.0016476408345624804,4694,0.001642974209971726,0.0016426348593086004
4695,0.0016476408345624804,4695,0.001642974209971726,0.0016426348593086004
4696,0.0016476408345624804,4696,0.001642974209971726,0.0016426348593086004
4697,0.0016476408345624804,4697,0.001642974209971726,0.0016426348593086004
4698,0.0016476408345624804,4698,0.001642974209971726,0.0016426348593086004
4699,0.0016476408345624804,4699,0.001642974209971726,0.0016426348593086004
4700,0.0016476408345624804,4700,0.001642974209971726,0.0016426348593086004
4701,0.0016476408345624804,4701,0.001642974209971726,0.0016426348593086004
4702,0.0016476408345624804,4702,0.001642974209971726,0.0016426348593086004
4703,0.0016476408345624804,4703,0.001642974209971726,0.0016426348593086004
4704,0.0016476408345624804,4704,0.001642974209971726,0.0016426348593086004
4705,0.0016476408345624804,4705,0.001642974209971726,0.0016426348593086004
4706,0.0016476408345624804,4706,0.001642974209971726,0.0016426348593086004
4707,0.0016476408345624804,4707,0.001642974209971726,0.0016426348593086004
4708,0.0016476408345624804,4708,0.001642974209971726,0.0016426348593086004
4709,0.0016476408345624804,4709,0.001642974209971726,0.0016426348593086004
4710,0.0016476408345624804,4710,0.001642974209971726,0.0016426348593086004
4711,0.0016476408345624804,4711,0.001642974209971726,0.0016426348593086004
4712,0.0016476408345624804,4712,0.001642974209971726,0.0016426348593086004
4713,0.0016476408345624804,4713,0.001642974209971726,0.0016426348593086004
4714,0.0016476408345624804,4714,0.001642974209971726,0.0016426348593086004
4715,0.0016476408345624804,4715,0.001642974209971726,0.0016426348593086004
4716,0.0016476408345624804,4716,0.001642974209971726,0.0016426348593086004
4717,0.0016476408345624804,4717,0.001642974209971726,0.0016426348593086004
4718,0.0016476408345624804,4718,0.001642974209971726,0.0016426348593086004
4719,0.0016476408345624804,4719,0.001642974209971726,0.0016426348593086004
4720,0.0016476408345624804,4720,0.001642974209971726,0.0016426348593086004
4721,0.0016476408345624804,4721,0.001642974209971726,0.0016426348593086004
4722,0.0016476408345624804,4722,0.001642974209971726,0.0016426348593086004
4723,0.0016476408345624804,4723,0.001642974209971726,0.0016426348593086004
4724,0.0016476408345624804,4724,0.001642974209971726,0.0016426348593086004
4725,0.0016476408345624804,4725,0.001642974209971726,0.0016426348593086004
4726,0.0016476408345624804,4726,0.001642974209971726,0.0016426348593086004
4727,0.0016476408345624804,4727,0.001642974209971726,0.0016426348593086004
4728,0.0016476408345624804,4728,0.001642974209971726,0.0016426348593086004
4729,0.0016476408345624804,4729,0.001642974209971726,0.0016426348593086004
4730,0.0016476408345624804,4730,0.001642974209971726,0.0016426348593086004
4731,0.0016476408345624804,4731,0.001642974209971726,0.0016426348593086004
4732,0.0016476408345624804,4732,0.001642974209971726,0.0016426348593086004
4733,0.0016476408345624804,4733,0.001642974209971726,0.0016426348593086004
4734,0.0016476408345624804,4734,0.001642974209971726,0.0016426348593086004
4735,0.0016476408345624804,4735,0.001642974209971726,0.0016426348593086004
4736,0.0016476408345624804,4736,0.001642974209971726,0.0016426348593086004
4737,0.0016476408345624804,4737,0.001642974209971726,0.0016426348593086004
4738,0.0016476408345624804,4738,0.001642974209971726,0.0016426348593086004
4739,0.0016476408345624804,4739,0.001642974209971726,0.0016426348593086004
4740,0.0016476408345624804,4740,0.001642974209971726,0.0016426348593086004
4741,0.0016476408345624804,4741,0.001642974209971726,0.0016426348593086004
4742,0.0016476408345624804,4742,0.001642974209971726,0.0016426348593086004
4743,0.0016476408345624804,4743,0.001642974209971726,0.0016426348593086004
4744,0.0016476408345624804,4744,0.001642974209971726,0.0016426348593086004
4745,0.0016476408345624804,4745,0.001642974209971726,0.0016426348593086004
4746,0.0016476408345624804,4746,0.001642974209971726,0.0016426348593086004
4747,0.0016476408345624804,4747,0.001642974209971726,0.0016426348593086004
4748,0.0016476408345624804,4748,0.001642974209971726,0.0016426348593086004
4749,0.0016476408345624804,4749,0.001642974209971726,0.0016426348593086004
4750,0.0016475756419822574,4750,0.0016429341631010175,0.0016426310176029801
4751,0.0016475756419822574,4751,0.0016429341631010175,0.0016426310176029801
4752,0.0016475756419822574,4752,0.0016429341631010175,0.0016426310176029801
4753,0.0016475756419822574,4753,0.0016429341631010175,0.0016426310176029801
4754,0.0016475756419822574,4754,0.0016429341631010175,0.0016426310176029801
4755,0.0016475756419822574,4755,0.0016429341631010175,0.0016426310176029801
4756,0.0016475756419822574,4756,0.0016429341631010175,0.0016426310176029801
4757,0.0016475756419822574,4757,0.0016429341631010175,0.0016426310176029801
4758,0.0016475756419822574,4758,0.0016429341631010175,0.0016426310176029801
4759,0.0016475756419822574,4759,0.0016429341631010175,0.0016426310176029801
4760,0.0016475756419822574,4760,0.0016429341631010175,0.0016426310176029801
4761,0.0016475756419822574,4761,0.0016429341631010175,0.0016426310176029801
4762,0.0016475756419822574,4762,0.0016429341631010175,0.0016426310176029801
4763,0.0016475756419822574,4763,0.0016429341631010175,0.0016426310176029801
4764,0.0016475756419822574,4764,0.0016429341631010175,0.0016426310176029801
4765,0.0016475756419822574,4765,0.0016429341631010175,0.0016426310176029801
4766,0.0016475756419822574,4766,0.0016429341631010175,0.0016426310176029801
4767,0.0016475756419822574,4767,0.0016429341631010175,0.0016426310176029801
4768,0.0016475756419822574,4768,0.0016429341631010175,0.0016426310176029801
4769,0.0016475756419822574,4769,0.0016429341631010175,0.0016426310176029801
4770,0.0016475756419822574,4770,0.0016429341631010175,0.0016426310176029801
4771,0.0016475756419822574,4771,0.0016429341631010175,0.0016426310176029801
4772,0.0016475756419822574,4772,0.0016429341631010175,0.0016426310176029801
4773,0.0016475756419822574,4773,0.0016429341631010175,0.0016426310176029801
4774,0.0016475756419822574,4774,0.0016429341631010175,0.0016426310176029801
4775,0.0016475756419822574,4775,0.0016429341631010175,0.0016426310176029801
4776,0.0016475756419822574,4776,0.0016429341631010175,0.0016426310176029801
4777,0.0016475756419822574,4777,0.0016429341631010175,0.0016426310176029801
4778,0.0016475756419822574,4778,0.0016429341631010175,0.0016426310176029801
4779,0.0016475756419822574,4779,0.0016429341631010175,0.0016426310176029801
4780,0.0016475756419822574,4780,0.0016429341631010175,0.0016426310176029801
4781,0.0016475756419822574,4781,0.0016429341631010175,0.0016426310176029801
4782,0.0016475756419822574,4782,0.0016429341631010175,0.0016426310176029801
4783,0.0016475756419822574,4783,0.0016429341631010175,0.0016426310176029801
4784,0.0016475756419822574,4784,0.0016429341631010175,0.0016426310176029801
4785,0.0016475756419822574,4785,0.0016429341631010175,0.0016426310176029801
4786,0.0016475756419822574,4786,0.0016429341631010175,0.0016426310176029801
4787,0.0016475756419822574,4787,0.0016429341631010175,0.0016426310176029801
4788,0.0016475756419822574,4788,0.0016429341631010175,0.0016426310176029801
4789,0.0016475756419822574,4789,0.0016429341631010175,0.0016426310176029801
4790,0.0016475756419822574,4790,0.0016429341631010175,0.0016426310176029801
4791,0.0016475756419822574,4791,0.0016429341631010175,0.0016426310176029801
4792,0.0016475756419822574,4792,0.0016429341631010175,0.0016426310176029801
4793,0.0016475756419822574,4793,0.0016429341631010175,0.0016426310176029801
4794,0.0016475756419822574,4794,0.0016429341631010175,0.0016426310176029801
4795,0.0016475756419822574,4795,0.0016429341631010175,0.0016426310176029801
4796,0.0016475756419822574,4796,0.0016429341631010175,0.0016426310176029801
4797,0.0016475756419822574,4797,0.0016429341631010175,0.0016426310176029801
4798,0.0016475756419822574,4798,0.0016429341631010175,0.0016426310176029801
4799,0.0016475756419822574,4799,0.0016429341631010175,0.0016426310176029801
4800,0.0016475756419822574,4800,0.0016429341631010175,0.0016426310176029801
4801,0.0016475756419822574,4801,0.0016429341631010175,0.0016426310176029801
4802,0.0016475756419822574,4802,0.0016429341631010175,0.0016426310176029801
4803,0.0016475756419822574,4803,0.0016429341631010175,0.0016426310176029801
4804,0.0016475756419822574,4804,0.0016429341631010175,0.0016426310176029801
4805,0.0016475756419822574,4805,0.0016429341631010175,0.0016426310176029801
4806,0.0016475756419822574,4806,0.0016429341631010175,0.0016426310176029801
4807,0.0016475756419822574,4807,0.0016429341631010175,0.0016426310176029801
4808,0.0016475756419822574,4808,0.0016429341631010175,0.0016426310176029801
4809,0.0016475756419822574,4809,0.0016429341631010175,0.0016426310176029801
4810,0.0016475756419822574,4810,0.0016429341631010175,0.0016426310176029801
4811,0.0016475756419822574,4811,0.0016429341631010175,0.0016426310176029801
4812,0.0016475756419822574,4812,0.0016429341631010175,0.0016426310176029801
4813,0.0016475756419822574,4813,0.0016429341631010175,0.0016426310176029801
4814,0.0016475756419822574,4814,0.0016429341631010175,0.0016426310176029801
4815,0.0016475756419822574,4815,0.0016429341631010175,0.0016426310176029801
4816,0.0016475756419822574,4816,0.0016429341631010175,0.0016426310176029801
4817,0.0016475756419822574,4817,0.0016429341631010175,0.0016426310176029801
4818,0.0016475756419822574,4818,0.0016429341631010175,0.0016426310176029801
4819,0.0016475756419822574,4819,0.0016429341631010175,0.0016426310176029801
4820,0.0016475756419822574,4820,0.0016429341631010175,0.0016426310176029801
4821,0.0016475756419822574,4821,0.0016429341631010175,0.0016426310176029801
4822,0.0016475756419822574,4822,0.0016429341631010175,0.0016426310176029801
4823,0.0016475756419822574,4823,0.0016429341631010175,0.0016426310176029801
4824,0.0016475756419822574,4824,0.0016429341631010175,0.0016426310176029801
4825,0.0016475756419822574,4825,0.0016429341631010175,0.0016426310176029801
4826,0.0016475756419822574,4826,0.0016429341631010175,0.0016426310176029801
4827,0.0016475756419822574,4827,0.0016429341631010175,0.0016426310176029801
4828,0.0016475756419822574,4828,0.0016429341631010175,0.0016426310176029801
4829,0.0016475756419822574,4829,0.0016429341631010175,0.0016426310176029801
4830,0.0016475756419822574,4830,0.0016429341631010175,0.0016426310176029801
4831,0.0016475756419822574,4831,0.0016429341631010175,0.0016426310176029801
4832,0.0016475756419822574,4832,0.0016429341631010175,0.0016426310176029801
4833,0.0016475756419822574,4833,0.0016429341631010175,0.0016426310176029801
4834,0.0016475756419822574,4834,0.0016429341631010175,0.0016426310176029801
4835,0.0016475756419822574,4835,0.0016429341631010175,0.0016426310176029801
4836,0.0016475756419822574,4836,0.0016429341631010175,0.0016426310176029801
4837,0.0016475756419822574,4837,0.0016429341631010175,0.0016426310176029801
4838,0.0016475756419822574,4838,0.0016429341631010175,0.0016426310176029801
4839,0.0016475756419822574,4839,0.0016429341631010175,0.0016426310176029801
4840,0.0016475756419822574,4840,0.0016429341631010175,0.0016426310176029801
4841,0.0016475756419822574,4841,0.0016429341631010175,0.0016426310176029801
4842,0.0016475756419822574,4842,0.0016429341631010175,0.0016426310176029801
4843,0.0016475756419822574,4843,0.0016429341631010175,0.0016426310176029801
4844,0.0016475756419822574,4844,0.0016429341631010175,0.0016426310176029801
4845,0.0016475756419822574,4845,0.0016429341631010175,0.0016426310176029801
4846,0.0016475756419822574,4846,0.0016429341631010175,0.0016426310176029801
4847,0.0016475756419822574,4847,0.0016429341631010175,0.0016426310176029801
4848,0.0016475756419822574,4848,0.0016429341631010175,0.0016426310176029801
4849,0.0016475756419822574,4849,0.0016429341631010175,0.0016426310176029801
4850,0.0016475756419822574,4850,0.0016429341631010175,0.0016426310176029801
4851,0.0016475756419822574,4851,0.0016429341631010175,0.0016426310176029801
4852,0.0016475756419822574,4852,0.0016429341631010175,0.0016426310176029801
4853,0.0016475756419822574,4853,0.0016429341631010175,0.0016426310176029801
4854,0.0016475756419822574,4854,0.0016429341631010175,0.0016426310176029801
4855,0.0016475756419822574,4855,0.0016429341631010175,0.0016426310176029801
4856,0.0016475756419822574,4856,0.0016429341631010175,0.0016426310176029801
4857,0.0016475756419822574,4857,0.0016429341631010175,0.0016426310176029801
4858,0.0016475756419822574,4858,0.0016429341631010175,0.0016426310176029801
4859,0.0016475756419822574,4859,0.0016429341631010175,0.0016426310176029801
4860,0.0016475756419822574,4860,0.0016429341631010175,0.0016426310176029801
4861,0.0016475756419822574,4861,0.0016429341631010175,0.0016426310176029801
4862,0.0016475756419822574,4862,0.0016429341631010175,0.0016426310176029801
4863,0.0016475756419822574,4863,0.0016429341631010175,0.0016426310176029801
4864,0.0016475756419822574,4864,0.0016429341631010175,0.0016426310176029801
4865,0.0016475756419822574,4865,0.0016429341631010175,0.0016426310176029801
4866,0.0016475756419822574,4866,0.0016429341631010175,0.0016426310176029801
4867,0.0016475756419822574,4867,0.0016429341631010175,0.0016426310176029801
4868,0.0016475756419822574,4868,0.0016429341631010175,0.0016426310176029801
4869,0.0016475756419822574,4869,0.0016429341631010175,0.0016426310176029801
4870,0.0016475756419822574,4870,0.0016429341631010175,0.0016426310176029801
4871,0.0016475756419822574,4871,0.0016429341631010175,0.0016426310176029801
4872,0.0016475756419822574,4872,0.0016429341631010175,0.0016426310176029801
4873,0.0016475756419822574,4873,0.0016429341631010175,0.0016426310176029801
4874,0.0016475756419822574,4874,0.0016429341631010175,0.0016426310176029801
4875,0.0016475756419822574,4875,0.0016429341631010175,0.0016426310176029801
4876,0.0016475756419822574,4876,0.0016429341631010175,0.0016426310176029801
4877,0.0016475756419822574,4877,0.0016429341631010175,0.0016426310176029801
4878,0.0016475756419822574,4878,0.0016429341631010175,0.0016426310176029801
4879,0.0016475756419822574,4879,0.0016429341631010175,0.0016426310176029801
4880,0.0016475756419822574,4880,0.0016429341631010175,0.0016426310176029801
4881,0.0016475756419822574,4881,0.0016429341631010175,0.0016426310176029801
4882,0.0016475756419822574,4882,0.0016429341631010175,0.0016426310176029801
4883,0.0016475756419822574,4883,0.0016429341631010175,0.0016426310176029801
4884,0.0016475756419822574,4884,0.0016429341631010175,0.0016426310176029801
4885,0.0016475756419822574,4885,0.0016429341631010175,0.0016426310176029801
4886,0.0016475756419822574,4886,0.0016429341631010175,0.0016426310176029801
4887,0.0016475756419822574,4887,0.0016429341631010175,0.0016426310176029801
4888,0.0016475756419822574,4888,0.0016429341631010175,0.0016426310176029801
4889,0.0016475756419822574,4889,0.0016429341631010175,0.0016426310176029801
4890,0.0016475756419822574,4890,0.0016429341631010175,0.0016426310176029801
4891,0.0016475756419822574,4891,0.0016429341631010175,0.0016426310176029801
4892,0.0016475756419822574,4892,0.0016429341631010175,0.0016426310176029801
4893,0.0016475756419822574,4893,0.0016429341631010175,0.0016426310176029801
4894,0.0016475756419822574,4894,0.0016429341631010175,0.0016426310176029801
4895,0.0016475756419822574,4895,0.0016429341631010175,0.0016426310176029801
4896,0.0016475756419822574,4896,0.0016429341631010175,0.0016426310176029801
4897,0.0016475756419822574,4897,0.0016429341631010175,0.0016426310176029801
4898,0.0016475756419822574,4898,0.0016429341631010175,0.0016426310176029801
4899,0.0016475756419822574,4899,0.0016429341631010175,0.0016426310176029801
4900,0.0016475756419822574,4900,0.0016429341631010175,0.0016426310176029801
4901,0.0016475756419822574,4901,0.0016429341631010175,0.0016426310176029801
4902,0.0016475756419822574,4902,0.0016429341631010175,0.0016426310176029801
4903,0.0016475756419822574,4903,0.0016429341631010175,0.0016426310176029801
4904,0.0016475756419822574,4904,0.0016429341631010175,0.0016426310176029801
4905,0.0016475756419822574,4905,0.0016429341631010175,0.0016426310176029801
4906,0.0016475756419822574,4906,0.0016429341631010175,0.0016426310176029801
4907,0.0016475756419822574,4907,0.0016429341631010175,0.0016426310176029801
4908,0.0016475756419822574,4908,0.0016429341631010175,0.0016426310176029801
4909,0.0016475756419822574,4909,0.0016429341631010175,0.0016426310176029801
4910,0.0016475756419822574,4910,0.0016429341631010175,0.0016426310176029801
4911,0.0016475756419822574,4911,0.0016429341631010175,0.0016426310176029801
4912,0.0016475756419822574,4912,0.0016429341631010175,0.0016426310176029801
4913,0.0016475756419822574,4913,0.0016429341631010175,0.0016426310176029801
4914,0.0016475756419822574,4914,0.0016429341631010175,0.0016426310176029801
4915,0.0016475756419822574,4915,0.0016429341631010175,0.0016426310176029801
4916,0.0016475756419822574,4916,0.0016429341631010175,0.0016426310176029801
4917,0.0016475756419822574,4917,0.0016429341631010175,0.0016426310176029801
4918,0.0016475756419822574,4918,0.0016429341631010175,0.0016426310176029801
4919,0.0016475756419822574,4919,0.0016429341631010175,0.0016426310176029801
4920,0.0016475756419822574,4920,0.0016429341631010175,0.0016426310176029801
4921,0.0016475756419822574,4921,0.0016429341631010175,0.0016426310176029801
4922,0.0016475756419822574,4922,0.0016429341631010175,0.0016426310176029801
4923,0.0016475756419822574,4923,0.0016429341631010175,0.0016426310176029801
4924,0.0016475756419822574,4924,0.0016429341631010175,0.0016426310176029801
4925,0.0016475756419822574,4925,0.0016429341631010175,0.0016426310176029801
4926,0.0016475756419822574,4926,0.0016429341631010175,0.0016426310176029801
4927,0.0016475756419822574,4927,0.0016429341631010175,0.0016426310176029801
4928,0.0016475756419822574,4928,0.0016429341631010175,0.0016426310176029801
4929,0.0016475756419822574,4929,0.0016429341631010175,0.0016426310176029801
4930,0.0016475756419822574,4930,0.0016429341631010175,0.0016426310176029801
4931,0.0016475756419822574,4931,0.0016429341631010175,0.0016426310176029801
4932,0.0016475756419822574,4932,0.0016429341631010175,0.0016426310176029801
4933,0.0016475756419822574,4933,0.0016429341631010175,0.0016426310176029801
4934,0.0016475756419822574,4934,0.0016429341631010175,0.0016426310176029801
4935,0.0016475756419822574,4935,0.0016429341631010175,0.0016426310176029801
4936,0.0016475756419822574,4936,0.0016429341631010175,0.0016426310176029801
4937,0.0016475756419822574,4937,0.0016429341631010175,0.0016426310176029801
4938,0.0016475756419822574,4938,0.0016429341631010175,0.0016426310176029801
4939,0.0016475756419822574,4939,0.0016429341631010175,0.0016426310176029801
4940,0.0016475756419822574,4940,0.0016429341631010175,0.0016426310176029801
4941,0.0016475756419822574,4941,0.0016429341631010175,0.0016426310176029801
4942,0.0016475756419822574,4942,0.0016429341631010175,0.0016426310176029801
4943,0.0016475756419822574,4943,0.0016429341631010175,0.0016426310176029801
4944,0.0016475756419822574,4944,0.0016429341631010175,0.0016426310176029801
4945,0.0016475756419822574,4945,0.0016429341631010175,0.0016426310176029801
4946,0.0016475756419822574,4946,0.0016429341631010175,0.0016426310176029801
4947,0.0016475756419822574,4947,0.0016429341631010175,0.0016426310176029801
4948,0.0016475756419822574,4948,0.0016429341631010175,0.0016426310176029801
4949,0.0016475756419822574,4949,0.0016429341631010175,0.0016426310176029801
4950,0.0016475756419822574,4950,0.0016429341631010175,0.0016426310176029801
4951,0.0016475756419822574,4951,0.0016429341631010175,0.0016426310176029801
4952,0.0016475756419822574,4952,0.0016429341631010175,0.0016426310176029801
4953,0.0016475756419822574,4953,0.0016429341631010175,0.0016426310176029801
4954,0.0016475756419822574,4954,0.0016429341631010175,0.0016426310176029801
4955,0.0016475756419822574,4955,0.0016429341631010175,0.0016426310176029801
4956,0.0016475756419822574,4956,0.0016429341631010175,0.0016426310176029801
4957,0.0016475756419822574,4957,0.0016429341631010175,0.0016426310176029801
4958,0.0016475756419822574,4958,0.0016429341631010175,0.0016426310176029801
4959,0.0016475756419822574,4959,0.0016429341631010175,0.0016426310176029801
4960,0.0016475756419822574,4960,0.0016429341631010175,0.0016426310176029801
4961,0.0016475756419822574,4961,0.0016429341631010175,0.0016426310176029801
4962,0.0016475756419822574,4962,0.0016429341631010175,0.0016426310176029801
4963,0.0016475756419822574,4963,0.0016429341631010175,0.0016426310176029801
4964,0.0016475756419822574,4964,0.0016429341631010175,0.0016426310176029801
4965,0.0016475756419822574,4965,0.0016429341631010175,0.0016426310176029801
4966,0.0016475756419822574,4966,0.0016429341631010175,0.0016426310176029801
4967,0.0016475756419822574,4967,0.0016429341631010175,0.0016426310176029801
4968,0.0016475756419822574,4968,0.0016429341631010175,0.0016426310176029801
4969,0.0016475756419822574,4969,0.0016429341631010175,0.0016426310176029801
4970,0.0016475756419822574,4970,0.0016429341631010175,0.0016426310176029801
4971,0.0016475756419822574,4971,0.0016429341631010175,0.0016426310176029801
4972,0.0016475756419822574,4972,0.0016429341631010175,0.0016426310176029801
4973,0.0016475756419822574,4973,0.0016429341631010175,0.0016426310176029801
4974,0.0016475756419822574,4974,0.0016429341631010175,0.0016426310176029801
4975,0.0016475756419822574,4975,0.0016429341631010175,0.0016426310176029801
4976,0.0016475756419822574,4976,0.0016429341631010175,0.0016426310176029801
4977,0.0016475756419822574,4977,0.0016429341631010175,0.0016426310176029801
4978,0.0016475756419822574,4978,0.0016429341631010175,0.0016426310176029801
4979,0.0016475756419822574,4979,0.0016429341631010175,0.0016426310176029801
4980,0.0016475756419822574,4980,0.0016429341631010175,0.0016426310176029801
4981,0.0016475756419822574,4981,0.0016429341631010175,0.0016426310176029801
4982,0.0016475756419822574,4982,0.0016429341631010175,0.0016426310176029801
4983,0.0016475756419822574,4983,0.0016429341631010175,0.0016426310176029801
4984,0.0016475756419822574,4984,0.0016429341631010175,0.0016426310176029801
4985,0.0016475756419822574,4985,0.0016429341631010175,0.0016426310176029801
4986,0.0016475756419822574,4986,0.0016429341631010175,0.0016426310176029801
4987,0.0016475756419822574,4987,0.0016429341631010175,0.0016426310176029801
4988,0.0016475756419822574,4988,0.0016429341631010175,0.0016426310176029801
4989,0.0016475756419822574,4989,0.0016429341631010175,0.0016426310176029801
4990,0.0016475756419822574,4990,0.0016429341631010175,0.0016426310176029801
4991,0.0016475756419822574,4991,0.0016429341631010175,0.0016426310176029801
4992,0.0016475756419822574,4992,0.0016429341631010175,0.0016426310176029801
4993,0.0016475756419822574,4993,0.0016429341631010175,0.0016426310176029801
4994,0.0016475756419822574,4994,0.0016429341631010175,0.0016426310176029801
4995,0.0016475756419822574,4995,0.0016429341631010175,0.0016426310176029801
4996,0.0016475756419822574,4996,0.0016429341631010175,0.0016426310176029801
4997,0.0016475756419822574,4997,0.0016429341631010175,0.0016426310176029801
4998,0.0016475756419822574,4998,0.0016429341631010175,0.0016426310176029801
4999,0.0016475756419822574,4999,0.0016429341631010175,0.0016426310176029801
5000,0.0016476147575303912,5000,0.001643034047447145,0.0016426314832642674
5001,0.0016476147575303912,5001,0.001643034047447145,0.0016426314832642674
5002,0.0016476147575303912,5002,0.001643034047447145,0.0016426314832642674
5003,0.0016476147575303912,5003,0.001643034047447145,0.0016426314832642674
5004,0.0016476147575303912,5004,0.001643034047447145,0.0016426314832642674
5005,0.0016476147575303912,5005,0.001643034047447145,0.0016426314832642674
5006,0.0016476147575303912,5006,0.001643034047447145,0.0016426314832642674
5007,0.0016476147575303912,5007,0.001643034047447145,0.0016426314832642674
5008,0.0016476147575303912,5008,0.001643034047447145,0.0016426314832642674
5009,0.0016476147575303912,5009,0.001643034047447145,0.0016426314832642674
5010,0.0016476147575303912,5010,0.001643034047447145,0.0016426314832642674
5011,0.0016476147575303912,5011,0.001643034047447145,0.0016426314832642674
5012,0.0016476147575303912,5012,0.001643034047447145,0.0016426314832642674
5013,0.0016476147575303912,5013,0.001643034047447145,0.0016426314832642674
5014,0.0016476147575303912,5014,0.001643034047447145,0.0016426314832642674
5015,0.0016476147575303912,5015,0.001643034047447145,0.0016426314832642674
5016,0.0016476147575303912,5016,0.001643034047447145,0.0016426314832642674
5017,0.0016476147575303912,5017,0.001643034047447145,0.0016426314832642674
5018,0.0016476147575303912,5018,0.001643034047447145,0.0016426314832642674
5019,0.0016476147575303912,5019,0.001643034047447145,0.0016426314832642674
5020,0.0016476147575303912,5020,0.001643034047447145,0.0016426314832642674
5021,0.0016476147575303912,5021,0.001643034047447145,0.0016426314832642674
5022,0.0016476147575303912,5022,0.001643034047447145,0.0016426314832642674
5023,0.0016476147575303912,5023,0.001643034047447145,0.0016426314832642674
5024,0.0016476147575303912,5024,0.001643034047447145,0.0016426314832642674
5025,0.0016476147575303912,5025,0.001643034047447145,0.0016426314832642674
5026,0.0016476147575303912,5026,0.001643034047447145,0.0016426314832642674
5027,0.0016476147575303912,5027,0.001643034047447145,0.0016426314832642674
5028,0.0016476147575303912,5028,0.001643034047447145,0.0016426314832642674
5029,0.0016476147575303912,5029,0.001643034047447145,0.0016426314832642674
5030,0.0016476147575303912,5030,0.001643034047447145,0.0016426314832642674
5031,0.0016476147575303912,5031,0.001643034047447145,0.0016426314832642674
5032,0.0016476147575303912,5032,0.001643034047447145,0.0016426314832642674
5033,0.0016476147575303912,5033,0.001643034047447145,0.0016426314832642674
5034,0.0016476147575303912,5034,0.001643034047447145,0.0016426314832642674
5035,0.0016476147575303912,5035,0.001643034047447145,0.0016426314832642674
5036,0.0016476147575303912,5036,0.001643034047447145,0.0016426314832642674
5037,0.0016476147575303912,5037,0.001643034047447145,0.0016426314832642674
5038,0.0016476147575303912,5038,0.001643034047447145,0.0016426314832642674
5039,0.0016476147575303912,5039,0.001643034047447145,0.0016426314832642674
5040,0.0016476147575303912,5040,0.001643034047447145,0.0016426314832642674
5041,0.0016476147575303912,5041,0.001643034047447145,0.0016426314832642674
5042,0.0016476147575303912,5042,0.001643034047447145,0.0016426314832642674
5043,0.0016476147575303912,5043,0.001643034047447145,0.0016426314832642674
5044,0.0016476147575303912,5044,0.001643034047447145,0.0016426314832642674
5045,0.0016476147575303912,5045,0.001643034047447145,0.0016426314832642674
5046,0.0016476147575303912,5046,0.001643034047447145,0.0016426314832642674
5047,0.0016476147575303912,5047,0.001643034047447145,0.0016426314832642674
5048,0.0016476147575303912,5048,0.001643034047447145,0.0016426314832642674
5049,0.0016476147575303912,5049,0.001643034047447145,0.0016426314832642674
5050,0.0016476147575303912,5050,0.001643034047447145,0.0016426314832642674
5051,0.0016476147575303912,5051,0.001643034047447145,0.0016426314832642674
5052,0.0016476147575303912,5052,0.001643034047447145,0.0016426314832642674
5053,0.0016476147575303912,5053,0.001643034047447145,0.0016426314832642674
5054,0.0016476147575303912,5054,0.001643034047447145,0.0016426314832642674
5055,0.0016476147575303912,5055,0.001643034047447145,0.0016426314832642674
5056,0.0016476147575303912,5056,0.001643034047447145,0.0016426314832642674
5057,0.0016476147575303912,5057,0.001643034047447145,0.0016426314832642674
5058,0.0016476147575303912,5058,0.001643034047447145,0.0016426314832642674
5059,0.0016476147575303912,5059,0.001643034047447145,0.0016426314832642674
5060,0.0016476147575303912,5060,0.001643034047447145,0.0016426314832642674
5061,0.0016476147575303912,5061,0.001643034047447145,0.0016426314832642674
5062,0.0016476147575303912,5062,0.001643034047447145,0.0016426314832642674
5063,0.0016476147575303912,5063,0.001643034047447145,0.0016426314832642674
5064,0.0016476147575303912,5064,0.001643034047447145,0.0016426314832642674
5065,0.0016476147575303912,5065,0.001643034047447145,0.0016426314832642674
5066,0.0016476147575303912,5066,0.001643034047447145,0.0016426314832642674
5067,0.0016476147575303912,5067,0.001643034047447145,0.0016426314832642674
5068,0.0016476147575303912,5068,0.001643034047447145,0.0016426314832642674
5069,0.0016476147575303912,5069,0.001643034047447145,0.0016426314832642674
5070,0.0016476147575303912,5070,0.001643034047447145,0.0016426314832642674
5071,0.0016476147575303912,5071,0.001643034047447145,0.0016426314832642674
5072,0.0016476147575303912,5072,0.001643034047447145,0.0016426314832642674
5073,0.0016476147575303912,5073,0.001643034047447145,0.0016426314832642674
5074,0.0016476147575303912,5074,0.001643034047447145,0.0016426314832642674
5075,0.0016476147575303912,5075,0.001643034047447145,0.0016426314832642674
5076,0.0016476147575303912,5076,0.001643034047447145,0.0016426314832642674
5077,0.0016476147575303912,5077,0.001643034047447145,0.0016426314832642674
5078,0.0016476147575303912,5078,0.001643034047447145,0.0016426314832642674
5079,0.0016476147575303912,5079,0.001643034047447145,0.0016426314832642674
5080,0.0016476147575303912,5080,0.001643034047447145,0.0016426314832642674
5081,0.0016476147575303912,5081,0.001643034047447145,0.0016426314832642674
5082,0.0016476147575303912,5082,0.001643034047447145,0.0016426314832642674
5083,0.0016476147575303912,5083,0.001643034047447145,0.0016426314832642674
5084,0.0016476147575303912,5084,0.001643034047447145,0.0016426314832642674
5085,0.0016476147575303912,5085,0.001643034047447145,0.0016426314832642674
5086,0.0016476147575303912,5086,0.001643034047447145,0.0016426314832642674
5087,0.0016476147575303912,5087,0.001643034047447145,0.0016426314832642674
5088,0.0016476147575303912,5088,0.001643034047447145,0.0016426314832642674
5089,0.0016476147575303912,5089,0.001643034047447145,0.0016426314832642674
5090,0.0016476147575303912,5090,0.001643034047447145,0.0016426314832642674
5091,0.0016476147575303912,5091,0.001643034047447145,0.0016426314832642674
5092,0.0016476147575303912,5092,0.001643034047447145,0.0016426314832642674
5093,0.0016476147575303912,5093,0.001643034047447145,0.0016426314832642674
5094,0.0016476147575303912,5094,0.001643034047447145,0.0016426314832642674
5095,0.0016476147575303912,5095,0.001643034047447145,0.0016426314832642674
5096,0.0016476147575303912,5096,0.001643034047447145,0.0016426314832642674
5097,0.0016476147575303912,5097,0.001643034047447145,0.0016426314832642674
5098,0.0016476147575303912,5098,0.001643034047447145,0.0016426314832642674
5099,0.0016476147575303912,5099,0.001643034047447145,0.0016426314832642674
5100,0.0016476147575303912,5100,0.001643034047447145,0.0016426314832642674
5101,0.0016476147575303912,5101,0.001643034047447145,0.0016426314832642674
5102,0.0016476147575303912,5102,0.001643034047447145,0.0016426314832642674
5103,0.0016476147575303912,5103,0.001643034047447145,0.0016426314832642674
5104,0.0016476147575303912,5104,0.001643034047447145,0.0016426314832642674
5105,0.0016476147575303912,5105,0.001643034047447145,0.0016426314832642674
5106,0.0016476147575303912,5106,0.001643034047447145,0.0016426314832642674
5107,0.0016476147575303912,5107,0.001643034047447145,0.0016426314832642674
5108,0.0016476147575303912,5108,0.001643034047447145,0.0016426314832642674
5109,0.0016476147575303912,5109,0.001643034047447145,0.0016426314832642674
5110,0.0016476147575303912,5110,0.001643034047447145,0.0016426314832642674
5111,0.0016476147575303912,5111,0.001643034047447145,0.0016426314832642674
5112,0.0016476147575303912,5112,0.001643034047447145,0.0016426314832642674
5113,0.0016476147575303912,5113,0.001643034047447145,0.0016426314832642674
5114,0.0016476147575303912,5114,0.001643034047447145,0.0016426314832642674
5115,0.0016476147575303912,5115,0.001643034047447145,0.0016426314832642674
5116,0.0016476147575303912,5116,0.001643034047447145,0.0016426314832642674
5117,0.0016476147575303912,5117,0.001643034047447145,0.0016426314832642674
5118,0.0016476147575303912,5118,0.001643034047447145,0.0016426314832642674
5119,0.0016476147575303912,5119,0.001643034047447145,0.0016426314832642674
5120,0.0016476147575303912,5120,0.001643034047447145,0.0016426314832642674
5121,0.0016476147575303912,5121,0.001643034047447145,0.0016426314832642674
5122,0.0016476147575303912,5122,0.001643034047447145,0.0016426314832642674
5123,0.0016476147575303912,5123,0.001643034047447145,0.0016426314832642674
5124,0.0016476147575303912,5124,0.001643034047447145,0.0016426314832642674
5125,0.0016476147575303912,5125,0.001643034047447145,0.0016426314832642674
5126,0.0016476147575303912,5126,0.001643034047447145,0.0016426314832642674
5127,0.0016476147575303912,5127,0.001643034047447145,0.0016426314832642674
5128,0.0016476147575303912,5128,0.001643034047447145,0.0016426314832642674
5129,0.0016476147575303912,5129,0.001643034047447145,0.0016426314832642674
5130,0.0016476147575303912,5130,0.001643034047447145,0.0016426314832642674
5131,0.0016476147575303912,5131,0.001643034047447145,0.0016426314832642674
5132,0.0016476147575303912,5132,0.001643034047447145,0.0016426314832642674
5133,0.0016476147575303912,5133,0.001643034047447145,0.0016426314832642674
5134,0.0016476147575303912,5134,0.001643034047447145,0.0016426314832642674
5135,0.0016476147575303912,5135,0.001643034047447145,0.0016426314832642674
5136,0.0016476147575303912,5136,0.001643034047447145,0.0016426314832642674
5137,0.0016476147575303912,5137,0.001643034047447145,0.0016426314832642674
5138,0.0016476147575303912,5138,0.001643034047447145,0.0016426314832642674
5139,0.0016476147575303912,5139,0.001643034047447145,0.0016426314832642674
5140,0.0016476147575303912,5140,0.001643034047447145,0.0016426314832642674
5141,0.0016476147575303912,5141,0.001643034047447145,0.0016426314832642674
5142,0.0016476147575303912,5142,0.001643034047447145,0.0016426314832642674
5143,0.0016476147575303912,5143,0.001643034047447145,0.0016426314832642674
5144,0.0016476147575303912,5144,0.001643034047447145,0.0016426314832642674
5145,0.0016476147575303912,5145,0.001643034047447145,0.0016426314832642674
5146,0.0016476147575303912,5146,0.001643034047447145,0.0016426314832642674
5147,0.0016476147575303912,5147,0.001643034047447145,0.0016426314832642674
5148,0.0016476147575303912,5148,0.001643034047447145,0.0016426314832642674
5149,0.0016476147575303912,5149,0.001643034047447145,0.0016426314832642674
5150,0.0016476147575303912,5150,0.001643034047447145,0.0016426314832642674
5151,0.0016476147575303912,5151,0.001643034047447145,0.0016426314832642674
5152,0.0016476147575303912,5152,0.001643034047447145,0.0016426314832642674
5153,0.0016476147575303912,5153,0.001643034047447145,0.0016426314832642674
5154,0.0016476147575303912,5154,0.001643034047447145,0.0016426314832642674
5155,0.0016476147575303912,5155,0.001643034047447145,0.0016426314832642674
5156,0.0016476147575303912,5156,0.001643034047447145,0.0016426314832642674
5157,0.0016476147575303912,5157,0.001643034047447145,0.0016426314832642674
5158,0.0016476147575303912,5158,0.001643034047447145,0.0016426314832642674
5159,0.0016476147575303912,5159,0.001643034047447145,0.0016426314832642674
5160,0.0016476147575303912,5160,0.001643034047447145,0.0016426314832642674
5161,0.0016476147575303912,5161,0.001643034047447145,0.0016426314832642674
5162,0.0016476147575303912,5162,0.001643034047447145,0.0016426314832642674
5163,0.0016476147575303912,5163,0.001643034047447145,0.0016426314832642674
5164,0.0016476147575303912,5164,0.001643034047447145,0.0016426314832642674
5165,0.0016476147575303912,5165,0.001643034047447145,0.0016426314832642674
5166,0.0016476147575303912,5166,0.001643034047447145,0.0016426314832642674
5167,0.0016476147575303912,5167,0.001643034047447145,0.0016426314832642674
5168,0.0016476147575303912,5168,0.001643034047447145,0.0016426314832642674
5169,0.0016476147575303912,5169,0.001643034047447145,0.0016426314832642674
5170,0.0016476147575303912,5170,0.001643034047447145,0.0016426314832642674
5171,0.0016476147575303912,5171,0.001643034047447145,0.0016426314832642674
5172,0.0016476147575303912,5172,0.001643034047447145,0.0016426314832642674
5173,0.0016476147575303912,5173,0.001643034047447145,0.0016426314832642674
5174,0.0016476147575303912,5174,0.001643034047447145,0.0016426314832642674
5175,0.0016476147575303912,5175,0.001643034047447145,0.0016426314832642674
5176,0.0016476147575303912,5176,0.001643034047447145,0.0016426314832642674
5177,0.0016476147575303912,5177,0.001643034047447145,0.0016426314832642674
5178,0.0016476147575303912,5178,0.001643034047447145,0.0016426314832642674
5179,0.0016476147575303912,5179,0.001643034047447145,0.0016426314832642674
5180,0.0016476147575303912,5180,0.001643034047447145,0.0016426314832642674
5181,0.0016476147575303912,5181,0.001643034047447145,0.0016426314832642674
5182,0.0016476147575303912,5182,0.001643034047447145,0.0016426314832642674
5183,0.0016476147575303912,5183,0.001643034047447145,0.0016426314832642674
5184,0.0016476147575303912,5184,0.001643034047447145,0.0016426314832642674
5185,0.0016476147575303912,5185,0.001643034047447145,0.0016426314832642674
5186,0.0016476147575303912,5186,0.001643034047447145,0.0016426314832642674
5187,0.0016476147575303912,5187,0.001643034047447145,0.0016426314832642674
5188,0.0016476147575303912,5188,0.001643034047447145,0.0016426314832642674
5189,0.0016476147575303912,5189,0.001643034047447145,0.0016426314832642674
5190,0.0016476147575303912,5190,0.001643034047447145,0.0016426314832642674
5191,0.0016476147575303912,5191,0.001643034047447145,0.0016426314832642674
5192,0.0016476147575303912,5192,0.001643034047447145,0.0016426314832642674
5193,0.0016476147575303912,5193,0.001643034047447145,0.0016426314832642674
5194,0.0016476147575303912,5194,0.001643034047447145,0.0016426314832642674
5195,0.0016476147575303912,5195,0.001643034047447145,0.0016426314832642674
5196,0.0016476147575303912,5196,0.001643034047447145,0.0016426314832642674
5197,0.0016476147575303912,5197,0.001643034047447145,0.0016426314832642674
5198,0.0016476147575303912,5198,0.001643034047447145,0.0016426314832642674
5199,0.0016476147575303912,5199,0.001643034047447145,0.0016426314832642674
5200,0.0016476147575303912,5200,0.001643034047447145,0.0016426314832642674
5201,0.0016476147575303912,5201,0.001643034047447145,0.0016426314832642674
5202,0.0016476147575303912,5202,0.001643034047447145,0.0016426314832642674
5203,0.0016476147575303912,5203,0.001643034047447145,0.0016426314832642674
5204,0.0016476147575303912,5204,0.001643034047447145,0.0016426314832642674
5205,0.0016476147575303912,5205,0.001643034047447145,0.0016426314832642674
5206,0.0016476147575303912,5206,0.001643034047447145,0.0016426314832642674
5207,0.0016476147575303912,5207,0.001643034047447145,0.0016426314832642674
5208,0.0016476147575303912,5208,0.001643034047447145,0.0016426314832642674
5209,0.0016476147575303912,5209,0.001643034047447145,0.0016426314832642674
5210,0.0016476147575303912,5210,0.001643034047447145,0.0016426314832642674
5211,0.0016476147575303912,5211,0.001643034047447145,0.0016426314832642674
5212,0.0016476147575303912,5212,0.001643034047447145,0.0016426314832642674
5213,0.0016476147575303912,5213,0.001643034047447145,0.0016426314832642674
5214,0.0016476147575303912,5214,0.001643034047447145,0.0016426314832642674
5215,0.0016476147575303912,5215,0.001643034047447145,0.0016426314832642674
5216,0.0016476147575303912,5216,0.001643034047447145,0.0016426314832642674
5217,0.0016476147575303912,5217,0.001643034047447145,0.0016426314832642674
5218,0.0016476147575303912,5218,0.001643034047447145,0.0016426314832642674
5219,0.0016476147575303912,5219,0.001643034047447145,0.0016426314832642674
5220,0.0016476147575303912,5220,0.001643034047447145,0.0016426314832642674
5221,0.0016476147575303912,5221,0.001643034047447145,0.0016426314832642674
5222,0.0016476147575303912,5222,0.001643034047447145,0.0016426314832642674
5223,0.0016476147575303912,5223,0.001643034047447145,0.0016426314832642674
5224,0.0016476147575303912,5224,0.001643034047447145,0.0016426314832642674
5225,0.0016476147575303912,5225,0.001643034047447145,0.0016426314832642674
5226,0.0016476147575303912,5226,0.001643034047447145,0.0016426314832642674
5227,0.0016476147575303912,5227,0.001643034047447145,0.0016426314832642674
5228,0.0016476147575303912,5228,0.001643034047447145,0.0016426314832642674
5229,0.0016476147575303912,5229,0.001643034047447145,0.0016426314832642674
5230,0.0016476147575303912,5230,0.001643034047447145,0.0016426314832642674
5231,0.0016476147575303912,5231,0.001643034047447145,0.0016426314832642674
5232,0.0016476147575303912,5232,0.001643034047447145,0.0016426314832642674
5233,0.0016476147575303912,5233,0.001643034047447145,0.0016426314832642674
5234,0.0016476147575303912,5234,0.001643034047447145,0.0016426314832642674
5235,0.0016476147575303912,5235,0.001643034047447145,0.0016426314832642674
5236,0.0016476147575303912,5236,0.001643034047447145,0.0016426314832642674
5237,0.0016476147575303912,5237,0.001643034047447145,0.0016426314832642674
5238,0.0016476147575303912,5238,0.001643034047447145,0.0016426314832642674
5239,0.0016476147575303912,5239,0.001643034047447145,0.0016426314832642674
5240,0.0016476147575303912,5240,0.001643034047447145,0.0016426314832642674
5241,0.0016476147575303912,5241,0.001643034047447145,0.0016426314832642674
5242,0.0016476147575303912,5242,0.001643034047447145,0.0016426314832642674
5243,0.0016476147575303912,5243,0.001643034047447145,0.0016426314832642674
5244,0.0016476147575303912,5244,0.001643034047447145,0.0016426314832642674
5245,0.0016476147575303912,5245,0.001643034047447145,0.0016426314832642674
5246,0.0016476147575303912,5246,0.001643034047447145,0.0016426314832642674
5247,0.0016476147575303912,5247,0.001643034047447145,0.0016426314832642674
5248,0.0016476147575303912,5248,0.001643034047447145,0.0016426314832642674
5249,0.0016476147575303912,5249,0.001643034047447145,0.0016426314832642674
5250,0.0016476528253406286,5250,0.0016429328825324774,0.0016426558140665293
5251,0.0016476528253406286,5251,0.0016429328825324774,0.0016426558140665293
5252,0.0016476528253406286,5252,0.0016429328825324774,0.0016426558140665293
5253,0.0016476528253406286,5253,0.0016429328825324774,0.0016426558140665293
5254,0.0016476528253406286,5254,0.0016429328825324774,0.0016426558140665293
5255,0.0016476528253406286,5255,0.0016429328825324774,0.0016426558140665293
5256,0.0016476528253406286,5256,0.0016429328825324774,0.0016426558140665293
5257,0.0016476528253406286,5257,0.0016429328825324774,0.0016426558140665293
5258,0.0016476528253406286,5258,0.0016429328825324774,0.0016426558140665293
5259,0.0016476528253406286,5259,0.0016429328825324774,0.0016426558140665293
5260,0.0016476528253406286,5260,0.0016429328825324774,0.0016426558140665293
5261,0.0016476528253406286,5261,0.0016429328825324774,0.0016426558140665293
5262,0.0016476528253406286,5262,0.0016429328825324774,0.0016426558140665293
5263,0.0016476528253406286,5263,0.0016429328825324774,0.0016426558140665293
5264,0.0016476528253406286,5264,0.0016429328825324774,0.0016426558140665293
5265,0.0016476528253406286,5265,0.0016429328825324774,0.0016426558140665293
5266,0.0016476528253406286,5266,0.0016429328825324774,0.0016426558140665293
5267,0.0016476528253406286,5267,0.0016429328825324774,0.0016426558140665293
5268,0.0016476528253406286,5268,0.0016429328825324774,0.0016426558140665293
5269,0.0016476528253406286,5269,0.0016429328825324774,0.0016426558140665293
5270,0.0016476528253406286,5270,0.0016429328825324774,0.0016426558140665293
5271,0.0016476528253406286,5271,0.0016429328825324774,0.0016426558140665293
5272,0.0016476528253406286,5272,0.0016429328825324774,0.0016426558140665293
5273,0.0016476528253406286,5273,0.0016429328825324774,0.0016426558140665293
5274,0.0016476528253406286,5274,0.0016429328825324774,0.0016426558140665293
5275,0.0016476528253406286,5275,0.0016429328825324774,0.0016426558140665293
5276,0.0016476528253406286,5276,0.0016429328825324774,0.0016426558140665293
5277,0.0016476528253406286,5277,0.0016429328825324774,0.0016426558140665293
5278,0.0016476528253406286,5278,0.0016429328825324774,0.0016426558140665293
5279,0.0016476528253406286,5279,0.0016429328825324774,0.0016426558140665293
5280,0.0016476528253406286,5280,0.0016429328825324774,0.0016426558140665293
5281,0.0016476528253406286,5281,0.0016429328825324774,0.0016426558140665293
5282,0.0016476528253406286,5282,0.0016429328825324774,0.0016426558140665293
5283,0.0016476528253406286,5283,0.0016429328825324774,0.0016426558140665293
5284,0.0016476528253406286,5284,0.0016429328825324774,0.0016426558140665293
5285,0.0016476528253406286,5285,0.0016429328825324774,0.0016426558140665293
5286,0.0016476528253406286,5286,0.0016429328825324774,0.0016426558140665293
5287,0.0016476528253406286,5287,0.0016429328825324774,0.0016426558140665293
5288,0.0016476528253406286,5288,0.0016429328825324774,0.0016426558140665293
5289,0.0016476528253406286,5289,0.0016429328825324774,0.0016426558140665293
5290,0.0016476528253406286,5290,0.0016429328825324774,0.0016426558140665293
5291,0.0016476528253406286,5291,0.0016429328825324774,0.0016426558140665293
5292,0.0016476528253406286,5292,0.0016429328825324774,0.0016426558140665293
5293,0.0016476528253406286,5293,0.0016429328825324774,0.0016426558140665293
5294,0.0016476528253406286,5294,0.0016429328825324774,0.0016426558140665293
5295,0.0016476528253406286,5295,0.0016429328825324774,0.0016426558140665293
5296,0.0016476528253406286,5296,0.0016429328825324774,0.0016426558140665293
5297,0.0016476528253406286,5297,0.0016429328825324774,0.0016426558140665293
5298,0.0016476528253406286,5298,0.0016429328825324774,0.0016426558140665293
5299,0.0016476528253406286,5299,0.0016429328825324774,0.0016426558140665293
5300,0.0016476528253406286,5300,0.0016429328825324774,0.0016426558140665293
5301,0.0016476528253406286,5301,0.0016429328825324774,0.0016426558140665293
5302,0.0016476528253406286,5302,0.0016429328825324774,0.0016426558140665293
5303,0.0016476528253406286,5303,0.0016429328825324774,0.0016426558140665293
5304,0.0016476528253406286,5304,0.0016429328825324774,0.0016426558140665293
5305,0.0016476528253406286,5305,0.0016429328825324774,0.0016426558140665293
5306,0.0016476528253406286,5306,0.0016429328825324774,0.0016426558140665293
5307,0.0016476528253406286,5307,0.0016429328825324774,0.0016426558140665293
5308,0.0016476528253406286,5308,0.0016429328825324774,0.0016426558140665293
5309,0.0016476528253406286,5309,0.0016429328825324774,0.0016426558140665293
5310,0.0016476528253406286,5310,0.0016429328825324774,0.0016426558140665293
5311,0.0016476528253406286,5311,0.0016429328825324774,0.0016426558140665293
5312,0.0016476528253406286,5312,0.0016429328825324774,0.0016426558140665293
5313,0.0016476528253406286,5313,0.0016429328825324774,0.0016426558140665293
5314,0.0016476528253406286,5314,0.0016429328825324774,0.0016426558140665293
5315,0.0016476528253406286,5315,0.0016429328825324774,0.0016426558140665293
5316,0.0016476528253406286,5316,0.0016429328825324774,0.0016426558140665293
5317,0.0016476528253406286,5317,0.0016429328825324774,0.0016426558140665293
5318,0.0016476528253406286,5318,0.0016429328825324774,0.0016426558140665293
5319,0.0016476528253406286,5319,0.0016429328825324774,0.0016426558140665293
5320,0.0016476528253406286,5320,0.0016429328825324774,0.0016426558140665293
5321,0.0016476528253406286,5321,0.0016429328825324774,0.0016426558140665293
5322,0.0016476528253406286,5322,0.0016429328825324774,0.0016426558140665293
5323,0.0016476528253406286,5323,0.0016429328825324774,0.0016426558140665293
5324,0.0016476528253406286,5324,0.0016429328825324774,0.0016426558140665293
5325,0.0016476528253406286,5325,0.0016429328825324774,0.0016426558140665293
5326,0.0016476528253406286,5326,0.0016429328825324774,0.0016426558140665293
5327,0.0016476528253406286,5327,0.0016429328825324774,0.0016426558140665293
5328,0.0016476528253406286,5328,0.0016429328825324774,0.0016426558140665293
5329,0.0016476528253406286,5329,0.0016429328825324774,0.0016426558140665293
5330,0.0016476528253406286,5330,0.0016429328825324774,0.0016426558140665293
5331,0.0016476528253406286,5331,0.0016429328825324774,0.0016426558140665293
5332,0.0016476528253406286,5332,0.0016429328825324774,0.0016426558140665293
5333,0.0016476528253406286,5333,0.0016429328825324774,0.0016426558140665293
5334,0.0016476528253406286,5334,0.0016429328825324774,0.0016426558140665293
5335,0.0016476528253406286,5335,0.0016429328825324774,0.0016426558140665293
5336,0.0016476528253406286,5336,0.0016429328825324774,0.0016426558140665293
5337,0.0016476528253406286,5337,0.0016429328825324774,0.0016426558140665293
5338,0.0016476528253406286,5338,0.0016429328825324774,0.0016426558140665293
5339,0.0016476528253406286,5339,0.0016429328825324774,0.0016426558140665293
5340,0.0016476528253406286,5340,0.0016429328825324774,0.0016426558140665293
5341,0.0016476528253406286,5341,0.0016429328825324774,0.0016426558140665293
5342,0.0016476528253406286,5342,0.0016429328825324774,0.0016426558140665293
5343,0.0016476528253406286,5343,0.0016429328825324774,0.0016426558140665293
5344,0.0016476528253406286,5344,0.0016429328825324774,0.0016426558140665293
5345,0.0016476528253406286,5345,0.0016429328825324774,0.0016426558140665293
5346,0.0016476528253406286,5346,0.0016429328825324774,0.0016426558140665293
5347,0.0016476528253406286,5347,0.0016429328825324774,0.0016426558140665293
5348,0.0016476528253406286,5348,0.0016429328825324774,0.0016426558140665293
5349,0.0016476528253406286,5349,0.0016429328825324774,0.0016426558140665293
5350,0.0016476528253406286,5350,0.0016429328825324774,0.0016426558140665293
5351,0.0016476528253406286,5351,0.0016429328825324774,0.0016426558140665293
5352,0.0016476528253406286,5352,0.0016429328825324774,0.0016426558140665293
5353,0.0016476528253406286,5353,0.0016429328825324774,0.0016426558140665293
5354,0.0016476528253406286,5354,0.0016429328825324774,0.0016426558140665293
5355,0.0016476528253406286,5355,0.0016429328825324774,0.0016426558140665293
5356,0.0016476528253406286,5356,0.0016429328825324774,0.0016426558140665293
5357,0.0016476528253406286,5357,0.0016429328825324774,0.0016426558140665293
5358,0.0016476528253406286,5358,0.0016429328825324774,0.0016426558140665293
5359,0.0016476528253406286,5359,0.0016429328825324774,0.0016426558140665293
5360,0.0016476528253406286,5360,0.0016429328825324774,0.0016426558140665293
5361,0.0016476528253406286,5361,0.0016429328825324774,0.0016426558140665293
5362,0.0016476528253406286,5362,0.0016429328825324774,0.0016426558140665293
5363,0.0016476528253406286,5363,0.0016429328825324774,0.0016426558140665293
5364,0.0016476528253406286,5364,0.0016429328825324774,0.0016426558140665293
5365,0.0016476528253406286,5365,0.0016429328825324774,0.0016426558140665293
5366,0.0016476528253406286,5366,0.0016429328825324774,0.0016426558140665293
5367,0.0016476528253406286,5367,0.0016429328825324774,0.0016426558140665293
5368,0.0016476528253406286,5368,0.0016429328825324774,0.0016426558140665293
5369,0.0016476528253406286,5369,0.0016429328825324774,0.0016426558140665293
5370,0.0016476528253406286,5370,0.0016429328825324774,0.0016426558140665293
5371,0.0016476528253406286,5371,0.0016429328825324774,0.0016426558140665293
5372,0.0016476528253406286,5372,0.0016429328825324774,0.0016426558140665293
5373,0.0016476528253406286,5373,0.0016429328825324774,0.0016426558140665293
5374,0.0016476528253406286,5374,0.0016429328825324774,0.0016426558140665293
5375,0.0016476528253406286,5375,0.0016429328825324774,0.0016426558140665293
5376,0.0016476528253406286,5376,0.0016429328825324774,0.0016426558140665293
5377,0.0016476528253406286,5377,0.0016429328825324774,0.0016426558140665293
5378,0.0016476528253406286,5378,0.0016429328825324774,0.0016426558140665293
5379,0.0016476528253406286,5379,0.0016429328825324774,0.0016426558140665293
5380,0.0016476528253406286,5380,0.0016429328825324774,0.0016426558140665293
5381,0.0016476528253406286,5381,0.0016429328825324774,0.0016426558140665293
5382,0.0016476528253406286,5382,0.0016429328825324774,0.0016426558140665293
5383,0.0016476528253406286,5383,0.0016429328825324774,0.0016426558140665293
5384,0.0016476528253406286,5384,0.0016429328825324774,0.0016426558140665293
5385,0.0016476528253406286,5385,0.0016429328825324774,0.0016426558140665293
5386,0.0016476528253406286,5386,0.0016429328825324774,0.0016426558140665293
5387,0.0016476528253406286,5387,0.0016429328825324774,0.0016426558140665293
5388,0.0016476528253406286,5388,0.0016429328825324774,0.0016426558140665293
5389,0.0016476528253406286,5389,0.0016429328825324774,0.0016426558140665293
5390,0.0016476528253406286,5390,0.0016429328825324774,0.0016426558140665293
5391,0.0016476528253406286,5391,0.0016429328825324774,0.0016426558140665293
5392,0.0016476528253406286,5392,0.0016429328825324774,0.0016426558140665293
5393,0.0016476528253406286,5393,0.0016429328825324774,0.0016426558140665293
5394,0.0016476528253406286,5394,0.0016429328825324774,0.0016426558140665293
5395,0.0016476528253406286,5395,0.0016429328825324774,0.0016426558140665293
5396,0.0016476528253406286,5396,0.0016429328825324774,0.0016426558140665293
5397,0.0016476528253406286,5397,0.0016429328825324774,0.0016426558140665293
5398,0.0016476528253406286,5398,0.0016429328825324774,0.0016426558140665293
5399,0.0016476528253406286,5399,0.0016429328825324774,0.0016426558140665293
5400,0.0016476528253406286,5400,0.0016429328825324774,0.0016426558140665293
5401,0.0016476528253406286,5401,0.0016429328825324774,0.0016426558140665293
5402,0.0016476528253406286,5402,0.0016429328825324774,0.0016426558140665293
5403,0.0016476528253406286,5403,0.0016429328825324774,0.0016426558140665293
5404,0.0016476528253406286,5404,0.0016429328825324774,0.0016426558140665293
5405,0.0016476528253406286,5405,0.0016429328825324774,0.0016426558140665293
5406,0.0016476528253406286,5406,0.0016429328825324774,0.0016426558140665293
5407,0.0016476528253406286,5407,0.0016429328825324774,0.0016426558140665293
5408,0.0016476528253406286,5408,0.0016429328825324774,0.0016426558140665293
5409,0.0016476528253406286,5409,0.0016429328825324774,0.0016426558140665293
5410,0.0016476528253406286,5410,0.0016429328825324774,0.0016426558140665293
5411,0.0016476528253406286,5411,0.0016429328825324774,0.0016426558140665293
5412,0.0016476528253406286,5412,0.0016429328825324774,0.0016426558140665293
5413,0.0016476528253406286,5413,0.0016429328825324774,0.0016426558140665293
5414,0.0016476528253406286,5414,0.0016429328825324774,0.0016426558140665293
5415,0.0016476528253406286,5415,0.0016429328825324774,0.0016426558140665293
5416,0.0016476528253406286,5416,0.0016429328825324774,0.0016426558140665293
5417,0.0016476528253406286,5417,0.0016429328825324774,0.0016426558140665293
5418,0.0016476528253406286,5418,0.0016429328825324774,0.0016426558140665293
5419,0.0016476528253406286,5419,0.0016429328825324774,0.0016426558140665293
5420,0.0016476528253406286,5420,0.0016429328825324774,0.0016426558140665293
5421,0.0016476528253406286,5421,0.0016429328825324774,0.0016426558140665293
5422,0.0016476528253406286,5422,0.0016429328825324774,0.0016426558140665293
5423,0.0016476528253406286,5423,0.0016429328825324774,0.0016426558140665293
5424,0.0016476528253406286,5424,0.0016429328825324774,0.0016426558140665293
5425,0.0016476528253406286,5425,0.0016429328825324774,0.0016426558140665293
5426,0.0016476528253406286,5426,0.0016429328825324774,0.0016426558140665293
5427,0.0016476528253406286,5427,0.0016429328825324774,0.0016426558140665293
5428,0.0016476528253406286,5428,0.0016429328825324774,0.0016426558140665293
5429,0.0016476528253406286,5429,0.0016429328825324774,0.0016426558140665293
5430,0.0016476528253406286,5430,0.0016429328825324774,0.0016426558140665293
5431,0.0016476528253406286,5431,0.0016429328825324774,0.0016426558140665293
5432,0.0016476528253406286,5432,0.0016429328825324774,0.0016426558140665293
5433,0.0016476528253406286,5433,0.0016429328825324774,0.0016426558140665293
5434,0.0016476528253406286,5434,0.0016429328825324774,0.0016426558140665293
5435,0.0016476528253406286,5435,0.0016429328825324774,0.0016426558140665293
5436,0.0016476528253406286,5436,0.0016429328825324774,0.0016426558140665293
5437,0.0016476528253406286,5437,0.0016429328825324774,0.0016426558140665293
5438,0.0016476528253406286,5438,0.0016429328825324774,0.0016426558140665293
5439,0.0016476528253406286,5439,0.0016429328825324774,0.0016426558140665293
5440,0.0016476528253406286,5440,0.0016429328825324774,0.0016426558140665293
5441,0.0016476528253406286,5441,0.0016429328825324774,0.0016426558140665293
5442,0.0016476528253406286,5442,0.0016429328825324774,0.0016426558140665293
5443,0.0016476528253406286,5443,0.0016429328825324774,0.0016426558140665293
5444,0.0016476528253406286,5444,0.0016429328825324774,0.0016426558140665293
5445,0.0016476528253406286,5445,0.0016429328825324774,0.0016426558140665293
5446,0.0016476528253406286,5446,0.0016429328825324774,0.0016426558140665293
5447,0.0016476528253406286,5447,0.0016429328825324774,0.0016426558140665293
5448,0.0016476528253406286,5448,0.0016429328825324774,0.0016426558140665293
5449,0.0016476528253406286,5449,0.0016429328825324774,0.0016426558140665293
5450,0.0016476528253406286,5450,0.0016429328825324774,0.0016426558140665293
5451,0.0016476528253406286,5451,0.0016429328825324774,0.0016426558140665293
5452,0.0016476528253406286,5452,0.0016429328825324774,0.0016426558140665293
5453,0.0016476528253406286,5453,0.0016429328825324774,0.0016426558140665293
5454,0.0016476528253406286,5454,0.0016429328825324774,0.0016426558140665293
5455,0.0016476528253406286,5455,0.0016429328825324774,0.0016426558140665293
5456,0.0016476528253406286,5456,0.0016429328825324774,0.0016426558140665293
5457,0.0016476528253406286,5457,0.0016429328825324774,0.0016426558140665293
5458,0.0016476528253406286,5458,0.0016429328825324774,0.0016426558140665293
5459,0.0016476528253406286,5459,0.0016429328825324774,0.0016426558140665293
5460,0.0016476528253406286,5460,0.0016429328825324774,0.0016426558140665293
5461,0.0016476528253406286,5461,0.0016429328825324774,0.0016426558140665293
5462,0.0016476528253406286,5462,0.0016429328825324774,0.0016426558140665293
5463,0.0016476528253406286,5463,0.0016429328825324774,0.0016426558140665293
5464,0.0016476528253406286,5464,0.0016429328825324774,0.0016426558140665293
5465,0.0016476528253406286,5465,0.0016429328825324774,0.0016426558140665293
5466,0.0016476528253406286,5466,0.0016429328825324774,0.0016426558140665293
5467,0.0016476528253406286,5467,0.0016429328825324774,0.0016426558140665293
5468,0.0016476528253406286,5468,0.0016429328825324774,0.0016426558140665293
5469,0.0016476528253406286,5469,0.0016429328825324774,0.0016426558140665293
5470,0.0016476528253406286,5470,0.0016429328825324774,0.0016426558140665293
5471,0.0016476528253406286,5471,0.0016429328825324774,0.0016426558140665293
5472,0.0016476528253406286,5472,0.0016429328825324774,0.0016426558140665293
5473,0.0016476528253406286,5473,0.0016429328825324774,0.0016426558140665293
5474,0.0016476528253406286,5474,0.0016429328825324774,0.0016426558140665293
5475,0.0016476528253406286,5475,0.0016429328825324774,0.0016426558140665293
5476,0.0016476528253406286,5476,0.0016429328825324774,0.0016426558140665293
5477,0.0016476528253406286,5477,0.0016429328825324774,0.0016426558140665293
5478,0.0016476528253406286,5478,0.0016429328825324774,0.0016426558140665293
5479,0.0016476528253406286,5479,0.0016429328825324774,0.0016426558140665293
5480,0.0016476528253406286,5480,0.0016429328825324774,0.0016426558140665293
5481,0.0016476528253406286,5481,0.0016429328825324774,0.0016426558140665293
5482,0.0016476528253406286,5482,0.0016429328825324774,0.0016426558140665293
5483,0.0016476528253406286,5483,0.0016429328825324774,0.0016426558140665293
5484,0.0016476528253406286,5484,0.0016429328825324774,0.0016426558140665293
5485,0.0016476528253406286,5485,0.0016429328825324774,0.0016426558140665293
5486,0.0016476528253406286,5486,0.0016429328825324774,0.0016426558140665293
5487,0.0016476528253406286,5487,0.0016429328825324774,0.0016426558140665293
5488,0.0016476528253406286,5488,0.0016429328825324774,0.0016426558140665293
5489,0.0016476528253406286,5489,0.0016429328825324774,0.0016426558140665293
5490,0.0016476528253406286,5490,0.0016429328825324774,0.0016426558140665293
5491,0.0016476528253406286,5491,0.0016429328825324774,0.0016426558140665293
5492,0.0016476528253406286,5492,0.0016429328825324774,0.0016426558140665293
5493,0.0016476528253406286,5493,0.0016429328825324774,0.0016426558140665293
5494,0.0016476528253406286,5494,0.0016429328825324774,0.0016426558140665293
5495,0.0016476528253406286,5495,0.0016429328825324774,0.0016426558140665293
5496,0.0016476528253406286,5496,0.0016429328825324774,0.0016426558140665293
5497,0.0016476528253406286,5497,0.0016429328825324774,0.0016426558140665293
5498,0.0016476528253406286,5498,0.0016429328825324774,0.0016426558140665293
5499,0.0016476528253406286,5499,0.0016429328825324774,0.0016426558140665293
5500,0.0016476735472679138,5500,0.00164293241687119,0.001642655348405242
5501,0.0016476735472679138,5501,0.00164293241687119,0.001642655348405242
5502,0.0016476735472679138,5502,0.00164293241687119,0.001642655348405242
5503,0.0016476735472679138,5503,0.00164293241687119,0.001642655348405242
5504,0.0016476735472679138,5504,0.00164293241687119,0.001642655348405242
5505,0.0016476735472679138,5505,0.00164293241687119,0.001642655348405242
5506,0.0016476735472679138,5506,0.00164293241687119,0.001642655348405242
5507,0.0016476735472679138,5507,0.00164293241687119,0.001642655348405242
5508,0.0016476735472679138,5508,0.00164293241687119,0.001642655348405242
5509,0.0016476735472679138,5509,0.00164293241687119,0.001642655348405242
5510,0.0016476735472679138,5510,0.00164293241687119,0.001642655348405242
5511,0.0016476735472679138,5511,0.00164293241687119,0.001642655348405242
5512,0.0016476735472679138,5512,0.00164293241687119,0.001642655348405242
5513,0.0016476735472679138,5513,0.00164293241687119,0.001642655348405242
5514,0.0016476735472679138,5514,0.00164293241687119,0.001642655348405242
5515,0.0016476735472679138,5515,0.00164293241687119,0.001642655348405242
5516,0.0016476735472679138,5516,0.00164293241687119,0.001642655348405242
5517,0.0016476735472679138,5517,0.00164293241687119,0.001642655348405242
5518,0.0016476735472679138,5518,0.00164293241687119,0.001642655348405242
5519,0.0016476735472679138,5519,0.00164293241687119,0.001642655348405242
5520,0.0016476735472679138,5520,0.00164293241687119,0.001642655348405242
5521,0.0016476735472679138,5521,0.00164293241687119,0.001642655348405242
5522,0.0016476735472679138,5522,0.00164293241687119,0.001642655348405242
5523,0.0016476735472679138,5523,0.00164293241687119,0.001642655348405242
5524,0.0016476735472679138,5524,0.00164293241687119,0.001642655348405242
5525,0.0016476735472679138,5525,0.00164293241687119,0.001642655348405242
5526,0.0016476735472679138,5526,0.00164293241687119,0.001642655348405242
5527,0.0016476735472679138,5527,0.00164293241687119,0.001642655348405242
5528,0.0016476735472679138,5528,0.00164293241687119,0.001642655348405242
5529,0.0016476735472679138,5529,0.00164293241687119,0.001642655348405242
5530,0.0016476735472679138,5530,0.00164293241687119,0.001642655348405242
5531,0.0016476735472679138,5531,0.00164293241687119,0.001642655348405242
5532,0.0016476735472679138,5532,0.00164293241687119,0.001642655348405242
5533,0.0016476735472679138,5533,0.00164293241687119,0.001642655348405242
5534,0.0016476735472679138,5534,0.00164293241687119,0.001642655348405242
5535,0.0016476735472679138,5535,0.00164293241687119,0.001642655348405242
5536,0.0016476735472679138,5536,0.00164293241687119,0.001642655348405242
5537,0.0016476735472679138,5537,0.00164293241687119,0.001642655348405242
5538,0.0016476735472679138,5538,0.00164293241687119,0.001642655348405242
5539,0.0016476735472679138,5539,0.00164293241687119,0.001642655348405242
5540,0.0016476735472679138,5540,0.00164293241687119,0.001642655348405242
5541,0.0016476735472679138,5541,0.00164293241687119,0.001642655348405242
5542,0.0016476735472679138,5542,0.00164293241687119,0.001642655348405242
5543,0.0016476735472679138,5543,0.00164293241687119,0.001642655348405242
5544,0.0016476735472679138,5544,0.00164293241687119,0.001642655348405242
5545,0.0016476735472679138,5545,0.00164293241687119,0.001642655348405242
5546,0.0016476735472679138,5546,0.00164293241687119,0.001642655348405242
5547,0.0016476735472679138,5547,0.00164293241687119,0.001642655348405242
5548,0.0016476735472679138,5548,0.00164293241687119,0.001642655348405242
5549,0.0016476735472679138,5549,0.00164293241687119,0.001642655348405242
5550,0.0016476735472679138,5550,0.00164293241687119,0.001642655348405242
5551,0.0016476735472679138,5551,0.00164293241687119,0.001642655348405242
5552,0.0016476735472679138,5552,0.00164293241687119,0.001642655348405242
5553,0.0016476735472679138,5553,0.00164293241687119,0.001642655348405242
5554,0.0016476735472679138,5554,0.00164293241687119,0.001642655348405242
5555,0.0016476735472679138,5555,0.00164293241687119,0.001642655348405242
5556,0.0016476735472679138,5556,0.00164293241687119,0.001642655348405242
5557,0.0016476735472679138,5557,0.00164293241687119,0.001642655348405242
5558,0.0016476735472679138,5558,0.00164293241687119,0.001642655348405242
5559,0.0016476735472679138,5559,0.00164293241687119,0.001642655348405242
5560,0.0016476735472679138,5560,0.00164293241687119,0.001642655348405242
5561,0.0016476735472679138,5561,0.00164293241687119,0.001642655348405242
5562,0.0016476735472679138,5562,0.00164293241687119,0.001642655348405242
5563,0.0016476735472679138,5563,0.00164293241687119,0.001642655348405242
5564,0.0016476735472679138,5564,0.00164293241687119,0.001642655348405242
5565,0.0016476735472679138,5565,0.00164293241687119,0.001642655348405242
5566,0.0016476735472679138,5566,0.00164293241687119,0.001642655348405242
5567,0.0016476735472679138,5567,0.00164293241687119,0.001642655348405242
5568,0.0016476735472679138,5568,0.00164293241687119,0.001642655348405242
5569,0.0016476735472679138,5569,0.00164293241687119,0.001642655348405242
5570,0.0016476735472679138,5570,0.00164293241687119,0.001642655348405242
5571,0.0016476735472679138,5571,0.00164293241687119,0.001642655348405242
5572,0.0016476735472679138,5572,0.00164293241687119,0.001642655348405242
5573,0.0016476735472679138,5573,0.00164293241687119,0.001642655348405242
5574,0.0016476735472679138,5574,0.00164293241687119,0.001642655348405242
5575,0.0016476735472679138,5575,0.00164293241687119,0.001642655348405242
5576,0.0016476735472679138,5576,0.00164293241687119,0.001642655348405242
5577,0.0016476735472679138,5577,0.00164293241687119,0.001642655348405242
5578,0.0016476735472679138,5578,0.00164293241687119,0.001642655348405242
5579,0.0016476735472679138,5579,0.00164293241687119,0.001642655348405242
5580,0.0016476735472679138,5580,0.00164293241687119,0.001642655348405242
5581,0.0016476735472679138,5581,0.00164293241687119,0.001642655348405242
5582,0.0016476735472679138,5582,0.00164293241687119,0.001642655348405242
5583,0.0016476735472679138,5583,0.00164293241687119,0.001642655348405242
5584,0.0016476735472679138,5584,0.00164293241687119,0.001642655348405242
5585,0.0016476735472679138,5585,0.00164293241687119,0.001642655348405242
5586,0.0016476735472679138,5586,0.00164293241687119,0.001642655348405242
5587,0.0016476735472679138,5587,0.00164293241687119,0.001642655348405242
5588,0.0016476735472679138,5588,0.00164293241687119,0.001642655348405242
5589,0.0016476735472679138,5589,0.00164293241687119,0.001642655348405242
5590,0.0016476735472679138,5590,0.00164293241687119,0.001642655348405242
5591,0.0016476735472679138,5591,0.00164293241687119,0.001642655348405242
5592,0.0016476735472679138,5592,0.00164293241687119,0.001642655348405242
5593,0.0016476735472679138,5593,0.00164293241687119,0.001642655348405242
5594,0.0016476735472679138,5594,0.00164293241687119,0.001642655348405242
5595,0.0016476735472679138,5595,0.00164293241687119,0.001642655348405242
5596,0.0016476735472679138,5596,0.00164293241687119,0.001642655348405242
5597,0.0016476735472679138,5597,0.00164293241687119,0.001642655348405242
5598,0.0016476735472679138,5598,0.00164293241687119,0.001642655348405242
5599,0.0016476735472679138,5599,0.00164293241687119,0.001642655348405242
5600,0.0016476735472679138,5600,0.00164293241687119,0.001642655348405242
5601,0.0016476735472679138,5601,0.00164293241687119,0.001642655348405242
5602,0.0016476735472679138,5602,0.00164293241687119,0.001642655348405242
5603,0.0016476735472679138,5603,0.00164293241687119,0.001642655348405242
5604,0.0016476735472679138,5604,0.00164293241687119,0.001642655348405242
5605,0.0016476735472679138,5605,0.00164293241687119,0.001642655348405242
5606,0.0016476735472679138,5606,0.00164293241687119,0.001642655348405242
5607,0.0016476735472679138,5607,0.00164293241687119,0.001642655348405242
5608,0.0016476735472679138,5608,0.00164293241687119,0.001642655348405242
5609,0.0016476735472679138,5609,0.00164293241687119,0.001642655348405242
5610,0.0016476735472679138,5610,0.00164293241687119,0.001642655348405242
5611,0.0016476735472679138,5611,0.00164293241687119,0.001642655348405242
5612,0.0016476735472679138,5612,0.00164293241687119,0.001642655348405242
5613,0.0016476735472679138,5613,0.00164293241687119,0.001642655348405242
5614,0.0016476735472679138,5614,0.00164293241687119,0.001642655348405242
5615,0.0016476735472679138,5615,0.00164293241687119,0.001642655348405242
5616,0.0016476735472679138,5616,0.00164293241687119,0.001642655348405242
5617,0.0016476735472679138,5617,0.00164293241687119,0.001642655348405242
5618,0.0016476735472679138,5618,0.00164293241687119,0.001642655348405242
5619,0.0016476735472679138,5619,0.00164293241687119,0.001642655348405242
5620,0.0016476735472679138,5620,0.00164293241687119,0.001642655348405242
5621,0.0016476735472679138,5621,0.00164293241687119,0.001642655348405242
5622,0.0016476735472679138,5622,0.00164293241687119,0.001642655348405242
5623,0.0016476735472679138,5623,0.00164293241687119,0.001642655348405242
5624,0.0016476735472679138,5624,0.00164293241687119,0.001642655348405242
5625,0.0016476735472679138,5625,0.00164293241687119,0.001642655348405242
5626,0.0016476735472679138,5626,0.00164293241687119,0.001642655348405242
5627,0.0016476735472679138,5627,0.00164293241687119,0.001642655348405242
5628,0.0016476735472679138,5628,0.00164293241687119,0.001642655348405242
5629,0.0016476735472679138,5629,0.00164293241687119,0.001642655348405242
5630,0.0016476735472679138,5630,0.00164293241687119,0.001642655348405242
5631,0.0016476735472679138,5631,0.00164293241687119,0.001642655348405242
5632,0.0016476735472679138,5632,0.00164293241687119,0.001642655348405242
5633,0.0016476735472679138,5633,0.00164293241687119,0.001642655348405242
5634,0.0016476735472679138,5634,0.00164293241687119,0.001642655348405242
5635,0.0016476735472679138,5635,0.00164293241687119,0.001642655348405242
5636,0.0016476735472679138,5636,0.00164293241687119,0.001642655348405242
5637,0.0016476735472679138,5637,0.00164293241687119,0.001642655348405242
5638,0.0016476735472679138,5638,0.00164293241687119,0.001642655348405242
5639,0.0016476735472679138,5639,0.00164293241687119,0.001642655348405242
5640,0.0016476735472679138,5640,0.00164293241687119,0.001642655348405242
5641,0.0016476735472679138,5641,0.00164293241687119,0.001642655348405242
5642,0.0016476735472679138,5642,0.00164293241687119,0.001642655348405242
5643,0.0016476735472679138,5643,0.00164293241687119,0.001642655348405242
5644,0.0016476735472679138,5644,0.00164293241687119,0.001642655348405242
5645,0.0016476735472679138,5645,0.00164293241687119,0.001642655348405242
5646,0.0016476735472679138,5646,0.00164293241687119,0.001642655348405242
5647,0.0016476735472679138,5647,0.00164293241687119,0.001642655348405242
5648,0.0016476735472679138,5648,0.00164293241687119,0.001642655348405242
5649,0.0016476735472679138,5649,0.00164293241687119,0.001642655348405242
5650,0.0016476735472679138,5650,0.00164293241687119,0.001642655348405242
5651,0.0016476735472679138,5651,0.00164293241687119,0.001642655348405242
5652,0.0016476735472679138,5652,0.00164293241687119,0.001642655348405242
5653,0.0016476735472679138,5653,0.00164293241687119,0.001642655348405242
5654,0.0016476735472679138,5654,0.00164293241687119,0.001642655348405242
5655,0.0016476735472679138,5655,0.00164293241687119,0.001642655348405242
5656,0.0016476735472679138,5656,0.00164293241687119,0.001642655348405242
5657,0.0016476735472679138,5657,0.00164293241687119,0.001642655348405242
5658,0.0016476735472679138,5658,0.00164293241687119,0.001642655348405242
5659,0.0016476735472679138,5659,0.00164293241687119,0.001642655348405242
5660,0.0016476735472679138,5660,0.00164293241687119,0.001642655348405242
5661,0.0016476735472679138,5661,0.00164293241687119,0.001642655348405242
5662,0.0016476735472679138,5662,0.00164293241687119,0.001642655348405242
5663,0.0016476735472679138,5663,0.00164293241687119,0.001642655348405242
5664,0.0016476735472679138,5664,0.00164293241687119,0.001642655348405242
5665,0.0016476735472679138,5665,0.00164293241687119,0.001642655348405242
5666,0.0016476735472679138,5666,0.00164293241687119,0.001642655348405242
5667,0.0016476735472679138,5667,0.00164293241687119,0.001642655348405242
5668,0.0016476735472679138,5668,0.00164293241687119,0.001642655348405242
5669,0.0016476735472679138,5669,0.00164293241687119,0.001642655348405242
5670,0.0016476735472679138,5670,0.00164293241687119,0.001642655348405242
5671,0.0016476735472679138,5671,0.00164293241687119,0.001642655348405242
5672,0.0016476735472679138,5672,0.00164293241687119,0.001642655348405242
5673,0.0016476735472679138,5673,0.00164293241687119,0.001642655348405242
5674,0.0016476735472679138,5674,0.00164293241687119,0.001642655348405242
5675,0.0016476735472679138,5675,0.00164293241687119,0.001642655348405242
5676,0.0016476735472679138,5676,0.00164293241687119,0.001642655348405242
5677,0.0016476735472679138,5677,0.00164293241687119,0.001642655348405242
5678,0.0016476735472679138,5678,0.00164293241687119,0.001642655348405242
5679,0.0016476735472679138,5679,0.00164293241687119,0.001642655348405242
5680,0.0016476735472679138,5680,0.00164293241687119,0.001642655348405242
5681,0.0016476735472679138,5681,0.00164293241687119,0.001642655348405242
5682,0.0016476735472679138,5682,0.00164293241687119,0.001642655348405242
5683,0.0016476735472679138,5683,0.00164293241687119,0.001642655348405242
5684,0.0016476735472679138,5684,0.00164293241687119,0.001642655348405242
5685,0.0016476735472679138,5685,0.00164293241687119,0.001642655348405242
5686,0.0016476735472679138,5686,0.00164293241687119,0.001642655348405242
5687,0.0016476735472679138,5687,0.00164293241687119,0.001642655348405242
5688,0.0016476735472679138,5688,0.00164293241687119,0.001642655348405242
5689,0.0016476735472679138,5689,0.00164293241687119,0.001642655348405242
5690,0.0016476735472679138,5690,0.00164293241687119,0.001642655348405242
5691,0.0016476735472679138,5691,0.00164293241687119,0.001642655348405242
5692,0.0016476735472679138,5692,0.00164293241687119,0.001642655348405242
5693,0.0016476735472679138,5693,0.00164293241687119,0.001642655348405242
5694,0.0016476735472679138,5694,0.00164293241687119,0.001642655348405242
5695,0.0016476735472679138,5695,0.00164293241687119,0.001642655348405242
5696,0.0016476735472679138,5696,0.00164293241687119,0.001642655348405242
5697,0.0016476735472679138,5697,0.00164293241687119,0.001642655348405242
5698,0.0016476735472679138,5698,0.00164293241687119,0.001642655348405242
5699,0.0016476735472679138,5699,0.00164293241687119,0.001642655348405242
5700,0.0016476735472679138,5700,0.00164293241687119,0.001642655348405242
5701,0.0016476735472679138,5701,0.00164293241687119,0.001642655348405242
5702,0.0016476735472679138,5702,0.00164293241687119,0.001642655348405242
5703,0.0016476735472679138,5703,0.00164293241687119,0.001642655348405242
5704,0.0016476735472679138,5704,0.00164293241687119,0.001642655348405242
5705,0.0016476735472679138,5705,0.00164293241687119,0.001642655348405242
5706,0.0016476735472679138,5706,0.00164293241687119,0.001642655348405242
5707,0.0016476735472679138,5707,0.00164293241687119,0.001642655348405242
5708,0.0016476735472679138,5708,0.00164293241687119,0.001642655348405242
5709,0.0016476735472679138,5709,0.00164293241687119,0.001642655348405242
5710,0.0016476735472679138,5710,0.00164293241687119,0.001642655348405242
5711,0.0016476735472679138,5711,0.00164293241687119,0.001642655348405242
5712,0.0016476735472679138,5712,0.00164293241687119,0.001642655348405242
5713,0.0016476735472679138,5713,0.00164293241687119,0.001642655348405242
5714,0.0016476735472679138,5714,0.00164293241687119,0.001642655348405242
5715,0.0016476735472679138,5715,0.00164293241687119,0.001642655348405242
5716,0.0016476735472679138,5716,0.00164293241687119,0.001642655348405242
5717,0.0016476735472679138,5717,0.00164293241687119,0.001642655348405242
5718,0.0016476735472679138,5718,0.00164293241687119,0.001642655348405242
5719,0.0016476735472679138,5719,0.00164293241687119,0.001642655348405242
5720,0.0016476735472679138,5720,0.00164293241687119,0.001642655348405242
5721,0.0016476735472679138,5721,0.00164293241687119,0.001642655348405242
5722,0.0016476735472679138,5722,0.00164293241687119,0.001642655348405242
5723,0.0016476735472679138,5723,0.00164293241687119,0.001642655348405242
5724,0.0016476735472679138,5724,0.00164293241687119,0.001642655348405242
5725,0.0016476735472679138,5725,0.00164293241687119,0.001642655348405242
5726,0.0016476735472679138,5726,0.00164293241687119,0.001642655348405242
5727,0.0016476735472679138,5727,0.00164293241687119,0.001642655348405242
5728,0.0016476735472679138,5728,0.00164293241687119,0.001642655348405242
5729,0.0016476735472679138,5729,0.00164293241687119,0.001642655348405242
5730,0.0016476735472679138,5730,0.00164293241687119,0.001642655348405242
5731,0.0016476735472679138,5731,0.00164293241687119,0.001642655348405242
5732,0.0016476735472679138,5732,0.00164293241687119,0.001642655348405242
5733,0.0016476735472679138,5733,0.00164293241687119,0.001642655348405242
5734,0.0016476735472679138,5734,0.00164293241687119,0.001642655348405242
5735,0.0016476735472679138,5735,0.00164293241687119,0.001642655348405242
5736,0.0016476735472679138,5736,0.00164293241687119,0.001642655348405242
5737,0.0016476735472679138,5737,0.00164293241687119,0.001642655348405242
5738,0.0016476735472679138,5738,0.00164293241687119,0.001642655348405242
5739,0.0016476735472679138,5739,0.00164293241687119,0.001642655348405242
5740,0.0016476735472679138,5740,0.00164293241687119,0.001642655348405242
5741,0.0016476735472679138,5741,0.00164293241687119,0.001642655348405242
5742,0.0016476735472679138,5742,0.00164293241687119,0.001642655348405242
5743,0.0016476735472679138,5743,0.00164293241687119,0.001642655348405242
5744,0.0016476735472679138,5744,0.00164293241687119,0.001642655348405242
5745,0.0016476735472679138,5745,0.00164293241687119,0.001642655348405242
5746,0.0016476735472679138,5746,0.00164293241687119,0.001642655348405242
5747,0.0016476735472679138,5747,0.00164293241687119,0.001642655348405242
5748,0.0016476735472679138,5748,0.00164293241687119,0.001642655348405242
5749,0.0016476735472679138,5749,0.00164293241687119,0.001642655348405242
5750,0.0016477038152515888,5750,0.001642933115363121,0.0016426551155745983
5751,0.0016477038152515888,5751,0.001642933115363121,0.0016426551155745983
5752,0.0016477038152515888,5752,0.001642933115363121,0.0016426551155745983
5753,0.0016477038152515888,5753,0.001642933115363121,0.0016426551155745983
5754,0.0016477038152515888,5754,0.001642933115363121,0.0016426551155745983
5755,0.0016477038152515888,5755,0.001642933115363121,0.0016426551155745983
5756,0.0016477038152515888,5756,0.001642933115363121,0.0016426551155745983
5757,0.0016477038152515888,5757,0.001642933115363121,0.0016426551155745983
5758,0.0016477038152515888,5758,0.001642933115363121,0.0016426551155745983
5759,0.0016477038152515888,5759,0.001642933115363121,0.0016426551155745983
5760,0.0016477038152515888,5760,0.001642933115363121,0.0016426551155745983
5761,0.0016477038152515888,5761,0.001642933115363121,0.0016426551155745983
5762,0.0016477038152515888,5762,0.001642933115363121,0.0016426551155745983
5763,0.0016477038152515888,5763,0.001642933115363121,0.0016426551155745983
5764,0.0016477038152515888,5764,0.001642933115363121,0.0016426551155745983
5765,0.0016477038152515888,5765,0.001642933115363121,0.0016426551155745983
5766,0.0016477038152515888,5766,0.001642933115363121,0.0016426551155745983
5767,0.0016477038152515888,5767,0.001642933115363121,0.0016426551155745983
5768,0.0016477038152515888,5768,0.001642933115363121,0.0016426551155745983
5769,0.0016477038152515888,5769,0.001642933115363121,0.0016426551155745983
5770,0.0016477038152515888,5770,0.001642933115363121,0.0016426551155745983
5771,0.0016477038152515888,5771,0.001642933115363121,0.0016426551155745983
5772,0.0016477038152515888,5772,0.001642933115363121,0.0016426551155745983
5773,0.0016477038152515888,5773,0.001642933115363121,0.0016426551155745983
5774,0.0016477038152515888,5774,0.001642933115363121,0.0016426551155745983
5775,0.0016477038152515888,5775,0.001642933115363121,0.0016426551155745983
5776,0.0016477038152515888,5776,0.001642933115363121,0.0016426551155745983
5777,0.0016477038152515888,5777,0.001642933115363121,0.0016426551155745983
5778,0.0016477038152515888,5778,0.001642933115363121,0.0016426551155745983
5779,0.0016477038152515888,5779,0.001642933115363121,0.0016426551155745983
5780,0.0016477038152515888,5780,0.001642933115363121,0.0016426551155745983
5781,0.0016477038152515888,5781,0.001642933115363121,0.0016426551155745983
5782,0.0016477038152515888,5782,0.001642933115363121,0.0016426551155745983
5783,0.0016477038152515888,5783,0.001642933115363121,0.0016426551155745983
5784,0.0016477038152515888,5784,0.001642933115363121,0.0016426551155745983
5785,0.0016477038152515888,5785,0.001642933115363121,0.0016426551155745983
5786,0.0016477038152515888,5786,0.001642933115363121,0.0016426551155745983
5787,0.0016477038152515888,5787,0.001642933115363121,0.0016426551155745983
5788,0.0016477038152515888,5788,0.001642933115363121,0.0016426551155745983
5789,0.0016477038152515888,5789,0.001642933115363121,0.0016426551155745983
5790,0.0016477038152515888,5790,0.001642933115363121,0.0016426551155745983
5791,0.0016477038152515888,5791,0.001642933115363121,0.0016426551155745983
5792,0.0016477038152515888,5792,0.001642933115363121,0.0016426551155745983
5793,0.0016477038152515888,5793,0.001642933115363121,0.0016426551155745983
5794,0.0016477038152515888,5794,0.001642933115363121,0.0016426551155745983
5795,0.0016477038152515888,5795,0.001642933115363121,0.0016426551155745983
5796,0.0016477038152515888,5796,0.001642933115363121,0.0016426551155745983
5797,0.0016477038152515888,5797,0.001642933115363121,0.0016426551155745983
5798,0.0016477038152515888,5798,0.001642933115363121,0.0016426551155745983
5799,0.0016477038152515888,5799,0.001642933115363121,0.0016426551155745983
5800,0.0016477038152515888,5800,0.001642933115363121,0.0016426551155745983
5801,0.0016477038152515888,5801,0.001642933115363121,0.0016426551155745983
5802,0.0016477038152515888,5802,0.001642933115363121,0.0016426551155745983
5803,0.0016477038152515888,5803,0.001642933115363121,0.0016426551155745983
5804,0.0016477038152515888,5804,0.001642933115363121,0.0016426551155745983
5805,0.0016477038152515888,5805,0.001642933115363121,0.0016426551155745983
5806,0.0016477038152515888,5806,0.001642933115363121,0.0016426551155745983
5807,0.0016477038152515888,5807,0.001642933115363121,0.0016426551155745983
5808,0.0016477038152515888,5808,0.001642933115363121,0.0016426551155745983
5809,0.0016477038152515888,5809,0.001642933115363121,0.0016426551155745983
5810,0.0016477038152515888,5810,0.001642933115363121,0.0016426551155745983
5811,0.0016477038152515888,5811,0.001642933115363121,0.0016426551155745983
5812,0.0016477038152515888,5812,0.001642933115363121,0.0016426551155745983
5813,0.0016477038152515888,5813,0.001642933115363121,0.0016426551155745983
5814,0.0016477038152515888,5814,0.001642933115363121,0.0016426551155745983
5815,0.0016477038152515888,5815,0.001642933115363121,0.0016426551155745983
5816,0.0016477038152515888,5816,0.001642933115363121,0.0016426551155745983
5817,0.0016477038152515888,5817,0.001642933115363121,0.0016426551155745983
5818,0.0016477038152515888,5818,0.001642933115363121,0.0016426551155745983
5819,0.0016477038152515888,5819,0.001642933115363121,0.0016426551155745983
5820,0.0016477038152515888,5820,0.001642933115363121,0.0016426551155745983
5821,0.0016477038152515888,5821,0.001642933115363121,0.0016426551155745983
5822,0.0016477038152515888,5822,0.001642933115363121,0.0016426551155745983
5823,0.0016477038152515888,5823,0.001642933115363121,0.0016426551155745983
5824,0.0016477038152515888,5824,0.001642933115363121,0.0016426551155745983
5825,0.0016477038152515888,5825,0.001642933115363121,0.0016426551155745983
5826,0.0016477038152515888,5826,0.001642933115363121,0.0016426551155745983
5827,0.0016477038152515888,5827,0.001642933115363121,0.0016426551155745983
5828,0.0016477038152515888,5828,0.001642933115363121,0.0016426551155745983
5829,0.0016477038152515888,5829,0.001642933115363121,0.0016426551155745983
5830,0.0016477038152515888,5830,0.001642933115363121,0.0016426551155745983
5831,0.0016477038152515888,5831,0.001642933115363121,0.0016426551155745983
5832,0.0016477038152515888,5832,0.001642933115363121,0.0016426551155745983
5833,0.0016477038152515888,5833,0.001642933115363121,0.0016426551155745983
5834,0.0016477038152515888,5834,0.001642933115363121,0.0016426551155745983
5835,0.0016477038152515888,5835,0.001642933115363121,0.0016426551155745983
5836,0.0016477038152515888,5836,0.001642933115363121,0.0016426551155745983
5837,0.0016477038152515888,5837,0.001642933115363121,0.0016426551155745983
5838,0.0016477038152515888,5838,0.001642933115363121,0.0016426551155745983
5839,0.0016477038152515888,5839,0.001642933115363121,0.0016426551155745983
5840,0.0016477038152515888,5840,0.001642933115363121,0.0016426551155745983
5841,0.0016477038152515888,5841,0.001642933115363121,0.0016426551155745983
5842,0.0016477038152515888,5842,0.001642933115363121,0.0016426551155745983
5843,0.0016477038152515888,5843,0.001642933115363121,0.0016426551155745983
5844,0.0016477038152515888,5844,0.001642933115363121,0.0016426551155745983
5845,0.0016477038152515888,5845,0.001642933115363121,0.0016426551155745983
5846,0.0016477038152515888,5846,0.001642933115363121,0.0016426551155745983
5847,0.0016477038152515888,5847,0.001642933115363121,0.0016426551155745983
5848,0.0016477038152515888,5848,0.001642933115363121,0.0016426551155745983
5849,0.0016477038152515888,5849,0.001642933115363121,0.0016426551155745983
5850,0.0016477038152515888,5850,0.001642933115363121,0.0016426551155745983
5851,0.0016477038152515888,5851,0.001642933115363121,0.0016426551155745983
5852,0.0016477038152515888,5852,0.001642933115363121,0.0016426551155745983
5853,0.0016477038152515888,5853,0.001642933115363121,0.0016426551155745983
5854,0.0016477038152515888,5854,0.001642933115363121,0.0016426551155745983
5855,0.0016477038152515888,5855,0.001642933115363121,0.0016426551155745983
5856,0.0016477038152515888,5856,0.001642933115363121,0.0016426551155745983
5857,0.0016477038152515888,5857,0.001642933115363121,0.0016426551155745983
5858,0.0016477038152515888,5858,0.001642933115363121,0.0016426551155745983
5859,0.0016477038152515888,5859,0.001642933115363121,0.0016426551155745983
5860,0.0016477038152515888,5860,0.001642933115363121,0.0016426551155745983
5861,0.0016477038152515888,5861,0.001642933115363121,0.0016426551155745983
5862,0.0016477038152515888,5862,0.001642933115363121,0.0016426551155745983
5863,0.0016477038152515888,5863,0.001642933115363121,0.0016426551155745983
5864,0.0016477038152515888,5864,0.001642933115363121,0.0016426551155745983
5865,0.0016477038152515888,5865,0.001642933115363121,0.0016426551155745983
5866,0.0016477038152515888,5866,0.001642933115363121,0.0016426551155745983
5867,0.0016477038152515888,5867,0.001642933115363121,0.0016426551155745983
5868,0.0016477038152515888,5868,0.001642933115363121,0.0016426551155745983
5869,0.0016477038152515888,5869,0.001642933115363121,0.0016426551155745983
5870,0.0016477038152515888,5870,0.001642933115363121,0.0016426551155745983
5871,0.0016477038152515888,5871,0.001642933115363121,0.0016426551155745983
5872,0.0016477038152515888,5872,0.001642933115363121,0.0016426551155745983
5873,0.0016477038152515888,5873,0.001642933115363121,0.0016426551155745983
5874,0.0016477038152515888,5874,0.001642933115363121,0.0016426551155745983
5875,0.0016477038152515888,5875,0.001642933115363121,0.0016426551155745983
5876,0.0016477038152515888,5876,0.001642933115363121,0.0016426551155745983
5877,0.0016477038152515888,5877,0.001642933115363121,0.0016426551155745983
5878,0.0016477038152515888,5878,0.001642933115363121,0.0016426551155745983
5879,0.0016477038152515888,5879,0.001642933115363121,0.0016426551155745983
5880,0.0016477038152515888,5880,0.001642933115363121,0.0016426551155745983
5881,0.0016477038152515888,5881,0.001642933115363121,0.0016426551155745983
5882,0.0016477038152515888,5882,0.001642933115363121,0.0016426551155745983
5883,0.0016477038152515888,5883,0.001642933115363121,0.0016426551155745983
5884,0.0016477038152515888,5884,0.001642933115363121,0.0016426551155745983
5885,0.0016477038152515888,5885,0.001642933115363121,0.0016426551155745983
5886,0.0016477038152515888,5886,0.001642933115363121,0.0016426551155745983
5887,0.0016477038152515888,5887,0.001642933115363121,0.0016426551155745983
5888,0.0016477038152515888,5888,0.001642933115363121,0.0016426551155745983
5889,0.0016477038152515888,5889,0.001642933115363121,0.0016426551155745983
5890,0.0016477038152515888,5890,0.001642933115363121,0.0016426551155745983
5891,0.0016477038152515888,5891,0.001642933115363121,0.0016426551155745983
5892,0.0016477038152515888,5892,0.001642933115363121,0.0016426551155745983
5893,0.0016477038152515888,5893,0.001642933115363121,0.0016426551155745983
5894,0.0016477038152515888,5894,0.001642933115363121,0.0016426551155745983
5895,0.0016477038152515888,5895,0.001642933115363121,0.0016426551155745983
5896,0.0016477038152515888,5896,0.001642933115363121,0.0016426551155745983
5897,0.0016477038152515888,5897,0.001642933115363121,0.0016426551155745983
5898,0.0016477038152515888,5898,0.001642933115363121,0.0016426551155745983
5899,0.0016477038152515888,5899,0.001642933115363121,0.0016426551155745983
5900,0.0016477038152515888,5900,0.001642933115363121,0.0016426551155745983
5901,0.0016477038152515888,5901,0.001642933115363121,0.0016426551155745983
5902,0.0016477038152515888,5902,0.001642933115363121,0.0016426551155745983
5903,0.0016477038152515888,5903,0.001642933115363121,0.0016426551155745983
5904,0.0016477038152515888,5904,0.001642933115363121,0.0016426551155745983
5905,0.0016477038152515888,5905,0.001642933115363121,0.0016426551155745983
5906,0.0016477038152515888,5906,0.001642933115363121,0.0016426551155745983
5907,0.0016477038152515888,5907,0.001642933115363121,0.0016426551155745983
5908,0.0016477038152515888,5908,0.001642933115363121,0.0016426551155745983
5909,0.0016477038152515888,5909,0.001642933115363121,0.0016426551155745983
5910,0.0016477038152515888,5910,0.001642933115363121,0.0016426551155745983
5911,0.0016477038152515888,5911,0.001642933115363121,0.0016426551155745983
5912,0.0016477038152515888,5912,0.001642933115363121,0.0016426551155745983
5913,0.0016477038152515888,5913,0.001642933115363121,0.0016426551155745983
5914,0.0016477038152515888,5914,0.001642933115363121,0.0016426551155745983
5915,0.0016477038152515888,5915,0.001642933115363121,0.0016426551155745983
5916,0.0016477038152515888,5916,0.001642933115363121,0.0016426551155745983
5917,0.0016477038152515888,5917,0.001642933115363121,0.0016426551155745983
5918,0.0016477038152515888,5918,0.001642933115363121,0.0016426551155745983
5919,0.0016477038152515888,5919,0.001642933115363121,0.0016426551155745983
5920,0.0016477038152515888,5920,0.001642933115363121,0.0016426551155745983
5921,0.0016477038152515888,5921,0.001642933115363121,0.0016426551155745983
5922,0.0016477038152515888,5922,0.001642933115363121,0.0016426551155745983
5923,0.0016477038152515888,5923,0.001642933115363121,0.0016426551155745983
5924,0.0016477038152515888,5924,0.001642933115363121,0.0016426551155745983
5925,0.0016477038152515888,5925,0.001642933115363121,0.0016426551155745983
5926,0.0016477038152515888,5926,0.001642933115363121,0.0016426551155745983
5927,0.0016477038152515888,5927,0.001642933115363121,0.0016426551155745983
5928,0.0016477038152515888,5928,0.001642933115363121,0.0016426551155745983
5929,0.0016477038152515888,5929,0.001642933115363121,0.0016426551155745983
5930,0.0016477038152515888,5930,0.001642933115363121,0.0016426551155745983
5931,0.0016477038152515888,5931,0.001642933115363121,0.0016426551155745983
5932,0.0016477038152515888,5932,0.001642933115363121,0.0016426551155745983
5933,0.0016477038152515888,5933,0.001642933115363121,0.0016426551155745983
5934,0.0016477038152515888,5934,0.001642933115363121,0.0016426551155745983
5935,0.0016477038152515888,5935,0.001642933115363121,0.0016426551155745983
5936,0.0016477038152515888,5936,0.001642933115363121,0.0016426551155745983
5937,0.0016477038152515888,5937,0.001642933115363121,0.0016426551155745983
5938,0.0016477038152515888,5938,0.001642933115363121,0.0016426551155745983
5939,0.0016477038152515888,5939,0.001642933115363121,0.0016426551155745983
5940,0.0016477038152515888,5940,0.001642933115363121,0.0016426551155745983
5941,0.0016477038152515888,5941,0.001642933115363121,0.0016426551155745983
5942,0.0016477038152515888,5942,0.001642933115363121,0.0016426551155745983
5943,0.0016477038152515888,5943,0.001642933115363121,0.0016426551155745983
5944,0.0016477038152515888,5944,0.001642933115363121,0.0016426551155745983
5945,0.0016477038152515888,5945,0.001642933115363121,0.0016426551155745983
5946,0.0016477038152515888,5946,0.001642933115363121,0.0016426551155745983
5947,0.0016477038152515888,5947,0.001642933115363121,0.0016426551155745983
5948,0.0016477038152515888,5948,0.001642933115363121,0.0016426551155745983
5949,0.0016477038152515888,5949,0.001642933115363121,0.0016426551155745983
5950,0.0016477038152515888,5950,0.001642933115363121,0.0016426551155745983
5951,0.0016477038152515888,5951,0.001642933115363121,0.0016426551155745983
5952,0.0016477038152515888,5952,0.001642933115363121,0.0016426551155745983
5953,0.0016477038152515888,5953,0.001642933115363121,0.0016426551155745983
5954,0.0016477038152515888,5954,0.001642933115363121,0.0016426551155745983
5955,0.0016477038152515888,5955,0.001642933115363121,0.0016426551155745983
5956,0.0016477038152515888,5956,0.001642933115363121,0.0016426551155745983
5957,0.0016477038152515888,5957,0.001642933115363121,0.0016426551155745983
5958,0.0016477038152515888,5958,0.001642933115363121,0.0016426551155745983
5959,0.0016477038152515888,5959,0.001642933115363121,0.0016426551155745983
5960,0.0016477038152515888,5960,0.001642933115363121,0.0016426551155745983
5961,0.0016477038152515888,5961,0.001642933115363121,0.0016426551155745983
5962,0.0016477038152515888,5962,0.001642933115363121,0.0016426551155745983
5963,0.0016477038152515888,5963,0.001642933115363121,0.0016426551155745983
5964,0.0016477038152515888,5964,0.001642933115363121,0.0016426551155745983
5965,0.0016477038152515888,5965,0.001642933115363121,0.0016426551155745983
5966,0.0016477038152515888,5966,0.001642933115363121,0.0016426551155745983
5967,0.0016477038152515888,5967,0.001642933115363121,0.0016426551155745983
5968,0.0016477038152515888,5968,0.001642933115363121,0.0016426551155745983
5969,0.0016477038152515888,5969,0.001642933115363121,0.0016426551155745983
5970,0.0016477038152515888,5970,0.001642933115363121,0.0016426551155745983
5971,0.0016477038152515888,5971,0.001642933115363121,0.0016426551155745983
5972,0.0016477038152515888,5972,0.001642933115363121,0.0016426551155745983
5973,0.0016477038152515888,5973,0.001642933115363121,0.0016426551155745983
5974,0.0016477038152515888,5974,0.001642933115363121,0.0016426551155745983
5975,0.0016477038152515888,5975,0.001642933115363121,0.0016426551155745983
5976,0.0016477038152515888,5976,0.001642933115363121,0.0016426551155745983
5977,0.0016477038152515888,5977,0.001642933115363121,0.0016426551155745983
5978,0.0016477038152515888,5978,0.001642933115363121,0.0016426551155745983
5979,0.0016477038152515888,5979,0.001642933115363121,0.0016426551155745983
5980,0.0016477038152515888,5980,0.001642933115363121,0.0016426551155745983
5981,0.0016477038152515888,5981,0.001642933115363121,0.0016426551155745983
5982,0.0016477038152515888,5982,0.001642933115363121,0.0016426551155745983
5983,0.0016477038152515888,5983,0.001642933115363121,0.0016426551155745983
5984,0.0016477038152515888,5984,0.001642933115363121,0.0016426551155745983
5985,0.0016477038152515888,5985,0.001642933115363121,0.0016426551155745983
5986,0.0016477038152515888,5986,0.001642933115363121,0.0016426551155745983
5987,0.0016477038152515888,5987,0.001642933115363121,0.0016426551155745983
5988,0.0016477038152515888,5988,0.001642933115363121,0.0016426551155745983
5989,0.0016477038152515888,5989,0.001642933115363121,0.0016426551155745983
5990,0.0016477038152515888,5990,0.001642933115363121,0.0016426551155745983
5991,0.0016477038152515888,5991,0.001642933115363121,0.0016426551155745983
5992,0.0016477038152515888,5992,0.001642933115363121,0.0016426551155745983
5993,0.0016477038152515888,5993,0.001642933115363121,0.0016426551155745983
5994,0.0016477038152515888,5994,0.001642933115363121,0.0016426551155745983
5995,0.0016477038152515888,5995,0.001642933115363121,0.0016426551155745983
5996,0.0016477038152515888,5996,0.001642933115363121,0.0016426551155745983
5997,0.0016477038152515888,5997,0.001642933115363121,0.0016426551155745983
5998,0.0016477038152515888,5998,0.001642933115363121,0.0016426551155745983
5999,0.0016477038152515888,5999,0.001642933115363121,0.0016426551155745983
6000,0.0016477187164127827,6000,0.001642933813855052,0.0016426601214334369
6001,0.0016477187164127827,6001,0.001642933813855052,0.0016426601214334369
6002,0.0016477187164127827,6002,0.001642933813855052,0.0016426601214334369
6003,0.0016477187164127827,6003,0.001642933813855052,0.0016426601214334369
6004,0.0016477187164127827,6004,0.001642933813855052,0.0016426601214334369
6005,0.0016477187164127827,6005,0.001642933813855052,0.0016426601214334369
6006,0.0016477187164127827,6006,0.001642933813855052,0.0016426601214334369
6007,0.0016477187164127827,6007,0.001642933813855052,0.0016426601214334369
6008,0.0016477187164127827,6008,0.001642933813855052,0.0016426601214334369
6009,0.0016477187164127827,6009,0.001642933813855052,0.0016426601214334369
6010,0.0016477187164127827,6010,0.001642933813855052,0.0016426601214334369
6011,0.0016477187164127827,6011,0.001642933813855052,0.0016426601214334369
6012,0.0016477187164127827,6012,0.001642933813855052,0.0016426601214334369
6013,0.0016477187164127827,6013,0.001642933813855052,0.0016426601214334369
6014,0.0016477187164127827,6014,0.001642933813855052,0.0016426601214334369
6015,0.0016477187164127827,6015,0.001642933813855052,0.0016426601214334369
6016,0.0016477187164127827,6016,0.001642933813855052,0.0016426601214334369
6017,0.0016477187164127827,6017,0.001642933813855052,0.0016426601214334369
6018,0.0016477187164127827,6018,0.001642933813855052,0.0016426601214334369
6019,0.0016477187164127827,6019,0.001642933813855052,0.0016426601214334369
6020,0.0016477187164127827,6020,0.001642933813855052,0.0016426601214334369
6021,0.0016477187164127827,6021,0.001642933813855052,0.0016426601214334369
6022,0.0016477187164127827,6022,0.001642933813855052,0.0016426601214334369
6023,0.0016477187164127827,6023,0.001642933813855052,0.0016426601214334369
6024,0.0016477187164127827,6024,0.001642933813855052,0.0016426601214334369
6025,0.0016477187164127827,6025,0.001642933813855052,0.0016426601214334369
6026,0.0016477187164127827,6026,0.001642933813855052,0.0016426601214334369
6027,0.0016477187164127827,6027,0.001642933813855052,0.0016426601214334369
6028,0.0016477187164127827,6028,0.001642933813855052,0.0016426601214334369
6029,0.0016477187164127827,6029,0.001642933813855052,0.0016426601214334369
6030,0.0016477187164127827,6030,0.001642933813855052,0.0016426601214334369
6031,0.0016477187164127827,6031,0.001642933813855052,0.0016426601214334369
6032,0.0016477187164127827,6032,0.001642933813855052,0.0016426601214334369
6033,0.0016477187164127827,6033,0.001642933813855052,0.0016426601214334369
6034,0.0016477187164127827,6034,0.001642933813855052,0.0016426601214334369
6035,0.0016477187164127827,6035,0.001642933813855052,0.0016426601214334369
6036,0.0016477187164127827,6036,0.001642933813855052,0.0016426601214334369
6037,0.0016477187164127827,6037,0.001642933813855052,0.0016426601214334369
6038,0.0016477187164127827,6038,0.001642933813855052,0.0016426601214334369
6039,0.0016477187164127827,6039,0.001642933813855052,0.0016426601214334369
6040,0.0016477187164127827,6040,0.001642933813855052,0.0016426601214334369
6041,0.0016477187164127827,6041,0.001642933813855052,0.0016426601214334369
6042,0.0016477187164127827,6042,0.001642933813855052,0.0016426601214334369
6043,0.0016477187164127827,6043,0.001642933813855052,0.0016426601214334369
6044,0.0016477187164127827,6044,0.001642933813855052,0.0016426601214334369
6045,0.0016477187164127827,6045,0.001642933813855052,0.0016426601214334369
6046,0.0016477187164127827,6046,0.001642933813855052,0.0016426601214334369
6047,0.0016477187164127827,6047,0.001642933813855052,0.0016426601214334369
6048,0.0016477187164127827,6048,0.001642933813855052,0.0016426601214334369
6049,0.0016477187164127827,6049,0.001642933813855052,0.0016426601214334369
6050,0.0016477187164127827,6050,0.001642933813855052,0.0016426601214334369
6051,0.0016477187164127827,6051,0.001642933813855052,0.0016426601214334369
6052,0.0016477187164127827,6052,0.001642933813855052,0.0016426601214334369
6053,0.0016477187164127827,6053,0.001642933813855052,0.0016426601214334369
6054,0.0016477187164127827,6054,0.001642933813855052,0.0016426601214334369
6055,0.0016477187164127827,6055,0.001642933813855052,0.0016426601214334369
6056,0.0016477187164127827,6056,0.001642933813855052,0.0016426601214334369
6057,0.0016477187164127827,6057,0.001642933813855052,0.0016426601214334369
6058,0.0016477187164127827,6058,0.001642933813855052,0.0016426601214334369
6059,0.0016477187164127827,6059,0.001642933813855052,0.0016426601214334369
6060,0.0016477187164127827,6060,0.001642933813855052,0.0016426601214334369
6061,0.0016477187164127827,6061,0.001642933813855052,0.0016426601214334369
6062,0.0016477187164127827,6062,0.001642933813855052,0.0016426601214334369
6063,0.0016477187164127827,6063,0.001642933813855052,0.0016426601214334369
6064,0.0016477187164127827,6064,0.001642933813855052,0.0016426601214334369
6065,0.0016477187164127827,6065,0.001642933813855052,0.0016426601214334369
6066,0.0016477187164127827,6066,0.001642933813855052,0.0016426601214334369
6067,0.0016477187164127827,6067,0.001642933813855052,0.0016426601214334369
6068,0.0016477187164127827,6068,0.001642933813855052,0.0016426601214334369
6069,0.0016477187164127827,6069,0.001642933813855052,0.0016426601214334369
6070,0.0016477187164127827,6070,0.001642933813855052,0.0016426601214334369
6071,0.0016477187164127827,6071,0.001642933813855052,0.0016426601214334369
6072,0.0016477187164127827,6072,0.001642933813855052,0.0016426601214334369
6073,0.0016477187164127827,6073,0.001642933813855052,0.0016426601214334369
6074,0.0016477187164127827,6074,0.001642933813855052,0.0016426601214334369
6075,0.0016477187164127827,6075,0.001642933813855052,0.0016426601214334369
6076,0.0016477187164127827,6076,0.001642933813855052,0.0016426601214334369
6077,0.0016477187164127827,6077,0.001642933813855052,0.0016426601214334369
6078,0.0016477187164127827,6078,0.001642933813855052,0.0016426601214334369
6079,0.0016477187164127827,6079,0.001642933813855052,0.0016426601214334369
6080,0.0016477187164127827,6080,0.001642933813855052,0.0016426601214334369
6081,0.0016477187164127827,6081,0.001642933813855052,0.0016426601214334369
6082,0.0016477187164127827,6082,0.001642933813855052,0.0016426601214334369
6083,0.0016477187164127827,6083,0.001642933813855052,0.0016426601214334369
6084,0.0016477187164127827,6084,0.001642933813855052,0.0016426601214334369
6085,0.0016477187164127827,6085,0.001642933813855052,0.0016426601214334369
6086,0.0016477187164127827,6086,0.001642933813855052,0.0016426601214334369
6087,0.0016477187164127827,6087,0.001642933813855052,0.0016426601214334369
6088,0.0016477187164127827,6088,0.001642933813855052,0.0016426601214334369
6089,0.0016477187164127827,6089,0.001642933813855052,0.0016426601214334369
6090,0.0016477187164127827,6090,0.001642933813855052,0.0016426601214334369
6091,0.0016477187164127827,6091,0.001642933813855052,0.0016426601214334369
6092,0.0016477187164127827,6092,0.001642933813855052,0.0016426601214334369
6093,0.0016477187164127827,6093,0.001642933813855052,0.0016426601214334369
6094,0.0016477187164127827,6094,0.001642933813855052,0.0016426601214334369
6095,0.0016477187164127827,6095,0.001642933813855052,0.0016426601214334369
6096,0.0016477187164127827,6096,0.001642933813855052,0.0016426601214334369
6097,0.0016477187164127827,6097,0.001642933813855052,0.0016426601214334369
6098,0.0016477187164127827,6098,0.001642933813855052,0.0016426601214334369
6099,0.0016477187164127827,6099,0.001642933813855052,0.0016426601214334369
6100,0.0016477187164127827,6100,0.001642933813855052,0.0016426601214334369
6101,0.0016477187164127827,6101,0.001642933813855052,0.0016426601214334369
6102,0.0016477187164127827,6102,0.001642933813855052,0.0016426601214334369
6103,0.0016477187164127827,6103,0.001642933813855052,0.0016426601214334369
6104,0.0016477187164127827,6104,0.001642933813855052,0.0016426601214334369
6105,0.0016477187164127827,6105,0.001642933813855052,0.0016426601214334369
6106,0.0016477187164127827,6106,0.001642933813855052,0.0016426601214334369
6107,0.0016477187164127827,6107,0.001642933813855052,0.0016426601214334369
6108,0.0016477187164127827,6108,0.001642933813855052,0.0016426601214334369
6109,0.0016477187164127827,6109,0.001642933813855052,0.0016426601214334369
6110,0.0016477187164127827,6110,0.001642933813855052,0.0016426601214334369
6111,0.0016477187164127827,6111,0.001642933813855052,0.0016426601214334369
6112,0.0016477187164127827,6112,0.001642933813855052,0.0016426601214334369
6113,0.0016477187164127827,6113,0.001642933813855052,0.0016426601214334369
6114,0.0016477187164127827,6114,0.001642933813855052,0.0016426601214334369
6115,0.0016477187164127827,6115,0.001642933813855052,0.0016426601214334369
6116,0.0016477187164127827,6116,0.001642933813855052,0.0016426601214334369
6117,0.0016477187164127827,6117,0.001642933813855052,0.0016426601214334369
6118,0.0016477187164127827,6118,0.001642933813855052,0.0016426601214334369
6119,0.0016477187164127827,6119,0.001642933813855052,0.0016426601214334369
6120,0.0016477187164127827,6120,0.001642933813855052,0.0016426601214334369
6121,0.0016477187164127827,6121,0.001642933813855052,0.0016426601214334369
6122,0.0016477187164127827,6122,0.001642933813855052,0.0016426601214334369
6123,0.0016477187164127827,6123,0.001642933813855052,0.0016426601214334369
6124,0.0016477187164127827,6124,0.001642933813855052,0.0016426601214334369
6125,0.0016477187164127827,6125,0.001642933813855052,0.0016426601214334369
6126,0.0016477187164127827,6126,0.001642933813855052,0.0016426601214334369
6127,0.0016477187164127827,6127,0.001642933813855052,0.0016426601214334369
6128,0.0016477187164127827,6128,0.001642933813855052,0.0016426601214334369
6129,0.0016477187164127827,6129,0.001642933813855052,0.0016426601214334369
6130,0.0016477187164127827,6130,0.001642933813855052,0.0016426601214334369
6131,0.0016477187164127827,6131,0.001642933813855052,0.0016426601214334369
6132,0.0016477187164127827,6132,0.001642933813855052,0.0016426601214334369
6133,0.0016477187164127827,6133,0.001642933813855052,0.0016426601214334369
6134,0.0016477187164127827,6134,0.001642933813855052,0.0016426601214334369
6135,0.0016477187164127827,6135,0.001642933813855052,0.0016426601214334369
6136,0.0016477187164127827,6136,0.001642933813855052,0.0016426601214334369
6137,0.0016477187164127827,6137,0.001642933813855052,0.0016426601214334369
6138,0.0016477187164127827,6138,0.001642933813855052,0.0016426601214334369
6139,0.0016477187164127827,6139,0.001642933813855052,0.0016426601214334369
6140,0.0016477187164127827,6140,0.001642933813855052,0.0016426601214334369
6141,0.0016477187164127827,6141,0.001642933813855052,0.0016426601214334369
6142,0.0016477187164127827,6142,0.001642933813855052,0.0016426601214334369
6143,0.0016477187164127827,6143,0.001642933813855052,0.0016426601214334369
6144,0.0016477187164127827,6144,0.001642933813855052,0.0016426601214334369
6145,0.0016477187164127827,6145,0.001642933813855052,0.0016426601214334369
6146,0.0016477187164127827,6146,0.001642933813855052,0.0016426601214334369
6147,0.0016477187164127827,6147,0.001642933813855052,0.0016426601214334369
6148,0.0016477187164127827,6148,0.001642933813855052,0.0016426601214334369
6149,0.0016477187164127827,6149,0.001642933813855052,0.0016426601214334369
6150,0.0016477187164127827,6150,0.001642933813855052,0.0016426601214334369
6151,0.0016477187164127827,6151,0.001642933813855052,0.0016426601214334369
6152,0.0016477187164127827,6152,0.001642933813855052,0.0016426601214334369
6153,0.0016477187164127827,6153,0.001642933813855052,0.0016426601214334369
6154,0.0016477187164127827,6154,0.001642933813855052,0.0016426601214334369
6155,0.0016477187164127827,6155,0.001642933813855052,0.0016426601214334369
6156,0.0016477187164127827,6156,0.001642933813855052,0.0016426601214334369
6157,0.0016477187164127827,6157,0.001642933813855052,0.0016426601214334369
6158,0.0016477187164127827,6158,0.001642933813855052,0.0016426601214334369
6159,0.0016477187164127827,6159,0.001642933813855052,0.0016426601214334369
6160,0.0016477187164127827,6160,0.001642933813855052,0.0016426601214334369
6161,0.0016477187164127827,6161,0.001642933813855052,0.0016426601214334369
6162,0.0016477187164127827,6162,0.001642933813855052,0.0016426601214334369
6163,0.0016477187164127827,6163,0.001642933813855052,0.0016426601214334369
6164,0.0016477187164127827,6164,0.001642933813855052,0.0016426601214334369
6165,0.0016477187164127827,6165,0.001642933813855052,0.0016426601214334369
6166,0.0016477187164127827,6166,0.001642933813855052,0.0016426601214334369
6167,0.0016477187164127827,6167,0.001642933813855052,0.0016426601214334369
6168,0.0016477187164127827,6168,0.001642933813855052,0.0016426601214334369
6169,0.0016477187164127827,6169,0.001642933813855052,0.0016426601214334369
6170,0.0016477187164127827,6170,0.001642933813855052,0.0016426601214334369
6171,0.0016477187164127827,6171,0.001642933813855052,0.0016426601214334369
6172,0.0016477187164127827,6172,0.001642933813855052,0.0016426601214334369
6173,0.0016477187164127827,6173,0.001642933813855052,0.0016426601214334369
6174,0.0016477187164127827,6174,0.001642933813855052,0.0016426601214334369
6175,0.0016477187164127827,6175,0.001642933813855052,0.0016426601214334369
6176,0.0016477187164127827,6176,0.001642933813855052,0.0016426601214334369
6177,0.0016477187164127827,6177,0.001642933813855052,0.0016426601214334369
6178,0.0016477187164127827,6178,0.001642933813855052,0.0016426601214334369
6179,0.0016477187164127827,6179,0.001642933813855052,0.0016426601214334369
6180,0.0016477187164127827,6180,0.001642933813855052,0.0016426601214334369
6181,0.0016477187164127827,6181,0.001642933813855052,0.0016426601214334369
6182,0.0016477187164127827,6182,0.001642933813855052,0.0016426601214334369
6183,0.0016477187164127827,6183,0.001642933813855052,0.0016426601214334369
6184,0.0016477187164127827,6184,0.001642933813855052,0.0016426601214334369
6185,0.0016477187164127827,6185,0.001642933813855052,0.0016426601214334369
6186,0.0016477187164127827,6186,0.001642933813855052,0.0016426601214334369
6187,0.0016477187164127827,6187,0.001642933813855052,0.0016426601214334369
6188,0.0016477187164127827,6188,0.001642933813855052,0.0016426601214334369
6189,0.0016477187164127827,6189,0.001642933813855052,0.0016426601214334369
6190,0.0016477187164127827,6190,0.001642933813855052,0.0016426601214334369
6191,0.0016477187164127827,6191,0.001642933813855052,0.0016426601214334369
6192,0.0016477187164127827,6192,0.001642933813855052,0.0016426601214334369
6193,0.0016477187164127827,6193,0.001642933813855052,0.0016426601214334369
6194,0.0016477187164127827,6194,0.001642933813855052,0.0016426601214334369
6195,0.0016477187164127827,6195,0.001642933813855052,0.0016426601214334369
6196,0.0016477187164127827,6196,0.001642933813855052,0.0016426601214334369
6197,0.0016477187164127827,6197,0.001642933813855052,0.0016426601214334369
6198,0.0016477187164127827,6198,0.001642933813855052,0.0016426601214334369
6199,0.0016477187164127827,6199,0.001642933813855052,0.0016426601214334369
6200,0.0016477187164127827,6200,0.001642933813855052,0.0016426601214334369
6201,0.0016477187164127827,6201,0.001642933813855052,0.0016426601214334369
6202,0.0016477187164127827,6202,0.001642933813855052,0.0016426601214334369
6203,0.0016477187164127827,6203,0.001642933813855052,0.0016426601214334369
6204,0.0016477187164127827,6204,0.001642933813855052,0.0016426601214334369
6205,0.0016477187164127827,6205,0.001642933813855052,0.0016426601214334369
6206,0.0016477187164127827,6206,0.001642933813855052,0.0016426601214334369
6207,0.0016477187164127827,6207,0.001642933813855052,0.0016426601214334369
6208,0.0016477187164127827,6208,0.001642933813855052,0.0016426601214334369
6209,0.0016477187164127827,6209,0.001642933813855052,0.0016426601214334369
6210,0.0016477187164127827,6210,0.001642933813855052,0.0016426601214334369
6211,0.0016477187164127827,6211,0.001642933813855052,0.0016426601214334369
6212,0.0016477187164127827,6212,0.001642933813855052,0.0016426601214334369
6213,0.0016477187164127827,6213,0.001642933813855052,0.0016426601214334369
6214,0.0016477187164127827,6214,0.001642933813855052,0.0016426601214334369
6215,0.0016477187164127827,6215,0.001642933813855052,0.0016426601214334369
6216,0.0016477187164127827,6216,0.001642933813855052,0.0016426601214334369
6217,0.0016477187164127827,6217,0.001642933813855052,0.0016426601214334369
6218,0.0016477187164127827,6218,0.001642933813855052,0.0016426601214334369
6219,0.0016477187164127827,6219,0.001642933813855052,0.0016426601214334369
6220,0.0016477187164127827,6220,0.001642933813855052,0.0016426601214334369
6221,0.0016477187164127827,6221,0.001642933813855052,0.0016426601214334369
6222,0.0016477187164127827,6222,0.001642933813855052,0.0016426601214334369
6223,0.0016477187164127827,6223,0.001642933813855052,0.0016426601214334369
6224,0.0016477187164127827,6224,0.001642933813855052,0.0016426601214334369
6225,0.0016477187164127827,6225,0.001642933813855052,0.0016426601214334369
6226,0.0016477187164127827,6226,0.001642933813855052,0.0016426601214334369
6227,0.0016477187164127827,6227,0.001642933813855052,0.0016426601214334369
6228,0.0016477187164127827,6228,0.001642933813855052,0.0016426601214334369
6229,0.0016477187164127827,6229,0.001642933813855052,0.0016426601214334369
6230,0.0016477187164127827,6230,0.001642933813855052,0.0016426601214334369
6231,0.0016477187164127827,6231,0.001642933813855052,0.0016426601214334369
6232,0.0016477187164127827,6232,0.001642933813855052,0.0016426601214334369
6233,0.0016477187164127827,6233,0.001642933813855052,0.0016426601214334369
6234,0.0016477187164127827,6234,0.001642933813855052,0.0016426601214334369
6235,0.0016477187164127827,6235,0.001642933813855052,0.0016426601214334369
6236,0.0016477187164127827,6236,0.001642933813855052,0.0016426601214334369
6237,0.0016477187164127827,6237,0.001642933813855052,0.0016426601214334369
6238,0.0016477187164127827,6238,0.001642933813855052,0.0016426601214334369
6239,0.0016477187164127827,6239,0.001642933813855052,0.0016426601214334369
6240,0.0016477187164127827,6240,0.001642933813855052,0.0016426601214334369
6241,0.0016477187164127827,6241,0.001642933813855052,0.0016426601214334369
6242,0.0016477187164127827,6242,0.001642933813855052,0.0016426601214334369
6243,0.0016477187164127827,6243,0.001642933813855052,0.0016426601214334369
6244,0.0016477187164127827,6244,0.001642933813855052,0.0016426601214334369
6245,0.0016477187164127827,6245,0.001642933813855052,0.0016426601214334369
6246,0.0016477187164127827,6246,0.001642933813855052,0.0016426601214334369
6247,0.0016477187164127827,6247,0.001642933813855052,0.0016426601214334369
6248,0.0016477187164127827,6248,0.001642933813855052,0.0016426601214334369
6249,0.0016477187164127827,6249,0.001642933813855052,0.0016426601214334369
6250,0.001647731987759471,6250,0.0016429333481937647,0.0016426669899374247
6251,0.001647731987759471,6251,0.0016429333481937647,0.0016426669899374247
6252,0.001647731987759471,6252,0.0016429333481937647,0.0016426669899374247
6253,0.001647731987759471,6253,0.0016429333481937647,0.0016426669899374247
6254,0.001647731987759471,6254,0.0016429333481937647,0.0016426669899374247
6255,0.001647731987759471,6255,0.0016429333481937647,0.0016426669899374247
6256,0.001647731987759471,6256,0.0016429333481937647,0.0016426669899374247
6257,0.001647731987759471,6257,0.0016429333481937647,0.0016426669899374247
6258,0.001647731987759471,6258,0.0016429333481937647,0.0016426669899374247
6259,0.001647731987759471,6259,0.0016429333481937647,0.0016426669899374247
6260,0.001647731987759471,6260,0.0016429333481937647,0.0016426669899374247
6261,0.001647731987759471,6261,0.0016429333481937647,0.0016426669899374247
6262,0.001647731987759471,6262,0.0016429333481937647,0.0016426669899374247
6263,0.001647731987759471,6263,0.0016429333481937647,0.0016426669899374247
6264,0.001647731987759471,6264,0.0016429333481937647,0.0016426669899374247
6265,0.001647731987759471,6265,0.0016429333481937647,0.0016426669899374247
6266,0.001647731987759471,6266,0.0016429333481937647,0.0016426669899374247
6267,0.001647731987759471,6267,0.0016429333481937647,0.0016426669899374247
6268,0.001647731987759471,6268,0.0016429333481937647,0.0016426669899374247
6269,0.001647731987759471,6269,0.0016429333481937647,0.0016426669899374247
6270,0.001647731987759471,6270,0.0016429333481937647,0.0016426669899374247
6271,0.001647731987759471,6271,0.0016429333481937647,0.0016426669899374247
6272,0.001647731987759471,6272,0.0016429333481937647,0.0016426669899374247
6273,0.001647731987759471,6273,0.0016429333481937647,0.0016426669899374247
6274,0.001647731987759471,6274,0.0016429333481937647,0.0016426669899374247
6275,0.001647731987759471,6275,0.0016429333481937647,0.0016426669899374247
6276,0.001647731987759471,6276,0.0016429333481937647,0.0016426669899374247
6277,0.001647731987759471,6277,0.0016429333481937647,0.0016426669899374247
6278,0.001647731987759471,6278,0.0016429333481937647,0.0016426669899374247
6279,0.001647731987759471,6279,0.0016429333481937647,0.0016426669899374247
6280,0.001647731987759471,6280,0.0016429333481937647,0.0016426669899374247
6281,0.001647731987759471,6281,0.0016429333481937647,0.0016426669899374247
6282,0.001647731987759471,6282,0.0016429333481937647,0.0016426669899374247
6283,0.001647731987759471,6283,0.0016429333481937647,0.0016426669899374247
6284,0.001647731987759471,6284,0.0016429333481937647,0.0016426669899374247
6285,0.001647731987759471,6285,0.0016429333481937647,0.0016426669899374247
6286,0.001647731987759471,6286,0.0016429333481937647,0.0016426669899374247
6287,0.001647731987759471,6287,0.0016429333481937647,0.0016426669899374247
6288,0.001647731987759471,6288,0.0016429333481937647,0.0016426669899374247
6289,0.001647731987759471,6289,0.0016429333481937647,0.0016426669899374247
6290,0.001647731987759471,6290,0.0016429333481937647,0.0016426669899374247
6291,0.001647731987759471,6291,0.0016429333481937647,0.0016426669899374247
6292,0.001647731987759471,6292,0.0016429333481937647,0.0016426669899374247
6293,0.001647731987759471,6293,0.0016429333481937647,0.0016426669899374247
6294,0.001647731987759471,6294,0.0016429333481937647,0.0016426669899374247
6295,0.001647731987759471,6295,0.0016429333481937647,0.0016426669899374247
6296,0.001647731987759471,6296,0.0016429333481937647,0.0016426669899374247
6297,0.001647731987759471,6297,0.0016429333481937647,0.0016426669899374247
6298,0.001647731987759471,6298,0.0016429333481937647,0.0016426669899374247
6299,0.001647731987759471,6299,0.0016429333481937647,0.0016426669899374247
6300,0.001647731987759471,6300,0.0016429333481937647,0.0016426669899374247
6301,0.001647731987759471,6301,0.0016429333481937647,0.0016426669899374247
6302,0.001647731987759471,6302,0.0016429333481937647,0.0016426669899374247
6303,0.001647731987759471,6303,0.0016429333481937647,0.0016426669899374247
6304,0.001647731987759471,6304,0.0016429333481937647,0.0016426669899374247
6305,0.001647731987759471,6305,0.0016429333481937647,0.0016426669899374247
6306,0.001647731987759471,6306,0.0016429333481937647,0.0016426669899374247
6307,0.001647731987759471,6307,0.0016429333481937647,0.0016426669899374247
6308,0.001647731987759471,6308,0.0016429333481937647,0.0016426669899374247
6309,0.001647731987759471,6309,0.0016429333481937647,0.0016426669899374247
6310,0.001647731987759471,6310,0.0016429333481937647,0.0016426669899374247
6311,0.001647731987759471,6311,0.0016429333481937647,0.0016426669899374247
6312,0.001647731987759471,6312,0.0016429333481937647,0.0016426669899374247
6313,0.001647731987759471,6313,0.0016429333481937647,0.0016426669899374247
6314,0.001647731987759471,6314,0.0016429333481937647,0.0016426669899374247
6315,0.001647731987759471,6315,0.0016429333481937647,0.0016426669899374247
6316,0.001647731987759471,6316,0.0016429333481937647,0.0016426669899374247
6317,0.001647731987759471,6317,0.0016429333481937647,0.0016426669899374247
6318,0.001647731987759471,6318,0.0016429333481937647,0.0016426669899374247
6319,0.001647731987759471,6319,0.0016429333481937647,0.0016426669899374247
6320,0.001647731987759471,6320,0.0016429333481937647,0.0016426669899374247
6321,0.001647731987759471,6321,0.0016429333481937647,0.0016426669899374247
6322,0.001647731987759471,6322,0.0016429333481937647,0.0016426669899374247
6323,0.001647731987759471,6323,0.0016429333481937647,0.0016426669899374247
6324,0.001647731987759471,6324,0.0016429333481937647,0.0016426669899374247
6325,0.001647731987759471,6325,0.0016429333481937647,0.0016426669899374247
6326,0.001647731987759471,6326,0.0016429333481937647,0.0016426669899374247
6327,0.001647731987759471,6327,0.0016429333481937647,0.0016426669899374247
6328,0.001647731987759471,6328,0.0016429333481937647,0.0016426669899374247
6329,0.001647731987759471,6329,0.0016429333481937647,0.0016426669899374247
6330,0.001647731987759471,6330,0.0016429333481937647,0.0016426669899374247
6331,0.001647731987759471,6331,0.0016429333481937647,0.0016426669899374247
6332,0.001647731987759471,6332,0.0016429333481937647,0.0016426669899374247
6333,0.001647731987759471,6333,0.0016429333481937647,0.0016426669899374247
6334,0.001647731987759471,6334,0.0016429333481937647,0.0016426669899374247
6335,0.001647731987759471,6335,0.0016429333481937647,0.0016426669899374247
6336,0.001647731987759471,6336,0.0016429333481937647,0.0016426669899374247
6337,0.001647731987759471,6337,0.0016429333481937647,0.0016426669899374247
6338,0.001647731987759471,6338,0.0016429333481937647,0.0016426669899374247
6339,0.001647731987759471,6339,0.0016429333481937647,0.0016426669899374247
6340,0.001647731987759471,6340,0.0016429333481937647,0.0016426669899374247
6341,0.001647731987759471,6341,0.0016429333481937647,0.0016426669899374247
6342,0.001647731987759471,6342,0.0016429333481937647,0.0016426669899374247
6343,0.001647731987759471,6343,0.0016429333481937647,0.0016426669899374247
6344,0.001647731987759471,6344,0.0016429333481937647,0.0016426669899374247
6345,0.001647731987759471,6345,0.0016429333481937647,0.0016426669899374247
6346,0.001647731987759471,6346,0.0016429333481937647,0.0016426669899374247
6347,0.001647731987759471,6347,0.0016429333481937647,0.0016426669899374247
6348,0.001647731987759471,6348,0.0016429333481937647,0.0016426669899374247
6349,0.001647731987759471,6349,0.0016429333481937647,0.0016426669899374247
6350,0.001647731987759471,6350,0.0016429333481937647,0.0016426669899374247
6351,0.001647731987759471,6351,0.0016429333481937647,0.0016426669899374247
6352,0.001647731987759471,6352,0.0016429333481937647,0.0016426669899374247
6353,0.001647731987759471,6353,0.0016429333481937647,0.0016426669899374247
6354,0.001647731987759471,6354,0.0016429333481937647,0.0016426669899374247
6355,0.001647731987759471,6355,0.0016429333481937647,0.0016426669899374247
6356,0.001647731987759471,6356,0.0016429333481937647,0.0016426669899374247
6357,0.001647731987759471,6357,0.0016429333481937647,0.0016426669899374247
6358,0.001647731987759471,6358,0.0016429333481937647,0.0016426669899374247
6359,0.001647731987759471,6359,0.0016429333481937647,0.0016426669899374247
6360,0.001647731987759471,6360,0.0016429333481937647,0.0016426669899374247
6361,0.001647731987759471,6361,0.0016429333481937647,0.0016426669899374247
6362,0.001647731987759471,6362,0.0016429333481937647,0.0016426669899374247
6363,0.001647731987759471,6363,0.0016429333481937647,0.0016426669899374247
6364,0.001647731987759471,6364,0.0016429333481937647,0.0016426669899374247
6365,0.001647731987759471,6365,0.0016429333481937647,0.0016426669899374247
6366,0.001647731987759471,6366,0.0016429333481937647,0.0016426669899374247
6367,0.001647731987759471,6367,0.0016429333481937647,0.0016426669899374247
6368,0.001647731987759471,6368,0.0016429333481937647,0.0016426669899374247
6369,0.001647731987759471,6369,0.0016429333481937647,0.0016426669899374247
6370,0.001647731987759471,6370,0.0016429333481937647,0.0016426669899374247
6371,0.001647731987759471,6371,0.0016429333481937647,0.0016426669899374247
6372,0.001647731987759471,6372,0.0016429333481937647,0.0016426669899374247
6373,0.001647731987759471,6373,0.0016429333481937647,0.0016426669899374247
6374,0.001647731987759471,6374,0.0016429333481937647,0.0016426669899374247
6375,0.001647731987759471,6375,0.0016429333481937647,0.0016426669899374247
6376,0.001647731987759471,6376,0.0016429333481937647,0.0016426669899374247
6377,0.001647731987759471,6377,0.0016429333481937647,0.0016426669899374247
6378,0.001647731987759471,6378,0.0016429333481937647,0.0016426669899374247
6379,0.001647731987759471,6379,0.0016429333481937647,0.0016426669899374247
6380,0.001647731987759471,6380,0.0016429333481937647,0.0016426669899374247
6381,0.001647731987759471,6381,0.0016429333481937647,0.0016426669899374247
6382,0.001647731987759471,6382,0.0016429333481937647,0.0016426669899374247
6383,0.001647731987759471,6383,0.0016429333481937647,0.0016426669899374247
6384,0.001647731987759471,6384,0.0016429333481937647,0.0016426669899374247
6385,0.001647731987759471,6385,0.0016429333481937647,0.0016426669899374247
6386,0.001647731987759471,6386,0.0016429333481937647,0.0016426669899374247
6387,0.001647731987759471,6387,0.0016429333481937647,0.0016426669899374247
6388,0.001647731987759471,6388,0.0016429333481937647,0.0016426669899374247
6389,0.001647731987759471,6389,0.0016429333481937647,0.0016426669899374247
6390,0.001647731987759471,6390,0.0016429333481937647,0.0016426669899374247
6391,0.001647731987759471,6391,0.0016429333481937647,0.0016426669899374247
6392,0.001647731987759471,6392,0.0016429333481937647,0.0016426669899374247
6393,0.001647731987759471,6393,0.0016429333481937647,0.0016426669899374247
6394,0.001647731987759471,6394,0.0016429333481937647,0.0016426669899374247
6395,0.001647731987759471,6395,0.0016429333481937647,0.0016426669899374247
6396,0.001647731987759471,6396,0.0016429333481937647,0.0016426669899374247
6397,0.001647731987759471,6397,0.0016429333481937647,0.0016426669899374247
6398,0.001647731987759471,6398,0.0016429333481937647,0.0016426669899374247
6399,0.001647731987759471,6399,0.0016429333481937647,0.0016426669899374247
6400,0.001647731987759471,6400,0.0016429333481937647,0.0016426669899374247
6401,0.001647731987759471,6401,0.0016429333481937647,0.0016426669899374247
6402,0.001647731987759471,6402,0.0016429333481937647,0.0016426669899374247
6403,0.001647731987759471,6403,0.0016429333481937647,0.0016426669899374247
6404,0.001647731987759471,6404,0.0016429333481937647,0.0016426669899374247
6405,0.001647731987759471,6405,0.0016429333481937647,0.0016426669899374247
6406,0.001647731987759471,6406,0.0016429333481937647,0.0016426669899374247
6407,0.001647731987759471,6407,0.0016429333481937647,0.0016426669899374247
6408,0.001647731987759471,6408,0.0016429333481937647,0.0016426669899374247
6409,0.001647731987759471,6409,0.0016429333481937647,0.0016426669899374247
6410,0.001647731987759471,6410,0.0016429333481937647,0.0016426669899374247
6411,0.001647731987759471,6411,0.0016429333481937647,0.0016426669899374247
6412,0.001647731987759471,6412,0.0016429333481937647,0.0016426669899374247
6413,0.001647731987759471,6413,0.0016429333481937647,0.0016426669899374247
6414,0.001647731987759471,6414,0.0016429333481937647,0.0016426669899374247
6415,0.001647731987759471,6415,0.0016429333481937647,0.0016426669899374247
6416,0.001647731987759471,6416,0.0016429333481937647,0.0016426669899374247
6417,0.001647731987759471,6417,0.0016429333481937647,0.0016426669899374247
6418,0.001647731987759471,6418,0.0016429333481937647,0.0016426669899374247
6419,0.001647731987759471,6419,0.0016429333481937647,0.0016426669899374247
6420,0.001647731987759471,6420,0.0016429333481937647,0.0016426669899374247
6421,0.001647731987759471,6421,0.0016429333481937647,0.0016426669899374247
6422,0.001647731987759471,6422,0.0016429333481937647,0.0016426669899374247
6423,0.001647731987759471,6423,0.0016429333481937647,0.0016426669899374247
6424,0.001647731987759471,6424,0.0016429333481937647,0.0016426669899374247
6425,0.001647731987759471,6425,0.0016429333481937647,0.0016426669899374247
6426,0.001647731987759471,6426,0.0016429333481937647,0.0016426669899374247
6427,0.001647731987759471,6427,0.0016429333481937647,0.0016426669899374247
6428,0.001647731987759471,6428,0.0016429333481937647,0.0016426669899374247
6429,0.001647731987759471,6429,0.0016429333481937647,0.0016426669899374247
6430,0.001647731987759471,6430,0.0016429333481937647,0.0016426669899374247
6431,0.001647731987759471,6431,0.0016429333481937647,0.0016426669899374247
6432,0.001647731987759471,6432,0.0016429333481937647,0.0016426669899374247
6433,0.001647731987759471,6433,0.0016429333481937647,0.0016426669899374247
6434,0.001647731987759471,6434,0.0016429333481937647,0.0016426669899374247
6435,0.001647731987759471,6435,0.0016429333481937647,0.0016426669899374247
6436,0.001647731987759471,6436,0.0016429333481937647,0.0016426669899374247
6437,0.001647731987759471,6437,0.0016429333481937647,0.0016426669899374247
6438,0.001647731987759471,6438,0.0016429333481937647,0.0016426669899374247
6439,0.001647731987759471,6439,0.0016429333481937647,0.0016426669899374247
6440,0.001647731987759471,6440,0.0016429333481937647,0.0016426669899374247
6441,0.001647731987759471,6441,0.0016429333481937647,0.0016426669899374247
6442,0.001647731987759471,6442,0.0016429333481937647,0.0016426669899374247
6443,0.001647731987759471,6443,0.0016429333481937647,0.0016426669899374247
6444,0.001647731987759471,6444,0.0016429333481937647,0.0016426669899374247
6445,0.001647731987759471,6445,0.0016429333481937647,0.0016426669899374247
6446,0.001647731987759471,6446,0.0016429333481937647,0.0016426669899374247
6447,0.001647731987759471,6447,0.0016429333481937647,0.0016426669899374247
6448,0.001647731987759471,6448,0.0016429333481937647,0.0016426669899374247
6449,0.001647731987759471,6449,0.0016429333481937647,0.0016426669899374247
6450,0.001647731987759471,6450,0.0016429333481937647,0.0016426669899374247
6451,0.001647731987759471,6451,0.0016429333481937647,0.0016426669899374247
6452,0.001647731987759471,6452,0.0016429333481937647,0.0016426669899374247
6453,0.001647731987759471,6453,0.0016429333481937647,0.0016426669899374247
6454,0.001647731987759471,6454,0.0016429333481937647,0.0016426669899374247
6455,0.001647731987759471,6455,0.0016429333481937647,0.0016426669899374247
6456,0.001647731987759471,6456,0.0016429333481937647,0.0016426669899374247
6457,0.001647731987759471,6457,0.0016429333481937647,0.0016426669899374247
6458,0.001647731987759471,6458,0.0016429333481937647,0.0016426669899374247
6459,0.001647731987759471,6459,0.0016429333481937647,0.0016426669899374247
6460,0.001647731987759471,6460,0.0016429333481937647,0.0016426669899374247
6461,0.001647731987759471,6461,0.0016429333481937647,0.0016426669899374247
6462,0.001647731987759471,6462,0.0016429333481937647,0.0016426669899374247
6463,0.001647731987759471,6463,0.0016429333481937647,0.0016426669899374247
6464,0.001647731987759471,6464,0.0016429333481937647,0.0016426669899374247
6465,0.001647731987759471,6465,0.0016429333481937647,0.0016426669899374247
6466,0.001647731987759471,6466,0.0016429333481937647,0.0016426669899374247
6467,0.001647731987759471,6467,0.0016429333481937647,0.0016426669899374247
6468,0.001647731987759471,6468,0.0016429333481937647,0.0016426669899374247
6469,0.001647731987759471,6469,0.0016429333481937647,0.0016426669899374247
6470,0.001647731987759471,6470,0.0016429333481937647,0.0016426669899374247
6471,0.001647731987759471,6471,0.0016429333481937647,0.0016426669899374247
6472,0.001647731987759471,6472,0.0016429333481937647,0.0016426669899374247
6473,0.001647731987759471,6473,0.0016429333481937647,0.0016426669899374247
6474,0.001647731987759471,6474,0.0016429333481937647,0.0016426669899374247
6475,0.001647731987759471,6475,0.0016429333481937647,0.0016426669899374247
6476,0.001647731987759471,6476,0.0016429333481937647,0.0016426669899374247
6477,0.001647731987759471,6477,0.0016429333481937647,0.0016426669899374247
6478,0.001647731987759471,6478,0.0016429333481937647,0.0016426669899374247
6479,0.001647731987759471,6479,0.0016429333481937647,0.0016426669899374247
6480,0.001647731987759471,6480,0.0016429333481937647,0.0016426669899374247
6481,0.001647731987759471,6481,0.0016429333481937647,0.0016426669899374247
6482,0.001647731987759471,6482,0.0016429333481937647,0.0016426669899374247
6483,0.001647731987759471,6483,0.0016429333481937647,0.0016426669899374247
6484,0.001647731987759471,6484,0.0016429333481937647,0.0016426669899374247
6485,0.001647731987759471,6485,0.0016429333481937647,0.0016426669899374247
6486,0.001647731987759471,6486,0.0016429333481937647,0.0016426669899374247
6487,0.001647731987759471,6487,0.0016429333481937647,0.0016426669899374247
6488,0.001647731987759471,6488,0.0016429333481937647,0.0016426669899374247
6489,0.001647731987759471,6489,0.0016429333481937647,0.0016426669899374247
6490,0.001647731987759471,6490,0.0016429333481937647,0.0016426669899374247
6491,0.001647731987759471,6491,0.0016429333481937647,0.0016426669899374247
6492,0.001647731987759471,6492,0.0016429333481937647,0.0016426669899374247
6493,0.001647731987759471,6493,0.0016429333481937647,0.0016426669899374247
6494,0.001647731987759471,6494,0.0016429333481937647,0.0016426669899374247
6495,0.001647731987759471,6495,0.0016429333481937647,0.0016426669899374247
6496,0.001647731987759471,6496,0.0016429333481937647,0.0016426669899374247
6497,0.001647731987759471,6497,0.0016429333481937647,0.0016426669899374247
6498,0.001647731987759471,6498,0.0016429333481937647,0.0016426669899374247
6499,0.001647731987759471,6499,0.0016429333481937647,0.0016426669899374247
6500,0.0016477429307997227,6500,0.0016429949318990111,0.001642662682570517
6501,0.0016477429307997227,6501,0.0016429949318990111,0.001642662682570517
6502,0.0016477429307997227,6502,0.0016429949318990111,0.001642662682570517
6503,0.0016477429307997227,6503,0.0016429949318990111,0.001642662682570517
6504,0.0016477429307997227,6504,0.0016429949318990111,0.001642662682570517
6505,0.0016477429307997227,6505,0.0016429949318990111,0.001642662682570517
6506,0.0016477429307997227,6506,0.0016429949318990111,0.001642662682570517
6507,0.0016477429307997227,6507,0.0016429949318990111,0.001642662682570517
6508,0.0016477429307997227,6508,0.0016429949318990111,0.001642662682570517
6509,0.0016477429307997227,6509,0.0016429949318990111,0.001642662682570517
6510,0.0016477429307997227,6510,0.0016429949318990111,0.001642662682570517
6511,0.0016477429307997227,6511,0.0016429949318990111,0.001642662682570517
6512,0.0016477429307997227,6512,0.0016429949318990111,0.001642662682570517
6513,0.0016477429307997227,6513,0.0016429949318990111,0.001642662682570517
6514,0.0016477429307997227,6514,0.0016429949318990111,0.001642662682570517
6515,0.0016477429307997227,6515,0.0016429949318990111,0.001642662682570517
6516,0.0016477429307997227,6516,0.0016429949318990111,0.001642662682570517
6517,0.0016477429307997227,6517,0.0016429949318990111,0.001642662682570517
6518,0.0016477429307997227,6518,0.0016429949318990111,0.001642662682570517
6519,0.0016477429307997227,6519,0.0016429949318990111,0.001642662682570517
6520,0.0016477429307997227,6520,0.0016429949318990111,0.001642662682570517
6521,0.0016477429307997227,6521,0.0016429949318990111,0.001642662682570517
6522,0.0016477429307997227,6522,0.0016429949318990111,0.001642662682570517
6523,0.0016477429307997227,6523,0.0016429949318990111,0.001642662682570517
6524,0.0016477429307997227,6524,0.0016429949318990111,0.001642662682570517
6525,0.0016477429307997227,6525,0.0016429949318990111,0.001642662682570517
6526,0.0016477429307997227,6526,0.0016429949318990111,0.001642662682570517
6527,0.0016477429307997227,6527,0.0016429949318990111,0.001642662682570517
6528,0.0016477429307997227,6528,0.0016429949318990111,0.001642662682570517
6529,0.0016477429307997227,6529,0.0016429949318990111,0.001642662682570517
6530,0.0016477429307997227,6530,0.0016429949318990111,0.001642662682570517
6531,0.0016477429307997227,6531,0.0016429949318990111,0.001642662682570517
6532,0.0016477429307997227,6532,0.0016429949318990111,0.001642662682570517
6533,0.0016477429307997227,6533,0.0016429949318990111,0.001642662682570517
6534,0.0016477429307997227,6534,0.0016429949318990111,0.001642662682570517
6535,0.0016477429307997227,6535,0.0016429949318990111,0.001642662682570517
6536,0.0016477429307997227,6536,0.0016429949318990111,0.001642662682570517
6537,0.0016477429307997227,6537,0.0016429949318990111,0.001642662682570517
6538,0.0016477429307997227,6538,0.0016429949318990111,0.001642662682570517
6539,0.0016477429307997227,6539,0.0016429949318990111,0.001642662682570517
6540,0.0016477429307997227,6540,0.0016429949318990111,0.001642662682570517
6541,0.0016477429307997227,6541,0.0016429949318990111,0.001642662682570517
6542,0.0016477429307997227,6542,0.0016429949318990111,0.001642662682570517
6543,0.0016477429307997227,6543,0.0016429949318990111,0.001642662682570517
6544,0.0016477429307997227,6544,0.0016429949318990111,0.001642662682570517
6545,0.0016477429307997227,6545,0.0016429949318990111,0.001642662682570517
6546,0.0016477429307997227,6546,0.0016429949318990111,0.001642662682570517
6547,0.0016477429307997227,6547,0.0016429949318990111,0.001642662682570517
6548,0.0016477429307997227,6548,0.0016429949318990111,0.001642662682570517
6549,0.0016477429307997227,6549,0.0016429949318990111,0.001642662682570517
6550,0.0016477429307997227,6550,0.0016429949318990111,0.001642662682570517
6551,0.0016477429307997227,6551,0.0016429949318990111,0.001642662682570517
6552,0.0016477429307997227,6552,0.0016429949318990111,0.001642662682570517
6553,0.0016477429307997227,6553,0.0016429949318990111,0.001642662682570517
6554,0.0016477429307997227,6554,0.0016429949318990111,0.001642662682570517
6555,0.0016477429307997227,6555,0.0016429949318990111,0.001642662682570517
6556,0.0016477429307997227,6556,0.0016429949318990111,0.001642662682570517
6557,0.0016477429307997227,6557,0.0016429949318990111,0.001642662682570517
6558,0.0016477429307997227,6558,0.0016429949318990111,0.001642662682570517
6559,0.0016477429307997227,6559,0.0016429949318990111,0.001642662682570517
6560,0.0016477429307997227,6560,0.0016429949318990111,0.001642662682570517
6561,0.0016477429307997227,6561,0.0016429949318990111,0.001642662682570517
6562,0.0016477429307997227,6562,0.0016429949318990111,0.001642662682570517
6563,0.0016477429307997227,6563,0.0016429949318990111,0.001642662682570517
6564,0.0016477429307997227,6564,0.0016429949318990111,0.001642662682570517
6565,0.0016477429307997227,6565,0.0016429949318990111,0.001642662682570517
6566,0.0016477429307997227,6566,0.0016429949318990111,0.001642662682570517
6567,0.0016477429307997227,6567,0.0016429949318990111,0.001642662682570517
6568,0.0016477429307997227,6568,0.0016429949318990111,0.001642662682570517
6569,0.0016477429307997227,6569,0.0016429949318990111,0.001642662682570517
6570,0.0016477429307997227,6570,0.0016429949318990111,0.001642662682570517
6571,0.0016477429307997227,6571,0.0016429949318990111,0.001642662682570517
6572,0.0016477429307997227,6572,0.0016429949318990111,0.001642662682570517
6573,0.0016477429307997227,6573,0.0016429949318990111,0.001642662682570517
6574,0.0016477429307997227,6574,0.0016429949318990111,0.001642662682570517
6575,0.0016477429307997227,6575,0.0016429949318990111,0.001642662682570517
6576,0.0016477429307997227,6576,0.0016429949318990111,0.001642662682570517
6577,0.0016477429307997227,6577,0.0016429949318990111,0.001642662682570517
6578,0.0016477429307997227,6578,0.0016429949318990111,0.001642662682570517
6579,0.0016477429307997227,6579,0.0016429949318990111,0.001642662682570517
6580,0.0016477429307997227,6580,0.0016429949318990111,0.001642662682570517
6581,0.0016477429307997227,6581,0.0016429949318990111,0.001642662682570517
6582,0.0016477429307997227,6582,0.0016429949318990111,0.001642662682570517
6583,0.0016477429307997227,6583,0.0016429949318990111,0.001642662682570517
6584,0.0016477429307997227,6584,0.0016429949318990111,0.001642662682570517
6585,0.0016477429307997227,6585,0.0016429949318990111,0.001642662682570517
6586,0.0016477429307997227,6586,0.0016429949318990111,0.001642662682570517
6587,0.0016477429307997227,6587,0.0016429949318990111,0.001642662682570517
6588,0.0016477429307997227,6588,0.0016429949318990111,0.001642662682570517
6589,0.0016477429307997227,6589,0.0016429949318990111,0.001642662682570517
6590,0.0016477429307997227,6590,0.0016429949318990111,0.001642662682570517
6591,0.0016477429307997227,6591,0.0016429949318990111,0.001642662682570517
6592,0.0016477429307997227,6592,0.0016429949318990111,0.001642662682570517
6593,0.0016477429307997227,6593,0.0016429949318990111,0.001642662682570517
6594,0.0016477429307997227,6594,0.0016429949318990111,0.001642662682570517
6595,0.0016477429307997227,6595,0.0016429949318990111,0.001642662682570517
6596,0.0016477429307997227,6596,0.0016429949318990111,0.001642662682570517
6597,0.0016477429307997227,6597,0.0016429949318990111,0.001642662682570517
6598,0.0016477429307997227,6598,0.0016429949318990111,0.001642662682570517
6599,0.0016477429307997227,6599,0.0016429949318990111,0.001642662682570517
6600,0.0016477429307997227,6600,0.0016429949318990111,0.001642662682570517
6601,0.0016477429307997227,6601,0.0016429949318990111,0.001642662682570517
6602,0.0016477429307997227,6602,0.0016429949318990111,0.001642662682570517
6603,0.0016477429307997227,6603,0.0016429949318990111,0.001642662682570517
6604,0.0016477429307997227,6604,0.0016429949318990111,0.001642662682570517
6605,0.0016477429307997227,6605,0.0016429949318990111,0.001642662682570517
6606,0.0016477429307997227,6606,0.0016429949318990111,0.001642662682570517
6607,0.0016477429307997227,6607,0.0016429949318990111,0.001642662682570517
6608,0.0016477429307997227,6608,0.0016429949318990111,0.001642662682570517
6609,0.0016477429307997227,6609,0.0016429949318990111,0.001642662682570517
6610,0.0016477429307997227,6610,0.0016429949318990111,0.001642662682570517
6611,0.0016477429307997227,6611,0.0016429949318990111,0.001642662682570517
6612,0.0016477429307997227,6612,0.0016429949318990111,0.001642662682570517
6613,0.0016477429307997227,6613,0.0016429949318990111,0.001642662682570517
6614,0.0016477429307997227,6614,0.0016429949318990111,0.001642662682570517
6615,0.0016477429307997227,6615,0.0016429949318990111,0.001642662682570517
6616,0.0016477429307997227,6616,0.0016429949318990111,0.001642662682570517
6617,0.0016477429307997227,6617,0.0016429949318990111,0.001642662682570517
6618,0.0016477429307997227,6618,0.0016429949318990111,0.001642662682570517
6619,0.0016477429307997227,6619,0.0016429949318990111,0.001642662682570517
6620,0.0016477429307997227,6620,0.0016429949318990111,0.001642662682570517
6621,0.0016477429307997227,6621,0.0016429949318990111,0.001642662682570517
6622,0.0016477429307997227,6622,0.0016429949318990111,0.001642662682570517
6623,0.0016477429307997227,6623,0.0016429949318990111,0.001642662682570517
6624,0.0016477429307997227,6624,0.0016429949318990111,0.001642662682570517
6625,0.0016477429307997227,6625,0.0016429949318990111,0.001642662682570517
6626,0.0016477429307997227,6626,0.0016429949318990111,0.001642662682570517
6627,0.0016477429307997227,6627,0.0016429949318990111,0.001642662682570517
6628,0.0016477429307997227,6628,0.0016429949318990111,0.001642662682570517
6629,0.0016477429307997227,6629,0.0016429949318990111,0.001642662682570517
6630,0.0016477429307997227,6630,0.0016429949318990111,0.001642662682570517
6631,0.0016477429307997227,6631,0.0016429949318990111,0.001642662682570517
6632,0.0016477429307997227,6632,0.0016429949318990111,0.001642662682570517
6633,0.0016477429307997227,6633,0.0016429949318990111,0.001642662682570517
6634,0.0016477429307997227,6634,0.0016429949318990111,0.001642662682570517
6635,0.0016477429307997227,6635,0.0016429949318990111,0.001642662682570517
6636,0.0016477429307997227,6636,0.0016429949318990111,0.001642662682570517
6637,0.0016477429307997227,6637,0.0016429949318990111,0.001642662682570517
6638,0.0016477429307997227,6638,0.0016429949318990111,0.001642662682570517
6639,0.0016477429307997227,6639,0.0016429949318990111,0.001642662682570517
6640,0.0016477429307997227,6640,0.0016429949318990111,0.001642662682570517
6641,0.0016477429307997227,6641,0.0016429949318990111,0.001642662682570517
6642,0.0016477429307997227,6642,0.0016429949318990111,0.001642662682570517
6643,0.0016477429307997227,6643,0.0016429949318990111,0.001642662682570517
6644,0.0016477429307997227,6644,0.0016429949318990111,0.001642662682570517
6645,0.0016477429307997227,6645,0.0016429949318990111,0.001642662682570517
6646,0.0016477429307997227,6646,0.0016429949318990111,0.001642662682570517
6647,0.0016477429307997227,6647,0.0016429949318990111,0.001642662682570517
6648,0.0016477429307997227,6648,0.0016429949318990111,0.001642662682570517
6649,0.0016477429307997227,6649,0.0016429949318990111,0.001642662682570517
6650,0.0016477429307997227,6650,0.0016429949318990111,0.001642662682570517
6651,0.0016477429307997227,6651,0.0016429949318990111,0.001642662682570517
6652,0.0016477429307997227,6652,0.0016429949318990111,0.001642662682570517
6653,0.0016477429307997227,6653,0.0016429949318990111,0.001642662682570517
6654,0.0016477429307997227,6654,0.0016429949318990111,0.001642662682570517
6655,0.0016477429307997227,6655,0.0016429949318990111,0.001642662682570517
6656,0.0016477429307997227,6656,0.0016429949318990111,0.001642662682570517
6657,0.0016477429307997227,6657,0.0016429949318990111,0.001642662682570517
6658,0.0016477429307997227,6658,0.0016429949318990111,0.001642662682570517
6659,0.0016477429307997227,6659,0.0016429949318990111,0.001642662682570517
6660,0.0016477429307997227,6660,0.0016429949318990111,0.001642662682570517
6661,0.0016477429307997227,6661,0.0016429949318990111,0.001642662682570517
6662,0.0016477429307997227,6662,0.0016429949318990111,0.001642662682570517
6663,0.0016477429307997227,6663,0.0016429949318990111,0.001642662682570517
6664,0.0016477429307997227,6664,0.0016429949318990111,0.001642662682570517
6665,0.0016477429307997227,6665,0.0016429949318990111,0.001642662682570517
6666,0.0016477429307997227,6666,0.0016429949318990111,0.001642662682570517
6667,0.0016477429307997227,6667,0.0016429949318990111,0.001642662682570517
6668,0.0016477429307997227,6668,0.0016429949318990111,0.001642662682570517
6669,0.0016477429307997227,6669,0.0016429949318990111,0.001642662682570517
6670,0.0016477429307997227,6670,0.0016429949318990111,0.001642662682570517
6671,0.0016477429307997227,6671,0.0016429949318990111,0.001642662682570517
6672,0.0016477429307997227,6672,0.0016429949318990111,0.001642662682570517
6673,0.0016477429307997227,6673,0.0016429949318990111,0.001642662682570517
6674,0.0016477429307997227,6674,0.0016429949318990111,0.001642662682570517
6675,0.0016477429307997227,6675,0.0016429949318990111,0.001642662682570517
6676,0.0016477429307997227,6676,0.0016429949318990111,0.001642662682570517
6677,0.0016477429307997227,6677,0.0016429949318990111,0.001642662682570517
6678,0.0016477429307997227,6678,0.0016429949318990111,0.001642662682570517
6679,0.0016477429307997227,6679,0.0016429949318990111,0.001642662682570517
6680,0.0016477429307997227,6680,0.0016429949318990111,0.001642662682570517
6681,0.0016477429307997227,6681,0.0016429949318990111,0.001642662682570517
6682,0.0016477429307997227,6682,0.0016429949318990111,0.001642662682570517
6683,0.0016477429307997227,6683,0.0016429949318990111,0.001642662682570517
6684,0.0016477429307997227,6684,0.0016429949318990111,0.001642662682570517
6685,0.0016477429307997227,6685,0.0016429949318990111,0.001642662682570517
6686,0.0016477429307997227,6686,0.0016429949318990111,0.001642662682570517
6687,0.0016477429307997227,6687,0.0016429949318990111,0.001642662682570517
6688,0.0016477429307997227,6688,0.0016429949318990111,0.001642662682570517
6689,0.0016477429307997227,6689,0.0016429949318990111,0.001642662682570517
6690,0.0016477429307997227,6690,0.0016429949318990111,0.001642662682570517
6691,0.0016477429307997227,6691,0.0016429949318990111,0.001642662682570517
6692,0.0016477429307997227,6692,0.0016429949318990111,0.001642662682570517
6693,0.0016477429307997227,6693,0.0016429949318990111,0.001642662682570517
6694,0.0016477429307997227,6694,0.0016429949318990111,0.001642662682570517
6695,0.0016477429307997227,6695,0.0016429949318990111,0.001642662682570517
6696,0.0016477429307997227,6696,0.0016429949318990111,0.001642662682570517
6697,0.0016477429307997227,6697,0.0016429949318990111,0.001642662682570517
6698,0.0016477429307997227,6698,0.0016429949318990111,0.001642662682570517
6699,0.0016477429307997227,6699,0.0016429949318990111,0.001642662682570517
6700,0.0016477429307997227,6700,0.0016429949318990111,0.001642662682570517
6701,0.0016477429307997227,6701,0.0016429949318990111,0.001642662682570517
6702,0.0016477429307997227,6702,0.0016429949318990111,0.001642662682570517
6703,0.0016477429307997227,6703,0.0016429949318990111,0.001642662682570517
6704,0.0016477429307997227,6704,0.0016429949318990111,0.001642662682570517
6705,0.0016477429307997227,6705,0.0016429949318990111,0.001642662682570517
6706,0.0016477429307997227,6706,0.0016429949318990111,0.001642662682570517
6707,0.0016477429307997227,6707,0.0016429949318990111,0.001642662682570517
6708,0.0016477429307997227,6708,0.0016429949318990111,0.001642662682570517
6709,0.0016477429307997227,6709,0.0016429949318990111,0.001642662682570517
6710,0.0016477429307997227,6710,0.0016429949318990111,0.001642662682570517
6711,0.0016477429307997227,6711,0.0016429949318990111,0.001642662682570517
6712,0.0016477429307997227,6712,0.0016429949318990111,0.001642662682570517
6713,0.0016477429307997227,6713,0.0016429949318990111,0.001642662682570517
6714,0.0016477429307997227,6714,0.0016429949318990111,0.001642662682570517
6715,0.0016477429307997227,6715,0.0016429949318990111,0.001642662682570517
6716,0.0016477429307997227,6716,0.0016429949318990111,0.001642662682570517
6717,0.0016477429307997227,6717,0.0016429949318990111,0.001642662682570517
6718,0.0016477429307997227,6718,0.0016429949318990111,0.001642662682570517
6719,0.0016477429307997227,6719,0.0016429949318990111,0.001642662682570517
6720,0.0016477429307997227,6720,0.0016429949318990111,0.001642662682570517
6721,0.0016477429307997227,6721,0.0016429949318990111,0.001642662682570517
6722,0.0016477429307997227,6722,0.0016429949318990111,0.001642662682570517
6723,0.0016477429307997227,6723,0.0016429949318990111,0.001642662682570517
6724,0.0016477429307997227,6724,0.0016429949318990111,0.001642662682570517
6725,0.0016477429307997227,6725,0.0016429949318990111,0.001642662682570517
6726,0.0016477429307997227,6726,0.0016429949318990111,0.001642662682570517
6727,0.0016477429307997227,6727,0.0016429949318990111,0.001642662682570517
6728,0.0016477429307997227,6728,0.0016429949318990111,0.001642662682570517
6729,0.0016477429307997227,6729,0.0016429949318990111,0.001642662682570517
6730,0.0016477429307997227,6730,0.0016429949318990111,0.001642662682570517
6731,0.0016477429307997227,6731,0.0016429949318990111,0.001642662682570517
6732,0.0016477429307997227,6732,0.0016429949318990111,0.001642662682570517
6733,0.0016477429307997227,6733,0.0016429949318990111,0.001642662682570517
6734,0.0016477429307997227,6734,0.0016429949318990111,0.001642662682570517
6735,0.0016477429307997227,6735,0.0016429949318990111,0.001642662682570517
6736,0.0016477429307997227,6736,0.0016429949318990111,0.001642662682570517
6737,0.0016477429307997227,6737,0.0016429949318990111,0.001642662682570517
6738,0.0016477429307997227,6738,0.0016429949318990111,0.001642662682570517
6739,0.0016477429307997227,6739,0.0016429949318990111,0.001642662682570517
6740,0.0016477429307997227,6740,0.0016429949318990111,0.001642662682570517
6741,0.0016477429307997227,6741,0.0016429949318990111,0.001642662682570517
6742,0.0016477429307997227,6742,0.0016429949318990111,0.001642662682570517
6743,0.0016477429307997227,6743,0.0016429949318990111,0.001642662682570517
6744,0.0016477429307997227,6744,0.0016429949318990111,0.001642662682570517
6745,0.0016477429307997227,6745,0.0016429949318990111,0.001642662682570517
6746,0.0016477429307997227,6746,0.0016429949318990111,0.001642662682570517
6747,0.0016477429307997227,6747,0.0016429949318990111,0.001642662682570517
6748,0.0016477429307997227,6748,0.0016429949318990111,0.001642662682570517
6749,0.0016477429307997227,6749,0.0016429949318990111,0.001642662682570517
6750,0.0016477119643241167,6750,0.0016429335810244083,0.0016425744397565722
6751,0.0016477119643241167,6751,0.0016429335810244083,0.0016425744397565722
6752,0.0016477119643241167,6752,0.0016429335810244083,0.0016425744397565722
6753,0.0016477119643241167,6753,0.0016429335810244083,0.0016425744397565722
6754,0.0016477119643241167,6754,0.0016429335810244083,0.0016425744397565722
6755,0.0016477119643241167,6755,0.0016429335810244083,0.0016425744397565722
6756,0.0016477119643241167,6756,0.0016429335810244083,0.0016425744397565722
6757,0.0016477119643241167,6757,0.0016429335810244083,0.0016425744397565722
6758,0.0016477119643241167,6758,0.0016429335810244083,0.0016425744397565722
6759,0.0016477119643241167,6759,0.0016429335810244083,0.0016425744397565722
6760,0.0016477119643241167,6760,0.0016429335810244083,0.0016425744397565722
6761,0.0016477119643241167,6761,0.0016429335810244083,0.0016425744397565722
6762,0.0016477119643241167,6762,0.0016429335810244083,0.0016425744397565722
6763,0.0016477119643241167,6763,0.0016429335810244083,0.0016425744397565722
6764,0.0016477119643241167,6764,0.0016429335810244083,0.0016425744397565722
6765,0.0016477119643241167,6765,0.0016429335810244083,0.0016425744397565722
6766,0.0016477119643241167,6766,0.0016429335810244083,0.0016425744397565722
6767,0.0016477119643241167,6767,0.0016429335810244083,0.0016425744397565722
6768,0.0016477119643241167,6768,0.0016429335810244083,0.0016425744397565722
6769,0.0016477119643241167,6769,0.0016429335810244083,0.0016425744397565722
6770,0.0016477119643241167,6770,0.0016429335810244083,0.0016425744397565722
6771,0.0016477119643241167,6771,0.0016429335810244083,0.0016425744397565722
6772,0.0016477119643241167,6772,0.0016429335810244083,0.0016425744397565722
6773,0.0016477119643241167,6773,0.0016429335810244083,0.0016425744397565722
6774,0.0016477119643241167,6774,0.0016429335810244083,0.0016425744397565722
6775,0.0016477119643241167,6775,0.0016429335810244083,0.0016425744397565722
6776,0.0016477119643241167,6776,0.0016429335810244083,0.0016425744397565722
6777,0.0016477119643241167,6777,0.0016429335810244083,0.0016425744397565722
6778,0.0016477119643241167,6778,0.0016429335810244083,0.0016425744397565722
6779,0.0016477119643241167,6779,0.0016429335810244083,0.0016425744397565722
6780,0.0016477119643241167,6780,0.0016429335810244083,0.0016425744397565722
6781,0.0016477119643241167,6781,0.0016429335810244083,0.0016425744397565722
6782,0.0016477119643241167,6782,0.0016429335810244083,0.0016425744397565722
6783,0.0016477119643241167,6783,0.0016429335810244083,0.0016425744397565722
6784,0.0016477119643241167,6784,0.0016429335810244083,0.0016425744397565722
6785,0.0016477119643241167,6785,0.0016429335810244083,0.0016425744397565722
6786,0.0016477119643241167,6786,0.0016429335810244083,0.0016425744397565722
6787,0.0016477119643241167,6787,0.0016429335810244083,0.0016425744397565722
6788,0.0016477119643241167,6788,0.0016429335810244083,0.0016425744397565722
6789,0.0016477119643241167,6789,0.0016429335810244083,0.0016425744397565722
6790,0.0016477119643241167,6790,0.0016429335810244083,0.0016425744397565722
6791,0.0016477119643241167,6791,0.0016429335810244083,0.0016425744397565722
6792,0.0016477119643241167,6792,0.0016429335810244083,0.0016425744397565722
6793,0.0016477119643241167,6793,0.0016429335810244083,0.0016425744397565722
6794,0.0016477119643241167,6794,0.0016429335810244083,0.0016425744397565722
6795,0.0016477119643241167,6795,0.0016429335810244083,0.0016425744397565722
6796,0.0016477119643241167,6796,0.0016429335810244083,0.0016425744397565722
6797,0.0016477119643241167,6797,0.0016429335810244083,0.0016425744397565722
6798,0.0016477119643241167,6798,0.0016429335810244083,0.0016425744397565722
6799,0.0016477119643241167,6799,0.0016429335810244083,0.0016425744397565722
6800,0.0016477119643241167,6800,0.0016429335810244083,0.0016425744397565722
6801,0.0016477119643241167,6801,0.0016429335810244083,0.0016425744397565722
6802,0.0016477119643241167,6802,0.0016429335810244083,0.0016425744397565722
6803,0.0016477119643241167,6803,0.0016429335810244083,0.0016425744397565722
6804,0.0016477119643241167,6804,0.0016429335810244083,0.0016425744397565722
6805,0.0016477119643241167,6805,0.0016429335810244083,0.0016425744397565722
6806,0.0016477119643241167,6806,0.0016429335810244083,0.0016425744397565722
6807,0.0016477119643241167,6807,0.0016429335810244083,0.0016425744397565722
6808,0.0016477119643241167,6808,0.0016429335810244083,0.0016425744397565722
6809,0.0016477119643241167,6809,0.0016429335810244083,0.0016425744397565722
6810,0.0016477119643241167,6810,0.0016429335810244083,0.0016425744397565722
6811,0.0016477119643241167,6811,0.0016429335810244083,0.0016425744397565722
6812,0.0016477119643241167,6812,0.0016429335810244083,0.0016425744397565722
6813,0.0016477119643241167,6813,0.0016429335810244083,0.0016425744397565722
6814,0.0016477119643241167,6814,0.0016429335810244083,0.0016425744397565722
6815,0.0016477119643241167,6815,0.0016429335810244083,0.0016425744397565722
6816,0.0016477119643241167,6816,0.0016429335810244083,0.0016425744397565722
6817,0.0016477119643241167,6817,0.0016429335810244083,0.0016425744397565722
6818,0.0016477119643241167,6818,0.0016429335810244083,0.0016425744397565722
6819,0.0016477119643241167,6819,0.0016429335810244083,0.0016425744397565722
6820,0.0016477119643241167,6820,0.0016429335810244083,0.0016425744397565722
6821,0.0016477119643241167,6821,0.0016429335810244083,0.0016425744397565722
6822,0.0016477119643241167,6822,0.0016429335810244083,0.0016425744397565722
6823,0.0016477119643241167,6823,0.0016429335810244083,0.0016425744397565722
6824,0.0016477119643241167,6824,0.0016429335810244083,0.0016425744397565722
6825,0.0016477119643241167,6825,0.0016429335810244083,0.0016425744397565722
6826,0.0016477119643241167,6826,0.0016429335810244083,0.0016425744397565722
6827,0.0016477119643241167,6827,0.0016429335810244083,0.0016425744397565722
6828,0.0016477119643241167,6828,0.0016429335810244083,0.0016425744397565722
6829,0.0016477119643241167,6829,0.0016429335810244083,0.0016425744397565722
6830,0.0016477119643241167,6830,0.0016429335810244083,0.0016425744397565722
6831,0.0016477119643241167,6831,0.0016429335810244083,0.0016425744397565722
6832,0.0016477119643241167,6832,0.0016429335810244083,0.0016425744397565722
6833,0.0016477119643241167,6833,0.0016429335810244083,0.0016425744397565722
6834,0.0016477119643241167,6834,0.0016429335810244083,0.0016425744397565722
6835,0.0016477119643241167,6835,0.0016429335810244083,0.0016425744397565722
6836,0.0016477119643241167,6836,0.0016429335810244083,0.0016425744397565722
6837,0.0016477119643241167,6837,0.0016429335810244083,0.0016425744397565722
6838,0.0016477119643241167,6838,0.0016429335810244083,0.0016425744397565722
6839,0.0016477119643241167,6839,0.0016429335810244083,0.0016425744397565722
6840,0.0016477119643241167,6840,0.0016429335810244083,0.0016425744397565722
6841,0.0016477119643241167,6841,0.0016429335810244083,0.0016425744397565722
6842,0.0016477119643241167,6842,0.0016429335810244083,0.0016425744397565722
6843,0.0016477119643241167,6843,0.0016429335810244083,0.0016425744397565722
6844,0.0016477119643241167,6844,0.0016429335810244083,0.0016425744397565722
6845,0.0016477119643241167,6845,0.0016429335810244083,0.0016425744397565722
6846,0.0016477119643241167,6846,0.0016429335810244083,0.0016425744397565722
6847,0.0016477119643241167,6847,0.0016429335810244083,0.0016425744397565722
6848,0.0016477119643241167,6848,0.0016429335810244083,0.0016425744397565722
6849,0.0016477119643241167,6849,0.0016429335810244083,0.0016425744397565722
6850,0.0016477119643241167,6850,0.0016429335810244083,0.0016425744397565722
6851,0.0016477119643241167,6851,0.0016429335810244083,0.0016425744397565722
6852,0.0016477119643241167,6852,0.0016429335810244083,0.0016425744397565722
6853,0.0016477119643241167,6853,0.0016429335810244083,0.0016425744397565722
6854,0.0016477119643241167,6854,0.0016429335810244083,0.0016425744397565722
6855,0.0016477119643241167,6855,0.0016429335810244083,0.0016425744397565722
6856,0.0016477119643241167,6856,0.0016429335810244083,0.0016425744397565722
6857,0.0016477119643241167,6857,0.0016429335810244083,0.0016425744397565722
6858,0.0016477119643241167,6858,0.0016429335810244083,0.0016425744397565722
6859,0.0016477119643241167,6859,0.0016429335810244083,0.0016425744397565722
6860,0.0016477119643241167,6860,0.0016429335810244083,0.0016425744397565722
6861,0.0016477119643241167,6861,0.0016429335810244083,0.0016425744397565722
6862,0.0016477119643241167,6862,0.0016429335810244083,0.0016425744397565722
6863,0.0016477119643241167,6863,0.0016429335810244083,0.0016425744397565722
6864,0.0016477119643241167,6864,0.0016429335810244083,0.0016425744397565722
6865,0.0016477119643241167,6865,0.0016429335810244083,0.0016425744397565722
6866,0.0016477119643241167,6866,0.0016429335810244083,0.0016425744397565722
6867,0.0016477119643241167,6867,0.0016429335810244083,0.0016425744397565722
6868,0.0016477119643241167,6868,0.0016429335810244083,0.0016425744397565722
6869,0.0016477119643241167,6869,0.0016429335810244083,0.0016425744397565722
6870,0.0016477119643241167,6870,0.0016429335810244083,0.0016425744397565722
6871,0.0016477119643241167,6871,0.0016429335810244083,0.0016425744397565722
6872,0.0016477119643241167,6872,0.0016429335810244083,0.0016425744397565722
6873,0.0016477119643241167,6873,0.0016429335810244083,0.0016425744397565722
6874,0.0016477119643241167,6874,0.0016429335810244083,0.0016425744397565722
6875,0.0016477119643241167,6875,0.0016429335810244083,0.0016425744397565722
6876,0.0016477119643241167,6876,0.0016429335810244083,0.0016425744397565722
6877,0.0016477119643241167,6877,0.0016429335810244083,0.0016425744397565722
6878,0.0016477119643241167,6878,0.0016429335810244083,0.0016425744397565722
6879,0.0016477119643241167,6879,0.0016429335810244083,0.0016425744397565722
6880,0.0016477119643241167,6880,0.0016429335810244083,0.0016425744397565722
6881,0.0016477119643241167,6881,0.0016429335810244083,0.0016425744397565722
6882,0.0016477119643241167,6882,0.0016429335810244083,0.0016425744397565722
6883,0.0016477119643241167,6883,0.0016429335810244083,0.0016425744397565722
6884,0.0016477119643241167,6884,0.0016429335810244083,0.0016425744397565722
6885,0.0016477119643241167,6885,0.0016429335810244083,0.0016425744397565722
6886,0.0016477119643241167,6886,0.0016429335810244083,0.0016425744397565722
6887,0.0016477119643241167,6887,0.0016429335810244083,0.0016425744397565722
6888,0.0016477119643241167,6888,0.0016429335810244083,0.0016425744397565722
6889,0.0016477119643241167,6889,0.0016429335810244083,0.0016425744397565722
6890,0.0016477119643241167,6890,0.0016429335810244083,0.0016425744397565722
6891,0.0016477119643241167,6891,0.0016429335810244083,0.0016425744397565722
6892,0.0016477119643241167,6892,0.0016429335810244083,0.0016425744397565722
6893,0.0016477119643241167,6893,0.0016429335810244083,0.0016425744397565722
6894,0.0016477119643241167,6894,0.0016429335810244083,0.0016425744397565722
6895,0.0016477119643241167,6895,0.0016429335810244083,0.0016425744397565722
6896,0.0016477119643241167,6896,0.0016429335810244083,0.0016425744397565722
6897,0.0016477119643241167,6897,0.0016429335810244083,0.0016425744397565722
6898,0.0016477119643241167,6898,0.0016429335810244083,0.0016425744397565722
6899,0.0016477119643241167,6899,0.0016429335810244083,0.0016425744397565722
6900,0.0016477119643241167,6900,0.0016429335810244083,0.0016425744397565722
6901,0.0016477119643241167,6901,0.0016429335810244083,0.0016425744397565722
6902,0.0016477119643241167,6902,0.0016429335810244083,0.0016425744397565722
6903,0.0016477119643241167,6903,0.0016429335810244083,0.0016425744397565722
6904,0.0016477119643241167,6904,0.0016429335810244083,0.0016425744397565722
6905,0.0016477119643241167,6905,0.0016429335810244083,0.0016425744397565722
6906,0.0016477119643241167,6906,0.0016429335810244083,0.0016425744397565722
6907,0.0016477119643241167,6907,0.0016429335810244083,0.0016425744397565722
6908,0.0016477119643241167,6908,0.0016429335810244083,0.0016425744397565722
6909,0.0016477119643241167,6909,0.0016429335810244083,0.0016425744397565722
6910,0.0016477119643241167,6910,0.0016429335810244083,0.0016425744397565722
6911,0.0016477119643241167,6911,0.0016429335810244083,0.0016425744397565722
6912,0.0016477119643241167,6912,0.0016429335810244083,0.0016425744397565722
6913,0.0016477119643241167,6913,0.0016429335810244083,0.0016425744397565722
6914,0.0016477119643241167,6914,0.0016429335810244083,0.0016425744397565722
6915,0.0016477119643241167,6915,0.0016429335810244083,0.0016425744397565722
6916,0.0016477119643241167,6916,0.0016429335810244083,0.0016425744397565722
6917,0.0016477119643241167,6917,0.0016429335810244083,0.0016425744397565722
6918,0.0016477119643241167,6918,0.0016429335810244083,0.0016425744397565722
6919,0.0016477119643241167,6919,0.0016429335810244083,0.0016425744397565722
6920,0.0016477119643241167,6920,0.0016429335810244083,0.0016425744397565722
6921,0.0016477119643241167,6921,0.0016429335810244083,0.0016425744397565722
6922,0.0016477119643241167,6922,0.0016429335810244083,0.0016425744397565722
6923,0.0016477119643241167,6923,0.0016429335810244083,0.0016425744397565722
6924,0.0016477119643241167,6924,0.0016429335810244083,0.0016425744397565722
6925,0.0016477119643241167,6925,0.0016429335810244083,0.0016425744397565722
6926,0.0016477119643241167,6926,0.0016429335810244083,0.0016425744397565722
6927,0.0016477119643241167,6927,0.0016429335810244083,0.0016425744397565722
6928,0.0016477119643241167,6928,0.0016429335810244083,0.0016425744397565722
6929,0.0016477119643241167,6929,0.0016429335810244083,0.0016425744397565722
6930,0.0016477119643241167,6930,0.0016429335810244083,0.0016425744397565722
6931,0.0016477119643241167,6931,0.0016429335810244083,0.0016425744397565722
6932,0.0016477119643241167,6932,0.0016429335810244083,0.0016425744397565722
6933,0.0016477119643241167,6933,0.0016429335810244083,0.0016425744397565722
6934,0.0016477119643241167,6934,0.0016429335810244083,0.0016425744397565722
6935,0.0016477119643241167,6935,0.0016429335810244083,0.0016425744397565722
6936,0.0016477119643241167,6936,0.0016429335810244083,0.0016425744397565722
6937,0.0016477119643241167,6937,0.0016429335810244083,0.0016425744397565722
6938,0.0016477119643241167,6938,0.0016429335810244083,0.0016425744397565722
6939,0.0016477119643241167,6939,0.0016429335810244083,0.0016425744397565722
6940,0.0016477119643241167,6940,0.0016429335810244083,0.0016425744397565722
6941,0.0016477119643241167,6941,0.0016429335810244083,0.0016425744397565722
6942,0.0016477119643241167,6942,0.0016429335810244083,0.0016425744397565722
6943,0.0016477119643241167,6943,0.0016429335810244083,0.0016425744397565722
6944,0.0016477119643241167,6944,0.0016429335810244083,0.0016425744397565722
6945,0.0016477119643241167,6945,0.0016429335810244083,0.0016425744397565722
6946,0.0016477119643241167,6946,0.0016429335810244083,0.0016425744397565722
6947,0.0016477119643241167,6947,0.0016429335810244083,0.0016425744397565722
6948,0.0016477119643241167,6948,0.0016429335810244083,0.0016425744397565722
6949,0.0016477119643241167,6949,0.0016429335810244083,0.0016425744397565722
6950,0.0016477119643241167,6950,0.0016429335810244083,0.0016425744397565722
6951,0.0016477119643241167,6951,0.0016429335810244083,0.0016425744397565722
6952,0.0016477119643241167,6952,0.0016429335810244083,0.0016425744397565722
6953,0.0016477119643241167,6953,0.0016429335810244083,0.0016425744397565722
6954,0.0016477119643241167,6954,0.0016429335810244083,0.0016425744397565722
6955,0.0016477119643241167,6955,0.0016429335810244083,0.0016425744397565722
6956,0.0016477119643241167,6956,0.0016429335810244083,0.0016425744397565722
6957,0.0016477119643241167,6957,0.0016429335810244083,0.0016425744397565722
6958,0.0016477119643241167,6958,0.0016429335810244083,0.0016425744397565722
6959,0.0016477119643241167,6959,0.0016429335810244083,0.0016425744397565722
6960,0.0016477119643241167,6960,0.0016429335810244083,0.0016425744397565722
6961,0.0016477119643241167,6961,0.0016429335810244083,0.0016425744397565722
6962,0.0016477119643241167,6962,0.0016429335810244083,0.0016425744397565722
6963,0.0016477119643241167,6963,0.0016429335810244083,0.0016425744397565722
6964,0.0016477119643241167,6964,0.0016429335810244083,0.0016425744397565722
6965,0.0016477119643241167,6965,0.0016429335810244083,0.0016425744397565722
6966,0.0016477119643241167,6966,0.0016429335810244083,0.0016425744397565722
6967,0.0016477119643241167,6967,0.0016429335810244083,0.0016425744397565722
6968,0.0016477119643241167,6968,0.0016429335810244083,0.0016425744397565722
6969,0.0016477119643241167,6969,0.0016429335810244083,0.0016425744397565722
6970,0.0016477119643241167,6970,0.0016429335810244083,0.0016425744397565722
6971,0.0016477119643241167,6971,0.0016429335810244083,0.0016425744397565722
6972,0.0016477119643241167,6972,0.0016429335810244083,0.0016425744397565722
6973,0.0016477119643241167,6973,0.0016429335810244083,0.0016425744397565722
6974,0.0016477119643241167,6974,0.0016429335810244083,0.0016425744397565722
6975,0.0016477119643241167,6975,0.0016429335810244083,0.0016425744397565722
6976,0.0016477119643241167,6976,0.0016429335810244083,0.0016425744397565722
6977,0.0016477119643241167,6977,0.0016429335810244083,0.0016425744397565722
6978,0.0016477119643241167,6978,0.0016429335810244083,0.0016425744397565722
6979,0.0016477119643241167,6979,0.0016429335810244083,0.0016425744397565722
6980,0.0016477119643241167,6980,0.0016429335810244083,0.0016425744397565722
6981,0.0016477119643241167,6981,0.0016429335810244083,0.0016425744397565722
6982,0.0016477119643241167,6982,0.0016429335810244083,0.0016425744397565722
6983,0.0016477119643241167,6983,0.0016429335810244083,0.0016425744397565722
6984,0.0016477119643241167,6984,0.0016429335810244083,0.0016425744397565722
6985,0.0016477119643241167,6985,0.0016429335810244083,0.0016425744397565722
6986,0.0016477119643241167,6986,0.0016429335810244083,0.0016425744397565722
6987,0.0016477119643241167,6987,0.0016429335810244083,0.0016425744397565722
6988,0.0016477119643241167,6988,0.0016429335810244083,0.0016425744397565722
6989,0.0016477119643241167,6989,0.0016429335810244083,0.0016425744397565722
6990,0.0016477119643241167,6990,0.0016429335810244083,0.0016425744397565722
6991,0.0016477119643241167,6991,0.0016429335810244083,0.0016425744397565722
6992,0.0016477119643241167,6992,0.0016429335810244083,0.0016425744397565722
6993,0.0016477119643241167,6993,0.0016429335810244083,0.0016425744397565722
6994,0.0016477119643241167,6994,0.0016429335810244083,0.0016425744397565722
6995,0.0016477119643241167,6995,0.0016429335810244083,0.0016425744397565722
6996,0.0016477119643241167,6996,0.0016429335810244083,0.0016425744397565722
6997,0.0016477119643241167,6997,0.0016429335810244083,0.0016425744397565722
6998,0.0016477119643241167,6998,0.0016429335810244083,0.0016425744397565722
6999,0.0016477119643241167,6999,0.0016429335810244083,0.0016425744397565722
7000,0.0016478196484968066,7000,0.0016429949318990111,0.001642573974095285
7001,0.0016478196484968066,7001,0.0016429949318990111,0.001642573974095285
7002,0.0016478196484968066,7002,0.0016429949318990111,0.001642573974095285
7003,0.0016478196484968066,7003,0.0016429949318990111,0.001642573974095285
7004,0.0016478196484968066,7004,0.0016429949318990111,0.001642573974095285
7005,0.0016478196484968066,7005,0.0016429949318990111,0.001642573974095285
7006,0.0016478196484968066,7006,0.0016429949318990111,0.001642573974095285
7007,0.0016478196484968066,7007,0.0016429949318990111,0.001642573974095285
7008,0.0016478196484968066,7008,0.0016429949318990111,0.001642573974095285
7009,0.0016478196484968066,7009,0.0016429949318990111,0.001642573974095285
7010,0.0016478196484968066,7010,0.0016429949318990111,0.001642573974095285
7011,0.0016478196484968066,7011,0.0016429949318990111,0.001642573974095285
7012,0.0016478196484968066,7012,0.0016429949318990111,0.001642573974095285
7013,0.0016478196484968066,7013,0.0016429949318990111,0.001642573974095285
7014,0.0016478196484968066,7014,0.0016429949318990111,0.001642573974095285
7015,0.0016478196484968066,7015,0.0016429949318990111,0.001642573974095285
7016,0.0016478196484968066,7016,0.0016429949318990111,0.001642573974095285
7017,0.0016478196484968066,7017,0.0016429949318990111,0.001642573974095285
7018,0.0016478196484968066,7018,0.0016429949318990111,0.001642573974095285
7019,0.0016478196484968066,7019,0.0016429949318990111,0.001642573974095285
7020,0.0016478196484968066,7020,0.0016429949318990111,0.001642573974095285
7021,0.0016478196484968066,7021,0.0016429949318990111,0.001642573974095285
7022,0.0016478196484968066,7022,0.0016429949318990111,0.001642573974095285
7023,0.0016478196484968066,7023,0.0016429949318990111,0.001642573974095285
7024,0.0016478196484968066,7024,0.0016429949318990111,0.001642573974095285
7025,0.0016478196484968066,7025,0.0016429949318990111,0.001642573974095285
7026,0.0016478196484968066,7026,0.0016429949318990111,0.001642573974095285
7027,0.0016478196484968066,7027,0.0016429949318990111,0.001642573974095285
7028,0.0016478196484968066,7028,0.0016429949318990111,0.001642573974095285
7029,0.0016478196484968066,7029,0.0016429949318990111,0.001642573974095285
7030,0.0016478196484968066,7030,0.0016429949318990111,0.001642573974095285
7031,0.0016478196484968066,7031,0.0016429949318990111,0.001642573974095285
7032,0.0016478196484968066,7032,0.0016429949318990111,0.001642573974095285
7033,0.0016478196484968066,7033,0.0016429949318990111,0.001642573974095285
7034,0.0016478196484968066,7034,0.0016429949318990111,0.001642573974095285
7035,0.0016478196484968066,7035,0.0016429949318990111,0.001642573974095285
7036,0.0016478196484968066,7036,0.0016429949318990111,0.001642573974095285
7037,0.0016478196484968066,7037,0.0016429949318990111,0.001642573974095285
7038,0.0016478196484968066,7038,0.0016429949318990111,0.001642573974095285
7039,0.0016478196484968066,7039,0.0016429949318990111,0.001642573974095285
7040,0.0016478196484968066,7040,0.0016429949318990111,0.001642573974095285
7041,0.0016478196484968066,7041,0.0016429949318990111,0.001642573974095285
7042,0.0016478196484968066,7042,0.0016429949318990111,0.001642573974095285
7043,0.0016478196484968066,7043,0.0016429949318990111,0.001642573974095285
7044,0.0016478196484968066,7044,0.0016429949318990111,0.001642573974095285
7045,0.0016478196484968066,7045,0.0016429949318990111,0.001642573974095285
7046,0.0016478196484968066,7046,0.0016429949318990111,0.001642573974095285
7047,0.0016478196484968066,7047,0.0016429949318990111,0.001642573974095285
7048,0.0016478196484968066,7048,0.0016429949318990111,0.001642573974095285
7049,0.0016478196484968066,7049,0.0016429949318990111,0.001642573974095285
7050,0.0016478196484968066,7050,0.0016429949318990111,0.001642573974095285
7051,0.0016478196484968066,7051,0.0016429949318990111,0.001642573974095285
7052,0.0016478196484968066,7052,0.0016429949318990111,0.001642573974095285
7053,0.0016478196484968066,7053,0.0016429949318990111,0.001642573974095285
7054,0.0016478196484968066,7054,0.0016429949318990111,0.001642573974095285
7055,0.0016478196484968066,7055,0.0016429949318990111,0.001642573974095285
7056,0.0016478196484968066,7056,0.0016429949318990111,0.001642573974095285
7057,0.0016478196484968066,7057,0.0016429949318990111,0.001642573974095285
7058,0.0016478196484968066,7058,0.0016429949318990111,0.001642573974095285
7059,0.0016478196484968066,7059,0.0016429949318990111,0.001642573974095285
7060,0.0016478196484968066,7060,0.0016429949318990111,0.001642573974095285
7061,0.0016478196484968066,7061,0.0016429949318990111,0.001642573974095285
7062,0.0016478196484968066,7062,0.0016429949318990111,0.001642573974095285
7063,0.0016478196484968066,7063,0.0016429949318990111,0.001642573974095285
7064,0.0016478196484968066,7064,0.0016429949318990111,0.001642573974095285
7065,0.0016478196484968066,7065,0.0016429949318990111,0.001642573974095285
7066,0.0016478196484968066,7066,0.0016429949318990111,0.001642573974095285
7067,0.0016478196484968066,7067,0.0016429949318990111,0.001642573974095285
7068,0.0016478196484968066,7068,0.0016429949318990111,0.001642573974095285
7069,0.0016478196484968066,7069,0.0016429949318990111,0.001642573974095285
7070,0.0016478196484968066,7070,0.0016429949318990111,0.001642573974095285
7071,0.0016478196484968066,7071,0.0016429949318990111,0.001642573974095285
7072,0.0016478196484968066,7072,0.0016429949318990111,0.001642573974095285
7073,0.0016478196484968066,7073,0.0016429949318990111,0.001642573974095285
7074,0.0016478196484968066,7074,0.0016429949318990111,0.001642573974095285
7075,0.0016478196484968066,7075,0.0016429949318990111,0.001642573974095285
7076,0.0016478196484968066,7076,0.0016429949318990111,0.001642573974095285
7077,0.0016478196484968066,7077,0.0016429949318990111,0.001642573974095285
7078,0.0016478196484968066,7078,0.0016429949318990111,0.001642573974095285
7079,0.0016478196484968066,7079,0.0016429949318990111,0.001642573974095285
7080,0.0016478196484968066,7080,0.0016429949318990111,0.001642573974095285
7081,0.0016478196484968066,7081,0.0016429949318990111,0.001642573974095285
7082,0.0016478196484968066,7082,0.0016429949318990111,0.001642573974095285
7083,0.0016478196484968066,7083,0.0016429949318990111,0.001642573974095285
7084,0.0016478196484968066,7084,0.0016429949318990111,0.001642573974095285
7085,0.0016478196484968066,7085,0.0016429949318990111,0.001642573974095285
7086,0.0016478196484968066,7086,0.0016429949318990111,0.001642573974095285
7087,0.0016478196484968066,7087,0.0016429949318990111,0.001642573974095285
7088,0.0016478196484968066,7088,0.0016429949318990111,0.001642573974095285
7089,0.0016478196484968066,7089,0.0016429949318990111,0.001642573974095285
7090,0.0016478196484968066,7090,0.0016429949318990111,0.001642573974095285
7091,0.0016478196484968066,7091,0.0016429949318990111,0.001642573974095285
7092,0.0016478196484968066,7092,0.0016429949318990111,0.001642573974095285
7093,0.0016478196484968066,7093,0.0016429949318990111,0.001642573974095285
7094,0.0016478196484968066,7094,0.0016429949318990111,0.001642573974095285
7095,0.0016478196484968066,7095,0.0016429949318990111,0.001642573974095285
7096,0.0016478196484968066,7096,0.0016429949318990111,0.001642573974095285
7097,0.0016478196484968066,7097,0.0016429949318990111,0.001642573974095285
7098,0.0016478196484968066,7098,0.0016429949318990111,0.001642573974095285
7099,0.0016478196484968066,7099,0.0016429949318990111,0.001642573974095285
7100,0.0016478196484968066,7100,0.0016429949318990111,0.001642573974095285
7101,0.0016478196484968066,7101,0.0016429949318990111,0.001642573974095285
7102,0.0016478196484968066,7102,0.0016429949318990111,0.001642573974095285
7103,0.0016478196484968066,7103,0.0016429949318990111,0.001642573974095285
7104,0.0016478196484968066,7104,0.0016429949318990111,0.001642573974095285
7105,0.0016478196484968066,7105,0.0016429949318990111,0.001642573974095285
7106,0.0016478196484968066,7106,0.0016429949318990111,0.001642573974095285
7107,0.0016478196484968066,7107,0.0016429949318990111,0.001642573974095285
7108,0.0016478196484968066,7108,0.0016429949318990111,0.001642573974095285
7109,0.0016478196484968066,7109,0.0016429949318990111,0.001642573974095285
7110,0.0016478196484968066,7110,0.0016429949318990111,0.001642573974095285
7111,0.0016478196484968066,7111,0.0016429949318990111,0.001642573974095285
7112,0.0016478196484968066,7112,0.0016429949318990111,0.001642573974095285
7113,0.0016478196484968066,7113,0.0016429949318990111,0.001642573974095285
7114,0.0016478196484968066,7114,0.0016429949318990111,0.001642573974095285
7115,0.0016478196484968066,7115,0.0016429949318990111,0.001642573974095285
7116,0.0016478196484968066,7116,0.0016429949318990111,0.001642573974095285
7117,0.0016478196484968066,7117,0.0016429949318990111,0.001642573974095285
7118,0.0016478196484968066,7118,0.0016429949318990111,0.001642573974095285
7119,0.0016478196484968066,7119,0.0016429949318990111,0.001642573974095285
7120,0.0016478196484968066,7120,0.0016429949318990111,0.001642573974095285
7121,0.0016478196484968066,7121,0.0016429949318990111,0.001642573974095285
7122,0.0016478196484968066,7122,0.0016429949318990111,0.001642573974095285
7123,0.0016478196484968066,7123,0.0016429949318990111,0.001642573974095285
7124,0.0016478196484968066,7124,0.0016429949318990111,0.001642573974095285
7125,0.0016478196484968066,7125,0.0016429949318990111,0.001642573974095285
7126,0.0016478196484968066,7126,0.0016429949318990111,0.001642573974095285
7127,0.0016478196484968066,7127,0.0016429949318990111,0.001642573974095285
7128,0.0016478196484968066,7128,0.0016429949318990111,0.001642573974095285
7129,0.0016478196484968066,7129,0.0016429949318990111,0.001642573974095285
7130,0.0016478196484968066,7130,0.0016429949318990111,0.001642573974095285
7131,0.0016478196484968066,7131,0.0016429949318990111,0.001642573974095285
7132,0.0016478196484968066,7132,0.0016429949318990111,0.001642573974095285
7133,0.0016478196484968066,7133,0.0016429949318990111,0.001642573974095285
7134,0.0016478196484968066,7134,0.0016429949318990111,0.001642573974095285
7135,0.0016478196484968066,7135,0.0016429949318990111,0.001642573974095285
7136,0.0016478196484968066,7136,0.0016429949318990111,0.001642573974095285
7137,0.0016478196484968066,7137,0.0016429949318990111,0.001642573974095285
7138,0.0016478196484968066,7138,0.0016429949318990111,0.001642573974095285
7139,0.0016478196484968066,7139,0.0016429949318990111,0.001642573974095285
7140,0.0016478196484968066,7140,0.0016429949318990111,0.001642573974095285
7141,0.0016478196484968066,7141,0.0016429949318990111,0.001642573974095285
7142,0.0016478196484968066,7142,0.0016429949318990111,0.001642573974095285
7143,0.0016478196484968066,7143,0.0016429949318990111,0.001642573974095285
7144,0.0016478196484968066,7144,0.0016429949318990111,0.001642573974095285
7145,0.0016478196484968066,7145,0.0016429949318990111,0.001642573974095285
7146,0.0016478196484968066,7146,0.0016429949318990111,0.001642573974095285
7147,0.0016478196484968066,7147,0.0016429949318990111,0.001642573974095285
7148,0.0016478196484968066,7148,0.0016429949318990111,0.001642573974095285
7149,0.0016478196484968066,7149,0.0016429949318990111,0.001642573974095285
7150,0.0016478196484968066,7150,0.0016429949318990111,0.001642573974095285
7151,0.0016478196484968066,7151,0.0016429949318990111,0.001642573974095285
7152,0.0016478196484968066,7152,0.0016429949318990111,0.001642573974095285
7153,0.0016478196484968066,7153,0.0016429949318990111,0.001642573974095285
7154,0.0016478196484968066,7154,0.0016429949318990111,0.001642573974095285
7155,0.0016478196484968066,7155,0.0016429949318990111,0.001642573974095285
7156,0.0016478196484968066,7156,0.0016429949318990111,0.001642573974095285
7157,0.0016478196484968066,7157,0.0016429949318990111,0.001642573974095285
7158,0.0016478196484968066,7158,0.0016429949318990111,0.001642573974095285
7159,0.0016478196484968066,7159,0.0016429949318990111,0.001642573974095285
7160,0.0016478196484968066,7160,0.0016429949318990111,0.001642573974095285
7161,0.0016478196484968066,7161,0.0016429949318990111,0.001642573974095285
7162,0.0016478196484968066,7162,0.0016429949318990111,0.001642573974095285
7163,0.0016478196484968066,7163,0.0016429949318990111,0.001642573974095285
7164,0.0016478196484968066,7164,0.0016429949318990111,0.001642573974095285
7165,0.0016478196484968066,7165,0.0016429949318990111,0.001642573974095285
7166,0.0016478196484968066,7166,0.0016429949318990111,0.001642573974095285
7167,0.0016478196484968066,7167,0.0016429949318990111,0.001642573974095285
7168,0.0016478196484968066,7168,0.0016429949318990111,0.001642573974095285
7169,0.0016478196484968066,7169,0.0016429949318990111,0.001642573974095285
7170,0.0016478196484968066,7170,0.0016429949318990111,0.001642573974095285
7171,0.0016478196484968066,7171,0.0016429949318990111,0.001642573974095285
7172,0.0016478196484968066,7172,0.0016429949318990111,0.001642573974095285
7173,0.0016478196484968066,7173,0.0016429949318990111,0.001642573974095285
7174,0.0016478196484968066,7174,0.0016429949318990111,0.001642573974095285
7175,0.0016478196484968066,7175,0.0016429949318990111,0.001642573974095285
7176,0.0016478196484968066,7176,0.0016429949318990111,0.001642573974095285
7177,0.0016478196484968066,7177,0.0016429949318990111,0.001642573974095285
7178,0.0016478196484968066,7178,0.0016429949318990111,0.001642573974095285
7179,0.0016478196484968066,7179,0.0016429949318990111,0.001642573974095285
7180,0.0016478196484968066,7180,0.0016429949318990111,0.001642573974095285
7181,0.0016478196484968066,7181,0.0016429949318990111,0.001642573974095285
7182,0.0016478196484968066,7182,0.0016429949318990111,0.001642573974095285
7183,0.0016478196484968066,7183,0.0016429949318990111,0.001642573974095285
7184,0.0016478196484968066,7184,0.0016429949318990111,0.001642573974095285
7185,0.0016478196484968066,7185,0.0016429949318990111,0.001642573974095285
7186,0.0016478196484968066,7186,0.0016429949318990111,0.001642573974095285
7187,0.0016478196484968066,7187,0.0016429949318990111,0.001642573974095285
7188,0.0016478196484968066,7188,0.0016429949318990111,0.001642573974095285
7189,0.0016478196484968066,7189,0.0016429949318990111,0.001642573974095285
7190,0.0016478196484968066,7190,0.0016429949318990111,0.001642573974095285
7191,0.0016478196484968066,7191,0.0016429949318990111,0.001642573974095285
7192,0.0016478196484968066,7192,0.0016429949318990111,0.001642573974095285
7193,0.0016478196484968066,7193,0.0016429949318990111,0.001642573974095285
7194,0.0016478196484968066,7194,0.0016429949318990111,0.001642573974095285
7195,0.0016478196484968066,7195,0.0016429949318990111,0.001642573974095285
7196,0.0016478196484968066,7196,0.0016429949318990111,0.001642573974095285
7197,0.0016478196484968066,7197,0.0016429949318990111,0.001642573974095285
7198,0.0016478196484968066,7198,0.0016429949318990111,0.001642573974095285
7199,0.0016478196484968066,7199,0.0016429949318990111,0.001642573974095285
7200,0.0016478196484968066,7200,0.0016429949318990111,0.001642573974095285
7201,0.0016478196484968066,7201,0.0016429949318990111,0.001642573974095285
7202,0.0016478196484968066,7202,0.0016429949318990111,0.001642573974095285
7203,0.0016478196484968066,7203,0.0016429949318990111,0.001642573974095285
7204,0.0016478196484968066,7204,0.0016429949318990111,0.001642573974095285
7205,0.0016478196484968066,7205,0.0016429949318990111,0.001642573974095285
7206,0.0016478196484968066,7206,0.0016429949318990111,0.001642573974095285
7207,0.0016478196484968066,7207,0.0016429949318990111,0.001642573974095285
7208,0.0016478196484968066,7208,0.0016429949318990111,0.001642573974095285
7209,0.0016478196484968066,7209,0.0016429949318990111,0.001642573974095285
7210,0.0016478196484968066,7210,0.0016429949318990111,0.001642573974095285
7211,0.0016478196484968066,7211,0.0016429949318990111,0.001642573974095285
7212,0.0016478196484968066,7212,0.0016429949318990111,0.001642573974095285
7213,0.0016478196484968066,7213,0.0016429949318990111,0.001642573974095285
7214,0.0016478196484968066,7214,0.0016429949318990111,0.001642573974095285
7215,0.0016478196484968066,7215,0.0016429949318990111,0.001642573974095285
7216,0.0016478196484968066,7216,0.0016429949318990111,0.001642573974095285
7217,0.0016478196484968066,7217,0.0016429949318990111,0.001642573974095285
7218,0.0016478196484968066,7218,0.0016429949318990111,0.001642573974095285
7219,0.0016478196484968066,7219,0.0016429949318990111,0.001642573974095285
7220,0.0016478196484968066,7220,0.0016429949318990111,0.001642573974095285
7221,0.0016478196484968066,7221,0.0016429949318990111,0.001642573974095285
7222,0.0016478196484968066,7222,0.0016429949318990111,0.001642573974095285
7223,0.0016478196484968066,7223,0.0016429949318990111,0.001642573974095285
7224,0.0016478196484968066,7224,0.0016429949318990111,0.001642573974095285
7225,0.0016478196484968066,7225,0.0016429949318990111,0.001642573974095285
7226,0.0016478196484968066,7226,0.0016429949318990111,0.001642573974095285
7227,0.0016478196484968066,7227,0.0016429949318990111,0.001642573974095285
7228,0.0016478196484968066,7228,0.0016429949318990111,0.001642573974095285
7229,0.0016478196484968066,7229,0.0016429949318990111,0.001642573974095285
7230,0.0016478196484968066,7230,0.0016429949318990111,0.001642573974095285
7231,0.0016478196484968066,7231,0.0016429949318990111,0.001642573974095285
7232,0.0016478196484968066,7232,0.0016429949318990111,0.001642573974095285
7233,0.0016478196484968066,7233,0.0016429949318990111,0.001642573974095285
7234,0.0016478196484968066,7234,0.0016429949318990111,0.001642573974095285
7235,0.0016478196484968066,7235,0.0016429949318990111,0.001642573974095285
7236,0.0016478196484968066,7236,0.0016429949318990111,0.001642573974095285
7237,0.0016478196484968066,7237,0.0016429949318990111,0.001642573974095285
7238,0.0016478196484968066,7238,0.0016429949318990111,0.001642573974095285
7239,0.0016478196484968066,7239,0.0016429949318990111,0.001642573974095285
7240,0.0016478196484968066,7240,0.0016429949318990111,0.001642573974095285
7241,0.0016478196484968066,7241,0.0016429949318990111,0.001642573974095285
7242,0.0016478196484968066,7242,0.0016429949318990111,0.001642573974095285
7243,0.0016478196484968066,7243,0.0016429949318990111,0.001642573974095285
7244,0.0016478196484968066,7244,0.0016429949318990111,0.001642573974095285
7245,0.0016478196484968066,7245,0.0016429949318990111,0.001642573974095285
7246,0.0016478196484968066,7246,0.0016429949318990111,0.001642573974095285
7247,0.0016478196484968066,7247,0.0016429949318990111,0.001642573974095285
7248,0.0016478196484968066,7248,0.0016429949318990111,0.001642573974095285
7249,0.0016478196484968066,7249,0.0016429949318990111,0.001642573974095285
7250,0.0016477564349770546,7250,0.0016429927200078964,0.0016424371860921383
7251,0.0016477564349770546,7251,0.0016429927200078964,0.0016424371860921383
7252,0.0016477564349770546,7252,0.0016429927200078964,0.0016424371860921383
7253,0.0016477564349770546,7253,0.0016429927200078964,0.0016424371860921383
7254,0.0016477564349770546,7254,0.0016429927200078964,0.0016424371860921383
7255,0.0016477564349770546,7255,0.0016429927200078964,0.0016424371860921383
7256,0.0016477564349770546,7256,0.0016429927200078964,0.0016424371860921383
7257,0.0016477564349770546,7257,0.0016429927200078964,0.0016424371860921383
7258,0.0016477564349770546,7258,0.0016429927200078964,0.0016424371860921383
7259,0.0016477564349770546,7259,0.0016429927200078964,0.0016424371860921383
7260,0.0016477564349770546,7260,0.0016429927200078964,0.0016424371860921383
7261,0.0016477564349770546,7261,0.0016429927200078964,0.0016424371860921383
7262,0.0016477564349770546,7262,0.0016429927200078964,0.0016424371860921383
7263,0.0016477564349770546,7263,0.0016429927200078964,0.0016424371860921383
7264,0.0016477564349770546,7264,0.0016429927200078964,0.0016424371860921383
7265,0.0016477564349770546,7265,0.0016429927200078964,0.0016424371860921383
7266,0.0016477564349770546,7266,0.0016429927200078964,0.0016424371860921383
7267,0.0016477564349770546,7267,0.0016429927200078964,0.0016424371860921383
7268,0.0016477564349770546,7268,0.0016429927200078964,0.0016424371860921383
7269,0.0016477564349770546,7269,0.0016429927200078964,0.0016424371860921383
7270,0.0016477564349770546,7270,0.0016429927200078964,0.0016424371860921383
7271,0.0016477564349770546,7271,0.0016429927200078964,0.0016424371860921383
7272,0.0016477564349770546,7272,0.0016429927200078964,0.0016424371860921383
7273,0.0016477564349770546,7273,0.0016429927200078964,0.0016424371860921383
7274,0.0016477564349770546,7274,0.0016429927200078964,0.0016424371860921383
7275,0.0016477564349770546,7275,0.0016429927200078964,0.0016424371860921383
7276,0.0016477564349770546,7276,0.0016429927200078964,0.0016424371860921383
7277,0.0016477564349770546,7277,0.0016429927200078964,0.0016424371860921383
7278,0.0016477564349770546,7278,0.0016429927200078964,0.0016424371860921383
7279,0.0016477564349770546,7279,0.0016429927200078964,0.0016424371860921383
7280,0.0016477564349770546,7280,0.0016429927200078964,0.0016424371860921383
7281,0.0016477564349770546,7281,0.0016429927200078964,0.0016424371860921383
7282,0.0016477564349770546,7282,0.0016429927200078964,0.0016424371860921383
7283,0.0016477564349770546,7283,0.0016429927200078964,0.0016424371860921383
7284,0.0016477564349770546,7284,0.0016429927200078964,0.0016424371860921383
7285,0.0016477564349770546,7285,0.0016429927200078964,0.0016424371860921383
7286,0.0016477564349770546,7286,0.0016429927200078964,0.0016424371860921383
7287,0.0016477564349770546,7287,0.0016429927200078964,0.0016424371860921383
7288,0.0016477564349770546,7288,0.0016429927200078964,0.0016424371860921383
7289,0.0016477564349770546,7289,0.0016429927200078964,0.0016424371860921383
7290,0.0016477564349770546,7290,0.0016429927200078964,0.0016424371860921383
7291,0.0016477564349770546,7291,0.0016429927200078964,0.0016424371860921383
7292,0.0016477564349770546,7292,0.0016429927200078964,0.0016424371860921383
7293,0.0016477564349770546,7293,0.0016429927200078964,0.0016424371860921383
7294,0.0016477564349770546,7294,0.0016429927200078964,0.0016424371860921383
7295,0.0016477564349770546,7295,0.0016429927200078964,0.0016424371860921383
7296,0.0016477564349770546,7296,0.0016429927200078964,0.0016424371860921383
7297,0.0016477564349770546,7297,0.0016429927200078964,0.0016424371860921383
7298,0.0016477564349770546,7298,0.0016429927200078964,0.0016424371860921383
7299,0.0016477564349770546,7299,0.0016429927200078964,0.0016424371860921383
7300,0.0016477564349770546,7300,0.0016429927200078964,0.0016424371860921383
7301,0.0016477564349770546,7301,0.0016429927200078964,0.0016424371860921383
7302,0.0016477564349770546,7302,0.0016429927200078964,0.0016424371860921383
7303,0.0016477564349770546,7303,0.0016429927200078964,0.0016424371860921383
7304,0.0016477564349770546,7304,0.0016429927200078964,0.0016424371860921383
7305,0.0016477564349770546,7305,0.0016429927200078964,0.0016424371860921383
7306,0.0016477564349770546,7306,0.0016429927200078964,0.0016424371860921383
7307,0.0016477564349770546,7307,0.0016429927200078964,0.0016424371860921383
7308,0.0016477564349770546,7308,0.0016429927200078964,0.0016424371860921383
7309,0.0016477564349770546,7309,0.0016429927200078964,0.0016424371860921383
7310,0.0016477564349770546,7310,0.0016429927200078964,0.0016424371860921383
7311,0.0016477564349770546,7311,0.0016429927200078964,0.0016424371860921383
7312,0.0016477564349770546,7312,0.0016429927200078964,0.0016424371860921383
7313,0.0016477564349770546,7313,0.0016429927200078964,0.0016424371860921383
7314,0.0016477564349770546,7314,0.0016429927200078964,0.0016424371860921383
7315,0.0016477564349770546,7315,0.0016429927200078964,0.0016424371860921383
7316,0.0016477564349770546,7316,0.0016429927200078964,0.0016424371860921383
7317,0.0016477564349770546,7317,0.0016429927200078964,0.0016424371860921383
7318,0.0016477564349770546,7318,0.0016429927200078964,0.0016424371860921383
7319,0.0016477564349770546,7319,0.0016429927200078964,0.0016424371860921383
7320,0.0016477564349770546,7320,0.0016429927200078964,0.0016424371860921383
7321,0.0016477564349770546,7321,0.0016429927200078964,0.0016424371860921383
7322,0.0016477564349770546,7322,0.0016429927200078964,0.0016424371860921383
7323,0.0016477564349770546,7323,0.0016429927200078964,0.0016424371860921383
7324,0.0016477564349770546,7324,0.0016429927200078964,0.0016424371860921383
7325,0.0016477564349770546,7325,0.0016429927200078964,0.0016424371860921383
7326,0.0016477564349770546,7326,0.0016429927200078964,0.0016424371860921383
7327,0.0016477564349770546,7327,0.0016429927200078964,0.0016424371860921383
7328,0.0016477564349770546,7328,0.0016429927200078964,0.0016424371860921383
7329,0.0016477564349770546,7329,0.0016429927200078964,0.0016424371860921383
7330,0.0016477564349770546,7330,0.0016429927200078964,0.0016424371860921383
7331,0.0016477564349770546,7331,0.0016429927200078964,0.0016424371860921383
7332,0.0016477564349770546,7332,0.0016429927200078964,0.0016424371860921383
7333,0.0016477564349770546,7333,0.0016429927200078964,0.0016424371860921383
7334,0.0016477564349770546,7334,0.0016429927200078964,0.0016424371860921383
7335,0.0016477564349770546,7335,0.0016429927200078964,0.0016424371860921383
7336,0.0016477564349770546,7336,0.0016429927200078964,0.0016424371860921383
7337,0.0016477564349770546,7337,0.0016429927200078964,0.0016424371860921383
7338,0.0016477564349770546,7338,0.0016429927200078964,0.0016424371860921383
7339,0.0016477564349770546,7339,0.0016429927200078964,0.0016424371860921383
7340,0.0016477564349770546,7340,0.0016429927200078964,0.0016424371860921383
7341,0.0016477564349770546,7341,0.0016429927200078964,0.0016424371860921383
7342,0.0016477564349770546,7342,0.0016429927200078964,0.0016424371860921383
7343,0.0016477564349770546,7343,0.0016429927200078964,0.0016424371860921383
7344,0.0016477564349770546,7344,0.0016429927200078964,0.0016424371860921383
7345,0.0016477564349770546,7345,0.0016429927200078964,0.0016424371860921383
7346,0.0016477564349770546,7346,0.0016429927200078964,0.0016424371860921383
7347,0.0016477564349770546,7347,0.0016429927200078964,0.0016424371860921383
7348,0.0016477564349770546,7348,0.0016429927200078964,0.0016424371860921383
7349,0.0016477564349770546,7349,0.0016429927200078964,0.0016424371860921383
7350,0.0016477564349770546,7350,0.0016429927200078964,0.0016424371860921383
7351,0.0016477564349770546,7351,0.0016429927200078964,0.0016424371860921383
7352,0.0016477564349770546,7352,0.0016429927200078964,0.0016424371860921383
7353,0.0016477564349770546,7353,0.0016429927200078964,0.0016424371860921383
7354,0.0016477564349770546,7354,0.0016429927200078964,0.0016424371860921383
7355,0.0016477564349770546,7355,0.0016429927200078964,0.0016424371860921383
7356,0.0016477564349770546,7356,0.0016429927200078964,0.0016424371860921383
7357,0.0016477564349770546,7357,0.0016429927200078964,0.0016424371860921383
7358,0.0016477564349770546,7358,0.0016429927200078964,0.0016424371860921383
7359,0.0016477564349770546,7359,0.0016429927200078964,0.0016424371860921383
7360,0.0016477564349770546,7360,0.0016429927200078964,0.0016424371860921383
7361,0.0016477564349770546,7361,0.0016429927200078964,0.0016424371860921383
7362,0.0016477564349770546,7362,0.0016429927200078964,0.0016424371860921383
7363,0.0016477564349770546,7363,0.0016429927200078964,0.0016424371860921383
7364,0.0016477564349770546,7364,0.0016429927200078964,0.0016424371860921383
7365,0.0016477564349770546,7365,0.0016429927200078964,0.0016424371860921383
7366,0.0016477564349770546,7366,0.0016429927200078964,0.0016424371860921383
7367,0.0016477564349770546,7367,0.0016429927200078964,0.0016424371860921383
7368,0.0016477564349770546,7368,0.0016429927200078964,0.0016424371860921383
7369,0.0016477564349770546,7369,0.0016429927200078964,0.0016424371860921383
7370,0.0016477564349770546,7370,0.0016429927200078964,0.0016424371860921383
7371,0.0016477564349770546,7371,0.0016429927200078964,0.0016424371860921383
7372,0.0016477564349770546,7372,0.0016429927200078964,0.0016424371860921383
7373,0.0016477564349770546,7373,0.0016429927200078964,0.0016424371860921383
7374,0.0016477564349770546,7374,0.0016429927200078964,0.0016424371860921383
7375,0.0016477564349770546,7375,0.0016429927200078964,0.0016424371860921383
7376,0.0016477564349770546,7376,0.0016429927200078964,0.0016424371860921383
7377,0.0016477564349770546,7377,0.0016429927200078964,0.0016424371860921383
7378,0.0016477564349770546,7378,0.0016429927200078964,0.0016424371860921383
7379,0.0016477564349770546,7379,0.0016429927200078964,0.0016424371860921383
7380,0.0016477564349770546,7380,0.0016429927200078964,0.0016424371860921383
7381,0.0016477564349770546,7381,0.0016429927200078964,0.0016424371860921383
7382,0.0016477564349770546,7382,0.0016429927200078964,0.0016424371860921383
7383,0.0016477564349770546,7383,0.0016429927200078964,0.0016424371860921383
7384,0.0016477564349770546,7384,0.0016429927200078964,0.0016424371860921383
7385,0.0016477564349770546,7385,0.0016429927200078964,0.0016424371860921383
7386,0.0016477564349770546,7386,0.0016429927200078964,0.0016424371860921383
7387,0.0016477564349770546,7387,0.0016429927200078964,0.0016424371860921383
7388,0.0016477564349770546,7388,0.0016429927200078964,0.0016424371860921383
7389,0.0016477564349770546,7389,0.0016429927200078964,0.0016424371860921383
7390,0.0016477564349770546,7390,0.0016429927200078964,0.0016424371860921383
7391,0.0016477564349770546,7391,0.0016429927200078964,0.0016424371860921383
7392,0.0016477564349770546,7392,0.0016429927200078964,0.0016424371860921383
7393,0.0016477564349770546,7393,0.0016429927200078964,0.0016424371860921383
7394,0.0016477564349770546,7394,0.0016429927200078964,0.0016424371860921383
7395,0.0016477564349770546,7395,0.0016429927200078964,0.0016424371860921383
7396,0.0016477564349770546,7396,0.0016429927200078964,0.0016424371860921383
7397,0.0016477564349770546,7397,0.0016429927200078964,0.0016424371860921383
7398,0.0016477564349770546,7398,0.0016429927200078964,0.0016424371860921383
7399,0.0016477564349770546,7399,0.0016429927200078964,0.0016424371860921383
7400,0.0016477564349770546,7400,0.0016429927200078964,0.0016424371860921383
7401,0.0016477564349770546,7401,0.0016429927200078964,0.0016424371860921383
7402,0.0016477564349770546,7402,0.0016429927200078964,0.0016424371860921383
7403,0.0016477564349770546,7403,0.0016429927200078964,0.0016424371860921383
7404,0.0016477564349770546,7404,0.0016429927200078964,0.0016424371860921383
7405,0.0016477564349770546,7405,0.0016429927200078964,0.0016424371860921383
7406,0.0016477564349770546,7406,0.0016429927200078964,0.0016424371860921383
7407,0.0016477564349770546,7407,0.0016429927200078964,0.0016424371860921383
7408,0.0016477564349770546,7408,0.0016429927200078964,0.0016424371860921383
7409,0.0016477564349770546,7409,0.0016429927200078964,0.0016424371860921383
7410,0.0016477564349770546,7410,0.0016429927200078964,0.0016424371860921383
7411,0.0016477564349770546,7411,0.0016429927200078964,0.0016424371860921383
7412,0.0016477564349770546,7412,0.0016429927200078964,0.0016424371860921383
7413,0.0016477564349770546,7413,0.0016429927200078964,0.0016424371860921383
7414,0.0016477564349770546,7414,0.0016429927200078964,0.0016424371860921383
7415,0.0016477564349770546,7415,0.0016429927200078964,0.0016424371860921383
7416,0.0016477564349770546,7416,0.0016429927200078964,0.0016424371860921383
7417,0.0016477564349770546,7417,0.0016429927200078964,0.0016424371860921383
7418,0.0016477564349770546,7418,0.0016429927200078964,0.0016424371860921383
7419,0.0016477564349770546,7419,0.0016429927200078964,0.0016424371860921383
7420,0.0016477564349770546,7420,0.0016429927200078964,0.0016424371860921383
7421,0.0016477564349770546,7421,0.0016429927200078964,0.0016424371860921383
7422,0.0016477564349770546,7422,0.0016429927200078964,0.0016424371860921383
7423,0.0016477564349770546,7423,0.0016429927200078964,0.0016424371860921383
7424,0.0016477564349770546,7424,0.0016429927200078964,0.0016424371860921383
7425,0.0016477564349770546,7425,0.0016429927200078964,0.0016424371860921383
7426,0.0016477564349770546,7426,0.0016429927200078964,0.0016424371860921383
7427,0.0016477564349770546,7427,0.0016429927200078964,0.0016424371860921383
7428,0.0016477564349770546,7428,0.0016429927200078964,0.0016424371860921383
7429,0.0016477564349770546,7429,0.0016429927200078964,0.0016424371860921383
7430,0.0016477564349770546,7430,0.0016429927200078964,0.0016424371860921383
7431,0.0016477564349770546,7431,0.0016429927200078964,0.0016424371860921383
7432,0.0016477564349770546,7432,0.0016429927200078964,0.0016424371860921383
7433,0.0016477564349770546,7433,0.0016429927200078964,0.0016424371860921383
7434,0.0016477564349770546,7434,0.0016429927200078964,0.0016424371860921383
7435,0.0016477564349770546,7435,0.0016429927200078964,0.0016424371860921383
7436,0.0016477564349770546,7436,0.0016429927200078964,0.0016424371860921383
7437,0.0016477564349770546,7437,0.0016429927200078964,0.0016424371860921383
7438,0.0016477564349770546,7438,0.0016429927200078964,0.0016424371860921383
7439,0.0016477564349770546,7439,0.0016429927200078964,0.0016424371860921383
7440,0.0016477564349770546,7440,0.0016429927200078964,0.0016424371860921383
7441,0.0016477564349770546,7441,0.0016429927200078964,0.0016424371860921383
7442,0.0016477564349770546,7442,0.0016429927200078964,0.0016424371860921383
7443,0.0016477564349770546,7443,0.0016429927200078964,0.0016424371860921383
7444,0.0016477564349770546,7444,0.0016429927200078964,0.0016424371860921383
7445,0.0016477564349770546,7445,0.0016429927200078964,0.0016424371860921383
7446,0.0016477564349770546,7446,0.0016429927200078964,0.0016424371860921383
7447,0.0016477564349770546,7447,0.0016429927200078964,0.0016424371860921383
7448,0.0016477564349770546,7448,0.0016429927200078964,0.0016424371860921383
7449,0.0016477564349770546,7449,0.0016429927200078964,0.0016424371860921383
7450,0.0016477564349770546,7450,0.0016429927200078964,0.0016424371860921383
7451,0.0016477564349770546,7451,0.0016429927200078964,0.0016424371860921383
7452,0.0016477564349770546,7452,0.0016429927200078964,0.0016424371860921383
7453,0.0016477564349770546,7453,0.0016429927200078964,0.0016424371860921383
7454,0.0016477564349770546,7454,0.0016429927200078964,0.0016424371860921383
7455,0.0016477564349770546,7455,0.0016429927200078964,0.0016424371860921383
7456,0.0016477564349770546,7456,0.0016429927200078964,0.0016424371860921383
7457,0.0016477564349770546,7457,0.0016429927200078964,0.0016424371860921383
7458,0.0016477564349770546,7458,0.0016429927200078964,0.0016424371860921383
7459,0.0016477564349770546,7459,0.0016429927200078964,0.0016424371860921383
7460,0.0016477564349770546,7460,0.0016429927200078964,0.0016424371860921383
7461,0.0016477564349770546,7461,0.0016429927200078964,0.0016424371860921383
7462,0.0016477564349770546,7462,0.0016429927200078964,0.0016424371860921383
7463,0.0016477564349770546,7463,0.0016429927200078964,0.0016424371860921383
7464,0.0016477564349770546,7464,0.0016429927200078964,0.0016424371860921383
7465,0.0016477564349770546,7465,0.0016429927200078964,0.0016424371860921383
7466,0.0016477564349770546,7466,0.0016429927200078964,0.0016424371860921383
7467,0.0016477564349770546,7467,0.0016429927200078964,0.0016424371860921383
7468,0.0016477564349770546,7468,0.0016429927200078964,0.0016424371860921383
7469,0.0016477564349770546,7469,0.0016429927200078964,0.0016424371860921383
7470,0.0016477564349770546,7470,0.0016429927200078964,0.0016424371860921383
7471,0.0016477564349770546,7471,0.0016429927200078964,0.0016424371860921383
7472,0.0016477564349770546,7472,0.0016429927200078964,0.0016424371860921383
7473,0.0016477564349770546,7473,0.0016429927200078964,0.0016424371860921383
7474,0.0016477564349770546,7474,0.0016429927200078964,0.0016424371860921383
7475,0.0016477564349770546,7475,0.0016429927200078964,0.0016424371860921383
7476,0.0016477564349770546,7476,0.0016429927200078964,0.0016424371860921383
7477,0.0016477564349770546,7477,0.0016429927200078964,0.0016424371860921383
7478,0.0016477564349770546,7478,0.0016429927200078964,0.0016424371860921383
7479,0.0016477564349770546,7479,0.0016429927200078964,0.0016424371860921383
7480,0.0016477564349770546,7480,0.0016429927200078964,0.0016424371860921383
7481,0.0016477564349770546,7481,0.0016429927200078964,0.0016424371860921383
7482,0.0016477564349770546,7482,0.0016429927200078964,0.0016424371860921383
7483,0.0016477564349770546,7483,0.0016429927200078964,0.0016424371860921383
7484,0.0016477564349770546,7484,0.0016429927200078964,0.0016424371860921383
7485,0.0016477564349770546,7485,0.0016429927200078964,0.0016424371860921383
7486,0.0016477564349770546,7486,0.0016429927200078964,0.0016424371860921383
7487,0.0016477564349770546,7487,0.0016429927200078964,0.0016424371860921383
7488,0.0016477564349770546,7488,0.0016429927200078964,0.0016424371860921383
7489,0.0016477564349770546,7489,0.0016429927200078964,0.0016424371860921383
7490,0.0016477564349770546,7490,0.0016429927200078964,0.0016424371860921383
7491,0.0016477564349770546,7491,0.0016429927200078964,0.0016424371860921383
7492,0.0016477564349770546,7492,0.0016429927200078964,0.0016424371860921383
7493,0.0016477564349770546,7493,0.0016429927200078964,0.0016424371860921383
7494,0.0016477564349770546,7494,0.0016429927200078964,0.0016424371860921383
7495,0.0016477564349770546,7495,0.0016429927200078964,0.0016424371860921383
7496,0.0016477564349770546,7496,0.0016429927200078964,0.0016424371860921383
7497,0.0016477564349770546,7497,0.0016429927200078964,0.0016424371860921383
7498,0.0016477564349770546,7498,0.0016429927200078964,0.0016424371860921383
7499,0.0016477564349770546,7499,0.0016429927200078964,0.0016424371860921383
7500,0.0016477630706503987,7500,0.0016429944662377238,0.0016424196073785424
7501,0.0016477630706503987,7501,0.0016429944662377238,0.0016424196073785424
7502,0.0016477630706503987,7502,0.0016429944662377238,0.0016424196073785424
7503,0.0016477630706503987,7503,0.0016429944662377238,0.0016424196073785424
7504,0.0016477630706503987,7504,0.0016429944662377238,0.0016424196073785424
7505,0.0016477630706503987,7505,0.0016429944662377238,0.0016424196073785424
7506,0.0016477630706503987,7506,0.0016429944662377238,0.0016424196073785424
7507,0.0016477630706503987,7507,0.0016429944662377238,0.0016424196073785424
7508,0.0016477630706503987,7508,0.0016429944662377238,0.0016424196073785424
7509,0.0016477630706503987,7509,0.0016429944662377238,0.0016424196073785424
7510,0.0016477630706503987,7510,0.0016429944662377238,0.0016424196073785424
7511,0.0016477630706503987,7511,0.0016429944662377238,0.0016424196073785424
7512,0.0016477630706503987,7512,0.0016429944662377238,0.0016424196073785424
7513,0.0016477630706503987,7513,0.0016429944662377238,0.0016424196073785424
7514,0.0016477630706503987,7514,0.0016429944662377238,0.0016424196073785424
7515,0.0016477630706503987,7515,0.0016429944662377238,0.0016424196073785424
7516,0.0016477630706503987,7516,0.0016429944662377238,0.0016424196073785424
7517,0.0016477630706503987,7517,0.0016429944662377238,0.0016424196073785424
7518,0.0016477630706503987,7518,0.0016429944662377238,0.0016424196073785424
7519,0.0016477630706503987,7519,0.0016429944662377238,0.0016424196073785424
7520,0.0016477630706503987,7520,0.0016429944662377238,0.0016424196073785424
7521,0.0016477630706503987,7521,0.0016429944662377238,0.0016424196073785424
7522,0.0016477630706503987,7522,0.0016429944662377238,0.0016424196073785424
7523,0.0016477630706503987,7523,0.0016429944662377238,0.0016424196073785424
7524,0.0016477630706503987,7524,0.0016429944662377238,0.0016424196073785424
7525,0.0016477630706503987,7525,0.0016429944662377238,0.0016424196073785424
7526,0.0016477630706503987,7526,0.0016429944662377238,0.0016424196073785424
7527,0.0016477630706503987,7527,0.0016429944662377238,0.0016424196073785424
7528,0.0016477630706503987,7528,0.0016429944662377238,0.0016424196073785424
7529,0.0016477630706503987,7529,0.0016429944662377238,0.0016424196073785424
7530,0.0016477630706503987,7530,0.0016429944662377238,0.0016424196073785424
7531,0.0016477630706503987,7531,0.0016429944662377238,0.0016424196073785424
7532,0.0016477630706503987,7532,0.0016429944662377238,0.0016424196073785424
7533,0.0016477630706503987,7533,0.0016429944662377238,0.0016424196073785424
7534,0.0016477630706503987,7534,0.0016429944662377238,0.0016424196073785424
7535,0.0016477630706503987,7535,0.0016429944662377238,0.0016424196073785424
7536,0.0016477630706503987,7536,0.0016429944662377238,0.0016424196073785424
7537,0.0016477630706503987,7537,0.0016429944662377238,0.0016424196073785424
7538,0.0016477630706503987,7538,0.0016429944662377238,0.0016424196073785424
7539,0.0016477630706503987,7539,0.0016429944662377238,0.0016424196073785424
7540,0.0016477630706503987,7540,0.0016429944662377238,0.0016424196073785424
7541,0.0016477630706503987,7541,0.0016429944662377238,0.0016424196073785424
7542,0.0016477630706503987,7542,0.0016429944662377238,0.0016424196073785424
7543,0.0016477630706503987,7543,0.0016429944662377238,0.0016424196073785424
7544,0.0016477630706503987,7544,0.0016429944662377238,0.0016424196073785424
7545,0.0016477630706503987,7545,0.0016429944662377238,0.0016424196073785424
7546,0.0016477630706503987,7546,0.0016429944662377238,0.0016424196073785424
7547,0.0016477630706503987,7547,0.0016429944662377238,0.0016424196073785424
7548,0.0016477630706503987,7548,0.0016429944662377238,0.0016424196073785424
7549,0.0016477630706503987,7549,0.0016429944662377238,0.0016424196073785424
7550,0.0016477630706503987,7550,0.0016429944662377238,0.0016424196073785424
7551,0.0016477630706503987,7551,0.0016429944662377238,0.0016424196073785424
7552,0.0016477630706503987,7552,0.0016429944662377238,0.0016424196073785424
7553,0.0016477630706503987,7553,0.0016429944662377238,0.0016424196073785424
7554,0.0016477630706503987,7554,0.0016429944662377238,0.0016424196073785424
7555,0.0016477630706503987,7555,0.0016429944662377238,0.0016424196073785424
7556,0.0016477630706503987,7556,0.0016429944662377238,0.0016424196073785424
7557,0.0016477630706503987,7557,0.0016429944662377238,0.0016424196073785424
7558,0.0016477630706503987,7558,0.0016429944662377238,0.0016424196073785424
7559,0.0016477630706503987,7559,0.0016429944662377238,0.0016424196073785424
7560,0.0016477630706503987,7560,0.0016429944662377238,0.0016424196073785424
7561,0.0016477630706503987,7561,0.0016429944662377238,0.0016424196073785424
7562,0.0016477630706503987,7562,0.0016429944662377238,0.0016424196073785424
7563,0.0016477630706503987,7563,0.0016429944662377238,0.0016424196073785424
7564,0.0016477630706503987,7564,0.0016429944662377238,0.0016424196073785424
7565,0.0016477630706503987,7565,0.0016429944662377238,0.0016424196073785424
7566,0.0016477630706503987,7566,0.0016429944662377238,0.0016424196073785424
7567,0.0016477630706503987,7567,0.0016429944662377238,0.0016424196073785424
7568,0.0016477630706503987,7568,0.0016429944662377238,0.0016424196073785424
7569,0.0016477630706503987,7569,0.0016429944662377238,0.0016424196073785424
7570,0.0016477630706503987,7570,0.0016429944662377238,0.0016424196073785424
7571,0.0016477630706503987,7571,0.0016429944662377238,0.0016424196073785424
7572,0.0016477630706503987,7572,0.0016429944662377238,0.0016424196073785424
7573,0.0016477630706503987,7573,0.0016429944662377238,0.0016424196073785424
7574,0.0016477630706503987,7574,0.0016429944662377238,0.0016424196073785424
7575,0.0016477630706503987,7575,0.0016429944662377238,0.0016424196073785424
7576,0.0016477630706503987,7576,0.0016429944662377238,0.0016424196073785424
7577,0.0016477630706503987,7577,0.0016429944662377238,0.0016424196073785424
7578,0.0016477630706503987,7578,0.0016429944662377238,0.0016424196073785424
7579,0.0016477630706503987,7579,0.0016429944662377238,0.0016424196073785424
7580,0.0016477630706503987,7580,0.0016429944662377238,0.0016424196073785424
7581,0.0016477630706503987,7581,0.0016429944662377238,0.0016424196073785424
7582,0.0016477630706503987,7582,0.0016429944662377238,0.0016424196073785424
7583,0.0016477630706503987,7583,0.0016429944662377238,0.0016424196073785424
7584,0.0016477630706503987,7584,0.0016429944662377238,0.0016424196073785424
7585,0.0016477630706503987,7585,0.0016429944662377238,0.0016424196073785424
7586,0.0016477630706503987,7586,0.0016429944662377238,0.0016424196073785424
7587,0.0016477630706503987,7587,0.0016429944662377238,0.0016424196073785424
7588,0.0016477630706503987,7588,0.0016429944662377238,0.0016424196073785424
7589,0.0016477630706503987,7589,0.0016429944662377238,0.0016424196073785424
7590,0.0016477630706503987,7590,0.0016429944662377238,0.0016424196073785424
7591,0.0016477630706503987,7591,0.0016429944662377238,0.0016424196073785424
7592,0.0016477630706503987,7592,0.0016429944662377238,0.0016424196073785424
7593,0.0016477630706503987,7593,0.0016429944662377238,0.0016424196073785424
7594,0.0016477630706503987,7594,0.0016429944662377238,0.0016424196073785424
7595,0.0016477630706503987,7595,0.0016429944662377238,0.0016424196073785424
7596,0.0016477630706503987,7596,0.0016429944662377238,0.0016424196073785424
7597,0.0016477630706503987,7597,0.0016429944662377238,0.0016424196073785424
7598,0.0016477630706503987,7598,0.0016429944662377238,0.0016424196073785424
7599,0.0016477630706503987,7599,0.0016429944662377238,0.0016424196073785424
7600,0.0016477630706503987,7600,0.0016429944662377238,0.0016424196073785424
7601,0.0016477630706503987,7601,0.0016429944662377238,0.0016424196073785424
7602,0.0016477630706503987,7602,0.0016429944662377238,0.0016424196073785424
7603,0.0016477630706503987,7603,0.0016429944662377238,0.0016424196073785424
7604,0.0016477630706503987,7604,0.0016429944662377238,0.0016424196073785424
7605,0.0016477630706503987,7605,0.0016429944662377238,0.0016424196073785424
7606,0.0016477630706503987,7606,0.0016429944662377238,0.0016424196073785424
7607,0.0016477630706503987,7607,0.0016429944662377238,0.0016424196073785424
7608,0.0016477630706503987,7608,0.0016429944662377238,0.0016424196073785424
7609,0.0016477630706503987,7609,0.0016429944662377238,0.0016424196073785424
7610,0.0016477630706503987,7610,0.0016429944662377238,0.0016424196073785424
7611,0.0016477630706503987,7611,0.0016429944662377238,0.0016424196073785424
7612,0.0016477630706503987,7612,0.0016429944662377238,0.0016424196073785424
7613,0.0016477630706503987,7613,0.0016429944662377238,0.0016424196073785424
7614,0.0016477630706503987,7614,0.0016429944662377238,0.0016424196073785424
7615,0.0016477630706503987,7615,0.0016429944662377238,0.0016424196073785424
7616,0.0016477630706503987,7616,0.0016429944662377238,0.0016424196073785424
7617,0.0016477630706503987,7617,0.0016429944662377238,0.0016424196073785424
7618,0.0016477630706503987,7618,0.0016429944662377238,0.0016424196073785424
7619,0.0016477630706503987,7619,0.0016429944662377238,0.0016424196073785424
7620,0.0016477630706503987,7620,0.0016429944662377238,0.0016424196073785424
7621,0.0016477630706503987,7621,0.0016429944662377238,0.0016424196073785424
7622,0.0016477630706503987,7622,0.0016429944662377238,0.0016424196073785424
7623,0.0016477630706503987,7623,0.0016429944662377238,0.0016424196073785424
7624,0.0016477630706503987,7624,0.0016429944662377238,0.0016424196073785424
7625,0.0016477630706503987,7625,0.0016429944662377238,0.0016424196073785424
7626,0.0016477630706503987,7626,0.0016429944662377238,0.0016424196073785424
7627,0.0016477630706503987,7627,0.0016429944662377238,0.0016424196073785424
7628,0.0016477630706503987,7628,0.0016429944662377238,0.0016424196073785424
7629,0.0016477630706503987,7629,0.0016429944662377238,0.0016424196073785424
7630,0.0016477630706503987,7630,0.0016429944662377238,0.0016424196073785424
7631,0.0016477630706503987,7631,0.0016429944662377238,0.0016424196073785424
7632,0.0016477630706503987,7632,0.0016429944662377238,0.0016424196073785424
7633,0.0016477630706503987,7633,0.0016429944662377238,0.0016424196073785424
7634,0.0016477630706503987,7634,0.0016429944662377238,0.0016424196073785424
7635,0.0016477630706503987,7635,0.0016429944662377238,0.0016424196073785424
7636,0.0016477630706503987,7636,0.0016429944662377238,0.0016424196073785424
7637,0.0016477630706503987,7637,0.0016429944662377238,0.0016424196073785424
7638,0.0016477630706503987,7638,0.0016429944662377238,0.0016424196073785424
7639,0.0016477630706503987,7639,0.0016429944662377238,0.0016424196073785424
7640,0.0016477630706503987,7640,0.0016429944662377238,0.0016424196073785424
7641,0.0016477630706503987,7641,0.0016429944662377238,0.0016424196073785424
7642,0.0016477630706503987,7642,0.0016429944662377238,0.0016424196073785424
7643,0.0016477630706503987,7643,0.0016429944662377238,0.0016424196073785424
7644,0.0016477630706503987,7644,0.0016429944662377238,0.0016424196073785424
7645,0.0016477630706503987,7645,0.0016429944662377238,0.0016424196073785424
7646,0.0016477630706503987,7646,0.0016429944662377238,0.0016424196073785424
7647,0.0016477630706503987,7647,0.0016429944662377238,0.0016424196073785424
7648,0.0016477630706503987,7648,0.0016429944662377238,0.0016424196073785424
7649,0.0016477630706503987,7649,0.0016429944662377238,0.0016424196073785424
7650,0.0016477630706503987,7650,0.0016429944662377238,0.0016424196073785424
7651,0.0016477630706503987,7651,0.0016429944662377238,0.0016424196073785424
7652,0.0016477630706503987,7652,0.0016429944662377238,0.0016424196073785424
7653,0.0016477630706503987,7653,0.0016429944662377238,0.0016424196073785424
7654,0.0016477630706503987,7654,0.0016429944662377238,0.0016424196073785424
7655,0.0016477630706503987,7655,0.0016429944662377238,0.0016424196073785424
7656,0.0016477630706503987,7656,0.0016429944662377238,0.0016424196073785424
7657,0.0016477630706503987,7657,0.0016429944662377238,0.0016424196073785424
7658,0.0016477630706503987,7658,0.0016429944662377238,0.0016424196073785424
7659,0.0016477630706503987,7659,0.0016429944662377238,0.0016424196073785424
7660,0.0016477630706503987,7660,0.0016429944662377238,0.0016424196073785424
7661,0.0016477630706503987,7661,0.0016429944662377238,0.0016424196073785424
7662,0.0016477630706503987,7662,0.0016429944662377238,0.0016424196073785424
7663,0.0016477630706503987,7663,0.0016429944662377238,0.0016424196073785424
7664,0.0016477630706503987,7664,0.0016429944662377238,0.0016424196073785424
7665,0.0016477630706503987,7665,0.0016429944662377238,0.0016424196073785424
7666,0.0016477630706503987,7666,0.0016429944662377238,0.0016424196073785424
7667,0.0016477630706503987,7667,0.0016429944662377238,0.0016424196073785424
7668,0.0016477630706503987,7668,0.0016429944662377238,0.0016424196073785424
7669,0.0016477630706503987,7669,0.0016429944662377238,0.0016424196073785424
7670,0.0016477630706503987,7670,0.0016429944662377238,0.0016424196073785424
7671,0.0016477630706503987,7671,0.0016429944662377238,0.0016424196073785424
7672,0.0016477630706503987,7672,0.0016429944662377238,0.0016424196073785424
7673,0.0016477630706503987,7673,0.0016429944662377238,0.0016424196073785424
7674,0.0016477630706503987,7674,0.0016429944662377238,0.0016424196073785424
7675,0.0016477630706503987,7675,0.0016429944662377238,0.0016424196073785424
7676,0.0016477630706503987,7676,0.0016429944662377238,0.0016424196073785424
7677,0.0016477630706503987,7677,0.0016429944662377238,0.0016424196073785424
7678,0.0016477630706503987,7678,0.0016429944662377238,0.0016424196073785424
7679,0.0016477630706503987,7679,0.0016429944662377238,0.0016424196073785424
7680,0.0016477630706503987,7680,0.0016429944662377238,0.0016424196073785424
7681,0.0016477630706503987,7681,0.0016429944662377238,0.0016424196073785424
7682,0.0016477630706503987,7682,0.0016429944662377238,0.0016424196073785424
7683,0.0016477630706503987,7683,0.0016429944662377238,0.0016424196073785424
7684,0.0016477630706503987,7684,0.0016429944662377238,0.0016424196073785424
7685,0.0016477630706503987,7685,0.0016429944662377238,0.0016424196073785424
7686,0.0016477630706503987,7686,0.0016429944662377238,0.0016424196073785424
7687,0.0016477630706503987,7687,0.0016429944662377238,0.0016424196073785424
7688,0.0016477630706503987,7688,0.0016429944662377238,0.0016424196073785424
7689,0.0016477630706503987,7689,0.0016429944662377238,0.0016424196073785424
7690,0.0016477630706503987,7690,0.0016429944662377238,0.0016424196073785424
7691,0.0016477630706503987,7691,0.0016429944662377238,0.0016424196073785424
7692,0.0016477630706503987,7692,0.0016429944662377238,0.0016424196073785424
7693,0.0016477630706503987,7693,0.0016429944662377238,0.0016424196073785424
7694,0.0016477630706503987,7694,0.0016429944662377238,0.0016424196073785424
7695,0.0016477630706503987,7695,0.0016429944662377238,0.0016424196073785424
7696,0.0016477630706503987,7696,0.0016429944662377238,0.0016424196073785424
7697,0.0016477630706503987,7697,0.0016429944662377238,0.0016424196073785424
7698,0.0016477630706503987,7698,0.0016429944662377238,0.0016424196073785424
7699,0.0016477630706503987,7699,0.0016429944662377238,0.0016424196073785424
7700,0.0016477630706503987,7700,0.0016429944662377238,0.0016424196073785424
7701,0.0016477630706503987,7701,0.0016429944662377238,0.0016424196073785424
7702,0.0016477630706503987,7702,0.0016429944662377238,0.0016424196073785424
7703,0.0016477630706503987,7703,0.0016429944662377238,0.0016424196073785424
7704,0.0016477630706503987,7704,0.0016429944662377238,0.0016424196073785424
7705,0.0016477630706503987,7705,0.0016429944662377238,0.0016424196073785424
7706,0.0016477630706503987,7706,0.0016429944662377238,0.0016424196073785424
7707,0.0016477630706503987,7707,0.0016429944662377238,0.0016424196073785424
7708,0.0016477630706503987,7708,0.0016429944662377238,0.0016424196073785424
7709,0.0016477630706503987,7709,0.0016429944662377238,0.0016424196073785424
7710,0.0016477630706503987,7710,0.0016429944662377238,0.0016424196073785424
7711,0.0016477630706503987,7711,0.0016429944662377238,0.0016424196073785424
7712,0.0016477630706503987,7712,0.0016429944662377238,0.0016424196073785424
7713,0.0016477630706503987,7713,0.0016429944662377238,0.0016424196073785424
7714,0.0016477630706503987,7714,0.0016429944662377238,0.0016424196073785424
7715,0.0016477630706503987,7715,0.0016429944662377238,0.0016424196073785424
7716,0.0016477630706503987,7716,0.0016429944662377238,0.0016424196073785424
7717,0.0016477630706503987,7717,0.0016429944662377238,0.0016424196073785424
7718,0.0016477630706503987,7718,0.0016429944662377238,0.0016424196073785424
7719,0.0016477630706503987,7719,0.0016429944662377238,0.0016424196073785424
7720,0.0016477630706503987,7720,0.0016429944662377238,0.0016424196073785424
7721,0.0016477630706503987,7721,0.0016429944662377238,0.0016424196073785424
7722,0.0016477630706503987,7722,0.0016429944662377238,0.0016424196073785424
7723,0.0016477630706503987,7723,0.0016429944662377238,0.0016424196073785424
7724,0.0016477630706503987,7724,0.0016429944662377238,0.0016424196073785424
7725,0.0016477630706503987,7725,0.0016429944662377238,0.0016424196073785424
7726,0.0016477630706503987,7726,0.0016429944662377238,0.0016424196073785424
7727,0.0016477630706503987,7727,0.0016429944662377238,0.0016424196073785424
7728,0.0016477630706503987,7728,0.0016429944662377238,0.0016424196073785424
7729,0.0016477630706503987,7729,0.0016429944662377238,0.0016424196073785424
7730,0.0016477630706503987,7730,0.0016429944662377238,0.0016424196073785424
7731,0.0016477630706503987,7731,0.0016429944662377238,0.0016424196073785424
7732,0.0016477630706503987,7732,0.0016429944662377238,0.0016424196073785424
7733,0.0016477630706503987,7733,0.0016429944662377238,0.0016424196073785424
7734,0.0016477630706503987,7734,0.0016429944662377238,0.0016424196073785424
7735,0.0016477630706503987,7735,0.0016429944662377238,0.0016424196073785424
7736,0.0016477630706503987,7736,0.0016429944662377238,0.0016424196073785424
7737,0.0016477630706503987,7737,0.0016429944662377238,0.0016424196073785424
7738,0.0016477630706503987,7738,0.0016429944662377238,0.0016424196073785424
7739,0.0016477630706503987,7739,0.0016429944662377238,0.0016424196073785424
7740,0.0016477630706503987,7740,0.0016429944662377238,0.0016424196073785424
7741,0.0016477630706503987,7741,0.0016429944662377238,0.0016424196073785424
7742,0.0016477630706503987,7742,0.0016429944662377238,0.0016424196073785424
7743,0.0016477630706503987,7743,0.0016429944662377238,0.0016424196073785424
7744,0.0016477630706503987,7744,0.0016429944662377238,0.0016424196073785424
7745,0.0016477630706503987,7745,0.0016429944662377238,0.0016424196073785424
7746,0.0016477630706503987,7746,0.0016429944662377238,0.0016424196073785424
7747,0.0016477630706503987,7747,0.0016429944662377238,0.0016424196073785424
7748,0.0016477630706503987,7748,0.0016429944662377238,0.0016424196073785424
7749,0.0016477630706503987,7749,0.0016429944662377238,0.0016424196073785424
7750,0.0016478229081258178,7750,0.001642993651330471,0.001642419258132577
7751,0.0016478229081258178,7751,0.001642993651330471,0.001642419258132577
7752,0.0016478229081258178,7752,0.001642993651330471,0.001642419258132577
7753,0.0016478229081258178,7753,0.001642993651330471,0.001642419258132577
7754,0.0016478229081258178,7754,0.001642993651330471,0.001642419258132577
7755,0.0016478229081258178,7755,0.001642993651330471,0.001642419258132577
7756,0.0016478229081258178,7756,0.001642993651330471,0.001642419258132577
7757,0.0016478229081258178,7757,0.001642993651330471,0.001642419258132577
7758,0.0016478229081258178,7758,0.001642993651330471,0.001642419258132577
7759,0.0016478229081258178,7759,0.001642993651330471,0.001642419258132577
7760,0.0016478229081258178,7760,0.001642993651330471,0.001642419258132577
7761,0.0016478229081258178,7761,0.001642993651330471,0.001642419258132577
7762,0.0016478229081258178,7762,0.001642993651330471,0.001642419258132577
7763,0.0016478229081258178,7763,0.001642993651330471,0.001642419258132577
7764,0.0016478229081258178,7764,0.001642993651330471,0.001642419258132577
7765,0.0016478229081258178,7765,0.001642993651330471,0.001642419258132577
7766,0.0016478229081258178,7766,0.001642993651330471,0.001642419258132577
7767,0.0016478229081258178,7767,0.001642993651330471,0.001642419258132577
7768,0.0016478229081258178,7768,0.001642993651330471,0.001642419258132577
7769,0.0016478229081258178,7769,0.001642993651330471,0.001642419258132577
7770,0.0016478229081258178,7770,0.001642993651330471,0.001642419258132577
7771,0.0016478229081258178,7771,0.001642993651330471,0.001642419258132577
7772,0.0016478229081258178,7772,0.001642993651330471,0.001642419258132577
7773,0.0016478229081258178,7773,0.001642993651330471,0.001642419258132577
7774,0.0016478229081258178,7774,0.001642993651330471,0.001642419258132577
7775,0.0016478229081258178,7775,0.001642993651330471,0.001642419258132577
7776,0.0016478229081258178,7776,0.001642993651330471,0.001642419258132577
7777,0.0016478229081258178,7777,0.001642993651330471,0.001642419258132577
7778,0.0016478229081258178,7778,0.001642993651330471,0.001642419258132577
7779,0.0016478229081258178,7779,0.001642993651330471,0.001642419258132577
7780,0.0016478229081258178,7780,0.001642993651330471,0.001642419258132577
7781,0.0016478229081258178,7781,0.001642993651330471,0.001642419258132577
7782,0.0016478229081258178,7782,0.001642993651330471,0.001642419258132577
7783,0.0016478229081258178,7783,0.001642993651330471,0.001642419258132577
7784,0.0016478229081258178,7784,0.001642993651330471,0.001642419258132577
7785,0.0016478229081258178,7785,0.001642993651330471,0.001642419258132577
7786,0.0016478229081258178,7786,0.001642993651330471,0.001642419258132577
7787,0.0016478229081258178,7787,0.001642993651330471,0.001642419258132577
7788,0.0016478229081258178,7788,0.001642993651330471,0.001642419258132577
7789,0.0016478229081258178,7789,0.001642993651330471,0.001642419258132577
7790,0.0016478229081258178,7790,0.001642993651330471,0.001642419258132577
7791,0.0016478229081258178,7791,0.001642993651330471,0.001642419258132577
7792,0.0016478229081258178,7792,0.001642993651330471,0.001642419258132577
7793,0.0016478229081258178,7793,0.001642993651330471,0.001642419258132577
7794,0.0016478229081258178,7794,0.001642993651330471,0.001642419258132577
7795,0.0016478229081258178,7795,0.001642993651330471,0.001642419258132577
7796,0.0016478229081258178,7796,0.001642993651330471,0.001642419258132577
7797,0.0016478229081258178,7797,0.001642993651330471,0.001642419258132577
7798,0.0016478229081258178,7798,0.001642993651330471,0.001642419258132577
7799,0.0016478229081258178,7799,0.001642993651330471,0.001642419258132577
7800,0.0016478229081258178,7800,0.001642993651330471,0.001642419258132577
7801,0.0016478229081258178,7801,0.001642993651330471,0.001642419258132577
7802,0.0016478229081258178,7802,0.001642993651330471,0.001642419258132577
7803,0.0016478229081258178,7803,0.001642993651330471,0.001642419258132577
7804,0.0016478229081258178,7804,0.001642993651330471,0.001642419258132577
7805,0.0016478229081258178,7805,0.001642993651330471,0.001642419258132577
7806,0.0016478229081258178,7806,0.001642993651330471,0.001642419258132577
7807,0.0016478229081258178,7807,0.001642993651330471,0.001642419258132577
7808,0.0016478229081258178,7808,0.001642993651330471,0.001642419258132577
7809,0.0016478229081258178,7809,0.001642993651330471,0.001642419258132577
7810,0.0016478229081258178,7810,0.001642993651330471,0.001642419258132577
7811,0.0016478229081258178,7811,0.001642993651330471,0.001642419258132577
7812,0.0016478229081258178,7812,0.001642993651330471,0.001642419258132577
7813,0.0016478229081258178,7813,0.001642993651330471,0.001642419258132577
7814,0.0016478229081258178,7814,0.001642993651330471,0.001642419258132577
7815,0.0016478229081258178,7815,0.001642993651330471,0.001642419258132577
7816,0.0016478229081258178,7816,0.001642993651330471,0.001642419258132577
7817,0.0016478229081258178,7817,0.001642993651330471,0.001642419258132577
7818,0.0016478229081258178,7818,0.001642993651330471,0.001642419258132577
7819,0.0016478229081258178,7819,0.001642993651330471,0.001642419258132577
7820,0.0016478229081258178,7820,0.001642993651330471,0.001642419258132577
7821,0.0016478229081258178,7821,0.001642993651330471,0.001642419258132577
7822,0.0016478229081258178,7822,0.001642993651330471,0.001642419258132577
7823,0.0016478229081258178,7823,0.001642993651330471,0.001642419258132577
7824,0.0016478229081258178,7824,0.001642993651330471,0.001642419258132577
7825,0.0016478229081258178,7825,0.001642993651330471,0.001642419258132577
7826,0.0016478229081258178,7826,0.001642993651330471,0.001642419258132577
7827,0.0016478229081258178,7827,0.001642993651330471,0.001642419258132577
7828,0.0016478229081258178,7828,0.001642993651330471,0.001642419258132577
7829,0.0016478229081258178,7829,0.001642993651330471,0.001642419258132577
7830,0.0016478229081258178,7830,0.001642993651330471,0.001642419258132577
7831,0.0016478229081258178,7831,0.001642993651330471,0.001642419258132577
7832,0.0016478229081258178,7832,0.001642993651330471,0.001642419258132577
7833,0.0016478229081258178,7833,0.001642993651330471,0.001642419258132577
7834,0.0016478229081258178,7834,0.001642993651330471,0.001642419258132577
7835,0.0016478229081258178,7835,0.001642993651330471,0.001642419258132577
7836,0.0016478229081258178,7836,0.001642993651330471,0.001642419258132577
7837,0.0016478229081258178,7837,0.001642993651330471,0.001642419258132577
7838,0.0016478229081258178,7838,0.001642993651330471,0.001642419258132577
7839,0.0016478229081258178,7839,0.001642993651330471,0.001642419258132577
7840,0.0016478229081258178,7840,0.001642993651330471,0.001642419258132577
7841,0.0016478229081258178,7841,0.001642993651330471,0.001642419258132577
7842,0.0016478229081258178,7842,0.001642993651330471,0.001642419258132577
7843,0.0016478229081258178,7843,0.001642993651330471,0.001642419258132577
7844,0.0016478229081258178,7844,0.001642993651330471,0.001642419258132577
7845,0.0016478229081258178,7845,0.001642993651330471,0.001642419258132577
7846,0.0016478229081258178,7846,0.001642993651330471,0.001642419258132577
7847,0.0016478229081258178,7847,0.001642993651330471,0.001642419258132577
7848,0.0016478229081258178,7848,0.001642993651330471,0.001642419258132577
7849,0.0016478229081258178,7849,0.001642993651330471,0.001642419258132577
7850,0.0016478229081258178,7850,0.001642993651330471,0.001642419258132577
7851,0.0016478229081258178,7851,0.001642993651330471,0.001642419258132577
7852,0.0016478229081258178,7852,0.001642993651330471,0.001642419258132577
7853,0.0016478229081258178,7853,0.001642993651330471,0.001642419258132577
7854,0.0016478229081258178,7854,0.001642993651330471,0.001642419258132577
7855,0.0016478229081258178,7855,0.001642993651330471,0.001642419258132577
7856,0.0016478229081258178,7856,0.001642993651330471,0.001642419258132577
7857,0.0016478229081258178,7857,0.001642993651330471,0.001642419258132577
7858,0.0016478229081258178,7858,0.001642993651330471,0.001642419258132577
7859,0.0016478229081258178,7859,0.001642993651330471,0.001642419258132577
7860,0.0016478229081258178,7860,0.001642993651330471,0.001642419258132577
7861,0.0016478229081258178,7861,0.001642993651330471,0.001642419258132577
7862,0.0016478229081258178,7862,0.001642993651330471,0.001642419258132577
7863,0.0016478229081258178,7863,0.001642993651330471,0.001642419258132577
7864,0.0016478229081258178,7864,0.001642993651330471,0.001642419258132577
7865,0.0016478229081258178,7865,0.001642993651330471,0.001642419258132577
7866,0.0016478229081258178,7866,0.001642993651330471,0.001642419258132577
7867,0.0016478229081258178,7867,0.001642993651330471,0.001642419258132577
7868,0.0016478229081258178,7868,0.001642993651330471,0.001642419258132577
7869,0.0016478229081258178,7869,0.001642993651330471,0.001642419258132577
7870,0.0016478229081258178,7870,0.001642993651330471,0.001642419258132577
7871,0.0016478229081258178,7871,0.001642993651330471,0.001642419258132577
7872,0.0016478229081258178,7872,0.001642993651330471,0.001642419258132577
7873,0.0016478229081258178,7873,0.001642993651330471,0.001642419258132577
7874,0.0016478229081258178,7874,0.001642993651330471,0.001642419258132577
7875,0.0016478229081258178,7875,0.001642993651330471,0.001642419258132577
7876,0.0016478229081258178,7876,0.001642993651330471,0.001642419258132577
7877,0.0016478229081258178,7877,0.001642993651330471,0.001642419258132577
7878,0.0016478229081258178,7878,0.001642993651330471,0.001642419258132577
7879,0.0016478229081258178,7879,0.001642993651330471,0.001642419258132577
7880,0.0016478229081258178,7880,0.001642993651330471,0.001642419258132577
7881,0.0016478229081258178,7881,0.001642993651330471,0.001642419258132577
7882,0.0016478229081258178,7882,0.001642993651330471,0.001642419258132577
7883,0.0016478229081258178,7883,0.001642993651330471,0.001642419258132577
7884,0.0016478229081258178,7884,0.001642993651330471,0.001642419258132577
7885,0.0016478229081258178,7885,0.001642993651330471,0.001642419258132577
7886,0.0016478229081258178,7886,0.001642993651330471,0.001642419258132577
7887,0.0016478229081258178,7887,0.001642993651330471,0.001642419258132577
7888,0.0016478229081258178,7888,0.001642993651330471,0.001642419258132577
7889,0.0016478229081258178,7889,0.001642993651330471,0.001642419258132577
7890,0.0016478229081258178,7890,0.001642993651330471,0.001642419258132577
7891,0.0016478229081258178,7891,0.001642993651330471,0.001642419258132577
7892,0.0016478229081258178,7892,0.001642993651330471,0.001642419258132577
7893,0.0016478229081258178,7893,0.001642993651330471,0.001642419258132577
7894,0.0016478229081258178,7894,0.001642993651330471,0.001642419258132577
7895,0.0016478229081258178,7895,0.001642993651330471,0.001642419258132577
7896,0.0016478229081258178,7896,0.001642993651330471,0.001642419258132577
7897,0.0016478229081258178,7897,0.001642993651330471,0.001642419258132577
7898,0.0016478229081258178,7898,0.001642993651330471,0.001642419258132577
7899,0.0016478229081258178,7899,0.001642993651330471,0.001642419258132577
7900,0.0016478229081258178,7900,0.001642993651330471,0.001642419258132577
7901,0.0016478229081258178,7901,0.001642993651330471,0.001642419258132577
7902,0.0016478229081258178,7902,0.001642993651330471,0.001642419258132577
7903,0.0016478229081258178,7903,0.001642993651330471,0.001642419258132577
7904,0.0016478229081258178,7904,0.001642993651330471,0.001642419258132577
7905,0.0016478229081258178,7905,0.001642993651330471,0.001642419258132577
7906,0.0016478229081258178,7906,0.001642993651330471,0.001642419258132577
7907,0.0016478229081258178,7907,0.001642993651330471,0.001642419258132577
7908,0.0016478229081258178,7908,0.001642993651330471,0.001642419258132577
7909,0.0016478229081258178,7909,0.001642993651330471,0.001642419258132577
7910,0.0016478229081258178,7910,0.001642993651330471,0.001642419258132577
7911,0.0016478229081258178,7911,0.001642993651330471,0.001642419258132577
7912,0.0016478229081258178,7912,0.001642993651330471,0.001642419258132577
7913,0.0016478229081258178,7913,0.001642993651330471,0.001642419258132577
7914,0.0016478229081258178,7914,0.001642993651330471,0.001642419258132577
7915,0.0016478229081258178,7915,0.001642993651330471,0.001642419258132577
7916,0.0016478229081258178,7916,0.001642993651330471,0.001642419258132577
7917,0.0016478229081258178,7917,0.001642993651330471,0.001642419258132577
7918,0.0016478229081258178,7918,0.001642993651330471,0.001642419258132577
7919,0.0016478229081258178,7919,0.001642993651330471,0.001642419258132577
7920,0.0016478229081258178,7920,0.001642993651330471,0.001642419258132577
7921,0.0016478229081258178,7921,0.001642993651330471,0.001642419258132577
7922,0.0016478229081258178,7922,0.001642993651330471,0.001642419258132577
7923,0.0016478229081258178,7923,0.001642993651330471,0.001642419258132577
7924,0.0016478229081258178,7924,0.001642993651330471,0.001642419258132577
7925,0.0016478229081258178,7925,0.001642993651330471,0.001642419258132577
7926,0.0016478229081258178,7926,0.001642993651330471,0.001642419258132577
7927,0.0016478229081258178,7927,0.001642993651330471,0.001642419258132577
7928,0.0016478229081258178,7928,0.001642993651330471,0.001642419258132577
7929,0.0016478229081258178,7929,0.001642993651330471,0.001642419258132577
7930,0.0016478229081258178,7930,0.001642993651330471,0.001642419258132577
7931,0.0016478229081258178,7931,0.001642993651330471,0.001642419258132577
7932,0.0016478229081258178,7932,0.001642993651330471,0.001642419258132577
7933,0.0016478229081258178,7933,0.001642993651330471,0.001642419258132577
7934,0.0016478229081258178,7934,0.001642993651330471,0.001642419258132577
7935,0.0016478229081258178,7935,0.001642993651330471,0.001642419258132577
7936,0.0016478229081258178,7936,0.001642993651330471,0.001642419258132577
7937,0.0016478229081258178,7937,0.001642993651330471,0.001642419258132577
7938,0.0016478229081258178,7938,0.001642993651330471,0.001642419258132577
7939,0.0016478229081258178,7939,0.001642993651330471,0.001642419258132577
7940,0.0016478229081258178,7940,0.001642993651330471,0.001642419258132577
7941,0.0016478229081258178,7941,0.001642993651330471,0.001642419258132577
7942,0.0016478229081258178,7942,0.001642993651330471,0.001642419258132577
7943,0.0016478229081258178,7943,0.001642993651330471,0.001642419258132577
7944,0.0016478229081258178,7944,0.001642993651330471,0.001642419258132577
7945,0.0016478229081258178,7945,0.001642993651330471,0.001642419258132577
7946,0.0016478229081258178,7946,0.001642993651330471,0.001642419258132577
7947,0.0016478229081258178,7947,0.001642993651330471,0.001642419258132577
7948,0.0016478229081258178,7948,0.001642993651330471,0.001642419258132577
7949,0.0016478229081258178,7949,0.001642993651330471,0.001642419258132577
7950,0.0016478229081258178,7950,0.001642993651330471,0.001642419258132577
7951,0.0016478229081258178,7951,0.001642993651330471,0.001642419258132577
7952,0.0016478229081258178,7952,0.001642993651330471,0.001642419258132577
7953,0.0016478229081258178,7953,0.001642993651330471,0.001642419258132577
7954,0.0016478229081258178,7954,0.001642993651330471,0.001642419258132577
7955,0.0016478229081258178,7955,0.001642993651330471,0.001642419258132577
7956,0.0016478229081258178,7956,0.001642993651330471,0.001642419258132577
7957,0.0016478229081258178,7957,0.001642993651330471,0.001642419258132577
7958,0.0016478229081258178,7958,0.001642993651330471,0.001642419258132577
7959,0.0016478229081258178,7959,0.001642993651330471,0.001642419258132577
7960,0.0016478229081258178,7960,0.001642993651330471,0.001642419258132577
7961,0.0016478229081258178,7961,0.001642993651330471,0.001642419258132577
7962,0.0016478229081258178,7962,0.001642993651330471,0.001642419258132577
7963,0.0016478229081258178,7963,0.001642993651330471,0.001642419258132577
7964,0.0016478229081258178,7964,0.001642993651330471,0.001642419258132577
7965,0.0016478229081258178,7965,0.001642993651330471,0.001642419258132577
7966,0.0016478229081258178,7966,0.001642993651330471,0.001642419258132577
7967,0.0016478229081258178,7967,0.001642993651330471,0.001642419258132577
7968,0.0016478229081258178,7968,0.001642993651330471,0.001642419258132577
7969,0.0016478229081258178,7969,0.001642993651330471,0.001642419258132577
7970,0.0016478229081258178,7970,0.001642993651330471,0.001642419258132577
7971,0.0016478229081258178,7971,0.001642993651330471,0.001642419258132577
7972,0.0016478229081258178,7972,0.001642993651330471,0.001642419258132577
7973,0.0016478229081258178,7973,0.001642993651330471,0.001642419258132577
7974,0.0016478229081258178,7974,0.001642993651330471,0.001642419258132577
7975,0.0016478229081258178,7975,0.001642993651330471,0.001642419258132577
7976,0.0016478229081258178,7976,0.001642993651330471,0.001642419258132577
7977,0.0016478229081258178,7977,0.001642993651330471,0.001642419258132577
7978,0.0016478229081258178,7978,0.001642993651330471,0.001642419258132577
7979,0.0016478229081258178,7979,0.001642993651330471,0.001642419258132577
7980,0.0016478229081258178,7980,0.001642993651330471,0.001642419258132577
7981,0.0016478229081258178,7981,0.001642993651330471,0.001642419258132577
7982,0.0016478229081258178,7982,0.001642993651330471,0.001642419258132577
7983,0.0016478229081258178,7983,0.001642993651330471,0.001642419258132577
7984,0.0016478229081258178,7984,0.001642993651330471,0.001642419258132577
7985,0.0016478229081258178,7985,0.001642993651330471,0.001642419258132577
7986,0.0016478229081258178,7986,0.001642993651330471,0.001642419258132577
7987,0.0016478229081258178,7987,0.001642993651330471,0.001642419258132577
7988,0.0016478229081258178,7988,0.001642993651330471,0.001642419258132577
7989,0.0016478229081258178,7989,0.001642993651330471,0.001642419258132577
7990,0.0016478229081258178,7990,0.001642993651330471,0.001642419258132577
7991,0.0016478229081258178,7991,0.001642993651330471,0.001642419258132577
7992,0.0016478229081258178,7992,0.001642993651330471,0.001642419258132577
7993,0.0016478229081258178,7993,0.001642993651330471,0.001642419258132577
7994,0.0016478229081258178,7994,0.001642993651330471,0.001642419258132577
7995,0.0016478229081258178,7995,0.001642993651330471,0.001642419258132577
7996,0.0016478229081258178,7996,0.001642993651330471,0.001642419258132577
7997,0.0016478229081258178,7997,0.001642993651330471,0.001642419258132577
7998,0.0016478229081258178,7998,0.001642993651330471,0.001642419258132577
7999,0.0016478229081258178,7999,0.001642993651330471,0.001642419258132577
8000,0.0016478225588798523,8000,0.0016429944662377238,0.0016424191417172551
8001,0.0016478225588798523,8001,0.0016429944662377238,0.0016424191417172551
8002,0.0016478225588798523,8002,0.0016429944662377238,0.0016424191417172551
8003,0.0016478225588798523,8003,0.0016429944662377238,0.0016424191417172551
8004,0.0016478225588798523,8004,0.0016429944662377238,0.0016424191417172551
8005,0.0016478225588798523,8005,0.0016429944662377238,0.0016424191417172551
8006,0.0016478225588798523,8006,0.0016429944662377238,0.0016424191417172551
8007,0.0016478225588798523,8007,0.0016429944662377238,0.0016424191417172551
8008,0.0016478225588798523,8008,0.0016429944662377238,0.0016424191417172551
8009,0.0016478225588798523,8009,0.0016429944662377238,0.0016424191417172551
8010,0.0016478225588798523,8010,0.0016429944662377238,0.0016424191417172551
8011,0.0016478225588798523,8011,0.0016429944662377238,0.0016424191417172551
8012,0.0016478225588798523,8012,0.0016429944662377238,0.0016424191417172551
8013,0.0016478225588798523,8013,0.0016429944662377238,0.0016424191417172551
8014,0.0016478225588798523,8014,0.0016429944662377238,0.0016424191417172551
8015,0.0016478225588798523,8015,0.0016429944662377238,0.0016424191417172551
8016,0.0016478225588798523,8016,0.0016429944662377238,0.0016424191417172551
8017,0.0016478225588798523,8017,0.0016429944662377238,0.0016424191417172551
8018,0.0016478225588798523,8018,0.0016429944662377238,0.0016424191417172551
8019,0.0016478225588798523,8019,0.0016429944662377238,0.0016424191417172551
8020,0.0016478225588798523,8020,0.0016429944662377238,0.0016424191417172551
8021,0.0016478225588798523,8021,0.0016429944662377238,0.0016424191417172551
8022,0.0016478225588798523,8022,0.0016429944662377238,0.0016424191417172551
8023,0.0016478225588798523,8023,0.0016429944662377238,0.0016424191417172551
8024,0.0016478225588798523,8024,0.0016429944662377238,0.0016424191417172551
8025,0.0016478225588798523,8025,0.0016429944662377238,0.0016424191417172551
8026,0.0016478225588798523,8026,0.0016429944662377238,0.0016424191417172551
8027,0.0016478225588798523,8027,0.0016429944662377238,0.0016424191417172551
8028,0.0016478225588798523,8028,0.0016429944662377238,0.0016424191417172551
8029,0.0016478225588798523,8029,0.0016429944662377238,0.0016424191417172551
8030,0.0016478225588798523,8030,0.0016429944662377238,0.0016424191417172551
8031,0.0016478225588798523,8031,0.0016429944662377238,0.0016424191417172551
8032,0.0016478225588798523,8032,0.0016429944662377238,0.0016424191417172551
8033,0.0016478225588798523,8033,0.0016429944662377238,0.0016424191417172551
8034,0.0016478225588798523,8034,0.0016429944662377238,0.0016424191417172551
8035,0.0016478225588798523,8035,0.0016429944662377238,0.0016424191417172551
8036,0.0016478225588798523,8036,0.0016429944662377238,0.0016424191417172551
8037,0.0016478225588798523,8037,0.0016429944662377238,0.0016424191417172551
8038,0.0016478225588798523,8038,0.0016429944662377238,0.0016424191417172551
8039,0.0016478225588798523,8039,0.0016429944662377238,0.0016424191417172551
8040,0.0016478225588798523,8040,0.0016429944662377238,0.0016424191417172551
8041,0.0016478225588798523,8041,0.0016429944662377238,0.0016424191417172551
8042,0.0016478225588798523,8042,0.0016429944662377238,0.0016424191417172551
8043,0.0016478225588798523,8043,0.0016429944662377238,0.0016424191417172551
8044,0.0016478225588798523,8044,0.0016429944662377238,0.0016424191417172551
8045,0.0016478225588798523,8045,0.0016429944662377238,0.0016424191417172551
8046,0.0016478225588798523,8046,0.0016429944662377238,0.0016424191417172551
8047,0.0016478225588798523,8047,0.0016429944662377238,0.0016424191417172551
8048,0.0016478225588798523,8048,0.0016429944662377238,0.0016424191417172551
8049,0.0016478225588798523,8049,0.0016429944662377238,0.0016424191417172551
8050,0.0016478225588798523,8050,0.0016429944662377238,0.0016424191417172551
8051,0.0016478225588798523,8051,0.0016429944662377238,0.0016424191417172551
8052,0.0016478225588798523,8052,0.0016429944662377238,0.0016424191417172551
8053,0.0016478225588798523,8053,0.0016429944662377238,0.0016424191417172551
8054,0.0016478225588798523,8054,0.0016429944662377238,0.0016424191417172551
8055,0.0016478225588798523,8055,0.0016429944662377238,0.0016424191417172551
8056,0.0016478225588798523,8056,0.0016429944662377238,0.0016424191417172551
8057,0.0016478225588798523,8057,0.0016429944662377238,0.0016424191417172551
8058,0.0016478225588798523,8058,0.0016429944662377238,0.0016424191417172551
8059,0.0016478225588798523,8059,0.0016429944662377238,0.0016424191417172551
8060,0.0016478225588798523,8060,0.0016429944662377238,0.0016424191417172551
8061,0.0016478225588798523,8061,0.0016429944662377238,0.0016424191417172551
8062,0.0016478225588798523,8062,0.0016429944662377238,0.0016424191417172551
8063,0.0016478225588798523,8063,0.0016429944662377238,0.0016424191417172551
8064,0.0016478225588798523,8064,0.0016429944662377238,0.0016424191417172551
8065,0.0016478225588798523,8065,0.0016429944662377238,0.0016424191417172551
8066,0.0016478225588798523,8066,0.0016429944662377238,0.0016424191417172551
8067,0.0016478225588798523,8067,0.0016429944662377238,0.0016424191417172551
8068,0.0016478225588798523,8068,0.0016429944662377238,0.0016424191417172551
8069,0.0016478225588798523,8069,0.0016429944662377238,0.0016424191417172551
8070,0.0016478225588798523,8070,0.0016429944662377238,0.0016424191417172551
8071,0.0016478225588798523,8071,0.0016429944662377238,0.0016424191417172551
8072,0.0016478225588798523,8072,0.0016429944662377238,0.0016424191417172551
8073,0.0016478225588798523,8073,0.0016429944662377238,0.0016424191417172551
8074,0.0016478225588798523,8074,0.0016429944662377238,0.0016424191417172551
8075,0.0016478225588798523,8075,0.0016429944662377238,0.0016424191417172551
8076,0.0016478225588798523,8076,0.0016429944662377238,0.0016424191417172551
8077,0.0016478225588798523,8077,0.0016429944662377238,0.0016424191417172551
8078,0.0016478225588798523,8078,0.0016429944662377238,0.0016424191417172551
8079,0.0016478225588798523,8079,0.0016429944662377238,0.0016424191417172551
8080,0.0016478225588798523,8080,0.0016429944662377238,0.0016424191417172551
8081,0.0016478225588798523,8081,0.0016429944662377238,0.0016424191417172551
8082,0.0016478225588798523,8082,0.0016429944662377238,0.0016424191417172551
8083,0.0016478225588798523,8083,0.0016429944662377238,0.0016424191417172551
8084,0.0016478225588798523,8084,0.0016429944662377238,0.0016424191417172551
8085,0.0016478225588798523,8085,0.0016429944662377238,0.0016424191417172551
8086,0.0016478225588798523,8086,0.0016429944662377238,0.0016424191417172551
8087,0.0016478225588798523,8087,0.0016429944662377238,0.0016424191417172551
8088,0.0016478225588798523,8088,0.0016429944662377238,0.0016424191417172551
8089,0.0016478225588798523,8089,0.0016429944662377238,0.0016424191417172551
8090,0.0016478225588798523,8090,0.0016429944662377238,0.0016424191417172551
8091,0.0016478225588798523,8091,0.0016429944662377238,0.0016424191417172551
8092,0.0016478225588798523,8092,0.0016429944662377238,0.0016424191417172551
8093,0.0016478225588798523,8093,0.0016429944662377238,0.0016424191417172551
8094,0.0016478225588798523,8094,0.0016429944662377238,0.0016424191417172551
8095,0.0016478225588798523,8095,0.0016429944662377238,0.0016424191417172551
8096,0.0016478225588798523,8096,0.0016429944662377238,0.0016424191417172551
8097,0.0016478225588798523,8097,0.0016429944662377238,0.0016424191417172551
8098,0.0016478225588798523,8098,0.0016429944662377238,0.0016424191417172551
8099,0.0016478225588798523,8099,0.0016429944662377238,0.0016424191417172551
8100,0.0016478225588798523,8100,0.0016429944662377238,0.0016424191417172551
8101,0.0016478225588798523,8101,0.0016429944662377238,0.0016424191417172551
8102,0.0016478225588798523,8102,0.0016429944662377238,0.0016424191417172551
8103,0.0016478225588798523,8103,0.0016429944662377238,0.0016424191417172551
8104,0.0016478225588798523,8104,0.0016429944662377238,0.0016424191417172551
8105,0.0016478225588798523,8105,0.0016429944662377238,0.0016424191417172551
8106,0.0016478225588798523,8106,0.0016429944662377238,0.0016424191417172551
8107,0.0016478225588798523,8107,0.0016429944662377238,0.0016424191417172551
8108,0.0016478225588798523,8108,0.0016429944662377238,0.0016424191417172551
8109,0.0016478225588798523,8109,0.0016429944662377238,0.0016424191417172551
8110,0.0016478225588798523,8110,0.0016429944662377238,0.0016424191417172551
8111,0.0016478225588798523,8111,0.0016429944662377238,0.0016424191417172551
8112,0.0016478225588798523,8112,0.0016429944662377238,0.0016424191417172551
8113,0.0016478225588798523,8113,0.0016429944662377238,0.0016424191417172551
8114,0.0016478225588798523,8114,0.0016429944662377238,0.0016424191417172551
8115,0.0016478225588798523,8115,0.0016429944662377238,0.0016424191417172551
8116,0.0016478225588798523,8116,0.0016429944662377238,0.0016424191417172551
8117,0.0016478225588798523,8117,0.0016429944662377238,0.0016424191417172551
8118,0.0016478225588798523,8118,0.0016429944662377238,0.0016424191417172551
8119,0.0016478225588798523,8119,0.0016429944662377238,0.0016424191417172551
8120,0.0016478225588798523,8120,0.0016429944662377238,0.0016424191417172551
8121,0.0016478225588798523,8121,0.0016429944662377238,0.0016424191417172551
8122,0.0016478225588798523,8122,0.0016429944662377238,0.0016424191417172551
8123,0.0016478225588798523,8123,0.0016429944662377238,0.0016424191417172551
8124,0.0016478225588798523,8124,0.0016429944662377238,0.0016424191417172551
8125,0.0016478225588798523,8125,0.0016429944662377238,0.0016424191417172551
8126,0.0016478225588798523,8126,0.0016429944662377238,0.0016424191417172551
8127,0.0016478225588798523,8127,0.0016429944662377238,0.0016424191417172551
8128,0.0016478225588798523,8128,0.0016429944662377238,0.0016424191417172551
8129,0.0016478225588798523,8129,0.0016429944662377238,0.0016424191417172551
8130,0.0016478225588798523,8130,0.0016429944662377238,0.0016424191417172551
8131,0.0016478225588798523,8131,0.0016429944662377238,0.0016424191417172551
8132,0.0016478225588798523,8132,0.0016429944662377238,0.0016424191417172551
8133,0.0016478225588798523,8133,0.0016429944662377238,0.0016424191417172551
8134,0.0016478225588798523,8134,0.0016429944662377238,0.0016424191417172551
8135,0.0016478225588798523,8135,0.0016429944662377238,0.0016424191417172551
8136,0.0016478225588798523,8136,0.0016429944662377238,0.0016424191417172551
8137,0.0016478225588798523,8137,0.0016429944662377238,0.0016424191417172551
8138,0.0016478225588798523,8138,0.0016429944662377238,0.0016424191417172551
8139,0.0016478225588798523,8139,0.0016429944662377238,0.0016424191417172551
8140,0.0016478225588798523,8140,0.0016429944662377238,0.0016424191417172551
8141,0.0016478225588798523,8141,0.0016429944662377238,0.0016424191417172551
8142,0.0016478225588798523,8142,0.0016429944662377238,0.0016424191417172551
8143,0.0016478225588798523,8143,0.0016429944662377238,0.0016424191417172551
8144,0.0016478225588798523,8144,0.0016429944662377238,0.0016424191417172551
8145,0.0016478225588798523,8145,0.0016429944662377238,0.0016424191417172551
8146,0.0016478225588798523,8146,0.0016429944662377238,0.0016424191417172551
8147,0.0016478225588798523,8147,0.0016429944662377238,0.0016424191417172551
8148,0.0016478225588798523,8148,0.0016429944662377238,0.0016424191417172551
8149,0.0016478225588798523,8149,0.0016429944662377238,0.0016424191417172551
8150,0.0016478225588798523,8150,0.0016429944662377238,0.0016424191417172551
8151,0.0016478225588798523,8151,0.0016429944662377238,0.0016424191417172551
8152,0.0016478225588798523,8152,0.0016429944662377238,0.0016424191417172551
8153,0.0016478225588798523,8153,0.0016429944662377238,0.0016424191417172551
8154,0.0016478225588798523,8154,0.0016429944662377238,0.0016424191417172551
8155,0.0016478225588798523,8155,0.0016429944662377238,0.0016424191417172551
8156,0.0016478225588798523,8156,0.0016429944662377238,0.0016424191417172551
8157,0.0016478225588798523,8157,0.0016429944662377238,0.0016424191417172551
8158,0.0016478225588798523,8158,0.0016429944662377238,0.0016424191417172551
8159,0.0016478225588798523,8159,0.0016429944662377238,0.0016424191417172551
8160,0.0016478225588798523,8160,0.0016429944662377238,0.0016424191417172551
8161,0.0016478225588798523,8161,0.0016429944662377238,0.0016424191417172551
8162,0.0016478225588798523,8162,0.0016429944662377238,0.0016424191417172551
8163,0.0016478225588798523,8163,0.0016429944662377238,0.0016424191417172551
8164,0.0016478225588798523,8164,0.0016429944662377238,0.0016424191417172551
8165,0.0016478225588798523,8165,0.0016429944662377238,0.0016424191417172551
8166,0.0016478225588798523,8166,0.0016429944662377238,0.0016424191417172551
8167,0.0016478225588798523,8167,0.0016429944662377238,0.0016424191417172551
8168,0.0016478225588798523,8168,0.0016429944662377238,0.0016424191417172551
8169,0.0016478225588798523,8169,0.0016429944662377238,0.0016424191417172551
8170,0.0016478225588798523,8170,0.0016429944662377238,0.0016424191417172551
8171,0.0016478225588798523,8171,0.0016429944662377238,0.0016424191417172551
8172,0.0016478225588798523,8172,0.0016429944662377238,0.0016424191417172551
8173,0.0016478225588798523,8173,0.0016429944662377238,0.0016424191417172551
8174,0.0016478225588798523,8174,0.0016429944662377238,0.0016424191417172551
8175,0.0016478225588798523,8175,0.0016429944662377238,0.0016424191417172551
8176,0.0016478225588798523,8176,0.0016429944662377238,0.0016424191417172551
8177,0.0016478225588798523,8177,0.0016429944662377238,0.0016424191417172551
8178,0.0016478225588798523,8178,0.0016429944662377238,0.0016424191417172551
8179,0.0016478225588798523,8179,0.0016429944662377238,0.0016424191417172551
8180,0.0016478225588798523,8180,0.0016429944662377238,0.0016424191417172551
8181,0.0016478225588798523,8181,0.0016429944662377238,0.0016424191417172551
8182,0.0016478225588798523,8182,0.0016429944662377238,0.0016424191417172551
8183,0.0016478225588798523,8183,0.0016429944662377238,0.0016424191417172551
8184,0.0016478225588798523,8184,0.0016429944662377238,0.0016424191417172551
8185,0.0016478225588798523,8185,0.0016429944662377238,0.0016424191417172551
8186,0.0016478225588798523,8186,0.0016429944662377238,0.0016424191417172551
8187,0.0016478225588798523,8187,0.0016429944662377238,0.0016424191417172551
8188,0.0016478225588798523,8188,0.0016429944662377238,0.0016424191417172551
8189,0.0016478225588798523,8189,0.0016429944662377238,0.0016424191417172551
8190,0.0016478225588798523,8190,0.0016429944662377238,0.0016424191417172551
8191,0.0016478225588798523,8191,0.0016429944662377238,0.0016424191417172551
8192,0.0016478225588798523,8192,0.0016429944662377238,0.0016424191417172551
8193,0.0016478225588798523,8193,0.0016429944662377238,0.0016424191417172551
8194,0.0016478225588798523,8194,0.0016429944662377238,0.0016424191417172551
8195,0.0016478225588798523,8195,0.0016429944662377238,0.0016424191417172551
8196,0.0016478225588798523,8196,0.0016429944662377238,0.0016424191417172551
8197,0.0016478225588798523,8197,0.0016429944662377238,0.0016424191417172551
8198,0.0016478225588798523,8198,0.0016429944662377238,0.0016424191417172551
8199,0.0016478225588798523,8199,0.0016429944662377238,0.0016424191417172551
8200,0.0016478225588798523,8200,0.0016429944662377238,0.0016424191417172551
8201,0.0016478225588798523,8201,0.0016429944662377238,0.0016424191417172551
8202,0.0016478225588798523,8202,0.0016429944662377238,0.0016424191417172551
8203,0.0016478225588798523,8203,0.0016429944662377238,0.0016424191417172551
8204,0.0016478225588798523,8204,0.0016429944662377238,0.0016424191417172551
8205,0.0016478225588798523,8205,0.0016429944662377238,0.0016424191417172551
8206,0.0016478225588798523,8206,0.0016429944662377238,0.0016424191417172551
8207,0.0016478225588798523,8207,0.0016429944662377238,0.0016424191417172551
8208,0.0016478225588798523,8208,0.0016429944662377238,0.0016424191417172551
8209,0.0016478225588798523,8209,0.0016429944662377238,0.0016424191417172551
8210,0.0016478225588798523,8210,0.0016429944662377238,0.0016424191417172551
8211,0.0016478225588798523,8211,0.0016429944662377238,0.0016424191417172551
8212,0.0016478225588798523,8212,0.0016429944662377238,0.0016424191417172551
8213,0.0016478225588798523,8213,0.0016429944662377238,0.0016424191417172551
8214,0.0016478225588798523,8214,0.0016429944662377238,0.0016424191417172551
8215,0.0016478225588798523,8215,0.0016429944662377238,0.0016424191417172551
8216,0.0016478225588798523,8216,0.0016429944662377238,0.0016424191417172551
8217,0.0016478225588798523,8217,0.0016429944662377238,0.0016424191417172551
8218,0.0016478225588798523,8218,0.0016429944662377238,0.0016424191417172551
8219,0.0016478225588798523,8219,0.0016429944662377238,0.0016424191417172551
8220,0.0016478225588798523,8220,0.0016429944662377238,0.0016424191417172551
8221,0.0016478225588798523,8221,0.0016429944662377238,0.0016424191417172551
8222,0.0016478225588798523,8222,0.0016429944662377238,0.0016424191417172551
8223,0.0016478225588798523,8223,0.0016429944662377238,0.0016424191417172551
8224,0.0016478225588798523,8224,0.0016429944662377238,0.0016424191417172551
8225,0.0016478225588798523,8225,0.0016429944662377238,0.0016424191417172551
8226,0.0016478225588798523,8226,0.0016429944662377238,0.0016424191417172551
8227,0.0016478225588798523,8227,0.0016429944662377238,0.0016424191417172551
8228,0.0016478225588798523,8228,0.0016429944662377238,0.0016424191417172551
8229,0.0016478225588798523,8229,0.0016429944662377238,0.0016424191417172551
8230,0.0016478225588798523,8230,0.0016429944662377238,0.0016424191417172551
8231,0.0016478225588798523,8231,0.0016429944662377238,0.0016424191417172551
8232,0.0016478225588798523,8232,0.0016429944662377238,0.0016424191417172551
8233,0.0016478225588798523,8233,0.0016429944662377238,0.0016424191417172551
8234,0.0016478225588798523,8234,0.0016429944662377238,0.0016424191417172551
8235,0.0016478225588798523,8235,0.0016429944662377238,0.0016424191417172551
8236,0.0016478225588798523,8236,0.0016429944662377238,0.0016424191417172551
8237,0.0016478225588798523,8237,0.0016429944662377238,0.0016424191417172551
8238,0.0016478225588798523,8238,0.0016429944662377238,0.0016424191417172551
8239,0.0016478225588798523,8239,0.0016429944662377238,0.0016424191417172551
8240,0.0016478225588798523,8240,0.0016429944662377238,0.0016424191417172551
8241,0.0016478225588798523,8241,0.0016429944662377238,0.0016424191417172551
8242,0.0016478225588798523,8242,0.0016429944662377238,0.0016424191417172551
8243,0.0016478225588798523,8243,0.0016429944662377238,0.0016424191417172551
8244,0.0016478225588798523,8244,0.0016429944662377238,0.0016424191417172551
8245,0.0016478225588798523,8245,0.0016429944662377238,0.0016424191417172551
8246,0.0016478225588798523,8246,0.0016429944662377238,0.0016424191417172551
8247,0.0016478225588798523,8247,0.0016429944662377238,0.0016424191417172551
8248,0.0016478225588798523,8248,0.0016429944662377238,0.0016424191417172551
8249,0.0016478225588798523,8249,0.0016429944662377238,0.0016424191417172551
8250,0.001647879951633513,8250,0.0016429931856691837,0.001642421237193048
8251,0.001647879951633513,8251,0.0016429931856691837,0.001642421237193048
8252,0.001647879951633513,8252,0.0016429931856691837,0.001642421237193048
8253,0.001647879951633513,8253,0.0016429931856691837,0.001642421237193048
8254,0.001647879951633513,8254,0.0016429931856691837,0.001642421237193048
8255,0.001647879951633513,8255,0.0016429931856691837,0.001642421237193048
8256,0.001647879951633513,8256,0.0016429931856691837,0.001642421237193048
8257,0.001647879951633513,8257,0.0016429931856691837,0.001642421237193048
8258,0.001647879951633513,8258,0.0016429931856691837,0.001642421237193048
8259,0.001647879951633513,8259,0.0016429931856691837,0.001642421237193048
8260,0.001647879951633513,8260,0.0016429931856691837,0.001642421237193048
8261,0.001647879951633513,8261,0.0016429931856691837,0.001642421237193048
8262,0.001647879951633513,8262,0.0016429931856691837,0.001642421237193048
8263,0.001647879951633513,8263,0.0016429931856691837,0.001642421237193048
8264,0.001647879951633513,8264,0.0016429931856691837,0.001642421237193048
8265,0.001647879951633513,8265,0.0016429931856691837,0.001642421237193048
8266,0.001647879951633513,8266,0.0016429931856691837,0.001642421237193048
8267,0.001647879951633513,8267,0.0016429931856691837,0.001642421237193048
8268,0.001647879951633513,8268,0.0016429931856691837,0.001642421237193048
8269,0.001647879951633513,8269,0.0016429931856691837,0.001642421237193048
8270,0.001647879951633513,8270,0.0016429931856691837,0.001642421237193048
8271,0.001647879951633513,8271,0.0016429931856691837,0.001642421237193048
8272,0.001647879951633513,8272,0.0016429931856691837,0.001642421237193048
8273,0.001647879951633513,8273,0.0016429931856691837,0.001642421237193048
8274,0.001647879951633513,8274,0.0016429931856691837,0.001642421237193048
8275,0.001647879951633513,8275,0.0016429931856691837,0.001642421237193048
8276,0.001647879951633513,8276,0.0016429931856691837,0.001642421237193048
8277,0.001647879951633513,8277,0.0016429931856691837,0.001642421237193048
8278,0.001647879951633513,8278,0.0016429931856691837,0.001642421237193048
8279,0.001647879951633513,8279,0.0016429931856691837,0.001642421237193048
8280,0.001647879951633513,8280,0.0016429931856691837,0.001642421237193048
8281,0.001647879951633513,8281,0.0016429931856691837,0.001642421237193048
8282,0.001647879951633513,8282,0.0016429931856691837,0.001642421237193048
8283,0.001647879951633513,8283,0.0016429931856691837,0.001642421237193048
8284,0.001647879951633513,8284,0.0016429931856691837,0.001642421237193048
8285,0.001647879951633513,8285,0.0016429931856691837,0.001642421237193048
8286,0.001647879951633513,8286,0.0016429931856691837,0.001642421237193048
8287,0.001647879951633513,8287,0.0016429931856691837,0.001642421237193048
8288,0.001647879951633513,8288,0.0016429931856691837,0.001642421237193048
8289,0.001647879951633513,8289,0.0016429931856691837,0.001642421237193048
8290,0.001647879951633513,8290,0.0016429931856691837,0.001642421237193048
8291,0.001647879951633513,8291,0.0016429931856691837,0.001642421237193048
8292,0.001647879951633513,8292,0.0016429931856691837,0.001642421237193048
8293,0.001647879951633513,8293,0.0016429931856691837,0.001642421237193048
8294,0.001647879951633513,8294,0.0016429931856691837,0.001642421237193048
8295,0.001647879951633513,8295,0.0016429931856691837,0.001642421237193048
8296,0.001647879951633513,8296,0.0016429931856691837,0.001642421237193048
8297,0.001647879951633513,8297,0.0016429931856691837,0.001642421237193048
8298,0.001647879951633513,8298,0.0016429931856691837,0.001642421237193048
8299,0.001647879951633513,8299,0.0016429931856691837,0.001642421237193048
8300,0.001647879951633513,8300,0.0016429931856691837,0.001642421237193048
8301,0.001647879951633513,8301,0.0016429931856691837,0.001642421237193048
8302,0.001647879951633513,8302,0.0016429931856691837,0.001642421237193048
8303,0.001647879951633513,8303,0.0016429931856691837,0.001642421237193048
8304,0.001647879951633513,8304,0.0016429931856691837,0.001642421237193048
8305,0.001647879951633513,8305,0.0016429931856691837,0.001642421237193048
8306,0.001647879951633513,8306,0.0016429931856691837,0.001642421237193048
8307,0.001647879951633513,8307,0.0016429931856691837,0.001642421237193048
8308,0.001647879951633513,8308,0.0016429931856691837,0.001642421237193048
8309,0.001647879951633513,8309,0.0016429931856691837,0.001642421237193048
8310,0.001647879951633513,8310,0.0016429931856691837,0.001642421237193048
8311,0.001647879951633513,8311,0.0016429931856691837,0.001642421237193048
8312,0.001647879951633513,8312,0.0016429931856691837,0.001642421237193048
8313,0.001647879951633513,8313,0.0016429931856691837,0.001642421237193048
8314,0.001647879951633513,8314,0.0016429931856691837,0.001642421237193048
8315,0.001647879951633513,8315,0.0016429931856691837,0.001642421237193048
8316,0.001647879951633513,8316,0.0016429931856691837,0.001642421237193048
8317,0.001647879951633513,8317,0.0016429931856691837,0.001642421237193048
8318,0.001647879951633513,8318,0.0016429931856691837,0.001642421237193048
8319,0.001647879951633513,8319,0.0016429931856691837,0.001642421237193048
8320,0.001647879951633513,8320,0.0016429931856691837,0.001642421237193048
8321,0.001647879951633513,8321,0.0016429931856691837,0.001642421237193048
8322,0.001647879951633513,8322,0.0016429931856691837,0.001642421237193048
8323,0.001647879951633513,8323,0.0016429931856691837,0.001642421237193048
8324,0.001647879951633513,8324,0.0016429931856691837,0.001642421237193048
8325,0.001647879951633513,8325,0.0016429931856691837,0.001642421237193048
8326,0.001647879951633513,8326,0.0016429931856691837,0.001642421237193048
8327,0.001647879951633513,8327,0.0016429931856691837,0.001642421237193048
8328,0.001647879951633513,8328,0.0016429931856691837,0.001642421237193048
8329,0.001647879951633513,8329,0.0016429931856691837,0.001642421237193048
8330,0.001647879951633513,8330,0.0016429931856691837,0.001642421237193048
8331,0.001647879951633513,8331,0.0016429931856691837,0.001642421237193048
8332,0.001647879951633513,8332,0.0016429931856691837,0.001642421237193048
8333,0.001647879951633513,8333,0.0016429931856691837,0.001642421237193048
8334,0.001647879951633513,8334,0.0016429931856691837,0.001642421237193048
8335,0.001647879951633513,8335,0.0016429931856691837,0.001642421237193048
8336,0.001647879951633513,8336,0.0016429931856691837,0.001642421237193048
8337,0.001647879951633513,8337,0.0016429931856691837,0.001642421237193048
8338,0.001647879951633513,8338,0.0016429931856691837,0.001642421237193048
8339,0.001647879951633513,8339,0.0016429931856691837,0.001642421237193048
8340,0.001647879951633513,8340,0.0016429931856691837,0.001642421237193048
8341,0.001647879951633513,8341,0.0016429931856691837,0.001642421237193048
8342,0.001647879951633513,8342,0.0016429931856691837,0.001642421237193048
8343,0.001647879951633513,8343,0.0016429931856691837,0.001642421237193048
8344,0.001647879951633513,8344,0.0016429931856691837,0.001642421237193048
8345,0.001647879951633513,8345,0.0016429931856691837,0.001642421237193048
8346,0.001647879951633513,8346,0.0016429931856691837,0.001642421237193048
8347,0.001647879951633513,8347,0.0016429931856691837,0.001642421237193048
8348,0.001647879951633513,8348,0.0016429931856691837,0.001642421237193048
8349,0.001647879951633513,8349,0.0016429931856691837,0.001642421237193048
8350,0.001647879951633513,8350,0.0016429931856691837,0.001642421237193048
8351,0.001647879951633513,8351,0.0016429931856691837,0.001642421237193048
8352,0.001647879951633513,8352,0.0016429931856691837,0.001642421237193048
8353,0.001647879951633513,8353,0.0016429931856691837,0.001642421237193048
8354,0.001647879951633513,8354,0.0016429931856691837,0.001642421237193048
8355,0.001647879951633513,8355,0.0016429931856691837,0.001642421237193048
8356,0.001647879951633513,8356,0.0016429931856691837,0.001642421237193048
8357,0.001647879951633513,8357,0.0016429931856691837,0.001642421237193048
8358,0.001647879951633513,8358,0.0016429931856691837,0.001642421237193048
8359,0.001647879951633513,8359,0.0016429931856691837,0.001642421237193048
8360,0.001647879951633513,8360,0.0016429931856691837,0.001642421237193048
8361,0.001647879951633513,8361,0.0016429931856691837,0.001642421237193048
8362,0.001647879951633513,8362,0.0016429931856691837,0.001642421237193048
8363,0.001647879951633513,8363,0.0016429931856691837,0.001642421237193048
8364,0.001647879951633513,8364,0.0016429931856691837,0.001642421237193048
8365,0.001647879951633513,8365,0.0016429931856691837,0.001642421237193048
8366,0.001647879951633513,8366,0.0016429931856691837,0.001642421237193048
8367,0.001647879951633513,8367,0.0016429931856691837,0.001642421237193048
8368,0.001647879951633513,8368,0.0016429931856691837,0.001642421237193048
8369,0.001647879951633513,8369,0.0016429931856691837,0.001642421237193048
8370,0.001647879951633513,8370,0.0016429931856691837,0.001642421237193048
8371,0.001647879951633513,8371,0.0016429931856691837,0.001642421237193048
8372,0.001647879951633513,8372,0.0016429931856691837,0.001642421237193048
8373,0.001647879951633513,8373,0.0016429931856691837,0.001642421237193048
8374,0.001647879951633513,8374,0.0016429931856691837,0.001642421237193048
8375,0.001647879951633513,8375,0.0016429931856691837,0.001642421237193048
8376,0.001647879951633513,8376,0.0016429931856691837,0.001642421237193048
8377,0.001647879951633513,8377,0.0016429931856691837,0.001642421237193048
8378,0.001647879951633513,8378,0.0016429931856691837,0.001642421237193048
8379,0.001647879951633513,8379,0.0016429931856691837,0.001642421237193048
8380,0.001647879951633513,8380,0.0016429931856691837,0.001642421237193048
8381,0.001647879951633513,8381,0.0016429931856691837,0.001642421237193048
8382,0.001647879951633513,8382,0.0016429931856691837,0.001642421237193048
8383,0.001647879951633513,8383,0.0016429931856691837,0.001642421237193048
8384,0.001647879951633513,8384,0.0016429931856691837,0.001642421237193048
8385,0.001647879951633513,8385,0.0016429931856691837,0.001642421237193048
8386,0.001647879951633513,8386,0.0016429931856691837,0.001642421237193048
8387,0.001647879951633513,8387,0.0016429931856691837,0.001642421237193048
8388,0.001647879951633513,8388,0.0016429931856691837,0.001642421237193048
8389,0.001647879951633513,8389,0.0016429931856691837,0.001642421237193048
8390,0.001647879951633513,8390,0.0016429931856691837,0.001642421237193048
8391,0.001647879951633513,8391,0.0016429931856691837,0.001642421237193048
8392,0.001647879951633513,8392,0.0016429931856691837,0.001642421237193048
8393,0.001647879951633513,8393,0.0016429931856691837,0.001642421237193048
8394,0.001647879951633513,8394,0.0016429931856691837,0.001642421237193048
8395,0.001647879951633513,8395,0.0016429931856691837,0.001642421237193048
8396,0.001647879951633513,8396,0.0016429931856691837,0.001642421237193048
8397,0.001647879951633513,8397,0.0016429931856691837,0.001642421237193048
8398,0.001647879951633513,8398,0.0016429931856691837,0.001642421237193048
8399,0.001647879951633513,8399,0.0016429931856691837,0.001642421237193048
8400,0.001647879951633513,8400,0.0016429931856691837,0.001642421237193048
8401,0.001647879951633513,8401,0.0016429931856691837,0.001642421237193048
8402,0.001647879951633513,8402,0.0016429931856691837,0.001642421237193048
8403,0.001647879951633513,8403,0.0016429931856691837,0.001642421237193048
8404,0.001647879951633513,8404,0.0016429931856691837,0.001642421237193048
8405,0.001647879951633513,8405,0.0016429931856691837,0.001642421237193048
8406,0.001647879951633513,8406,0.0016429931856691837,0.001642421237193048
8407,0.001647879951633513,8407,0.0016429931856691837,0.001642421237193048
8408,0.001647879951633513,8408,0.0016429931856691837,0.001642421237193048
8409,0.001647879951633513,8409,0.0016429931856691837,0.001642421237193048
8410,0.001647879951633513,8410,0.0016429931856691837,0.001642421237193048
8411,0.001647879951633513,8411,0.0016429931856691837,0.001642421237193048
8412,0.001647879951633513,8412,0.0016429931856691837,0.001642421237193048
8413,0.001647879951633513,8413,0.0016429931856691837,0.001642421237193048
8414,0.001647879951633513,8414,0.0016429931856691837,0.001642421237193048
8415,0.001647879951633513,8415,0.0016429931856691837,0.001642421237193048
8416,0.001647879951633513,8416,0.0016429931856691837,0.001642421237193048
8417,0.001647879951633513,8417,0.0016429931856691837,0.001642421237193048
8418,0.001647879951633513,8418,0.0016429931856691837,0.001642421237193048
8419,0.001647879951633513,8419,0.0016429931856691837,0.001642421237193048
8420,0.001647879951633513,8420,0.0016429931856691837,0.001642421237193048
8421,0.001647879951633513,8421,0.0016429931856691837,0.001642421237193048
8422,0.001647879951633513,8422,0.0016429931856691837,0.001642421237193048
8423,0.001647879951633513,8423,0.0016429931856691837,0.001642421237193048
8424,0.001647879951633513,8424,0.0016429931856691837,0.001642421237193048
8425,0.001647879951633513,8425,0.0016429931856691837,0.001642421237193048
8426,0.001647879951633513,8426,0.0016429931856691837,0.001642421237193048
8427,0.001647879951633513,8427,0.0016429931856691837,0.001642421237193048
8428,0.001647879951633513,8428,0.0016429931856691837,0.001642421237193048
8429,0.001647879951633513,8429,0.0016429931856691837,0.001642421237193048
8430,0.001647879951633513,8430,0.0016429931856691837,0.001642421237193048
8431,0.001647879951633513,8431,0.0016429931856691837,0.001642421237193048
8432,0.001647879951633513,8432,0.0016429931856691837,0.001642421237193048
8433,0.001647879951633513,8433,0.0016429931856691837,0.001642421237193048
8434,0.001647879951633513,8434,0.0016429931856691837,0.001642421237193048
8435,0.001647879951633513,8435,0.0016429931856691837,0.001642421237193048
8436,0.001647879951633513,8436,0.0016429931856691837,0.001642421237193048
8437,0.001647879951633513,8437,0.0016429931856691837,0.001642421237193048
8438,0.001647879951633513,8438,0.0016429931856691837,0.001642421237193048
8439,0.001647879951633513,8439,0.0016429931856691837,0.001642421237193048
8440,0.001647879951633513,8440,0.0016429931856691837,0.001642421237193048
8441,0.001647879951633513,8441,0.0016429931856691837,0.001642421237193048
8442,0.001647879951633513,8442,0.0016429931856691837,0.001642421237193048
8443,0.001647879951633513,8443,0.0016429931856691837,0.001642421237193048
8444,0.001647879951633513,8444,0.0016429931856691837,0.001642421237193048
8445,0.001647879951633513,8445,0.0016429931856691837,0.001642421237193048
8446,0.001647879951633513,8446,0.0016429931856691837,0.001642421237193048
8447,0.001647879951633513,8447,0.0016429931856691837,0.001642421237193048
8448,0.001647879951633513,8448,0.0016429931856691837,0.001642421237193048
8449,0.001647879951633513,8449,0.0016429931856691837,0.001642421237193048
8450,0.001647879951633513,8450,0.0016429931856691837,0.001642421237193048
8451,0.001647879951633513,8451,0.0016429931856691837,0.001642421237193048
8452,0.001647879951633513,8452,0.0016429931856691837,0.001642421237193048
8453,0.001647879951633513,8453,0.0016429931856691837,0.001642421237193048
8454,0.001647879951633513,8454,0.0016429931856691837,0.001642421237193048
8455,0.001647879951633513,8455,0.0016429931856691837,0.001642421237193048
8456,0.001647879951633513,8456,0.0016429931856691837,0.001642421237193048
8457,0.001647879951633513,8457,0.0016429931856691837,0.001642421237193048
8458,0.001647879951633513,8458,0.0016429931856691837,0.001642421237193048
8459,0.001647879951633513,8459,0.0016429931856691837,0.001642421237193048
8460,0.001647879951633513,8460,0.0016429931856691837,0.001642421237193048
8461,0.001647879951633513,8461,0.0016429931856691837,0.001642421237193048
8462,0.001647879951633513,8462,0.0016429931856691837,0.001642421237193048
8463,0.001647879951633513,8463,0.0016429931856691837,0.001642421237193048
8464,0.001647879951633513,8464,0.0016429931856691837,0.001642421237193048
8465,0.001647879951633513,8465,0.0016429931856691837,0.001642421237193048
8466,0.001647879951633513,8466,0.0016429931856691837,0.001642421237193048
8467,0.001647879951633513,8467,0.0016429931856691837,0.001642421237193048
8468,0.001647879951633513,8468,0.0016429931856691837,0.001642421237193048
8469,0.001647879951633513,8469,0.0016429931856691837,0.001642421237193048
8470,0.001647879951633513,8470,0.0016429931856691837,0.001642421237193048
8471,0.001647879951633513,8471,0.0016429931856691837,0.001642421237193048
8472,0.001647879951633513,8472,0.0016429931856691837,0.001642421237193048
8473,0.001647879951633513,8473,0.0016429931856691837,0.001642421237193048
8474,0.001647879951633513,8474,0.0016429931856691837,0.001642421237193048
8475,0.001647879951633513,8475,0.0016429931856691837,0.001642421237193048
8476,0.001647879951633513,8476,0.0016429931856691837,0.001642421237193048
8477,0.001647879951633513,8477,0.0016429931856691837,0.001642421237193048
8478,0.001647879951633513,8478,0.0016429931856691837,0.001642421237193048
8479,0.001647879951633513,8479,0.0016429931856691837,0.001642421237193048
8480,0.001647879951633513,8480,0.0016429931856691837,0.001642421237193048
8481,0.001647879951633513,8481,0.0016429931856691837,0.001642421237193048
8482,0.001647879951633513,8482,0.0016429931856691837,0.001642421237193048
8483,0.001647879951633513,8483,0.0016429931856691837,0.001642421237193048
8484,0.001647879951633513,8484,0.0016429931856691837,0.001642421237193048
8485,0.001647879951633513,8485,0.0016429931856691837,0.001642421237193048
8486,0.001647879951633513,8486,0.0016429931856691837,0.001642421237193048
8487,0.001647879951633513,8487,0.0016429931856691837,0.001642421237193048
8488,0.001647879951633513,8488,0.0016429931856691837,0.001642421237193048
8489,0.001647879951633513,8489,0.0016429931856691837,0.001642421237193048
8490,0.001647879951633513,8490,0.0016429931856691837,0.001642421237193048
8491,0.001647879951633513,8491,0.0016429931856691837,0.001642421237193048
8492,0.001647879951633513,8492,0.0016429931856691837,0.001642421237193048
8493,0.001647879951633513,8493,0.0016429931856691837,0.001642421237193048
8494,0.001647879951633513,8494,0.0016429931856691837,0.001642421237193048
8495,0.001647879951633513,8495,0.0016429931856691837,0.001642421237193048
8496,0.001647879951633513,8496,0.0016429931856691837,0.001642421237193048
8497,0.001647879951633513,8497,0.0016429931856691837,0.001642421237193048
8498,0.001647879951633513,8498,0.0016429931856691837,0.001642421237193048
8499,0.001647879951633513,8499,0.0016429931856691837,0.001642421237193048
8500,0.00164790078997612,8500,0.0016429998213425279,0.001642421237193048
8501,0.00164790078997612,8501,0.0016429998213425279,0.001642421237193048
8502,0.00164790078997612,8502,0.0016429998213425279,0.001642421237193048
8503,0.00164790078997612,8503,0.0016429998213425279,0.001642421237193048
8504,0.00164790078997612,8504,0.0016429998213425279,0.001642421237193048
8505,0.00164790078997612,8505,0.0016429998213425279,0.001642421237193048
8506,0.00164790078997612,8506,0.0016429998213425279,0.001642421237193048
8507,0.00164790078997612,8507,0.0016429998213425279,0.001642421237193048
8508,0.00164790078997612,8508,0.0016429998213425279,0.001642421237193048
8509,0.00164790078997612,8509,0.0016429998213425279,0.001642421237193048
8510,0.00164790078997612,8510,0.0016429998213425279,0.001642421237193048
8511,0.00164790078997612,8511,0.0016429998213425279,0.001642421237193048
8512,0.00164790078997612,8512,0.0016429998213425279,0.001642421237193048
8513,0.00164790078997612,8513,0.0016429998213425279,0.001642421237193048
8514,0.00164790078997612,8514,0.0016429998213425279,0.001642421237193048
8515,0.00164790078997612,8515,0.0016429998213425279,0.001642421237193048
8516,0.00164790078997612,8516,0.0016429998213425279,0.001642421237193048
8517,0.00164790078997612,8517,0.0016429998213425279,0.001642421237193048
8518,0.00164790078997612,8518,0.0016429998213425279,0.001642421237193048
8519,0.00164790078997612,8519,0.0016429998213425279,0.001642421237193048
8520,0.00164790078997612,8520,0.0016429998213425279,0.001642421237193048
8521,0.00164790078997612,8521,0.0016429998213425279,0.001642421237193048
8522,0.00164790078997612,8522,0.0016429998213425279,0.001642421237193048
8523,0.00164790078997612,8523,0.0016429998213425279,0.001642421237193048
8524,0.00164790078997612,8524,0.0016429998213425279,0.001642421237193048
8525,0.00164790078997612,8525,0.0016429998213425279,0.001642421237193048
8526,0.00164790078997612,8526,0.0016429998213425279,0.001642421237193048
8527,0.00164790078997612,8527,0.0016429998213425279,0.001642421237193048
8528,0.00164790078997612,8528,0.0016429998213425279,0.001642421237193048
8529,0.00164790078997612,8529,0.0016429998213425279,0.001642421237193048
8530,0.00164790078997612,8530,0.0016429998213425279,0.001642421237193048
8531,0.00164790078997612,8531,0.0016429998213425279,0.001642421237193048
8532,0.00164790078997612,8532,0.0016429998213425279,0.001642421237193048
8533,0.00164790078997612,8533,0.0016429998213425279,0.001642421237193048
8534,0.00164790078997612,8534,0.0016429998213425279,0.001642421237193048
8535,0.00164790078997612,8535,0.0016429998213425279,0.001642421237193048
8536,0.00164790078997612,8536,0.0016429998213425279,0.001642421237193048
8537,0.00164790078997612,8537,0.0016429998213425279,0.001642421237193048
8538,0.00164790078997612,8538,0.0016429998213425279,0.001642421237193048
8539,0.00164790078997612,8539,0.0016429998213425279,0.001642421237193048
8540,0.00164790078997612,8540,0.0016429998213425279,0.001642421237193048
8541,0.00164790078997612,8541,0.0016429998213425279,0.001642421237193048
8542,0.00164790078997612,8542,0.0016429998213425279,0.001642421237193048
8543,0.00164790078997612,8543,0.0016429998213425279,0.001642421237193048
8544,0.00164790078997612,8544,0.0016429998213425279,0.001642421237193048
8545,0.00164790078997612,8545,0.0016429998213425279,0.001642421237193048
8546,0.00164790078997612,8546,0.0016429998213425279,0.001642421237193048
8547,0.00164790078997612,8547,0.0016429998213425279,0.001642421237193048
8548,0.00164790078997612,8548,0.0016429998213425279,0.001642421237193048
8549,0.00164790078997612,8549,0.0016429998213425279,0.001642421237193048
8550,0.00164790078997612,8550,0.0016429998213425279,0.001642421237193048
8551,0.00164790078997612,8551,0.0016429998213425279,0.001642421237193048
8552,0.00164790078997612,8552,0.0016429998213425279,0.001642421237193048
8553,0.00164790078997612,8553,0.0016429998213425279,0.001642421237193048
8554,0.00164790078997612,8554,0.0016429998213425279,0.001642421237193048
8555,0.00164790078997612,8555,0.0016429998213425279,0.001642421237193048
8556,0.00164790078997612,8556,0.0016429998213425279,0.001642421237193048
8557,0.00164790078997612,8557,0.0016429998213425279,0.001642421237193048
8558,0.00164790078997612,8558,0.0016429998213425279,0.001642421237193048
8559,0.00164790078997612,8559,0.0016429998213425279,0.001642421237193048
8560,0.00164790078997612,8560,0.0016429998213425279,0.001642421237193048
8561,0.00164790078997612,8561,0.0016429998213425279,0.001642421237193048
8562,0.00164790078997612,8562,0.0016429998213425279,0.001642421237193048
8563,0.00164790078997612,8563,0.0016429998213425279,0.001642421237193048
8564,0.00164790078997612,8564,0.0016429998213425279,0.001642421237193048
8565,0.00164790078997612,8565,0.0016429998213425279,0.001642421237193048
8566,0.00164790078997612,8566,0.0016429998213425279,0.001642421237193048
8567,0.00164790078997612,8567,0.0016429998213425279,0.001642421237193048
8568,0.00164790078997612,8568,0.0016429998213425279,0.001642421237193048
8569,0.00164790078997612,8569,0.0016429998213425279,0.001642421237193048
8570,0.00164790078997612,8570,0.0016429998213425279,0.001642421237193048
8571,0.00164790078997612,8571,0.0016429998213425279,0.001642421237193048
8572,0.00164790078997612,8572,0.0016429998213425279,0.001642421237193048
8573,0.00164790078997612,8573,0.0016429998213425279,0.001642421237193048
8574,0.00164790078997612,8574,0.0016429998213425279,0.001642421237193048
8575,0.00164790078997612,8575,0.0016429998213425279,0.001642421237193048
8576,0.00164790078997612,8576,0.0016429998213425279,0.001642421237193048
8577,0.00164790078997612,8577,0.0016429998213425279,0.001642421237193048
8578,0.00164790078997612,8578,0.0016429998213425279,0.001642421237193048
8579,0.00164790078997612,8579,0.0016429998213425279,0.001642421237193048
8580,0.00164790078997612,8580,0.0016429998213425279,0.001642421237193048
8581,0.00164790078997612,8581,0.0016429998213425279,0.001642421237193048
8582,0.00164790078997612,8582,0.0016429998213425279,0.001642421237193048
8583,0.00164790078997612,8583,0.0016429998213425279,0.001642421237193048
8584,0.00164790078997612,8584,0.0016429998213425279,0.001642421237193048
8585,0.00164790078997612,8585,0.0016429998213425279,0.001642421237193048
8586,0.00164790078997612,8586,0.0016429998213425279,0.001642421237193048
8587,0.00164790078997612,8587,0.0016429998213425279,0.001642421237193048
8588,0.00164790078997612,8588,0.0016429998213425279,0.001642421237193048
8589,0.00164790078997612,8589,0.0016429998213425279,0.001642421237193048
8590,0.00164790078997612,8590,0.0016429998213425279,0.001642421237193048
8591,0.00164790078997612,8591,0.0016429998213425279,0.001642421237193048
8592,0.00164790078997612,8592,0.0016429998213425279,0.001642421237193048
8593,0.00164790078997612,8593,0.0016429998213425279,0.001642421237193048
8594,0.00164790078997612,8594,0.0016429998213425279,0.001642421237193048
8595,0.00164790078997612,8595,0.0016429998213425279,0.001642421237193048
8596,0.00164790078997612,8596,0.0016429998213425279,0.001642421237193048
8597,0.00164790078997612,8597,0.0016429998213425279,0.001642421237193048
8598,0.00164790078997612,8598,0.0016429998213425279,0.001642421237193048
8599,0.00164790078997612,8599,0.0016429998213425279,0.001642421237193048
8600,0.00164790078997612,8600,0.0016429998213425279,0.001642421237193048
8601,0.00164790078997612,8601,0.0016429998213425279,0.001642421237193048
8602,0.00164790078997612,8602,0.0016429998213425279,0.001642421237193048
8603,0.00164790078997612,8603,0.0016429998213425279,0.001642421237193048
8604,0.00164790078997612,8604,0.0016429998213425279,0.001642421237193048
8605,0.00164790078997612,8605,0.0016429998213425279,0.001642421237193048
8606,0.00164790078997612,8606,0.0016429998213425279,0.001642421237193048
8607,0.00164790078997612,8607,0.0016429998213425279,0.001642421237193048
8608,0.00164790078997612,8608,0.0016429998213425279,0.001642421237193048
8609,0.00164790078997612,8609,0.0016429998213425279,0.001642421237193048
8610,0.00164790078997612,8610,0.0016429998213425279,0.001642421237193048
8611,0.00164790078997612,8611,0.0016429998213425279,0.001642421237193048
8612,0.00164790078997612,8612,0.0016429998213425279,0.001642421237193048
8613,0.00164790078997612,8613,0.0016429998213425279,0.001642421237193048
8614,0.00164790078997612,8614,0.0016429998213425279,0.001642421237193048
8615,0.00164790078997612,8615,0.0016429998213425279,0.001642421237193048
8616,0.00164790078997612,8616,0.0016429998213425279,0.001642421237193048
8617,0.00164790078997612,8617,0.0016429998213425279,0.001642421237193048
8618,0.00164790078997612,8618,0.0016429998213425279,0.001642421237193048
8619,0.00164790078997612,8619,0.0016429998213425279,0.001642421237193048
8620,0.00164790078997612,8620,0.0016429998213425279,0.001642421237193048
8621,0.00164790078997612,8621,0.0016429998213425279,0.001642421237193048
8622,0.00164790078997612,8622,0.0016429998213425279,0.001642421237193048
8623,0.00164790078997612,8623,0.0016429998213425279,0.001642421237193048
8624,0.00164790078997612,8624,0.0016429998213425279,0.001642421237193048
8625,0.00164790078997612,8625,0.0016429998213425279,0.001642421237193048
8626,0.00164790078997612,8626,0.0016429998213425279,0.001642421237193048
8627,0.00164790078997612,8627,0.0016429998213425279,0.001642421237193048
8628,0.00164790078997612,8628,0.0016429998213425279,0.001642421237193048
8629,0.00164790078997612,8629,0.0016429998213425279,0.001642421237193048
8630,0.00164790078997612,8630,0.0016429998213425279,0.001642421237193048
8631,0.00164790078997612,8631,0.0016429998213425279,0.001642421237193048
8632,0.00164790078997612,8632,0.0016429998213425279,0.001642421237193048
8633,0.00164790078997612,8633,0.0016429998213425279,0.001642421237193048
8634,0.00164790078997612,8634,0.0016429998213425279,0.001642421237193048
8635,0.00164790078997612,8635,0.0016429998213425279,0.001642421237193048
8636,0.00164790078997612,8636,0.0016429998213425279,0.001642421237193048
8637,0.00164790078997612,8637,0.0016429998213425279,0.001642421237193048
8638,0.00164790078997612,8638,0.0016429998213425279,0.001642421237193048
8639,0.00164790078997612,8639,0.0016429998213425279,0.001642421237193048
8640,0.00164790078997612,8640,0.0016429998213425279,0.001642421237193048
8641,0.00164790078997612,8641,0.0016429998213425279,0.001642421237193048
8642,0.00164790078997612,8642,0.0016429998213425279,0.001642421237193048
8643,0.00164790078997612,8643,0.0016429998213425279,0.001642421237193048
8644,0.00164790078997612,8644,0.0016429998213425279,0.001642421237193048
8645,0.00164790078997612,8645,0.0016429998213425279,0.001642421237193048
8646,0.00164790078997612,8646,0.0016429998213425279,0.001642421237193048
8647,0.00164790078997612,8647,0.0016429998213425279,0.001642421237193048
8648,0.00164790078997612,8648,0.0016429998213425279,0.001642421237193048
8649,0.00164790078997612,8649,0.0016429998213425279,0.001642421237193048
8650,0.00164790078997612,8650,0.0016429998213425279,0.001642421237193048
8651,0.00164790078997612,8651,0.0016429998213425279,0.001642421237193048
8652,0.00164790078997612,8652,0.0016429998213425279,0.001642421237193048
8653,0.00164790078997612,8653,0.0016429998213425279,0.001642421237193048
8654,0.00164790078997612,8654,0.0016429998213425279,0.001642421237193048
8655,0.00164790078997612,8655,0.0016429998213425279,0.001642421237193048
8656,0.00164790078997612,8656,0.0016429998213425279,0.001642421237193048
8657,0.00164790078997612,8657,0.0016429998213425279,0.001642421237193048
8658,0.00164790078997612,8658,0.0016429998213425279,0.001642421237193048
8659,0.00164790078997612,8659,0.0016429998213425279,0.001642421237193048
8660,0.00164790078997612,8660,0.0016429998213425279,0.001642421237193048
8661,0.00164790078997612,8661,0.0016429998213425279,0.001642421237193048
8662,0.00164790078997612,8662,0.0016429998213425279,0.001642421237193048
8663,0.00164790078997612,8663,0.0016429998213425279,0.001642421237193048
8664,0.00164790078997612,8664,0.0016429998213425279,0.001642421237193048
8665,0.00164790078997612,8665,0.0016429998213425279,0.001642421237193048
8666,0.00164790078997612,8666,0.0016429998213425279,0.001642421237193048
8667,0.00164790078997612,8667,0.0016429998213425279,0.001642421237193048
8668,0.00164790078997612,8668,0.0016429998213425279,0.001642421237193048
8669,0.00164790078997612,8669,0.0016429998213425279,0.001642421237193048
8670,0.00164790078997612,8670,0.0016429998213425279,0.001642421237193048
8671,0.00164790078997612,8671,0.0016429998213425279,0.001642421237193048
8672,0.00164790078997612,8672,0.0016429998213425279,0.001642421237193048
8673,0.00164790078997612,8673,0.0016429998213425279,0.001642421237193048
8674,0.00164790078997612,8674,0.0016429998213425279,0.001642421237193048
8675,0.00164790078997612,8675,0.0016429998213425279,0.001642421237193048
8676,0.00164790078997612,8676,0.0016429998213425279,0.001642421237193048
8677,0.00164790078997612,8677,0.0016429998213425279,0.001642421237193048
8678,0.00164790078997612,8678,0.0016429998213425279,0.001642421237193048
8679,0.00164790078997612,8679,0.0016429998213425279,0.001642421237193048
8680,0.00164790078997612,8680,0.0016429998213425279,0.001642421237193048
8681,0.00164790078997612,8681,0.0016429998213425279,0.001642421237193048
8682,0.00164790078997612,8682,0.0016429998213425279,0.001642421237193048
8683,0.00164790078997612,8683,0.0016429998213425279,0.001642421237193048
8684,0.00164790078997612,8684,0.0016429998213425279,0.001642421237193048
8685,0.00164790078997612,8685,0.0016429998213425279,0.001642421237193048
8686,0.00164790078997612,8686,0.0016429998213425279,0.001642421237193048
8687,0.00164790078997612,8687,0.0016429998213425279,0.001642421237193048
8688,0.00164790078997612,8688,0.0016429998213425279,0.001642421237193048
8689,0.00164790078997612,8689,0.0016429998213425279,0.001642421237193048
8690,0.00164790078997612,8690,0.0016429998213425279,0.001642421237193048
8691,0.00164790078997612,8691,0.0016429998213425279,0.001642421237193048
8692,0.00164790078997612,8692,0.0016429998213425279,0.001642421237193048
8693,0.00164790078997612,8693,0.0016429998213425279,0.001642421237193048
8694,0.00164790078997612,8694,0.0016429998213425279,0.001642421237193048
8695,0.00164790078997612,8695,0.0016429998213425279,0.001642421237193048
8696,0.00164790078997612,8696,0.0016429998213425279,0.001642421237193048
8697,0.00164790078997612,8697,0.0016429998213425279,0.001642421237193048
8698,0.00164790078997612,8698,0.0016429998213425279,0.001642421237193048
8699,0.00164790078997612,8699,0.0016429998213425279,0.001642421237193048
8700,0.00164790078997612,8700,0.0016429998213425279,0.001642421237193048
8701,0.00164790078997612,8701,0.0016429998213425279,0.001642421237193048
8702,0.00164790078997612,8702,0.0016429998213425279,0.001642421237193048
8703,0.00164790078997612,8703,0.0016429998213425279,0.001642421237193048
8704,0.00164790078997612,8704,0.0016429998213425279,0.001642421237193048
8705,0.00164790078997612,8705,0.0016429998213425279,0.001642421237193048
8706,0.00164790078997612,8706,0.0016429998213425279,0.001642421237193048
8707,0.00164790078997612,8707,0.0016429998213425279,0.001642421237193048
8708,0.00164790078997612,8708,0.0016429998213425279,0.001642421237193048
8709,0.00164790078997612,8709,0.0016429998213425279,0.001642421237193048
8710,0.00164790078997612,8710,0.0016429998213425279,0.001642421237193048
8711,0.00164790078997612,8711,0.0016429998213425279,0.001642421237193048
8712,0.00164790078997612,8712,0.0016429998213425279,0.001642421237193048
8713,0.00164790078997612,8713,0.0016429998213425279,0.001642421237193048
8714,0.00164790078997612,8714,0.0016429998213425279,0.001642421237193048
8715,0.00164790078997612,8715,0.0016429998213425279,0.001642421237193048
8716,0.00164790078997612,8716,0.0016429998213425279,0.001642421237193048
8717,0.00164790078997612,8717,0.0016429998213425279,0.001642421237193048
8718,0.00164790078997612,8718,0.0016429998213425279,0.001642421237193048
8719,0.00164790078997612,8719,0.0016429998213425279,0.001642421237193048
8720,0.00164790078997612,8720,0.0016429998213425279,0.001642421237193048
8721,0.00164790078997612,8721,0.0016429998213425279,0.001642421237193048
8722,0.00164790078997612,8722,0.0016429998213425279,0.001642421237193048
8723,0.00164790078997612,8723,0.0016429998213425279,0.001642421237193048
8724,0.00164790078997612,8724,0.0016429998213425279,0.001642421237193048
8725,0.00164790078997612,8725,0.0016429998213425279,0.001642421237193048
8726,0.00164790078997612,8726,0.0016429998213425279,0.001642421237193048
8727,0.00164790078997612,8727,0.0016429998213425279,0.001642421237193048
8728,0.00164790078997612,8728,0.0016429998213425279,0.001642421237193048
8729,0.00164790078997612,8729,0.0016429998213425279,0.001642421237193048
8730,0.00164790078997612,8730,0.0016429998213425279,0.001642421237193048
8731,0.00164790078997612,8731,0.0016429998213425279,0.001642421237193048
8732,0.00164790078997612,8732,0.0016429998213425279,0.001642421237193048
8733,0.00164790078997612,8733,0.0016429998213425279,0.001642421237193048
8734,0.00164790078997612,8734,0.0016429998213425279,0.001642421237193048
8735,0.00164790078997612,8735,0.0016429998213425279,0.001642421237193048
8736,0.00164790078997612,8736,0.0016429998213425279,0.001642421237193048
8737,0.00164790078997612,8737,0.0016429998213425279,0.001642421237193048
8738,0.00164790078997612,8738,0.0016429998213425279,0.001642421237193048
8739,0.00164790078997612,8739,0.0016429998213425279,0.001642421237193048
8740,0.00164790078997612,8740,0.0016429998213425279,0.001642421237193048
8741,0.00164790078997612,8741,0.0016429998213425279,0.001642421237193048
8742,0.00164790078997612,8742,0.0016429998213425279,0.001642421237193048
8743,0.00164790078997612,8743,0.0016429998213425279,0.001642421237193048
8744,0.00164790078997612,8744,0.0016429998213425279,0.001642421237193048
8745,0.00164790078997612,8745,0.0016429998213425279,0.001642421237193048
8746,0.00164790078997612,8746,0.0016429998213425279,0.001642421237193048
8747,0.00164790078997612,8747,0.0016429998213425279,0.001642421237193048
8748,0.00164790078997612,8748,0.0016429998213425279,0.001642421237193048
8749,0.00164790078997612,8749,0.0016429998213425279,0.001642421237193048
8750,0.001647848985157907,8750,0.0016429971437901258,0.0016424207715317607
8751,0.001647848985157907,8751,0.0016429971437901258,0.0016424207715317607
8752,0.001647848985157907,8752,0.0016429971437901258,0.0016424207715317607
8753,0.001647848985157907,8753,0.0016429971437901258,0.0016424207715317607
8754,0.001647848985157907,8754,0.0016429971437901258,0.0016424207715317607
8755,0.001647848985157907,8755,0.0016429971437901258,0.0016424207715317607
8756,0.001647848985157907,8756,0.0016429971437901258,0.0016424207715317607
8757,0.001647848985157907,8757,0.0016429971437901258,0.0016424207715317607
8758,0.001647848985157907,8758,0.0016429971437901258,0.0016424207715317607
8759,0.001647848985157907,8759,0.0016429971437901258,0.0016424207715317607
8760,0.001647848985157907,8760,0.0016429971437901258,0.0016424207715317607
8761,0.001647848985157907,8761,0.0016429971437901258,0.0016424207715317607
8762,0.001647848985157907,8762,0.0016429971437901258,0.0016424207715317607
8763,0.001647848985157907,8763,0.0016429971437901258,0.0016424207715317607
8764,0.001647848985157907,8764,0.0016429971437901258,0.0016424207715317607
8765,0.001647848985157907,8765,0.0016429971437901258,0.0016424207715317607
8766,0.001647848985157907,8766,0.0016429971437901258,0.0016424207715317607
8767,0.001647848985157907,8767,0.0016429971437901258,0.0016424207715317607
8768,0.001647848985157907,8768,0.0016429971437901258,0.0016424207715317607
8769,0.001647848985157907,8769,0.0016429971437901258,0.0016424207715317607
8770,0.001647848985157907,8770,0.0016429971437901258,0.0016424207715317607
8771,0.001647848985157907,8771,0.0016429971437901258,0.0016424207715317607
8772,0.001647848985157907,8772,0.0016429971437901258,0.0016424207715317607
8773,0.001647848985157907,8773,0.0016429971437901258,0.0016424207715317607
8774,0.001647848985157907,8774,0.0016429971437901258,0.0016424207715317607
8775,0.001647848985157907,8775,0.0016429971437901258,0.0016424207715317607
8776,0.001647848985157907,8776,0.0016429971437901258,0.0016424207715317607
8777,0.001647848985157907,8777,0.0016429971437901258,0.0016424207715317607
8778,0.001647848985157907,8778,0.0016429971437901258,0.0016424207715317607
8779,0.001647848985157907,8779,0.0016429971437901258,0.0016424207715317607
8780,0.001647848985157907,8780,0.0016429971437901258,0.0016424207715317607
8781,0.001647848985157907,8781,0.0016429971437901258,0.0016424207715317607
8782,0.001647848985157907,8782,0.0016429971437901258,0.0016424207715317607
8783,0.001647848985157907,8783,0.0016429971437901258,0.0016424207715317607
8784,0.001647848985157907,8784,0.0016429971437901258,0.0016424207715317607
8785,0.001647848985157907,8785,0.0016429971437901258,0.0016424207715317607
8786,0.001647848985157907,8786,0.0016429971437901258,0.0016424207715317607
8787,0.001647848985157907,8787,0.0016429971437901258,0.0016424207715317607
8788,0.001647848985157907,8788,0.0016429971437901258,0.0016424207715317607
8789,0.001647848985157907,8789,0.0016429971437901258,0.0016424207715317607
8790,0.001647848985157907,8790,0.0016429971437901258,0.0016424207715317607
8791,0.001647848985157907,8791,0.0016429971437901258,0.0016424207715317607
8792,0.001647848985157907,8792,0.0016429971437901258,0.0016424207715317607
8793,0.001647848985157907,8793,0.0016429971437901258,0.0016424207715317607
8794,0.001647848985157907,8794,0.0016429971437901258,0.0016424207715317607
8795,0.001647848985157907,8795,0.0016429971437901258,0.0016424207715317607
8796,0.001647848985157907,8796,0.0016429971437901258,0.0016424207715317607
8797,0.001647848985157907,8797,0.0016429971437901258,0.0016424207715317607
8798,0.001647848985157907,8798,0.0016429971437901258,0.0016424207715317607
8799,0.001647848985157907,8799,0.0016429971437901258,0.0016424207715317607
8800,0.001647848985157907,8800,0.0016429971437901258,0.0016424207715317607
8801,0.001647848985157907,8801,0.0016429971437901258,0.0016424207715317607
8802,0.001647848985157907,8802,0.0016429971437901258,0.0016424207715317607
8803,0.001647848985157907,8803,0.0016429971437901258,0.0016424207715317607
8804,0.001647848985157907,8804,0.0016429971437901258,0.0016424207715317607
8805,0.001647848985157907,8805,0.0016429971437901258,0.0016424207715317607
8806,0.001647848985157907,8806,0.0016429971437901258,0.0016424207715317607
8807,0.001647848985157907,8807,0.0016429971437901258,0.0016424207715317607
8808,0.001647848985157907,8808,0.0016429971437901258,0.0016424207715317607
8809,0.001647848985157907,8809,0.0016429971437901258,0.0016424207715317607
8810,0.001647848985157907,8810,0.0016429971437901258,0.0016424207715317607
8811,0.001647848985157907,8811,0.0016429971437901258,0.0016424207715317607
8812,0.001647848985157907,8812,0.0016429971437901258,0.0016424207715317607
8813,0.001647848985157907,8813,0.0016429971437901258,0.0016424207715317607
8814,0.001647848985157907,8814,0.0016429971437901258,0.0016424207715317607
8815,0.001647848985157907,8815,0.0016429971437901258,0.0016424207715317607
8816,0.001647848985157907,8816,0.0016429971437901258,0.0016424207715317607
8817,0.001647848985157907,8817,0.0016429971437901258,0.0016424207715317607
8818,0.001647848985157907,8818,0.0016429971437901258,0.0016424207715317607
8819,0.001647848985157907,8819,0.0016429971437901258,0.0016424207715317607
8820,0.001647848985157907,8820,0.0016429971437901258,0.0016424207715317607
8821,0.001647848985157907,8821,0.0016429971437901258,0.0016424207715317607
8822,0.001647848985157907,8822,0.0016429971437901258,0.0016424207715317607
8823,0.001647848985157907,8823,0.0016429971437901258,0.0016424207715317607
8824,0.001647848985157907,8824,0.0016429971437901258,0.0016424207715317607
8825,0.001647848985157907,8825,0.0016429971437901258,0.0016424207715317607
8826,0.001647848985157907,8826,0.0016429971437901258,0.0016424207715317607
8827,0.001647848985157907,8827,0.0016429971437901258,0.0016424207715317607
8828,0.001647848985157907,8828,0.0016429971437901258,0.0016424207715317607
8829,0.001647848985157907,8829,0.0016429971437901258,0.0016424207715317607
8830,0.001647848985157907,8830,0.0016429971437901258,0.0016424207715317607
8831,0.001647848985157907,8831,0.0016429971437901258,0.0016424207715317607
8832,0.001647848985157907,8832,0.0016429971437901258,0.0016424207715317607
8833,0.001647848985157907,8833,0.0016429971437901258,0.0016424207715317607
8834,0.001647848985157907,8834,0.0016429971437901258,0.0016424207715317607
8835,0.001647848985157907,8835,0.0016429971437901258,0.0016424207715317607
8836,0.001647848985157907,8836,0.0016429971437901258,0.0016424207715317607
8837,0.001647848985157907,8837,0.0016429971437901258,0.0016424207715317607
8838,0.001647848985157907,8838,0.0016429971437901258,0.0016424207715317607
8839,0.001647848985157907,8839,0.0016429971437901258,0.0016424207715317607
8840,0.001647848985157907,8840,0.0016429971437901258,0.0016424207715317607
8841,0.001647848985157907,8841,0.0016429971437901258,0.0016424207715317607
8842,0.001647848985157907,8842,0.0016429971437901258,0.0016424207715317607
8843,0.001647848985157907,8843,0.0016429971437901258,0.0016424207715317607
8844,0.001647848985157907,8844,0.0016429971437901258,0.0016424207715317607
8845,0.001647848985157907,8845,0.0016429971437901258,0.0016424207715317607
8846,0.001647848985157907,8846,0.0016429971437901258,0.0016424207715317607
8847,0.001647848985157907,8847,0.0016429971437901258,0.0016424207715317607
8848,0.001647848985157907,8848,0.0016429971437901258,0.0016424207715317607
8849,0.001647848985157907,8849,0.0016429971437901258,0.0016424207715317607
8850,0.001647848985157907,8850,0.0016429971437901258,0.0016424207715317607
8851,0.001647848985157907,8851,0.0016429971437901258,0.0016424207715317607
8852,0.001647848985157907,8852,0.0016429971437901258,0.0016424207715317607
8853,0.001647848985157907,8853,0.0016429971437901258,0.0016424207715317607
8854,0.001647848985157907,8854,0.0016429971437901258,0.0016424207715317607
8855,0.001647848985157907,8855,0.0016429971437901258,0.0016424207715317607
8856,0.001647848985157907,8856,0.0016429971437901258,0.0016424207715317607
8857,0.001647848985157907,8857,0.0016429971437901258,0.0016424207715317607
8858,0.001647848985157907,8858,0.0016429971437901258,0.0016424207715317607
8859,0.001647848985157907,8859,0.0016429971437901258,0.0016424207715317607
8860,0.001647848985157907,8860,0.0016429971437901258,0.0016424207715317607
8861,0.001647848985157907,8861,0.0016429971437901258,0.0016424207715317607
8862,0.001647848985157907,8862,0.0016429971437901258,0.0016424207715317607
8863,0.001647848985157907,8863,0.0016429971437901258,0.0016424207715317607
8864,0.001647848985157907,8864,0.0016429971437901258,0.0016424207715317607
8865,0.001647848985157907,8865,0.0016429971437901258,0.0016424207715317607
8866,0.001647848985157907,8866,0.0016429971437901258,0.0016424207715317607
8867,0.001647848985157907,8867,0.0016429971437901258,0.0016424207715317607
8868,0.001647848985157907,8868,0.0016429971437901258,0.0016424207715317607
8869,0.001647848985157907,8869,0.0016429971437901258,0.0016424207715317607
8870,0.001647848985157907,8870,0.0016429971437901258,0.0016424207715317607
8871,0.001647848985157907,8871,0.0016429971437901258,0.0016424207715317607
8872,0.001647848985157907,8872,0.0016429971437901258,0.0016424207715317607
8873,0.001647848985157907,8873,0.0016429971437901258,0.0016424207715317607
8874,0.001647848985157907,8874,0.0016429971437901258,0.0016424207715317607
8875,0.001647848985157907,8875,0.0016429971437901258,0.0016424207715317607
8876,0.001647848985157907,8876,0.0016429971437901258,0.0016424207715317607
8877,0.001647848985157907,8877,0.0016429971437901258,0.0016424207715317607
8878,0.001647848985157907,8878,0.0016429971437901258,0.0016424207715317607
8879,0.001647848985157907,8879,0.0016429971437901258,0.0016424207715317607
8880,0.001647848985157907,8880,0.0016429971437901258,0.0016424207715317607
8881,0.001647848985157907,8881,0.0016429971437901258,0.0016424207715317607
8882,0.001647848985157907,8882,0.0016429971437901258,0.0016424207715317607
8883,0.001647848985157907,8883,0.0016429971437901258,0.0016424207715317607
8884,0.001647848985157907,8884,0.0016429971437901258,0.0016424207715317607
8885,0.001647848985157907,8885,0.0016429971437901258,0.0016424207715317607
8886,0.001647848985157907,8886,0.0016429971437901258,0.0016424207715317607
8887,0.001647848985157907,8887,0.0016429971437901258,0.0016424207715317607
8888,0.001647848985157907,8888,0.0016429971437901258,0.0016424207715317607
8889,0.001647848985157907,8889,0.0016429971437901258,0.0016424207715317607
8890,0.001647848985157907,8890,0.0016429971437901258,0.0016424207715317607
8891,0.001647848985157907,8891,0.0016429971437901258,0.0016424207715317607
8892,0.001647848985157907,8892,0.0016429971437901258,0.0016424207715317607
8893,0.001647848985157907,8893,0.0016429971437901258,0.0016424207715317607
8894,0.001647848985157907,8894,0.0016429971437901258,0.0016424207715317607
8895,0.001647848985157907,8895,0.0016429971437901258,0.0016424207715317607
8896,0.001647848985157907,8896,0.0016429971437901258,0.0016424207715317607
8897,0.001647848985157907,8897,0.0016429971437901258,0.0016424207715317607
8898,0.001647848985157907,8898,0.0016429971437901258,0.0016424207715317607
8899,0.001647848985157907,8899,0.0016429971437901258,0.0016424207715317607
8900,0.001647848985157907,8900,0.0016429971437901258,0.0016424207715317607
8901,0.001647848985157907,8901,0.0016429971437901258,0.0016424207715317607
8902,0.001647848985157907,8902,0.0016429971437901258,0.0016424207715317607
8903,0.001647848985157907,8903,0.0016429971437901258,0.0016424207715317607
8904,0.001647848985157907,8904,0.0016429971437901258,0.0016424207715317607
8905,0.001647848985157907,8905,0.0016429971437901258,0.0016424207715317607
8906,0.001647848985157907,8906,0.0016429971437901258,0.0016424207715317607
8907,0.001647848985157907,8907,0.0016429971437901258,0.0016424207715317607
8908,0.001647848985157907,8908,0.0016429971437901258,0.0016424207715317607
8909,0.001647848985157907,8909,0.0016429971437901258,0.0016424207715317607
8910,0.001647848985157907,8910,0.0016429971437901258,0.0016424207715317607
8911,0.001647848985157907,8911,0.0016429971437901258,0.0016424207715317607
8912,0.001647848985157907,8912,0.0016429971437901258,0.0016424207715317607
8913,0.001647848985157907,8913,0.0016429971437901258,0.0016424207715317607
8914,0.001647848985157907,8914,0.0016429971437901258,0.0016424207715317607
8915,0.001647848985157907,8915,0.0016429971437901258,0.0016424207715317607
8916,0.001647848985157907,8916,0.0016429971437901258,0.0016424207715317607
8917,0.001647848985157907,8917,0.0016429971437901258,0.0016424207715317607
8918,0.001647848985157907,8918,0.0016429971437901258,0.0016424207715317607
8919,0.001647848985157907,8919,0.0016429971437901258,0.0016424207715317607
8920,0.001647848985157907,8920,0.0016429971437901258,0.0016424207715317607
8921,0.001647848985157907,8921,0.0016429971437901258,0.0016424207715317607
8922,0.001647848985157907,8922,0.0016429971437901258,0.0016424207715317607
8923,0.001647848985157907,8923,0.0016429971437901258,0.0016424207715317607
8924,0.001647848985157907,8924,0.0016429971437901258,0.0016424207715317607
8925,0.001647848985157907,8925,0.0016429971437901258,0.0016424207715317607
8926,0.001647848985157907,8926,0.0016429971437901258,0.0016424207715317607
8927,0.001647848985157907,8927,0.0016429971437901258,0.0016424207715317607
8928,0.001647848985157907,8928,0.0016429971437901258,0.0016424207715317607
8929,0.001647848985157907,8929,0.0016429971437901258,0.0016424207715317607
8930,0.001647848985157907,8930,0.0016429971437901258,0.0016424207715317607
8931,0.001647848985157907,8931,0.0016429971437901258,0.0016424207715317607
8932,0.001647848985157907,8932,0.0016429971437901258,0.0016424207715317607
8933,0.001647848985157907,8933,0.0016429971437901258,0.0016424207715317607
8934,0.001647848985157907,8934,0.0016429971437901258,0.0016424207715317607
8935,0.001647848985157907,8935,0.0016429971437901258,0.0016424207715317607
8936,0.001647848985157907,8936,0.0016429971437901258,0.0016424207715317607
8937,0.001647848985157907,8937,0.0016429971437901258,0.0016424207715317607
8938,0.001647848985157907,8938,0.0016429971437901258,0.0016424207715317607
8939,0.001647848985157907,8939,0.0016429971437901258,0.0016424207715317607
8940,0.001647848985157907,8940,0.0016429971437901258,0.0016424207715317607
8941,0.001647848985157907,8941,0.0016429971437901258,0.0016424207715317607
8942,0.001647848985157907,8942,0.0016429971437901258,0.0016424207715317607
8943,0.001647848985157907,8943,0.0016429971437901258,0.0016424207715317607
8944,0.001647848985157907,8944,0.0016429971437901258,0.0016424207715317607
8945,0.001647848985157907,8945,0.0016429971437901258,0.0016424207715317607
8946,0.001647848985157907,8946,0.0016429971437901258,0.0016424207715317607
8947,0.001647848985157907,8947,0.0016429971437901258,0.0016424207715317607
8948,0.001647848985157907,8948,0.0016429971437901258,0.0016424207715317607
8949,0.001647848985157907,8949,0.0016429971437901258,0.0016424207715317607
8950,0.001647848985157907,8950,0.0016429971437901258,0.0016424207715317607
8951,0.001647848985157907,8951,0.0016429971437901258,0.0016424207715317607
8952,0.001647848985157907,8952,0.0016429971437901258,0.0016424207715317607
8953,0.001647848985157907,8953,0.0016429971437901258,0.0016424207715317607
8954,0.001647848985157907,8954,0.0016429971437901258,0.0016424207715317607
8955,0.001647848985157907,8955,0.0016429971437901258,0.0016424207715317607
8956,0.001647848985157907,8956,0.0016429971437901258,0.0016424207715317607
8957,0.001647848985157907,8957,0.0016429971437901258,0.0016424207715317607
8958,0.001647848985157907,8958,0.0016429971437901258,0.0016424207715317607
8959,0.001647848985157907,8959,0.0016429971437901258,0.0016424207715317607
8960,0.001647848985157907,8960,0.0016429971437901258,0.0016424207715317607
8961,0.001647848985157907,8961,0.0016429971437901258,0.0016424207715317607
8962,0.001647848985157907,8962,0.0016429971437901258,0.0016424207715317607
8963,0.001647848985157907,8963,0.0016429971437901258,0.0016424207715317607
8964,0.001647848985157907,8964,0.0016429971437901258,0.0016424207715317607
8965,0.001647848985157907,8965,0.0016429971437901258,0.0016424207715317607
8966,0.001647848985157907,8966,0.0016429971437901258,0.0016424207715317607
8967,0.001647848985157907,8967,0.0016429971437901258,0.0016424207715317607
8968,0.001647848985157907,8968,0.0016429971437901258,0.0016424207715317607
8969,0.001647848985157907,8969,0.0016429971437901258,0.0016424207715317607
8970,0.001647848985157907,8970,0.0016429971437901258,0.0016424207715317607
8971,0.001647848985157907,8971,0.0016429971437901258,0.0016424207715317607
8972,0.001647848985157907,8972,0.0016429971437901258,0.0016424207715317607
8973,0.001647848985157907,8973,0.0016429971437901258,0.0016424207715317607
8974,0.001647848985157907,8974,0.0016429971437901258,0.0016424207715317607
8975,0.001647848985157907,8975,0.0016429971437901258,0.0016424207715317607
8976,0.001647848985157907,8976,0.0016429971437901258,0.0016424207715317607
8977,0.001647848985157907,8977,0.0016429971437901258,0.0016424207715317607
8978,0.001647848985157907,8978,0.0016429971437901258,0.0016424207715317607
8979,0.001647848985157907,8979,0.0016429971437901258,0.0016424207715317607
8980,0.001647848985157907,8980,0.0016429971437901258,0.0016424207715317607
8981,0.001647848985157907,8981,0.0016429971437901258,0.0016424207715317607
8982,0.001647848985157907,8982,0.0016429971437901258,0.0016424207715317607
8983,0.001647848985157907,8983,0.0016429971437901258,0.0016424207715317607
8984,0.001647848985157907,8984,0.0016429971437901258,0.0016424207715317607
8985,0.001647848985157907,8985,0.0016429971437901258,0.0016424207715317607
8986,0.001647848985157907,8986,0.0016429971437901258,0.0016424207715317607
8987,0.001647848985157907,8987,0.0016429971437901258,0.0016424207715317607
8988,0.001647848985157907,8988,0.0016429971437901258,0.0016424207715317607
8989,0.001647848985157907,8989,0.0016429971437901258,0.0016424207715317607
8990,0.001647848985157907,8990,0.0016429971437901258,0.0016424207715317607
8991,0.001647848985157907,8991,0.0016429971437901258,0.0016424207715317607
8992,0.001647848985157907,8992,0.0016429971437901258,0.0016424207715317607
8993,0.001647848985157907,8993,0.0016429971437901258,0.0016424207715317607
8994,0.001647848985157907,8994,0.0016429971437901258,0.0016424207715317607
8995,0.001647848985157907,8995,0.0016429971437901258,0.0016424207715317607
8996,0.001647848985157907,8996,0.0016429971437901258,0.0016424207715317607
8997,0.001647848985157907,8997,0.0016429971437901258,0.0016424207715317607
8998,0.001647848985157907,8998,0.0016429971437901258,0.0016424207715317607
8999,0.001647848985157907,8999,0.0016429971437901258,0.0016424207715317607
9000,0.0016479092882946134,9000,0.0016430031973868608,0.0016424206551164389
9001,0.0016479092882946134,9001,0.0016430031973868608,0.0016424206551164389
9002,0.0016479092882946134,9002,0.0016430031973868608,0.0016424206551164389
9003,0.0016479092882946134,9003,0.0016430031973868608,0.0016424206551164389
9004,0.0016479092882946134,9004,0.0016430031973868608,0.0016424206551164389
9005,0.0016479092882946134,9005,0.0016430031973868608,0.0016424206551164389
9006,0.0016479092882946134,9006,0.0016430031973868608,0.0016424206551164389
9007,0.0016479092882946134,9007,0.0016430031973868608,0.0016424206551164389
9008,0.0016479092882946134,9008,0.0016430031973868608,0.0016424206551164389
9009,0.0016479092882946134,9009,0.0016430031973868608,0.0016424206551164389
9010,0.0016479092882946134,9010,0.0016430031973868608,0.0016424206551164389
9011,0.0016479092882946134,9011,0.0016430031973868608,0.0016424206551164389
9012,0.0016479092882946134,9012,0.0016430031973868608,0.0016424206551164389
9013,0.0016479092882946134,9013,0.0016430031973868608,0.0016424206551164389
9014,0.0016479092882946134,9014,0.0016430031973868608,0.0016424206551164389
9015,0.0016479092882946134,9015,0.0016430031973868608,0.0016424206551164389
9016,0.0016479092882946134,9016,0.0016430031973868608,0.0016424206551164389
9017,0.0016479092882946134,9017,0.0016430031973868608,0.0016424206551164389
9018,0.0016479092882946134,9018,0.0016430031973868608,0.0016424206551164389
9019,0.0016479092882946134,9019,0.0016430031973868608,0.0016424206551164389
9020,0.0016479092882946134,9020,0.0016430031973868608,0.0016424206551164389
9021,0.0016479092882946134,9021,0.0016430031973868608,0.0016424206551164389
9022,0.0016479092882946134,9022,0.0016430031973868608,0.0016424206551164389
9023,0.0016479092882946134,9023,0.0016430031973868608,0.0016424206551164389
9024,0.0016479092882946134,9024,0.0016430031973868608,0.0016424206551164389
9025,0.0016479092882946134,9025,0.0016430031973868608,0.0016424206551164389
9026,0.0016479092882946134,9026,0.0016430031973868608,0.0016424206551164389
9027,0.0016479092882946134,9027,0.0016430031973868608,0.0016424206551164389
9028,0.0016479092882946134,9028,0.0016430031973868608,0.0016424206551164389
9029,0.0016479092882946134,9029,0.0016430031973868608,0.0016424206551164389
9030,0.0016479092882946134,9030,0.0016430031973868608,0.0016424206551164389
9031,0.0016479092882946134,9031,0.0016430031973868608,0.0016424206551164389
9032,0.0016479092882946134,9032,0.0016430031973868608,0.0016424206551164389
9033,0.0016479092882946134,9033,0.0016430031973868608,0.0016424206551164389
9034,0.0016479092882946134,9034,0.0016430031973868608,0.0016424206551164389
9035,0.0016479092882946134,9035,0.0016430031973868608,0.0016424206551164389
9036,0.0016479092882946134,9036,0.0016430031973868608,0.0016424206551164389
9037,0.0016479092882946134,9037,0.0016430031973868608,0.0016424206551164389
9038,0.0016479092882946134,9038,0.0016430031973868608,0.0016424206551164389
9039,0.0016479092882946134,9039,0.0016430031973868608,0.0016424206551164389
9040,0.0016479092882946134,9040,0.0016430031973868608,0.0016424206551164389
9041,0.0016479092882946134,9041,0.0016430031973868608,0.0016424206551164389
9042,0.0016479092882946134,9042,0.0016430031973868608,0.0016424206551164389
9043,0.0016479092882946134,9043,0.0016430031973868608,0.0016424206551164389
9044,0.0016479092882946134,9044,0.0016430031973868608,0.0016424206551164389
9045,0.0016479092882946134,9045,0.0016430031973868608,0.0016424206551164389
9046,0.0016479092882946134,9046,0.0016430031973868608,0.0016424206551164389
9047,0.0016479092882946134,9047,0.0016430031973868608,0.0016424206551164389
9048,0.0016479092882946134,9048,0.0016430031973868608,0.0016424206551164389
9049,0.0016479092882946134,9049,0.0016430031973868608,0.0016424206551164389
9050,0.0016479092882946134,9050,0.0016430031973868608,0.0016424206551164389
9051,0.0016479092882946134,9051,0.0016430031973868608,0.0016424206551164389
9052,0.0016479092882946134,9052,0.0016430031973868608,0.0016424206551164389
9053,0.0016479092882946134,9053,0.0016430031973868608,0.0016424206551164389
9054,0.0016479092882946134,9054,0.0016430031973868608,0.0016424206551164389
9055,0.0016479092882946134,9055,0.0016430031973868608,0.0016424206551164389
9056,0.0016479092882946134,9056,0.0016430031973868608,0.0016424206551164389
9057,0.0016479092882946134,9057,0.0016430031973868608,0.0016424206551164389
9058,0.0016479092882946134,9058,0.0016430031973868608,0.0016424206551164389
9059,0.0016479092882946134,9059,0.0016430031973868608,0.0016424206551164389
9060,0.0016479092882946134,9060,0.0016430031973868608,0.0016424206551164389
9061,0.0016479092882946134,9061,0.0016430031973868608,0.0016424206551164389
9062,0.0016479092882946134,9062,0.0016430031973868608,0.0016424206551164389
9063,0.0016479092882946134,9063,0.0016430031973868608,0.0016424206551164389
9064,0.0016479092882946134,9064,0.0016430031973868608,0.0016424206551164389
9065,0.0016479092882946134,9065,0.0016430031973868608,0.0016424206551164389
9066,0.0016479092882946134,9066,0.0016430031973868608,0.0016424206551164389
9067,0.0016479092882946134,9067,0.0016430031973868608,0.0016424206551164389
9068,0.0016479092882946134,9068,0.0016430031973868608,0.0016424206551164389
9069,0.0016479092882946134,9069,0.0016430031973868608,0.0016424206551164389
9070,0.0016479092882946134,9070,0.0016430031973868608,0.0016424206551164389
9071,0.0016479092882946134,9071,0.0016430031973868608,0.0016424206551164389
9072,0.0016479092882946134,9072,0.0016430031973868608,0.0016424206551164389
9073,0.0016479092882946134,9073,0.0016430031973868608,0.0016424206551164389
9074,0.0016479092882946134,9074,0.0016430031973868608,0.0016424206551164389
9075,0.0016479092882946134,9075,0.0016430031973868608,0.0016424206551164389
9076,0.0016479092882946134,9076,0.0016430031973868608,0.0016424206551164389
9077,0.0016479092882946134,9077,0.0016430031973868608,0.0016424206551164389
9078,0.0016479092882946134,9078,0.0016430031973868608,0.0016424206551164389
9079,0.0016479092882946134,9079,0.0016430031973868608,0.0016424206551164389
9080,0.0016479092882946134,9080,0.0016430031973868608,0.0016424206551164389
9081,0.0016479092882946134,9081,0.0016430031973868608,0.0016424206551164389
9082,0.0016479092882946134,9082,0.0016430031973868608,0.0016424206551164389
9083,0.0016479092882946134,9083,0.0016430031973868608,0.0016424206551164389
9084,0.0016479092882946134,9084,0.0016430031973868608,0.0016424206551164389
9085,0.0016479092882946134,9085,0.0016430031973868608,0.0016424206551164389
9086,0.0016479092882946134,9086,0.0016430031973868608,0.0016424206551164389
9087,0.0016479092882946134,9087,0.0016430031973868608,0.0016424206551164389
9088,0.0016479092882946134,9088,0.0016430031973868608,0.0016424206551164389
9089,0.0016479092882946134,9089,0.0016430031973868608,0.0016424206551164389
9090,0.0016479092882946134,9090,0.0016430031973868608,0.0016424206551164389
9091,0.0016479092882946134,9091,0.0016430031973868608,0.0016424206551164389
9092,0.0016479092882946134,9092,0.0016430031973868608,0.0016424206551164389
9093,0.0016479092882946134,9093,0.0016430031973868608,0.0016424206551164389
9094,0.0016479092882946134,9094,0.0016430031973868608,0.0016424206551164389
9095,0.0016479092882946134,9095,0.0016430031973868608,0.0016424206551164389
9096,0.0016479092882946134,9096,0.0016430031973868608,0.0016424206551164389
9097,0.0016479092882946134,9097,0.0016430031973868608,0.0016424206551164389
9098,0.0016479092882946134,9098,0.0016430031973868608,0.0016424206551164389
9099,0.0016479092882946134,9099,0.0016430031973868608,0.0016424206551164389
9100,0.0016479092882946134,9100,0.0016430031973868608,0.0016424206551164389
9101,0.0016479092882946134,9101,0.0016430031973868608,0.0016424206551164389
9102,0.0016479092882946134,9102,0.0016430031973868608,0.0016424206551164389
9103,0.0016479092882946134,9103,0.0016430031973868608,0.0016424206551164389
9104,0.0016479092882946134,9104,0.0016430031973868608,0.0016424206551164389
9105,0.0016479092882946134,9105,0.0016430031973868608,0.0016424206551164389
9106,0.0016479092882946134,9106,0.0016430031973868608,0.0016424206551164389
9107,0.0016479092882946134,9107,0.0016430031973868608,0.0016424206551164389
9108,0.0016479092882946134,9108,0.0016430031973868608,0.0016424206551164389
9109,0.0016479092882946134,9109,0.0016430031973868608,0.0016424206551164389
9110,0.0016479092882946134,9110,0.0016430031973868608,0.0016424206551164389
9111,0.0016479092882946134,9111,0.0016430031973868608,0.0016424206551164389
9112,0.0016479092882946134,9112,0.0016430031973868608,0.0016424206551164389
9113,0.0016479092882946134,9113,0.0016430031973868608,0.0016424206551164389
9114,0.0016479092882946134,9114,0.0016430031973868608,0.0016424206551164389
9115,0.0016479092882946134,9115,0.0016430031973868608,0.0016424206551164389
9116,0.0016479092882946134,9116,0.0016430031973868608,0.0016424206551164389
9117,0.0016479092882946134,9117,0.0016430031973868608,0.0016424206551164389
9118,0.0016479092882946134,9118,0.0016430031973868608,0.0016424206551164389
9119,0.0016479092882946134,9119,0.0016430031973868608,0.0016424206551164389
9120,0.0016479092882946134,9120,0.0016430031973868608,0.0016424206551164389
9121,0.0016479092882946134,9121,0.0016430031973868608,0.0016424206551164389
9122,0.0016479092882946134,9122,0.0016430031973868608,0.0016424206551164389
9123,0.0016479092882946134,9123,0.0016430031973868608,0.0016424206551164389
9124,0.0016479092882946134,9124,0.0016430031973868608,0.0016424206551164389
9125,0.0016479092882946134,9125,0.0016430031973868608,0.0016424206551164389
9126,0.0016479092882946134,9126,0.0016430031973868608,0.0016424206551164389
9127,0.0016479092882946134,9127,0.0016430031973868608,0.0016424206551164389
9128,0.0016479092882946134,9128,0.0016430031973868608,0.0016424206551164389
9129,0.0016479092882946134,9129,0.0016430031973868608,0.0016424206551164389
9130,0.0016479092882946134,9130,0.0016430031973868608,0.0016424206551164389
9131,0.0016479092882946134,9131,0.0016430031973868608,0.0016424206551164389
9132,0.0016479092882946134,9132,0.0016430031973868608,0.0016424206551164389
9133,0.0016479092882946134,9133,0.0016430031973868608,0.0016424206551164389
9134,0.0016479092882946134,9134,0.0016430031973868608,0.0016424206551164389
9135,0.0016479092882946134,9135,0.0016430031973868608,0.0016424206551164389
9136,0.0016479092882946134,9136,0.0016430031973868608,0.0016424206551164389
9137,0.0016479092882946134,9137,0.0016430031973868608,0.0016424206551164389
9138,0.0016479092882946134,9138,0.0016430031973868608,0.0016424206551164389
9139,0.0016479092882946134,9139,0.0016430031973868608,0.0016424206551164389
9140,0.0016479092882946134,9140,0.0016430031973868608,0.0016424206551164389
9141,0.0016479092882946134,9141,0.0016430031973868608,0.0016424206551164389
9142,0.0016479092882946134,9142,0.0016430031973868608,0.0016424206551164389
9143,0.0016479092882946134,9143,0.0016430031973868608,0.0016424206551164389
9144,0.0016479092882946134,9144,0.0016430031973868608,0.0016424206551164389
9145,0.0016479092882946134,9145,0.0016430031973868608,0.0016424206551164389
9146,0.0016479092882946134,9146,0.0016430031973868608,0.0016424206551164389
9147,0.0016479092882946134,9147,0.0016430031973868608,0.0016424206551164389
9148,0.0016479092882946134,9148,0.0016430031973868608,0.0016424206551164389
9149,0.0016479092882946134,9149,0.0016430031973868608,0.0016424206551164389
9150,0.0016479092882946134,9150,0.0016430031973868608,0.0016424206551164389
9151,0.0016479092882946134,9151,0.0016430031973868608,0.0016424206551164389
9152,0.0016479092882946134,9152,0.0016430031973868608,0.0016424206551164389
9153,0.0016479092882946134,9153,0.0016430031973868608,0.0016424206551164389
9154,0.0016479092882946134,9154,0.0016430031973868608,0.0016424206551164389
9155,0.0016479092882946134,9155,0.0016430031973868608,0.0016424206551164389
9156,0.0016479092882946134,9156,0.0016430031973868608,0.0016424206551164389
9157,0.0016479092882946134,9157,0.0016430031973868608,0.0016424206551164389
9158,0.0016479092882946134,9158,0.0016430031973868608,0.0016424206551164389
9159,0.0016479092882946134,9159,0.0016430031973868608,0.0016424206551164389
9160,0.0016479092882946134,9160,0.0016430031973868608,0.0016424206551164389
9161,0.0016479092882946134,9161,0.0016430031973868608,0.0016424206551164389
9162,0.0016479092882946134,9162,0.0016430031973868608,0.0016424206551164389
9163,0.0016479092882946134,9163,0.0016430031973868608,0.0016424206551164389
9164,0.0016479092882946134,9164,0.0016430031973868608,0.0016424206551164389
9165,0.0016479092882946134,9165,0.0016430031973868608,0.0016424206551164389
9166,0.0016479092882946134,9166,0.0016430031973868608,0.0016424206551164389
9167,0.0016479092882946134,9167,0.0016430031973868608,0.0016424206551164389
9168,0.0016479092882946134,9168,0.0016430031973868608,0.0016424206551164389
9169,0.0016479092882946134,9169,0.0016430031973868608,0.0016424206551164389
9170,0.0016479092882946134,9170,0.0016430031973868608,0.0016424206551164389
9171,0.0016479092882946134,9171,0.0016430031973868608,0.0016424206551164389
9172,0.0016479092882946134,9172,0.0016430031973868608,0.0016424206551164389
9173,0.0016479092882946134,9173,0.0016430031973868608,0.0016424206551164389
9174,0.0016479092882946134,9174,0.0016430031973868608,0.0016424206551164389
9175,0.0016479092882946134,9175,0.0016430031973868608,0.0016424206551164389
9176,0.0016479092882946134,9176,0.0016430031973868608,0.0016424206551164389
9177,0.0016479092882946134,9177,0.0016430031973868608,0.0016424206551164389
9178,0.0016479092882946134,9178,0.0016430031973868608,0.0016424206551164389
9179,0.0016479092882946134,9179,0.0016430031973868608,0.0016424206551164389
9180,0.0016479092882946134,9180,0.0016430031973868608,0.0016424206551164389
9181,0.0016479092882946134,9181,0.0016430031973868608,0.0016424206551164389
9182,0.0016479092882946134,9182,0.0016430031973868608,0.0016424206551164389
9183,0.0016479092882946134,9183,0.0016430031973868608,0.0016424206551164389
9184,0.0016479092882946134,9184,0.0016430031973868608,0.0016424206551164389
9185,0.0016479092882946134,9185,0.0016430031973868608,0.0016424206551164389
9186,0.0016479092882946134,9186,0.0016430031973868608,0.0016424206551164389
9187,0.0016479092882946134,9187,0.0016430031973868608,0.0016424206551164389
9188,0.0016479092882946134,9188,0.0016430031973868608,0.0016424206551164389
9189,0.0016479092882946134,9189,0.0016430031973868608,0.0016424206551164389
9190,0.0016479092882946134,9190,0.0016430031973868608,0.0016424206551164389
9191,0.0016479092882946134,9191,0.0016430031973868608,0.0016424206551164389
9192,0.0016479092882946134,9192,0.0016430031973868608,0.0016424206551164389
9193,0.0016479092882946134,9193,0.0016430031973868608,0.0016424206551164389
9194,0.0016479092882946134,9194,0.0016430031973868608,0.0016424206551164389
9195,0.0016479092882946134,9195,0.0016430031973868608,0.0016424206551164389
9196,0.0016479092882946134,9196,0.0016430031973868608,0.0016424206551164389
9197,0.0016479092882946134,9197,0.0016430031973868608,0.0016424206551164389
9198,0.0016479092882946134,9198,0.0016430031973868608,0.0016424206551164389
9199,0.0016479092882946134,9199,0.0016430031973868608,0.0016424206551164389
9200,0.0016479092882946134,9200,0.0016430031973868608,0.0016424206551164389
9201,0.0016479092882946134,9201,0.0016430031973868608,0.0016424206551164389
9202,0.0016479092882946134,9202,0.0016430031973868608,0.0016424206551164389
9203,0.0016479092882946134,9203,0.0016430031973868608,0.0016424206551164389
9204,0.0016479092882946134,9204,0.0016430031973868608,0.0016424206551164389
9205,0.0016479092882946134,9205,0.0016430031973868608,0.0016424206551164389
9206,0.0016479092882946134,9206,0.0016430031973868608,0.0016424206551164389
9207,0.0016479092882946134,9207,0.0016430031973868608,0.0016424206551164389
9208,0.0016479092882946134,9208,0.0016430031973868608,0.0016424206551164389
9209,0.0016479092882946134,9209,0.0016430031973868608,0.0016424206551164389
9210,0.0016479092882946134,9210,0.0016430031973868608,0.0016424206551164389
9211,0.0016479092882946134,9211,0.0016430031973868608,0.0016424206551164389
9212,0.0016479092882946134,9212,0.0016430031973868608,0.0016424206551164389
9213,0.0016479092882946134,9213,0.0016430031973868608,0.0016424206551164389
9214,0.0016479092882946134,9214,0.0016430031973868608,0.0016424206551164389
9215,0.0016479092882946134,9215,0.0016430031973868608,0.0016424206551164389
9216,0.0016479092882946134,9216,0.0016430031973868608,0.0016424206551164389
9217,0.0016479092882946134,9217,0.0016430031973868608,0.0016424206551164389
9218,0.0016479092882946134,9218,0.0016430031973868608,0.0016424206551164389
9219,0.0016479092882946134,9219,0.0016430031973868608,0.0016424206551164389
9220,0.0016479092882946134,9220,0.0016430031973868608,0.0016424206551164389
9221,0.0016479092882946134,9221,0.0016430031973868608,0.0016424206551164389
9222,0.0016479092882946134,9222,0.0016430031973868608,0.0016424206551164389
9223,0.0016479092882946134,9223,0.0016430031973868608,0.0016424206551164389
9224,0.0016479092882946134,9224,0.0016430031973868608,0.0016424206551164389
9225,0.0016479092882946134,9225,0.0016430031973868608,0.0016424206551164389
9226,0.0016479092882946134,9226,0.0016430031973868608,0.0016424206551164389
9227,0.0016479092882946134,9227,0.0016430031973868608,0.0016424206551164389
9228,0.0016479092882946134,9228,0.0016430031973868608,0.0016424206551164389
9229,0.0016479092882946134,9229,0.0016430031973868608,0.0016424206551164389
9230,0.0016479092882946134,9230,0.0016430031973868608,0.0016424206551164389
9231,0.0016479092882946134,9231,0.0016430031973868608,0.0016424206551164389
9232,0.0016479092882946134,9232,0.0016430031973868608,0.0016424206551164389
9233,0.0016479092882946134,9233,0.0016430031973868608,0.0016424206551164389
9234,0.0016479092882946134,9234,0.0016430031973868608,0.0016424206551164389
9235,0.0016479092882946134,9235,0.0016430031973868608,0.0016424206551164389
9236,0.0016479092882946134,9236,0.0016430031973868608,0.0016424206551164389
9237,0.0016479092882946134,9237,0.0016430031973868608,0.0016424206551164389
9238,0.0016479092882946134,9238,0.0016430031973868608,0.0016424206551164389
9239,0.0016479092882946134,9239,0.0016430031973868608,0.0016424206551164389
9240,0.0016479092882946134,9240,0.0016430031973868608,0.0016424206551164389
9241,0.0016479092882946134,9241,0.0016430031973868608,0.0016424206551164389
9242,0.0016479092882946134,9242,0.0016430031973868608,0.0016424206551164389
9243,0.0016479092882946134,9243,0.0016430031973868608,0.0016424206551164389
9244,0.0016479092882946134,9244,0.0016430031973868608,0.0016424206551164389
9245,0.0016479092882946134,9245,0.0016430031973868608,0.0016424206551164389
9246,0.0016479092882946134,9246,0.0016430031973868608,0.0016424206551164389
9247,0.0016479092882946134,9247,0.0016430031973868608,0.0016424206551164389
9248,0.0016479092882946134,9248,0.0016430031973868608,0.0016424206551164389
9249,0.0016479092882946134,9249,0.0016430031973868608,0.0016424206551164389
9250,0.0016479137120768428,9250,0.0016430015675723553,0.0016424142522737384
9251,0.0016479137120768428,9251,0.0016430015675723553,0.0016424142522737384
9252,0.0016479137120768428,9252,0.0016430015675723553,0.0016424142522737384
9253,0.0016479137120768428,9253,0.0016430015675723553,0.0016424142522737384
9254,0.0016479137120768428,9254,0.0016430015675723553,0.0016424142522737384
9255,0.0016479137120768428,9255,0.0016430015675723553,0.0016424142522737384
9256,0.0016479137120768428,9256,0.0016430015675723553,0.0016424142522737384
9257,0.0016479137120768428,9257,0.0016430015675723553,0.0016424142522737384
9258,0.0016479137120768428,9258,0.0016430015675723553,0.0016424142522737384
9259,0.0016479137120768428,9259,0.0016430015675723553,0.0016424142522737384
9260,0.0016479137120768428,9260,0.0016430015675723553,0.0016424142522737384
9261,0.0016479137120768428,9261,0.0016430015675723553,0.0016424142522737384
9262,0.0016479137120768428,9262,0.0016430015675723553,0.0016424142522737384
9263,0.0016479137120768428,9263,0.0016430015675723553,0.0016424142522737384
9264,0.0016479137120768428,9264,0.0016430015675723553,0.0016424142522737384
9265,0.0016479137120768428,9265,0.0016430015675723553,0.0016424142522737384
9266,0.0016479137120768428,9266,0.0016430015675723553,0.0016424142522737384
9267,0.0016479137120768428,9267,0.0016430015675723553,0.0016424142522737384
9268,0.0016479137120768428,9268,0.0016430015675723553,0.0016424142522737384
9269,0.0016479137120768428,9269,0.0016430015675723553,0.0016424142522737384
9270,0.0016479137120768428,9270,0.0016430015675723553,0.0016424142522737384
9271,0.0016479137120768428,9271,0.0016430015675723553,0.0016424142522737384
9272,0.0016479137120768428,9272,0.0016430015675723553,0.0016424142522737384
9273,0.0016479137120768428,9273,0.0016430015675723553,0.0016424142522737384
9274,0.0016479137120768428,9274,0.0016430015675723553,0.0016424142522737384
9275,0.0016479137120768428,9275,0.0016430015675723553,0.0016424142522737384
9276,0.0016479137120768428,9276,0.0016430015675723553,0.0016424142522737384
9277,0.0016479137120768428,9277,0.0016430015675723553,0.0016424142522737384
9278,0.0016479137120768428,9278,0.0016430015675723553,0.0016424142522737384
9279,0.0016479137120768428,9279,0.0016430015675723553,0.0016424142522737384
9280,0.0016479137120768428,9280,0.0016430015675723553,0.0016424142522737384
9281,0.0016479137120768428,9281,0.0016430015675723553,0.0016424142522737384
9282,0.0016479137120768428,9282,0.0016430015675723553,0.0016424142522737384
9283,0.0016479137120768428,9283,0.0016430015675723553,0.0016424142522737384
9284,0.0016479137120768428,9284,0.0016430015675723553,0.0016424142522737384
9285,0.0016479137120768428,9285,0.0016430015675723553,0.0016424142522737384
9286,0.0016479137120768428,9286,0.0016430015675723553,0.0016424142522737384
9287,0.0016479137120768428,9287,0.0016430015675723553,0.0016424142522737384
9288,0.0016479137120768428,9288,0.0016430015675723553,0.0016424142522737384
9289,0.0016479137120768428,9289,0.0016430015675723553,0.0016424142522737384
9290,0.0016479137120768428,9290,0.0016430015675723553,0.0016424142522737384
9291,0.0016479137120768428,9291,0.0016430015675723553,0.0016424142522737384
9292,0.0016479137120768428,9292,0.0016430015675723553,0.0016424142522737384
9293,0.0016479137120768428,9293,0.0016430015675723553,0.0016424142522737384
9294,0.0016479137120768428,9294,0.0016430015675723553,0.0016424142522737384
9295,0.0016479137120768428,9295,0.0016430015675723553,0.0016424142522737384
9296,0.0016479137120768428,9296,0.0016430015675723553,0.0016424142522737384
9297,0.0016479137120768428,9297,0.0016430015675723553,0.0016424142522737384
9298,0.0016479137120768428,9298,0.0016430015675723553,0.0016424142522737384
9299,0.0016479137120768428,9299,0.0016430015675723553,0.0016424142522737384
9300,0.0016479137120768428,9300,0.0016430015675723553,0.0016424142522737384
9301,0.0016479137120768428,9301,0.0016430015675723553,0.0016424142522737384
9302,0.0016479137120768428,9302,0.0016430015675723553,0.0016424142522737384
9303,0.0016479137120768428,9303,0.0016430015675723553,0.0016424142522737384
9304,0.0016479137120768428,9304,0.0016430015675723553,0.0016424142522737384
9305,0.0016479137120768428,9305,0.0016430015675723553,0.0016424142522737384
9306,0.0016479137120768428,9306,0.0016430015675723553,0.0016424142522737384
9307,0.0016479137120768428,9307,0.0016430015675723553,0.0016424142522737384
9308,0.0016479137120768428,9308,0.0016430015675723553,0.0016424142522737384
9309,0.0016479137120768428,9309,0.0016430015675723553,0.0016424142522737384
9310,0.0016479137120768428,9310,0.0016430015675723553,0.0016424142522737384
9311,0.0016479137120768428,9311,0.0016430015675723553,0.0016424142522737384
9312,0.0016479137120768428,9312,0.0016430015675723553,0.0016424142522737384
9313,0.0016479137120768428,9313,0.0016430015675723553,0.0016424142522737384
9314,0.0016479137120768428,9314,0.0016430015675723553,0.0016424142522737384
9315,0.0016479137120768428,9315,0.0016430015675723553,0.0016424142522737384
9316,0.0016479137120768428,9316,0.0016430015675723553,0.0016424142522737384
9317,0.0016479137120768428,9317,0.0016430015675723553,0.0016424142522737384
9318,0.0016479137120768428,9318,0.0016430015675723553,0.0016424142522737384
9319,0.0016479137120768428,9319,0.0016430015675723553,0.0016424142522737384
9320,0.0016479137120768428,9320,0.0016430015675723553,0.0016424142522737384
9321,0.0016479137120768428,9321,0.0016430015675723553,0.0016424142522737384
9322,0.0016479137120768428,9322,0.0016430015675723553,0.0016424142522737384
9323,0.0016479137120768428,9323,0.0016430015675723553,0.0016424142522737384
9324,0.0016479137120768428,9324,0.0016430015675723553,0.0016424142522737384
9325,0.0016479137120768428,9325,0.0016430015675723553,0.0016424142522737384
9326,0.0016479137120768428,9326,0.0016430015675723553,0.0016424142522737384
9327,0.0016479137120768428,9327,0.0016430015675723553,0.0016424142522737384
9328,0.0016479137120768428,9328,0.0016430015675723553,0.0016424142522737384
9329,0.0016479137120768428,9329,0.0016430015675723553,0.0016424142522737384
9330,0.0016479137120768428,9330,0.0016430015675723553,0.0016424142522737384
9331,0.0016479137120768428,9331,0.0016430015675723553,0.0016424142522737384
9332,0.0016479137120768428,9332,0.0016430015675723553,0.0016424142522737384
9333,0.0016479137120768428,9333,0.0016430015675723553,0.0016424142522737384
9334,0.0016479137120768428,9334,0.0016430015675723553,0.0016424142522737384
9335,0.0016479137120768428,9335,0.0016430015675723553,0.0016424142522737384
9336,0.0016479137120768428,9336,0.0016430015675723553,0.0016424142522737384
9337,0.0016479137120768428,9337,0.0016430015675723553,0.0016424142522737384
9338,0.0016479137120768428,9338,0.0016430015675723553,0.0016424142522737384
9339,0.0016479137120768428,9339,0.0016430015675723553,0.0016424142522737384
9340,0.0016479137120768428,9340,0.0016430015675723553,0.0016424142522737384
9341,0.0016479137120768428,9341,0.0016430015675723553,0.0016424142522737384
9342,0.0016479137120768428,9342,0.0016430015675723553,0.0016424142522737384
9343,0.0016479137120768428,9343,0.0016430015675723553,0.0016424142522737384
9344,0.0016479137120768428,9344,0.0016430015675723553,0.0016424142522737384
9345,0.0016479137120768428,9345,0.0016430015675723553,0.0016424142522737384
9346,0.0016479137120768428,9346,0.0016430015675723553,0.0016424142522737384
9347,0.0016479137120768428,9347,0.0016430015675723553,0.0016424142522737384
9348,0.0016479137120768428,9348,0.0016430015675723553,0.0016424142522737384
9349,0.0016479137120768428,9349,0.0016430015675723553,0.0016424142522737384
9350,0.0016479137120768428,9350,0.0016430015675723553,0.0016424142522737384
9351,0.0016479137120768428,9351,0.0016430015675723553,0.0016424142522737384
9352,0.0016479137120768428,9352,0.0016430015675723553,0.0016424142522737384
9353,0.0016479137120768428,9353,0.0016430015675723553,0.0016424142522737384
9354,0.0016479137120768428,9354,0.0016430015675723553,0.0016424142522737384
9355,0.0016479137120768428,9355,0.0016430015675723553,0.0016424142522737384
9356,0.0016479137120768428,9356,0.0016430015675723553,0.0016424142522737384
9357,0.0016479137120768428,9357,0.0016430015675723553,0.0016424142522737384
9358,0.0016479137120768428,9358,0.0016430015675723553,0.0016424142522737384
9359,0.0016479137120768428,9359,0.0016430015675723553,0.0016424142522737384
9360,0.0016479137120768428,9360,0.0016430015675723553,0.0016424142522737384
9361,0.0016479137120768428,9361,0.0016430015675723553,0.0016424142522737384
9362,0.0016479137120768428,9362,0.0016430015675723553,0.0016424142522737384
9363,0.0016479137120768428,9363,0.0016430015675723553,0.0016424142522737384
9364,0.0016479137120768428,9364,0.0016430015675723553,0.0016424142522737384
9365,0.0016479137120768428,9365,0.0016430015675723553,0.0016424142522737384
9366,0.0016479137120768428,9366,0.0016430015675723553,0.0016424142522737384
9367,0.0016479137120768428,9367,0.0016430015675723553,0.0016424142522737384
9368,0.0016479137120768428,9368,0.0016430015675723553,0.0016424142522737384
9369,0.0016479137120768428,9369,0.0016430015675723553,0.0016424142522737384
9370,0.0016479137120768428,9370,0.0016430015675723553,0.0016424142522737384
9371,0.0016479137120768428,9371,0.0016430015675723553,0.0016424142522737384
9372,0.0016479137120768428,9372,0.0016430015675723553,0.0016424142522737384
9373,0.0016479137120768428,9373,0.0016430015675723553,0.0016424142522737384
9374,0.0016479137120768428,9374,0.0016430015675723553,0.0016424142522737384
9375,0.0016479137120768428,9375,0.0016430015675723553,0.0016424142522737384
9376,0.0016479137120768428,9376,0.0016430015675723553,0.0016424142522737384
9377,0.0016479137120768428,9377,0.0016430015675723553,0.0016424142522737384
9378,0.0016479137120768428,9378,0.0016430015675723553,0.0016424142522737384
9379,0.0016479137120768428,9379,0.0016430015675723553,0.0016424142522737384
9380,0.0016479137120768428,9380,0.0016430015675723553,0.0016424142522737384
9381,0.0016479137120768428,9381,0.0016430015675723553,0.0016424142522737384
9382,0.0016479137120768428,9382,0.0016430015675723553,0.0016424142522737384
9383,0.0016479137120768428,9383,0.0016430015675723553,0.0016424142522737384
9384,0.0016479137120768428,9384,0.0016430015675723553,0.0016424142522737384
9385,0.0016479137120768428,9385,0.0016430015675723553,0.0016424142522737384
9386,0.0016479137120768428,9386,0.0016430015675723553,0.0016424142522737384
9387,0.0016479137120768428,9387,0.0016430015675723553,0.0016424142522737384
9388,0.0016479137120768428,9388,0.0016430015675723553,0.0016424142522737384
9389,0.0016479137120768428,9389,0.0016430015675723553,0.0016424142522737384
9390,0.0016479137120768428,9390,0.0016430015675723553,0.0016424142522737384
9391,0.0016479137120768428,9391,0.0016430015675723553,0.0016424142522737384
9392,0.0016479137120768428,9392,0.0016430015675723553,0.0016424142522737384
9393,0.0016479137120768428,9393,0.0016430015675723553,0.0016424142522737384
9394,0.0016479137120768428,9394,0.0016430015675723553,0.0016424142522737384
9395,0.0016479137120768428,9395,0.0016430015675723553,0.0016424142522737384
9396,0.0016479137120768428,9396,0.0016430015675723553,0.0016424142522737384
9397,0.0016479137120768428,9397,0.0016430015675723553,0.0016424142522737384
9398,0.0016479137120768428,9398,0.0016430015675723553,0.0016424142522737384
9399,0.0016479137120768428,9399,0.0016430015675723553,0.0016424142522737384
9400,0.0016479137120768428,9400,0.0016430015675723553,0.0016424142522737384
9401,0.0016479137120768428,9401,0.0016430015675723553,0.0016424142522737384
9402,0.0016479137120768428,9402,0.0016430015675723553,0.0016424142522737384
9403,0.0016479137120768428,9403,0.0016430015675723553,0.0016424142522737384
9404,0.0016479137120768428,9404,0.0016430015675723553,0.0016424142522737384
9405,0.0016479137120768428,9405,0.0016430015675723553,0.0016424142522737384
9406,0.0016479137120768428,9406,0.0016430015675723553,0.0016424142522737384
9407,0.0016479137120768428,9407,0.0016430015675723553,0.0016424142522737384
9408,0.0016479137120768428,9408,0.0016430015675723553,0.0016424142522737384
9409,0.0016479137120768428,9409,0.0016430015675723553,0.0016424142522737384
9410,0.0016479137120768428,9410,0.0016430015675723553,0.0016424142522737384
9411,0.0016479137120768428,9411,0.0016430015675723553,0.0016424142522737384
9412,0.0016479137120768428,9412,0.0016430015675723553,0.0016424142522737384
9413,0.0016479137120768428,9413,0.0016430015675723553,0.0016424142522737384
9414,0.0016479137120768428,9414,0.0016430015675723553,0.0016424142522737384
9415,0.0016479137120768428,9415,0.0016430015675723553,0.0016424142522737384
9416,0.0016479137120768428,9416,0.0016430015675723553,0.0016424142522737384
9417,0.0016479137120768428,9417,0.0016430015675723553,0.0016424142522737384
9418,0.0016479137120768428,9418,0.0016430015675723553,0.0016424142522737384
9419,0.0016479137120768428,9419,0.0016430015675723553,0.0016424142522737384
9420,0.0016479137120768428,9420,0.0016430015675723553,0.0016424142522737384
9421,0.0016479137120768428,9421,0.0016430015675723553,0.0016424142522737384
9422,0.0016479137120768428,9422,0.0016430015675723553,0.0016424142522737384
9423,0.0016479137120768428,9423,0.0016430015675723553,0.0016424142522737384
9424,0.0016479137120768428,9424,0.0016430015675723553,0.0016424142522737384
9425,0.0016479137120768428,9425,0.0016430015675723553,0.0016424142522737384
9426,0.0016479137120768428,9426,0.0016430015675723553,0.0016424142522737384
9427,0.0016479137120768428,9427,0.0016430015675723553,0.0016424142522737384
9428,0.0016479137120768428,9428,0.0016430015675723553,0.0016424142522737384
9429,0.0016479137120768428,9429,0.0016430015675723553,0.0016424142522737384
9430,0.0016479137120768428,9430,0.0016430015675723553,0.0016424142522737384
9431,0.0016479137120768428,9431,0.0016430015675723553,0.0016424142522737384
9432,0.0016479137120768428,9432,0.0016430015675723553,0.0016424142522737384
9433,0.0016479137120768428,9433,0.0016430015675723553,0.0016424142522737384
9434,0.0016479137120768428,9434,0.0016430015675723553,0.0016424142522737384
9435,0.0016479137120768428,9435,0.0016430015675723553,0.0016424142522737384
9436,0.0016479137120768428,9436,0.0016430015675723553,0.0016424142522737384
9437,0.0016479137120768428,9437,0.0016430015675723553,0.0016424142522737384
9438,0.0016479137120768428,9438,0.0016430015675723553,0.0016424142522737384
9439,0.0016479137120768428,9439,0.0016430015675723553,0.0016424142522737384
9440,0.0016479137120768428,9440,0.0016430015675723553,0.0016424142522737384
9441,0.0016479137120768428,9441,0.0016430015675723553,0.0016424142522737384
9442,0.0016479137120768428,9442,0.0016430015675723553,0.0016424142522737384
9443,0.0016479137120768428,9443,0.0016430015675723553,0.0016424142522737384
9444,0.0016479137120768428,9444,0.0016430015675723553,0.0016424142522737384
9445,0.0016479137120768428,9445,0.0016430015675723553,0.0016424142522737384
9446,0.0016479137120768428,9446,0.0016430015675723553,0.0016424142522737384
9447,0.0016479137120768428,9447,0.0016430015675723553,0.0016424142522737384
9448,0.0016479137120768428,9448,0.0016430015675723553,0.0016424142522737384
9449,0.0016479137120768428,9449,0.0016430015675723553,0.0016424142522737384
9450,0.0016479137120768428,9450,0.0016430015675723553,0.0016424142522737384
9451,0.0016479137120768428,9451,0.0016430015675723553,0.0016424142522737384
9452,0.0016479137120768428,9452,0.0016430015675723553,0.0016424142522737384
9453,0.0016479137120768428,9453,0.0016430015675723553,0.0016424142522737384
9454,0.0016479137120768428,9454,0.0016430015675723553,0.0016424142522737384
9455,0.0016479137120768428,9455,0.0016430015675723553,0.0016424142522737384
9456,0.0016479137120768428,9456,0.0016430015675723553,0.0016424142522737384
9457,0.0016479137120768428,9457,0.0016430015675723553,0.0016424142522737384
9458,0.0016479137120768428,9458,0.0016430015675723553,0.0016424142522737384
9459,0.0016479137120768428,9459,0.0016430015675723553,0.0016424142522737384
9460,0.0016479137120768428,9460,0.0016430015675723553,0.0016424142522737384
9461,0.0016479137120768428,9461,0.0016430015675723553,0.0016424142522737384
9462,0.0016479137120768428,9462,0.0016430015675723553,0.0016424142522737384
9463,0.0016479137120768428,9463,0.0016430015675723553,0.0016424142522737384
9464,0.0016479137120768428,9464,0.0016430015675723553,0.0016424142522737384
9465,0.0016479137120768428,9465,0.0016430015675723553,0.0016424142522737384
9466,0.0016479137120768428,9466,0.0016430015675723553,0.0016424142522737384
9467,0.0016479137120768428,9467,0.0016430015675723553,0.0016424142522737384
9468,0.0016479137120768428,9468,0.0016430015675723553,0.0016424142522737384
9469,0.0016479137120768428,9469,0.0016430015675723553,0.0016424142522737384
9470,0.0016479137120768428,9470,0.0016430015675723553,0.0016424142522737384
9471,0.0016479137120768428,9471,0.0016430015675723553,0.0016424142522737384
9472,0.0016479137120768428,9472,0.0016430015675723553,0.0016424142522737384
9473,0.0016479137120768428,9473,0.0016430015675723553,0.0016424142522737384
9474,0.0016479137120768428,9474,0.0016430015675723553,0.0016424142522737384
9475,0.0016479137120768428,9475,0.0016430015675723553,0.0016424142522737384
9476,0.0016479137120768428,9476,0.0016430015675723553,0.0016424142522737384
9477,0.0016479137120768428,9477,0.0016430015675723553,0.0016424142522737384
9478,0.0016479137120768428,9478,0.0016430015675723553,0.0016424142522737384
9479,0.0016479137120768428,9479,0.0016430015675723553,0.0016424142522737384
9480,0.0016479137120768428,9480,0.0016430015675723553,0.0016424142522737384
9481,0.0016479137120768428,9481,0.0016430015675723553,0.0016424142522737384
9482,0.0016479137120768428,9482,0.0016430015675723553,0.0016424142522737384
9483,0.0016479137120768428,9483,0.0016430015675723553,0.0016424142522737384
9484,0.0016479137120768428,9484,0.0016430015675723553,0.0016424142522737384
9485,0.0016479137120768428,9485,0.0016430015675723553,0.0016424142522737384
9486,0.0016479137120768428,9486,0.0016430015675723553,0.0016424142522737384
9487,0.0016479137120768428,9487,0.0016430015675723553,0.0016424142522737384
9488,0.0016479137120768428,9488,0.0016430015675723553,0.0016424142522737384
9489,0.0016479137120768428,9489,0.0016430015675723553,0.0016424142522737384
9490,0.0016479137120768428,9490,0.0016430015675723553,0.0016424142522737384
9491,0.0016479137120768428,9491,0.0016430015675723553,0.0016424142522737384
9492,0.0016479137120768428,9492,0.0016430015675723553,0.0016424142522737384
9493,0.0016479137120768428,9493,0.0016430015675723553,0.0016424142522737384
9494,0.0016479137120768428,9494,0.0016430015675723553,0.0016424142522737384
9495,0.0016479137120768428,9495,0.0016430015675723553,0.0016424142522737384
9496,0.0016479137120768428,9496,0.0016430015675723553,0.0016424142522737384
9497,0.0016479137120768428,9497,0.0016430015675723553,0.0016424142522737384
9498,0.0016479137120768428,9498,0.0016430015675723553,0.0016424142522737384
9499,0.0016479137120768428,9499,0.0016430015675723553,0.0016424142522737384
9500,0.001647905446588993,9500,0.001643005758523941,0.0016423863125965
9501,0.001647905446588993,9501,0.001643005758523941,0.0016423863125965
9502,0.001647905446588993,9502,0.001643005758523941,0.0016423863125965
9503,0.001647905446588993,9503,0.001643005758523941,0.0016423863125965
9504,0.001647905446588993,9504,0.001643005758523941,0.0016423863125965
9505,0.001647905446588993,9505,0.001643005758523941,0.0016423863125965
9506,0.001647905446588993,9506,0.001643005758523941,0.0016423863125965
9507,0.001647905446588993,9507,0.001643005758523941,0.0016423863125965
9508,0.001647905446588993,9508,0.001643005758523941,0.0016423863125965
9509,0.001647905446588993,9509,0.001643005758523941,0.0016423863125965
9510,0.001647905446588993,9510,0.001643005758523941,0.0016423863125965
9511,0.001647905446588993,9511,0.001643005758523941,0.0016423863125965
9512,0.001647905446588993,9512,0.001643005758523941,0.0016423863125965
9513,0.001647905446588993,9513,0.001643005758523941,0.0016423863125965
9514,0.001647905446588993,9514,0.001643005758523941,0.0016423863125965
9515,0.001647905446588993,9515,0.001643005758523941,0.0016423863125965
9516,0.001647905446588993,9516,0.001643005758523941,0.0016423863125965
9517,0.001647905446588993,9517,0.001643005758523941,0.0016423863125965
9518,0.001647905446588993,9518,0.001643005758523941,0.0016423863125965
9519,0.001647905446588993,9519,0.001643005758523941,0.0016423863125965
9520,0.001647905446588993,9520,0.001643005758523941,0.0016423863125965
9521,0.001647905446588993,9521,0.001643005758523941,0.0016423863125965
9522,0.001647905446588993,9522,0.001643005758523941,0.0016423863125965
9523,0.001647905446588993,9523,0.001643005758523941,0.0016423863125965
9524,0.001647905446588993,9524,0.001643005758523941,0.0016423863125965
9525,0.001647905446588993,9525,0.001643005758523941,0.0016423863125965
9526,0.001647905446588993,9526,0.001643005758523941,0.0016423863125965
9527,0.001647905446588993,9527,0.001643005758523941,0.0016423863125965
9528,0.001647905446588993,9528,0.001643005758523941,0.0016423863125965
9529,0.001647905446588993,9529,0.001643005758523941,0.0016423863125965
9530,0.001647905446588993,9530,0.001643005758523941,0.0016423863125965
9531,0.001647905446588993,9531,0.001643005758523941,0.0016423863125965
9532,0.001647905446588993,9532,0.001643005758523941,0.0016423863125965
9533,0.001647905446588993,9533,0.001643005758523941,0.0016423863125965
9534,0.001647905446588993,9534,0.001643005758523941,0.0016423863125965
9535,0.001647905446588993,9535,0.001643005758523941,0.0016423863125965
9536,0.001647905446588993,9536,0.001643005758523941,0.0016423863125965
9537,0.001647905446588993,9537,0.001643005758523941,0.0016423863125965
9538,0.001647905446588993,9538,0.001643005758523941,0.0016423863125965
9539,0.001647905446588993,9539,0.001643005758523941,0.0016423863125965
9540,0.001647905446588993,9540,0.001643005758523941,0.0016423863125965
9541,0.001647905446588993,9541,0.001643005758523941,0.0016423863125965
9542,0.001647905446588993,9542,0.001643005758523941,0.0016423863125965
9543,0.001647905446588993,9543,0.001643005758523941,0.0016423863125965
9544,0.001647905446588993,9544,0.001643005758523941,0.0016423863125965
9545,0.001647905446588993,9545,0.001643005758523941,0.0016423863125965
9546,0.001647905446588993,9546,0.001643005758523941,0.0016423863125965
9547,0.001647905446588993,9547,0.001643005758523941,0.0016423863125965
9548,0.001647905446588993,9548,0.001643005758523941,0.0016423863125965
9549,0.001647905446588993,9549,0.001643005758523941,0.0016423863125965
9550,0.001647905446588993,9550,0.001643005758523941,0.0016423863125965
9551,0.001647905446588993,9551,0.001643005758523941,0.0016423863125965
9552,0.001647905446588993,9552,0.001643005758523941,0.0016423863125965
9553,0.001647905446588993,9553,0.001643005758523941,0.0016423863125965
9554,0.001647905446588993,9554,0.001643005758523941,0.0016423863125965
9555,0.001647905446588993,9555,0.001643005758523941,0.0016423863125965
9556,0.001647905446588993,9556,0.001643005758523941,0.0016423863125965
9557,0.001647905446588993,9557,0.001643005758523941,0.0016423863125965
9558,0.001647905446588993,9558,0.001643005758523941,0.0016423863125965
9559,0.001647905446588993,9559,0.001643005758523941,0.0016423863125965
9560,0.001647905446588993,9560,0.001643005758523941,0.0016423863125965
9561,0.001647905446588993,9561,0.001643005758523941,0.0016423863125965
9562,0.001647905446588993,9562,0.001643005758523941,0.0016423863125965
9563,0.001647905446588993,9563,0.001643005758523941,0.0016423863125965
9564,0.001647905446588993,9564,0.001643005758523941,0.0016423863125965
9565,0.001647905446588993,9565,0.001643005758523941,0.0016423863125965
9566,0.001647905446588993,9566,0.001643005758523941,0.0016423863125965
9567,0.001647905446588993,9567,0.001643005758523941,0.0016423863125965
9568,0.001647905446588993,9568,0.001643005758523941,0.0016423863125965
9569,0.001647905446588993,9569,0.001643005758523941,0.0016423863125965
9570,0.001647905446588993,9570,0.001643005758523941,0.0016423863125965
9571,0.001647905446588993,9571,0.001643005758523941,0.0016423863125965
9572,0.001647905446588993,9572,0.001643005758523941,0.0016423863125965
9573,0.001647905446588993,9573,0.001643005758523941,0.0016423863125965
9574,0.001647905446588993,9574,0.001643005758523941,0.0016423863125965
9575,0.001647905446588993,9575,0.001643005758523941,0.0016423863125965
9576,0.001647905446588993,9576,0.001643005758523941,0.0016423863125965
9577,0.001647905446588993,9577,0.001643005758523941,0.0016423863125965
9578,0.001647905446588993,9578,0.001643005758523941,0.0016423863125965
9579,0.001647905446588993,9579,0.001643005758523941,0.0016423863125965
9580,0.001647905446588993,9580,0.001643005758523941,0.0016423863125965
9581,0.001647905446588993,9581,0.001643005758523941,0.0016423863125965
9582,0.001647905446588993,9582,0.001643005758523941,0.0016423863125965
9583,0.001647905446588993,9583,0.001643005758523941,0.0016423863125965
9584,0.001647905446588993,9584,0.001643005758523941,0.0016423863125965
9585,0.001647905446588993,9585,0.001643005758523941,0.0016423863125965
9586,0.001647905446588993,9586,0.001643005758523941,0.0016423863125965
9587,0.001647905446588993,9587,0.001643005758523941,0.0016423863125965
9588,0.001647905446588993,9588,0.001643005758523941,0.0016423863125965
9589,0.001647905446588993,9589,0.001643005758523941,0.0016423863125965
9590,0.001647905446588993,9590,0.001643005758523941,0.0016423863125965
9591,0.001647905446588993,9591,0.001643005758523941,0.0016423863125965
9592,0.001647905446588993,9592,0.001643005758523941,0.0016423863125965
9593,0.001647905446588993,9593,0.001643005758523941,0.0016423863125965
9594,0.001647905446588993,9594,0.001643005758523941,0.0016423863125965
9595,0.001647905446588993,9595,0.001643005758523941,0.0016423863125965
9596,0.001647905446588993,9596,0.001643005758523941,0.0016423863125965
9597,0.001647905446588993,9597,0.001643005758523941,0.0016423863125965
9598,0.001647905446588993,9598,0.001643005758523941,0.0016423863125965
9599,0.001647905446588993,9599,0.001643005758523941,0.0016423863125965
9600,0.001647905446588993,9600,0.001643005758523941,0.0016423863125965
9601,0.001647905446588993,9601,0.001643005758523941,0.0016423863125965
9602,0.001647905446588993,9602,0.001643005758523941,0.0016423863125965
9603,0.001647905446588993,9603,0.001643005758523941,0.0016423863125965
9604,0.001647905446588993,9604,0.001643005758523941,0.0016423863125965
9605,0.001647905446588993,9605,0.001643005758523941,0.0016423863125965
9606,0.001647905446588993,9606,0.001643005758523941,0.0016423863125965
9607,0.001647905446588993,9607,0.001643005758523941,0.0016423863125965
9608,0.001647905446588993,9608,0.001643005758523941,0.0016423863125965
9609,0.001647905446588993,9609,0.001643005758523941,0.0016423863125965
9610,0.001647905446588993,9610,0.001643005758523941,0.0016423863125965
9611,0.001647905446588993,9611,0.001643005758523941,0.0016423863125965
9612,0.001647905446588993,9612,0.001643005758523941,0.0016423863125965
9613,0.001647905446588993,9613,0.001643005758523941,0.0016423863125965
9614,0.001647905446588993,9614,0.001643005758523941,0.0016423863125965
9615,0.001647905446588993,9615,0.001643005758523941,0.0016423863125965
9616,0.001647905446588993,9616,0.001643005758523941,0.0016423863125965
9617,0.001647905446588993,9617,0.001643005758523941,0.0016423863125965
9618,0.001647905446588993,9618,0.001643005758523941,0.0016423863125965
9619,0.001647905446588993,9619,0.001643005758523941,0.0016423863125965
9620,0.001647905446588993,9620,0.001643005758523941,0.0016423863125965
9621,0.001647905446588993,9621,0.001643005758523941,0.0016423863125965
9622,0.001647905446588993,9622,0.001643005758523941,0.0016423863125965
9623,0.001647905446588993,9623,0.001643005758523941,0.0016423863125965
9624,0.001647905446588993,9624,0.001643005758523941,0.0016423863125965
9625,0.001647905446588993,9625,0.001643005758523941,0.0016423863125965
9626,0.001647905446588993,9626,0.001643005758523941,0.0016423863125965
9627,0.001647905446588993,9627,0.001643005758523941,0.0016423863125965
9628,0.001647905446588993,9628,0.001643005758523941,0.0016423863125965
9629,0.001647905446588993,9629,0.001643005758523941,0.0016423863125965
9630,0.001647905446588993,9630,0.001643005758523941,0.0016423863125965
9631,0.001647905446588993,9631,0.001643005758523941,0.0016423863125965
9632,0.001647905446588993,9632,0.001643005758523941,0.0016423863125965
9633,0.001647905446588993,9633,0.001643005758523941,0.0016423863125965
9634,0.001647905446588993,9634,0.001643005758523941,0.0016423863125965
9635,0.001647905446588993,9635,0.001643005758523941,0.0016423863125965
9636,0.001647905446588993,9636,0.001643005758523941,0.0016423863125965
9637,0.001647905446588993,9637,0.001643005758523941,0.0016423863125965
9638,0.001647905446588993,9638,0.001643005758523941,0.0016423863125965
9639,0.001647905446588993,9639,0.001643005758523941,0.0016423863125965
9640,0.001647905446588993,9640,0.001643005758523941,0.0016423863125965
9641,0.001647905446588993,9641,0.001643005758523941,0.0016423863125965
9642,0.001647905446588993,9642,0.001643005758523941,0.0016423863125965
9643,0.001647905446588993,9643,0.001643005758523941,0.0016423863125965
9644,0.001647905446588993,9644,0.001643005758523941,0.0016423863125965
9645,0.001647905446588993,9645,0.001643005758523941,0.0016423863125965
9646,0.001647905446588993,9646,0.001643005758523941,0.0016423863125965
9647,0.001647905446588993,9647,0.001643005758523941,0.0016423863125965
9648,0.001647905446588993,9648,0.001643005758523941,0.0016423863125965
9649,0.001647905446588993,9649,0.001643005758523941,0.0016423863125965
9650,0.001647905446588993,9650,0.001643005758523941,0.0016423863125965
9651,0.001647905446588993,9651,0.001643005758523941,0.0016423863125965
9652,0.001647905446588993,9652,0.001643005758523941,0.0016423863125965
9653,0.001647905446588993,9653,0.001643005758523941,0.0016423863125965
9654,0.001647905446588993,9654,0.001643005758523941,0.0016423863125965
9655,0.001647905446588993,9655,0.001643005758523941,0.0016423863125965
9656,0.001647905446588993,9656,0.001643005758523941,0.0016423863125965
9657,0.001647905446588993,9657,0.001643005758523941,0.0016423863125965
9658,0.001647905446588993,9658,0.001643005758523941,0.0016423863125965
9659,0.001647905446588993,9659,0.001643005758523941,0.0016423863125965
9660,0.001647905446588993,9660,0.001643005758523941,0.0016423863125965
9661,0.001647905446588993,9661,0.001643005758523941,0.0016423863125965
9662,0.001647905446588993,9662,0.001643005758523941,0.0016423863125965
9663,0.001647905446588993,9663,0.001643005758523941,0.0016423863125965
9664,0.001647905446588993,9664,0.001643005758523941,0.0016423863125965
9665,0.001647905446588993,9665,0.001643005758523941,0.0016423863125965
9666,0.001647905446588993,9666,0.001643005758523941,0.0016423863125965
9667,0.001647905446588993,9667,0.001643005758523941,0.0016423863125965
9668,0.001647905446588993,9668,0.001643005758523941,0.0016423863125965
9669,0.001647905446588993,9669,0.001643005758523941,0.0016423863125965
9670,0.001647905446588993,9670,0.001643005758523941,0.0016423863125965
9671,0.001647905446588993,9671,0.001643005758523941,0.0016423863125965
9672,0.001647905446588993,9672,0.001643005758523941,0.0016423863125965
9673,0.001647905446588993,9673,0.001643005758523941,0.0016423863125965
9674,0.001647905446588993,9674,0.001643005758523941,0.0016423863125965
9675,0.001647905446588993,9675,0.001643005758523941,0.0016423863125965
9676,0.001647905446588993,9676,0.001643005758523941,0.0016423863125965
9677,0.001647905446588993,9677,0.001643005758523941,0.0016423863125965
9678,0.001647905446588993,9678,0.001643005758523941,0.0016423863125965
9679,0.001647905446588993,9679,0.001643005758523941,0.0016423863125965
9680,0.001647905446588993,9680,0.001643005758523941,0.0016423863125965
9681,0.001647905446588993,9681,0.001643005758523941,0.0016423863125965
9682,0.001647905446588993,9682,0.001643005758523941,0.0016423863125965
9683,0.001647905446588993,9683,0.001643005758523941,0.0016423863125965
9684,0.001647905446588993,9684,0.001643005758523941,0.0016423863125965
9685,0.001647905446588993,9685,0.001643005758523941,0.0016423863125965
9686,0.001647905446588993,9686,0.001643005758523941,0.0016423863125965
9687,0.001647905446588993,9687,0.001643005758523941,0.0016423863125965
9688,0.001647905446588993,9688,0.001643005758523941,0.0016423863125965
9689,0.001647905446588993,9689,0.001643005758523941,0.0016423863125965
9690,0.001647905446588993,9690,0.001643005758523941,0.0016423863125965
9691,0.001647905446588993,9691,0.001643005758523941,0.0016423863125965
9692,0.001647905446588993,9692,0.001643005758523941,0.0016423863125965
9693,0.001647905446588993,9693,0.001643005758523941,0.0016423863125965
9694,0.001647905446588993,9694,0.001643005758523941,0.0016423863125965
9695,0.001647905446588993,9695,0.001643005758523941,0.0016423863125965
9696,0.001647905446588993,9696,0.001643005758523941,0.0016423863125965
9697,0.001647905446588993,9697,0.001643005758523941,0.0016423863125965
9698,0.001647905446588993,9698,0.001643005758523941,0.0016423863125965
9699,0.001647905446588993,9699,0.001643005758523941,0.0016423863125965
9700,0.001647905446588993,9700,0.001643005758523941,0.0016423863125965
9701,0.001647905446588993,9701,0.001643005758523941,0.0016423863125965
9702,0.001647905446588993,9702,0.001643005758523941,0.0016423863125965
9703,0.001647905446588993,9703,0.001643005758523941,0.0016423863125965
9704,0.001647905446588993,9704,0.001643005758523941,0.0016423863125965
9705,0.001647905446588993,9705,0.001643005758523941,0.0016423863125965
9706,0.001647905446588993,9706,0.001643005758523941,0.0016423863125965
9707,0.001647905446588993,9707,0.001643005758523941,0.0016423863125965
9708,0.001647905446588993,9708,0.001643005758523941,0.0016423863125965
9709,0.001647905446588993,9709,0.001643005758523941,0.0016423863125965
9710,0.001647905446588993,9710,0.001643005758523941,0.0016423863125965
9711,0.001647905446588993,9711,0.001643005758523941,0.0016423863125965
9712,0.001647905446588993,9712,0.001643005758523941,0.0016423863125965
9713,0.001647905446588993,9713,0.001643005758523941,0.0016423863125965
9714,0.001647905446588993,9714,0.001643005758523941,0.0016423863125965
9715,0.001647905446588993,9715,0.001643005758523941,0.0016423863125965
9716,0.001647905446588993,9716,0.001643005758523941,0.0016423863125965
9717,0.001647905446588993,9717,0.001643005758523941,0.0016423863125965
9718,0.001647905446588993,9718,0.001643005758523941,0.0016423863125965
9719,0.001647905446588993,9719,0.001643005758523941,0.0016423863125965
9720,0.001647905446588993,9720,0.001643005758523941,0.0016423863125965
9721,0.001647905446588993,9721,0.001643005758523941,0.0016423863125965
9722,0.001647905446588993,9722,0.001643005758523941,0.0016423863125965
9723,0.001647905446588993,9723,0.001643005758523941,0.0016423863125965
9724,0.001647905446588993,9724,0.001643005758523941,0.0016423863125965
9725,0.001647905446588993,9725,0.001643005758523941,0.0016423863125965
9726,0.001647905446588993,9726,0.001643005758523941,0.0016423863125965
9727,0.001647905446588993,9727,0.001643005758523941,0.0016423863125965
9728,0.001647905446588993,9728,0.001643005758523941,0.0016423863125965
9729,0.001647905446588993,9729,0.001643005758523941,0.0016423863125965
9730,0.001647905446588993,9730,0.001643005758523941,0.0016423863125965
9731,0.001647905446588993,9731,0.001643005758523941,0.0016423863125965
9732,0.001647905446588993,9732,0.001643005758523941,0.0016423863125965
9733,0.001647905446588993,9733,0.001643005758523941,0.0016423863125965
9734,0.001647905446588993,9734,0.001643005758523941,0.0016423863125965
9735,0.001647905446588993,9735,0.001643005758523941,0.0016423863125965
9736,0.001647905446588993,9736,0.001643005758523941,0.0016423863125965
9737,0.001647905446588993,9737,0.001643005758523941,0.0016423863125965
9738,0.001647905446588993,9738,0.001643005758523941,0.0016423863125965
9739,0.001647905446588993,9739,0.001643005758523941,0.0016423863125965
9740,0.001647905446588993,9740,0.001643005758523941,0.0016423863125965
9741,0.001647905446588993,9741,0.001643005758523941,0.0016423863125965
9742,0.001647905446588993,9742,0.001643005758523941,0.0016423863125965
9743,0.001647905446588993,9743,0.001643005758523941,0.0016423863125965
9744,0.001647905446588993,9744,0.001643005758523941,0.0016423863125965
9745,0.001647905446588993,9745,0.001643005758523941,0.0016423863125965
9746,0.001647905446588993,9746,0.001643005758523941,0.0016423863125965
9747,0.001647905446588993,9747,0.001643005758523941,0.0016423863125965
9748,0.001647905446588993,9748,0.001643005758523941,0.0016423863125965
9749,0.001647905446588993,9749,0.001643005758523941,0.0016423863125965
9750,0.0016479328041896224,9750,0.0016430047107860446,0.001642386196181178
9751,0.0016479328041896224,9751,0.0016430047107860446,0.001642386196181178
9752,0.0016479328041896224,9752,0.0016430047107860446,0.001642386196181178
9753,0.0016479328041896224,9753,0.0016430047107860446,0.001642386196181178
9754,0.0016479328041896224,9754,0.0016430047107860446,0.001642386196181178
9755,0.0016479328041896224,9755,0.0016430047107860446,0.001642386196181178
9756,0.0016479328041896224,9756,0.0016430047107860446,0.001642386196181178
9757,0.0016479328041896224,9757,0.0016430047107860446,0.001642386196181178
9758,0.0016479328041896224,9758,0.0016430047107860446,0.001642386196181178
9759,0.0016479328041896224,9759,0.0016430047107860446,0.001642386196181178
9760,0.0016479328041896224,9760,0.0016430047107860446,0.001642386196181178
9761,0.0016479328041896224,9761,0.0016430047107860446,0.001642386196181178
9762,0.0016479328041896224,9762,0.0016430047107860446,0.001642386196181178
9763,0.0016479328041896224,9763,0.0016430047107860446,0.001642386196181178
9764,0.0016479328041896224,9764,0.0016430047107860446,0.001642386196181178
9765,0.0016479328041896224,9765,0.0016430047107860446,0.001642386196181178
9766,0.0016479328041896224,9766,0.0016430047107860446,0.001642386196181178
9767,0.0016479328041896224,9767,0.0016430047107860446,0.001642386196181178
9768,0.0016479328041896224,9768,0.0016430047107860446,0.001642386196181178
9769,0.0016479328041896224,9769,0.0016430047107860446,0.001642386196181178
9770,0.0016479328041896224,9770,0.0016430047107860446,0.001642386196181178
9771,0.0016479328041896224,9771,0.0016430047107860446,0.001642386196181178
9772,0.0016479328041896224,9772,0.0016430047107860446,0.001642386196181178
9773,0.0016479328041896224,9773,0.0016430047107860446,0.001642386196181178
9774,0.0016479328041896224,9774,0.0016430047107860446,0.001642386196181178
9775,0.0016479328041896224,9775,0.0016430047107860446,0.001642386196181178
9776,0.0016479328041896224,9776,0.0016430047107860446,0.001642386196181178
9777,0.0016479328041896224,9777,0.0016430047107860446,0.001642386196181178
9778,0.0016479328041896224,9778,0.0016430047107860446,0.001642386196181178
9779,0.0016479328041896224,9779,0.0016430047107860446,0.001642386196181178
9780,0.0016479328041896224,9780,0.0016430047107860446,0.001642386196181178
9781,0.0016479328041896224,9781,0.0016430047107860446,0.001642386196181178
9782,0.0016479328041896224,9782,0.0016430047107860446,0.001642386196181178
9783,0.0016479328041896224,9783,0.0016430047107860446,0.001642386196181178
9784,0.0016479328041896224,9784,0.0016430047107860446,0.001642386196181178
9785,0.0016479328041896224,9785,0.0016430047107860446,0.001642386196181178
9786,0.0016479328041896224,9786,0.0016430047107860446,0.001642386196181178
9787,0.0016479328041896224,9787,0.0016430047107860446,0.001642386196181178
9788,0.0016479328041896224,9788,0.0016430047107860446,0.001642386196181178
9789,0.0016479328041896224,9789,0.0016430047107860446,0.001642386196181178
9790,0.0016479328041896224,9790,0.0016430047107860446,0.001642386196181178
9791,0.0016479328041896224,9791,0.0016430047107860446,0.001642386196181178
9792,0.0016479328041896224,9792,0.0016430047107860446,0.001642386196181178
9793,0.0016479328041896224,9793,0.0016430047107860446,0.001642386196181178
9794,0.0016479328041896224,9794,0.0016430047107860446,0.001642386196181178
9795,0.0016479328041896224,9795,0.0016430047107860446,0.001642386196181178
9796,0.0016479328041896224,9796,0.0016430047107860446,0.001642386196181178
9797,0.0016479328041896224,9797,0.0016430047107860446,0.001642386196181178
9798,0.0016479328041896224,9798,0.0016430047107860446,0.001642386196181178
9799,0.0016479328041896224,9799,0.0016430047107860446,0.001642386196181178
9800,0.0016479328041896224,9800,0.0016430047107860446,0.001642386196181178
9801,0.0016479328041896224,9801,0.0016430047107860446,0.001642386196181178
9802,0.0016479328041896224,9802,0.0016430047107860446,0.001642386196181178
9803,0.0016479328041896224,9803,0.0016430047107860446,0.001642386196181178
9804,0.0016479328041896224,9804,0.0016430047107860446,0.001642386196181178
9805,0.0016479328041896224,9805,0.0016430047107860446,0.001642386196181178
9806,0.0016479328041896224,9806,0.0016430047107860446,0.001642386196181178
9807,0.0016479328041896224,9807,0.0016430047107860446,0.001642386196181178
9808,0.0016479328041896224,9808,0.0016430047107860446,0.001642386196181178
9809,0.0016479328041896224,9809,0.0016430047107860446,0.001642386196181178
9810,0.0016479328041896224,9810,0.0016430047107860446,0.001642386196181178
9811,0.0016479328041896224,9811,0.0016430047107860446,0.001642386196181178
9812,0.0016479328041896224,9812,0.0016430047107860446,0.001642386196181178
9813,0.0016479328041896224,9813,0.0016430047107860446,0.001642386196181178
9814,0.0016479328041896224,9814,0.0016430047107860446,0.001642386196181178
9815,0.0016479328041896224,9815,0.0016430047107860446,0.001642386196181178
9816,0.0016479328041896224,9816,0.0016430047107860446,0.001642386196181178
9817,0.0016479328041896224,9817,0.0016430047107860446,0.001642386196181178
9818,0.0016479328041896224,9818,0.0016430047107860446,0.001642386196181178
9819,0.0016479328041896224,9819,0.0016430047107860446,0.001642386196181178
9820,0.0016479328041896224,9820,0.0016430047107860446,0.001642386196181178
9821,0.0016479328041896224,9821,0.0016430047107860446,0.001642386196181178
9822,0.0016479328041896224,9822,0.0016430047107860446,0.001642386196181178
9823,0.0016479328041896224,9823,0.0016430047107860446,0.001642386196181178
9824,0.0016479328041896224,9824,0.0016430047107860446,0.001642386196181178
9825,0.0016479328041896224,9825,0.0016430047107860446,0.001642386196181178
9826,0.0016479328041896224,9826,0.0016430047107860446,0.001642386196181178
9827,0.0016479328041896224,9827,0.0016430047107860446,0.001642386196181178
9828,0.0016479328041896224,9828,0.0016430047107860446,0.001642386196181178
9829,0.0016479328041896224,9829,0.0016430047107860446,0.001642386196181178
9830,0.0016479328041896224,9830,0.0016430047107860446,0.001642386196181178
9831,0.0016479328041896224,9831,0.0016430047107860446,0.001642386196181178
9832,0.0016479328041896224,9832,0.0016430047107860446,0.001642386196181178
9833,0.0016479328041896224,9833,0.0016430047107860446,0.001642386196181178
9834,0.0016479328041896224,9834,0.0016430047107860446,0.001642386196181178
9835,0.0016479328041896224,9835,0.0016430047107860446,0.001642386196181178
9836,0.0016479328041896224,9836,0.0016430047107860446,0.001642386196181178
9837,0.0016479328041896224,9837,0.0016430047107860446,0.001642386196181178
9838,0.0016479328041896224,9838,0.0016430047107860446,0.001642386196181178
9839,0.0016479328041896224,9839,0.0016430047107860446,0.001642386196181178
9840,0.0016479328041896224,9840,0.0016430047107860446,0.001642386196181178
9841,0.0016479328041896224,9841,0.0016430047107860446,0.001642386196181178
9842,0.0016479328041896224,9842,0.0016430047107860446,0.001642386196181178
9843,0.0016479328041896224,9843,0.0016430047107860446,0.001642386196181178
9844,0.0016479328041896224,9844,0.0016430047107860446,0.001642386196181178
9845,0.0016479328041896224,9845,0.0016430047107860446,0.001642386196181178
9846,0.0016479328041896224,9846,0.0016430047107860446,0.001642386196181178
9847,0.0016479328041896224,9847,0.0016430047107860446,0.001642386196181178
9848,0.0016479328041896224,9848,0.0016430047107860446,0.001642386196181178
9849,0.0016479328041896224,9849,0.0016430047107860446,0.001642386196181178
9850,0.0016479328041896224,9850,0.0016430047107860446,0.001642386196181178
9851,0.0016479328041896224,9851,0.0016430047107860446,0.001642386196181178
9852,0.0016479328041896224,9852,0.0016430047107860446,0.001642386196181178
9853,0.0016479328041896224,9853,0.0016430047107860446,0.001642386196181178
9854,0.0016479328041896224,9854,0.0016430047107860446,0.001642386196181178
9855,0.0016479328041896224,9855,0.0016430047107860446,0.001642386196181178
9856,0.0016479328041896224,9856,0.0016430047107860446,0.001642386196181178
9857,0.0016479328041896224,9857,0.0016430047107860446,0.001642386196181178
9858,0.0016479328041896224,9858,0.0016430047107860446,0.001642386196181178
9859,0.0016479328041896224,9859,0.0016430047107860446,0.001642386196181178
9860,0.0016479328041896224,9860,0.0016430047107860446,0.001642386196181178
9861,0.0016479328041896224,9861,0.0016430047107860446,0.001642386196181178
9862,0.0016479328041896224,9862,0.0016430047107860446,0.001642386196181178
9863,0.0016479328041896224,9863,0.0016430047107860446,0.001642386196181178
9864,0.0016479328041896224,9864,0.0016430047107860446,0.001642386196181178
9865,0.0016479328041896224,9865,0.0016430047107860446,0.001642386196181178
9866,0.0016479328041896224,9866,0.0016430047107860446,0.001642386196181178
9867,0.0016479328041896224,9867,0.0016430047107860446,0.001642386196181178
9868,0.0016479328041896224,9868,0.0016430047107860446,0.001642386196181178
9869,0.0016479328041896224,9869,0.0016430047107860446,0.001642386196181178
9870,0.0016479328041896224,9870,0.0016430047107860446,0.001642386196181178
9871,0.0016479328041896224,9871,0.0016430047107860446,0.001642386196181178
9872,0.0016479328041896224,9872,0.0016430047107860446,0.001642386196181178
9873,0.0016479328041896224,9873,0.0016430047107860446,0.001642386196181178
9874,0.0016479328041896224,9874,0.0016430047107860446,0.001642386196181178
9875,0.0016479328041896224,9875,0.0016430047107860446,0.001642386196181178
9876,0.0016479328041896224,9876,0.0016430047107860446,0.001642386196181178
9877,0.0016479328041896224,9877,0.0016430047107860446,0.001642386196181178
9878,0.0016479328041896224,9878,0.0016430047107860446,0.001642386196181178
9879,0.0016479328041896224,9879,0.0016430047107860446,0.001642386196181178
9880,0.0016479328041896224,9880,0.0016430047107860446,0.001642386196181178
9881,0.0016479328041896224,9881,0.0016430047107860446,0.001642386196181178
9882,0.0016479328041896224,9882,0.0016430047107860446,0.001642386196181178
9883,0.0016479328041896224,9883,0.0016430047107860446,0.001642386196181178
9884,0.0016479328041896224,9884,0.0016430047107860446,0.001642386196181178
9885,0.0016479328041896224,9885,0.0016430047107860446,0.001642386196181178
9886,0.0016479328041896224,9886,0.0016430047107860446,0.001642386196181178
9887,0.0016479328041896224,9887,0.0016430047107860446,0.001642386196181178
9888,0.0016479328041896224,9888,0.0016430047107860446,0.001642386196181178
9889,0.0016479328041896224,9889,0.0016430047107860446,0.001642386196181178
9890,0.0016479328041896224,9890,0.0016430047107860446,0.001642386196181178
9891,0.0016479328041896224,9891,0.0016430047107860446,0.001642386196181178
9892,0.0016479328041896224,9892,0.0016430047107860446,0.001642386196181178
9893,0.0016479328041896224,9893,0.0016430047107860446,0.001642386196181178
9894,0.0016479328041896224,9894,0.0016430047107860446,0.001642386196181178
9895,0.0016479328041896224,9895,0.0016430047107860446,0.001642386196181178
9896,0.0016479328041896224,9896,0.0016430047107860446,0.001642386196181178
9897,0.0016479328041896224,9897,0.0016430047107860446,0.001642386196181178
9898,0.0016479328041896224,9898,0.0016430047107860446,0.001642386196181178
9899,0.0016479328041896224,9899,0.0016430047107860446,0.001642386196181178
9900,0.0016479328041896224,9900,0.0016430047107860446,0.001642386196181178
9901,0.0016479328041896224,9901,0.0016430047107860446,0.001642386196181178
9902,0.0016479328041896224,9902,0.0016430047107860446,0.001642386196181178
9903,0.0016479328041896224,9903,0.0016430047107860446,0.001642386196181178
9904,0.0016479328041896224,9904,0.0016430047107860446,0.001642386196181178
9905,0.0016479328041896224,9905,0.0016430047107860446,0.001642386196181178
9906,0.0016479328041896224,9906,0.0016430047107860446,0.001642386196181178
9907,0.0016479328041896224,9907,0.0016430047107860446,0.001642386196181178
9908,0.0016479328041896224,9908,0.0016430047107860446,0.001642386196181178
9909,0.0016479328041896224,9909,0.0016430047107860446,0.001642386196181178
9910,0.0016479328041896224,9910,0.0016430047107860446,0.001642386196181178
9911,0.0016479328041896224,9911,0.0016430047107860446,0.001642386196181178
9912,0.0016479328041896224,9912,0.0016430047107860446,0.001642386196181178
9913,0.0016479328041896224,9913,0.0016430047107860446,0.001642386196181178
9914,0.0016479328041896224,9914,0.0016430047107860446,0.001642386196181178
9915,0.0016479328041896224,9915,0.0016430047107860446,0.001642386196181178
9916,0.0016479328041896224,9916,0.0016430047107860446,0.001642386196181178
9917,0.0016479328041896224,9917,0.0016430047107860446,0.001642386196181178
9918,0.0016479328041896224,9918,0.0016430047107860446,0.001642386196181178
9919,0.0016479328041896224,9919,0.0016430047107860446,0.001642386196181178
9920,0.0016479328041896224,9920,0.0016430047107860446,0.001642386196181178
9921,0.0016479328041896224,9921,0.0016430047107860446,0.001642386196181178
9922,0.0016479328041896224,9922,0.0016430047107860446,0.001642386196181178
9923,0.0016479328041896224,9923,0.0016430047107860446,0.001642386196181178
9924,0.0016479328041896224,9924,0.0016430047107860446,0.001642386196181178
9925,0.0016479328041896224,9925,0.0016430047107860446,0.001642386196181178
9926,0.0016479328041896224,9926,0.0016430047107860446,0.001642386196181178
9927,0.0016479328041896224,9927,0.0016430047107860446,0.001642386196181178
9928,0.0016479328041896224,9928,0.0016430047107860446,0.001642386196181178
9929,0.0016479328041896224,9929,0.0016430047107860446,0.001642386196181178
9930,0.0016479328041896224,9930,0.0016430047107860446,0.001642386196181178
9931,0.0016479328041896224,9931,0.0016430047107860446,0.001642386196181178
9932,0.0016479328041896224,9932,0.0016430047107860446,0.001642386196181178
9933,0.0016479328041896224,9933,0.0016430047107860446,0.001642386196181178
9934,0.0016479328041896224,9934,0.0016430047107860446,0.001642386196181178
9935,0.0016479328041896224,9935,0.0016430047107860446,0.001642386196181178
9936,0.0016479328041896224,9936,0.0016430047107860446,0.001642386196181178
9937,0.0016479328041896224,9937,0.0016430047107860446,0.001642386196181178
9938,0.0016479328041896224,9938,0.0016430047107860446,0.001642386196181178
9939,0.0016479328041896224,9939,0.0016430047107860446,0.001642386196181178
9940,0.0016479328041896224,9940,0.0016430047107860446,0.001642386196181178
9941,0.0016479328041896224,9941,0.0016430047107860446,0.001642386196181178
9942,0.0016479328041896224,9942,0.0016430047107860446,0.001642386196181178
9943,0.0016479328041896224,9943,0.0016430047107860446,0.001642386196181178
9944,0.0016479328041896224,9944,0.0016430047107860446,0.001642386196181178
9945,0.0016479328041896224,9945,0.0016430047107860446,0.001642386196181178
9946,0.0016479328041896224,9946,0.0016430047107860446,0.001642386196181178
9947,0.0016479328041896224,9947,0.0016430047107860446,0.001642386196181178
9948,0.0016479328041896224,9948,0.0016430047107860446,0.001642386196181178
9949,0.0016479328041896224,9949,0.0016430047107860446,0.001642386196181178
9950,0.0016479328041896224,9950,0.0016430047107860446,0.001642386196181178
9951,0.0016479328041896224,9951,0.0016430047107860446,0.001642386196181178
9952,0.0016479328041896224,9952,0.0016430047107860446,0.001642386196181178
9953,0.0016479328041896224,9953,0.0016430047107860446,0.001642386196181178
9954,0.0016479328041896224,9954,0.0016430047107860446,0.001642386196181178
9955,0.0016479328041896224,9955,0.0016430047107860446,0.001642386196181178
9956,0.0016479328041896224,9956,0.0016430047107860446,0.001642386196181178
9957,0.0016479328041896224,9957,0.0016430047107860446,0.001642386196181178
9958,0.0016479328041896224,9958,0.0016430047107860446,0.001642386196181178
9959,0.0016479328041896224,9959,0.0016430047107860446,0.001642386196181178
9960,0.0016479328041896224,9960,0.0016430047107860446,0.001642386196181178
9961,0.0016479328041896224,9961,0.0016430047107860446,0.001642386196181178
9962,0.0016479328041896224,9962,0.0016430047107860446,0.001642386196181178
9963,0.0016479328041896224,9963,0.0016430047107860446,0.001642386196181178
9964,0.0016479328041896224,9964,0.0016430047107860446,0.001642386196181178
9965,0.0016479328041896224,9965,0.0016430047107860446,0.001642386196181178
9966,0.0016479328041896224,9966,0.0016430047107860446,0.001642386196181178
9967,0.0016479328041896224,9967,0.0016430047107860446,0.001642386196181178
9968,0.0016479328041896224,9968,0.0016430047107860446,0.001642386196181178
9969,0.0016479328041896224,9969,0.0016430047107860446,0.001642386196181178
9970,0.0016479328041896224,9970,0.0016430047107860446,0.001642386196181178
9971,0.0016479328041896224,9971,0.0016430047107860446,0.001642386196181178
9972,0.0016479328041896224,9972,0.0016430047107860446,0.001642386196181178
9973,0.0016479328041896224,9973,0.0016430047107860446,0.001642386196181178
9974,0.0016479328041896224,9974,0.0016430047107860446,0.001642386196181178
9975,0.0016479328041896224,9975,0.0016430047107860446,0.001642386196181178
9976,0.0016479328041896224,9976,0.0016430047107860446,0.001642386196181178
9977,0.0016479328041896224,9977,0.0016430047107860446,0.001642386196181178
9978,0.0016479328041896224,9978,0.0016430047107860446,0.001642386196181178
9979,0.0016479328041896224,9979,0.0016430047107860446,0.001642386196181178
9980,0.0016479328041896224,9980,0.0016430047107860446,0.001642386196181178
9981,0.0016479328041896224,9981,0.0016430047107860446,0.001642386196181178
9982,0.0016479328041896224,9982,0.0016430047107860446,0.001642386196181178
9983,0.0016479328041896224,9983,0.0016430047107860446,0.001642386196181178
9984,0.0016479328041896224,9984,0.0016430047107860446,0.001642386196181178
9985,0.0016479328041896224,9985,0.0016430047107860446,0.001642386196181178
9986,0.0016479328041896224,9986,0.0016430047107860446,0.001642386196181178
9987,0.0016479328041896224,9987,0.0016430047107860446,0.001642386196181178
9988,0.0016479328041896224,9988,0.0016430047107860446,0.001642386196181178
9989,0.0016479328041896224,9989,0.0016430047107860446,0.001642386196181178
9990,0.0016479328041896224,9990,0.0016430047107860446,0.001642386196181178
9991,0.0016479328041896224,9991,0.0016430047107860446,0.001642386196181178
9992,0.0016479328041896224,9992,0.0016430047107860446,0.001642386196181178
9993,0.0016479328041896224,9993,0.0016430047107860446,0.001642386196181178
9994,0.0016479328041896224,9994,0.0016430047107860446,0.001642386196181178
9995,0.0016479328041896224,9995,0.0016430047107860446,0.001642386196181178
9996,0.0016479328041896224,9996,0.0016430047107860446,0.001642386196181178
9997,0.0016479328041896224,9997,0.0016430047107860446,0.001642386196181178
9998,0.0016479328041896224,9998,0.0016430047107860446,0.001642386196181178
9999,0.0016479328041896224,9999,0.0016430047107860446,0.001642386196181178
